a	b	entity	tar	cif_off	cif_len	pae_off	pae_len
0	4	AF-0000000209591892	shard_679_batch_4.tar	40132608	129524	1223892992	1073643
0	76	AF-0000000209591898	shard_531_batch_4.tar	62049792	77573	508461056	403913
0	899	AF-0000000209591909	shard_533_batch_4.tar	43087872	78492	281560064	406425
0	1834	AF-0000000209591915	shard_503_batch_4.tar	6462976	67046	359957504	284602
0	2158	AF-0000000209591923	shard_495_batch_4.tar	13259776	63320	147779584	246184
0	3546	AF-0000000209591937	shard_515_batch_4.tar	16920064	72517	268812288	337606
0	5464	AF-0000000209591958	shard_511_batch_3.tar	46518784	70414	445204992	308826
0	5475	AF-0000000209591960	shard_491_batch_4.tar	40920064	61637	254479360	221704
1	2	AF-0000000209591966	shard_787_batch_4.tar	62782464	186789	1186252288	2375526
1	9	AF-0000000209591969	shard_757_batch_4.tar	7581696	167520	1405074432	1892800
1	12	AF-0000000209591972	shard_669_batch_4.tar	46724608	126419	1189974528	1071038
1	17	AF-0000000209591973	shard_635_batch_4.tar	80873472	113630	839351296	875977
1	899	AF-0000000209591988	shard_643_batch_4.tar	19551232	116598	378220544	923069
1	2088	AF-0000000209592009	shard_623_batch_4.tar	28460544	110139	546357248	796417
1	3131	AF-0000000209592027	shard_583_batch_4.tar	57824256	96313	779802624	566600
1	3920	AF-0000000209592034	shard_657_batch_4.tar	39025152	121874	1037311488	1025854
2	6	AF-0000000209592074	shard_681_batch_4.tar	117442048	130454	1369551872	1184337
2	9	AF-0000000209592075	shard_797_batch_4.tar	187946496	194650	2707706880	2785429
2	76	AF-0000000209592082	shard_709_batch_4.tar	96501248	140380	1244814336	1414377
2	1961	AF-0000000209592105	shard_673_batch_4.tar	21325824	127172	1298853888	1104768
2	2088	AF-0000000209592106	shard_695_batch_4.tar	96253952	135317	905869312	1285819
2	2158	AF-0000000209592109	shard_673_batch_4.tar	10546688	126721	962473472	1096029
2	2234	AF-0000000209592112	shard_665_batch_4.tar	103149056	123086	1016057856	1025278
2	4505	AF-0000000209592137	shard_699_batch_4.tar	4443648	137875	1535847936	1347044
2	5830	AF-0000000209592157	shard_667_batch_4.tar	119952896	123999	1082135040	1074159
3	231	AF-0000000209592162	shard_457_batch_4.tar	17006080	31682	106338304	59594
3	232	AF-0000000209592163	shard_457_batch_4.tar	2948096	26611	100522496	39894
3	5257	AF-0000000209592201	shard_457_batch_4.tar	21304832	29521	88855552	50072
4	12	AF-0000000209592206	shard_689_batch_4.tar	81465856	131807	946159616	1112908
4	723	AF-0000000209592216	shard_639_batch_4.tar	93117440	111551	698896384	873961
4	899	AF-0000000209592218	shard_663_batch_4.tar	26081792	122019	645170688	1050316
4	3035	AF-0000000209592236	shard_659_batch_4.tar	82517504	120493	899345408	1005108
4	4056	AF-0000000209592242	shard_675_batch_4.tar	104997376	126138	538460672	1140495
4	4519	AF-0000000209592247	shard_677_batch_4.tar	66287104	127096	356727808	1149212
4	5748	AF-0000000209592258	shard_629_batch_4.tar	101023744	110160	831384576	805508
6	10	AF-0000000209592274	shard_547_batch_4.tar	33782784	82533	444127232	446772
6	11	AF-0000000209592275	shard_461_batch_4.tar	38320128	40627	161071104	99923
6	17	AF-0000000209592277	shard_483_batch_3.tar	20260352	56817	182867968	204977
6	28	AF-0000000209592278	shard_505_batch_3.tar	61246464	67336	368208384	311332
6	1897	AF-0000000209592309	shard_603_batch_4.tar	85070848	102251	711063040	716188
7	923	AF-0000000209592396	shard_689_batch_3.tar	116368896	134293	1488278016	1204602
7	2192	AF-0000000209592412	shard_667_batch_4.tar	71622144	126813	263277056	1090192
7	5406	AF-0000000209592449	shard_509_batch_3.tar	7371264	68042	393950720	311323
7	5524	AF-0000000209592450	shard_523_batch_3.tar	60796416	73829	428813824	349349
7	5603	AF-0000000209592453	shard_631_batch_4.tar	34845696	112713	599359488	830870
7	5819	AF-0000000209592455	shard_591_batch_3.tar	62444032	102097	189114368	642327
8	173	AF-0000000209592461	shard_845_batch_4.tar	114463744	241326	1368627712	4070581
8	781	AF-0000000209592470	shard_833_batch_4.tar	166985728	226481	3518557696	3548443
8	1401	AF-0000000209592476	shard_811_batch_4.tar	122783232	200392	1027262464	2831864
8	1476	AF-0000000209592479	shard_823_batch_4.tar	76964864	213555	2364901888	3238946
8	2254	AF-0000000209592491	shard_829_batch_4.tar	86319104	221143	2695709184	3446860
8	2821	AF-0000000209592495	shard_835_batch_4.tar	192590848	227981	488233984	3618149
8	2918	AF-0000000209592496	shard_813_batch_4.tar	193926656	203103	2395203072	2933368
8	5507	AF-0000000209592529	shard_809_batch_4.tar	15753728	199738	2193295872	2808446
9	12	AF-0000000209592536	shard_687_batch_3.tar	99098112	133101	803274240	1250675
9	17	AF-0000000209592537	shard_655_batch_3.tar	12130304	120608	1211553280	1018955
9	693	AF-0000000209592545	shard_617_batch_3.tar	103610368	106567	348168192	751664
9	1961	AF-0000000209592565	shard_619_batch_3.tar	18087424	108221	908314112	790095
9	2088	AF-0000000209592566	shard_645_batch_3.tar	6281216	116735	770183168	944726
9	2521	AF-0000000209592577	shard_701_batch_3.tar	40292864	139302	757283840	1406310
9	3920	AF-0000000209592591	shard_677_batch_3.tar	50476032	128544	819160576	1186008
9	4156	AF-0000000209592592	shard_655_batch_3.tar	97827840	119963	1063492608	960695
10	17	AF-0000000209592622	shard_573_batch_3.tar	38089216	91887	265138688	576540
10	1149	AF-0000000209592642	shard_529_batch_3.tar	11806720	75684	166017536	385939
10	1916	AF-0000000209592658	shard_595_batch_3.tar	76823040	98813	827540992	690393
10	2088	AF-0000000209592662	shard_561_batch_3.tar	58717696	87994	463277056	529669
10	2842	AF-0000000209592681	shard_705_batch_3.tar	72614400	139907	464828928	1396429
10	4393	AF-0000000209592699	shard_629_batch_4.tar	22973440	108592	667062272	843142
10	4519	AF-0000000209592704	shard_597_batch_3.tar	73502208	99131	827878912	717191
11	17	AF-0000000209592732	shard_473_batch_3.tar	32881152	49944	209967104	154316
12	2482	AF-0000000209592841	shard_513_batch_4.tar	31172608	70223	148817408	322184
12	3035	AF-0000000209592843	shard_537_batch_3.tar	31197696	79511	283170304	440962
14	391	AF-0000000209592880	shard_671_batch_3.tar	113037824	123871	1050392576	1096487
15	448	AF-0000000209592888	shard_747_batch_3.tar	116675072	160034	627526656	1804583
15	528	AF-0000000209592889	shard_617_batch_3.tar	58894336	105786	412621312	817184
15	735	AF-0000000209592896	shard_635_batch_3.tar	101314560	109637	695043584	877886
15	2290	AF-0000000209592919	shard_571_batch_3.tar	38625280	88612	495740416	580889
15	4416	AF-0000000209592948	shard_683_batch_3.tar	32504320	127591	846088192	1195859
15	4671	AF-0000000209592954	shard_831_batch_3.tar	92887040	225178	1563317760	3843376
15	5427	AF-0000000209592962	shard_799_batch_3.tar	11320832	196060	764856832	2927126
16	911	AF-0000000209592975	shard_709_batch_3.tar	66033152	144520	1514390016	1462401
16	1276	AF-0000000209592977	shard_687_batch_3.tar	67681280	134277	1453136896	1262529
16	4172	AF-0000000209592984	shard_829_batch_3.tar	109816320	225488	1131864576	3624059
16	5689	AF-0000000209592986	shard_741_batch_3.tar	39602176	161068	448329216	1788530
19	609	AF-0000000209593039	shard_801_batch_4.tar	90780672	199445	916639232	2776061
20	3586	AF-0000000209593079	shard_723_batch_4.tar	81598464	143917	450696704	1567386
21	1191	AF-0000000209593096	shard_821_batch_4.tar	98643456	215431	2583115264	3243742
21	1340	AF-0000000209593099	shard_745_batch_4.tar	118168576	160502	370570752	1867550
21	2413	AF-0000000209593125	shard_649_batch_4.tar	109968384	116779	1006065152	983643
21	5853	AF-0000000209593179	shard_607_batch_4.tar	83732992	104452	481057280	732658
22	557	AF-0000000209593181	shard_853_batch_4.tar	200585216	254545	4423815168	4516030
23	921	AF-0000000209593227	shard_505_batch_3.tar	8350720	66796	357130752	282194
23	1700	AF-0000000209593244	shard_703_batch_4.tar	32269312	134697	353537024	1454972
23	4389	AF-0000000209593303	shard_495_batch_3.tar	22083584	63369	294132224	259146
28	2457	AF-0000000209593434	shard_555_batch_4.tar	39324672	84581	445492224	495879
28	5257	AF-0000000209593457	shard_491_batch_4.tar	53133824	59258	243540992	237398
29	76	AF-0000000209593458	shard_595_batch_4.tar	5935104	99222	525618688	678449
29	673	AF-0000000209593465	shard_565_batch_4.tar	25781248	88970	496911872	492079
29	899	AF-0000000209593470	shard_597_batch_4.tar	10337280	100321	504493056	684156
29	1562	AF-0000000209593480	shard_623_batch_4.tar	71692800	108815	699847680	761146
29	2088	AF-0000000209593491	shard_577_batch_4.tar	84442112	93525	259455488	581822
29	2187	AF-0000000209593494	shard_553_batch_4.tar	16706048	85698	458409984	461703
29	2734	AF-0000000209593504	shard_557_batch_4.tar	39226368	85895	456313344	498403
29	2895	AF-0000000209593508	shard_665_batch_4.tar	51256320	123381	859859456	1096359
29	4324	AF-0000000209593522	shard_561_batch_4.tar	86148608	88368	370248192	469765
31	232	AF-0000000209593560	shard_457_batch_4.tar	23830016	25621	90149888	32238
31	2901	AF-0000000209593572	shard_457_batch_4.tar	21722624	30273	92250112	47123
31	5066	AF-0000000209593575	shard_463_batch_4.tar	38411776	43620	88836608	112152
31	5232	AF-0000000209593578	shard_457_batch_4.tar	32143360	25578	102224384	30924
31	5257	AF-0000000209593579	shard_457_batch_4.tar	393216	28568	113121792	40450
32	2795	AF-0000000209593583	shard_707_batch_3.tar	30694912	138504	995299840	1396590
33	1576	AF-0000000209593603	shard_879_batch_3.tar	133927936	401367	1282015744	11469486
33	2636	AF-0000000209593624	shard_879_batch_3.tar	185899008	386289	3468768256	10234988
33	3594	AF-0000000209593642	shard_879_batch_3.tar	43518464	427748	6499106816	12674030
33	3956	AF-0000000209593646	shard_853_batch_4.tar	6794240	266338	5200781824	4903955
33	4508	AF-0000000209593652	shard_867_batch_4.tar	148795904	299300	1077632512	6324742
33	4511	AF-0000000209593653	shard_879_batch_3.tar	60340736	397422	5644746752	11070062
37	1053	AF-0000000209593720	shard_781_batch_4.tar	71653376	176183	435425792	2509895
37	3685	AF-0000000209593729	shard_783_batch_4.tar	80588800	178772	1791382016	2568276
39	206	AF-0000000209593739	shard_467_batch_4.tar	36098048	45163	139678208	129746
39	3482	AF-0000000209593747	shard_613_batch_4.tar	11847168	103513	291732480	755551
39	4854	AF-0000000209593749	shard_639_batch_4.tar	110043136	110095	377219072	838485
46	3735	AF-0000000209593787	shard_837_batch_4.tar	73704448	237882	2016557056	3983466
47	2251	AF-0000000209593813	shard_733_batch_4.tar	101837824	150451	1778534912	1741272
47	3628	AF-0000000209593831	shard_737_batch_4.tar	76116480	151759	1472570880	1760451
48	890	AF-0000000209593855	shard_743_batch_4.tar	79163904	159292	1371336704	1762043
48	1372	AF-0000000209593856	shard_537_batch_4.tar	57580032	74426	426818560	415612
51	349	AF-0000000209593900	shard_721_batch_3.tar	69772800	145259	1197448192	1643222
51	2085	AF-0000000209593935	shard_861_batch_3.tar	183832064	275977	2851047424	5900292
51	2791	AF-0000000209593956	shard_835_batch_3.tar	94129664	229561	795165696	4073030
51	4197	AF-0000000209593993	shard_639_batch_3.tar	17498112	112477	888511488	960013
54	1074	AF-0000000209594043	shard_645_batch_3.tar	97266176	114742	1084294656	897796
54	4317	AF-0000000209594050	shard_639_batch_3.tar	108476416	110506	547728896	835524
55	594	AF-0000000209594060	shard_687_batch_3.tar	120334336	129034	766252032	1236390
57	3554	AF-0000000209594113	shard_795_batch_4.tar	1771008	190991	2654788096	2717743
58	2402	AF-0000000209594123	shard_759_batch_4.tar	22998528	166487	1688167424	1978042
60	4032	AF-0000000209594129	shard_767_batch_3.tar	170609664	173708	2086073344	2130517
61	92	AF-0000000209594133	shard_461_batch_4.tar	33902080	39528	151734784	89884
61	872	AF-0000000209594138	shard_481_batch_3.tar	52067328	54939	212238336	193683
61	2591	AF-0000000209594144	shard_459_batch_4.tar	15340544	35508	119660544	72373
63	150	AF-0000000209594158	shard_721_batch_4.tar	17610240	143229	1505774080	1456913
64	173	AF-0000000209594172	shard_621_batch_4.tar	68126720	108380	661506048	839468
64	1401	AF-0000000209594186	shard_509_batch_3.tar	41726976	68144	169598976	313201
64	3339	AF-0000000209594204	shard_493_batch_3.tar	5022208	60796	211117056	244442
64	4023	AF-0000000209594215	shard_491_batch_3.tar	12379136	58755	276806656	227583
64	4119	AF-0000000209594218	shard_549_batch_3.tar	25106432	81944	160104448	480686
64	5301	AF-0000000209594231	shard_487_batch_3.tar	11663872	58778	210954752	220600
64	5507	AF-0000000209594234	shard_507_batch_3.tar	38234624	66920	406706176	302012
64	5758	AF-0000000209594237	shard_603_batch_4.tar	93144064	101122	799663104	727344
66	1604	AF-0000000209594286	shard_583_batch_3.tar	29645312	94117	204933120	604339
66	1957	AF-0000000209594287	shard_585_batch_3.tar	47086592	94069	235386368	622654
66	2999	AF-0000000209594289	shard_719_batch_3.tar	83108352	148041	790535680	1572690
66	3987	AF-0000000209594291	shard_735_batch_4.tar	31664640	155203	1630887424	1782521
67	576	AF-0000000209594303	shard_731_batch_4.tar	140775424	151319	1089560064	1719980
67	596	AF-0000000209594304	shard_791_batch_4.tar	125145600	185955	2745576960	2510511
67	757	AF-0000000209594306	shard_761_batch_4.tar	56582144	167380	977354240	2086190
67	795	AF-0000000209594308	shard_847_batch_4.tar	145536000	247472	2362991616	4473181
67	1666	AF-0000000209594323	shard_827_batch_4.tar	131591680	217809	2637799936	3596578
67	2030	AF-0000000209594329	shard_727_batch_3.tar	96238592	150456	990008320	1695599
67	3067	AF-0000000209594342	shard_831_batch_4.tar	59609088	227901	1836932608	3905604
67	3072	AF-0000000209594343	shard_845_batch_4.tar	167480832	242869	3784209920	4376276
67	3553	AF-0000000209594351	shard_829_batch_4.tar	221885952	223744	3559581696	3768559
67	5159	AF-0000000209594375	shard_841_batch_4.tar	84402688	237851	4453148160	4119070
67	5928	AF-0000000209594383	shard_763_batch_4.tar	48860672	169522	472666112	2076800
68	251	AF-0000000209594386	shard_793_batch_3.tar	28439552	191883	1983854592	2438339
68	795	AF-0000000209594398	shard_755_batch_3.tar	148895744	166600	1010531328	1924765
68	1715	AF-0000000209594414	shard_691_batch_3.tar	5648384	134449	470856192	1304692
68	4691	AF-0000000209594454	shard_723_batch_3.tar	80339456	146295	1148205056	1501098
68	4854	AF-0000000209594456	shard_663_batch_3.tar	10974720	119620	236826624	992222
68	5684	AF-0000000209594469	shard_505_batch_3.tar	4190208	66139	332910592	282567
69	2331	AF-0000000209594474	shard_835_batch_3.tar	86742528	228124	3156299776	3908052
71	339	AF-0000000209594482	shard_861_batch_4.tar	250593792	275018	3551405568	5094440
71	1595	AF-0000000209594506	shard_801_batch_4.tar	99392000	198009	1598084608	2533080
71	2036	AF-0000000209594519	shard_863_batch_4.tar	255599104	277301	1697543168	5261688
73	3596	AF-0000000209594633	shard_863_batch_4.tar	82554880	279064	1253748736	5775281
74	210	AF-0000000209594644	shard_715_batch_3.tar	143579136	140807	370220544	1523963
74	1937	AF-0000000209594651	shard_723_batch_4.tar	117472768	144291	408015872	1527972
74	5116	AF-0000000209594656	shard_685_batch_4.tar	109540352	129731	1038223872	1116011
74	5422	AF-0000000209594657	shard_679_batch_4.tar	73314304	127926	753173504	1047627
74	5477	AF-0000000209594658	shard_839_batch_4.tar	176424448	238476	4088403968	3987343
75	2172	AF-0000000209594660	shard_711_batch_4.tar	17787904	140570	1708506624	1425925
76	673	AF-0000000209594664	shard_489_batch_4.tar	41740288	58646	161198080	227565
76	1961	AF-0000000209594684	shard_481_batch_4.tar	7181824	55074	228490752	191742
76	2158	AF-0000000209594688	shard_481_batch_4.tar	15991296	54587	276352000	191693
77	4056	AF-0000000209594741	shard_667_batch_4.tar	11962368	124941	467196928	1085520
79	4388	AF-0000000209594758	shard_699_batch_3.tar	123531776	136439	959208448	1369023
80	1859	AF-0000000209594762	shard_703_batch_4.tar	84687360	136334	968886272	1388781
81	2233	AF-0000000209594775	shard_777_batch_3.tar	80543232	182565	1511318016	2416951
81	3719	AF-0000000209594777	shard_731_batch_3.tar	127993344	157200	954639360	1713896
84	2011	AF-0000000209594787	shard_669_batch_4.tar	17921024	123156	257260544	1131674
84	4260	AF-0000000209594788	shard_819_batch_4.tar	106600960	206496	2467285504	3057304
87	2642	AF-0000000209594830	shard_555_batch_4.tar	21251584	84709	318606848	479077
87	4643	AF-0000000209594842	shard_651_batch_4.tar	98299904	119155	829268992	957438
87	5508	AF-0000000209594850	shard_789_batch_4.tar	181540352	187117	892219392	2424250
87	5653	AF-0000000209594851	shard_675_batch_4.tar	501248	126231	397015552	1159083
90	3719	AF-0000000209594869	shard_607_batch_4.tar	89078272	101839	796534272	744385
90	4050	AF-0000000209594871	shard_647_batch_3.tar	110241792	113846	772536832	968971
92	637	AF-0000000209594890	shard_505_batch_4.tar	66699776	64870	333200384	292270
92	1561	AF-0000000209594897	shard_489_batch_4.tar	32291840	58124	309897216	235814
92	3631	AF-0000000209594904	shard_523_batch_4.tar	13346304	69862	324420096	372302
93	448	AF-0000000209594920	shard_785_batch_4.tar	149487104	183138	2293800448	2387640
93	735	AF-0000000209594930	shard_697_batch_4.tar	96307712	133439	986976768	1313653
93	1372	AF-0000000209594942	shard_593_batch_4.tar	8101888	93315	575403520	641792
93	1673	AF-0000000209594946	shard_571_batch_3.tar	39717376	90386	634794496	539581
93	1777	AF-0000000209594949	shard_589_batch_4.tar	393216	96757	224825856	648940
93	2186	AF-0000000209594954	shard_633_batch_4.tar	113339904	110276	303424512	900185
93	3526	AF-0000000209594978	shard_661_batch_4.tar	40589824	121299	629020160	1023764
93	4029	AF-0000000209594984	shard_535_batch_3.tar	59171328	76997	216172032	393597
93	4995	AF-0000000209594998	shard_643_batch_4.tar	91009024	114453	858463232	912251
93	5819	AF-0000000209595014	shard_655_batch_4.tar	111251456	122948	566507008	965188
94	1910	AF-0000000209595019	shard_769_batch_4.tar	61846016	172765	1149628416	2192511
94	2873	AF-0000000209595025	shard_785_batch_4.tar	2611200	184832	1286372864	2470120
94	4871	AF-0000000209595031	shard_833_batch_4.tar	205700608	227748	1262087168	3755403
97	2914	AF-0000000209595063	shard_717_batch_4.tar	81257984	141670	1491065856	1437929
98	1522	AF-0000000209595098	shard_593_batch_3.tar	89472512	95682	545365504	648051
98	5779	AF-0000000209595113	shard_503_batch_3.tar	53094912	64987	231594496	292482
99	2088	AF-0000000209595136	shard_651_batch_3.tar	18688000	118294	719332864	949920
99	2397	AF-0000000209595143	shard_689_batch_3.tar	63977984	132790	1388966912	1237998
99	3775	AF-0000000209595158	shard_731_batch_4.tar	37634560	151375	557042176	1634409
99	3920	AF-0000000209595159	shard_681_batch_4.tar	12630016	130134	980653056	1211899
100	1764	AF-0000000209595196	shard_727_batch_4.tar	11435008	147732	452438016	1511526
101	1655	AF-0000000209595221	shard_769_batch_4.tar	10510848	170420	1870360064	2118124
101	2112	AF-0000000209595222	shard_775_batch_4.tar	90821120	173608	1585467904	2175805
101	2596	AF-0000000209595224	shard_757_batch_4.tar	104821760	162779	2204127744	1879289
101	3561	AF-0000000209595229	shard_765_batch_4.tar	166241280	167962	990170624	2046563
105	625	AF-0000000209595259	shard_861_batch_4.tar	245582336	273000	5894016000	5200762
105	953	AF-0000000209595264	shard_875_batch_4.tar	195424768	324757	2267727360	7326740
105	962	AF-0000000209595266	shard_875_batch_4.tar	151761408	329427	1009334784	7814148
105	2211	AF-0000000209595285	shard_875_batch_4.tar	92456960	336543	2171550720	8074628
105	2373	AF-0000000209595286	shard_853_batch_4.tar	150907392	258085	1122559488	4535272
105	2633	AF-0000000209595293	shard_847_batch_4.tar	79916032	247551	2034002432	4212672
105	3183	AF-0000000209595302	shard_873_batch_4.tar	20179968	314763	6416633856	7013013
105	3214	AF-0000000209595304	shard_861_batch_4.tar	261995008	274947	4419186688	5323892
105	5295	AF-0000000209595337	shard_875_batch_4.tar	180627456	333499	4132187136	7683030
105	5692	AF-0000000209595339	shard_871_batch_4.tar	64833536	309588	4140548096	6659781
106	5900	AF-0000000209595343	shard_711_batch_4.tar	59858432	140593	618496512	1488332
107	829	AF-0000000209595344	shard_821_batch_3.tar	146898432	214854	594552320	3507474
108	3059	AF-0000000209595364	shard_729_batch_3.tar	7091200	151397	1584551936	1607004
108	5570	AF-0000000209595377	shard_621_batch_3.tar	73211904	106555	530616320	767107
109	2648	AF-0000000209595378	shard_601_batch_4.tar	22189056	98080	627167744	693860
110	286	AF-0000000209595382	shard_563_batch_4.tar	5376512	87984	298136576	527038
110	1019	AF-0000000209595389	shard_589_batch_4.tar	9572352	96349	751007232	626055
110	1026	AF-0000000209595390	shard_555_batch_4.tar	54867456	83975	477468672	500040
110	1203	AF-0000000209595392	shard_563_batch_4.tar	13098496	88077	211993088	532038
110	4100	AF-0000000209595409	shard_557_batch_4.tar	29058560	86679	215741952	508620
110	5234	AF-0000000209595416	shard_569_batch_4.tar	90001408	90738	725454848	557593
111	722	AF-0000000209595423	shard_747_batch_4.tar	122616832	158961	1787621888	1867396
113	576	AF-0000000209595438	shard_637_batch_4.tar	74162176	115568	363406336	933811
113	3329	AF-0000000209595459	shard_603_batch_4.tar	39105024	102355	340374016	729245
113	3534	AF-0000000209595461	shard_691_batch_4.tar	21613568	136035	929748992	1333727
113	3556	AF-0000000209595464	shard_609_batch_4.tar	3368960	104672	639236608	752669
113	5741	AF-0000000209595486	shard_653_batch_4.tar	95791104	121544	572108800	1012043
114	1440	AF-0000000209595495	shard_837_batch_4.tar	54738944	236430	1842732544	4170263
114	2861	AF-0000000209595501	shard_847_batch_4.tar	34908160	250235	2495629824	4678680
115	2613	AF-0000000209595520	shard_757_batch_3.tar	9366016	168549	1634940928	2086945
117	631	AF-0000000209595530	shard_677_batch_4.tar	79546880	125018	507809280	1104889
117	702	AF-0000000209595531	shard_783_batch_4.tar	141126144	179413	607775232	2432945
117	1318	AF-0000000209595539	shard_803_batch_4.tar	119280640	196779	3215008256	2863836
117	2822	AF-0000000209595551	shard_805_batch_4.tar	182969856	196426	2207714816	2790565
117	3242	AF-0000000209595559	shard_765_batch_4.tar	50495488	167378	2134135296	1995854
117	3562	AF-0000000209595566	shard_837_batch_4.tar	20866560	233306	3782237696	3866456
117	3670	AF-0000000209595568	shard_667_batch_4.tar	63298048	122063	776187392	1055303
117	3956	AF-0000000209595573	shard_685_batch_4.tar	50863616	130332	385762816	1179727
117	4321	AF-0000000209595579	shard_823_batch_4.tar	113116672	215558	2305714176	3340034
117	4511	AF-0000000209595580	shard_855_batch_4.tar	136620544	261967	3741009408	4811338
117	5377	AF-0000000209595588	shard_759_batch_4.tar	149628416	165069	726585856	1908724
118	2436	AF-0000000209595609	shard_759_batch_4.tar	60595200	164511	1599674368	1935509
118	2898	AF-0000000209595613	shard_833_batch_4.tar	175171584	226818	1741654528	3728852
118	3429	AF-0000000209595618	shard_797_batch_4.tar	104580608	190658	1464833024	2626591
118	4531	AF-0000000209595628	shard_781_batch_4.tar	145995264	179906	1887154688	2357690
120	1217	AF-0000000209595648	shard_835_batch_3.tar	106829312	230707	3735556096	3711202
120	2636	AF-0000000209595657	shard_789_batch_3.tar	170384896	188166	1360040448	2523634
120	3309	AF-0000000209595666	shard_643_batch_3.tar	25846784	116870	873367552	936024
120	3416	AF-0000000209595668	shard_569_batch_3.tar	89574912	87921	575198208	540426
120	4088	AF-0000000209595676	shard_701_batch_3.tar	126715392	135693	1288763392	1300644
120	4367	AF-0000000209595678	shard_751_batch_4.tar	25713664	162240	2222936064	1822981
120	5000	AF-0000000209595685	shard_511_batch_3.tar	71168	67760	140775936	294659
120	5386	AF-0000000209595689	shard_629_batch_3.tar	56973312	112170	615767552	831311
123	509	AF-0000000209595702	shard_513_batch_3.tar	49384448	70286	223948288	327632
123	1217	AF-0000000209595707	shard_831_batch_4.tar	63516160	224930	1523649024	3511535
123	3044	AF-0000000209595721	shard_513_batch_3.tar	48896000	68831	376236544	327417
124	495	AF-0000000209595752	shard_733_batch_4.tar	35064320	151187	888606208	1756722
126	840	AF-0000000209595827	shard_729_batch_3.tar	30931456	148632	675802624	1785723
126	1666	AF-0000000209595845	shard_781_batch_3.tar	44185600	178109	1567298560	2384266
126	5420	AF-0000000209595948	shard_737_batch_3.tar	90134528	151920	820386304	1717985
127	722	AF-0000000209595958	shard_749_batch_4.tar	130592256	160017	1284866048	1974419
127	1469	AF-0000000209595961	shard_709_batch_4.tar	73207808	140285	1696829952	1526833
127	1656	AF-0000000209595962	shard_773_batch_4.tar	159118336	175285	1801432576	2306612
127	2193	AF-0000000209595964	shard_683_batch_4.tar	19758080	127994	1220211200	1269548
127	2896	AF-0000000209595970	shard_805_batch_4.tar	155382784	200675	1916766720	3001286
127	2937	AF-0000000209595972	shard_691_batch_4.tar	68318720	133825	589763584	1368358
127	3389	AF-0000000209595974	shard_843_batch_4.tar	116847104	238275	2854488064	4567951
127	3980	AF-0000000209595978	shard_631_batch_4.tar	38128128	110834	978966016	909773
127	4762	AF-0000000209595981	shard_731_batch_4.tar	35636736	152369	1824740352	1750617
127	5653	AF-0000000209595986	shard_743_batch_4.tar	28809216	158121	2081402368	1935379
129	522	AF-0000000209595997	shard_803_batch_3.tar	85355008	195181	1153240064	2868351
129	1019	AF-0000000209595998	shard_609_batch_3.tar	52126208	103741	342533120	722992
129	1203	AF-0000000209595999	shard_583_batch_3.tar	186880	94899	441452032	615152
129	1710	AF-0000000209596003	shard_805_batch_3.tar	49246720	200967	396746240	2815303
131	185	AF-0000000209596032	shard_491_batch_4.tar	3513856	59269	285687296	229861
131	781	AF-0000000209596063	shard_571_batch_4.tar	17593344	92763	288107520	589192
131	1258	AF-0000000209596084	shard_487_batch_4.tar	10365952	58521	310483968	218511
131	1491	AF-0000000209596091	shard_575_batch_4.tar	43216384	91243	512365568	562917
131	1738	AF-0000000209596109	shard_593_batch_4.tar	87865344	98385	781938176	662199
131	2213	AF-0000000209596136	shard_571_batch_4.tar	38142464	91567	252645376	586670
131	2298	AF-0000000209596141	shard_669_batch_4.tar	24521728	123254	599321600	1065245
131	2369	AF-0000000209596144	shard_615_batch_4.tar	79778816	105491	854879232	807671
131	3339	AF-0000000209596197	shard_489_batch_4.tar	54313472	59337	336783872	214600
131	3356	AF-0000000209596199	shard_773_batch_4.tar	32503296	174551	2426280448	2405998
131	3819	AF-0000000209596227	shard_655_batch_4.tar	1944576	119065	349090816	1026755
131	3834	AF-0000000209596229	shard_801_batch_4.tar	94986240	193861	866300928	2872584
131	4588	AF-0000000209596265	shard_617_batch_4.tar	29976064	105650	413404160	824284
131	5037	AF-0000000209596299	shard_809_batch_4.tar	32048640	204019	1398267392	3197964
131	5417	AF-0000000209596319	shard_813_batch_4.tar	106693632	210727	2514286080	3086845
133	341	AF-0000000209596380	shard_671_batch_4.tar	66741248	125248	963182592	1080493
133	358	AF-0000000209596382	shard_687_batch_4.tar	13431296	132846	981640704	1207430
133	607	AF-0000000209596389	shard_845_batch_4.tar	216410624	242364	2330948096	4169950
133	610	AF-0000000209596390	shard_833_batch_4.tar	77453824	232234	1863819264	3805213
133	659	AF-0000000209596392	shard_771_batch_4.tar	38144000	174218	1197680640	2154465
133	1282	AF-0000000209596407	shard_623_batch_4.tar	85758464	108259	963422720	808307
133	1302	AF-0000000209596408	shard_669_batch_4.tar	52342784	124921	547376640	1053273
133	1507	AF-0000000209596412	shard_817_batch_4.tar	171459584	211558	1573489152	3248717
133	1634	AF-0000000209596414	shard_659_batch_4.tar	39041536	119695	1217091072	1024729
133	2192	AF-0000000209596422	shard_771_batch_4.tar	123054592	175452	1395447296	2146234
133	2281	AF-0000000209596424	shard_797_batch_4.tar	58685440	193469	1884558336	2523254
133	2368	AF-0000000209596426	shard_779_batch_4.tar	47442432	177144	1774011904	2240054
133	2745	AF-0000000209596431	shard_829_batch_4.tar	62418432	222699	1501493248	3576088
133	2970	AF-0000000209596434	shard_785_batch_4.tar	176435712	182995	366764032	2433195
133	3314	AF-0000000209596438	shard_729_batch_4.tar	59480064	150214	1293175296	1626260
133	3411	AF-0000000209596441	shard_643_batch_4.tar	105088000	114176	584369152	920084
133	4055	AF-0000000209596456	shard_675_batch_4.tar	22484480	128264	713830912	1127829
133	4309	AF-0000000209596459	shard_863_batch_4.tar	132817408	275164	2904053248	5446398
133	4416	AF-0000000209596460	shard_781_batch_4.tar	146176000	178311	1424349184	2292728
133	5656	AF-0000000209596492	shard_785_batch_4.tar	1304064	183299	1855429120	2533913
134	4393	AF-0000000209596503	shard_629_batch_4.tar	12005888	108931	325635072	879321
135	3607	AF-0000000209596508	shard_759_batch_4.tar	147768832	169538	1609525248	2095874
135	3848	AF-0000000209596510	shard_865_batch_4.tar	140993536	290337	2515145728	6424603
136	4317	AF-0000000209596531	shard_527_batch_4.tar	54779904	75424	365667328	383377
138	5075	AF-0000000209596551	shard_501_batch_3.tar	5099520	65568	337108480	287541
139	5792	AF-0000000209596562	shard_607_batch_3.tar	50085376	100450	766772736	703510
140	3092	AF-0000000209596584	shard_545_batch_3.tar	15975936	80854	385261056	458721
140	3702	AF-0000000209596590	shard_747_batch_3.tar	121961984	155364	2000186368	1691546
140	5013	AF-0000000209596604	shard_779_batch_3.tar	128395776	174350	1534441472	2243852
142	4542	AF-0000000209596651	shard_857_batch_4.tar	168087040	272285	4826120704	5311714
143	521	AF-0000000209596653	shard_1103_batch_4.tar	41811456	58033	125555712	231621
145	3942	AF-0000000209596738	shard_471_batch_3.tar	28193280	48312	97563136	143893
145	4241	AF-0000000209596741	shard_487_batch_3.tar	50025472	56125	194565120	211099
145	4275	AF-0000000209596743	shard_493_batch_3.tar	8782336	60389	269461504	238624
145	5430	AF-0000000209596762	shard_511_batch_3.tar	34117632	67373	147129344	310360
147	541	AF-0000000209596778	shard_675_batch_4.tar	32845312	124743	578680832	1161648
149	2664	AF-0000000209596907	shard_527_batch_4.tar	19072512	75580	250822656	391814
149	3194	AF-0000000209596926	shard_511_batch_4.tar	15168000	70178	265927680	311997
149	3534	AF-0000000209596949	shard_607_batch_4.tar	104374272	104804	609826816	764373
149	5004	AF-0000000209597025	shard_555_batch_4.tar	62790656	86814	169542144	518546
149	5417	AF-0000000209597046	shard_823_batch_4.tar	217781248	220513	1866617856	3364936
149	5821	AF-0000000209597073	shard_497_batch_4.tar	30981632	62462	156680704	259178
149	5833	AF-0000000209597074	shard_649_batch_4.tar	75741184	114451	662415360	974232
154	5384	AF-0000000209597141	shard_857_batch_4.tar	245582848	269852	5000564224	5227418
155	1631	AF-0000000209597195	shard_655_batch_3.tar	16708608	122235	317612032	1019804
155	1700	AF-0000000209597196	shard_777_batch_3.tar	171963392	175222	1694265856	2341915
155	2156	AF-0000000209597211	shard_663_batch_3.tar	120104960	124876	563841024	1032719
156	1538	AF-0000000209597313	shard_723_batch_4.tar	88032256	147755	1371027968	1640329
160	544	AF-0000000209597347	shard_649_batch_4.tar	5746176	119134	813844480	976230
161	2418	AF-0000000209597366	shard_649_batch_3.tar	116360704	117338	516349440	1018698
161	4746	AF-0000000209597375	shard_605_batch_3.tar	65475584	103286	350577152	734984
163	3517	AF-0000000209597385	shard_483_batch_3.tar	3350016	55439	120268288	202732
164	1907	AF-0000000209597386	shard_599_batch_4.tar	3766272	97219	631593984	724284
164	3749	AF-0000000209597387	shard_563_batch_4.tar	34359296	86356	452655616	538436
165	2297	AF-0000000209597408	shard_839_batch_3.tar	229800448	232785	4026098688	3725817
165	2302	AF-0000000209597409	shard_817_batch_3.tar	196243968	209866	1609147904	3155935
165	2694	AF-0000000209597414	shard_843_batch_3.tar	84893184	242270	2289627136	4264600
165	3038	AF-0000000209597420	shard_753_batch_3.tar	120788480	159314	2170851328	1750783
165	3650	AF-0000000209597424	shard_825_batch_3.tar	119472128	221087	3221976064	3354595
165	5920	AF-0000000209597440	shard_851_batch_3.tar	231803392	262345	3045129728	4619634
166	2838	AF-0000000209597449	shard_805_batch_4.tar	86482944	196254	2616797184	2830837
168	265	AF-0000000209597464	shard_721_batch_4.tar	86354432	145845	647698944	1580458
169	3848	AF-0000000209597488	shard_875_batch_4.tar	60548608	336915	5593698816	8410706
169	4363	AF-0000000209597489	shard_803_batch_3.tar	172785152	195447	2439920640	2696861
170	310	AF-0000000209597494	shard_765_batch_3.tar	38828544	168578	1948967424	2052867
170	910	AF-0000000209597502	shard_765_batch_3.tar	41229312	168499	1741500928	2058147
170	1164	AF-0000000209597505	shard_875_batch_4.tar	59550208	324589	3094671872	7333025
170	2268	AF-0000000209597537	shard_809_batch_3.tar	178404864	199864	1487998464	2878309
170	2467	AF-0000000209597538	shard_775_batch_3.tar	119020032	175805	553737728	2260720
170	2833	AF-0000000209597550	shard_825_batch_3.tar	113765376	216933	1922330624	3302252
170	3124	AF-0000000209597557	shard_827_batch_3.tar	134757888	219603	1611738624	3438532
170	3263	AF-0000000209597561	shard_867_batch_4.tar	74762752	295697	3811045888	6020770
170	3864	AF-0000000209597574	shard_871_batch_4.tar	135789056	296876	4180835840	6335781
170	4177	AF-0000000209597580	shard_807_batch_4.tar	121789952	200624	2106158592	2975248
170	4737	AF-0000000209597605	shard_839_batch_4.tar	20906496	232065	512563712	3845653
170	4812	AF-0000000209597607	shard_817_batch_3.tar	72154112	207900	1938439680	3125330
170	4872	AF-0000000209597608	shard_761_batch_3.tar	50816000	165663	931637760	2029803
170	5040	AF-0000000209597616	shard_815_batch_3.tar	107828224	207993	1409192448	3098525
170	5219	AF-0000000209597623	shard_845_batch_3.tar	38830080	238394	3763097088	4142982
171	426	AF-0000000209597645	shard_647_batch_4.tar	81515520	116526	693510144	1003997
171	805	AF-0000000209597654	shard_643_batch_4.tar	52605952	114967	440832512	972620
171	2139	AF-0000000209597691	shard_589_batch_4.tar	50594304	96851	585066496	676287
171	2704	AF-0000000209597707	shard_619_batch_4.tar	3470336	107677	385647104	815841
171	3383	AF-0000000209597724	shard_575_batch_4.tar	6940160	91810	263781376	614095
171	4192	AF-0000000209597743	shard_663_batch_4.tar	92577280	123298	903518208	1113026
171	4746	AF-0000000209597758	shard_549_batch_4.tar	14453248	84611	265043456	481756
171	5155	AF-0000000209597776	shard_579_batch_4.tar	8094208	93451	510960128	619733
171	5208	AF-0000000209597780	shard_565_batch_4.tar	5778432	89190	569742848	542265
171	5417	AF-0000000209597785	shard_833_batch_4.tar	187997184	231122	867989504	3725586
171	5562	AF-0000000209597791	shard_569_batch_4.tar	41165824	89850	235526144	578757
172	376	AF-0000000209597802	shard_873_batch_4.tar	73359360	316063	2275458048	7401335
172	519	AF-0000000209597803	shard_797_batch_3.tar	38321664	194493	1914527232	2829429
172	1881	AF-0000000209597806	shard_877_batch_4.tar	183984640	360747	3325847040	9523073
172	4603	AF-0000000209597812	shard_807_batch_3.tar	58742272	202014	1732636160	3085140
172	5907	AF-0000000209597817	shard_871_batch_3.tar	255375360	313169	4367397376	7343676
173	175	AF-0000000209597818	shard_649_batch_4.tar	93274624	118197	299326464	966993
173	502	AF-0000000209597832	shard_863_batch_4.tar	222965248	281331	5593335808	5983291
173	596	AF-0000000209597840	shard_715_batch_4.tar	26233344	144584	1321003008	1435925
173	1677	AF-0000000209597902	shard_653_batch_4.tar	6774272	118856	854286848	988900
173	1738	AF-0000000209597906	shard_691_batch_4.tar	112094720	134453	688384512	1269780
173	2101	AF-0000000209597923	shard_593_batch_4.tar	2400768	98747	660796416	691924
173	2298	AF-0000000209597940	shard_747_batch_4.tar	50307072	158752	1687528448	1790200
173	2691	AF-0000000209597962	shard_611_batch_4.tar	72570880	105036	352760320	766117
173	3291	AF-0000000209597987	shard_615_batch_4.tar	3233280	106881	388020736	794295
173	3609	AF-0000000209598012	shard_705_batch_4.tar	98014208	140586	653001728	1423107
173	3915	AF-0000000209598038	shard_591_batch_4.tar	37423104	98811	745017344	685346
173	4184	AF-0000000209598049	shard_785_batch_4.tar	78321664	184012	569230848	2362193
173	4203	AF-0000000209598051	shard_697_batch_4.tar	43399168	137816	486943744	1386981
173	4344	AF-0000000209598056	shard_573_batch_4.tar	21491200	92017	252198912	588823
173	4706	AF-0000000209598076	shard_605_batch_4.tar	61094400	101385	217189376	746146
173	5853	AF-0000000209598155	shard_625_batch_4.tar	80946176	110527	849484800	830234
175	1631	AF-0000000209598202	shard_583_batch_3.tar	64368128	95133	381242880	633522
175	2954	AF-0000000209598229	shard_589_batch_3.tar	27780608	97840	600625664	654497
175	3313	AF-0000000209598234	shard_599_batch_3.tar	60861952	97136	863423488	708203
175	3331	AF-0000000209598235	shard_637_batch_3.tar	37267968	113107	331546112	887927
175	3456	AF-0000000209598238	shard_613_batch_3.tar	3271168	104390	221480960	793804
175	3819	AF-0000000209598245	shard_683_batch_3.tar	77260288	130055	911294976	1209524
175	5293	AF-0000000209598275	shard_835_batch_3.tar	75621376	236074	1638982656	3911090
176	543	AF-0000000209598289	shard_623_batch_4.tar	81878528	111277	911530496	799739
176	1817	AF-0000000209598291	shard_731_batch_4.tar	15752192	155199	1059828736	1556301
176	3903	AF-0000000209598292	shard_537_batch_3.tar	61599744	79906	221618688	433963
178	740	AF-0000000209598303	shard_789_batch_4.tar	1345536	187809	2328855552	2543506
178	1261	AF-0000000209598305	shard_793_batch_4.tar	7730688	190510	1750107648	2599484
178	1697	AF-0000000209598307	shard_787_batch_4.tar	87304192	184634	1707165696	2470172
178	2516	AF-0000000209598309	shard_795_batch_4.tar	119263232	191364	1773332480	2621407
178	3412	AF-0000000209598311	shard_793_batch_4.tar	124695552	191984	770637312	2599629
178	3597	AF-0000000209598313	shard_807_batch_4.tar	73883648	200174	2437120000	2815508
178	3765	AF-0000000209598314	shard_847_batch_4.tar	165820928	247577	4412255232	4385451
178	4004	AF-0000000209598315	shard_785_batch_4.tar	70844416	183954	2320538624	2401019
178	4206	AF-0000000209598316	shard_781_batch_4.tar	38474752	181126	2436088320	2327509
178	4864	AF-0000000209598321	shard_781_batch_4.tar	136241664	180868	597697536	2337146
178	5844	AF-0000000209598327	shard_801_batch_4.tar	16383488	196436	2464507904	2688920
179	924	AF-0000000209598332	shard_661_batch_4.tar	59807744	120163	1100376064	1029976
181	420	AF-0000000209598365	shard_787_batch_4.tar	184356352	185396	1261320704	2437568
181	449	AF-0000000209598367	shard_781_batch_4.tar	97767936	180819	962743808	2367677
181	1419	AF-0000000209598385	shard_733_batch_4.tar	134714368	155162	1220504064	1675003
181	1631	AF-0000000209598394	shard_709_batch_4.tar	23603712	144059	1059796480	1438957
181	1636	AF-0000000209598395	shard_701_batch_4.tar	7016960	138618	1017900544	1328839
181	1986	AF-0000000209598405	shard_861_batch_4.tar	213343232	275883	2404303872	5606452
181	2044	AF-0000000209598406	shard_797_batch_4.tar	64164864	195249	2133592576	2705520
181	2129	AF-0000000209598408	shard_741_batch_4.tar	120882688	158015	866110976	1749092
181	2394	AF-0000000209598415	shard_745_batch_4.tar	27952128	161808	872522240	1829446
181	2429	AF-0000000209598417	shard_711_batch_4.tar	72988160	145487	415168512	1419929
181	3221	AF-0000000209598428	shard_859_batch_4.tar	89289728	268857	4634161664	5244812
181	3339	AF-0000000209598433	shard_649_batch_4.tar	8614912	119772	233083392	948162
181	3524	AF-0000000209598438	shard_817_batch_4.tar	135836672	214429	3005285376	3324169
181	3995	AF-0000000209598450	shard_787_batch_4.tar	76536832	184013	1857776640	2459000
181	4119	AF-0000000209598454	shard_705_batch_4.tar	59566592	140391	759856640	1298615
181	4184	AF-0000000209598455	shard_813_batch_4.tar	186156032	208032	1308873216	2900309
181	5293	AF-0000000209598473	shard_863_batch_4.tar	200940032	283885	1198537728	5588231
181	5473	AF-0000000209598476	shard_741_batch_4.tar	136824832	156466	896207360	1757410
181	5499	AF-0000000209598478	shard_785_batch_4.tar	100353024	186759	1684314624	2426043
181	5656	AF-0000000209598482	shard_793_batch_4.tar	11774976	191903	1747408896	2697762
184	303	AF-0000000209598497	shard_785_batch_3.tar	34662400	183477	2370256384	2513758
184	1538	AF-0000000209598500	shard_695_batch_3.tar	8556544	134180	756409344	1363883
184	1553	AF-0000000209598501	shard_631_batch_3.tar	60771328	109589	347928576	893080
184	1571	AF-0000000209598502	shard_839_batch_3.tar	99267072	234235	2853321728	4271587
184	3676	AF-0000000209598510	shard_827_batch_3.tar	149399040	220945	470747136	3711058
184	4824	AF-0000000209598512	shard_817_batch_3.tar	171917824	210156	2675517440	3409116
184	5544	AF-0000000209598518	shard_851_batch_3.tar	108482048	253817	5043071488	4876552
185	743	AF-0000000209598546	shard_1101_batch_4.tar	7629824	48386	107720704	157814
185	1027	AF-0000000209598561	shard_501_batch_4.tar	52951040	63353	399212032	273494
185	1084	AF-0000000209598565	shard_499_batch_4.tar	40422400	63318	161785856	277043
185	1114	AF-0000000209598569	shard_689_batch_4.tar	105254912	134059	539749888	1295764
185	1444	AF-0000000209598584	shard_655_batch_4.tar	58664448	118705	898488320	1011475
185	1457	AF-0000000209598585	shard_501_batch_4.tar	61527552	63496	212606976	278501
185	1476	AF-0000000209598586	shard_511_batch_3.tar	64014848	67422	362311680	319757
185	1558	AF-0000000209598588	shard_465_batch_4.tar	14810112	42303	175696384	115966
185	1677	AF-0000000209598592	shard_521_batch_4.tar	32168960	71233	491932160	350135
185	1889	AF-0000000209598598	shard_477_batch_3.tar	19280896	52143	250747392	174697
185	2084	AF-0000000209598609	shard_575_batch_4.tar	70794240	90797	380043776	625570
185	2142	AF-0000000209598615	shard_545_batch_4.tar	75943424	81721	362232832	464646
185	2395	AF-0000000209598627	shard_481_batch_4.tar	31580672	53391	127801856	183867
185	2520	AF-0000000209598636	shard_491_batch_4.tar	41353728	60164	348559360	236642
185	3556	AF-0000000209598684	shard_477_batch_3.tar	31262720	51542	251800064	164981
185	4387	AF-0000000209598712	shard_489_batch_4.tar	13066752	58800	258311168	222712
185	4574	AF-0000000209598716	shard_525_batch_4.tar	13298176	73215	476394496	356525
185	5515	AF-0000000209598771	shard_471_batch_3.tar	26960896	46730	189393920	145190
186	625	AF-0000000209598792	shard_699_batch_4.tar	50119680	133601	674385408	1275815
187	1655	AF-0000000209598795	shard_605_batch_3.tar	61575168	104324	309207040	765852
187	3561	AF-0000000209598803	shard_597_batch_3.tar	86513152	102145	390753792	717873
188	394	AF-0000000209598812	shard_781_batch_4.tar	34784256	180212	766513152	2448182
188	3228	AF-0000000209598827	shard_667_batch_4.tar	70235648	121040	762113024	1035797
188	3479	AF-0000000209598828	shard_651_batch_3.tar	60193792	114084	686178304	926619
188	3510	AF-0000000209598829	shard_585_batch_4.tar	80142336	95173	186509312	620108
188	4746	AF-0000000209598834	shard_537_batch_3.tar	13966848	78912	333813760	413070
190	394	AF-0000000209598850	shard_827_batch_4.tar	57794560	217929	3070120448	3580700
190	3228	AF-0000000209598864	shard_753_batch_4.tar	79053824	158449	2078287360	1824168
190	4746	AF-0000000209598871	shard_651_batch_4.tar	74237952	117161	1064253952	949574
191	636	AF-0000000209598885	shard_685_batch_4.tar	29494272	130822	262611456	1193159
191	735	AF-0000000209598886	shard_769_batch_4.tar	143528960	170093	1029432320	2048308
191	1816	AF-0000000209598896	shard_813_batch_4.tar	89692160	197678	2173918720	2774657
191	3204	AF-0000000209598916	shard_825_batch_4.tar	131886080	217113	3079632384	3098551
191	3255	AF-0000000209598917	shard_875_batch_4.tar	52877824	315966	2763702272	7254388
191	3538	AF-0000000209598920	shard_667_batch_4.tar	92208128	124133	1069215232	1069214
196	443	AF-0000000209598977	shard_557_batch_3.tar	60066816	81717	660268032	487842
196	959	AF-0000000209598986	shard_761_batch_3.tar	36798464	164246	785111552	2052633
196	1572	AF-0000000209598994	shard_585_batch_3.tar	30310400	93535	724962816	618638
196	1957	AF-0000000209599006	shard_513_batch_3.tar	41623552	68681	312986624	323252
196	2296	AF-0000000209599009	shard_739_batch_3.tar	86168064	154817	1770058240	1634976
196	2713	AF-0000000209599020	shard_701_batch_3.tar	79741952	136404	1296930816	1388090
196	3707	AF-0000000209599040	shard_695_batch_3.tar	61627392	131657	462015488	1240591
196	4525	AF-0000000209599052	shard_513_batch_3.tar	17830400	67967	427750912	322505
196	4533	AF-0000000209599053	shard_609_batch_3.tar	831488	102262	272940544	729330
196	4657	AF-0000000209599054	shard_651_batch_3.tar	17737728	116996	872146944	978491
197	984	AF-0000000209599088	shard_663_batch_3.tar	63518720	122500	1136732672	1057472
197	1399	AF-0000000209599096	shard_865_batch_3.tar	222415872	286318	5763838464	5782417
197	1414	AF-0000000209599097	shard_653_batch_3.tar	50497024	119217	1200345600	952653
197	1931	AF-0000000209599102	shard_699_batch_3.tar	15558656	135611	425121792	1310404
197	2156	AF-0000000209599104	shard_657_batch_3.tar	6433792	120242	568486912	975107
197	2448	AF-0000000209599110	shard_621_batch_3.tar	7686656	107283	620204544	779413
197	3531	AF-0000000209599120	shard_623_batch_3.tar	67321344	109135	765296128	806829
197	3609	AF-0000000209599123	shard_701_batch_3.tar	44737024	138515	1276521984	1350723
197	3743	AF-0000000209599126	shard_635_batch_3.tar	82656768	112556	320072704	828427
197	5301	AF-0000000209599150	shard_569_batch_3.tar	26477568	91191	350673920	532770
197	5758	AF-0000000209599155	shard_689_batch_3.tar	105418752	132934	312022016	1213768
198	2037	AF-0000000209599174	shard_695_batch_4.tar	80828416	132629	475234816	1376500
198	5279	AF-0000000209599199	shard_821_batch_4.tar	80286720	212096	1954196480	3525721
200	594	AF-0000000209599205	shard_787_batch_4.tar	185480192	181491	362448896	2486298
200	3383	AF-0000000209599217	shard_759_batch_4.tar	77890048	163176	922414080	1967855
200	3956	AF-0000000209599223	shard_755_batch_3.tar	106112512	162210	1718598144	1914710
200	4528	AF-0000000209599225	shard_793_batch_4.tar	96132608	187221	1461250560	2579700
201	1990	AF-0000000209599233	shard_851_batch_4.tar	256693760	258679	838296576	4624497
201	2355	AF-0000000209599235	shard_859_batch_4.tar	67449344	272184	1354172416	5165254
201	3712	AF-0000000209599236	shard_857_batch_4.tar	266327552	265584	1586166784	4952494
201	3818	AF-0000000209599237	shard_669_batch_4.tar	95467520	125821	640155136	1094641
201	5178	AF-0000000209599243	shard_721_batch_4.tar	113091584	147823	1247174656	1514389
202	2969	AF-0000000209599276	shard_877_batch_4.tar	247139840	347473	3371726336	8646651
202	5191	AF-0000000209599292	shard_753_batch_4.tar	129204224	166699	572709888	1922032
202	5207	AF-0000000209599293	shard_787_batch_4.tar	82753536	186925	1917382656	2592627
206	576	AF-0000000209599334	shard_493_batch_3.tar	20537344	60527	291928064	246611
206	651	AF-0000000209599339	shard_459_batch_4.tar	33743872	37674	70598656	80255
206	757	AF-0000000209599346	shard_533_batch_3.tar	14876160	76137	338202112	407799
206	1103	AF-0000000209599362	shard_613_batch_3.tar	54280704	102777	699659264	769898
206	1191	AF-0000000209599368	shard_769_batch_3.tar	49919488	172264	2260671488	2035492
206	1634	AF-0000000209599395	shard_485_batch_3.tar	53549056	56027	202612224	209049
206	1666	AF-0000000209599397	shard_683_batch_3.tar	95754240	127154	928228864	1238324
206	2689	AF-0000000209599454	shard_631_batch_3.tar	72388608	109673	893732352	818371
206	4403	AF-0000000209599547	shard_1101_batch_3.tar	38611456	36661	158397440	74968
206	4416	AF-0000000209599549	shard_651_batch_3.tar	77380096	115000	813235200	991091
206	4732	AF-0000000209599560	shard_461_batch_3.tar	36145664	39263	121556992	83858
206	5499	AF-0000000209599600	shard_637_batch_3.tar	112372224	114310	700334080	891721
206	5741	AF-0000000209599616	shard_505_batch_3.tar	51995648	67375	365547008	295679
206	5754	AF-0000000209599617	shard_489_batch_3.tar	30079488	57573	229850112	209647
206	5833	AF-0000000209599622	shard_585_batch_3.tar	20517376	91385	412269568	629928
206	5935	AF-0000000209599627	shard_583_batch_3.tar	59802112	92505	653196800	596834
207	2050	AF-0000000209599650	shard_745_batch_4.tar	106247168	155333	779369472	1865443
207	2104	AF-0000000209599653	shard_777_batch_4.tar	157120000	169166	1612627968	2209062
207	2981	AF-0000000209599660	shard_865_batch_4.tar	49346560	277557	3612946432	5689598
207	3598	AF-0000000209599667	shard_829_batch_4.tar	210503680	219330	3902635008	3670707
207	5051	AF-0000000209599681	shard_757_batch_4.tar	31329792	161839	1928616448	2075850
207	5145	AF-0000000209599683	shard_863_batch_4.tar	180265472	273274	3248101888	5260637
207	5379	AF-0000000209599685	shard_833_batch_4.tar	184053760	221908	1082116608	3731801
211	1936	AF-0000000209599754	shard_871_batch_3.tar	13858304	308285	6655465984	6685089
212	1597	AF-0000000209599769	shard_785_batch_3.tar	50137600	185082	854863872	2361531
212	2397	AF-0000000209599773	shard_703_batch_3.tar	22315520	139324	1001443840	1384724
212	4120	AF-0000000209599785	shard_775_batch_3.tar	169417728	179641	2151568896	2316326
212	4978	AF-0000000209599789	shard_865_batch_3.tar	259835392	291344	4152209920	6176966
212	5048	AF-0000000209599790	shard_663_batch_3.tar	88291328	122571	1174995456	1092236
212	5346	AF-0000000209599793	shard_697_batch_3.tar	83886080	135189	669795840	1353289
212	5423	AF-0000000209599794	shard_705_batch_3.tar	90521600	140877	276545024	1387500
213	2589	AF-0000000209599823	shard_761_batch_3.tar	73261056	168958	1502434816	2031324
213	2784	AF-0000000209599826	shard_745_batch_3.tar	131258368	155802	1228622336	1797499
213	4557	AF-0000000209599839	shard_675_batch_3.tar	12679680	128011	928350208	1155828
214	428	AF-0000000209599859	shard_465_batch_4.tar	16290816	42095	133908992	105571
214	529	AF-0000000209599862	shard_475_batch_4.tar	22730240	50598	169405440	165833
214	651	AF-0000000209599868	shard_463_batch_4.tar	16001024	41346	118341632	101372
214	985	AF-0000000209599885	shard_509_batch_4.tar	1398272	65548	217284096	303893
214	1029	AF-0000000209599892	shard_469_batch_4.tar	41400320	46417	169389568	129888
214	1229	AF-0000000209599902	shard_517_batch_4.tar	55640064	70930	185303552	347965
214	1918	AF-0000000209599929	shard_477_batch_4.tar	35691520	50937	123712512	159825
214	2108	AF-0000000209599939	shard_471_batch_4.tar	4263936	48061	161589760	148914
214	2271	AF-0000000209599949	shard_675_batch_4.tar	35943424	125139	1341112832	1192920
214	2920	AF-0000000209599980	shard_503_batch_4.tar	34572288	63683	314899456	274957
214	3097	AF-0000000209599985	shard_487_batch_4.tar	58950656	57863	212732416	211616
214	3223	AF-0000000209599989	shard_479_batch_4.tar	44653056	51573	117989888	177933
214	3490	AF-0000000209600003	shard_479_batch_4.tar	20284928	52352	119830528	177649
214	3536	AF-0000000209600006	shard_1103_batch_4.tar	33757184	54395	279320576	192981
214	3842	AF-0000000209600017	shard_1103_batch_4.tar	9286144	58720	204572672	240772
214	3847	AF-0000000209600018	shard_487_batch_4.tar	47777280	56802	194370048	216323
214	3974	AF-0000000209600022	shard_507_batch_4.tar	32177152	66103	203472384	295643
214	4119	AF-0000000209600028	shard_521_batch_4.tar	40999936	71356	268231680	366993
214	4317	AF-0000000209600033	shard_539_batch_4.tar	56096256	78008	574264320	408155
214	4403	AF-0000000209600040	shard_463_batch_4.tar	15484416	40429	152519168	97276
214	4820	AF-0000000209600052	shard_487_batch_4.tar	20098048	57865	192796160	225625
214	4862	AF-0000000209600053	shard_501_batch_4.tar	65316352	63284	231209472	262700
214	4945	AF-0000000209600058	shard_465_batch_4.tar	12970496	41738	116093440	106939
214	5196	AF-0000000209600073	shard_661_batch_4.tar	13016064	119517	651153920	991068
214	5431	AF-0000000209600081	shard_509_batch_4.tar	39208960	68130	262151680	317164
214	5821	AF-0000000209600100	shard_467_batch_4.tar	39712256	43642	148852224	121785
215	1805	AF-0000000209600115	shard_865_batch_4.tar	223416832	285763	865081856	6304693
215	3098	AF-0000000209600124	shard_791_batch_4.tar	47325696	188837	1201954816	2592608
215	3250	AF-0000000209600125	shard_873_batch_4.tar	36253184	312310	5608110080	7503537
217	506	AF-0000000209600141	shard_751_batch_4.tar	151069184	157878	680631296	1864283
217	620	AF-0000000209600144	shard_579_batch_4.tar	62654976	93389	591471104	627160
217	1045	AF-0000000209600146	shard_855_batch_4.tar	98710016	260368	3299483136	5215903
217	2690	AF-0000000209600154	shard_607_batch_4.tar	66323968	103254	259089920	774569
217	2861	AF-0000000209600156	shard_679_batch_4.tar	127973376	129030	1333132800	1243279
217	4036	AF-0000000209600159	shard_545_batch_4.tar	63897088	80428	233314816	462385
219	867	AF-0000000209600175	shard_575_batch_4.tar	49748480	92167	357175808	609254
219	3293	AF-0000000209600192	shard_669_batch_4.tar	76160512	122544	1304451072	1134552
219	4746	AF-0000000209600206	shard_555_batch_3.tar	30532096	85753	622585344	512648
220	4034	AF-0000000209600228	shard_607_batch_4.tar	11616256	103114	924839936	697266
222	648	AF-0000000209600235	shard_705_batch_4.tar	106523136	137809	1316365312	1418156
226	341	AF-0000000209600273	shard_555_batch_3.tar	22659584	84685	416069632	496027
226	610	AF-0000000209600280	shard_791_batch_3.tar	51110400	191969	1284441600	2701850
226	958	AF-0000000209600288	shard_589_batch_3.tar	54849536	97627	239909888	638118
226	1967	AF-0000000209600300	shard_621_batch_3.tar	15583232	106948	618571264	825690
226	2484	AF-0000000209600303	shard_677_batch_3.tar	126789632	128747	1332438528	1115969
226	3097	AF-0000000209600308	shard_531_batch_3.tar	46662656	76714	202492928	396271
230	1782	AF-0000000209600359	shard_791_batch_4.tar	140637184	189948	1268019712	2582174
231	232	AF-0000000209600362	shard_457_batch_4.tar	10955264	30821	93697536	53905
231	245	AF-0000000209600363	shard_479_batch_3.tar	22142464	50359	277415936	177367
232	2625	AF-0000000209600409	shard_457_batch_4.tar	4384256	32695	88998912	64287
232	2626	AF-0000000209600410	shard_463_batch_4.tar	30319616	41251	99479552	108529
232	5232	AF-0000000209600431	shard_457_batch_4.tar	3328512	25647	101592576	35756
232	5257	AF-0000000209600432	shard_457_batch_4.tar	9017344	28674	70365696	45766
237	426	AF-0000000209600520	shard_835_batch_3.tar	204077568	227383	3802152448	3981176
237	2502	AF-0000000209600531	shard_795_batch_3.tar	28589056	189596	557135872	2689703
237	2840	AF-0000000209600533	shard_865_batch_3.tar	151696896	281023	1799358976	6037755
237	3479	AF-0000000209600536	shard_839_batch_3.tar	234293760	230873	3904804352	4080754
237	4909	AF-0000000209600545	shard_863_batch_3.tar	179667968	275960	3454766080	5776113
237	5431	AF-0000000209600552	shard_817_batch_3.tar	173391360	209388	860010496	3238267
237	5692	AF-0000000209600553	shard_857_batch_3.tar	156596224	261834	2455472128	5041562
240	594	AF-0000000209600593	shard_843_batch_4.tar	219371008	240368	3557735424	4520129
240	609	AF-0000000209600594	shard_875_batch_4.tar	30958592	327975	5506126848	8400854
240	633	AF-0000000209600596	shard_869_batch_4.tar	245324800	298224	1738770432	6858209
240	1513	AF-0000000209600610	shard_879_batch_3.tar	107948032	383747	1847630336	10825815
240	2259	AF-0000000209600622	shard_877_batch_4.tar	349533184	359499	7308185088	9988607
240	2642	AF-0000000209600629	shard_819_batch_4.tar	145152000	213105	762416640	3501159
240	2647	AF-0000000209600630	shard_811_batch_4.tar	160692224	206332	2280895488	3278139
240	2714	AF-0000000209600632	shard_859_batch_4.tar	219462656	271281	1216737792	5637826
240	4455	AF-0000000209600676	shard_863_batch_4.tar	226673152	275558	4119652352	5968965
240	4807	AF-0000000209600685	shard_857_batch_4.tar	14811648	265878	1555009024	5446000
240	5167	AF-0000000209600693	shard_861_batch_4.tar	274200576	273214	1266722816	5963804
240	5224	AF-0000000209600695	shard_869_batch_4.tar	125106176	300727	5692570624	6837989
240	5543	AF-0000000209600703	shard_859_batch_4.tar	266816512	267986	4810787328	5573688
245	2625	AF-0000000209600741	shard_481_batch_3.tar	36151296	52155	243834368	187106
250	1468	AF-0000000209600810	shard_703_batch_4.tar	98501120	138652	957793792	1378659
250	2100	AF-0000000209600815	shard_615_batch_4.tar	62693376	108210	556322304	805005
251	428	AF-0000000209600824	shard_769_batch_4.tar	84493824	175875	632620032	2003053
251	576	AF-0000000209600832	shard_799_batch_4.tar	184789504	198176	712535552	2541479
251	1080	AF-0000000209600858	shard_843_batch_4.tar	171629056	244530	4236507648	3899257
251	1444	AF-0000000209600886	shard_851_batch_4.tar	34585600	254444	1718172672	4378238
251	1704	AF-0000000209600901	shard_835_batch_4.tar	109459456	233349	4117017600	3784958
251	2203	AF-0000000209600930	shard_867_batch_4.tar	247234048	292008	3486502912	5891816
251	2629	AF-0000000209600956	shard_827_batch_4.tar	108343808	223659	1502024704	3375525
251	2789	AF-0000000209600962	shard_853_batch_4.tar	156661248	256590	4437948928	4620761
251	3348	AF-0000000209600995	shard_845_batch_4.tar	219876352	247955	4233529344	4019978
251	3444	AF-0000000209600999	shard_837_batch_4.tar	151888896	234159	4427702272	3834401
251	3479	AF-0000000209601001	shard_829_batch_4.tar	12505600	222309	2785947136	3395110
251	3543	AF-0000000209601007	shard_839_batch_4.tar	85475328	236063	3978971648	3718764
251	3682	AF-0000000209601016	shard_819_batch_4.tar	70620672	217507	1972332032	3112915
251	4203	AF-0000000209601049	shard_829_batch_4.tar	219620352	225918	1943047680	3465260
251	4212	AF-0000000209601051	shard_853_batch_4.tar	22700032	258812	936889856	4788160
251	4317	AF-0000000209601054	shard_815_batch_4.tar	86334976	210880	876482048	2969899
251	4389	AF-0000000209601059	shard_789_batch_4.tar	10081792	190269	1915600384	2383363
251	4602	AF-0000000209601064	shard_811_batch_4.tar	66672128	207207	2033859072	2802609
251	4708	AF-0000000209601071	shard_845_batch_4.tar	181367296	246373	2890975232	4152895
251	4712	AF-0000000209601072	shard_831_batch_4.tar	38445056	229566	1351638528	3481165
251	4854	AF-0000000209601083	shard_847_batch_4.tar	15587840	246889	3882462720	4055217
251	5369	AF-0000000209601118	shard_871_batch_4.tar	293951488	307198	5482684928	6320906
251	5560	AF-0000000209601132	shard_815_batch_4.tar	42081280	210961	882304000	2919021
251	5759	AF-0000000209601145	shard_839_batch_4.tar	101603840	236537	2426912768	3724347
255	1521	AF-0000000209601200	shard_559_batch_3.tar	15491072	83911	593440768	509170
256	751	AF-0000000209601213	shard_857_batch_4.tar	50828800	266120	2545419264	5059695
256	1993	AF-0000000209601222	shard_855_batch_4.tar	203014656	260495	4105973760	4855009
256	3313	AF-0000000209601233	shard_803_batch_4.tar	167637504	195696	2132915200	2831217
258	854	AF-0000000209601270	shard_789_batch_4.tar	99254272	184438	2174634496	2448052
258	2600	AF-0000000209601278	shard_665_batch_4.tar	93211136	122171	550010368	1097093
258	2700	AF-0000000209601280	shard_809_batch_4.tar	41812992	201276	2262205952	2996423
258	3002	AF-0000000209601281	shard_783_batch_4.tar	112916992	181288	2086688256	2417233
258	5750	AF-0000000209601292	shard_845_batch_4.tar	143360000	241298	1321888768	4207986
260	769	AF-0000000209601300	shard_741_batch_4.tar	106089984	156015	425574912	1658294
260	2108	AF-0000000209601319	shard_629_batch_4.tar	98905600	109484	424796672	793831
260	2424	AF-0000000209601324	shard_735_batch_4.tar	70753792	153812	697587712	1731660
260	3693	AF-0000000209601335	shard_733_batch_4.tar	10396672	152551	1719392768	1711134
260	4344	AF-0000000209601345	shard_627_batch_4.tar	23747072	108618	612183040	776169
260	4730	AF-0000000209601349	shard_745_batch_4.tar	158484992	160528	1048849408	1802867
265	5464	AF-0000000209601521	shard_721_batch_4.tar	38773248	146086	1650181632	1544546
272	2857	AF-0000000209601551	shard_817_batch_4.tar	44741120	211424	2947682304	3291750
273	537	AF-0000000209601559	shard_765_batch_4.tar	142869504	170180	574942720	2204461
273	1731	AF-0000000209601570	shard_625_batch_4.tar	77179904	107232	996167680	803108
274	553	AF-0000000209601592	shard_621_batch_4.tar	27010048	106745	978294784	807589
278	521	AF-0000000209601640	shard_599_batch_4.tar	65114112	98655	630918144	675058
278	1816	AF-0000000209601649	shard_755_batch_4.tar	2669056	154761	873430016	1832874
278	4510	AF-0000000209601674	shard_667_batch_4.tar	94607872	123625	909151232	1068284
279	5604	AF-0000000209601684	shard_811_batch_4.tar	173032960	205175	2689552896	3277413
280	3418	AF-0000000209601700	shard_717_batch_4.tar	110852608	135312	318769152	1402649
280	3765	AF-0000000209601703	shard_721_batch_4.tar	72946176	146618	743383552	1529821
280	5642	AF-0000000209601709	shard_729_batch_4.tar	118107648	144470	712501760	1574946
281	2704	AF-0000000209601721	shard_577_batch_3.tar	9486848	92087	640480256	581253
281	4746	AF-0000000209601727	shard_511_batch_3.tar	23525376	68876	404709888	292956
281	5208	AF-0000000209601730	shard_525_batch_3.tar	4250624	73935	183052288	349175
283	3040	AF-0000000209601747	shard_803_batch_4.tar	77258240	201155	1034205696	3009433
284	3874	AF-0000000209601798	shard_789_batch_4.tar	111219200	186356	1787235328	2628890
284	5386	AF-0000000209601814	shard_717_batch_4.tar	121276928	145276	838019072	1472609
284	5457	AF-0000000209601817	shard_581_batch_4.tar	512	93317	636776960	607122
286	599	AF-0000000209601832	shard_573_batch_3.tar	28096512	90335	212428800	585821
286	1203	AF-0000000209601837	shard_591_batch_3.tar	23404544	97042	681090560	669945
286	2852	AF-0000000209601851	shard_663_batch_3.tar	6535680	120637	398050816	1042950
286	3785	AF-0000000209601854	shard_645_batch_3.tar	97962496	115370	468673024	973507
286	4100	AF-0000000209601856	shard_587_batch_3.tar	43494912	95666	763024384	640708
286	5745	AF-0000000209601866	shard_533_batch_3.tar	72557056	76798	166588928	401949
286	5912	AF-0000000209601869	shard_549_batch_3.tar	68570112	83099	370966016	476505
289	1645	AF-0000000209601903	shard_739_batch_3.tar	41452032	154733	1480439296	1748441
289	2472	AF-0000000209601911	shard_643_batch_3.tar	94444544	111815	980403200	898772
289	2636	AF-0000000209601917	shard_837_batch_4.tar	95518208	233401	2623760896	3881615
289	3044	AF-0000000209601924	shard_661_batch_3.tar	25843200	119008	934356480	1062793
289	4709	AF-0000000209601941	shard_861_batch_4.tar	234451968	275395	1672642048	5380796
292	3955	AF-0000000209601997	shard_801_batch_4.tar	122731008	199171	2577257984	2884593
292	5062	AF-0000000209602002	shard_675_batch_4.tar	109402624	129176	347395584	1178886
294	778	AF-0000000209602015	shard_541_batch_3.tar	19289088	79628	305620480	449603
294	2921	AF-0000000209602035	shard_571_batch_3.tar	53573632	89346	191267328	570271
296	2704	AF-0000000209602060	shard_801_batch_4.tar	114755072	198309	958509568	2817538
296	4746	AF-0000000209602063	shard_769_batch_4.tar	173028352	175002	1560215552	2197065
296	5208	AF-0000000209602064	shard_777_batch_4.tar	92062208	180319	1317775360	2322703
302	1320	AF-0000000209602118	shard_837_batch_4.tar	182456832	234357	4173786112	4052982
302	3183	AF-0000000209602125	shard_735_batch_4.tar	6856704	152483	1594766336	1683776
302	3569	AF-0000000209602127	shard_779_batch_4.tar	133374976	181139	1476598272	2279626
303	1392	AF-0000000209602136	shard_843_batch_3.tar	159025664	243961	2235612672	4558543
303	1424	AF-0000000209602138	shard_803_batch_3.tar	193602048	198621	1896025088	2837546
303	1571	AF-0000000209602142	shard_869_batch_3.tar	277440512	296483	2909139456	6612132
303	2143	AF-0000000209602147	shard_803_batch_3.tar	185651712	198948	2132569088	2832812
303	2418	AF-0000000209602149	shard_755_batch_3.tar	116857856	164745	2212315648	1984022
303	2685	AF-0000000209602152	shard_863_batch_3.tar	197280256	277359	3478134272	5591706
303	4747	AF-0000000209602154	shard_847_batch_3.tar	110209536	246926	4621666816	4356010
303	4824	AF-0000000209602155	shard_859_batch_3.tar	29406720	272350	594720768	5599611
303	4990	AF-0000000209602157	shard_865_batch_3.tar	205343744	286743	2659179520	6272519
303	5523	AF-0000000209602159	shard_875_batch_3.tar	139300352	339584	2399523328	7982141
303	5544	AF-0000000209602160	shard_873_batch_3.tar	99804672	315053	4581961216	7394874
304	1235	AF-0000000209602165	shard_757_batch_4.tar	140026880	165543	1718451200	1997202
305	2444	AF-0000000209602171	shard_769_batch_4.tar	127142912	169179	2037298176	2209501
307	620	AF-0000000209602183	shard_521_batch_4.tar	42186752	72291	434411008	350755
307	1720	AF-0000000209602202	shard_561_batch_4.tar	81701376	87843	601703424	518264
307	2296	AF-0000000209602210	shard_743_batch_4.tar	111892992	157015	789617152	1689411
307	3431	AF-0000000209602231	shard_635_batch_4.tar	112035328	110906	530794496	890084
307	4533	AF-0000000209602244	shard_615_batch_4.tar	70643200	104525	806267392	758466
307	4909	AF-0000000209602250	shard_739_batch_4.tar	67902464	153479	1115729920	1707178
308	1416	AF-0000000209602269	shard_775_batch_4.tar	26070528	173821	847880704	2262396
308	3753	AF-0000000209602272	shard_821_batch_4.tar	186579456	210664	2834473984	3227634
308	5405	AF-0000000209602275	shard_801_batch_4.tar	150723072	195393	1870811136	2873838
309	341	AF-0000000209602278	shard_633_batch_4.tar	43884544	111091	1049790976	881913
309	718	AF-0000000209602287	shard_685_batch_4.tar	109942272	130948	1353686016	1224005
309	758	AF-0000000209602288	shard_673_batch_4.tar	26860032	127236	460647936	1114581
309	1068	AF-0000000209602296	shard_769_batch_4.tar	116785664	172885	2111077376	2216314
309	1755	AF-0000000209602302	shard_615_batch_4.tar	82476544	105946	477515264	794583
309	1791	AF-0000000209602303	shard_693_batch_4.tar	92137984	133485	1083348480	1265730
309	2217	AF-0000000209602305	shard_621_batch_4.tar	1196032	105353	479829504	789503
309	2342	AF-0000000209602307	shard_721_batch_4.tar	106228736	145658	934400512	1535413
309	2346	AF-0000000209602308	shard_779_batch_4.tar	118266368	178837	2629140480	2271857
309	5393	AF-0000000209602342	shard_703_batch_4.tar	93861376	136683	973014528	1344220
310	1817	AF-0000000209602347	shard_773_batch_4.tar	150716928	178022	1850931712	2020983
310	4719	AF-0000000209602356	shard_711_batch_4.tar	7818240	138821	913163776	1327098
313	5622	AF-0000000209602374	shard_567_batch_4.tar	25146368	86792	195572224	555684
313	5896	AF-0000000209602375	shard_617_batch_4.tar	52142592	105563	652459520	802432
314	1999	AF-0000000209602389	shard_649_batch_4.tar	23212032	114361	650734592	993763
315	1604	AF-0000000209602428	shard_587_batch_4.tar	57686528	96177	518577152	638442
315	1957	AF-0000000209602429	shard_589_batch_4.tar	43618304	96103	561664000	651393
315	4479	AF-0000000209602434	shard_817_batch_4.tar	134323200	212666	890506752	3297121
318	620	AF-0000000209602449	shard_469_batch_3.tar	21030912	47372	157099520	134016
318	1688	AF-0000000209602466	shard_499_batch_3.tar	34796032	63410	313410560	274616
318	3106	AF-0000000209602495	shard_567_batch_3.tar	18204672	86904	616424448	535462
318	3935	AF-0000000209602504	shard_829_batch_3.tar	176274432	226305	3821190656	3698594
318	4971	AF-0000000209602520	shard_495_batch_3.tar	33914368	63142	165205504	259139
319	5694	AF-0000000209602538	shard_857_batch_3.tar	58774016	264629	2450369024	5102213
321	588	AF-0000000209602543	shard_527_batch_3.tar	73914880	75057	399858176	381365
321	1482	AF-0000000209602550	shard_565_batch_3.tar	75516416	86392	437825536	517487
321	4286	AF-0000000209602566	shard_609_batch_4.tar	72520192	102555	670886912	767176
330	4859	AF-0000000209602625	shard_875_batch_4.tar	38014976	333133	6656068608	8176701
331	478	AF-0000000209602629	shard_717_batch_4.tar	79918592	145938	844168704	1506342
331	4050	AF-0000000209602692	shard_683_batch_4.tar	5582848	129858	1101662720	1221344
332	852	AF-0000000209602735	shard_849_batch_4.tar	68280320	251900	3112077824	4780507
332	3462	AF-0000000209602776	shard_757_batch_4.tar	114949632	165891	2089671168	2012954
332	4323	AF-0000000209602795	shard_657_batch_4.tar	100030976	122362	1168741888	1040751
337	5883	AF-0000000209602857	shard_719_batch_3.tar	123815424	145713	1691078656	1560603
338	1008	AF-0000000209602862	shard_837_batch_4.tar	53075968	237974	1350537728	3933419
338	1261	AF-0000000209602863	shard_729_batch_4.tar	72204800	150876	1199552000	1625375
338	1584	AF-0000000209602865	shard_727_batch_4.tar	48474624	149642	1470031872	1615692
338	2205	AF-0000000209602872	shard_817_batch_4.tar	147462144	211493	3577270272	3173438
338	4987	AF-0000000209602882	shard_861_batch_4.tar	9136640	275415	1337384448	5568601
338	5659	AF-0000000209602883	shard_873_batch_4.tar	258121728	314009	7587585536	7199465
338	5877	AF-0000000209602887	shard_843_batch_4.tar	194003456	243775	2340910592	4413653
339	3229	AF-0000000209602904	shard_777_batch_4.tar	113261568	179703	2103367680	2340372
340	875	AF-0000000209602929	shard_651_batch_4.tar	99740672	113671	734257152	1022758
341	403	AF-0000000209602946	shard_619_batch_3.tar	98607104	104353	507143168	784416
341	404	AF-0000000209602947	shard_753_batch_3.tar	15492608	162463	1382976512	2007818
341	448	AF-0000000209602949	shard_753_batch_3.tar	125051392	163945	872657920	1856073
341	669	AF-0000000209602958	shard_837_batch_3.tar	95941120	234349	693318144	4060419
341	1634	AF-0000000209602986	shard_521_batch_3.tar	44209152	72452	218554368	350293
341	1764	AF-0000000209602989	shard_695_batch_3.tar	131685888	135368	599502848	1249526
341	1782	AF-0000000209602992	shard_711_batch_3.tar	4137472	143363	1660784128	1454561
341	2281	AF-0000000209603002	shard_719_batch_3.tar	42776576	146191	634810880	1429156
341	2745	AF-0000000209603013	shard_775_batch_3.tar	51966976	175308	2062031360	2285493
341	3629	AF-0000000209603029	shard_745_batch_3.tar	102768640	158767	352192512	1817426
341	4417	AF-0000000209603047	shard_723_batch_3.tar	33347584	154532	416570880	1534768
341	5138	AF-0000000209603061	shard_663_batch_3.tar	52925440	123537	454173696	1049461
341	5406	AF-0000000209603067	shard_515_batch_3.tar	39527936	69456	220033024	337825
341	5461	AF-0000000209603070	shard_677_batch_3.tar	80364032	125466	1370593792	1121054
341	5524	AF-0000000209603071	shard_529_batch_3.tar	9667584	74844	353506816	375127
342	3314	AF-0000000209603092	shard_627_batch_3.tar	5844992	109758	764337152	837106
344	421	AF-0000000209603104	shard_487_batch_3.tar	3479040	54954	317237760	215034
344	1822	AF-0000000209603108	shard_493_batch_3.tar	26846208	61783	236916224	249898
350	1255	AF-0000000209603139	shard_865_batch_3.tar	12251648	283266	4662260736	5867853
351	1697	AF-0000000209603149	shard_615_batch_4.tar	50360832	107835	981894656	802471
352	2857	AF-0000000209603185	shard_827_batch_4.tar	146272768	223929	2766678016	3692270
353	560	AF-0000000209603191	shard_457_batch_4.tar	32595968	33121	105452032	56843
353	745	AF-0000000209603208	shard_461_batch_3.tar	20112896	39294	118317568	85345
353	1136	AF-0000000209603221	shard_467_batch_3.tar	11081216	45956	192348160	125521
353	1372	AF-0000000209603228	shard_485_batch_3.tar	29809664	53073	211529728	198698
353	2235	AF-0000000209603257	shard_465_batch_3.tar	20941312	42441	185339904	112151
353	2654	AF-0000000209603274	shard_459_batch_4.tar	6169088	36908	98636800	69939
353	2970	AF-0000000209603284	shard_645_batch_3.tar	113703936	114656	495137792	917891
353	3219	AF-0000000209603290	shard_463_batch_3.tar	297472	41347	106254848	108174
353	3942	AF-0000000209603317	shard_457_batch_4.tar	10448896	33886	61867520	55730
353	4854	AF-0000000209603348	shard_623_batch_3.tar	73089536	105195	592926208	768615
353	5090	AF-0000000209603358	shard_463_batch_3.tar	29647360	41084	130264576	98526
353	5425	AF-0000000209603371	shard_825_batch_3.tar	209828352	219140	437469696	3350698
353	5911	AF-0000000209603391	shard_481_batch_3.tar	4462592	55600	104955904	199689
355	769	AF-0000000209603395	shard_831_batch_4.tar	64202240	225673	3720315392	3853005
355	2072	AF-0000000209603399	shard_799_batch_4.tar	157006336	195862	3016601088	2815840
355	3098	AF-0000000209603400	shard_799_batch_4.tar	89546240	195107	513213440	2791456
356	1602	AF-0000000209603407	shard_669_batch_4.tar	43165696	124089	462924288	1119749
358	686	AF-0000000209603421	shard_683_batch_3.tar	42202112	132709	715186176	1127564
358	923	AF-0000000209603422	shard_709_batch_4.tar	70026752	143841	1538407936	1349285
358	1302	AF-0000000209603425	shard_551_batch_3.tar	71544832	84555	454244864	471532
358	1765	AF-0000000209603432	shard_705_batch_3.tar	77784576	139595	1364629504	1373530
358	1777	AF-0000000209603433	shard_549_batch_3.tar	40813568	84948	406164992	466432
358	2654	AF-0000000209603441	shard_499_batch_3.tar	60853760	65545	257536000	259888
358	3942	AF-0000000209603451	shard_493_batch_3.tar	32055296	62429	171462656	235464
358	4055	AF-0000000209603453	shard_557_batch_3.tar	14875648	87845	587609600	505123
358	4173	AF-0000000209603454	shard_581_batch_3.tar	75400704	94913	455288832	573139
358	4416	AF-0000000209603455	shard_707_batch_3.tar	36055552	138657	1124835840	1373348
358	5849	AF-0000000209603465	shard_625_batch_3.tar	105973760	108670	537478144	797637
360	2043	AF-0000000209603486	shard_757_batch_4.tar	143556608	163774	1655229952	1939176
360	2326	AF-0000000209603490	shard_541_batch_4.tar	78219776	77389	305999872	434069
360	2600	AF-0000000209603494	shard_589_batch_4.tar	80267264	94209	537424384	621064
360	3002	AF-0000000209603497	shard_737_batch_4.tar	55976960	152284	1427061248	1690649
360	5750	AF-0000000209603517	shard_823_batch_4.tar	116419584	213243	628329472	3201671
363	1476	AF-0000000209603537	shard_577_batch_3.tar	90982912	92365	462662144	591749
363	5231	AF-0000000209603576	shard_537_batch_4.tar	1859584	79072	178175488	415987
365	4797	AF-0000000209603582	shard_863_batch_4.tar	257292800	274723	1873699328	5714972
367	3756	AF-0000000209603607	shard_673_batch_3.tar	104695808	127872	630358528	1128295
372	484	AF-0000000209603707	shard_847_batch_4.tar	91237376	244311	1203460608	4273816
372	2733	AF-0000000209603716	shard_805_batch_4.tar	175663104	198774	618817024	2922585
372	5634	AF-0000000209603723	shard_851_batch_4.tar	238845952	255847	5093316608	4969443
373	781	AF-0000000209603749	shard_541_batch_4.tar	3945984	81664	520705536	451204
373	1259	AF-0000000209603784	shard_539_batch_4.tar	43999744	79542	399185408	425556
373	1918	AF-0000000209603816	shard_473_batch_3.tar	8723456	49631	129302528	150084
373	2861	AF-0000000209603873	shard_557_batch_4.tar	1153536	86753	281533440	522979
373	2989	AF-0000000209603882	shard_679_batch_4.tar	6031872	128047	1177633280	1188805
376	1881	AF-0000000209604065	shard_877_batch_4.tar	2138112	359163	1231411712	9369459
376	3159	AF-0000000209604067	shard_877_batch_4.tar	284123136	346854	6340752384	8619932
376	5907	AF-0000000209604071	shard_871_batch_4.tar	134239744	311955	3475554816	7187998
382	1631	AF-0000000209604107	shard_689_batch_3.tar	69456896	135925	916318208	1286517
384	3018	AF-0000000209604158	shard_875_batch_4.tar	285040128	324003	5071397376	7764743
384	5207	AF-0000000209604161	shard_807_batch_4.tar	77376000	197336	2659062272	2844641
384	5541	AF-0000000209604162	shard_807_batch_4.tar	163081728	197686	3319867392	2853077
392	5619	AF-0000000209604229	shard_679_batch_4.tar	19293696	127650	874277376	1150325
394	887	AF-0000000209604241	shard_783_batch_4.tar	133514752	179853	407741952	2467491
394	3222	AF-0000000209604267	shard_821_batch_4.tar	164636160	216519	1495262208	3438950
394	3396	AF-0000000209604269	shard_853_batch_4.tar	158734848	255415	1818820096	4950718
394	3483	AF-0000000209604273	shard_837_batch_4.tar	162796544	233049	3985906688	4048127
394	3510	AF-0000000209604274	shard_773_batch_4.tar	176412160	174405	2378989568	2277129
394	4753	AF-0000000209604290	shard_791_batch_4.tar	16315904	187591	819766784	2664443
394	5593	AF-0000000209604302	shard_817_batch_4.tar	49022464	209892	3112773632	3383515
395	5291	AF-0000000209604320	shard_721_batch_4.tar	76681728	147517	597573632	1546456
396	1889	AF-0000000209604331	shard_493_batch_4.tar	5381632	61474	227881984	246895
397	843	AF-0000000209604353	shard_457_batch_4.tar	26755584	32583	87437312	53551
399	1063	AF-0000000209604371	shard_571_batch_4.tar	4548608	89689	289843712	561631
399	2817	AF-0000000209604379	shard_573_batch_4.tar	88400896	89135	601797632	561027
399	3401	AF-0000000209604382	shard_819_batch_4.tar	69103616	213648	2626172928	3432063
400	597	AF-0000000209604410	shard_639_batch_4.tar	102495744	113535	337622016	922272
400	4204	AF-0000000209604422	shard_669_batch_4.tar	100680192	125088	584755712	1125363
401	756	AF-0000000209604433	shard_803_batch_4.tar	173470720	198515	1175911936	2831575
401	777	AF-0000000209604434	shard_831_batch_4.tar	5316096	226022	2721264128	3846656
401	1635	AF-0000000209604438	shard_793_batch_4.tar	117555712	191510	1684077056	2645268
401	1655	AF-0000000209604439	shard_797_batch_4.tar	91012096	193517	969811968	2735082
401	1762	AF-0000000209604440	shard_797_batch_4.tar	397312	193695	739801600	2706165
401	1833	AF-0000000209604442	shard_875_batch_4.tar	512	338383	5176187904	8927561
401	2112	AF-0000000209604446	shard_801_batch_4.tar	45326848	196769	1806015488	2779200
401	2502	AF-0000000209604450	shard_787_batch_4.tar	65992704	185977	1997470208	2405115
401	2704	AF-0000000209604452	shard_819_batch_4.tar	45515776	215489	1813212672	3362847
401	2886	AF-0000000209604454	shard_841_batch_4.tar	217166848	243097	1742976512	4458650
401	3118	AF-0000000209604456	shard_803_batch_4.tar	191826432	198953	2481420288	2884702
401	3367	AF-0000000209604460	shard_813_batch_4.tar	118678528	208340	641865728	3170434
401	3982	AF-0000000209604467	shard_823_batch_4.tar	71193600	216830	2641852928	3539221
401	4746	AF-0000000209604475	shard_793_batch_4.tar	190156288	192661	1049624576	2615883
401	5208	AF-0000000209604478	shard_801_batch_4.tar	110568960	197727	2652863488	2747491
401	5718	AF-0000000209604486	shard_853_batch_4.tar	155083776	259435	2539857920	4999486
402	837	AF-0000000209604487	shard_521_batch_4.tar	56452096	72524	283644416	306205
402	911	AF-0000000209604489	shard_561_batch_4.tar	4728320	87885	281034752	504206
402	5187	AF-0000000209604502	shard_673_batch_4.tar	43507712	126212	574807552	1106314
402	5521	AF-0000000209604503	shard_525_batch_4.tar	72738816	74991	229450752	349950
403	557	AF-0000000209604505	shard_793_batch_4.tar	91303936	185216	2360407040	2528157
404	3856	AF-0000000209604581	shard_817_batch_4.tar	192825344	212896	1612239872	3440581
405	5803	AF-0000000209604612	shard_835_batch_3.tar	204776960	230552	782930432	4116407
408	1416	AF-0000000209604639	shard_825_batch_4.tar	211018752	217654	549104640	3627877
408	3753	AF-0000000209604656	shard_853_batch_4.tar	43588096	254730	4466663424	4882272
408	5511	AF-0000000209604673	shard_857_batch_4.tar	51095552	264844	4305729024	5174359
409	2053	AF-0000000209604678	shard_747_batch_4.tar	96000512	155752	1415523328	1673991
409	5216	AF-0000000209604684	shard_765_batch_4.tar	165718528	167966	849537024	2064621
411	1898	AF-0000000209604692	shard_603_batch_4.tar	18389504	103091	264623104	722288
411	2423	AF-0000000209604694	shard_689_batch_4.tar	113909248	135147	794073600	1287565
411	2733	AF-0000000209604696	shard_773_batch_4.tar	161801216	177653	1405758464	2329977
413	919	AF-0000000209604704	shard_845_batch_3.tar	27043840	247183	2367323648	4403375
414	468	AF-0000000209604710	shard_873_batch_4.tar	156954624	317530	7413018112	7647372
414	1973	AF-0000000209604713	shard_859_batch_4.tar	51949056	273880	4244620800	5646983
414	2434	AF-0000000209604718	shard_797_batch_4.tar	65542656	193239	1048118784	2818373
414	2452	AF-0000000209604719	shard_849_batch_4.tar	183412736	254250	2029058560	5020258
414	4495	AF-0000000209604723	shard_855_batch_4.tar	48808448	263808	4774628864	5336226
414	4986	AF-0000000209604726	shard_857_batch_4.tar	9179648	268225	5216979456	5552379
416	1475	AF-0000000209604743	shard_857_batch_4.tar	179112960	265812	3947354624	4950153
416	1763	AF-0000000209604748	shard_849_batch_4.tar	240209920	254497	1042886656	4777406
416	3261	AF-0000000209604762	shard_875_batch_4.tar	27939328	337150	3314121728	7953443
416	4267	AF-0000000209604769	shard_833_batch_4.tar	219879936	231308	4208700416	3692814
416	4311	AF-0000000209604773	shard_831_batch_4.tar	89921024	227116	3940990976	3685546
418	3549	AF-0000000209604855	shard_723_batch_4.tar	22665216	147461	545205248	1569407
418	5170	AF-0000000209604882	shard_799_batch_4.tar	72504832	195181	2034168320	2746712
419	872	AF-0000000209604894	shard_825_batch_4.tar	112033792	220958	2029242880	3623898
419	1261	AF-0000000209604897	shard_827_batch_4.tar	208144896	225361	2979584512	3769859
419	1697	AF-0000000209604903	shard_823_batch_4.tar	179995136	219580	3459225088	3592365
419	2038	AF-0000000209604908	shard_873_batch_4.tar	247789568	319420	3445248000	7169834
419	4004	AF-0000000209604924	shard_821_batch_4.tar	5016064	218477	1620024320	3538933
419	4864	AF-0000000209604931	shard_819_batch_4.tar	129726464	216153	2739032064	3459303
419	4954	AF-0000000209604932	shard_875_batch_4.tar	305655808	326668	8423941120	7572684
419	5844	AF-0000000209604937	shard_833_batch_4.tar	97056768	231019	2548960768	3935837
420	1249	AF-0000000209604941	shard_813_batch_3.tar	202549248	208272	2318516736	3139814
420	1340	AF-0000000209604942	shard_789_batch_3.tar	137784832	185700	532393984	2631388
420	1518	AF-0000000209604943	shard_853_batch_3.tar	23014400	256705	3921416192	5138503
420	2224	AF-0000000209604955	shard_845_batch_3.tar	147011584	238816	1336078336	4259221
420	3221	AF-0000000209604962	shard_857_batch_3.tar	93611520	264605	5417451008	5345751
420	3828	AF-0000000209604970	shard_649_batch_3.tar	104808960	117096	749704704	1017289
420	4184	AF-0000000209604975	shard_811_batch_3.tar	141247488	203454	615169024	3027443
420	4645	AF-0000000209604977	shard_837_batch_3.tar	29512192	231372	3394910208	4037710
420	4708	AF-0000000209604978	shard_775_batch_3.tar	170314240	176882	1061437440	2355439
421	1822	AF-0000000209604992	shard_521_batch_4.tar	65777152	70370	448849408	357588
421	4677	AF-0000000209604996	shard_487_batch_4.tar	20156928	55898	123805184	221618
423	530	AF-0000000209605006	shard_771_batch_4.tar	112782336	175723	2171237376	2198505
423	872	AF-0000000209605008	shard_535_batch_4.tar	50213376	78466	169193472	422442
423	1512	AF-0000000209605013	shard_559_batch_4.tar	4948992	87381	219012608	510186
423	1749	AF-0000000209605014	shard_775_batch_4.tar	175301120	175876	2569084928	2234760
423	2269	AF-0000000209605017	shard_779_batch_4.tar	125164544	177990	1237863424	2287897
423	2623	AF-0000000209605018	shard_783_batch_4.tar	35989504	183080	2055202304	2466369
423	4478	AF-0000000209605031	shard_495_batch_4.tar	29253632	62579	312075776	259305
423	4603	AF-0000000209605032	shard_557_batch_4.tar	21589504	86245	392779264	526986
423	4676	AF-0000000209605033	shard_821_batch_4.tar	217600	214611	2673208832	3334067
423	4850	AF-0000000209605035	shard_751_batch_4.tar	123663872	161399	1899119104	1933884
423	5419	AF-0000000209605038	shard_727_batch_4.tar	5000704	151200	1028874752	1613458
423	5806	AF-0000000209605041	shard_823_batch_4.tar	23617536	217303	1071601152	3576312
423	5917	AF-0000000209605043	shard_731_batch_4.tar	87443456	153555	1206066176	1639245
426	805	AF-0000000209605054	shard_655_batch_4.tar	29009920	118865	991794176	1066900
426	3135	AF-0000000209605097	shard_647_batch_3.tar	29781504	115607	1001654784	1011501
426	3828	AF-0000000209605112	shard_559_batch_3.tar	59575296	86324	332972032	531553
426	4256	AF-0000000209605121	shard_713_batch_4.tar	116023296	143903	1559420928	1527842
426	4746	AF-0000000209605128	shard_565_batch_3.tar	62439936	88230	671748096	553843
426	5833	AF-0000000209605157	shard_691_batch_4.tar	91138560	128795	1160995328	1344530
428	1258	AF-0000000209605181	shard_461_batch_4.tar	17804800	39069	165656064	87255
428	1419	AF-0000000209605185	shard_527_batch_4.tar	22914048	75769	521460736	380702
428	1631	AF-0000000209605189	shard_499_batch_4.tar	55262208	64456	249030656	276356
428	2172	AF-0000000209605204	shard_467_batch_4.tar	31226880	45571	95400960	125878
428	2177	AF-0000000209605205	shard_489_batch_3.tar	14590464	59334	297984000	226463
428	2664	AF-0000000209605213	shard_467_batch_4.tar	2636288	46371	183476736	131822
428	3380	AF-0000000209605220	shard_459_batch_4.tar	24176128	37849	98245632	80230
428	4203	AF-0000000209605242	shard_547_batch_4.tar	64203776	82464	514208256	473848
428	4241	AF-0000000209605245	shard_461_batch_4.tar	17438208	39824	128265728	97440
428	5301	AF-0000000209605266	shard_459_batch_4.tar	16581120	38007	96126976	76253
428	5507	AF-0000000209605271	shard_467_batch_4.tar	16953856	45734	164970496	125734
430	718	AF-0000000209605289	shard_669_batch_3.tar	13814784	125081	1282876416	1097462
430	2217	AF-0000000209605300	shard_601_batch_3.tar	2033152	99842	770325504	689261
430	2342	AF-0000000209605301	shard_707_batch_3.tar	74869760	140298	690921984	1393366
430	2450	AF-0000000209605304	shard_695_batch_3.tar	111197184	136216	1262583808	1369031
430	4893	AF-0000000209605323	shard_817_batch_3.tar	181425152	214635	2937185280	3311652
430	5266	AF-0000000209605328	shard_843_batch_3.tar	28626432	239273	2791341056	4213093
431	618	AF-0000000209605332	shard_779_batch_4.tar	132651008	180679	1242582528	2317984
432	900	AF-0000000209605370	shard_465_batch_3.tar	36421632	42606	101742592	110787
432	2605	AF-0000000209605396	shard_569_batch_3.tar	23401472	89344	594730496	566305
432	3038	AF-0000000209605408	shard_701_batch_3.tar	40708096	133267	1372003840	1240826
433	734	AF-0000000209605453	shard_563_batch_3.tar	71806976	85554	333832704	556210
433	1327	AF-0000000209605460	shard_601_batch_4.tar	35205632	98569	539018752	713212
433	1875	AF-0000000209605469	shard_785_batch_4.tar	113055232	182071	2254940672	2527980
433	2432	AF-0000000209605476	shard_737_batch_4.tar	17182208	152037	1013255168	1805082
433	3456	AF-0000000209605487	shard_629_batch_4.tar	11223552	107571	811586048	842161
433	4184	AF-0000000209605499	shard_757_batch_4.tar	163976704	162839	1175442432	1910271
433	4347	AF-0000000209605500	shard_589_batch_3.tar	23226368	94405	458257408	686341
433	4711	AF-0000000209605503	shard_627_batch_4.tar	38143488	106698	436134400	896132
433	5293	AF-0000000209605504	shard_839_batch_4.tar	143008256	238969	715789312	4235158
433	5473	AF-0000000209605506	shard_643_batch_4.tar	108007936	111238	1057819136	952468
434	2182	AF-0000000209605515	shard_837_batch_4.tar	170118656	233266	1334525440	4021746
434	2418	AF-0000000209605517	shard_823_batch_4.tar	73855488	217180	937382912	3451669
434	2612	AF-0000000209605521	shard_823_batch_4.tar	187035136	216386	1348819456	3432616
434	5739	AF-0000000209605530	shard_817_batch_4.tar	32320512	211268	1876175872	3231637
435	4227	AF-0000000209605537	shard_817_batch_4.tar	140129792	213181	977408512	3194565
438	753	AF-0000000209605552	shard_645_batch_4.tar	80033280	116718	782520832	945877
438	1114	AF-0000000209605558	shard_781_batch_4.tar	35148288	183596	2438416384	2385086
438	1259	AF-0000000209605564	shard_677_batch_4.tar	33703424	128056	943445504	1165891
438	1444	AF-0000000209605567	shard_761_batch_4.tar	92612096	168219	1866427904	2030208
438	2629	AF-0000000209605581	shard_701_batch_4.tar	74279936	137946	1438422016	1344978
438	3930	AF-0000000209605593	shard_779_batch_4.tar	8207360	180936	748758016	2243836
438	4009	AF-0000000209605594	shard_799_batch_4.tar	141603840	191813	3121972736	2575583
438	4095	AF-0000000209605596	shard_605_batch_4.tar	42838528	102771	394929664	720739
438	4099	AF-0000000209605597	shard_837_batch_4.tar	86750208	236394	3738061824	4038922
438	4389	AF-0000000209605601	shard_609_batch_4.tar	2626560	104972	327540736	739864
441	904	AF-0000000209605637	shard_509_batch_3.tar	25168896	68030	240180736	288726
441	3890	AF-0000000209605638	shard_461_batch_3.tar	3166720	39263	90157056	92748
442	2046	AF-0000000209605652	shard_731_batch_3.tar	121294848	153303	1358156800	1755198
442	3368	AF-0000000209605663	shard_709_batch_3.tar	3674624	142397	1425720320	1502839
443	1443	AF-0000000209605694	shard_833_batch_4.tar	14169600	224647	2039528448	3653643
443	1957	AF-0000000209605708	shard_505_batch_4.tar	53167104	62123	135288320	295013
443	2642	AF-0000000209605717	shard_509_batch_4.tar	38938112	64328	188817920	311490
443	2759	AF-0000000209605722	shard_691_batch_4.tar	133993472	130288	1086563328	1219693
443	3530	AF-0000000209605742	shard_537_batch_4.tar	49830400	74933	320936448	410557
443	3707	AF-0000000209605743	shard_687_batch_4.tar	98376192	125306	615793152	1188172
443	4533	AF-0000000209605755	shard_599_batch_4.tar	72486400	96201	443453440	685853
443	4657	AF-0000000209605757	shard_641_batch_4.tar	18594816	110590	984757760	909256
443	4717	AF-0000000209605758	shard_585_batch_4.tar	59999232	91578	193409536	599501
444	1617	AF-0000000209605794	shard_771_batch_4.tar	119348736	172252	956230656	2313914
446	1743	AF-0000000209605837	shard_767_batch_4.tar	69340160	173621	1148572672	2140735
446	5010	AF-0000000209605844	shard_713_batch_4.tar	1293312	145619	1732713984	1441551
446	5889	AF-0000000209605845	shard_699_batch_4.tar	15451136	139997	1451221504	1326068
448	610	AF-0000000209605860	shard_859_batch_3.tar	99864064	272165	4545507328	5136437
448	648	AF-0000000209605861	shard_761_batch_3.tar	38155264	167281	1645231616	1935439
448	659	AF-0000000209605862	shard_819_batch_3.tar	209767936	214275	566291968	3212687
448	735	AF-0000000209605867	shard_807_batch_3.tar	110206976	200142	2965022720	2783753
448	1081	AF-0000000209605874	shard_829_batch_3.tar	92535296	224168	1774473728	3529991
448	2600	AF-0000000209605893	shard_759_batch_3.tar	157735936	168078	502705152	1928368
448	2970	AF-0000000209605899	shard_827_batch_3.tar	152491008	222090	925960192	3532531
448	3090	AF-0000000209605900	shard_787_batch_3.tar	17478656	187929	2320430592	2416093
448	4309	AF-0000000209605924	shard_873_batch_4.tar	12171264	313028	7039947264	6917437
448	4334	AF-0000000209605925	shard_823_batch_3.tar	216951296	216392	2005090304	3431308
448	4417	AF-0000000209605926	shard_837_batch_3.tar	42597376	241355	892651520	4027828
448	4537	AF-0000000209605929	shard_819_batch_3.tar	23010816	214294	2229280256	3128421
448	5313	AF-0000000209605942	shard_779_batch_3.tar	150956032	180386	1915799040	2230260
448	5819	AF-0000000209605953	shard_787_batch_3.tar	55605760	190043	586887168	2331805
450	1342	AF-0000000209605970	shard_861_batch_4.tar	141941248	274485	3106572800	5711882
450	3067	AF-0000000209605973	shard_867_batch_4.tar	107814400	292106	1915636224	6356259
450	4379	AF-0000000209605974	shard_869_batch_4.tar	105485312	294401	6556164608	6461562
453	2418	AF-0000000209605999	shard_581_batch_3.tar	12661760	93974	493807104	614015
454	620	AF-0000000209606002	shard_555_batch_4.tar	22115328	83267	500177920	500106
455	2207	AF-0000000209606012	shard_639_batch_4.tar	17812480	113149	474175488	962300
455	2500	AF-0000000209606014	shard_627_batch_4.tar	34354176	108618	1023003648	882327
455	4238	AF-0000000209606017	shard_785_batch_4.tar	134161920	181835	422518272	2547086
455	5064	AF-0000000209606020	shard_831_batch_4.tar	48346624	221895	3645283328	3897643
456	5792	AF-0000000209606031	shard_557_batch_4.tar	25361920	84277	188857344	490139
457	636	AF-0000000209606032	shard_677_batch_3.tar	34684928	124182	392507392	1128989
457	4485	AF-0000000209606048	shard_651_batch_3.tar	4274688	114857	310004224	924409
461	5431	AF-0000000209606120	shard_639_batch_4.tar	51999232	112105	580042752	876712
462	1335	AF-0000000209606125	shard_871_batch_3.tar	272671744	303152	798979584	6716634
462	4991	AF-0000000209606136	shard_867_batch_4.tar	293161472	292420	4423217664	6252537
463	604	AF-0000000209606140	shard_459_batch_4.tar	27197440	35376	146477568	73318
463	1185	AF-0000000209606142	shard_471_batch_3.tar	10311680	46666	179434496	148651
463	2746	AF-0000000209606160	shard_493_batch_4.tar	57207296	58867	245028864	230057
463	4849	AF-0000000209606177	shard_497_batch_4.tar	6005248	59112	346916864	249024
464	1193	AF-0000000209606199	shard_801_batch_4.tar	89798144	191017	1985376256	2659993
464	2406	AF-0000000209606212	shard_497_batch_3.tar	17077248	63879	236884992	252082
464	2439	AF-0000000209606213	shard_739_batch_4.tar	12660224	150432	1460613120	1529208
464	2865	AF-0000000209606224	shard_567_batch_3.tar	25475072	88692	272481280	562327
464	3038	AF-0000000209606230	shard_699_batch_4.tar	125048320	132655	1066288128	1196443
465	4780	AF-0000000209606285	shard_627_batch_3.tar	6179328	108146	363879936	838830
470	4057	AF-0000000209606354	shard_877_batch_4.tar	332305408	356337	6121291264	10065993
471	1307	AF-0000000209606367	shard_837_batch_3.tar	28102144	232552	2775244800	3821375
471	1958	AF-0000000209606371	shard_681_batch_3.tar	69565440	128884	765311488	1145983
471	2211	AF-0000000209606372	shard_831_batch_3.tar	113761280	226332	1679778304	3693223
471	2294	AF-0000000209606373	shard_763_batch_3.tar	29952000	168960	655216640	2054711
471	3183	AF-0000000209606386	shard_811_batch_3.tar	67215872	204103	2753262080	3131375
471	4571	AF-0000000209606392	shard_851_batch_3.tar	68697088	248933	5001410560	4346246
471	5097	AF-0000000209606402	shard_771_batch_3.tar	156534272	174705	982358528	2152786
471	5288	AF-0000000209606403	shard_675_batch_3.tar	22094336	127533	861741056	1126406
471	5325	AF-0000000209606404	shard_713_batch_3.tar	129119232	144141	656142336	1450278
471	5692	AF-0000000209606405	shard_803_batch_3.tar	137249280	199750	3140666368	2776865
473	5191	AF-0000000209606413	shard_665_batch_4.tar	14390784	122108	717179904	1086262
478	870	AF-0000000209606502	shard_627_batch_4.tar	89872896	110864	809871360	838874
478	1095	AF-0000000209606518	shard_721_batch_4.tar	49533952	147605	1441986560	1550187
478	1437	AF-0000000209606539	shard_843_batch_4.tar	228187648	243494	2331930112	4587608
478	2358	AF-0000000209606586	shard_667_batch_4.tar	102405120	125809	972975104	1038560
478	2394	AF-0000000209606592	shard_687_batch_4.tar	113960960	133928	1107429376	1270842
478	2432	AF-0000000209606596	shard_763_batch_4.tar	18949632	169437	797089792	2109440
478	3002	AF-0000000209606629	shard_759_batch_4.tar	72268800	169014	1134041600	2083010
478	3531	AF-0000000209606654	shard_617_batch_4.tar	19160064	108256	985077760	783574
478	3653	AF-0000000209606665	shard_651_batch_4.tar	82532864	120268	948818944	1002349
478	3842	AF-0000000209606678	shard_599_batch_4.tar	68286464	100679	505614848	696011
478	3855	AF-0000000209606681	shard_685_batch_4.tar	54186496	133830	1390646272	1249192
478	4192	AF-0000000209606697	shard_689_batch_4.tar	11517952	135134	1485846016	1297888
478	4203	AF-0000000209606698	shard_689_batch_4.tar	78359552	134228	580318720	1262682
478	4712	AF-0000000209606726	shard_693_batch_4.tar	47157760	137198	561176576	1260857
478	4937	AF-0000000209606746	shard_677_batch_4.tar	46723072	128974	972936192	1135123
478	5507	AF-0000000209606782	shard_587_batch_4.tar	8733696	97731	508345344	633846
478	5754	AF-0000000209606795	shard_605_batch_4.tar	1664000	102921	511838720	729128
478	5758	AF-0000000209606796	shard_683_batch_4.tar	48796672	132482	522965504	1174955
478	5775	AF-0000000209606800	shard_643_batch_4.tar	7026176	117696	375443456	921709
479	2630	AF-0000000209606806	shard_759_batch_4.tar	56002048	164948	688476160	1789027
479	3266	AF-0000000209606808	shard_879_batch_3.tar	125446656	377792	1828766208	9502150
479	5387	AF-0000000209606813	shard_813_batch_4.tar	172852736	207245	2348241408	2951791
479	5461	AF-0000000209606814	shard_841_batch_4.tar	111937024	235804	986380800	3938638
481	2476	AF-0000000209606843	shard_813_batch_3.tar	160976384	208732	2608200704	2982317
481	2750	AF-0000000209606846	shard_811_batch_3.tar	142886400	200202	2020057600	2816676
481	4326	AF-0000000209606854	shard_519_batch_3.tar	48622592	71487	336829952	351426
483	2736	AF-0000000209606876	shard_713_batch_3.tar	61766144	141712	1381923328	1477071
484	1359	AF-0000000209606887	shard_787_batch_3.tar	150754304	184337	1877595136	2388081
485	3945	AF-0000000209606925	shard_667_batch_4.tar	80712704	123360	631435264	1112043
487	591	AF-0000000209606929	shard_821_batch_3.tar	53488640	213705	1065832960	3503391
487	4225	AF-0000000209606961	shard_661_batch_3.tar	84148736	120257	828061184	1099370
487	4276	AF-0000000209606962	shard_681_batch_3.tar	22552064	129691	1426810880	1260781
487	4348	AF-0000000209606965	shard_659_batch_3.tar	19507712	120301	1054194688	1087849
487	5397	AF-0000000209606972	shard_761_batch_3.tar	3027456	169193	1492508160	2200854
487	5431	AF-0000000209606973	shard_711_batch_3.tar	94515200	142748	1681419264	1533534
487	5869	AF-0000000209606975	shard_771_batch_4.tar	56937472	172931	1530195968	2187818
489	1364	AF-0000000209606981	shard_867_batch_4.tar	243114496	292482	4355284992	6176399
489	5782	AF-0000000209606991	shard_871_batch_4.tar	251190272	310117	4962735104	7009474
490	1047	AF-0000000209606992	shard_783_batch_3.tar	87313408	182284	870331392	2399852
492	544	AF-0000000209606996	shard_623_batch_3.tar	53688320	107429	409238016	833725
492	1815	AF-0000000209606998	shard_707_batch_3.tar	427008	137469	452527104	1450045
494	1961	AF-0000000209607009	shard_505_batch_3.tar	30134272	67730	179111424	301108
495	1227	AF-0000000209607033	shard_741_batch_4.tar	57576960	157865	745090560	1846508
495	3658	AF-0000000209607039	shard_839_batch_4.tar	231514112	235889	4076218368	4297684
496	1081	AF-0000000209607051	shard_681_batch_4.tar	62370816	129570	554204672	1202542
496	2484	AF-0000000209607062	shard_637_batch_4.tar	12662272	113152	770996224	877774
496	2613	AF-0000000209607064	shard_713_batch_4.tar	7742464	145079	591904256	1532636
496	5160	AF-0000000209607091	shard_543_batch_3.tar	29416960	79419	301193728	439332
496	5313	AF-0000000209607094	shard_557_batch_3.tar	65242624	85048	347609600	509579
497	812	AF-0000000209607101	shard_557_batch_4.tar	30715904	85529	649542656	505565
497	1814	AF-0000000209607102	shard_601_batch_4.tar	35713536	100655	661495808	715121
498	4583	AF-0000000209607105	shard_737_batch_4.tar	29610496	151183	1182910976	1628115
501	4341	AF-0000000209607161	shard_735_batch_4.tar	51072512	149754	1873725952	1755277
503	5097	AF-0000000209607240	shard_765_batch_3.tar	163433984	169371	1965263360	1998347
503	5325	AF-0000000209607242	shard_703_batch_4.tar	115517952	138621	348037632	1346636
505	619	AF-0000000209607248	shard_735_batch_3.tar	43436032	152656	692855296	1738594
505	878	AF-0000000209607256	shard_657_batch_3.tar	69240320	118786	870090752	999638
505	1229	AF-0000000209607265	shard_623_batch_3.tar	76898304	108299	792136192	797380
505	3151	AF-0000000209607304	shard_809_batch_3.tar	73938432	200667	607588352	2974305
505	5016	AF-0000000209607338	shard_553_batch_3.tar	57562624	83016	344202240	473550
505	5159	AF-0000000209607343	shard_791_batch_3.tar	64897024	187928	2814268928	2468049
505	5171	AF-0000000209607344	shard_575_batch_3.tar	87215104	92227	391436800	573663
506	594	AF-0000000209607357	shard_729_batch_4.tar	130844672	145182	1111041024	1638182
506	1045	AF-0000000209607360	shard_865_batch_4.tar	239853056	283579	5978513408	6235436
506	2690	AF-0000000209607368	shard_683_batch_4.tar	127852032	127420	1279483904	1212620
506	2861	AF-0000000209607370	shard_741_batch_4.tar	48655360	152568	698925056	1786253
507	4260	AF-0000000209607380	shard_865_batch_4.tar	40730624	281817	2198986240	5604160
509	594	AF-0000000209607384	shard_593_batch_4.tar	99979264	96519	487519744	674261
509	1164	AF-0000000209607388	shard_853_batch_4.tar	115631616	253501	1715275264	4550388
509	1264	AF-0000000209607391	shard_749_batch_4.tar	48004096	161951	1175404032	1827106
509	3805	AF-0000000209607424	shard_517_batch_4.tar	15988224	70441	425859584	348694
511	647	AF-0000000209607459	shard_665_batch_4.tar	14139904	123739	631766528	1134484
511	5157	AF-0000000209607474	shard_805_batch_4.tar	104546816	202848	1225400832	3111712
516	1335	AF-0000000209607491	shard_729_batch_4.tar	107267584	153854	588080640	1690428
516	1535	AF-0000000209607495	shard_649_batch_4.tar	88155648	116340	655578624	949548
516	2550	AF-0000000209607505	shard_581_batch_4.tar	52182016	92778	632501248	563776
516	3103	AF-0000000209607508	shard_767_batch_4.tar	697344	170869	2033715200	2255217
516	3627	AF-0000000209607518	shard_655_batch_4.tar	120494080	117884	1021231104	965362
516	5255	AF-0000000209607537	shard_591_batch_4.tar	16644096	97919	581060096	631287
517	5095	AF-0000000209607544	shard_783_batch_3.tar	147348992	180165	2094820864	2292612
517	5168	AF-0000000209607546	shard_773_batch_3.tar	84492288	172087	2258946048	2078434
518	5710	AF-0000000209607560	shard_765_batch_4.tar	157240320	172167	1436632064	2125878
519	530	AF-0000000209607562	shard_761_batch_3.tar	51824640	168404	1715985408	2035558
519	919	AF-0000000209607564	shard_775_batch_3.tar	87607296	179129	1903350272	2321349
519	4004	AF-0000000209607584	shard_511_batch_3.tar	31405056	69101	149996032	310220
519	5078	AF-0000000209607593	shard_689_batch_3.tar	116638208	132050	422547968	1274800
519	5796	AF-0000000209607594	shard_773_batch_4.tar	82546176	177952	672525824	2220233
521	523	AF-0000000209607600	shard_701_batch_4.tar	282112	136238	361870848	1338398
521	3098	AF-0000000209607615	shard_551_batch_4.tar	23246848	82874	636886016	453859
521	3255	AF-0000000209607616	shard_863_batch_4.tar	220727296	265676	2615235072	5284111
521	3904	AF-0000000209607621	shard_853_batch_4.tar	23217664	258791	5053531136	5015428
521	4105	AF-0000000209607623	shard_703_batch_4.tar	101028864	134782	1003447296	1391072
521	4348	AF-0000000209607628	shard_503_batch_4.tar	30004224	64476	370859520	274273
521	5831	AF-0000000209607635	shard_503_batch_4.tar	38743040	63989	341713920	275511
521	5864	AF-0000000209607636	shard_595_batch_4.tar	94432256	97545	680460800	664621
522	1019	AF-0000000209607639	shard_817_batch_4.tar	79683072	206193	2078829056	3158480
523	1407	AF-0000000209607652	shard_859_batch_4.tar	27850752	271390	3560414720	5503185
523	1666	AF-0000000209607655	shard_803_batch_4.tar	116691456	195611	2552613888	2889395
523	2105	AF-0000000209607658	shard_821_batch_4.tar	107623936	215266	3429011456	3295975
523	3061	AF-0000000209607666	shard_855_batch_4.tar	99764736	256741	4630833664	4953944
523	3255	AF-0000000209607668	shard_875_batch_4.tar	145401856	310493	3938689024	7179429
523	3518	AF-0000000209607669	shard_773_batch_4.tar	134154752	173511	1043159040	2165617
523	3773	AF-0000000209607672	shard_783_batch_4.tar	165068800	175804	996657664	2314378
523	4099	AF-0000000209607673	shard_849_batch_4.tar	224178688	253863	4666072064	4835850
523	4105	AF-0000000209607674	shard_785_batch_4.tar	163338752	180330	2225593856	2504536
523	4547	AF-0000000209607678	shard_867_batch_4.tar	188623360	289819	6666789376	5940329
523	5095	AF-0000000209607682	shard_811_batch_4.tar	38329856	204347	991078400	2964088
523	5925	AF-0000000209607685	shard_847_batch_4.tar	72895488	240260	587178496	4160299
523	5929	AF-0000000209607686	shard_845_batch_4.tar	182604288	244399	4718039552	4549746
523	5933	AF-0000000209607687	shard_793_batch_4.tar	97857536	189699	1353105920	2667342
524	585	AF-0000000209607688	shard_699_batch_4.tar	109326848	136078	630920192	1376092
524	4562	AF-0000000209607689	shard_771_batch_4.tar	115442688	174692	1791007744	2245160
527	3420	AF-0000000209607722	shard_655_batch_4.tar	15179776	119667	311572992	1026687
528	923	AF-0000000209607746	shard_761_batch_4.tar	146124800	167638	449339392	2005281
528	1302	AF-0000000209607751	shard_629_batch_4.tar	17479680	108680	977693184	838120
528	1935	AF-0000000209607762	shard_655_batch_4.tar	33512448	118517	1169883648	1035862
528	2300	AF-0000000209607769	shard_623_batch_4.tar	79138816	106748	997248000	798256
528	2791	AF-0000000209607775	shard_831_batch_4.tar	151760384	226992	2500858880	3803418
528	3435	AF-0000000209607785	shard_851_batch_4.tar	204526592	247619	2177175552	4534097
528	3471	AF-0000000209607786	shard_675_batch_4.tar	84651520	125148	1108828672	1166865
528	3526	AF-0000000209607788	shard_691_batch_4.tar	30011392	133721	1464113152	1264078
528	5459	AF-0000000209607826	shard_777_batch_4.tar	160360448	176303	1868976640	2286248
529	764	AF-0000000209607849	shard_529_batch_3.tar	74474496	76341	416756224	392474
529	1419	AF-0000000209607881	shard_549_batch_3.tar	58579456	84023	467107328	485153
529	1855	AF-0000000209607897	shard_779_batch_3.tar	172555776	178432	524213760	2117925
529	2170	AF-0000000209607917	shard_483_batch_3.tar	32364032	56477	289821184	204927
529	2438	AF-0000000209607928	shard_465_batch_3.tar	42785280	45552	119540736	124900
529	3132	AF-0000000209607955	shard_531_batch_3.tar	37010944	74659	471973376	399747
529	3534	AF-0000000209607979	shard_547_batch_3.tar	77894656	83672	609414656	474387
529	3616	AF-0000000209607984	shard_475_batch_3.tar	43382272	51081	228883456	161334
529	4009	AF-0000000209607996	shard_719_batch_3.tar	112240128	142073	1194534400	1453067
529	4268	AF-0000000209608007	shard_489_batch_3.tar	38153216	58938	181763584	222537
529	4714	AF-0000000209608023	shard_519_batch_3.tar	67930112	73691	166909440	365426
529	4746	AF-0000000209608026	shard_475_batch_3.tar	5809152	52629	225411584	167595
529	5016	AF-0000000209608043	shard_465_batch_3.tar	1205760	43236	188779008	118348
529	5928	AF-0000000209608087	shard_535_batch_3.tar	6201344	80301	281623552	419652
530	4146	AF-0000000209608111	shard_871_batch_3.tar	4947456	308086	3591730688	6801344
530	4678	AF-0000000209608118	shard_767_batch_3.tar	168029184	172298	1481528320	1988978
532	2254	AF-0000000209608166	shard_649_batch_3.tar	98184704	118181	886223360	970861
532	2664	AF-0000000209608168	shard_591_batch_3.tar	74627584	97181	282076160	653040
532	2918	AF-0000000209608169	shard_597_batch_3.tar	62674432	100643	309617664	683686
532	3534	AF-0000000209608175	shard_669_batch_3.tar	53764608	125921	272198144	1113164
532	4714	AF-0000000209608193	shard_643_batch_3.tar	43501568	116732	798674432	923970
532	4820	AF-0000000209608194	shard_593_batch_3.tar	11942400	98484	634135552	671973
532	5489	AF-0000000209608201	shard_585_batch_3.tar	59078656	96167	698013184	622770
537	3719	AF-0000000209608282	shard_707_batch_3.tar	96842240	141149	1612034048	1468436
537	4023	AF-0000000209608285	shard_669_batch_3.tar	116446208	124330	309764096	1143272
542	2561	AF-0000000209608333	shard_693_batch_4.tar	46327808	135539	544485888	1324261
542	3445	AF-0000000209608338	shard_847_batch_4.tar	100812800	248417	917591040	4754510
543	1403	AF-0000000209608354	shard_763_batch_4.tar	28902400	173945	1707907072	1923210
543	1817	AF-0000000209608358	shard_797_batch_4.tar	108102656	198383	2905945600	2763850
543	1994	AF-0000000209608359	shard_713_batch_4.tar	63366656	144556	362033664	1477462
543	2406	AF-0000000209608360	shard_661_batch_4.tar	77510144	125755	398338048	1043464
543	3903	AF-0000000209608363	shard_655_batch_4.tar	72398336	123583	384485888	997844
543	3962	AF-0000000209608364	shard_717_batch_4.tar	3396096	148340	1627811840	1457674
543	4406	AF-0000000209608366	shard_701_batch_4.tar	98930176	140391	1120317952	1357125
543	5013	AF-0000000209608374	shard_829_batch_4.tar	222110208	223888	3832192512	3464931
543	5146	AF-0000000209608375	shard_667_batch_4.tar	17771008	127573	580976640	1059460
544	791	AF-0000000209608377	shard_707_batch_3.tar	77537792	138642	810161664	1444108
544	2097	AF-0000000209608395	shard_573_batch_3.tar	84201984	90971	406473216	577969
544	3329	AF-0000000209608417	shard_551_batch_3.tar	64062464	83360	634035200	481470
544	3955	AF-0000000209608428	shard_739_batch_3.tar	145833984	156678	1707172352	1785997
544	4205	AF-0000000209608431	shard_645_batch_3.tar	82375680	116282	522411520	909186
544	4206	AF-0000000209608432	shard_565_batch_3.tar	81044480	88674	619606528	530560
544	4996	AF-0000000209608438	shard_581_batch_3.tar	72829440	94024	481653248	623246
544	5623	AF-0000000209608450	shard_811_batch_4.tar	173864448	204649	480999424	3077784
545	849	AF-0000000209608464	shard_625_batch_4.tar	85368320	109836	904995328	834493
545	1166	AF-0000000209608469	shard_669_batch_3.tar	100407296	124143	1008161280	1116954
545	3007	AF-0000000209608525	shard_487_batch_3.tar	14188032	57819	163082752	215515
545	3034	AF-0000000209608527	shard_633_batch_4.tar	74560512	109379	681566720	813291
545	3956	AF-0000000209608556	shard_483_batch_3.tar	15269376	56987	179465728	204451
545	4846	AF-0000000209608574	shard_487_batch_3.tar	50548224	58335	173916160	214672
545	4978	AF-0000000209608578	shard_821_batch_3.tar	80706560	216952	950520832	3481291
548	769	AF-0000000209608620	shard_679_batch_3.tar	63556096	128775	1150866944	1203360
548	1290	AF-0000000209608625	shard_811_batch_3.tar	204800	210506	2564276224	3034804
548	2268	AF-0000000209608635	shard_725_batch_3.tar	33652224	147776	1490315776	1505936
548	2409	AF-0000000209608637	shard_759_batch_3.tar	66929152	167879	1680477696	2105453
548	2700	AF-0000000209608642	shard_783_batch_3.tar	82921472	182506	1584585216	2413185
548	2966	AF-0000000209608644	shard_639_batch_3.tar	25079808	112779	741946880	892542
548	4488	AF-0000000209608660	shard_547_batch_3.tar	71760896	82346	182949376	466780
548	4860	AF-0000000209608663	shard_797_batch_3.tar	164146176	192056	1400849920	2633106
549	2133	AF-0000000209608687	shard_617_batch_4.tar	96199168	107816	468649472	805320
549	4675	AF-0000000209608694	shard_635_batch_4.tar	34302464	111250	725900800	870106
550	5792	AF-0000000209608709	shard_839_batch_3.tar	9991680	231514	1334884352	3767174
551	2134	AF-0000000209608729	shard_859_batch_4.tar	117602816	266722	2495518720	5367363
551	2166	AF-0000000209608731	shard_827_batch_4.tar	111728640	217831	667433984	3396022
551	4119	AF-0000000209608757	shard_623_batch_4.tar	107003392	107471	998047232	845511
551	5398	AF-0000000209608771	shard_569_batch_4.tar	22794752	90436	495558144	573062
552	1425	AF-0000000209608778	shard_871_batch_4.tar	150397952	307494	5046134784	6553857
553	5598	AF-0000000209608803	shard_571_batch_3.tar	41728000	90004	658035200	558873
555	2704	AF-0000000209608824	shard_703_batch_4.tar	100747776	140286	576260608	1383985
555	3124	AF-0000000209608825	shard_799_batch_3.tar	24203264	196280	3038712320	2739434
555	4746	AF-0000000209608843	shard_645_batch_3.tar	23934464	117040	498825216	917198
555	5208	AF-0000000209608848	shard_659_batch_3.tar	116552192	122287	1077232128	992521
557	950	AF-0000000209608878	shard_815_batch_4.tar	210083328	208319	867244032	3140367
557	1294	AF-0000000209608885	shard_871_batch_4.tar	31217664	306955	1104820224	6840574
557	2424	AF-0000000209608917	shard_791_batch_4.tar	35072000	185918	1355811328	2602607
557	3208	AF-0000000209608943	shard_831_batch_4.tar	129930240	224816	3537185792	3657914
557	3585	AF-0000000209608951	shard_867_batch_4.tar	246068224	285499	1710618624	5867556
557	4260	AF-0000000209608965	shard_867_batch_4.tar	274048000	285356	593435136	5778328
560	745	AF-0000000209609029	shard_459_batch_4.tar	24515072	36507	96460800	71633
560	1372	AF-0000000209609046	shard_479_batch_4.tar	28931072	50177	279933952	175440
560	2235	AF-0000000209609075	shard_463_batch_4.tar	20392960	40076	120052736	96443
560	2654	AF-0000000209609087	shard_457_batch_4.tar	16026112	34041	61528576	56874
560	3219	AF-0000000209609098	shard_461_batch_4.tar	7117312	38611	117485568	88698
560	4029	AF-0000000209609122	shard_457_batch_4.tar	625152	34041	112039424	62690
560	4766	AF-0000000209609144	shard_627_batch_4.tar	51303424	105764	894531584	765744
560	5090	AF-0000000209609154	shard_461_batch_4.tar	32480768	38059	137809408	81102
560	5551	AF-0000000209609175	shard_459_batch_4.tar	6057984	36201	89715712	70816
560	5567	AF-0000000209609176	shard_1101_batch_4.tar	2178048	38643	115613184	90204
560	5911	AF-0000000209609187	shard_477_batch_4.tar	30436864	52955	243102208	176443
561	665	AF-0000000209609189	shard_851_batch_4.tar	128393728	250270	2153451520	4483365
561	736	AF-0000000209609190	shard_861_batch_4.tar	32192000	271429	4511477760	5368731
561	881	AF-0000000209609192	shard_879_batch_3.tar	17224192	370164	1259115008	9657267
561	2198	AF-0000000209609201	shard_793_batch_4.tar	60167168	188053	1342864384	2451029
561	5908	AF-0000000209609207	shard_805_batch_4.tar	142581248	196557	3044876288	2785856
562	1216	AF-0000000209609211	shard_639_batch_3.tar	64233472	113420	468112896	901634
562	1227	AF-0000000209609212	shard_661_batch_3.tar	65997312	123766	1217255936	1075881
562	3400	AF-0000000209609227	shard_491_batch_3.tar	47948800	59999	298912256	229288
562	5229	AF-0000000209609236	shard_555_batch_3.tar	24801280	86008	452915712	489177
565	2385	AF-0000000209609311	shard_781_batch_4.tar	117091328	184575	2027846144	2371215
565	4173	AF-0000000209609328	shard_525_batch_3.tar	3877376	75352	402761728	352988
565	4416	AF-0000000209609329	shard_659_batch_4.tar	96092160	119444	792126976	1053885
565	4588	AF-0000000209609330	shard_589_batch_3.tar	19638272	96547	349199872	677737
565	4902	AF-0000000209609335	shard_477_batch_3.tar	24737792	53315	168912384	171726
567	579	AF-0000000209609361	shard_749_batch_3.tar	153581568	162005	1109931520	1920135
567	1894	AF-0000000209609375	shard_581_batch_3.tar	39335936	93297	380900864	615549
569	4303	AF-0000000209609424	shard_821_batch_4.tar	56410624	216183	3735223296	3390835
570	5408	AF-0000000209609432	shard_549_batch_4.tar	24387584	81355	492639744	474533
571	668	AF-0000000209609433	shard_767_batch_4.tar	130340352	165672	1563863552	2180334
571	1235	AF-0000000209609436	shard_675_batch_4.tar	122136064	125267	368436736	1194458
573	802	AF-0000000209609451	shard_851_batch_4.tar	96578560	257250	2435715072	4912949
574	872	AF-0000000209609453	shard_555_batch_4.tar	21601280	83838	196756480	502352
574	3289	AF-0000000209609455	shard_811_batch_4.tar	108034560	203199	963551744	2850713
574	3854	AF-0000000209609457	shard_555_batch_4.tar	67944960	83339	275057152	497658
576	781	AF-0000000209609472	shard_579_batch_4.tar	20871168	94764	184082432	631677
576	1029	AF-0000000209609480	shard_487_batch_4.tar	6971392	58070	314825216	223051
576	1114	AF-0000000209609484	shard_719_batch_4.tar	13642752	147568	746116096	1576473
576	1419	AF-0000000209609495	shard_589_batch_4.tar	13719040	97978	700507648	658050
576	1677	AF-0000000209609502	shard_557_batch_4.tar	10795008	85792	377099264	499452
576	1744	AF-0000000209609504	shard_777_batch_4.tar	65430016	178954	2112562176	2386769
576	1901	AF-0000000209609509	shard_485_batch_3.tar	32180224	58301	146976256	216185
576	2037	AF-0000000209609514	shard_511_batch_3.tar	29236224	68449	310346752	327426
576	2170	AF-0000000209609523	shard_515_batch_4.tar	4765184	70657	406590464	340373
576	2254	AF-0000000209609526	shard_563_batch_4.tar	76929024	89612	653920768	561371
576	2520	AF-0000000209609538	shard_521_batch_4.tar	48022016	74811	229356032	367847
576	2550	AF-0000000209609539	shard_635_batch_4.tar	89759232	111209	1009914880	844178
576	2791	AF-0000000209609544	shard_797_batch_4.tar	170483200	193496	1218532864	2780097
576	2868	AF-0000000209609548	shard_577_batch_4.tar	39805440	92971	637302272	596069
576	2885	AF-0000000209609549	shard_547_batch_4.tar	67990016	80813	241945088	469448
576	3329	AF-0000000209609567	shard_497_batch_3.tar	31432192	63489	143962624	270993
576	3556	AF-0000000209609579	shard_503_batch_4.tar	11715584	66292	221664768	293950
576	3842	AF-0000000209609583	shard_517_batch_4.tar	40125440	70365	360351232	353347
576	4095	AF-0000000209609591	shard_505_batch_4.tar	49819136	67642	215388672	296176
576	4203	AF-0000000209609595	shard_611_batch_4.tar	47422976	104253	582526976	797388
576	4387	AF-0000000209609602	shard_517_batch_4.tar	11464704	73203	469814272	355133
576	4389	AF-0000000209609603	shard_507_batch_3.tar	27469824	69210	317507072	318884
576	4820	AF-0000000209609611	shard_511_batch_3.tar	55441408	69656	327493120	327198
576	4854	AF-0000000209609612	shard_677_batch_4.tar	55984640	124813	1053395456	1098652
576	5079	AF-0000000209609627	shard_531_batch_4.tar	63142912	77329	466315776	411875
576	5438	AF-0000000209609644	shard_657_batch_4.tar	112958976	121451	275976704	999606
576	5507	AF-0000000209609647	shard_507_batch_3.tar	40960000	67899	233801216	314671
576	5515	AF-0000000209609648	shard_493_batch_4.tar	33927680	61038	337832448	247242
576	5608	AF-0000000209609651	shard_493_batch_4.tar	40436736	61649	315348480	246610
576	5741	AF-0000000209609654	shard_543_batch_4.tar	45379584	83397	284303872	449424
576	5759	AF-0000000209609657	shard_645_batch_4.tar	21215744	114876	975918080	926354
576	5817	AF-0000000209609659	shard_509_batch_4.tar	13934080	68262	186648064	308508
576	5821	AF-0000000209609660	shard_483_batch_3.tar	25361408	55604	185505280	199057
578	3083	AF-0000000209609701	shard_805_batch_3.tar	200094720	198013	565616128	3115105
578	3089	AF-0000000209609702	shard_791_batch_3.tar	11901440	187499	1766522368	2712026
579	1099	AF-0000000209609735	shard_877_batch_4.tar	162743296	343844	2907860992	8273621
579	2189	AF-0000000209609749	shard_801_batch_4.tar	67299840	198429	897015808	2818162
579	2913	AF-0000000209609755	shard_873_batch_4.tar	223050752	313240	4947504640	6940737
579	3850	AF-0000000209609766	shard_873_batch_4.tar	127033856	319803	5898001408	7498926
579	5630	AF-0000000209609789	shard_819_batch_4.tar	119352320	213699	1945742848	3274058
580	1947	AF-0000000209609818	shard_489_batch_3.tar	46946816	56022	315251712	223862
580	2520	AF-0000000209609836	shard_507_batch_3.tar	25020416	66808	154619904	301828
580	2989	AF-0000000209609848	shard_697_batch_4.tar	51822592	133127	691760640	1301925
580	5863	AF-0000000209609914	shard_693_batch_4.tar	119777792	133803	1464244224	1302604
582	1162	AF-0000000209609942	shard_839_batch_4.tar	94874112	237404	3478625280	4192637
582	1473	AF-0000000209609943	shard_867_batch_4.tar	99546112	291992	6346650624	6579414
582	2309	AF-0000000209609946	shard_747_batch_4.tar	158036992	158476	1402198016	1897880
582	3633	AF-0000000209609949	shard_807_batch_4.tar	14948864	201133	560086528	3012734
582	4326	AF-0000000209609950	shard_749_batch_4.tar	100738560	161413	1360332288	1919395
582	4473	AF-0000000209609951	shard_807_batch_4.tar	98248704	202886	612964864	3039670
582	4726	AF-0000000209609952	shard_825_batch_4.tar	43233792	214381	3709535744	3566618
582	5897	AF-0000000209609953	shard_855_batch_4.tar	128663040	258497	2297909248	5130297
584	2297	AF-0000000209609963	shard_859_batch_3.tar	17515520	264516	3478319616	4874765
584	3902	AF-0000000209609972	shard_711_batch_3.tar	115531776	138786	296889856	1357844
585	4284	AF-0000000209609983	shard_587_batch_3.tar	10203136	94297	625840640	659973
585	4562	AF-0000000209609985	shard_709_batch_3.tar	110565888	142992	996426240	1496248
586	778	AF-0000000209609989	shard_527_batch_4.tar	13152256	72381	482084864	365482
588	2817	AF-0000000209610025	shard_589_batch_4.tar	57501696	95437	236071936	640263
588	4284	AF-0000000209610038	shard_559_batch_3.tar	50868736	86097	295184896	515953
588	4411	AF-0000000209610040	shard_777_batch_4.tar	84260864	172975	1530087424	2193990
588	5878	AF-0000000209610054	shard_631_batch_4.tar	61614592	110932	441784832	846750
589	4817	AF-0000000209610092	shard_535_batch_3.tar	36617216	76285	175851008	415867
590	3754	AF-0000000209610106	shard_619_batch_4.tar	43064320	106035	422004224	803873
591	2851	AF-0000000209610125	shard_785_batch_3.tar	40369152	183181	2655320576	2500050
591	4198	AF-0000000209610136	shard_703_batch_4.tar	70014976	138047	471303680	1420286
591	5431	AF-0000000209610148	shard_735_batch_4.tar	75294208	154007	315269120	1755259
593	2004	AF-0000000209610152	shard_641_batch_4.tar	15366656	115134	873620992	961923
593	3205	AF-0000000209610156	shard_735_batch_4.tar	19951104	153097	1078120960	1729761
593	3687	AF-0000000209610157	shard_601_batch_4.tar	30405120	98154	250464768	706555
593	4456	AF-0000000209610159	shard_721_batch_4.tar	6126592	146737	1239419904	1601139
593	5835	AF-0000000209610160	shard_651_batch_4.tar	88073728	118277	590729728	1018237
594	692	AF-0000000209610166	shard_677_batch_4.tar	23283200	124173	384922624	1197424
594	1042	AF-0000000209610175	shard_601_batch_4.tar	14576128	98752	204201984	735589
594	1045	AF-0000000209610176	shard_847_batch_4.tar	31154176	247149	4138927104	4692000
594	1389	AF-0000000209610194	shard_853_batch_4.tar	109616640	258577	5043885056	4798123
594	1440	AF-0000000209610197	shard_611_batch_3.tar	96116224	102159	494603776	753075
594	1631	AF-0000000209610210	shard_609_batch_4.tar	103281664	102932	948378624	782018
594	1663	AF-0000000209610214	shard_603_batch_4.tar	54685696	99900	645172224	740109
594	1732	AF-0000000209610220	shard_721_batch_4.tar	15067648	141877	977936896	1470301
594	1920	AF-0000000209610232	shard_863_batch_4.tar	258433536	277367	4531554816	5844616
594	1931	AF-0000000209610233	shard_665_batch_4.tar	80777216	120986	869551616	1086369
594	2139	AF-0000000209610248	shard_589_batch_3.tar	90135552	94776	789647872	660368
594	2142	AF-0000000209610249	shard_637_batch_4.tar	14730240	112738	983347200	944147
594	2373	AF-0000000209610253	shard_593_batch_3.tar	96588800	96407	839928320	654706
594	2664	AF-0000000209610263	shard_557_batch_3.tar	68268544	84974	262662144	506218
594	2968	AF-0000000209610280	shard_683_batch_4.tar	62299648	130264	322860032	1252251
594	2976	AF-0000000209610281	shard_851_batch_4.tar	233175552	258169	591298560	4979545
594	2982	AF-0000000209610282	shard_727_batch_3.tar	97448960	149145	1342087168	1583871
594	3341	AF-0000000209610298	shard_837_batch_4.tar	207360512	234678	2258819584	4008814
594	3361	AF-0000000209610299	shard_811_batch_4.tar	175114240	203797	709454848	3154500
594	3457	AF-0000000209610304	shard_559_batch_3.tar	62618624	84997	469524992	520447
594	3491	AF-0000000209610307	shard_641_batch_3.tar	61562368	110826	976955392	917823
594	3681	AF-0000000209610315	shard_737_batch_4.tar	119936512	151322	1343853056	1654325
594	3777	AF-0000000209610319	shard_781_batch_4.tar	94846464	169388	521554432	2273084
594	4088	AF-0000000209610338	shard_747_batch_4.tar	18758144	155798	596481024	1830961
594	4203	AF-0000000209610342	shard_661_batch_4.tar	79864832	120663	1037276160	1111505
594	4323	AF-0000000209610349	shard_577_batch_3.tar	45758976	91210	232758272	605065
594	4523	AF-0000000209610354	shard_681_batch_4.tar	114285568	122895	346095104	1187800
594	4574	AF-0000000209610360	shard_615_batch_4.tar	103611904	103932	687681536	779768
594	4602	AF-0000000209610362	shard_609_batch_4.tar	27982848	101377	251123712	749986
594	4820	AF-0000000209610371	shard_559_batch_3.tar	74363904	86186	331433472	533893
594	4937	AF-0000000209610378	shard_649_batch_4.tar	70127104	115671	795639808	975448
594	4978	AF-0000000209610381	shard_847_batch_4.tar	158790144	249036	1207735296	4635997
594	5080	AF-0000000209610386	shard_793_batch_4.tar	148796928	185517	1240256512	2537079
594	5164	AF-0000000209610392	shard_701_batch_4.tar	59012608	133444	849778688	1346342
594	5208	AF-0000000209610394	shard_563_batch_3.tar	77298176	87550	622895616	545915
594	5253	AF-0000000209610398	shard_695_batch_4.tar	58102784	134620	522387456	1314155
594	5308	AF-0000000209610401	shard_661_batch_4.tar	29089280	118539	343688192	1035686
594	5640	AF-0000000209610421	shard_543_batch_3.tar	38605824	79543	168707072	450707
594	5649	AF-0000000209610422	shard_595_batch_3.tar	73055744	96582	846542848	712897
596	757	AF-0000000209610479	shard_677_batch_4.tar	11966464	126019	1220071936	1105431
596	1090	AF-0000000209610493	shard_727_batch_4.tar	24392192	146091	1888098304	1553768
596	1419	AF-0000000209610505	shard_689_batch_4.tar	90518528	132728	1240927744	1226611
596	1855	AF-0000000209610516	shard_835_batch_4.tar	58512896	226925	2634246144	3449711
596	1931	AF-0000000209610520	shard_709_batch_4.tar	89901568	139008	1397237760	1396213
596	2142	AF-0000000209610532	shard_685_batch_4.tar	101651968	130796	933579264	1210015
596	2853	AF-0000000209610556	shard_745_batch_4.tar	14063104	155654	1183444480	1641705
596	2918	AF-0000000209610561	shard_619_batch_4.tar	56429056	106212	415679488	773095
596	3132	AF-0000000209610565	shard_673_batch_4.tar	101006848	123371	797713408	1068999
596	3444	AF-0000000209610581	shard_729_batch_4.tar	40885248	147270	1751288832	1598070
596	4820	AF-0000000209610621	shard_615_batch_4.tar	28143616	104226	619017728	718239
596	5146	AF-0000000209610638	shard_667_batch_4.tar	49169408	122491	523898368	1045907
597	4204	AF-0000000209610673	shard_641_batch_4.tar	104190976	114488	657023488	939221
599	1019	AF-0000000209610680	shard_597_batch_4.tar	12166656	99592	790439424	689408
599	1026	AF-0000000209610681	shard_563_batch_4.tar	88507392	86250	393259520	553181
599	1473	AF-0000000209610686	shard_813_batch_4.tar	158504960	205406	1621179904	3088380
599	2852	AF-0000000209610696	shard_645_batch_4.tar	41643520	114537	509193728	963201
599	2870	AF-0000000209610697	shard_729_batch_4.tar	29399040	150302	421194752	1646059
599	4100	AF-0000000209610701	shard_567_batch_4.tar	35703296	89218	380369920	567112
599	5234	AF-0000000209610706	shard_577_batch_4.tar	55133184	93392	332046848	610654
599	5745	AF-0000000209610707	shard_515_batch_4.tar	53959680	70232	183386624	334352
600	1325	AF-0000000209610717	shard_871_batch_4.tar	53065216	309419	1467995648	6668760
600	2677	AF-0000000209610736	shard_857_batch_4.tar	131479040	269604	1300677632	5130247
600	3217	AF-0000000209610741	shard_769_batch_4.tar	154752512	174736	1167002112	2202881
600	5323	AF-0000000209610779	shard_683_batch_4.tar	101402624	133028	1278228480	1254615
600	5415	AF-0000000209610780	shard_781_batch_4.tar	53547520	185066	2730635264	2344747
602	3927	AF-0000000209610807	shard_725_batch_3.tar	56242176	148430	1775276032	1679615
604	1185	AF-0000000209610826	shard_1101_batch_3.tar	12537856	41052	133326336	104150
604	2189	AF-0000000209610835	shard_557_batch_3.tar	69914112	85554	344628224	489616
604	2746	AF-0000000209610840	shard_479_batch_3.tar	21001728	53240	176214528	181127
604	4849	AF-0000000209610856	shard_483_batch_3.tar	48037376	53885	304375808	191835
608	2592	AF-0000000209610975	shard_567_batch_4.tar	48501760	88701	518827520	535380
608	3525	AF-0000000209610985	shard_567_batch_4.tar	53975552	88286	279739904	523586
608	4035	AF-0000000209610988	shard_459_batch_4.tar	11652096	37010	122170368	80612
608	4508	AF-0000000209610994	shard_557_batch_4.tar	66966528	84465	569872384	480334
608	5851	AF-0000000209611008	shard_691_batch_4.tar	54987776	136817	424162816	1166471
609	616	AF-0000000209611009	shard_877_batch_4.tar	274085376	344491	2204956160	9492190
609	1597	AF-0000000209611024	shard_833_batch_4.tar	172824064	232470	1381264896	3688766
609	1717	AF-0000000209611027	shard_815_batch_4.tar	96133120	212306	3034135040	3318654
609	2861	AF-0000000209611043	shard_805_batch_4.tar	107800576	203887	2865028096	3122243
609	3545	AF-0000000209611056	shard_759_batch_4.tar	3016192	169508	1106227200	2045390
609	3627	AF-0000000209611058	shard_841_batch_4.tar	48571904	241549	1527668736	4106229
609	4256	AF-0000000209611068	shard_827_batch_4.tar	133174784	225555	1341039104	3703949
609	5024	AF-0000000209611080	shard_835_batch_4.tar	225945088	234645	1798697984	3914012
609	5543	AF-0000000209611086	shard_827_batch_4.tar	122336256	224442	3398612992	3744604
609	5893	AF-0000000209611091	shard_843_batch_4.tar	88193024	245013	562185728	4105600
610	669	AF-0000000209611094	shard_875_batch_4.tar	242535424	342494	4275502080	8469779
610	686	AF-0000000209611095	shard_831_batch_4.tar	61674496	233307	1565197312	3664921
610	729	AF-0000000209611097	shard_857_batch_4.tar	97610240	271142	3305496576	5229041
610	958	AF-0000000209611102	shard_797_batch_4.tar	169891328	198705	1716125184	2750533
610	1121	AF-0000000209611104	shard_877_batch_4.tar	64620032	374646	8062022656	10372473
610	2290	AF-0000000209611127	shard_803_batch_4.tar	46102016	200010	972134912	2881655
610	3486	AF-0000000209611148	shard_819_batch_4.tar	82134528	216513	1378373120	3262191
610	4055	AF-0000000209611158	shard_783_batch_4.tar	180671488	188258	2144592384	2520649
610	5158	AF-0000000209611174	shard_877_batch_4.tar	303544320	352969	5250237952	9307913
610	5160	AF-0000000209611175	shard_797_batch_4.tar	85332992	196118	929422848	2690075
610	5313	AF-0000000209611181	shard_801_batch_4.tar	33766912	201471	686068224	2916022
610	5406	AF-0000000209611182	shard_771_batch_4.tar	46293504	177905	2386219520	2247719
610	5427	AF-0000000209611184	shard_871_batch_4.tar	203865600	308790	3455188992	6814727
610	5656	AF-0000000209611192	shard_841_batch_4.tar	195015168	244506	1974111744	4437144
611	3477	AF-0000000209611229	shard_713_batch_3.tar	130698752	142336	1640431616	1431672
611	4843	AF-0000000209611238	shard_667_batch_3.tar	16058880	123793	1262423552	1099731
614	691	AF-0000000209611280	shard_855_batch_4.tar	42449920	256757	1977439744	5028687
614	5158	AF-0000000209611316	shard_877_batch_4.tar	336245248	341095	4525075456	9310560
616	1335	AF-0000000209611322	shard_875_batch_4.tar	15848960	338040	7959464448	9179371
616	4991	AF-0000000209611326	shard_875_batch_4.tar	237849088	327361	4330920448	8529788
619	878	AF-0000000209611360	shard_719_batch_3.tar	15540736	145282	839535616	1589001
619	2129	AF-0000000209611362	shard_735_batch_3.tar	152742400	152681	738912256	1780765
619	2832	AF-0000000209611363	shard_771_batch_3.tar	83201024	173353	2201573376	2222328
620	719	AF-0000000209611370	shard_687_batch_4.tar	13966848	133723	935471104	1213019
620	769	AF-0000000209611371	shard_583_batch_4.tar	76189696	94604	207214592	629321
620	849	AF-0000000209611373	shard_635_batch_4.tar	100265984	113390	345075712	881510
620	1064	AF-0000000209611376	shard_517_batch_4.tar	55420928	72000	317848064	337231
620	1176	AF-0000000209611382	shard_1103_batch_4.tar	63971840	57448	139335168	216090
620	1307	AF-0000000209611389	shard_735_batch_4.tar	79830528	153258	1002923008	1657774
620	1628	AF-0000000209611402	shard_477_batch_4.tar	27846656	52132	185523200	170301
620	1958	AF-0000000209611424	shard_1101_batch_4.tar	12070912	49213	216683520	155794
620	1970	AF-0000000209611425	shard_537_batch_4.tar	78941184	77097	424721920	406139
620	3106	AF-0000000209611463	shard_581_batch_4.tar	68673024	91334	485979136	600138
620	3570	AF-0000000209611483	shard_607_batch_4.tar	41450496	102349	924075008	764144
620	3777	AF-0000000209611491	shard_731_batch_4.tar	144804352	141087	1498878976	1563552
620	4214	AF-0000000209611505	shard_499_batch_4.tar	7593472	64882	275692032	278417
620	4290	AF-0000000209611508	shard_745_batch_4.tar	26190336	159081	883342336	1859777
620	4571	AF-0000000209611521	shard_769_batch_4.tar	139474944	169433	1837595648	2073690
620	4775	AF-0000000209611529	shard_811_batch_4.tar	117367808	211201	987943936	3133686
620	5090	AF-0000000209611548	shard_471_batch_4.tar	48580096	48998	176736768	148027
620	5241	AF-0000000209611555	shard_473_batch_4.tar	43340800	50929	237002752	155612
620	5326	AF-0000000209611562	shard_605_batch_4.tar	94242816	102932	337814016	698966
620	5367	AF-0000000209611564	shard_697_batch_4.tar	78214656	135098	1304556544	1292581
620	5397	AF-0000000209611565	shard_575_batch_4.tar	9657856	93757	234900992	620225
620	5431	AF-0000000209611566	shard_505_batch_4.tar	54664192	67754	155962880	305596
620	5747	AF-0000000209611577	shard_719_batch_4.tar	6079488	146241	1672517632	1495957
620	5770	AF-0000000209611579	shard_477_batch_4.tar	6254592	51527	189733376	170594
621	2870	AF-0000000209611590	shard_841_batch_4.tar	240701952	242798	4490749952	4353969
621	3159	AF-0000000209611591	shard_873_batch_4.tar	84959744	323109	1354950144	7838931
621	4100	AF-0000000209611594	shard_777_batch_4.tar	144440832	181522	2214595072	2414646
621	5907	AF-0000000209611596	shard_865_batch_4.tar	286322176	288714	3997917696	6125832
622	1918	AF-0000000209611604	shard_525_batch_3.tar	34788864	73699	370911744	357010
622	3578	AF-0000000209611621	shard_695_batch_4.tar	54235648	136520	310721536	1290446
622	3657	AF-0000000209611622	shard_629_batch_4.tar	49348608	108024	429939712	815503
625	3083	AF-0000000209611666	shard_791_batch_4.tar	19783168	185816	2562071040	2736793
625	4909	AF-0000000209611682	shard_759_batch_4.tar	107530752	164870	1048195072	2022485
629	3525	AF-0000000209611732	shard_581_batch_3.tar	62893056	93485	307217408	591404
629	5656	AF-0000000209611753	shard_655_batch_4.tar	51378688	118499	460593152	1017349
630	3427	AF-0000000209611762	shard_669_batch_4.tar	39747072	122565	315017216	1124984
630	4097	AF-0000000209611766	shard_863_batch_4.tar	73801728	275272	2920828928	5903883
630	5388	AF-0000000209611768	shard_643_batch_4.tar	75735040	111646	626592768	931578
631	702	AF-0000000209611771	shard_645_batch_4.tar	13094400	112905	649280000	979285
631	3242	AF-0000000209611776	shard_607_batch_4.tar	84676096	100730	423293952	734507
631	3619	AF-0000000209611777	shard_573_batch_3.tar	84293632	89757	644103168	597712
631	4705	AF-0000000209611778	shard_641_batch_4.tar	2466304	114149	333826560	926459
631	5559	AF-0000000209611781	shard_587_batch_4.tar	27851776	96045	373538304	659440
632	2597	AF-0000000209611792	shard_777_batch_4.tar	95673344	179333	516264960	2409371
632	4739	AF-0000000209611801	shard_627_batch_4.tar	24971776	109258	233907200	846770
632	4807	AF-0000000209611803	shard_651_batch_4.tar	49478656	118441	913431040	988707
633	3383	AF-0000000209611812	shard_727_batch_4.tar	72589312	148575	590913536	1621780
635	1916	AF-0000000209611840	shard_535_batch_3.tar	53194240	79348	489120256	425760
635	4454	AF-0000000209611872	shard_739_batch_3.tar	70026240	155392	301722112	1724632
635	5748	AF-0000000209611895	shard_493_batch_3.tar	15336960	63109	163086336	245570
636	3654	AF-0000000209611918	shard_553_batch_4.tar	83197952	84313	244233728	488590
637	906	AF-0000000209611933	shard_661_batch_3.tar	65392128	119129	1112776704	1067985
637	1561	AF-0000000209611935	shard_553_batch_3.tar	54494720	82497	394735104	488042
637	2338	AF-0000000209611936	shard_527_batch_3.tar	30567936	75038	146338816	387331
637	4394	AF-0000000209611943	shard_537_batch_3.tar	53524992	78250	335067648	434795
638	4790	AF-0000000209611964	shard_819_batch_4.tar	38554112	213579	439954944	3368738
638	5381	AF-0000000209611965	shard_717_batch_4.tar	103652352	144412	860779520	1500057
639	722	AF-0000000209611969	shard_765_batch_3.tar	99740672	166699	1061386752	2003910
639	1529	AF-0000000209611976	shard_799_batch_3.tar	66832896	191514	2301327360	2590144
639	1770	AF-0000000209611977	shard_677_batch_3.tar	7309824	126384	436796928	1060066
639	4929	AF-0000000209611993	shard_845_batch_3.tar	217070080	241819	3729281024	3928723
639	5168	AF-0000000209611996	shard_811_batch_3.tar	112190464	201364	2798939648	2770661
641	3580	AF-0000000209612030	shard_865_batch_3.tar	109832704	291803	5196019712	6344823
641	4431	AF-0000000209612035	shard_867_batch_4.tar	265784320	298416	5714792960	6270149
643	718	AF-0000000209612074	shard_687_batch_4.tar	7387136	131569	831993856	1253850
643	1791	AF-0000000209612084	shard_695_batch_4.tar	35346944	133838	317163520	1281498
643	2217	AF-0000000209612086	shard_625_batch_4.tar	4762624	105712	286254080	813766
643	2342	AF-0000000209612087	shard_723_batch_4.tar	136673792	146370	742631936	1571303
643	3267	AF-0000000209612096	shard_713_batch_4.tar	135839744	138584	304549888	1463891
643	4893	AF-0000000209612107	shard_825_batch_4.tar	159535616	220852	1276898304	3529666
647	1667	AF-0000000209612122	shard_617_batch_4.tar	70841856	106604	990569472	795249
647	3931	AF-0000000209612127	shard_509_batch_4.tar	57481728	69144	159545344	312930
648	958	AF-0000000209612147	shard_581_batch_3.tar	38579712	93882	360788992	604053
648	1242	AF-0000000209612150	shard_579_batch_3.tar	81233920	91587	305877504	610115
648	1765	AF-0000000209612160	shard_699_batch_4.tar	80912384	135660	1468628992	1287528
648	2192	AF-0000000209612168	shard_683_batch_4.tar	33426944	132030	824991232	1198537
648	2739	AF-0000000209612184	shard_751_batch_4.tar	164225024	162966	1978979840	1867647
648	3227	AF-0000000209612193	shard_837_batch_4.tar	197623296	233338	2928870400	4017301
648	4309	AF-0000000209612221	shard_837_batch_4.tar	212370432	230519	3389646336	3842009
648	5313	AF-0000000209612249	shard_593_batch_3.tar	37246464	96834	260870144	662259
648	5911	AF-0000000209612266	shard_541_batch_3.tar	50755584	79676	462376448	443975
649	2320	AF-0000000209612268	shard_823_batch_4.tar	87764992	216878	1983427584	3356766
650	2418	AF-0000000209612276	shard_673_batch_4.tar	26988032	125405	1091427328	1126577
650	3863	AF-0000000209612279	shard_871_batch_4.tar	166540800	315519	2437017088	7054283
650	5604	AF-0000000209612283	shard_757_batch_4.tar	21913088	166043	1161566720	1966185
651	1199	AF-0000000209612316	shard_501_batch_3.tar	3400704	65221	180013056	276187
651	1258	AF-0000000209612322	shard_1101_batch_4.tar	1154560	38113	135007232	83061
651	1558	AF-0000000209612330	shard_457_batch_4.tar	8826368	34098	69549568	65127
651	2108	AF-0000000209612356	shard_459_batch_4.tar	1666560	36761	104608256	74163
651	2853	AF-0000000209612399	shard_601_batch_4.tar	23200768	98219	601701376	646918
651	2861	AF-0000000209612400	shard_531_batch_4.tar	45095424	76722	483001344	397894
651	3767	AF-0000000209612451	shard_511_batch_3.tar	5086720	68422	405313536	305231
651	4241	AF-0000000209612476	shard_461_batch_4.tar	32967680	38748	148636672	91299
651	4403	AF-0000000209612486	shard_457_batch_4.tar	29982720	28884	93226496	43285
651	4854	AF-0000000209612506	shard_615_batch_4.tar	73224704	102087	747086848	707029
651	5758	AF-0000000209612559	shard_537_batch_3.tar	9444352	79406	366425088	404495
651	5783	AF-0000000209612564	shard_505_batch_3.tar	55042560	67592	199795712	300601
651	5821	AF-0000000209612565	shard_457_batch_4.tar	31165952	32753	89221120	60054
651	5863	AF-0000000209612567	shard_651_batch_4.tar	54642176	118584	1191245312	976322
652	1655	AF-0000000209612570	shard_673_batch_4.tar	10421248	124724	1310111232	1097084
652	2596	AF-0000000209612576	shard_651_batch_3.tar	117612544	116991	475275264	935154
652	3561	AF-0000000209612578	shard_665_batch_4.tar	52642816	122320	1126852096	1043611
652	4695	AF-0000000209612586	shard_833_batch_4.tar	226643968	223864	2176633344	3636982
657	1815	AF-0000000209612696	shard_783_batch_4.tar	23574016	178434	1972524032	2561009
657	3685	AF-0000000209612718	shard_777_batch_4.tar	66514432	175718	2046120448	2487495
658	1520	AF-0000000209612745	shard_621_batch_4.tar	73813504	105377	845450240	796240
658	1897	AF-0000000209612749	shard_763_batch_4.tar	163547648	168860	612045824	2041745
658	4393	AF-0000000209612776	shard_713_batch_4.tar	60449792	141230	743425536	1485640
658	5475	AF-0000000209612787	shard_629_batch_4.tar	92092928	109735	696991232	850760
658	5619	AF-0000000209612788	shard_709_batch_4.tar	3464192	140801	1358737920	1461934
658	5763	AF-0000000209612791	shard_629_batch_4.tar	21064192	109097	379262464	853144
659	735	AF-0000000209612796	shard_757_batch_4.tar	70118912	163535	1586746880	1962772
659	1081	AF-0000000209612800	shard_789_batch_4.tar	146990080	187401	1155545600	2503188
659	2484	AF-0000000209612819	shard_765_batch_4.tar	149445120	171338	1421827072	2042708
659	2791	AF-0000000209612822	shard_845_batch_4.tar	203256320	244252	1825102848	4461500
659	2970	AF-0000000209612824	shard_787_batch_4.tar	114251264	184885	2550418432	2536871
659	3625	AF-0000000209612835	shard_715_batch_4.tar	122472960	142235	947270144	1464696
659	3904	AF-0000000209612841	shard_869_batch_4.tar	97070080	301554	2480921088	6713236
659	4055	AF-0000000209612844	shard_679_batch_4.tar	53822976	129911	385563648	1178444
659	4417	AF-0000000209612851	shard_801_batch_4.tar	142949888	204233	663936000	2902183
660	3561	AF-0000000209612886	shard_817_batch_4.tar	73680384	212779	2433702400	3374463
665	977	AF-0000000209612957	shard_809_batch_3.tar	139892736	196514	2843422208	2792771
665	2011	AF-0000000209612969	shard_797_batch_3.tar	180545024	191972	1473255424	2698836
665	2762	AF-0000000209612980	shard_703_batch_3.tar	131564544	137945	811941376	1321620
665	3151	AF-0000000209612983	shard_849_batch_3.tar	218466816	245603	3841480704	4393233
665	4309	AF-0000000209612991	shard_869_batch_4.tar	282155008	296626	4099932672	6369447
665	5908	AF-0000000209613004	shard_755_batch_3.tar	125934592	162513	2152064000	1902101
666	4855	AF-0000000209613020	shard_725_batch_3.tar	104268288	149052	378829312	1603725
668	705	AF-0000000209613029	shard_785_batch_3.tar	146069504	181120	2070794752	2522354
668	3087	AF-0000000209613035	shard_819_batch_3.tar	67440640	207886	858593792	3378706
668	3521	AF-0000000209613036	shard_769_batch_3.tar	48533504	167793	1208047104	2155312
669	923	AF-0000000209613045	shard_867_batch_4.tar	80379904	292731	5181398528	6224578
669	1993	AF-0000000209613064	shard_871_batch_4.tar	306438656	311973	4587836416	7066730
669	3204	AF-0000000209613083	shard_873_batch_4.tar	219513344	317084	7721383936	7209608
669	3331	AF-0000000209613084	shard_855_batch_3.tar	39440384	262626	5230799360	5024056
669	3486	AF-0000000209613089	shard_857_batch_3.tar	95734272	266255	581720576	5301776
669	3844	AF-0000000209613104	shard_863_batch_4.tar	117368832	282016	832865792	5878499
669	5311	AF-0000000209613122	shard_863_batch_4.tar	101805568	281717	748072448	5859915
669	5459	AF-0000000209613127	shard_869_batch_4.tar	41969152	301994	3154474496	6643107
669	5499	AF-0000000209613128	shard_865_batch_3.tar	90450432	288236	2210419712	5983765
669	5646	AF-0000000209613132	shard_843_batch_3.tar	225854976	243675	4484756992	4344544
670	756	AF-0000000209613139	shard_701_batch_4.tar	53273088	137897	474582528	1362667
670	2704	AF-0000000209613141	shard_737_batch_4.tar	137896448	154681	1852311040	1686605
670	3597	AF-0000000209613142	shard_737_batch_4.tar	21597696	153007	2025700352	1749996
670	4746	AF-0000000209613146	shard_685_batch_4.tar	81474560	131955	1029632512	1208412
670	5145	AF-0000000209613147	shard_863_batch_4.tar	218209280	277191	6179170304	5263106
670	5208	AF-0000000209613149	shard_697_batch_4.tar	33879040	136646	311179776	1318857
671	778	AF-0000000209613152	shard_737_batch_4.tar	27106816	152546	724854272	1718336
671	3863	AF-0000000209613161	shard_875_batch_4.tar	264126976	336841	7671399936	8588178
673	2742	AF-0000000209613196	shard_487_batch_3.tar	52798464	57522	250265088	208845
673	4085	AF-0000000209613205	shard_507_batch_3.tar	37699072	64416	292521984	299086
674	1072	AF-0000000209613227	shard_685_batch_4.tar	52459008	128045	752300544	1189296
675	4536	AF-0000000209613241	shard_747_batch_4.tar	104587776	156661	798616576	1863242
676	4032	AF-0000000209613243	shard_809_batch_4.tar	177172992	204777	3188208640	3098824
677	3207	AF-0000000209613252	shard_707_batch_4.tar	77089280	140148	1082928128	1351849
684	3433	AF-0000000209613311	shard_819_batch_3.tar	138537984	210912	1608422912	3311460
684	3479	AF-0000000209613312	shard_821_batch_3.tar	196069376	209643	3292174336	3297555
684	5845	AF-0000000209613342	shard_843_batch_4.tar	11813376	240651	3167408640	4461615
686	1556	AF-0000000209613361	shard_779_batch_3.tar	93235712	181188	2446565376	2254092
686	1634	AF-0000000209613362	shard_653_batch_3.tar	1549312	120179	719246848	946842
686	2692	AF-0000000209613378	shard_763_batch_3.tar	111685632	170062	1199945728	1996030
686	3844	AF-0000000209613390	shard_767_batch_3.tar	33600000	171609	565635584	2075593
686	4671	AF-0000000209613399	shard_861_batch_3.tar	266276352	277511	2256179200	5558372
686	5158	AF-0000000209613404	shard_867_batch_3.tar	129789952	292377	3424373760	6298125
687	5920	AF-0000000209613423	shard_877_batch_4.tar	149522944	352699	6698998784	8895437
689	4616	AF-0000000209613451	shard_541_batch_4.tar	68127232	80456	594748928	468499
691	739	AF-0000000209613457	shard_859_batch_4.tar	9818112	269672	3807841792	5380381
691	2977	AF-0000000209613474	shard_867_batch_4.tar	23052800	296498	1299088896	6630807
691	3151	AF-0000000209613475	shard_855_batch_4.tar	64751104	259470	4934481920	5018934
691	4766	AF-0000000209613483	shard_821_batch_4.tar	128604160	212873	3378250752	3315851
691	5034	AF-0000000209613484	shard_821_batch_4.tar	200308736	216041	3449146368	3527597
692	1205	AF-0000000209613492	shard_771_batch_4.tar	71293440	171613	678660608	2283467
692	1780	AF-0000000209613509	shard_677_batch_4.tar	97518080	124893	435511808	1193659
692	1904	AF-0000000209613512	shard_739_batch_4.tar	52878336	153399	1919058432	1834239
692	2861	AF-0000000209613526	shard_691_batch_4.tar	94793728	132511	1113581568	1322123
692	2940	AF-0000000209613528	shard_751_batch_4.tar	122345984	159416	682496512	1856215
692	4475	AF-0000000209613550	shard_731_batch_4.tar	118593024	147821	1104592384	1745940
692	4657	AF-0000000209613554	shard_719_batch_4.tar	36876800	142313	1404584960	1544331
695	984	AF-0000000209613619	shard_661_batch_3.tar	50181120	123672	394196480	1101979
695	1262	AF-0000000209613627	shard_701_batch_3.tar	57597440	138916	859625984	1414439
695	1731	AF-0000000209613633	shard_621_batch_4.tar	19560960	108412	864047616	816889
695	3531	AF-0000000209613658	shard_621_batch_4.tar	38073344	110397	350529024	850037
695	3534	AF-0000000209613659	shard_673_batch_4.tar	62664192	129567	761024512	1159482
695	4602	AF-0000000209613677	shard_645_batch_4.tar	42114560	117253	291973120	950413
695	5783	AF-0000000209613693	shard_657_batch_4.tar	44400640	121949	643331584	1051080
699	4721	AF-0000000209613731	shard_637_batch_4.tar	110280704	108359	1095062016	841440
701	2268	AF-0000000209613744	shard_677_batch_4.tar	34877952	125651	1270651904	1065540
701	3457	AF-0000000209613746	shard_513_batch_4.tar	13362688	68797	415311872	334597
701	5381	AF-0000000209613750	shard_651_batch_4.tar	65702912	116848	1199119360	967370
702	1102	AF-0000000209613753	shard_805_batch_4.tar	129357824	200483	1022157824	2949163
703	1512	AF-0000000209613767	shard_747_batch_4.tar	73230848	162139	1763201536	1875349
703	5745	AF-0000000209613777	shard_717_batch_4.tar	88769024	145979	1242238976	1496835
708	757	AF-0000000209613795	shard_629_batch_3.tar	108151296	111725	374614016	844493
708	783	AF-0000000209613797	shard_601_batch_3.tar	34147328	102506	820320768	729310
708	1199	AF-0000000209613809	shard_615_batch_3.tar	104812544	108078	575864320	793953
708	1414	AF-0000000209613815	shard_615_batch_3.tar	15361024	108396	750561280	793049
708	1931	AF-0000000209613829	shard_665_batch_3.tar	85912064	124631	471336448	1087705
708	2177	AF-0000000209613841	shard_595_batch_3.tar	1186816	101880	544692736	687003
708	3719	AF-0000000209613869	shard_581_batch_3.tar	87373824	97066	421236736	623863
708	5079	AF-0000000209613906	shard_583_batch_3.tar	15956480	98160	685423104	646339
709	1268	AF-0000000209613924	shard_801_batch_4.tar	27970560	201411	1774777856	2880713
709	2767	AF-0000000209613927	shard_553_batch_4.tar	29427200	82565	609543680	480872
709	3306	AF-0000000209613929	shard_579_batch_4.tar	2954752	90974	272365056	583275
709	5288	AF-0000000209613935	shard_483_batch_4.tar	43346432	55693	108812288	204341
710	1635	AF-0000000209613942	shard_497_batch_4.tar	40224256	64207	131148288	260735
710	1655	AF-0000000209613943	shard_503_batch_4.tar	37052928	66296	358529024	265437
710	2112	AF-0000000209613949	shard_511_batch_4.tar	29512704	69206	409644032	311080
710	2596	AF-0000000209613952	shard_485_batch_4.tar	10590208	58049	207152128	208269
710	3429	AF-0000000209613958	shard_533_batch_4.tar	69691904	77524	341180416	398976
710	3561	AF-0000000209613961	shard_495_batch_4.tar	17705472	63764	126913024	258901
712	2418	AF-0000000209613987	shard_753_batch_4.tar	28380672	163873	1169867264	1949610
713	5497	AF-0000000209614031	shard_877_batch_4.tar	312193024	344609	6139834368	8842211
717	4431	AF-0000000209614076	shard_749_batch_3.tar	38028800	164734	1724654080	1907118
718	758	AF-0000000209614078	shard_637_batch_3.tar	69888000	114147	667544064	897149
718	2915	AF-0000000209614088	shard_621_batch_3.tar	85331968	108378	380730368	827086
719	2861	AF-0000000209614115	shard_761_batch_4.tar	108293632	169451	1235107840	2018532
719	5089	AF-0000000209614135	shard_807_batch_4.tar	73271296	204398	583389696	2895003
722	791	AF-0000000209614155	shard_735_batch_3.tar	82329088	151056	576287232	1761187
722	900	AF-0000000209614157	shard_595_batch_3.tar	48672768	97578	617313280	678231
722	994	AF-0000000209614160	shard_731_batch_3.tar	139588096	146301	533767168	1655908
722	1346	AF-0000000209614164	shard_779_batch_3.tar	143560192	177168	1581152256	2277416
722	1697	AF-0000000209614174	shard_619_batch_3.tar	33448960	105175	711824896	788380
722	2256	AF-0000000209614179	shard_741_batch_3.tar	144272896	152530	2008142336	1834043
722	2439	AF-0000000209614181	shard_817_batch_3.tar	58832896	205268	2276811776	3103741
722	2761	AF-0000000209614191	shard_807_batch_3.tar	136273408	193725	3211236352	2988507
722	3038	AF-0000000209614199	shard_797_batch_3.tar	93335040	187168	1467758592	2548135
722	3889	AF-0000000209614209	shard_693_batch_3.tar	60146688	135733	979048960	1293033
722	4169	AF-0000000209614214	shard_799_batch_3.tar	117529600	192099	2494430208	2653892
722	4608	AF-0000000209614220	shard_613_batch_3.tar	82840576	103525	487069184	732460
722	4762	AF-0000000209614225	shard_693_batch_3.tar	104159744	134086	1208260608	1300747
722	5124	AF-0000000209614230	shard_693_batch_3.tar	38216704	131077	923761664	1344841
722	5190	AF-0000000209614232	shard_633_batch_3.tar	61953024	109114	778450432	899337
722	5642	AF-0000000209614239	shard_771_batch_3.tar	40254976	166245	2394607104	2126870
722	5653	AF-0000000209614240	shard_707_batch_3.tar	91507200	139659	459645440	1422993
724	2100	AF-0000000209614309	shard_773_batch_4.tar	8926720	179597	2536988160	2343575
725	1335	AF-0000000209614315	shard_775_batch_4.tar	119032320	180574	2330621440	2373202
725	1855	AF-0000000209614316	shard_807_batch_4.tar	68573696	200278	2918207488	2795736
725	2086	AF-0000000209614317	shard_543_batch_4.tar	15764480	81540	275683840	439228
725	3228	AF-0000000209614320	shard_653_batch_4.tar	42027520	116151	1193655808	975010
725	4317	AF-0000000209614323	shard_593_batch_4.tar	5194752	98154	635849728	647254
726	769	AF-0000000209614329	shard_727_batch_3.tar	14369792	147723	436173824	1613249
726	923	AF-0000000209614330	shard_775_batch_3.tar	1765888	175793	594464256	2196660
726	1764	AF-0000000209614345	shard_775_batch_3.tar	31063552	175676	2536936448	2197836
726	1777	AF-0000000209614347	shard_653_batch_3.tar	81363456	117741	973297152	1002025
726	2097	AF-0000000209614352	shard_641_batch_3.tar	108745216	112271	496372736	946074
726	2413	AF-0000000209614360	shard_691_batch_3.tar	51795456	130147	1468267520	1263553
726	2484	AF-0000000209614363	shard_753_batch_3.tar	23356416	162264	886394368	1885168
726	4537	AF-0000000209614397	shard_765_batch_3.tar	156758528	167716	1892483584	2029347
726	5459	AF-0000000209614423	shard_789_batch_3.tar	103667712	184995	1845147136	2499337
726	5533	AF-0000000209614427	shard_815_batch_3.tar	78828544	205553	428813824	3170735
726	5716	AF-0000000209614432	shard_641_batch_3.tar	32416256	111889	919076352	922322
726	5911	AF-0000000209614437	shard_651_batch_3.tar	97658368	117292	626595840	1015209
728	3619	AF-0000000209614454	shard_563_batch_4.tar	40105472	86029	642245120	522654
729	923	AF-0000000209614466	shard_823_batch_4.tar	1316864	220535	3603734528	3560068
729	1993	AF-0000000209614489	shard_841_batch_4.tar	88060416	240091	3392541184	4201246
729	3331	AF-0000000209614508	shard_791_batch_4.tar	47699968	190390	1330306048	2674484
729	4078	AF-0000000209614530	shard_809_batch_4.tar	181302272	203332	1310839296	3152429
729	5238	AF-0000000209614548	shard_821_batch_4.tar	8499200	215272	2519554560	3423239
729	5459	AF-0000000209614556	shard_833_batch_4.tar	125144064	230025	2213959680	3874170
729	5499	AF-0000000209614557	shard_817_batch_4.tar	113345536	215918	2378295296	3304280
729	5578	AF-0000000209614560	shard_783_batch_4.tar	173602816	182845	2023768576	2454927
731	3629	AF-0000000209614586	shard_815_batch_4.tar	134232064	205364	2912536064	3118201
734	2432	AF-0000000209614627	shard_705_batch_4.tar	95035904	136902	555167744	1443347
734	2459	AF-0000000209614629	shard_553_batch_4.tar	64819200	82409	303201280	513487
734	2944	AF-0000000209614632	shard_539_batch_4.tar	489984	77254	584936448	445228
735	958	AF-0000000209614674	shard_677_batch_4.tar	110165504	126262	661317120	1128676
735	1385	AF-0000000209614680	shard_637_batch_4.tar	98204160	110542	1046512640	892311
735	1556	AF-0000000209614684	shard_767_batch_4.tar	13995520	168909	667148800	2086044
735	1634	AF-0000000209614685	shard_631_batch_4.tar	92623872	108217	918235648	875021
735	2185	AF-0000000209614692	shard_613_batch_4.tar	48364544	102334	533172736	738525
735	2281	AF-0000000209614695	shard_785_batch_4.tar	86731776	181773	775654912	2262391
735	2296	AF-0000000209614697	shard_789_batch_4.tar	76645376	185150	2598351360	2419974
735	2356	AF-0000000209614700	shard_699_batch_4.tar	72817664	134365	845447168	1294848
735	2854	AF-0000000209614707	shard_679_batch_4.tar	6816768	126869	925204992	1206219
735	2942	AF-0000000209614710	shard_627_batch_4.tar	9918976	106360	289580544	840404
735	3090	AF-0000000209614713	shard_703_batch_4.tar	108611072	136858	367814144	1341007
735	3411	AF-0000000209614719	shard_617_batch_4.tar	88954368	102849	317622784	775532
735	3486	AF-0000000209614722	shard_723_batch_4.tar	35786240	144679	415874048	1553369
735	4261	AF-0000000209614735	shard_711_batch_4.tar	26610176	140781	1392902144	1345515
735	4417	AF-0000000209614739	shard_787_batch_4.tar	105930240	190884	645129216	2486159
735	5313	AF-0000000209614757	shard_687_batch_4.tar	104152576	129213	738816512	1223536
735	5935	AF-0000000209614777	shard_725_batch_4.tar	138257408	144947	1655635456	1502549
736	1715	AF-0000000209614784	shard_835_batch_3.tar	148956672	230506	3890676224	3920949
736	2011	AF-0000000209614786	shard_819_batch_3.tar	195003904	212451	720629760	3347549
736	2148	AF-0000000209614790	shard_765_batch_3.tar	4972544	169676	1399907328	2089050
736	4653	AF-0000000209614799	shard_877_batch_4.tar	140574720	354932	821276672	9161791
736	5908	AF-0000000209614802	shard_787_batch_4.tar	49978880	182474	707575296	2443937
740	784	AF-0000000209614841	shard_835_batch_4.tar	193765888	231462	3695306240	3778681
740	1347	AF-0000000209614847	shard_823_batch_4.tar	172266496	217102	3755631616	3498078
740	2297	AF-0000000209614856	shard_835_batch_4.tar	105710592	228658	2533234176	3581954
740	2337	AF-0000000209614857	shard_857_batch_4.tar	201668096	269171	3407419392	5446326
740	4363	AF-0000000209614874	shard_615_batch_3.tar	62082560	105043	541143552	779337
740	4713	AF-0000000209614876	shard_835_batch_4.tar	187412480	233711	3789076992	3967946
740	4853	AF-0000000209614879	shard_749_batch_4.tar	160067072	163508	367389696	1951427
740	5131	AF-0000000209614883	shard_753_batch_4.tar	54131712	161446	1759440896	1840774
743	1258	AF-0000000209614922	shard_471_batch_3.tar	35028992	47580	153624576	140552
743	2156	AF-0000000209614954	shard_531_batch_3.tar	66320384	76133	190600192	391711
743	2233	AF-0000000209614959	shard_569_batch_3.tar	27111424	88951	549074432	555886
743	3668	AF-0000000209614993	shard_553_batch_3.tar	50504192	84183	241704960	501004
743	3847	AF-0000000209614999	shard_483_batch_3.tar	2562048	55337	200689664	197920
745	769	AF-0000000209615056	shard_571_batch_4.tar	70881280	90364	704956416	550310
745	1136	AF-0000000209615061	shard_471_batch_4.tar	6978560	49228	177471488	145162
745	1372	AF-0000000209615065	shard_1103_batch_4.tar	855552	56016	210317312	224488
745	2791	AF-0000000209615093	shard_775_batch_4.tar	50349056	177260	2480926208	2293878
745	3219	AF-0000000209615095	shard_1101_batch_4.tar	29134848	44483	91655680	123868
745	3942	AF-0000000209615113	shard_459_batch_4.tar	24965120	37361	88457216	73636
745	4029	AF-0000000209615114	shard_461_batch_4.tar	3345920	40063	96222208	89818
745	5090	AF-0000000209615138	shard_467_batch_4.tar	4902912	44050	141748224	118720
745	5551	AF-0000000209615156	shard_463_batch_4.tar	10059776	41756	175347200	104458
745	5567	AF-0000000209615157	shard_467_batch_4.tar	22817792	44727	133393920	129955
748	1522	AF-0000000209615170	shard_617_batch_4.tar	58437632	105909	320036864	799848
750	1209	AF-0000000209615182	shard_769_batch_3.tar	25221120	170421	2478514688	2223802
750	2338	AF-0000000209615185	shard_731_batch_3.tar	143227904	150565	1838656512	1630517
750	4394	AF-0000000209615192	shard_739_batch_3.tar	121632768	153492	991972864	1736418
750	4420	AF-0000000209615193	shard_825_batch_3.tar	154609664	216660	2699700224	3550688
751	1845	AF-0000000209615198	shard_801_batch_4.tar	28376576	198071	2187782656	2854074
751	2298	AF-0000000209615200	shard_815_batch_4.tar	147648512	209372	904344064	3087299
751	5883	AF-0000000209615206	shard_813_batch_4.tar	169285120	207121	2912641024	3130651
753	1947	AF-0000000209615260	shard_513_batch_3.tar	68577280	69013	351585792	333222
753	2037	AF-0000000209615262	shard_1105_batch_0.tar	14758400	72923	124061696	377796
753	2170	AF-0000000209615271	shard_527_batch_3.tar	27848704	75489	246464000	382454
753	2843	AF-0000000209615290	shard_505_batch_3.tar	62329344	67729	341103104	300352
753	3223	AF-0000000209615304	shard_511_batch_3.tar	45959680	68038	381957632	324209
753	4095	AF-0000000209615340	shard_515_batch_3.tar	2985984	71937	275823616	342988
753	4388	AF-0000000209615354	shard_679_batch_3.tar	88453632	127461	857626624	1229167
753	4403	AF-0000000209615356	shard_483_batch_3.tar	2673152	56781	222321664	201589
753	4854	AF-0000000209615366	shard_687_batch_3.tar	52034048	129422	518004224	1189547
753	5004	AF-0000000209615374	shard_549_batch_3.tar	69740544	84657	424879616	500625
754	3488	AF-0000000209615423	shard_663_batch_4.tar	78249984	121124	769089024	1042918
755	1166	AF-0000000209615434	shard_795_batch_4.tar	47303168	190726	1285349376	2588012
756	1013	AF-0000000209615465	shard_773_batch_4.tar	163575296	174545	1911288832	2114175
756	1103	AF-0000000209615470	shard_645_batch_3.tar	38129664	115079	815087104	942565
756	1224	AF-0000000209615477	shard_591_batch_3.tar	93281280	95341	686364160	618190
756	1258	AF-0000000209615481	shard_487_batch_3.tar	16711680	57300	158724608	211910
756	1395	AF-0000000209615492	shard_541_batch_3.tar	7956992	80698	455024640	441929
756	1507	AF-0000000209615502	shard_745_batch_4.tar	140346880	159783	2064672768	1920348
756	1513	AF-0000000209615503	shard_837_batch_4.tar	14485504	232563	2678865920	3702643
756	1976	AF-0000000209615544	shard_571_batch_3.tar	45918720	90404	426795520	576124
756	2170	AF-0000000209615561	shard_505_batch_3.tar	52063744	66942	245676544	290415
756	2211	AF-0000000209615564	shard_739_batch_3.tar	152871936	154514	519458816	1778163
756	2302	AF-0000000209615570	shard_809_batch_3.tar	43824640	201869	2949901824	2963180
756	2379	AF-0000000209615576	shard_681_batch_3.tar	111591936	130462	538378752	1196560
756	2456	AF-0000000209615587	shard_815_batch_3.tar	116415488	211182	1621332992	3052251
756	2472	AF-0000000209615588	shard_513_batch_3.tar	51999744	67997	355831296	324329
756	2570	AF-0000000209615598	shard_847_batch_4.tar	149288960	250999	3340290560	4496722
756	2713	AF-0000000209615608	shard_675_batch_3.tar	51165184	127074	935196672	1152747
756	2840	AF-0000000209615617	shard_723_batch_3.tar	12135424	148317	548154368	1555819
756	2851	AF-0000000209615619	shard_615_batch_3.tar	96987136	105288	756716544	826287
756	2886	AF-0000000209615625	shard_631_batch_3.tar	99295232	113034	790618112	864433
756	3367	AF-0000000209615659	shard_535_batch_3.tar	76539392	78666	472314880	400182
756	3479	AF-0000000209615668	shard_603_batch_3.tar	81904128	97167	254136320	675662
756	3490	AF-0000000209615670	shard_491_batch_3.tar	23697920	59900	137198592	244812
756	3558	AF-0000000209615678	shard_743_batch_4.tar	62135296	157613	1036000256	1756588
756	3561	AF-0000000209615679	shard_493_batch_3.tar	16571904	61055	207436288	234445
756	4338	AF-0000000209615732	shard_485_batch_3.tar	6536192	57590	210250752	220435
756	4348	AF-0000000209615734	shard_479_batch_3.tar	33320960	53453	161823744	183757
756	4531	AF-0000000209615742	shard_499_batch_3.tar	11942912	63852	186155520	266920
756	4807	AF-0000000209615768	shard_639_batch_4.tar	13068800	113993	948723712	934101
756	4811	AF-0000000209615769	shard_671_batch_3.tar	117216768	125278	537286144	1152027
756	4951	AF-0000000209615784	shard_829_batch_3.tar	68034560	216407	3817308672	3881354
756	5037	AF-0000000209615793	shard_807_batch_4.tar	100085760	202390	2575791104	3169780
756	5147	AF-0000000209615805	shard_509_batch_3.tar	13436416	68932	254629888	304149
756	5202	AF-0000000209615811	shard_749_batch_3.tar	40790016	160042	673232896	1958994
756	5710	AF-0000000209615855	shard_653_batch_3.tar	110973440	119109	808507904	1013149
756	5741	AF-0000000209615857	shard_533_batch_3.tar	40668160	79254	347112960	401853
757	764	AF-0000000209615867	shard_617_batch_4.tar	67288064	105734	256364544	805257
757	827	AF-0000000209615871	shard_611_batch_4.tar	95436800	101121	518207488	750756
757	870	AF-0000000209615873	shard_591_batch_4.tar	85058560	96143	747007488	663538
757	971	AF-0000000209615876	shard_645_batch_4.tar	83217920	113950	477765632	964220
757	984	AF-0000000209615878	shard_623_batch_4.tar	74115072	107101	296845312	840299
757	988	AF-0000000209615881	shard_579_batch_4.tar	87937024	92693	748787200	603753
757	1262	AF-0000000209615907	shard_667_batch_4.tar	91196416	122859	363417600	1114670
757	1361	AF-0000000209615909	shard_619_batch_4.tar	84242944	106260	581246464	784344
757	1631	AF-0000000209615921	shard_605_batch_4.tar	15939072	102454	905946624	746747
757	1731	AF-0000000209615930	shard_579_batch_4.tar	26681344	92243	300868096	595941
757	1889	AF-0000000209615935	shard_545_batch_4.tar	54022656	82217	441572352	458406
757	2097	AF-0000000209615947	shard_561_batch_4.tar	12581376	86882	464541696	533647
757	2101	AF-0000000209615948	shard_545_batch_4.tar	12847616	80688	593926144	455523
757	2108	AF-0000000209615949	shard_529_batch_4.tar	52098560	75700	492810240	388614
757	2145	AF-0000000209615954	shard_739_batch_4.tar	128818176	154807	1551728128	1825591
757	2251	AF-0000000209615962	shard_741_batch_4.tar	24876032	155435	1928333312	1783213
757	2271	AF-0000000209615964	shard_735_batch_4.tar	9368576	152212	1295309312	1679911
757	2989	AF-0000000209616006	shard_743_batch_4.tar	7983616	156329	1860411392	1814960
757	3139	AF-0000000209616011	shard_703_batch_4.tar	64527360	137550	923469824	1448767
757	3444	AF-0000000209616026	shard_685_batch_4.tar	15480832	128530	640927744	1260294
757	3828	AF-0000000209616045	shard_539_batch_4.tar	24824320	79525	559546880	432593
757	4203	AF-0000000209616062	shard_657_batch_4.tar	66166272	120053	1173895168	1061203
757	4322	AF-0000000209616067	shard_639_batch_4.tar	110154240	111196	462448640	906615
757	4937	AF-0000000209616102	shard_645_batch_4.tar	14034944	114410	592377856	927544
757	5159	AF-0000000209616117	shard_777_batch_4.tar	154578944	178230	1545916928	2220076
758	903	AF-0000000209616157	shard_825_batch_3.tar	195330560	222123	642882560	3617022
758	1068	AF-0000000209616161	shard_737_batch_3.tar	107346432	155605	1209789952	1765131
758	2217	AF-0000000209616165	shard_567_batch_3.tar	13084672	88329	261561856	531409
758	2342	AF-0000000209616166	shard_679_batch_3.tar	22594048	128976	580762624	1147184
758	2450	AF-0000000209616169	shard_665_batch_3.tar	90878464	124979	569101312	1118737
758	3314	AF-0000000209616175	shard_651_batch_3.tar	13662720	119882	885104640	1023872
763	1078	AF-0000000209616269	shard_857_batch_3.tar	223502336	267432	2264175104	5597551
763	2287	AF-0000000209616304	shard_831_batch_3.tar	155940352	224384	664186368	3981268
763	2972	AF-0000000209616319	shard_837_batch_3.tar	214273024	233547	2249583616	4320878
763	4714	AF-0000000209616367	shard_827_batch_3.tar	70258688	223115	2878879744	3863271
764	1979	AF-0000000209616413	shard_703_batch_4.tar	124252672	140509	455998464	1361392
764	2441	AF-0000000209616418	shard_533_batch_4.tar	70792704	77177	503856128	396113
764	5608	AF-0000000209616452	shard_529_batch_4.tar	22300160	76283	378965504	370440
766	1207	AF-0000000209616457	shard_785_batch_3.tar	93854720	184460	391386112	2202756
767	4815	AF-0000000209616469	shard_757_batch_3.tar	119289856	163080	447176192	1991456
768	3907	AF-0000000209616483	shard_645_batch_4.tar	4365312	116666	254150656	955904
769	2281	AF-0000000209616518	shard_773_batch_3.tar	104066560	176364	1270862336	2063252
769	3119	AF-0000000209616548	shard_557_batch_3.tar	80289280	85721	657707520	505223
769	3992	AF-0000000209616563	shard_647_batch_3.tar	84470784	116499	491373568	944392
769	5849	AF-0000000209616600	shard_687_batch_3.tar	92478976	131037	266447872	1215780
770	1827	AF-0000000209616605	shard_747_batch_4.tar	73393664	158319	1776297984	1855628
770	2831	AF-0000000209616606	shard_771_batch_4.tar	158904832	169696	1501160448	2215006
771	1094	AF-0000000209616610	shard_751_batch_3.tar	109906944	159685	2042632704	1832951
771	1122	AF-0000000209616611	shard_835_batch_3.tar	230115840	226234	3590942720	3718750
771	5212	AF-0000000209616612	shard_853_batch_4.tar	22449152	250057	5134643712	4403178
773	1876	AF-0000000209616616	shard_799_batch_4.tar	122648576	192071	956206592	2658804
773	2542	AF-0000000209616617	shard_717_batch_3.tar	75528192	144674	469314048	1496940
776	3546	AF-0000000209616647	shard_483_batch_3.tar	27761152	57269	261488640	203137
777	787	AF-0000000209616667	shard_717_batch_4.tar	60141568	142833	581104640	1448121
777	1862	AF-0000000209616678	shard_863_batch_4.tar	142733824	275074	3527331328	5359668
777	1899	AF-0000000209616679	shard_801_batch_4.tar	18180096	190635	536631296	2696655
777	2909	AF-0000000209616689	shard_775_batch_4.tar	98545664	173111	1225541120	2222407
777	3641	AF-0000000209616698	shard_727_batch_3.tar	136309760	147367	1287866880	1561631
777	4007	AF-0000000209616701	shard_837_batch_4.tar	86987264	236933	1996681728	4122442
777	4258	AF-0000000209616703	shard_715_batch_3.tar	95041024	143641	963471872	1470600
778	2048	AF-0000000209616727	shard_697_batch_4.tar	128384512	135072	988291072	1318387
778	2138	AF-0000000209616728	shard_621_batch_4.tar	38514176	103090	227460096	814518
778	2733	AF-0000000209616743	shard_717_batch_4.tar	5156864	143776	476431360	1521037
778	4643	AF-0000000209616769	shard_633_batch_4.tar	86483968	110785	934488064	848252
778	5166	AF-0000000209616779	shard_725_batch_4.tar	83511296	148361	445262848	1587991
779	1040	AF-0000000209616799	shard_819_batch_3.tar	146884096	212016	1132002304	3370240
779	1309	AF-0000000209616803	shard_843_batch_3.tar	99208704	241522	1573095936	4519570
781	870	AF-0000000209616830	shard_595_batch_4.tar	87967744	99746	837455872	711485
781	1419	AF-0000000209616869	shard_641_batch_4.tar	9895936	116572	484408832	975881
781	2129	AF-0000000209616914	shard_655_batch_4.tar	106887168	119973	987712000	1058433
781	2920	AF-0000000209616969	shard_581_batch_4.tar	43456000	94049	263012864	609855
781	3534	AF-0000000209616999	shard_639_batch_4.tar	92772352	116336	321218560	952515
781	3668	AF-0000000209617013	shard_643_batch_4.tar	100866560	115658	1147035648	935802
781	3847	AF-0000000209617026	shard_557_batch_4.tar	58974208	87182	371036160	523617
781	3927	AF-0000000209617033	shard_705_batch_4.tar	112043520	140801	974554624	1491773
781	4184	AF-0000000209617047	shard_763_batch_4.tar	18439680	169724	907814912	1972185
781	4389	AF-0000000209617062	shard_557_batch_4.tar	77231616	87714	197918208	516697
781	4794	AF-0000000209617084	shard_535_batch_4.tar	2789888	79429	476047360	424891
781	4807	AF-0000000209617085	shard_693_batch_4.tar	98434048	136205	1366303232	1338734
781	5159	AF-0000000209617114	shard_779_batch_4.tar	105096704	181020	621204480	2366233
781	5418	AF-0000000209617130	shard_605_batch_4.tar	79689216	102188	686333952	727483
781	5489	AF-0000000209617135	shard_553_batch_4.tar	70607872	86164	187054592	501160
781	5709	AF-0000000209617149	shard_677_batch_4.tar	73167360	130999	849116160	1206039
781	5853	AF-0000000209617160	shard_581_batch_4.tar	15068672	96034	497595392	609216
782	1623	AF-0000000209617166	shard_755_batch_4.tar	25107456	162556	1537773056	2035510
782	3658	AF-0000000209617174	shard_853_batch_4.tar	249230848	258738	3036050432	5191955
783	5301	AF-0000000209617228	shard_503_batch_4.tar	27242496	66107	266162688	293192
784	1951	AF-0000000209617240	shard_841_batch_4.tar	45437952	239612	4156065280	4079962
784	2038	AF-0000000209617241	shard_875_batch_4.tar	147721216	328729	7393756672	7656580
784	2516	AF-0000000209617243	shard_837_batch_4.tar	228321792	236362	1020320256	3904136
784	3412	AF-0000000209617249	shard_837_batch_4.tar	75607552	236007	3460477952	3903285
786	4180	AF-0000000209617271	shard_871_batch_3.tar	180352000	306060	2370963456	7235730
787	1635	AF-0000000209617275	shard_625_batch_4.tar	68544512	108444	338242560	799464
787	1655	AF-0000000209617276	shard_631_batch_4.tar	91383296	110748	434749952	852887
787	1762	AF-0000000209617277	shard_631_batch_4.tar	92732928	110548	371476992	847538
787	2112	AF-0000000209617282	shard_641_batch_4.tar	28851712	113595	346786304	910421
787	2596	AF-0000000209617290	shard_609_batch_4.tar	22819840	102580	249637888	721294
787	2704	AF-0000000209617293	shard_689_batch_4.tar	78494720	132563	1142897664	1219829
787	3118	AF-0000000209617296	shard_647_batch_4.tar	102561792	116226	796995072	932116
787	3367	AF-0000000209617299	shard_669_batch_4.tar	59817984	125645	1100036608	1075560
787	3429	AF-0000000209617300	shard_665_batch_4.tar	88329728	122060	1026697216	1048819
787	3561	AF-0000000209617302	shard_623_batch_4.tar	8501760	108047	324055040	803622
787	3712	AF-0000000209617305	shard_859_batch_4.tar	142990336	269238	3260941312	5132089
787	3896	AF-0000000209617306	shard_643_batch_4.tar	76665856	114910	503763456	929018
787	4531	AF-0000000209617313	shard_631_batch_4.tar	96681472	110565	553146880	845351
787	4746	AF-0000000209617317	shard_625_batch_4.tar	109316096	109669	336667648	807583
787	4938	AF-0000000209617320	shard_859_batch_4.tar	33872896	268164	4061380608	5097401
787	5208	AF-0000000209617326	shard_641_batch_4.tar	5586944	114677	758646272	884411
788	3756	AF-0000000209617340	shard_631_batch_3.tar	33594368	109164	533090816	823457
788	3941	AF-0000000209617342	shard_805_batch_3.tar	4586496	196969	3144250880	2721190
788	4358	AF-0000000209617343	shard_647_batch_3.tar	49692672	117622	1132384768	951525
789	1089	AF-0000000209617349	shard_703_batch_4.tar	119334912	139528	739576832	1395488
789	1572	AF-0000000209617356	shard_629_batch_4.tar	35875328	110155	944519680	874186
789	5097	AF-0000000209617379	shard_679_batch_4.tar	33977344	129784	1023736832	1172859
789	5325	AF-0000000209617387	shard_591_batch_3.tar	79419392	98876	282729984	665811
791	2205	AF-0000000209617427	shard_785_batch_4.tar	1674240	181344	1696626688	2389941
791	4991	AF-0000000209617459	shard_809_batch_4.tar	175725056	205585	677669888	2966750
791	5226	AF-0000000209617465	shard_829_batch_3.tar	189054976	214234	1037147648	3435521
791	5642	AF-0000000209617467	shard_787_batch_4.tar	176091648	176554	2027084288	2317890
791	5653	AF-0000000209617468	shard_731_batch_4.tar	35944960	149305	842055168	1695031
795	1410	AF-0000000209617489	shard_765_batch_3.tar	66702848	173332	2331945984	2045183
795	1715	AF-0000000209617492	shard_837_batch_4.tar	210002432	235801	3254917120	3979006
795	2615	AF-0000000209617502	shard_733_batch_4.tar	60814336	155125	1741463552	1641975
795	3852	AF-0000000209617513	shard_773_batch_4.tar	31970816	178863	1803740160	2201016
795	4387	AF-0000000209617520	shard_759_batch_4.tar	41463296	169732	565612544	1952400
795	5159	AF-0000000209617530	shard_853_batch_4.tar	17479680	258722	585606144	4622880
795	5709	AF-0000000209617538	shard_811_batch_4.tar	202234880	207956	2091917824	3025882
795	5741	AF-0000000209617539	shard_773_batch_4.tar	9106944	179621	1278314496	2130158
796	1786	AF-0000000209617542	shard_591_batch_4.tar	88519680	94717	522139648	647782
796	2651	AF-0000000209617545	shard_667_batch_4.tar	111872000	121350	1027666944	1041756
796	4739	AF-0000000209617550	shard_625_batch_4.tar	8520192	108574	628798464	834747
798	1910	AF-0000000209617562	shard_671_batch_3.tar	103417344	123784	1280593408	1144449
798	4376	AF-0000000209617564	shard_663_batch_3.tar	14815232	121051	389686784	1076579
798	5095	AF-0000000209617565	shard_805_batch_4.tar	71269376	197742	1511011328	2776965
800	2302	AF-0000000209617578	shard_809_batch_4.tar	133163008	201984	1064375808	3014361
800	2439	AF-0000000209617579	shard_773_batch_4.tar	8230912	169202	1980409856	1983797
800	2694	AF-0000000209617583	shard_837_batch_4.tar	168248320	234141	2778204672	4062838
800	3038	AF-0000000209617589	shard_739_batch_4.tar	467456	151595	1226266112	1594336
800	3479	AF-0000000209617592	shard_603_batch_4.tar	47472640	97066	607163904	700848
800	3650	AF-0000000209617593	shard_817_batch_4.tar	116348416	213091	1955867136	3172334
800	5920	AF-0000000209617609	shard_847_batch_4.tar	35159040	254569	4165337088	4349382
801	919	AF-0000000209617611	shard_867_batch_4.tar	86880256	290761	5297793024	6363972
801	1040	AF-0000000209617612	shard_833_batch_4.tar	147670528	227016	2180271104	3779031
801	1318	AF-0000000209617616	shard_847_batch_4.tar	238162432	248093	3410112000	4535988
801	3606	AF-0000000209617630	shard_827_batch_4.tar	155087360	223392	2463486464	3648402
801	4177	AF-0000000209617631	shard_839_batch_4.tar	80183296	234918	3389198848	4033211
801	5263	AF-0000000209617637	shard_809_batch_4.tar	122011648	201857	3194363392	2988303
801	5662	AF-0000000209617641	shard_823_batch_4.tar	21176320	216786	3051480576	3361486
802	2379	AF-0000000209617673	shard_861_batch_4.tar	105230848	276391	5469357056	5600343
802	2418	AF-0000000209617674	shard_825_batch_4.tar	200313856	223671	3622300160	3642599
802	3863	AF-0000000209617704	shard_879_batch_3.tar	226481152	414321	2081810432	12331595
802	4419	AF-0000000209617722	shard_841_batch_4.tar	197452800	241668	3111735808	4335061
802	4612	AF-0000000209617725	shard_879_batch_3.tar	192565248	399676	4888058880	11338907
802	4747	AF-0000000209617728	shard_869_batch_4.tar	93424128	305353	5883585024	6761193
802	5604	AF-0000000209617741	shard_855_batch_4.tar	111670272	264725	4081057280	5145366
803	4838	AF-0000000209617777	shard_659_batch_4.tar	29075968	122758	1221320704	1055047
805	1103	AF-0000000209617791	shard_707_batch_3.tar	38604288	139295	385159168	1448502
805	1601	AF-0000000209617806	shard_627_batch_4.tar	20183552	107482	646664192	825484
805	1999	AF-0000000209617817	shard_669_batch_4.tar	7143936	124302	1155551744	1131486
805	2133	AF-0000000209617820	shard_669_batch_4.tar	41899008	126993	1136710656	1148299
805	2664	AF-0000000209617833	shard_567_batch_3.tar	66179072	89364	563259904	573368
805	3135	AF-0000000209617840	shard_643_batch_4.tar	48276480	113773	261442048	958442
805	4063	AF-0000000209617862	shard_705_batch_4.tar	4828160	141904	709408256	1442609
805	4192	AF-0000000209617864	shard_671_batch_4.tar	2167808	126336	999456768	1174930
805	4785	AF-0000000209617876	shard_707_batch_3.tar	94323200	139332	1527683072	1450097
805	4879	AF-0000000209617878	shard_731_batch_4.tar	148043264	151287	695269376	1702643
805	5417	AF-0000000209617897	shard_835_batch_4.tar	77325824	234049	3375108608	3800907
805	5562	AF-0000000209617903	shard_577_batch_3.tar	22971392	92666	534907392	603901
808	3887	AF-0000000209617939	shard_787_batch_4.tar	115010048	187757	789096448	2530892
811	3228	AF-0000000209617968	shard_775_batch_4.tar	31802368	171483	1193542144	2298141
812	1814	AF-0000000209617969	shard_675_batch_3.tar	39641600	126158	1199778304	1198872
812	2418	AF-0000000209617975	shard_595_batch_3.tar	73552384	97334	440974848	694275
814	4948	AF-0000000209617996	shard_813_batch_4.tar	143314432	206810	486784512	3157019
822	3487	AF-0000000209618027	shard_631_batch_4.tar	92281856	111107	238924288	878109
822	5286	AF-0000000209618031	shard_801_batch_4.tar	157147136	197394	3153090048	2796324
824	5700	AF-0000000209618054	shard_745_batch_4.tar	121405440	158065	1980344320	1928642
827	4574	AF-0000000209618112	shard_599_batch_4.tar	3061248	97263	283517952	657174
828	2515	AF-0000000209618141	shard_679_batch_4.tar	89724416	127894	1428972032	1176155
828	3647	AF-0000000209618149	shard_723_batch_4.tar	134431232	145904	791031296	1592115
828	4299	AF-0000000209618154	shard_681_batch_4.tar	33735168	128351	676901376	1260396
828	4348	AF-0000000209618155	shard_571_batch_4.tar	84484096	90124	553516032	593792
828	5166	AF-0000000209618160	shard_763_batch_4.tar	137528320	170357	447104512	2090965
828	5177	AF-0000000209618161	shard_743_batch_4.tar	157749760	154754	325519360	1805579
831	973	AF-0000000209618171	shard_767_batch_4.tar	68996608	170837	1480655872	2150885
832	2626	AF-0000000209618189	shard_465_batch_3.tar	39009280	43020	160745472	114551
832	2882	AF-0000000209618191	shard_509_batch_3.tar	9922048	66966	264460800	304571
833	1184	AF-0000000209618215	shard_559_batch_4.tar	1952256	88742	428584448	503502
834	2699	AF-0000000209618275	shard_657_batch_4.tar	58697728	120376	1148176384	1008233
834	4689	AF-0000000209618276	shard_657_batch_4.tar	112591360	120879	992040960	1024770
836	3761	AF-0000000209618289	shard_731_batch_4.tar	140624384	150457	1808336896	1555095
836	4817	AF-0000000209618291	shard_735_batch_4.tar	14673920	150585	687546368	1574938
837	845	AF-0000000209618296	shard_481_batch_3.tar	44558848	54774	172579328	175744
837	911	AF-0000000209618297	shard_569_batch_3.tar	38845952	89048	467999744	551359
837	1276	AF-0000000209618299	shard_543_batch_3.tar	68567040	79084	276814336	389196
837	5689	AF-0000000209618308	shard_615_batch_3.tar	4131328	106293	485216256	743353
838	1209	AF-0000000209618310	shard_861_batch_4.tar	41646080	275723	3035524096	5762120
838	2338	AF-0000000209618312	shard_849_batch_4.tar	202226688	255905	4355570176	4958038
838	3498	AF-0000000209618316	shard_879_batch_3.tar	230950400	433732	2127230464	14300796
838	4394	AF-0000000209618318	shard_851_batch_4.tar	86255616	258944	516166144	5088455
838	4420	AF-0000000209618319	shard_873_batch_4.tar	58497024	322055	5540256256	7781185
842	3740	AF-0000000209618450	shard_691_batch_4.tar	117520896	133368	307821056	1261260
842	4705	AF-0000000209618451	shard_695_batch_4.tar	125346816	136201	808579584	1337067
842	5559	AF-0000000209618453	shard_647_batch_3.tar	10190848	118045	1101961728	955851
849	2861	AF-0000000209618505	shard_723_batch_3.tar	144305664	149563	717837824	1650493
849	3232	AF-0000000209618507	shard_751_batch_4.tar	42524160	163754	385378816	1964425
849	4978	AF-0000000209618510	shard_863_batch_4.tar	205734400	281871	2660453376	6042871
849	5858	AF-0000000209618515	shard_729_batch_3.tar	33048064	150268	1797217792	1576500
851	2072	AF-0000000209618519	shard_589_batch_3.tar	47664128	98029	319526912	651118
851	3625	AF-0000000209618524	shard_643_batch_4.tar	97580544	112905	874546688	927932
852	2179	AF-0000000209618541	shard_877_batch_4.tar	195408896	358441	9028935168	9469369
852	4964	AF-0000000209618558	shard_863_batch_4.tar	52593152	277156	3866425856	5740494
854	1615	AF-0000000209618587	shard_759_batch_4.tar	123120128	167221	1108273152	1967312
854	2339	AF-0000000209618594	shard_781_batch_4.tar	82134016	177742	799732736	2190475
854	2861	AF-0000000209618599	shard_761_batch_4.tar	60830208	167256	2001981952	2007709
854	3002	AF-0000000209618601	shard_813_batch_4.tar	82787840	206736	530473984	3111052
854	3361	AF-0000000209618604	shard_853_batch_4.tar	19844608	255367	561417216	4814569
854	4936	AF-0000000209618609	shard_739_batch_4.tar	152254976	153462	617872384	1672398
854	5164	AF-0000000209618611	shard_791_batch_4.tar	29310464	183864	796882944	2429549
854	5750	AF-0000000209618614	shard_859_batch_4.tar	30316544	266943	2946853888	4966409
855	1897	AF-0000000209618627	shard_733_batch_3.tar	125176832	150162	1659672064	1584695
855	3924	AF-0000000209618652	shard_585_batch_3.tar	45563392	92182	577780224	612407
855	4538	AF-0000000209618661	shard_653_batch_3.tar	49780736	116283	229369856	1003938
856	1207	AF-0000000209618677	shard_813_batch_4.tar	100610048	207539	851833856	2872778
856	5013	AF-0000000209618683	shard_853_batch_4.tar	41772032	255513	3696093184	4511188
856	5818	AF-0000000209618684	shard_811_batch_4.tar	71067648	206314	1747331072	2922706
858	962	AF-0000000209618686	shard_771_batch_3.tar	4379136	173535	377564160	2261908
858	1307	AF-0000000209618691	shard_791_batch_3.tar	83465216	187292	637934592	2507610
858	3429	AF-0000000209618732	shard_603_batch_3.tar	57279488	101302	543327744	728836
858	4536	AF-0000000209618760	shard_785_batch_3.tar	67847680	183054	1417716736	2512140
858	5295	AF-0000000209618778	shard_773_batch_3.tar	7410688	177388	1509633024	2302157
860	3607	AF-0000000209618790	shard_805_batch_4.tar	62525440	200986	1196156416	2989178
861	1738	AF-0000000209618817	shard_637_batch_3.tar	75323392	112869	555815936	903303
861	1890	AF-0000000209618819	shard_659_batch_3.tar	3183616	120707	758686208	1060266
861	4184	AF-0000000209618860	shard_753_batch_3.tar	23685120	162779	824521728	1862191
861	5369	AF-0000000209618876	shard_801_batch_3.tar	17927680	197476	521897984	2777562
862	1494	AF-0000000209618886	shard_509_batch_3.tar	56216576	67991	234717184	283965
865	4057	AF-0000000209618904	shard_827_batch_3.tar	29363200	223337	3304335872	3792486
865	5097	AF-0000000209618906	shard_683_batch_3.tar	44682240	130400	722493440	1161589
865	5325	AF-0000000209618908	shard_597_batch_3.tar	74395648	99646	860333568	665436
868	1325	AF-0000000209618911	shard_879_batch_3.tar	7293952	387713	4998984704	10203524
868	1604	AF-0000000209618912	shard_793_batch_4.tar	42615808	192889	1558190080	2495880
870	1889	AF-0000000209618967	shard_515_batch_4.tar	50842624	71050	229295616	336730
870	3380	AF-0000000209618973	shard_501_batch_4.tar	43370496	64486	186162176	272539
870	3531	AF-0000000209618975	shard_547_batch_4.tar	79914496	83047	408660480	467622
870	4203	AF-0000000209618978	shard_627_batch_4.tar	101479424	109275	262592000	875130
870	5783	AF-0000000209618983	shard_583_batch_4.tar	584192	94832	227061760	639843
872	1237	AF-0000000209618995	shard_723_batch_4.tar	117324288	147535	1623131136	1537671
872	1251	AF-0000000209618996	shard_655_batch_4.tar	67043840	113472	1045564416	960119
872	1400	AF-0000000209618999	shard_777_batch_4.tar	128132096	178493	1463128064	2197882
872	1561	AF-0000000209619001	shard_525_batch_4.tar	42763264	73296	384217600	387087
872	1749	AF-0000000209619002	shard_765_batch_4.tar	96289280	169026	501434368	2103034
872	1758	AF-0000000209619003	shard_775_batch_4.tar	9536000	176063	1143408128	2195659
872	2269	AF-0000000209619006	shard_769_batch_4.tar	21057536	170934	380935168	2128289
872	2388	AF-0000000209619009	shard_695_batch_4.tar	122611712	136114	497402880	1267003
872	3196	AF-0000000209619018	shard_553_batch_4.tar	27693056	83119	299304960	489737
872	3565	AF-0000000209619024	shard_825_batch_4.tar	199207424	218509	2143841792	3612471
872	5541	AF-0000000209619042	shard_523_batch_4.tar	44540416	72527	446272000	355877
872	5877	AF-0000000209619047	shard_761_batch_4.tar	92102144	169022	1612870144	2116548
872	5917	AF-0000000209619049	shard_719_batch_4.tar	131309056	146734	351420416	1495557
873	3487	AF-0000000209619053	shard_685_batch_4.tar	86404608	133023	1385949184	1175643
875	2387	AF-0000000209619084	shard_793_batch_4.tar	69443584	187456	2585795072	2743076
875	3832	AF-0000000209619100	shard_801_batch_4.tar	164514304	193352	471330816	2866281
876	1261	AF-0000000209619124	shard_781_batch_3.tar	77023232	181592	2574459392	2449584
876	1697	AF-0000000209619126	shard_773_batch_4.tar	165900288	176116	1877345280	2305478
876	2205	AF-0000000209619127	shard_843_batch_4.tar	196195840	242637	1228512768	4281403
876	2623	AF-0000000209619131	shard_863_batch_4.tar	181104128	281589	4091685888	5775188
876	4864	AF-0000000209619144	shard_767_batch_3.tar	20132864	172305	1780777984	2203918
876	5659	AF-0000000209619146	shard_877_batch_4.tar	323346432	343529	1527508992	8872621
876	5877	AF-0000000209619149	shard_861_batch_4.tar	224461824	275153	5409206272	5556235
878	1080	AF-0000000209619159	shard_707_batch_3.tar	1559552	139962	1491405824	1363330
878	1229	AF-0000000209619163	shard_599_batch_3.tar	2037760	100492	797269504	716389
878	1410	AF-0000000209619166	shard_581_batch_3.tar	79827456	94416	551727616	613964
878	1715	AF-0000000209619169	shard_741_batch_3.tar	20523520	156932	1026706944	1810287
878	1901	AF-0000000209619172	shard_529_batch_3.tar	34829824	75717	228976640	397202
878	2083	AF-0000000209619175	shard_711_batch_3.tar	58739712	142720	661753856	1423417
878	2142	AF-0000000209619178	shard_637_batch_3.tar	20999168	113522	1022871552	942355
878	5171	AF-0000000209619214	shard_551_batch_3.tar	63384576	84119	228849152	494818
880	2317	AF-0000000209619232	shard_557_batch_3.tar	12014080	86467	466849280	529481
880	3638	AF-0000000209619234	shard_655_batch_4.tar	118913024	119270	448379392	1050672
880	4112	AF-0000000209619235	shard_623_batch_3.tar	64592896	108236	840974336	855687
880	5926	AF-0000000209619237	shard_663_batch_3.tar	35540480	121507	874814464	1106028
881	4653	AF-0000000209619238	shard_879_batch_3.tar	131888128	453290	3945159168	14805111
885	1372	AF-0000000209619251	shard_641_batch_3.tar	71648256	110541	1099629056	869431
885	2385	AF-0000000209619253	shard_835_batch_3.tar	143379456	232929	972962304	3808401
887	3222	AF-0000000209619281	shard_699_batch_4.tar	44118016	136603	642839552	1321276
887	5384	AF-0000000209619301	shard_739_batch_4.tar	82761728	155612	942349824	1750514
890	1372	AF-0000000209619332	shard_741_batch_3.tar	23848960	154691	1676557824	1809880
890	1481	AF-0000000209619334	shard_727_batch_3.tar	91280896	151445	581062656	1621150
890	5551	AF-0000000209619339	shard_705_batch_3.tar	97218560	141145	1417780736	1408707
892	2161	AF-0000000209619354	shard_733_batch_4.tar	41724416	150858	1373878272	1690263
892	4796	AF-0000000209619355	shard_535_batch_4.tar	75407872	77958	281229312	401579
894	1175	AF-0000000209619373	shard_857_batch_4.tar	105374208	266610	528763392	5018832
894	1359	AF-0000000209619374	shard_777_batch_4.tar	85338624	180000	2228867584	2232058
894	2355	AF-0000000209619383	shard_873_batch_4.tar	41426432	330083	6541993984	7776390
894	3863	AF-0000000209619392	shard_877_batch_4.tar	82927104	368280	9254900224	9541846
895	2434	AF-0000000209619409	shard_825_batch_3.tar	18053120	221715	1031024128	3475605
898	2214	AF-0000000209619459	shard_757_batch_3.tar	148554240	164176	2285818368	2004879
898	2830	AF-0000000209619465	shard_769_batch_3.tar	67110912	169504	781051904	2156100
899	4527	AF-0000000209619539	shard_501_batch_3.tar	49664512	64712	246190592	272250
900	1449	AF-0000000209619556	shard_573_batch_3.tar	4233728	91577	430752256	526001
900	3632	AF-0000000209619570	shard_721_batch_4.tar	56519680	144442	1560211968	1459165
900	4762	AF-0000000209619579	shard_569_batch_3.tar	2433536	90041	255917056	524537
900	4928	AF-0000000209619580	shard_613_batch_4.tar	60720128	104257	604154368	755480
900	5132	AF-0000000209619582	shard_463_batch_3.tar	7698944	42107	80366592	102888
900	5191	AF-0000000209619583	shard_463_batch_3.tar	6590976	42457	132063232	95938
900	5455	AF-0000000209619584	shard_555_batch_3.tar	19581952	83620	596727296	476827
900	5653	AF-0000000209619586	shard_587_batch_4.tar	11194368	95701	481916928	626831
902	5029	AF-0000000209619596	shard_853_batch_4.tar	218672128	263751	4525265920	5037022
903	950	AF-0000000209619601	shard_851_batch_4.tar	183616000	256457	1684627968	4828290
906	1209	AF-0000000209619618	shard_675_batch_4.tar	74146304	124915	248968192	1148621
906	4265	AF-0000000209619624	shard_861_batch_4.tar	258662912	273975	4840524288	5819875
911	4072	AF-0000000209619745	shard_589_batch_3.tar	31583744	96173	792226304	650123
911	5187	AF-0000000209619747	shard_713_batch_3.tar	59030528	143701	1638981632	1449266
912	4149	AF-0000000209619750	shard_843_batch_4.tar	234846720	244129	4054729216	4282502
913	5792	AF-0000000209619756	shard_691_batch_3.tar	127985152	132450	1345117696	1317499
916	2704	AF-0000000209619790	shard_839_batch_4.tar	4549120	238116	2869143552	3967656
916	4746	AF-0000000209619816	shard_817_batch_4.tar	87196160	214609	3525274112	3216658
916	5166	AF-0000000209619824	shard_865_batch_4.tar	180585472	285585	4595520000	5737561
916	5208	AF-0000000209619827	shard_823_batch_4.tar	124136960	219882	2906941440	3361498
916	5800	AF-0000000209619845	shard_861_batch_4.tar	270601728	272351	648961536	5559132
918	5564	AF-0000000209619874	shard_821_batch_3.tar	181425664	219094	1200873472	3405107
919	3377	AF-0000000209619885	shard_843_batch_4.tar	145542144	241324	2683929088	4362497
919	4187	AF-0000000209619887	shard_771_batch_4.tar	77296128	176253	1093089792	2223451
919	4279	AF-0000000209619888	shard_801_batch_4.tar	44332544	201852	1572804608	2980055
920	2999	AF-0000000209619898	shard_739_batch_3.tar	120537600	156680	1925540864	1793518
921	2170	AF-0000000209619926	shard_1103_batch_3.tar	3097600	67020	258098688	290213
921	4485	AF-0000000209619976	shard_491_batch_3.tar	42362368	59145	248403968	228595
921	4574	AF-0000000209619979	shard_551_batch_4.tar	55901184	84174	258677760	447526
921	5191	AF-0000000209619991	shard_473_batch_3.tar	26240512	49923	115402752	152068
922	5262	AF-0000000209620003	shard_493_batch_4.tar	9336832	61561	286443520	238595
923	1925	AF-0000000209620026	shard_745_batch_4.tar	127559168	159039	2012069888	1738961
923	1967	AF-0000000209620028	shard_743_batch_4.tar	117017600	158285	448887296	1765395
923	2326	AF-0000000209620035	shard_661_batch_4.tar	114283520	123229	1011041792	991145
923	2872	AF-0000000209620042	shard_849_batch_4.tar	102161920	253873	4434415616	4638970
923	3179	AF-0000000209620047	shard_763_batch_4.tar	134428160	171310	1569090560	2020620
923	3217	AF-0000000209620048	shard_781_batch_4.tar	150949376	181122	2118297088	2309860
923	3219	AF-0000000209620049	shard_659_batch_4.tar	37437440	120785	724247552	974258
923	3629	AF-0000000209620061	shard_823_batch_4.tar	139618304	217027	3800333312	3430024
923	4220	AF-0000000209620070	shard_693_batch_4.tar	14592512	134181	1050963968	1175154
923	4417	AF-0000000209620073	shard_811_batch_4.tar	151494656	213726	1107260416	2916601
923	4716	AF-0000000209620076	shard_719_batch_4.tar	99129856	147306	1026234880	1471219
923	5090	AF-0000000209620081	shard_657_batch_4.tar	33264640	120115	1083530752	947988
923	5158	AF-0000000209620083	shard_869_batch_4.tar	254990336	302314	5108715008	6738442
923	5427	AF-0000000209620092	shard_853_batch_4.tar	54504448	258528	1847073792	4857316
923	5459	AF-0000000209620093	shard_809_batch_4.tar	21731840	203037	1868713472	2831460
923	5769	AF-0000000209620104	shard_763_batch_4.tar	51968000	170838	1115975680	2013995
927	2579	AF-0000000209620144	shard_573_batch_4.tar	67075584	88154	559399936	565022
929	5925	AF-0000000209620180	shard_827_batch_3.tar	79575040	216688	1673243648	3325789
931	4716	AF-0000000209620216	shard_639_batch_3.tar	17724416	114095	1026360832	909075
937	1334	AF-0000000209620245	shard_865_batch_4.tar	279673856	285328	1034877952	6183071
946	2857	AF-0000000209620278	shard_733_batch_4.tar	104485376	150749	841314304	1675064
947	2460	AF-0000000209620280	shard_855_batch_4.tar	223171072	263271	2327083520	4845413
950	953	AF-0000000209620286	shard_799_batch_4.tar	36332032	198437	501779968	2810174
950	2217	AF-0000000209620292	shard_661_batch_4.tar	87158272	122235	1180721152	1056859
950	2569	AF-0000000209620299	shard_707_batch_4.tar	48265728	140471	1332654592	1462487
950	3267	AF-0000000209620303	shard_739_batch_4.tar	143079936	154628	1127949824	1791721
950	4345	AF-0000000209620313	shard_803_batch_4.tar	114475520	198111	2586855424	2791757
950	4634	AF-0000000209620314	shard_775_batch_4.tar	57172480	180360	1389853696	2331927
950	5380	AF-0000000209620326	shard_661_batch_4.tar	6690304	123516	864516096	1039602
950	5432	AF-0000000209620328	shard_705_batch_4.tar	5831680	140369	1445241344	1461423
953	1068	AF-0000000209620333	shard_815_batch_4.tar	193303040	210338	1825437696	3188051
953	2104	AF-0000000209620338	shard_781_batch_4.tar	99992064	179366	771333632	2304662
953	2282	AF-0000000209620340	shard_817_batch_4.tar	130254336	213518	2573687296	3073396
956	1166	AF-0000000209620375	shard_687_batch_4.tar	5637632	130991	494135296	1302658
956	1176	AF-0000000209620376	shard_493_batch_4.tar	26660864	59785	346617344	260274
956	1319	AF-0000000209620378	shard_487_batch_4.tar	23198720	56884	223919104	226725
956	1570	AF-0000000209620380	shard_499_batch_4.tar	27444224	62186	172047360	273918
956	5075	AF-0000000209620388	shard_513_batch_4.tar	57261568	69327	210144768	335231
958	4261	AF-0000000209620424	shard_645_batch_4.tar	34902016	118549	861298176	912993
958	4417	AF-0000000209620426	shard_745_batch_4.tar	94094848	167798	1967545344	1782370
959	2467	AF-0000000209620477	shard_787_batch_4.tar	76905984	183933	2668330496	2573303
959	2489	AF-0000000209620481	shard_705_batch_3.tar	80024576	137454	1200617472	1430257
959	2700	AF-0000000209620490	shard_845_batch_3.tar	243309056	242787	3623484416	4548087
959	3106	AF-0000000209620509	shard_793_batch_4.tar	16024576	186123	2765910016	2656487
959	4657	AF-0000000209620543	shard_801_batch_4.tar	183254016	193331	1929729024	2844521
959	4717	AF-0000000209620544	shard_775_batch_3.tar	84941824	174541	1894094848	2311179
959	5397	AF-0000000209620560	shard_791_batch_4.tar	87554560	188609	2719474176	2644274
962	1794	AF-0000000209620580	shard_781_batch_4.tar	183131136	180214	708817920	2425996
962	2502	AF-0000000209620590	shard_699_batch_4.tar	28124160	136050	532426240	1365547
962	2527	AF-0000000209620591	shard_699_batch_4.tar	40512000	135813	787461632	1365175
962	3982	AF-0000000209620612	shard_763_batch_4.tar	76391424	167041	380529152	2087966
962	4536	AF-0000000209620619	shard_841_batch_4.tar	8031744	238307	4470086656	4435989
962	4571	AF-0000000209620620	shard_855_batch_4.tar	184422912	257466	769648640	4945910
963	2446	AF-0000000209620646	shard_579_batch_3.tar	83483136	92082	732500992	566586
963	2469	AF-0000000209620647	shard_729_batch_4.tar	108802048	146958	656470016	1580201
963	2761	AF-0000000209620648	shard_775_batch_4.tar	104105984	169256	1202756608	2200510
963	3038	AF-0000000209620651	shard_761_batch_4.tar	8733696	162659	2240286208	1949431
963	5124	AF-0000000209620661	shard_627_batch_4.tar	7910912	106058	764978688	876147
963	5190	AF-0000000209620662	shard_559_batch_3.tar	51920896	84096	175755776	533032
963	5534	AF-0000000209620664	shard_751_batch_4.tar	72507904	161701	694093824	1900168
968	1345	AF-0000000209620685	shard_775_batch_3.tar	157532672	178287	1466489344	2346746
968	1603	AF-0000000209620686	shard_727_batch_3.tar	8856576	146920	1167124480	1583886
968	2205	AF-0000000209620687	shard_735_batch_3.tar	79849984	152867	788431872	1695708
968	4850	AF-0000000209620691	shard_767_batch_3.tar	130492928	170883	1817110016	2177137
968	5671	AF-0000000209620692	shard_775_batch_3.tar	40980992	178293	2471589376	2338129
969	1939	AF-0000000209620700	shard_781_batch_3.tar	57790976	180405	762841600	2383397
971	987	AF-0000000209620780	shard_729_batch_4.tar	18978816	151931	550390272	1705043
971	1191	AF-0000000209620798	shard_817_batch_4.tar	4257280	210093	1946332160	3074237
971	1617	AF-0000000209620824	shard_627_batch_4.tar	68696064	107584	1037408256	850039
971	2097	AF-0000000209620851	shard_581_batch_4.tar	33093632	93239	440442880	633262
971	2629	AF-0000000209620885	shard_671_batch_4.tar	75169792	124218	1163863040	1140185
971	3616	AF-0000000209620941	shard_565_batch_3.tar	16136704	87145	547294208	549999
971	3852	AF-0000000209620959	shard_611_batch_4.tar	10420224	105061	790052352	795329
971	4095	AF-0000000209620972	shard_567_batch_3.tar	29069312	89384	371394560	571458
971	4210	AF-0000000209620979	shard_695_batch_4.tar	84826112	133633	434322432	1374578
971	5438	AF-0000000209621054	shard_715_batch_4.tar	102691840	144257	417914880	1464809
973	1782	AF-0000000209621089	shard_829_batch_3.tar	37261312	226040	3736611840	3672548
973	5425	AF-0000000209621098	shard_873_batch_3.tar	102369792	321929	5424510464	7281460
977	1136	AF-0000000209621117	shard_659_batch_3.tar	31704576	116965	724570624	987611
977	2011	AF-0000000209621131	shard_775_batch_3.tar	131644416	171599	2185380864	2214716
977	4653	AF-0000000209621157	shard_873_batch_3.tar	7995904	313513	5607841792	7383160
980	5689	AF-0000000209621187	shard_619_batch_3.tar	101715968	109073	576343552	766280
981	1494	AF-0000000209621188	shard_545_batch_4.tar	72936448	82368	356360704	422122
983	1258	AF-0000000209621206	shard_525_batch_3.tar	41406976	69335	476251648	348372
983	1401	AF-0000000209621211	shard_545_batch_3.tar	60754432	76720	398424064	436529
983	2030	AF-0000000209621228	shard_559_batch_3.tar	13244416	83193	339712000	502555
983	2645	AF-0000000209621256	shard_579_batch_3.tar	43619328	86682	360681984	570938
983	2850	AF-0000000209621261	shard_765_batch_4.tar	120544768	166346	2388259840	2139829
983	3915	AF-0000000209621299	shard_535_batch_3.tar	60495360	73032	242370048	385914
983	4323	AF-0000000209621310	shard_563_batch_3.tar	56852480	83272	168876544	516292
984	1262	AF-0000000209621372	shard_665_batch_4.tar	13133312	123015	1179454976	1126349
984	1414	AF-0000000209621373	shard_609_batch_4.tar	34584576	103973	899348992	761686
984	4359	AF-0000000209621400	shard_651_batch_4.tar	56802816	120185	1081984000	1022747
984	4670	AF-0000000209621403	shard_739_batch_4.tar	121994752	153734	477530112	1756316
984	4916	AF-0000000209621406	shard_597_batch_4.tar	4161024	99450	676535296	691785
984	5758	AF-0000000209621412	shard_651_batch_4.tar	109827584	117940	616440320	990491
985	2544	AF-0000000209621422	shard_577_batch_3.tar	29125632	90374	463254528	582365
987	1617	AF-0000000209621460	shard_701_batch_3.tar	7731712	139153	493689856	1401340
987	2030	AF-0000000209621475	shard_671_batch_3.tar	81048064	128935	633649152	1123802
987	2867	AF-0000000209621509	shard_629_batch_3.tar	68584448	112033	698627584	855578
987	3329	AF-0000000209621533	shard_645_batch_3.tar	36837888	117550	309030912	950724
987	3930	AF-0000000209621555	shard_801_batch_3.tar	151976960	199124	1458194432	2824783
987	4706	AF-0000000209621574	shard_661_batch_3.tar	123904	121982	265454080	1050728
987	4714	AF-0000000209621575	shard_703_batch_3.tar	13660672	141152	1044247040	1407978
988	1262	AF-0000000209621631	shard_625_batch_3.tar	93829632	108403	724915712	880325
988	1414	AF-0000000209621632	shard_567_batch_3.tar	26200064	88866	587914240	562744
988	3531	AF-0000000209621646	shard_537_batch_3.tar	73870336	79243	490131456	436690
988	4937	AF-0000000209621662	shard_603_batch_3.tar	84255744	100071	752768000	701989
988	5027	AF-0000000209621663	shard_533_batch_3.tar	23769088	76553	183111168	408790
991	1731	AF-0000000209621709	shard_483_batch_3.tar	52523520	55601	283238912	199801
991	1845	AF-0000000209621712	shard_581_batch_3.tar	59884032	92758	305992704	618432
991	2156	AF-0000000209621725	shard_511_batch_3.tar	56832512	68559	202031104	305481
991	2173	AF-0000000209621727	shard_457_batch_4.tar	3808256	32034	64743936	57000
991	4203	AF-0000000209621766	shard_551_batch_3.tar	56808448	83197	596380672	493620
991	4241	AF-0000000209621768	shard_463_batch_3.tar	37186560	40840	169256448	101004
991	4403	AF-0000000209621773	shard_457_batch_4.tar	13019648	30792	93975552	50124
994	5903	AF-0000000209621845	shard_681_batch_3.tar	54218752	124848	1258757120	1143502
995	3389	AF-0000000209621850	shard_797_batch_4.tar	59270144	189006	1129477632	2808506
996	3759	AF-0000000209621857	shard_875_batch_4.tar	212976128	338035	7259035136	7982325
999	5763	AF-0000000209621907	shard_459_batch_4.tar	14395904	37020	98086400	75317
