a	b	entity	tar	cif_off	cif_len	pae_off	pae_len
8004	10344	AF-0000000204124838	shard_1814_batch_2.tar	43406336	170618	1042622976	2075731
8004	11367	AF-0000000204124834	shard_1554_batch_1.tar	80016896	95352	547512320	611382
8004	11979	AF-0000000204124833	shard_1552_batch_1.tar	22593024	95265	668618752	599409
8005	12435	AF-0000000205007597	shard_1611_batch_1.tar	72290304	111785	547223552	825692
8009	8805	AF-0000000205054952	shard_1661_batch_1.tar	32141824	122258	1142996992	991631
8012	11093	AF-0000000204771368	shard_1435_batch_0.tar	36352000	55834	253545472	183823
8012	11790	AF-0000000211179266	shard_1601_batch_0.tar	23744000	107462	288482304	788632
8012	12435	AF-0000000204771364	shard_1439_batch_0.tar	2004480	57026	206080512	196495
8013	8748	AF-0000000204712979	shard_1483_batch_0.tar	28021760	72611	437748736	353859
8013	10751	AF-0000000204712881	shard_1495_batch_0.tar	13386752	75829	514971648	399280
8013	11001	AF-0000000204712833	shard_1577_batch_0.tar	70523392	99543	789230080	680388
8013	11367	AF-0000000204712825	shard_1601_batch_0.tar	102865920	105874	384586752	778848
8013	11979	AF-0000000204712824	shard_1597_batch_0.tar	2320896	105791	755669504	772840
8014	9415	AF-0000000203673061	shard_1624_batch_0.tar	45125632	114777	631950848	896326
8014	11679	AF-0000000203673055	shard_1686_batch_0.tar	786944	134875	410412544	1235096
8015	8730	AF-0000000204987022	shard_1453_batch_0.tar	55975936	61182	298769408	253054
8015	9037	AF-0000000204987008	shard_1427_batch_0.tar	15670784	49619	214606848	156721
8017	11324	AF-0000000204663218	shard_1681_batch_0.tar	106344448	128934	1099759104	1190734
8018	8746	AF-0000000204177489	shard_1814_batch_2.tar	51389952	175201	1061774848	2106502
8023	11190	AF-0000000204808537	shard_1739_batch_0.tar	133171712	144894	1371546624	1520825
8023	12086	AF-0000000211179425	shard_1761_batch_0.tar	128402432	154410	1422882304	1652872
8024	8790	AF-0000000205014795	shard_1593_batch_1.tar	98076160	107648	894604288	750390
8036	10344	AF-0000000205022833	shard_1263_batch_1.tar	48081920	232033	3937274368	3776711
8037	12287	AF-0000000205013078	shard_1261_batch_1.tar	70535680	231097	1148255232	3986441
8039	8609	AF-0000000205059835	shard_1465_batch_1.tar	43816960	68126	186393600	287261
8039	12435	AF-0000000205059843	shard_1465_batch_1.tar	2552320	68178	382842368	300165
8040	8423	AF-0000000205059928	shard_1839_batch_1.tar	35767808	183202	371287552	2471953
8040	9468	AF-0000000205060105	shard_1851_batch_1.tar	108311040	187922	1019032064	2650483
8040	10978	AF-0000000205059886	shard_1763_batch_1.tar	118247424	152169	477634048	1739397
8040	12463	AF-0000000205060097	shard_1243_batch_1.tar	121893888	224657	1977937920	3444753
8040	12568	AF-0000000205059919	shard_1313_batch_1.tar	206287872	297036	3165511680	5838797
8042	11419	AF-0000000203794734	shard_1618_batch_0.tar	46264320	111306	560678400	870338
8042	12491	AF-0000000203794742	shard_1854_batch_1.tar	110660096	187393	427429376	2514538
8048	8074	AF-0000000204841735	shard_1755_batch_0.tar	37268992	149498	736361472	1607672
8048	9862	AF-0000000204841729	shard_1611_batch_0.tar	22501376	108038	956982784	764050
8048	11324	AF-0000000204841725	shard_1629_batch_0.tar	106209280	111841	741705216	889648
8054	11388	AF-0000000205060569	shard_1577_batch_1.tar	51351040	101193	756082176	659885
8057	8599	AF-0000000205007997	shard_1673_batch_1.tar	108128768	126900	912917504	1130035
8057	9155	AF-0000000205007998	shard_1671_batch_1.tar	51163136	126865	899155456	1132981
8062	8158	AF-0000000204956597	shard_1559_batch_1.tar	55259648	93582	499129856	565616
8062	8618	AF-0000000204956627	shard_1445_batch_0.tar	28290048	57741	162083328	223238
8062	9470	AF-0000000204956581	shard_1447_batch_0.tar	1025536	59623	278348288	224327
8066	10020	AF-0000000205007611	shard_1765_batch_1.tar	59842048	143642	446322176	1580692
8069	8846	AF-0000000204672886	shard_1317_batch_0.tar	271225344	300303	5403634176	6169848
8069	9733	AF-0000000204672892	shard_1329_batch_0.tar	320526336	334481	1085769728	7533353
8069	10158	AF-0000000204672897	shard_1293_batch_0.tar	12722176	262632	1510737408	4731186
8071	9608	AF-0000000205060664	shard_1551_batch_1.tar	78782464	93085	241213440	583492
8072	10365	AF-0000000211179566	shard_1562_batch_0.tar	95386112	97712	571166720	630477
8073	10020	AF-0000000204878602	shard_1665_batch_0.tar	94788096	122788	565794304	1061093
8075	11436	AF-0000000204893511	shard_1731_batch_1.tar	13000192	144014	1305223168	1524761
8075	11575	AF-0000000204893492	shard_1731_batch_1.tar	139686912	144028	643732480	1544059
8075	11767	AF-0000000204893499	shard_1731_batch_1.tar	72772608	144009	1081631744	1517125
8077	11628	AF-0000000211179587	shard_1739_batch_0.tar	7340544	146363	714227712	1527017
8085	8963	AF-0000000211179593	shard_1329_batch_0.tar	311477248	328875	3459735552	7780038
8089	11167	AF-0000000205059158	shard_1727_batch_1.tar	64556032	143261	1060690432	1449429
8090	9987	AF-0000000205059168	shard_1777_batch_1.tar	17264640	159764	1913596928	1743143
8095	11145	AF-0000000204951582	shard_1843_batch_1.tar	176012800	184664	2398462976	2551327
8095	12462	AF-0000000204951629	shard_1321_batch_1.tar	18904064	308193	4857530368	6570347
8097	12094	AF-0000000211179683	shard_1887_batch_0.tar	127266304	208543	3204812288	3033403
8098	12575	AF-0000000204948805	shard_1253_batch_1.tar	30449664	204304	3489901056	3475618
8100	8492	AF-0000000203932528	shard_1322_batch_1.tar	99009024	321066	1535088640	7160585
8100	8765	AF-0000000203932620	shard_1864_batch_1.tar	31540736	195957	1524851200	2735992
8100	9513	AF-0000000203932582	shard_1754_batch_1.tar	117632512	151692	649969664	1619029
8100	10084	AF-0000000203932517	shard_1326_batch_1.tar	263345664	330644	1780645376	7992055
8100	10296	AF-0000000203932527	shard_1836_batch_1.tar	112086016	183788	1644390912	2368526
8100	11413	AF-0000000203932567	shard_1758_batch_1.tar	131005440	153000	1377954304	1655475
8100	11807	AF-0000000203932508	shard_1760_batch_1.tar	103690240	155262	1435643904	1667768
8102	9456	AF-0000000204999420	shard_1703_batch_1.tar	63835648	136443	310531072	1290907
8104	8532	AF-0000000205049839	shard_1831_batch_1.tar	128717824	175260	1692434944	2168281
8104	9852	AF-0000000205049840	shard_1843_batch_1.tar	179725824	181886	1342767104	2273427
8107	12258	AF-0000000205049872	shard_1747_batch_1.tar	145670144	150884	1005825024	1583465
8108	11093	AF-0000000204971777	shard_1637_batch_1.tar	67100672	117143	849180672	919103
8121	11575	AF-0000000204245624	shard_1792_batch_2.tar	48194048	164587	885274624	2015671
8121	11943	AF-0000000204245629	shard_1263_batch_0.tar	39778304	234851	4331130368	4014278
8123	10493	AF-0000000203718560	shard_1312_batch_0.tar	169138176	286157	5458621952	5672396
8123	11575	AF-0000000203718541	shard_1308_batch_0.tar	108168704	283048	2686839808	5649816
8123	11789	AF-0000000203718556	shard_1308_batch_0.tar	41131520	281262	3128217088	5671504
8125	9987	AF-0000000205050347	shard_1699_batch_1.tar	79014400	133738	1333722112	1245942
8125	10414	AF-0000000205050370	shard_1267_batch_1.tar	126754304	243519	936671232	4042902
8125	10918	AF-0000000203845377	shard_1719_batch_1.tar	96889344	139664	278917632	1346509
8125	11807	AF-0000000205050337	shard_1723_batch_1.tar	131644416	141550	1306449920	1378936
8131	10961	AF-0000000204972891	shard_1545_batch_1.tar	85989376	93153	469939712	592348
8132	11419	AF-0000000204893516	shard_1813_batch_1.tar	133084672	170318	1867286528	2146356
8132	12117	AF-0000000204893517	shard_1811_batch_1.tar	26241024	168665	1176559616	2026651
8141	8359	AF-0000000203887070	shard_1728_batch_1.tar	63687680	139563	1651659776	1345293
8151	9106	AF-0000000204893538	shard_1695_batch_1.tar	48447488	134732	548196352	1204982
8155	11093	AF-0000000203926198	shard_1264_batch_1.tar	198658048	239075	3249372160	3864702
8156	8820	AF-0000000204951816	shard_1437_batch_0.tar	50120704	52668	125790208	193254
8156	8984	AF-0000000204951669	shard_1435_batch_0.tar	2869248	52393	107717632	187658
8156	9513	AF-0000000204951769	shard_1437_batch_0.tar	52501504	53006	238223360	189813
8156	9937	AF-0000000204951762	shard_1433_batch_0.tar	24776192	51646	190800384	179304
8156	10477	AF-0000000204951730	shard_1449_batch_0.tar	48677888	58606	118187008	231726
8156	12362	AF-0000000204951706	shard_1435_batch_0.tar	15436800	52435	249441792	186985
8156	12487	AF-0000000204951722	shard_1435_batch_0.tar	45926400	52434	231818752	187056
8156	12596	AF-0000000204951796	shard_1435_batch_0.tar	51627520	52408	183245824	187388
8159	8112	AF-0000000204931983	shard_1817_batch_1.tar	94134272	176230	407162368	2158884
8159	8463	AF-0000000211179738	shard_1243_batch_1.tar	103421952	223804	1234142720	3516316
8159	10919	AF-0000000203569043	shard_1799_batch_1.tar	61752320	168731	924497920	1994022
8159	11351	AF-0000000204931985	shard_1873_batch_1.tar	22038016	199772	1535024128	2915854
8163	9643	AF-0000000205031683	shard_1321_batch_1.tar	138844672	315352	6428358144	7035258
8166	8298	AF-0000000204913177	shard_1793_batch_1.tar	146798592	163941	2059731456	1965441
8166	8363	AF-0000000204913148	shard_1701_batch_1.tar	37094912	135802	886163968	1271916
8166	9233	AF-0000000204913153	shard_1755_batch_1.tar	86827008	152256	1170187776	1619255
8166	11388	AF-0000000204913158	shard_1637_batch_1.tar	9833472	116785	773234176	916373
8166	12166	AF-0000000204913151	shard_1631_batch_0.tar	48341504	115311	1064900608	891167
8167	9724	AF-0000000204868670	shard_1447_batch_0.tar	54976512	59402	239282688	232933
8167	10907	AF-0000000204868681	shard_1533_batch_0.tar	48582144	87205	455846400	514418
8167	12559	AF-0000000204868827	shard_1781_batch_1.tar	132227584	163091	994150912	1853687
8169	10850	AF-0000000205007311	shard_1823_batch_1.tar	154255872	170512	2304101376	2085091
8169	11594	AF-0000000205007312	shard_1703_batch_1.tar	87371776	129698	959471616	1253850
8185	11958	AF-0000000203762156	shard_1278_batch_1.tar	43953152	253450	4616948736	4294170
8192	11808	AF-0000000204993145	shard_1639_batch_1.tar	18806272	117332	1061929472	930925
8194	10718	AF-0000000204945794	shard_1631_batch_1.tar	1968128	113157	640808448	912051
8195	9623	AF-0000000205029661	shard_1661_batch_1.tar	105388032	122513	820318720	1084080
8195	10942	AF-0000000205029652	shard_1235_batch_1.tar	184444928	216591	797936128	3355877
8195	12397	AF-0000000205029662	shard_1707_batch_1.tar	35671552	137498	569166336	1317263
8200	8274	AF-0000000205008812	shard_1727_batch_1.tar	41600000	145900	1163473408	1433658
8206	8582	AF-0000000204955027	shard_1541_batch_0.tar	18807808	90252	483577344	537425
8206	9154	AF-0000000204955034	shard_1775_batch_1.tar	80876544	158355	1494388224	1739956
8206	9304	AF-0000000204955081	shard_1445_batch_0.tar	6854656	58937	180360192	221081
8206	10141	AF-0000000204955047	shard_1511_batch_0.tar	11560448	82118	509380096	440818
8206	11087	AF-0000000204955170	shard_1519_batch_0.tar	70829056	84387	407846400	487359
8206	11687	AF-0000000204955250	shard_1415_batch_0.tar	21440000	43092	161211392	103056
8207	8778	AF-0000000204908797	shard_1881_batch_1.tar	33208832	206199	1061109248	3007841
8209	10078	AF-0000000204980113	shard_1793_batch_1.tar	91398144	170254	1109926400	1797879
8212	10393	AF-0000000211179795	shard_1567_batch_1.tar	92815872	95953	732219904	639165
8220	8331	AF-0000000204961639	shard_1531_batch_0.tar	7104000	86282	382982144	499922
8227	10852	AF-0000000205055428	shard_1255_batch_1.tar	138164736	238379	1869811712	4024154
8228	12302	AF-0000000204897614	shard_1771_batch_1.tar	90988544	159475	1708855296	1813241
8232	9880	AF-0000000205006155	shard_1483_batch_1.tar	50155520	71393	439710720	368540
8232	9896	AF-0000000205006126	shard_1537_batch_1.tar	22224384	87373	485047808	562251
8232	11120	AF-0000000205006143	shard_1537_batch_1.tar	37709824	87411	362508800	563030
8232	11475	AF-0000000205006129	shard_1515_batch_1.tar	15876608	81293	277102080	484597
8233	10684	AF-0000000203624606	shard_1474_batch_0.tar	494592	72232	382822912	300047
8234	10143	AF-0000000205019296	shard_1521_batch_1.tar	13772288	83686	166447616	477261
8235	11388	AF-0000000205008009	shard_1465_batch_0.tar	65235456	67908	250321408	261422
8236	9278	AF-0000000205056039	shard_1649_batch_1.tar	74604032	120556	1059090944	1014405
8236	10789	AF-0000000205056036	shard_1649_batch_1.tar	58502656	120652	1047151104	1014668
8236	10814	AF-0000000205056040	shard_1667_batch_1.tar	119182848	125462	1083837440	1087130
8237	9076	AF-0000000204723881	shard_1283_batch_0.tar	759296	253989	1588524544	4469044
8240	11457	AF-0000000204988114	shard_1583_batch_1.tar	13745152	99028	567243776	691346
8240	11697	AF-0000000211179824	shard_1587_batch_1.tar	17476608	100062	582114816	704339
8245	8684	AF-0000000205055442	shard_1505_batch_1.tar	21903360	80350	158202368	394467
8245	10092	AF-0000000205055443	shard_1675_batch_1.tar	19697664	128411	330171904	1031166
8245	12523	AF-0000000205055438	shard_1749_batch_1.tar	39368704	148935	548228608	1632388
8248	8716	AF-0000000204987029	shard_1469_batch_0.tar	67648512	66948	368001536	271149
8249	8819	AF-0000000204953009	shard_1407_batch_1.tar	10616320	34069	70949376	65849
8254	9111	AF-0000000203917430	shard_1868_batch_1.tar	163598336	199398	382823936	2823913
8256	8062	AF-0000000205029690	shard_1419_batch_1.tar	40870912	46707	173801472	134158
8256	8158	AF-0000000205029687	shard_1557_batch_1.tar	40320000	93591	771234816	569670
8256	8595	AF-0000000205029675	shard_1413_batch_1.tar	12758016	42602	109160960	108489
8256	8629	AF-0000000205029689	shard_1427_batch_0.tar	39155712	52375	220161536	163977
8256	9470	AF-0000000205029674	shard_1445_batch_0.tar	27220480	59446	332525056	220153
8256	9552	AF-0000000211179831	shard_1417_batch_1.tar	954880	45152	98003968	124988
8256	9708	AF-0000000205029678	shard_1435_batch_0.tar	28244992	54988	267857408	190679
8256	11706	AF-0000000205029677	shard_1517_batch_1.tar	57028608	83973	478450176	453666
8262	8263	AF-0000000204862473	shard_1719_batch_1.tar	23249920	136148	830676992	1348308
8262	10030	AF-0000000204862470	shard_1723_batch_1.tar	44503552	140381	1024855040	1380522
8262	11412	AF-0000000204862467	shard_1721_batch_0.tar	58001408	138879	1470899200	1364827
8263	10030	AF-0000000204962818	shard_1727_batch_1.tar	68985344	140973	611501568	1389909
8263	11412	AF-0000000204962814	shard_1723_batch_1.tar	85488128	139651	736449536	1386266
8264	8262	AF-0000000204950584	shard_1741_batch_1.tar	29805056	140842	541741056	1473313
8264	8263	AF-0000000204950590	shard_1745_batch_1.tar	42290176	141304	1402000896	1493231
8264	10030	AF-0000000204950587	shard_1749_batch_1.tar	56231936	145583	392046080	1516498
8264	10308	AF-0000000204950583	shard_1785_batch_1.tar	113958400	156793	1954243072	1793827
8264	11412	AF-0000000204950582	shard_1745_batch_1.tar	43479040	144620	1524603904	1501831
8265	8262	AF-0000000204974826	shard_1717_batch_1.tar	122598912	136558	635980288	1331486
8265	8263	AF-0000000204974839	shard_1719_batch_1.tar	87887360	137396	619066880	1350602
8265	8264	AF-0000000204974836	shard_1741_batch_1.tar	14000128	142164	740530176	1469189
8265	9802	AF-0000000204974832	shard_1717_batch_1.tar	48551424	138721	1167971328	1332461
8265	10030	AF-0000000204974833	shard_1723_batch_1.tar	17273856	141141	1293725184	1384005
8265	10308	AF-0000000204974824	shard_1763_batch_1.tar	9768960	152404	669039104	1631325
8265	11412	AF-0000000204974823	shard_1721_batch_1.tar	39400448	140118	1597671936	1357998
8265	12294	AF-0000000204974840	shard_1719_batch_1.tar	84518400	137396	1431624192	1347539
8266	9457	AF-0000000205053954	shard_1883_batch_1.tar	170229248	204863	3060467712	2967419
8269	11325	AF-0000000204865596	shard_1853_batch_1.tar	184330240	191339	1588192768	2752913
8273	8727	AF-0000000204202660	shard_1714_batch_2.tar	55775744	139597	543506944	1435686
8273	9809	AF-0000000204202661	shard_1542_batch_1.tar	65812480	89958	591269376	549010
8275	10477	AF-0000000205006195	shard_1719_batch_1.tar	39668224	125334	893211136	1308331
8277	10146	AF-0000000204927875	shard_1565_batch_0.tar	53944320	92644	336996352	581297
8277	10242	AF-0000000204927880	shard_1805_batch_1.tar	84395008	165385	409262592	1892466
8277	10290	AF-0000000204927887	shard_1569_batch_0.tar	93844992	93555	590168064	609115
8280	9443	AF-0000000203919359	shard_1302_batch_1.tar	176940544	278033	2882722304	5456372
8282	11575	AF-0000000204889089	shard_1873_batch_1.tar	69856256	203240	592083968	2818680
8285	10642	AF-0000000203960194	shard_1728_batch_1.tar	43465216	144667	1671975424	1424553
8286	8532	AF-0000000204859440	shard_1655_batch_0.tar	110290432	119398	659216384	981639
8286	10299	AF-0000000204859451	shard_1683_batch_0.tar	77069312	124721	433468928	1149356
8286	11093	AF-0000000204859458	shard_1613_batch_0.tar	16293376	107665	592005120	792996
8286	11950	AF-0000000204859433	shard_1611_batch_0.tar	1642496	107285	849498624	778685
8288	8301	AF-0000000204984049	shard_1865_batch_1.tar	130313216	196196	610529792	2727119
8288	9072	AF-0000000204984059	shard_1789_batch_1.tar	26312192	163342	436518400	1870992
8288	9760	AF-0000000204984008	shard_1535_batch_1.tar	7211520	87279	621225472	529494
8288	10162	AF-0000000204984020	shard_1671_batch_1.tar	20072448	126585	311747584	1139699
8288	10201	AF-0000000204984031	shard_1569_batch_1.tar	73181696	97487	395528192	682299
8288	10961	AF-0000000204984012	shard_1569_batch_1.tar	92991488	97503	277378560	679888
8288	11610	AF-0000000204984048	shard_1687_batch_1.tar	45868544	129964	502191104	1243793
8288	12187	AF-0000000204984011	shard_1663_batch_1.tar	95347712	124276	425280000	1108441
8288	12188	AF-0000000204984010	shard_1671_batch_1.tar	61910016	126485	1215484416	1149324
8292	8245	AF-0000000204938886	shard_1821_batch_1.tar	117668352	180701	2043234304	2212936
8292	8684	AF-0000000204938804	shard_1821_batch_1.tar	14505984	181579	1524370432	2294230
8292	9166	AF-0000000204938579	shard_1247_batch_1.tar	218263040	230182	2679924736	3689118
8292	9861	AF-0000000204938626	shard_1823_batch_1.tar	146822656	182748	1002662400	2296367
8292	10092	AF-0000000204938817	shard_1245_batch_1.tar	178198528	229715	2586616320	3505815
8292	11684	AF-0000000204938585	shard_1229_batch_1.tar	136230912	218907	1714054656	3271182
8292	11841	AF-0000000204938681	shard_1287_batch_1.tar	238681088	269223	4006652928	4977970
8292	12062	AF-0000000204938650	shard_1291_batch_1.tar	114030080	266126	4240526336	4808701
8292	12365	AF-0000000204938855	shard_1829_batch_1.tar	14773760	184051	2472106496	2389812
8292	12523	AF-0000000204938673	shard_1275_batch_1.tar	89477120	249870	4133284864	4449795
8295	9567	AF-0000000205014348	shard_1761_batch_1.tar	64714240	157265	1783949312	1703434
8298	8239	AF-0000000211179812	shard_1843_batch_1.tar	2424320	185017	2755848192	2446496
8301	8914	AF-0000000204999821	shard_1797_batch_1.tar	40632320	165958	1187800576	1898737
8301	9072	AF-0000000204999828	shard_1253_batch_1.tar	42084352	228668	1779918848	3603538
8301	9541	AF-0000000204999813	shard_1799_batch_1.tar	126583808	166763	464714752	1944579
8301	9923	AF-0000000204999794	shard_1839_batch_1.tar	104337920	182482	1649585152	2363652
8301	10201	AF-0000000204999805	shard_1789_batch_1.tar	59039744	163063	510138368	1841993
8301	10761	AF-0000000204999782	shard_1813_batch_1.tar	66592768	172371	656711680	2135225
8301	10961	AF-0000000204999791	shard_1789_batch_1.tar	118158848	162737	466547712	1854777
8301	11167	AF-0000000204999811	shard_1787_batch_1.tar	96512512	162403	350480896	1842846
8301	11324	AF-0000000204999781	shard_1811_batch_1.tar	150523392	171611	596285952	2110194
8301	11486	AF-0000000204999796	shard_1813_batch_1.tar	122461696	171966	1985593856	2113421
8302	10285	AF-0000000203646626	shard_1674_batch_0.tar	61449728	125054	429364736	1019820
8303	10689	AF-0000000205013814	shard_1775_batch_1.tar	104256512	155551	1289828352	1859122
8304	9856	AF-0000000204955506	shard_1843_batch_1.tar	53539840	186501	1836458496	2656648
8304	10689	AF-0000000204955574	shard_1775_batch_1.tar	72113664	155583	673838592	1868245
8305	8408	AF-0000000205015699	shard_1873_batch_1.tar	57363968	200369	2445828096	3010252
8305	11448	AF-0000000205015682	shard_1873_batch_1.tar	13347328	200287	3165686272	3018998
8305	12409	AF-0000000205015694	shard_1559_batch_1.tar	19725312	94383	578218496	624436
8309	8040	AF-0000000211179452	shard_1267_batch_0.tar	168136192	238616	2713891840	4056563
8309	10814	AF-0000000211179858	shard_1793_batch_0.tar	61954048	166366	1497645056	1889716
8309	12443	AF-0000000211179859	shard_1333_batch_0.tar	128950272	350436	3753762304	8258191
8313	8424	AF-0000000204897631	shard_1327_batch_1.tar	142115328	330122	5967604736	7092322
8313	10296	AF-0000000204897632	shard_1275_batch_1.tar	212365312	249340	2108491264	4198386
8313	11090	AF-0000000204897624	shard_1247_batch_1.tar	91845632	229614	3782575616	3515997
8313	11096	AF-0000000204897629	shard_1271_batch_1.tar	90277376	246317	1725656576	4096371
8313	11419	AF-0000000204897630	shard_1289_batch_1.tar	175969792	264565	1971107328	4849541
8313	11515	AF-0000000204897619	shard_1335_batch_1.tar	292950016	368915	1818302464	9336696
8313	12491	AF-0000000204897697	shard_1331_batch_1.tar	54832128	340057	1772623872	7871006
8314	12242	AF-0000000204893069	shard_1585_batch_0.tar	75812352	101790	807850496	695644
8317	9856	AF-0000000205053408	shard_1507_batch_1.tar	12422144	80113	410119168	428673
8322	12196	AF-0000000211179971	shard_1575_batch_1.tar	11555328	99804	756683776	691095
8329	8290	AF-0000000205046033	shard_1637_batch_1.tar	55754240	117639	626678272	929146
8329	9960	AF-0000000205046030	shard_1655_batch_1.tar	39220736	122444	957452800	1009020
8329	9994	AF-0000000205046003	shard_1637_batch_1.tar	107460096	118025	359272960	923375
8329	10253	AF-0000000205046002	shard_1637_batch_1.tar	63119872	118037	999808000	923559
8329	10812	AF-0000000205046014	shard_1637_batch_1.tar	76226560	117445	963419136	897111
8329	10852	AF-0000000205046041	shard_1637_batch_1.tar	104065024	117303	551742464	894315
8329	11349	AF-0000000205046016	shard_1637_batch_1.tar	108520960	118146	846342656	907092
8329	11400	AF-0000000205046032	shard_1637_batch_1.tar	27750912	117504	740226560	922155
8329	11498	AF-0000000205046026	shard_1637_batch_1.tar	74365440	117282	1159031808	911207
8329	11800	AF-0000000205046006	shard_1635_batch_1.tar	78694400	117263	995768832	904545
8329	11824	AF-0000000205046029	shard_1637_batch_1.tar	41453056	117541	532977664	916379
8330	10672	AF-0000000204925175	shard_1447_batch_0.tar	5777920	59579	125714944	237352
8336	8337	AF-0000000204933684	shard_1515_batch_0.tar	68507648	83282	176484352	460126
8336	12019	AF-0000000204933686	shard_1509_batch_0.tar	34620928	79781	316072448	456658
8337	12019	AF-0000000204913555	shard_1515_batch_0.tar	53764096	83221	425562112	460929
8338	12179	AF-0000000203984715	shard_1588_batch_1.tar	18223616	105200	308059136	733125
8339	9045	AF-0000000203512222	shard_1460_batch_0.tar	44818432	64496	290653184	262509
8339	9457	AF-0000000203512209	shard_1464_batch_0.tar	33466368	65708	367308800	269777
8339	10415	AF-0000000203512206	shard_1458_batch_0.tar	27890176	64541	207892480	264418
8340	9278	AF-0000000205046605	shard_1741_batch_1.tar	48403456	150034	981357568	1536959
8342	12072	AF-0000000204752233	shard_1521_batch_0.tar	38960128	81205	274068480	398099
8343	8511	AF-0000000204915461	shard_1681_batch_1.tar	44121600	130277	894970880	1171556
8343	10296	AF-0000000204915446	shard_1779_batch_1.tar	66719744	161508	419308544	1854165
8343	10751	AF-0000000204915452	shard_1683_batch_1.tar	124024320	130271	781138432	1213581
8343	11093	AF-0000000204915465	shard_1695_batch_1.tar	94751744	134996	528512000	1255825
8346	8716	AF-0000000205017042	shard_1469_batch_0.tar	12145152	67909	420157440	309701
8348	8414	AF-0000000204953582	shard_1549_batch_0.tar	87245824	93796	253039104	586817
8350	8899	AF-0000000205059425	shard_1807_batch_1.tar	87317504	169614	1562589696	1952520
8351	8262	AF-0000000204963307	shard_1735_batch_1.tar	145433088	142218	1293864448	1437627
8351	8263	AF-0000000204963320	shard_1739_batch_1.tar	109206016	143513	1488819712	1466498
8351	8264	AF-0000000204963317	shard_1759_batch_1.tar	93782528	147587	423391744	1594407
8351	8265	AF-0000000204963324	shard_1735_batch_1.tar	135512064	143436	1046356480	1432763
8351	9802	AF-0000000204963313	shard_1737_batch_1.tar	92374528	144261	321882112	1435254
8351	10030	AF-0000000204963314	shard_1743_batch_1.tar	7121920	147230	312607744	1483822
8351	10308	AF-0000000204963305	shard_1781_batch_1.tar	91919360	158099	1731948544	1755418
8351	11412	AF-0000000204963304	shard_1739_batch_1.tar	2790400	145823	480734208	1474227
8351	12294	AF-0000000204963321	shard_1739_batch_1.tar	120257536	143103	1717614592	1463232
8352	11419	AF-0000000204875762	shard_1877_batch_1.tar	190977536	200472	1452856832	2863123
8353	12362	AF-0000000204947011	shard_1513_batch_0.tar	17442304	78710	425443840	456754
8359	10455	AF-0000000205029706	shard_1669_batch_1.tar	53739008	122209	903735296	989984
8359	11290	AF-0000000205029707	shard_1675_batch_1.tar	113087488	123623	1132255232	1023194
8363	8054	AF-0000000211179534	shard_1644_batch_0.tar	56114688	119835	1071589376	968205
8363	10261	AF-0000000203600045	shard_1678_batch_0.tar	120346112	128577	686204416	1147955
8363	12034	AF-0000000203600014	shard_1642_batch_0.tar	63948288	119513	348923392	953835
8365	8612	AF-0000000205058233	shard_1881_batch_1.tar	36733440	208002	1850593792	3070515
8367	12261	AF-0000000204962862	shard_1771_batch_1.tar	51728384	158001	1530309632	1758578
8369	8078	AF-0000000204924643	shard_1831_batch_1.tar	9205760	181008	1342730240	2395187
8369	8635	AF-0000000204924645	shard_1665_batch_1.tar	60174848	124677	336616960	1079289
8369	11885	AF-0000000204924649	shard_1781_batch_1.tar	125625856	164559	1267631616	1899189
8378	8339	AF-0000000211179977	shard_1540_batch_0.tar	8615424	89532	507865600	522720
8378	10796	AF-0000000211180432	shard_1542_batch_0.tar	38926336	90523	531274240	551922
8379	8339	AF-0000000204882197	shard_1495_batch_0.tar	20941824	76401	387088384	381016
8379	10796	AF-0000000204882200	shard_1499_batch_0.tar	37740544	76991	366173184	391102
8382	12214	AF-0000000204885509	shard_1621_batch_0.tar	75805696	109332	375336960	843621
8382	12291	AF-0000000204885508	shard_1571_batch_0.tar	898560	96626	667978240	656750
8383	8604	AF-0000000204121813	shard_1762_batch_1.tar	10453504	154825	363107328	1644997
8383	11425	AF-0000000204121805	shard_1734_batch_2.tar	6256128	140837	173773312	1473999
8383	11567	AF-0000000204121778	shard_1816_batch_2.tar	25285632	171150	221640704	2158859
8387	12028	AF-0000000205009387	shard_1831_batch_1.tar	135222272	181328	504520192	2277544
8388	11940	AF-0000000204896895	shard_1799_batch_1.tar	83896832	166454	1029243904	2012137
8388	12028	AF-0000000204896896	shard_1837_batch_1.tar	175874048	183627	923735040	2382505
8389	10454	AF-0000000204919447	shard_1811_batch_1.tar	38846464	167569	1218154496	1970010
8389	11001	AF-0000000204919423	shard_1799_batch_1.tar	161309696	165254	1700549120	1902861
8389	11429	AF-0000000204919431	shard_1225_batch_1.tar	27371520	207117	979746816	2981621
8389	11821	AF-0000000204919465	shard_1813_batch_1.tar	154067456	167652	1611570688	1984602
8392	12429	AF-0000000204881621	shard_1491_batch_0.tar	23150080	76473	290998784	385658
8393	8266	AF-0000000205029275	shard_1865_batch_1.tar	114340352	196621	2711615488	2717354
8393	8781	AF-0000000205029031	shard_1491_batch_1.tar	1600000	76060	237804032	395862
8393	10169	AF-0000000205029118	shard_1489_batch_1.tar	29721600	75924	258679808	376473
8393	10382	AF-0000000205029003	shard_1491_batch_1.tar	72960000	77693	266236416	386548
8393	11093	AF-0000000205029158	shard_1431_batch_0.tar	7474688	53839	166619136	174938
8394	8698	AF-0000000204882684	shard_1593_batch_0.tar	92131328	105131	758809088	768049
8395	10751	AF-0000000204891865	shard_1419_batch_0.tar	37810688	47047	112494592	134358
8397	10183	AF-0000000204924657	shard_1451_batch_0.tar	15945216	61634	355515904	232811
8408	10347	AF-0000000204980200	shard_1827_batch_1.tar	170486272	178391	897485312	2394132
8408	11604	AF-0000000204980258	shard_1255_batch_1.tar	14597632	230055	552413184	3854335
8408	11813	AF-0000000204980199	shard_1255_batch_1.tar	202627072	227939	3568985088	3810277
8408	12549	AF-0000000204980272	shard_1735_batch_1.tar	122546688	144224	647519744	1571692
8414	8533	AF-0000000204866283	shard_1269_batch_1.tar	215436800	242255	4185345536	3948550
8428	11917	AF-0000000203774100	shard_1610_batch_0.tar	53836800	110489	963571200	836365
8428	11940	AF-0000000203774095	shard_1796_batch_1.tar	43319808	167259	2121369600	1996866
8428	12028	AF-0000000203774096	shard_1834_batch_1.tar	150308352	184290	1967030272	2363710
8430	8429	AF-0000000204626326	shard_1337_batch_0.tar	362200064	394867	4616527872	10934693
8432	10249	AF-0000000211194436	shard_1780_batch_1.tar	55255552	159011	664773632	1894204
8436	12028	AF-0000000204871198	shard_1837_batch_1.tar	88930816	184340	1927909888	2338188
8437	11940	AF-0000000205011512	shard_1799_batch_1.tar	142878208	167868	346717184	1975710
8437	12028	AF-0000000205011513	shard_1837_batch_1.tar	86172160	184898	928366080	2368568
8441	8316	AF-0000000205030787	shard_1735_batch_1.tar	94312960	141884	1737508864	1467933
8441	8569	AF-0000000205030785	shard_1763_batch_1.tar	148443648	153805	635767296	1620884
8441	9265	AF-0000000205030790	shard_1227_batch_1.tar	192077824	211024	1252475904	3012366
8441	10549	AF-0000000205030798	shard_1713_batch_1.tar	67188736	136449	349835776	1294645
8447	10647	AF-0000000203994281	shard_1834_batch_1.tar	84188160	182329	2476247040	2447584
8449	8061	AF-0000000205048592	shard_1733_batch_1.tar	121047040	143148	1175101440	1396076
8453	8013	AF-0000000204899124	shard_1613_batch_0.tar	18063872	109264	831872000	833744
8453	9586	AF-0000000204899153	shard_1779_batch_1.tar	159525376	157523	1252186112	1826149
8453	11101	AF-0000000211196467	shard_1649_batch_0.tar	23335424	120901	791666688	1001254
8453	11768	AF-0000000204899139	shard_1749_batch_1.tar	98916352	149653	1390235648	1533049
8453	11837	AF-0000000204899196	shard_1777_batch_1.tar	109945856	157370	1262371840	1722610
8455	12553	AF-0000000204934098	shard_1553_batch_0.tar	3368448	93358	621597184	597019
8464	8160	AF-0000000211179741	shard_1263_batch_0.tar	217096192	237216	2128663552	4068933
8465	12155	AF-0000000204652721	shard_1521_batch_0.tar	64920576	82672	239419904	470116
8466	9862	AF-0000000204913578	shard_1581_batch_0.tar	38473728	100823	241090048	628297
8466	11053	AF-0000000204913612	shard_1711_batch_1.tar	72702976	135322	541700096	1253046
8466	11324	AF-0000000204913575	shard_1599_batch_1.tar	79468544	104991	511671296	759739
8467	12184	AF-0000000204862503	shard_1701_batch_0.tar	26314752	132824	1244386304	1180467
8478	8511	AF-0000000204990616	shard_1551_batch_1.tar	35265536	94470	638303232	621187
8478	9852	AF-0000000204990588	shard_1631_batch_1.tar	21961216	116922	503300096	947779
8480	8910	AF-0000000204160927	shard_1506_batch_1.tar	13905408	79437	576775168	412358
8480	9986	AF-0000000204160944	shard_1594_batch_1.tar	40977408	104497	282538496	741574
8480	11628	AF-0000000204160948	shard_1624_batch_1.tar	98720256	113449	434908672	824037
8481	10368	AF-0000000204173499	shard_1834_batch_2.tar	23903744	184589	1044899840	2398050
8485	11309	AF-0000000204129498	shard_1624_batch_1.tar	84241920	112627	791528448	875613
8488	9837	AF-0000000205001930	shard_1483_batch_1.tar	59016192	71922	187112960	353463
8488	10697	AF-0000000205001885	shard_1461_batch_0.tar	43135488	64308	202315264	267802
8488	10865	AF-0000000205001905	shard_1725_batch_1.tar	66278400	139603	855250944	1486374
8489	10048	AF-0000000204930329	shard_1527_batch_0.tar	33205248	86369	176055808	493520
8489	10192	AF-0000000204930345	shard_1643_batch_1.tar	56553472	116615	579824128	917781
8493	8259	AF-0000000204871323	shard_1723_batch_1.tar	8643072	140082	396702720	1379025
8493	9102	AF-0000000204871468	shard_1277_batch_1.tar	159867904	247287	708886016	4633900
8493	9586	AF-0000000204871341	shard_1243_batch_1.tar	198042112	218274	2069122560	3598086
8493	10296	AF-0000000204871274	shard_1817_batch_1.tar	140077056	172968	1669795840	2193120
8493	10532	AF-0000000211218175	shard_1809_batch_1.tar	59911680	169262	1878405120	2108682
8493	11154	AF-0000000204871275	shard_1851_batch_1.tar	65228288	189689	1527576576	2620685
8493	11641	AF-0000000204871387	shard_1839_batch_1.tar	104709632	183416	1159877632	2519544
8493	11837	AF-0000000204871489	shard_1243_batch_1.tar	200916480	219096	3151325184	3411477
8498	10705	AF-0000000205016601	shard_1715_batch_1.tar	136808960	140648	1071099392	1339650
8498	11682	AF-0000000205016595	shard_1727_batch_1.tar	98815488	145267	487489024	1429035
8498	11808	AF-0000000205016596	shard_1707_batch_1.tar	65878528	137541	1400511488	1253215
8499	11940	AF-0000000204914185	shard_1799_batch_1.tar	103303680	167727	2113808896	1979364
8499	12028	AF-0000000204914187	shard_1837_batch_1.tar	104586752	184433	1793348096	2417235
8499	12092	AF-0000000211282193	shard_1795_batch_1.tar	86260224	166182	2188401152	1955814
8499	12210	AF-0000000204914186	shard_1791_batch_1.tar	121903616	165386	1421198848	1946273
8502	10788	AF-0000000203526097	shard_1474_batch_0.tar	50475520	71915	171593216	332377
8505	9856	AF-0000000203964489	shard_1482_batch_0.tar	65759744	73157	369778176	351220
8505	11424	AF-0000000203964487	shard_1428_batch_0.tar	12516352	53096	222495744	167796
8510	9407	AF-0000000203792676	shard_1732_batch_1.tar	81133056	143550	1251635712	1390177
8511	8012	AF-0000000204914354	shard_1427_batch_0.tar	48902656	51275	251220992	153088
8511	8069	AF-0000000204914342	shard_1281_batch_1.tar	138837504	250860	818789376	4343917
8511	8128	AF-0000000204914778	shard_1529_batch_0.tar	82153984	86014	390544384	516612
8511	8266	AF-0000000204914957	shard_1863_batch_1.tar	64425984	195144	2977833984	2634032
8511	8582	AF-0000000204914274	shard_1531_batch_0.tar	14420480	87988	522998784	513686
8511	8644	AF-0000000204914353	shard_1427_batch_0.tar	35665408	51313	191520768	153310
8511	8799	AF-0000000204914579	shard_1455_batch_0.tar	40344064	63314	207992320	233516
8511	9010	AF-0000000204914264	shard_1479_batch_0.tar	56256000	71105	373237248	333205
8511	9154	AF-0000000204914282	shard_1767_batch_1.tar	5749760	156313	1312316928	1666569
8511	9294	AF-0000000204914531	shard_1593_batch_0.tar	36710912	105067	776917504	793096
8511	9499	AF-0000000204914352	shard_1521_batch_0.tar	2720768	85192	177927168	490782
8511	9910	AF-0000000204914662	shard_1471_batch_0.tar	52473344	70066	236424192	299361
8511	9965	AF-0000000204914505	shard_1463_batch_0.tar	60306432	66598	255679488	281486
8511	10328	AF-0000000204914414	shard_1501_batch_0.tar	15533568	79477	495370752	411770
8511	10444	AF-0000000204914220	shard_1543_batch_0.tar	68094976	87005	612033536	549100
8511	10762	AF-0000000204914236	shard_1503_batch_0.tar	41758720	79781	428761088	429580
8511	10992	AF-0000000211283126	shard_1545_batch_0.tar	61651456	90715	365872640	574055
8511	11105	AF-0000000211283127	shard_1681_batch_1.tar	25904128	127129	1057284608	1227304
8511	11108	AF-0000000204914528	shard_1479_batch_0.tar	37671424	70602	439357440	327383
8511	11237	AF-0000000204914853	shard_1679_batch_1.tar	74046464	128368	372338688	1183638
8511	11302	AF-0000000204914314	shard_1581_batch_0.tar	23735808	101902	401250304	664124
8511	11487	AF-0000000204914364	shard_1705_batch_1.tar	47243264	138304	752378368	1317524
8511	11854	AF-0000000204914788	shard_1459_batch_0.tar	7156736	65694	162349056	269379
8511	12531	AF-0000000204914708	shard_1817_batch_1.tar	51249664	174367	441902592	2126779
8511	12555	AF-0000000204914493	shard_1611_batch_1.tar	75926016	110925	832878592	844982
8513	8314	AF-0000000204990141	shard_1501_batch_1.tar	16224768	77151	520392704	419183
8513	8506	AF-0000000204990161	shard_1471_batch_0.tar	52335104	68248	355855360	306863
8513	10758	AF-0000000204990192	shard_1513_batch_0.tar	28591104	81782	204934656	459518
8513	12239	AF-0000000204990088	shard_1631_batch_1.tar	106520576	113679	237075968	862531
8514	8501	AF-0000000204956658	shard_1417_batch_0.tar	13968384	42905	85865984	112527
8514	10092	AF-0000000204956670	shard_1639_batch_1.tar	95068672	118089	532803072	899845
8514	12477	AF-0000000204956650	shard_1443_batch_0.tar	17943040	57339	132162048	212247
8515	10642	AF-0000000204762364	shard_1433_batch_0.tar	40579072	52486	228403200	178873
8516	8113	AF-0000000211179690	shard_1834_batch_2.tar	52179456	182267	1072637440	2196970
8521	8316	AF-0000000205023534	shard_1699_batch_1.tar	74562048	135101	871160320	1312287
8521	9059	AF-0000000205023529	shard_1655_batch_1.tar	106330624	123269	1198737408	1042026
8521	10292	AF-0000000205023545	shard_1679_batch_1.tar	93965312	130247	952554496	1164077
8521	11033	AF-0000000205023538	shard_1541_batch_1.tar	45699072	92159	489039360	545351
8522	9963	AF-0000000204899212	shard_1653_batch_1.tar	66640896	120360	542306816	1034087
8525	11877	AF-0000000211292665	shard_1407_batch_1.tar	3119616	32606	109161472	59327
8526	11594	AF-0000000204925635	shard_1483_batch_0.tar	67510272	71397	161974272	295264
8528	8206	AF-0000000204580091	shard_1510_batch_2.tar	14400512	81614	102089216	461181
8528	8477	AF-0000000204579981	shard_1787_batch_0.tar	12071936	164837	849562112	1945548
8528	8690	AF-0000000204580004	shard_1518_batch_2.tar	25401856	85015	121138688	492578
8528	8781	AF-0000000204579989	shard_1599_batch_0.tar	36520448	106402	285152768	804566
8528	9304	AF-0000000204580002	shard_1532_batch_2.tar	24012800	88649	91835392	531760
8528	9617	AF-0000000204580096	shard_1520_batch_2.tar	21596160	85464	268227072	504450
8528	10041	AF-0000000204580085	shard_1827_batch_0.tar	40264704	179215	996134912	2153059
8528	10599	AF-0000000204579965	shard_1857_batch_0.tar	57901056	192918	420663808	2828303
8528	10796	AF-0000000204580070	shard_1532_batch_2.tar	37728256	88238	327035392	540937
8528	11252	AF-0000000204580034	shard_1530_batch_2.tar	8590336	88387	294524416	536528
8528	11802	AF-0000000204580000	shard_1603_batch_0.tar	40907264	106670	672397824	796674
8532	10930	AF-0000000204563978	shard_1444_batch_2.tar	22365184	60031	78474240	223375
8533	12460	AF-0000000205037079	shard_1279_batch_1.tar	180371456	248767	1455953408	4195422
8537	8993	AF-0000000204904599	shard_1435_batch_0.tar	6444544	54967	229908480	191229
8537	10322	AF-0000000204904600	shard_1427_batch_0.tar	770048	51420	235860480	161438
8538	9494	AF-0000000203931990	shard_1872_batch_1.tar	169058816	196714	1334248960	2844863
8538	11297	AF-0000000203931984	shard_1238_batch_1.tar	137161216	211733	2639400960	3217748
8538	12464	AF-0000000203931976	shard_1276_batch_1.tar	91757568	242504	3924389888	4459884
8539	8151	AF-0000000204143153	shard_1806_batch_2.tar	7486976	169678	209212416	2056667
8539	8339	AF-0000000204143103	shard_1794_batch_2.tar	17813504	165756	817493504	1966924
8539	9219	AF-0000000204143247	shard_1238_batch_2.tar	74325504	220984	610696704	3310288
8539	9410	AF-0000000204143216	shard_1808_batch_2.tar	10272768	170873	271810560	2054621
8539	9882	AF-0000000204143205	shard_1808_batch_2.tar	25886720	171711	605430784	2088848
8539	10147	AF-0000000204143109	shard_1830_batch_2.tar	59623424	180852	875068928	2319758
8539	10546	AF-0000000204143173	shard_1818_batch_2.tar	50569728	175752	1047068672	2209633
8539	10761	AF-0000000204143102	shard_1820_batch_2.tar	15366656	176089	634428928	2209705
8539	10862	AF-0000000204143104	shard_1272_batch_2.tar	55967232	246587	1874413568	4381093
8539	11646	AF-0000000204143200	shard_1808_batch_2.tar	11126784	170409	438205952	2050176
8545	8156	AF-0000000204927966	shard_1437_batch_0.tar	54144000	52921	206210560	188954
8545	8577	AF-0000000204927907	shard_1423_batch_0.tar	9707008	47139	151382528	139913
8545	8846	AF-0000000203719544	shard_1563_batch_0.tar	81121280	95949	238879744	624860
8545	8984	AF-0000000204927906	shard_1419_batch_0.tar	28233216	44470	179449344	123235
8545	9937	AF-0000000204927971	shard_1417_batch_0.tar	36835328	43531	96922112	115982
8545	10751	AF-0000000204872384	shard_1421_batch_0.tar	28409344	46164	111874560	143181
8545	10918	AF-0000000204927908	shard_1423_batch_0.tar	11710464	47140	185346048	139359
8545	11807	AF-0000000204927898	shard_1425_batch_0.tar	16694272	48902	167122432	150156
8545	12362	AF-0000000204927938	shard_1419_batch_0.tar	24020992	44280	127187968	123090
8545	12487	AF-0000000204927953	shard_1419_batch_0.tar	46209536	44456	128465920	123125
8545	12596	AF-0000000204927984	shard_1419_batch_0.tar	24113152	44409	138440704	122942
8546	9243	AF-0000000211576900	shard_1880_batch_1.tar	123621376	209691	1210472960	3051875
8546	11678	AF-0000000203906845	shard_1816_batch_1.tar	9245696	176349	2153179648	2207052
8549	11026	AF-0000000204901471	shard_1887_batch_1.tar	117907456	206135	612385792	2875523
8553	12311	AF-0000000204942318	shard_1757_batch_1.tar	86711808	152047	1754860544	1707608
8553	12349	AF-0000000204942325	shard_1755_batch_1.tar	21012992	152671	878957056	1703267
8555	8018	AF-0000000204761613	shard_1815_batch_0.tar	114821120	175357	1944079360	2122861
8555	8484	AF-0000000204761609	shard_1645_batch_0.tar	3092992	119386	784028160	917212
8555	12179	AF-0000000204761607	shard_1541_batch_0.tar	8993280	91363	474101248	558866
8560	12062	AF-0000000204768201	shard_1783_batch_0.tar	111747072	163204	759704576	1750019
8561	11124	AF-0000000204675426	shard_1811_batch_0.tar	134949888	171713	1113569280	2167969
8563	10327	AF-0000000203808385	shard_1290_batch_1.tar	2613248	263646	3392427520	4466396
8563	10723	AF-0000000203808394	shard_1278_batch_1.tar	67900416	254609	1496291840	4101166
8563	10831	AF-0000000211578622	shard_1332_batch_1.tar	244039680	365773	7852449792	8582771
8563	12179	AF-0000000203808387	shard_1276_batch_1.tar	105664000	252918	1541128192	3972353
8564	11851	AF-0000000204881624	shard_1625_batch_0.tar	28060672	110750	569293824	833607
8566	8562	AF-0000000204948810	shard_1487_batch_0.tar	12233728	72757	392271360	355018
8568	11707	AF-0000000204087820	shard_1576_batch_1.tar	8405504	100698	359997952	685500
8569	11241	AF-0000000203649727	shard_1766_batch_0.tar	73665536	158409	1132945920	1774032
8577	8125	AF-0000000205050340	shard_1718_batch_1.tar	94284288	139420	849113600	1343330
8577	8353	AF-0000000204947001	shard_1518_batch_0.tar	70739456	81552	367972864	477570
8577	8577	AF-0000000211579234	shard_1424_batch_0.tar	26701824	48533	174931456	144515
8577	8613	AF-0000000204881633	shard_1524_batch_0.tar	58080256	84113	200070144	486446
8577	8820	AF-0000000203844070	shard_1422_batch_0.tar	30663680	47128	134275584	139221
8577	8846	AF-0000000203843961	shard_1566_batch_0.tar	9583104	98417	468672000	631898
8577	8984	AF-0000000203843966	shard_1420_batch_0.tar	18265088	46970	110044672	138436
8577	9513	AF-0000000203844044	shard_1422_batch_0.tar	36985344	47132	128315392	139793
8577	9937	AF-0000000203844040	shard_1418_batch_0.tar	6532096	46219	189751296	130733
8577	9951	AF-0000000204872338	shard_1478_batch_0.tar	22726656	72264	192979456	338523
8577	10158	AF-0000000204898428	shard_1446_batch_0.tar	38451712	60244	220674048	229084
8577	12362	AF-0000000203844003	shard_1420_batch_0.tar	6224896	47005	134521856	138371
8577	12487	AF-0000000203844018	shard_1420_batch_0.tar	41292288	46972	93129216	138733
8577	12596	AF-0000000203844059	shard_1420_batch_0.tar	16701952	46919	193463808	138382
8578	9659	AF-0000000204994315	shard_1263_batch_1.tar	120860160	230262	3783966720	4042629
8581	10633	AF-0000000211579243	shard_1678_batch_0.tar	118411776	127685	925984256	1133030
8582	8501	AF-0000000203980739	shard_1502_batch_1.tar	63069184	78030	566367232	392914
8582	9848	AF-0000000203980745	shard_1496_batch_1.tar	51507200	77374	374177792	378923
8582	9854	AF-0000000203980741	shard_1520_batch_1.tar	31252992	85200	347889664	477566
8582	10751	AF-0000000203980727	shard_1532_batch_1.tar	52277248	88014	654449664	518769
8582	11092	AF-0000000203980734	shard_1540_batch_1.tar	905216	91188	347585024	545238
8582	11252	AF-0000000203980732	shard_1562_batch_1.tar	10842112	97366	575961088	613479
8582	11944	AF-0000000203980720	shard_1546_batch_1.tar	59991040	91888	453329920	542919
8582	12094	AF-0000000203980719	shard_1578_batch_1.tar	55063552	101511	393710080	674838
8583	8812	AF-0000000204954733	shard_1495_batch_0.tar	14538240	74972	380459520	382538
8583	9934	AF-0000000204954716	shard_1435_batch_0.tar	44435968	53375	243987456	187749
8583	10339	AF-0000000204954718	shard_1437_batch_0.tar	30173696	54452	207576064	194963
8583	10921	AF-0000000204954721	shard_1437_batch_0.tar	49564672	54750	170590720	192771
8583	10985	AF-0000000204954732	shard_1435_batch_0.tar	40781312	53909	204967936	184682
8583	11336	AF-0000000204954709	shard_1473_batch_0.tar	25988608	68087	310626304	315055
8583	11457	AF-0000000204954715	shard_1437_batch_0.tar	2809856	54693	228491776	194919
8583	11697	AF-0000000204954731	shard_1439_batch_0.tar	27695616	55536	247979008	200272
8588	9265	AF-0000000204970156	shard_1313_batch_1.tar	9111552	292215	6127333888	5814326
8588	12182	AF-0000000211579328	shard_1297_batch_1.tar	111043584	265541	2559535104	4959065
8593	9456	AF-0000000204966026	shard_1709_batch_1.tar	26703360	138064	896196608	1333199
8593	11671	AF-0000000204966027	shard_1713_batch_1.tar	61342720	139713	777317376	1341473
8595	8062	AF-0000000203550630	shard_1414_batch_0.tar	34919424	42571	80360448	114419
8595	8158	AF-0000000203550629	shard_1544_batch_0.tar	66455552	89456	522738176	515526
8595	9470	AF-0000000203550626	shard_1436_batch_0.tar	32603136	55476	209609728	193778
8597	9304	AF-0000000204885528	shard_1489_batch_0.tar	41309696	75219	275728384	366558
8597	10729	AF-0000000204885552	shard_1473_batch_0.tar	42318336	68442	408442368	314607
8600	8313	AF-0000000203547800	shard_1272_batch_0.tar	30877184	248928	1707364864	4143852
8600	10426	AF-0000000203547791	shard_1522_batch_0.tar	59828736	87708	361702400	476116
8600	10769	AF-0000000203547795	shard_1510_batch_0.tar	35838976	83725	196486144	427055
8600	11792	AF-0000000203547784	shard_1666_batch_0.tar	88731648	127195	1167420416	1065011
8602	8716	AF-0000000204890598	shard_1467_batch_0.tar	64826368	67422	380591104	273076
8604	10069	AF-0000000205002585	shard_1635_batch_1.tar	83128320	118557	660308992	901299
8604	10092	AF-0000000205002598	shard_1747_batch_1.tar	12729856	152901	1086519296	1461009
8605	8652	AF-0000000203464745	shard_1686_batch_0.tar	17538048	129443	669547008	1171240
8606	10546	AF-0000000204947628	shard_1521_batch_0.tar	26500608	84328	495922176	495653
8606	10761	AF-0000000204947622	shard_1521_batch_0.tar	71564800	84726	455093248	500877
8606	11324	AF-0000000204947621	shard_1519_batch_0.tar	42564096	83622	588502016	489810
8606	11486	AF-0000000204947624	shard_1521_batch_0.tar	41918976	84388	434948096	494501
8611	10288	AF-0000000204779373	shard_1545_batch_0.tar	50479104	92356	325455872	579334
8611	10414	AF-0000000204779450	shard_1787_batch_0.tar	30166528	165724	1642696704	1900322
8611	11600	AF-0000000204779464	shard_1693_batch_0.tar	4503040	133023	1148678144	1232603
8611	12435	AF-0000000204779414	shard_1467_batch_0.tar	22696448	66959	263880704	284671
8612	8463	AF-0000000211196752	shard_1838_batch_0.tar	144600576	184680	438925824	2393683
8612	9736	AF-0000000203582412	shard_1714_batch_0.tar	110436864	139035	536052224	1373175
8612	10604	AF-0000000203582396	shard_1812_batch_0.tar	30838784	174884	459822080	2147965
8613	8586	AF-0000000204881636	shard_1729_batch_1.tar	69638656	143325	1509531136	1413942
8613	9937	AF-0000000204881669	shard_1515_batch_0.tar	52101120	80516	445382144	463074
8613	12362	AF-0000000204881656	shard_1519_batch_0.tar	1948160	81486	479430656	475042
8613	12487	AF-0000000204881662	shard_1519_batch_0.tar	36577792	81416	556618752	477204
8613	12596	AF-0000000204881688	shard_1519_batch_0.tar	16999936	81390	258621440	479066
8613	12602	AF-0000000204881672	shard_1741_batch_1.tar	136764928	146974	328006144	1477474
8616	11531	AF-0000000204117855	shard_1704_batch_1.tar	71505920	139130	923525632	1272043
8619	8836	AF-0000000205007336	shard_1463_batch_0.tar	66370048	66065	331869184	280473
8619	9747	AF-0000000205007329	shard_1459_batch_0.tar	44608000	63996	355227136	264018
8619	11324	AF-0000000205007328	shard_1469_batch_0.tar	11800064	67511	200018944	290500
8619	11336	AF-0000000205007330	shard_1455_batch_0.tar	19566080	62696	282049536	246516
8620	11406	AF-0000000211579633	shard_1249_batch_1.tar	141454848	224514	3933190144	3590291
8620	11652	AF-0000000204885593	shard_1737_batch_1.tar	104956928	143876	1009086464	1443483
8622	10355	AF-0000000205047612	shard_1273_batch_1.tar	20778496	247100	2092229120	4602430
8623	8093	AF-0000000205028228	shard_1521_batch_1.tar	59214848	85536	213173760	484131
8623	9868	AF-0000000205028255	shard_1445_batch_0.tar	44461568	58478	303762432	211820
8623	9882	AF-0000000205028266	shard_1483_batch_1.tar	11945472	72343	392239616	329838
8623	11673	AF-0000000205028274	shard_1847_batch_1.tar	77662720	186975	2309080576	2465680
8623	12486	AF-0000000205028260	shard_1793_batch_1.tar	57463808	162916	1289184768	1961711
8624	12554	AF-0000000204952377	shard_1625_batch_1.tar	63416832	114065	500784128	898890
8625	8067	AF-0000000204897724	shard_1451_batch_0.tar	2720768	60819	241730560	249008
8625	9157	AF-0000000204897779	shard_1233_batch_1.tar	18707456	213769	1119605248	3400032
8625	9365	AF-0000000204897731	shard_1595_batch_0.tar	84186112	105312	382331392	785678
8625	9834	AF-0000000204897739	shard_1443_batch_0.tar	10775552	57008	181259776	221132
8625	10189	AF-0000000204897763	shard_1437_batch_0.tar	42914816	55064	233388032	198308
8625	10199	AF-0000000204897769	shard_1483_batch_0.tar	22081024	71758	345345536	368937
8625	10685	AF-0000000204897760	shard_1443_batch_0.tar	51235328	57232	235194368	220807
8625	10778	AF-0000000211579635	shard_1479_batch_0.tar	14487552	70467	163293184	349653
8625	10915	AF-0000000204897786	shard_1521_batch_0.tar	48049664	84439	373940224	498095
8625	11121	AF-0000000204897712	shard_1485_batch_0.tar	61511680	73684	398984192	372987
8625	11225	AF-0000000204897721	shard_1441_batch_0.tar	12160000	56021	281553920	209275
8625	11328	AF-0000000204897766	shard_1483_batch_0.tar	11748864	73101	203747840	363829
8625	11490	AF-0000000204897714	shard_1477_batch_0.tar	7922688	70613	198120448	344100
8625	11544	AF-0000000204897733	shard_1527_batch_0.tar	19718656	86287	570501120	508517
8626	8089	AF-0000000211179598	shard_1735_batch_1.tar	6576128	145793	897077248	1492653
8626	8301	AF-0000000204962095	shard_1793_batch_1.tar	21903360	164908	697843200	1881260
8626	9072	AF-0000000204962106	shard_1693_batch_1.tar	84541440	133216	1221577216	1227054
8626	10552	AF-0000000204962084	shard_1789_batch_1.tar	38297600	162472	964057600	1910138
8630	9456	AF-0000000205048092	shard_1715_batch_1.tar	96047616	140106	593795072	1421354
8630	11671	AF-0000000205048093	shard_1719_batch_1.tar	109712384	141648	1063299072	1436604
8632	10900	AF-0000000204926589	shard_1575_batch_1.tar	6006784	100433	662574592	700957
8637	9930	AF-0000000204937412	shard_1453_batch_0.tar	50019840	61448	244277248	247329
8637	11474	AF-0000000204937458	shard_1421_batch_0.tar	14364672	47459	179995648	136909
8637	11686	AF-0000000204937492	shard_1421_batch_0.tar	27540480	47505	145861632	136563
8637	12420	AF-0000000204937460	shard_1823_batch_1.tar	22902272	177461	1612630528	2287376
8640	8498	AF-0000000204224659	shard_1660_batch_2.tar	51650048	124196	321449472	1046703
8640	9833	AF-0000000204224654	shard_1484_batch_1.tar	66051584	74337	377265152	368025
8640	11056	AF-0000000204224661	shard_1748_batch_2.tar	42009088	150421	492049408	1567567
8640	11274	AF-0000000204224658	shard_1488_batch_1.tar	42827264	74682	390924800	382749
8643	10149	AF-0000000204073869	shard_1722_batch_1.tar	63610880	140131	808123392	1425812
8643	10299	AF-0000000204073859	shard_1782_batch_1.tar	150222848	158784	1742980096	1887395
8643	10828	AF-0000000204073836	shard_1796_batch_1.tar	145326592	166452	1369089536	1957408
8643	11627	AF-0000000204073848	shard_1276_batch_2.tar	103296000	248260	1062158336	4634059
8643	11669	AF-0000000204073847	shard_1866_batch_2.tar	61233152	197918	1089991168	2826994
8644	11790	AF-0000000211579751	shard_1601_batch_0.tar	24603648	107768	524775936	790588
8644	12435	AF-0000000204771340	shard_1439_batch_0.tar	15787008	57361	159710720	196813
8646	8788	AF-0000000204869576	shard_1475_batch_0.tar	61658624	70271	325605888	322216
8646	8983	AF-0000000204869555	shard_1413_batch_0.tar	14095360	40520	116071936	94974
8646	11040	AF-0000000204869552	shard_1407_batch_0.tar	2834944	34094	105231360	65232
8646	11239	AF-0000000204869669	shard_1407_batch_0.tar	10004992	32857	96592384	60267
8647	8625	AF-0000000204677339	shard_1535_batch_0.tar	25559040	89474	230179840	536472
8647	8885	AF-0000000204677354	shard_1563_batch_0.tar	26521088	97645	651251200	626807
8647	9943	AF-0000000204677325	shard_1533_batch_0.tar	87297024	89060	216576000	537846
8647	10189	AF-0000000204677368	shard_1481_batch_0.tar	45953024	72878	214310912	352509
8647	10320	AF-0000000204677372	shard_1535_batch_0.tar	78210560	90504	314499584	555824
8647	10685	AF-0000000204677366	shard_1489_batch_0.tar	66467328	75069	204626432	373474
8647	10778	AF-0000000211579754	shard_1533_batch_0.tar	62404608	88329	644928000	528197
8647	11121	AF-0000000204677326	shard_1539_batch_0.tar	28427264	91520	351736320	560442
8647	11162	AF-0000000204677375	shard_1545_batch_0.tar	24881664	92834	198926336	566189
8647	11225	AF-0000000204677335	shard_1485_batch_0.tar	6377984	73743	342955520	361920
8647	11326	AF-0000000204677356	shard_1551_batch_0.tar	43362816	93297	431692800	583413
8647	11328	AF-0000000204677371	shard_1537_batch_0.tar	80049152	90880	610088960	541836
8647	11490	AF-0000000204677329	shard_1529_batch_0.tar	1484288	88203	430211584	525290
8651	9934	AF-0000000205008831	shard_1519_batch_1.tar	6069248	84819	416164352	440428
8651	10339	AF-0000000205008832	shard_1521_batch_1.tar	41625600	86015	523548160	454711
8651	10921	AF-0000000205008836	shard_1521_batch_1.tar	5279744	86018	374262272	450334
8651	10985	AF-0000000205008842	shard_1519_batch_1.tar	77669888	85197	573388288	440897
8651	11457	AF-0000000205008830	shard_1521_batch_1.tar	66009600	86407	485114880	457563
8651	11697	AF-0000000205008840	shard_1525_batch_1.tar	43497472	86929	483032064	469312
8654	9693	AF-0000000204950292	shard_1493_batch_0.tar	40814592	76868	221286912	393631
8654	11622	AF-0000000204950294	shard_1807_batch_1.tar	85960704	170173	1548303360	1987416
8656	11813	AF-0000000204984075	shard_1725_batch_1.tar	91061760	140698	576076288	1454252
8658	10078	AF-0000000204071685	shard_1222_batch_1.tar	140177920	216229	1586288128	3001175
8658	10191	AF-0000000204071800	shard_1740_batch_1.tar	33270784	148461	1177921536	1601992
8658	10751	AF-0000000204071710	shard_1612_batch_1.tar	108323840	110974	413753856	855882
8658	11669	AF-0000000204071699	shard_1804_batch_1.tar	118675456	172183	445313024	2132330
8658	12537	AF-0000000204071783	shard_1728_batch_1.tar	110001152	145665	485230592	1521592
8658	12538	AF-0000000204071742	shard_1734_batch_1.tar	9421824	147670	643955712	1558563
8664	8050	AF-0000000204873860	shard_1641_batch_0.tar	116530176	116870	819830784	922027
8664	10171	AF-0000000204873741	shard_1461_batch_0.tar	48651776	63814	368743936	273823
8664	10900	AF-0000000204873703	shard_1505_batch_0.tar	58992640	79882	454517248	405170
8664	11963	AF-0000000204873706	shard_1513_batch_0.tar	70061568	83299	330273280	460055
8666	9214	AF-0000000204869775	shard_1731_batch_1.tar	51690496	144437	451554816	1417852
8667	8788	AF-0000000204942727	shard_1479_batch_0.tar	6125056	72933	142136320	331107
8667	9283	AF-0000000204942759	shard_1409_batch_1.tar	14499328	36428	144895488	63653
8667	9663	AF-0000000204942686	shard_1565_batch_0.tar	39159296	97602	777181184	613618
8667	11779	AF-0000000204942785	shard_1511_batch_0.tar	3197952	82630	251209216	434740
8667	12239	AF-0000000204942682	shard_1519_batch_0.tar	46193664	84810	377691648	419663
8668	8286	AF-0000000204940311	shard_1571_batch_1.tar	38470144	96127	427580416	607724
8668	8982	AF-0000000204940316	shard_1413_batch_0.tar	4588544	41264	139451904	96581
8668	9247	AF-0000000204940444	shard_1509_batch_0.tar	59059712	78564	485961728	411131
8668	10149	AF-0000000204940431	shard_1415_batch_0.tar	40942080	43559	151927808	105780
8668	10647	AF-0000000204940346	shard_1413_batch_0.tar	38066688	41222	166874624	98917
8668	10679	AF-0000000204940286	shard_1411_batch_0.tar	12141568	39230	87238656	89746
8668	11098	AF-0000000204940304	shard_1621_batch_1.tar	17277440	108722	983715328	773212
8668	11250	AF-0000000204940233	shard_1521_batch_0.tar	23357952	84701	624653312	482552
8672	11235	AF-0000000205012824	shard_1733_batch_1.tar	11187200	143103	309277696	1380604
8672	11975	AF-0000000205012825	shard_1749_batch_1.tar	10368512	147518	894461440	1493019
8673	9466	AF-0000000204917637	shard_1475_batch_0.tar	29820928	70364	136041984	330637
8673	11162	AF-0000000204917620	shard_1505_batch_0.tar	76539392	80243	232373248	425576
8674	9609	AF-0000000204888145	shard_1535_batch_0.tar	2852864	84677	397000704	499542
8674	9692	AF-0000000204888131	shard_1569_batch_0.tar	56664064	94647	546269696	622646
8674	9771	AF-0000000204888142	shard_1537_batch_0.tar	35419648	86257	496577024	500769
8674	10450	AF-0000000204888143	shard_1535_batch_0.tar	40433664	85270	188958720	506657
8681	8100	AF-0000000204900290	shard_1863_batch_1.tar	164563456	196853	2844884480	2745386
8681	12570	AF-0000000204900300	shard_1639_batch_0.tar	55019520	116721	843716608	945508
8685	10066	AF-0000000203829914	shard_1616_batch_1.tar	21763072	108359	1021492736	891638
8686	8998	AF-0000000205008037	shard_1469_batch_0.tar	14086144	67734	205836288	282724
8686	9479	AF-0000000205008033	shard_1425_batch_0.tar	17544192	49680	196915200	148098
8686	10195	AF-0000000205008046	shard_1515_batch_1.tar	59556864	84265	533028352	418486
8688	8997	AF-0000000204425955	shard_1420_batch_2.tar	12299264	48466	78290944	141427
8688	9809	AF-0000000204425939	shard_1478_batch_2.tar	33190400	70873	75364864	348857
8688	9903	AF-0000000204425953	shard_1452_batch_1.tar	34327040	62957	179552256	260257
8688	10186	AF-0000000204426148	shard_1464_batch_1.tar	38382080	67159	308112896	303690
8688	10206	AF-0000000204425952	shard_1428_batch_1.tar	32320000	53292	254373888	171706
8688	10234	AF-0000000204426091	shard_1416_batch_1.tar	12865024	45461	174480896	123681
8688	11373	AF-0000000204426088	shard_1510_batch_2.tar	37109248	80690	251879936	447925
8690	8477	AF-0000000204576869	shard_1707_batch_0.tar	272384	138278	298392576	1317651
8693	10468	AF-0000000204742181	shard_1453_batch_0.tar	50702848	62846	245754880	236392
8699	8853	AF-0000000205004131	shard_1515_batch_1.tar	4914688	81508	286768128	466888
8699	8880	AF-0000000205004129	shard_1505_batch_1.tar	67138048	80103	152726528	420347
8700	9920	AF-0000000211580530	shard_1410_batch_2.tar	402944	38301	67841024	86744
8702	10437	AF-0000000204036116	shard_1736_batch_1.tar	24872960	146399	721090560	1559290
8703	10400	AF-0000000203770138	shard_1310_batch_1.tar	48001536	284717	927821312	5878312
8703	11689	AF-0000000203770131	shard_1222_batch_0.tar	79853056	206793	2704546304	3104283
8705	12581	AF-0000000205014804	shard_1447_batch_0.tar	27777024	59555	132773376	222517
8707	9165	AF-0000000203495666	shard_1320_batch_0.tar	174458368	302637	1507498496	7001317
8707	11476	AF-0000000203495663	shard_1256_batch_0.tar	186330624	222192	1223118848	3957047
8707	12561	AF-0000000203495672	shard_1322_batch_0.tar	212560384	310464	5348086784	7305790
8711	12397	AF-0000000203931827	shard_1678_batch_1.tar	22280704	131084	406405120	1194449
8713	8123	AF-0000000203718376	shard_1316_batch_0.tar	69158912	296347	6337202688	6150958
8713	8585	AF-0000000203718375	shard_1272_batch_0.tar	184026624	243581	4440563712	4241281
8713	12348	AF-0000000203718380	shard_1700_batch_0.tar	54973440	133395	875896832	1287703
8716	9866	AF-0000000204922542	shard_1415_batch_0.tar	24338432	42212	135060992	106595
8716	11389	AF-0000000204922539	shard_1655_batch_1.tar	30100480	119545	341972992	989743
8718	10758	AF-0000000204972613	shard_1427_batch_0.tar	31243776	51576	100691968	160747
8719	11792	AF-0000000203538577	shard_1758_batch_0.tar	92827648	152228	784760832	1644822
8722	8089	AF-0000000211179599	shard_1731_batch_1.tar	93407744	145359	1333826048	1466755
8722	8301	AF-0000000204922143	shard_1791_batch_1.tar	80074240	164272	1999161856	1842618
8722	9072	AF-0000000204922153	shard_1689_batch_1.tar	31223808	132433	448139776	1175583
8722	10552	AF-0000000204922107	shard_1785_batch_1.tar	111532544	161951	592627712	1904724
8722	10850	AF-0000000204922102	shard_1711_batch_1.tar	104991744	135420	1499073024	1274030
8727	9569	AF-0000000204098820	shard_1276_batch_2.tar	4222464	248438	1890908160	4681165
8729	8906	AF-0000000204932385	shard_1651_batch_1.tar	35266048	117542	371130880	999408
8729	11530	AF-0000000204932368	shard_1647_batch_0.tar	106299904	114644	655338496	981049
8729	11660	AF-0000000204932388	shard_1831_batch_1.tar	112593920	176044	696942080	2270784
8730	8843	AF-0000000204990686	shard_1443_batch_0.tar	26514944	58297	272419840	222705
8731	8363	AF-0000000203589370	shard_1616_batch_0.tar	77844480	113350	538199552	852923
8731	9233	AF-0000000203589374	shard_1678_batch_0.tar	57525760	129803	476035072	1166994
8731	11101	AF-0000000211580556	shard_1590_batch_0.tar	43120128	106092	645115392	726017
8731	11226	AF-0000000203589376	shard_1546_batch_0.tar	36869632	92310	393293312	579108
8731	11388	AF-0000000203589378	shard_1550_batch_0.tar	64495616	94183	313746944	557441
8733	8040	AF-0000000211179458	shard_1743_batch_1.tar	43729408	147008	1799803904	1585402
8737	8093	AF-0000000203911967	shard_1708_batch_1.tar	122875904	138379	1157894144	1336874
8737	10648	AF-0000000203911973	shard_1824_batch_1.tar	115790848	176308	676653056	2248245
8737	11012	AF-0000000211580561	shard_1750_batch_1.tar	89062912	150032	382113280	1602828
8737	12435	AF-0000000203911977	shard_1638_batch_1.tar	53808128	117147	741690880	927995
8738	11864	AF-0000000203539454	shard_1518_batch_0.tar	10206208	83814	482222592	461972
8739	12589	AF-0000000204994396	shard_1641_batch_1.tar	69842944	119650	461066240	907380
8742	11676	AF-0000000204903920	shard_1763_batch_1.tar	5417984	154174	1290519040	1678271
8743	9987	AF-0000000204967627	shard_1543_batch_1.tar	6206464	90253	184071680	549812
8743	10267	AF-0000000204967625	shard_1543_batch_1.tar	2294272	89642	593456640	546140
8743	11220	AF-0000000204967626	shard_1545_batch_1.tar	88747520	90989	298221056	557106
8756	9879	AF-0000000204594767	shard_1409_batch_0.tar	2324480	37174	94929920	68735
8761	8013	AF-0000000204699226	shard_1691_batch_0.tar	21663232	130203	883935232	1214771
8761	8100	AF-0000000204699216	shard_1883_batch_0.tar	119267840	206887	2658649600	3114462
8761	9586	AF-0000000204699242	shard_1835_batch_0.tar	151706624	178317	1051169280	2348173
8761	11154	AF-0000000204699224	shard_1751_batch_0.tar	44872192	149580	1697391616	1554940
8761	11487	AF-0000000204699229	shard_1855_batch_0.tar	8483840	192437	2645660160	2677190
8762	8876	AF-0000000204066305	shard_1494_batch_1.tar	29564416	78345	459573248	403232
8762	10382	AF-0000000204066250	shard_1514_batch_1.tar	72526848	85557	552726528	446277
8762	11087	AF-0000000204066279	shard_1536_batch_1.tar	1160704	90375	534082560	540418
8762	11707	AF-0000000204066252	shard_1476_batch_1.tar	37728256	71924	380564992	330978
8764	9546	AF-0000000205005168	shard_1495_batch_1.tar	19853312	78372	534839296	386556
8764	10577	AF-0000000205005170	shard_1459_batch_0.tar	25893376	65556	257358848	264833
8764	10741	AF-0000000205005117	shard_1505_batch_1.tar	159232	77909	507586048	393120
8764	10888	AF-0000000205005115	shard_1477_batch_0.tar	33586688	69711	218537984	279935
8764	11808	AF-0000000205005153	shard_1477_batch_0.tar	19424768	69578	324423680	280418
8764	12364	AF-0000000205005173	shard_1407_batch_1.tar	19170816	28201	62602752	43910
8764	12425	AF-0000000205005171	shard_1407_batch_1.tar	28726784	27830	70125056	42741
8765	9586	AF-0000000205034558	shard_1809_batch_1.tar	8919552	167296	1224795136	2088513
8765	11194	AF-0000000205034583	shard_1681_batch_1.tar	20475392	126726	1082670592	1118411
8774	12442	AF-0000000204000518	shard_1540_batch_1.tar	80558592	90449	392539136	548898
8781	8876	AF-0000000204405997	shard_1560_batch_2.tar	28236288	96947	195661312	653332
8781	9617	AF-0000000204405954	shard_1506_batch_2.tar	20622336	80760	192212480	444506
8781	9856	AF-0000000204405720	shard_1578_batch_2.tar	6367232	101514	176642560	727847
8781	10091	AF-0000000204405673	shard_1724_batch_2.tar	49632768	142074	253894656	1427537
8781	10628	AF-0000000204405714	shard_1520_batch_2.tar	16953856	86496	241935360	503367
8781	10751	AF-0000000204405771	shard_1490_batch_1.tar	12994048	74613	256813056	382997
8781	10903	AF-0000000204405955	shard_1500_batch_1.tar	78277120	77401	283702784	421826
8781	11943	AF-0000000204405910	shard_1849_batch_0.tar	3793920	189312	2212227072	2632437
8782	10415	AF-0000000204883494	shard_1441_batch_0.tar	22514176	57490	143200256	208451
8782	11373	AF-0000000204883508	shard_1511_batch_0.tar	55688704	80970	358770176	450988
8783	9616	AF-0000000211580585	shard_1423_batch_0.tar	3119104	48505	128476672	133617
8783	11015	AF-0000000204909755	shard_1423_batch_0.tar	20578304	48504	218726912	134307
8783	12010	AF-0000000204909753	shard_1423_batch_0.tar	2030592	48425	165065216	129758
8783	12201	AF-0000000204909754	shard_1423_batch_0.tar	6750720	48356	165790720	129605
8787	11795	AF-0000000205033458	shard_1459_batch_1.tar	63136256	64407	287463424	266200
8791	9626	AF-0000000204909758	shard_1427_batch_0.tar	21117440	51081	234424832	163423
8791	11835	AF-0000000204909761	shard_1497_batch_0.tar	42583552	77608	230446592	380773
8793	12247	AF-0000000204922161	shard_1407_batch_0.tar	27228160	28324	67516416	38847
8797	9765	AF-0000000211580589	shard_1615_batch_0.tar	78126592	110627	895787520	873676
8797	9876	AF-0000000211580590	shard_1651_batch_0.tar	33341952	120106	1010676224	1028313
8799	11093	AF-0000000204932934	shard_1467_batch_0.tar	29253120	67830	160722432	277404
8800	10092	AF-0000000203969268	shard_1826_batch_1.tar	108724224	179799	772779520	2175331
8802	8290	AF-0000000205033392	shard_1635_batch_1.tar	38780416	116890	341145600	925507
8802	10852	AF-0000000211580593	shard_1635_batch_1.tar	54634496	116535	431899648	927749
8802	11282	AF-0000000205033388	shard_1637_batch_1.tar	41099264	116939	246058496	913890
8808	8905	AF-0000000204980310	shard_1513_batch_0.tar	11315712	81451	170107392	470441
8808	12411	AF-0000000204980428	shard_1827_batch_1.tar	82803712	173931	1496229376	2354752
8808	12417	AF-0000000204980411	shard_1611_batch_1.tar	34782720	108883	713401856	840693
8808	12501	AF-0000000204980418	shard_1745_batch_1.tar	141222912	143091	1111376896	1483387
8815	8660	AF-0000000204878344	shard_1479_batch_0.tar	16067072	71581	286435328	337914
8815	9213	AF-0000000204878383	shard_1227_batch_1.tar	79893504	215000	2749045760	3168659
8815	12435	AF-0000000204878355	shard_1471_batch_0.tar	37859840	69283	250197504	312763
8817	9456	AF-0000000204970175	shard_1703_batch_1.tar	131685376	136129	786658816	1284895
8817	10611	AF-0000000204970167	shard_1735_batch_1.tar	53400576	147208	1307363840	1381882
8817	11451	AF-0000000204970166	shard_1549_batch_1.tar	10577408	94919	292801024	593758
8817	11671	AF-0000000204970176	shard_1707_batch_1.tar	102083072	137754	1532164608	1309690
8818	8936	AF-0000000204879195	shard_1549_batch_0.tar	9283584	93479	176809472	589493
8820	8984	AF-0000000203841215	shard_1419_batch_1.tar	36819456	44365	146755072	123145
8820	9937	AF-0000000204962187	shard_1417_batch_1.tar	27316224	43470	139691008	115810
8820	11807	AF-0000000205031236	shard_1425_batch_1.tar	19292672	48842	167710208	149569
8820	12362	AF-0000000205031260	shard_1419_batch_1.tar	20981760	44352	187768832	122851
8820	12487	AF-0000000204907218	shard_1419_batch_1.tar	33562112	44402	116315648	122976
8820	12596	AF-0000000205031296	shard_1419_batch_1.tar	26502656	44328	215008256	122863
8822	8901	AF-0000000205022847	shard_1529_batch_1.tar	53378560	85311	610979328	516258
8822	9715	AF-0000000205022845	shard_1485_batch_1.tar	33985024	70377	427596288	363917
8822	10002	AF-0000000205022842	shard_1483_batch_1.tar	69251072	69612	452393984	358002
8825	10400	AF-0000000204870155	shard_1843_batch_1.tar	75560960	184600	457308160	2496175
8826	9439	AF-0000000204059625	shard_1460_batch_1.tar	15804928	65919	349186048	252867
8827	9801	AF-0000000204929364	shard_1491_batch_0.tar	26345984	73728	281970688	364408
8828	9712	AF-0000000205008076	shard_1497_batch_1.tar	6828544	79318	227332608	420192
8828	10320	AF-0000000205008077	shard_1489_batch_1.tar	53207552	77016	414331904	398228
8828	11283	AF-0000000205008071	shard_1497_batch_1.tar	9544192	79128	505066496	418367
8829	8601	AF-0000000203996062	shard_1492_batch_1.tar	64277504	75537	241980416	373855
8829	9192	AF-0000000203996069	shard_1844_batch_1.tar	71060992	182800	1402806784	2271493
8829	9914	AF-0000000203996050	shard_1468_batch_0.tar	22025216	68718	170496512	305469
8829	12355	AF-0000000203996071	shard_1452_batch_0.tar	60842496	61188	162866688	239561
8830	9042	AF-0000000204866964	shard_1439_batch_0.tar	43839488	55762	130001408	196695
8830	9939	AF-0000000211587289	shard_1545_batch_0.tar	29467648	88401	508702208	555117
8830	10287	AF-0000000204866961	shard_1641_batch_0.tar	69476864	113471	968995840	919205
8830	11090	AF-0000000204866955	shard_1475_batch_0.tar	2037248	69853	211504640	328666
8830	11374	AF-0000000204866967	shard_1615_batch_0.tar	61120000	107280	452551168	807064
8830	11653	AF-0000000204866969	shard_1559_batch_0.tar	31499264	93496	732452352	568187
8832	8843	AF-0000000203674854	shard_1516_batch_0.tar	48138752	83250	480936960	435723
8832	9456	AF-0000000203674848	shard_1782_batch_0.tar	32989184	161602	1782979584	1840638
8832	9921	AF-0000000203674839	shard_1498_batch_0.tar	29180416	77000	507902464	362741
8832	11628	AF-0000000203674862	shard_1630_batch_0.tar	38072832	115329	793821696	916316
8832	11671	AF-0000000203674849	shard_1786_batch_0.tar	90401280	162810	723947520	1875497
8833	9934	AF-0000000204877158	shard_1517_batch_0.tar	73614336	81457	219173888	475618
8833	11437	AF-0000000204877217	shard_1665_batch_0.tar	21369856	122818	560480256	1081791
8833	11721	AF-0000000204877174	shard_1637_batch_0.tar	35253248	114533	819890688	915463
8837	9097	AF-0000000204431216	shard_1590_batch_2.tar	41402368	102847	465137152	753794
8837	11093	AF-0000000204431213	shard_1564_batch_2.tar	7801344	97148	297748992	647882
8845	9852	AF-0000000205027525	shard_1525_batch_1.tar	7332352	88356	242769408	488975
8845	9856	AF-0000000205027515	shard_1543_batch_1.tar	11401728	92171	544667136	578508
8845	9916	AF-0000000205027598	shard_1497_batch_1.tar	32431104	78857	149767168	383282
8845	10091	AF-0000000205027500	shard_1695_batch_1.tar	3875328	133277	1304058880	1237020
8846	10751	AF-0000000203719537	shard_1564_batch_0.tar	31928832	97514	301575680	628466
8846	12362	AF-0000000204883003	shard_1561_batch_0.tar	89927680	95723	527855616	608431
8848	10452	AF-0000000203507614	shard_1618_batch_0.tar	41341440	110339	835877376	746688
8852	11560	AF-0000000204648300	shard_1587_batch_0.tar	98431488	103833	564279296	743394
8854	12245	AF-0000000204879245	shard_1463_batch_0.tar	51672576	64821	362546176	278638
8855	8971	AF-0000000204001747	shard_1628_batch_1.tar	80801280	113851	493424640	912121
8855	10876	AF-0000000204001692	shard_1448_batch_0.tar	16116736	60975	240695296	228317
8855	11127	AF-0000000204001708	shard_1518_batch_1.tar	74419200	83470	617594880	496912
8855	11221	AF-0000000204001776	shard_1470_batch_1.tar	11591168	70908	143376896	305516
8858	9475	AF-0000000204870899	shard_1639_batch_0.tar	52911104	112429	532746240	826568
8858	11382	AF-0000000204870900	shard_1637_batch_0.tar	71120384	112664	965081600	821001
8859	8408	AF-0000000204111290	shard_1828_batch_1.tar	43855360	179525	1674195968	2378043
8859	8511	AF-0000000204111281	shard_1486_batch_1.tar	5992448	73795	454254592	355715
8859	11093	AF-0000000204111284	shard_1500_batch_1.tar	38703616	78318	263587328	399982
8859	11448	AF-0000000204111264	shard_1828_batch_1.tar	20497920	178779	433780736	2367260
8861	12076	AF-0000000205047548	shard_1483_batch_1.tar	37253120	69246	221779456	362249
8863	8236	AF-0000000204993251	shard_1685_batch_1.tar	47375360	130293	699738624	1179177
8863	8309	AF-0000000211179857	shard_1807_batch_1.tar	115694592	170376	1188170240	2002301
8863	12386	AF-0000000204993243	shard_1731_batch_1.tar	72186880	146599	1234146304	1512490
8864	8806	AF-0000000205012096	shard_1693_batch_1.tar	41982464	132608	664807936	1271470
8864	11297	AF-0000000211587531	shard_1799_batch_1.tar	46323200	165428	1011372032	1937011
8864	12412	AF-0000000205012097	shard_1637_batch_1.tar	31982592	116951	303992832	978620
8865	9536	AF-0000000204822695	shard_1609_batch_0.tar	74285568	106874	441033728	834881
8865	9733	AF-0000000204822724	shard_1801_batch_0.tar	62418432	168892	1671153664	2063051
8865	9951	AF-0000000204822743	shard_1611_batch_0.tar	54684160	109491	490091008	831386
8865	12460	AF-0000000204822810	shard_1655_batch_0.tar	26121728	121352	884332544	980284
8866	9842	AF-0000000205047259	shard_1543_batch_1.tar	62949888	90344	517450752	548972
8866	10580	AF-0000000205047262	shard_1539_batch_1.tar	5501440	90232	303430144	532613
8869	10285	AF-0000000211587534	shard_1497_batch_1.tar	66151936	74336	365667328	364842
8870	8514	AF-0000000203577056	shard_1464_batch_0.tar	60363776	67491	189569536	277724
8870	10191	AF-0000000203577077	shard_1570_batch_0.tar	84521472	99506	213203968	648730
8870	10777	AF-0000000203577075	shard_1462_batch_0.tar	34833920	66402	334091264	267215
8870	11494	AF-0000000203577076	shard_1594_batch_0.tar	97940992	105436	292665344	791154
8870	11516	AF-0000000203577083	shard_1618_batch_0.tar	58931200	110645	366389760	874079
8870	11683	AF-0000000203577042	shard_1478_batch_0.tar	41676800	72474	174339584	340117
8872	8560	AF-0000000204906354	shard_1465_batch_0.tar	4169728	69079	299038720	277495
8876	8484	AF-0000000204982265	shard_1615_batch_1.tar	22814208	111759	789904384	789897
8876	8982	AF-0000000204982303	shard_1473_batch_0.tar	63561216	70687	287417856	315598
8876	9854	AF-0000000204982368	shard_1463_batch_0.tar	14330880	66698	203958272	274552
8876	10091	AF-0000000204982257	shard_1705_batch_1.tar	75821056	137003	570515968	1279346
8876	10169	AF-0000000204982345	shard_1557_batch_1.tar	32519680	96802	322100224	627159
8876	10212	AF-0000000204982282	shard_1577_batch_1.tar	79174144	103196	377403904	714991
8876	10632	AF-0000000204982296	shard_1563_batch_1.tar	39694336	96165	550810112	641639
8876	11252	AF-0000000204982326	shard_1497_batch_0.tar	27758592	79191	428307968	399507
8876	11356	AF-0000000204982353	shard_1517_batch_1.tar	27068416	85068	350657536	474128
8876	11424	AF-0000000204982280	shard_1485_batch_0.tar	61212160	75741	232818176	369134
8876	11610	AF-0000000204982405	shard_1613_batch_1.tar	32311296	111149	842526208	857512
8876	12094	AF-0000000204982275	shard_1511_batch_0.tar	23940096	83498	578426368	465420
8877	9279	AF-0000000204955765	shard_1411_batch_1.tar	26896896	40560	107076096	85876
8877	9908	AF-0000000204955653	shard_1439_batch_0.tar	14593024	55950	186331136	203762
8877	11578	AF-0000000204955864	shard_1417_batch_0.tar	92160	44647	200174080	119162
8877	12394	AF-0000000204955905	shard_1511_batch_0.tar	34926592	81024	204652544	419005
8877	12527	AF-0000000204955679	shard_1683_batch_1.tar	24383488	129166	895740416	1154743
8878	10075	AF-0000000203738984	shard_1616_batch_0.tar	37459456	114985	304451072	886534
8878	11263	AF-0000000203738988	shard_1688_batch_0.tar	36535296	136087	516114944	1147606
8879	8782	AF-0000000204952475	shard_1437_batch_0.tar	2470912	55888	116112896	191590
8879	11008	AF-0000000204952437	shard_1477_batch_0.tar	51643904	71063	287964672	331813
8885	9182	AF-0000000204945168	shard_1297_batch_1.tar	35466240	266729	1036439040	5202311
8885	11121	AF-0000000204945109	shard_1507_batch_0.tar	44921344	81569	413898240	444305
8886	10556	AF-0000000204966084	shard_1423_batch_0.tar	17767936	50900	207869440	152231
8886	10690	AF-0000000204966097	shard_1435_batch_0.tar	19176448	57245	160576000	196155
8886	10758	AF-0000000204966153	shard_1451_batch_0.tar	19848704	63503	274163200	248448
8886	12241	AF-0000000204966069	shard_1683_batch_1.tar	4264960	130763	740617728	1171741
8888	8369	AF-0000000205016607	shard_1783_batch_1.tar	66422784	164538	1057028096	1920648
8888	8635	AF-0000000205016605	shard_1633_batch_1.tar	33377280	115825	665329664	941855
8888	11885	AF-0000000211587571	shard_1757_batch_1.tar	56916480	155246	1267298304	1716193
8888	12136	AF-0000000205016603	shard_1753_batch_1.tar	35931136	153407	789746176	1695604
8889	8254	AF-0000000205004423	shard_1231_batch_1.tar	89800192	216956	1481658368	3270471
8889	8906	AF-0000000205004469	shard_1501_batch_1.tar	69713408	80005	528962048	401754
8889	8910	AF-0000000205004428	shard_1489_batch_1.tar	70857728	74427	347869184	348321
8889	10520	AF-0000000205004497	shard_1531_batch_1.tar	62057472	87802	215462912	505975
8889	11610	AF-0000000205004505	shard_1639_batch_1.tar	72303104	117979	940736512	912167
8889	11803	AF-0000000205004476	shard_1589_batch_1.tar	82392064	104647	291094528	665352
8890	8048	AF-0000000204978438	shard_1741_batch_1.tar	105241600	144444	1457865216	1460851
8890	8466	AF-0000000204978441	shard_1715_batch_1.tar	121469952	136879	809528320	1288673
8890	12418	AF-0000000204978443	shard_1225_batch_1.tar	200069632	212626	3267174400	3172560
8892	8517	AF-0000000203556410	shard_1828_batch_0.tar	89580544	182786	2444478976	2189792
8892	8575	AF-0000000203556420	shard_1544_batch_0.tar	49869824	89772	222193152	554937
8892	8971	AF-0000000203556580	shard_1628_batch_0.tar	71843840	113336	341576704	899101
8892	11684	AF-0000000203556414	shard_1586_batch_0.tar	8075264	104435	662522880	721695
8893	8684	AF-0000000204149204	shard_1480_batch_1.tar	39434752	72976	273742848	338719
8898	8040	AF-0000000203536806	shard_1832_batch_0.tar	98911744	180867	1543926784	2451428
8898	8176	AF-0000000203536766	shard_1680_batch_0.tar	88601088	130106	372216320	1187865
8898	9674	AF-0000000203536767	shard_1668_batch_0.tar	81102336	124923	805764608	1102895
8901	12076	AF-0000000204891939	shard_1529_batch_0.tar	85033984	84752	386424320	520671
8902	10239	AF-0000000204206689	shard_1748_batch_2.tar	33746944	146476	594316800	1434951
8905	9087	AF-0000000203988586	shard_1564_batch_1.tar	85146112	97724	430158848	673735
8906	8100	AF-0000000204928939	shard_1765_batch_1.tar	147445760	156016	946397696	1710998
8906	8983	AF-0000000204928993	shard_1423_batch_0.tar	22001664	49001	117027840	145254
8906	8984	AF-0000000204928932	shard_1425_batch_0.tar	16188416	49758	209965568	156476
8906	9275	AF-0000000204929137	shard_1633_batch_0.tar	41759232	116436	499393536	937257
8906	9356	AF-0000000204929105	shard_1429_batch_0.tar	23715328	53193	154116608	164284
8906	12596	AF-0000000204929133	shard_1425_batch_0.tar	12765696	49615	238436352	156547
8906	12602	AF-0000000204929095	shard_1627_batch_1.tar	66767872	115808	831149056	893399
8910	11628	AF-0000000204161094	shard_1498_batch_1.tar	21195264	76658	404322304	381215
8910	11803	AF-0000000204161086	shard_1488_batch_1.tar	47575552	74107	432840192	347260
8912	10190	AF-0000000203762005	shard_1524_batch_0.tar	81295872	87626	465196544	491770
8914	8089	AF-0000000211179601	shard_1737_batch_1.tar	143220224	147576	1579821568	1507665
8914	9072	AF-0000000204983293	shard_1695_batch_1.tar	98624000	134482	473896960	1246876
8914	10552	AF-0000000204983275	shard_1791_batch_1.tar	89272320	164055	988978688	1934201
8916	9088	AF-0000000211587589	shard_1485_batch_0.tar	44594688	72870	252423680	357778
8917	8640	AF-0000000204976703	shard_1483_batch_0.tar	51512320	73030	339737600	366098
8917	9280	AF-0000000204976710	shard_1539_batch_0.tar	66855936	92390	427562496	519710
8917	9547	AF-0000000204976720	shard_1555_batch_1.tar	78577152	96542	368674816	585802
8917	10663	AF-0000000204976713	shard_1537_batch_0.tar	17134592	89340	493350912	506060
8917	10705	AF-0000000204976729	shard_1537_batch_0.tar	30759936	89237	239517696	505212
8917	11010	AF-0000000204976714	shard_1537_batch_0.tar	18841088	90359	557823488	505786
8917	11362	AF-0000000204976709	shard_1537_batch_0.tar	77893120	89683	410671104	505594
8917	11682	AF-0000000204976711	shard_1549_batch_1.tar	3056640	94346	349767680	555085
8917	12054	AF-0000000204976705	shard_1537_batch_0.tar	27175936	89803	277077504	505566
8917	12055	AF-0000000204976708	shard_1535_batch_0.tar	66622976	89287	435780096	497181
8918	8078	AF-0000000204871541	shard_1843_batch_1.tar	28127744	183874	1064000000	2535392
8920	10035	AF-0000000204695187	shard_1431_batch_0.tar	47760384	50560	169496576	164770
8921	12282	AF-0000000203998938	shard_1522_batch_1.tar	72623104	84105	243889152	492344
8924	9546	AF-0000000204903203	shard_1571_batch_0.tar	57338368	101275	591657472	652908
8924	10705	AF-0000000204903204	shard_1557_batch_0.tar	94341632	95424	302078464	589048
8924	11010	AF-0000000204903196	shard_1559_batch_0.tar	27466752	96591	354456064	586483
8924	11682	AF-0000000204903194	shard_1571_batch_0.tar	25648640	100379	347418624	639200
8924	12054	AF-0000000204903191	shard_1557_batch_0.tar	29343744	95570	692492800	587615
8924	12055	AF-0000000204903193	shard_1555_batch_0.tar	86206464	95278	348523520	577112
8927	10377	AF-0000000204087630	shard_1672_batch_1.tar	14045696	128728	1185774592	1032785
8933	10420	AF-0000000205052249	shard_1665_batch_1.tar	6354944	122463	925277184	1002777
8936	8109	AF-0000000203513650	shard_1524_batch_0.tar	82502656	85583	343918080	489286
8936	9106	AF-0000000203513703	shard_1782_batch_0.tar	3556352	164562	1021813760	1842155
8936	9154	AF-0000000203513651	shard_1864_batch_0.tar	190809600	198169	2054946304	2755797
8936	10020	AF-0000000203513671	shard_1676_batch_0.tar	9698304	128008	929158144	1150233
8936	10203	AF-0000000205054247	shard_1677_batch_1.tar	119645696	127879	753243136	1135708
8936	12554	AF-0000000203513673	shard_1632_batch_0.tar	28067840	116260	974871040	912395
8941	12200	AF-0000000204866974	shard_1875_batch_1.tar	117131776	203419	3082855936	2955366
8948	9469	AF-0000000211604066	shard_1583_batch_1.tar	22228992	100357	644570112	686319
8950	9852	AF-0000000203861071	shard_1606_batch_1.tar	24356864	108601	448197120	780008
8955	11103	AF-0000000203806882	shard_1752_batch_1.tar	102134784	154404	845594624	1574268
8957	11249	AF-0000000203753597	shard_1586_batch_0.tar	95264256	102153	838984192	745523
8959	10843	AF-0000000204944068	shard_1865_batch_1.tar	35428864	190490	2809678336	2431838
8963	12208	AF-0000000204719913	shard_1279_batch_0.tar	200875008	246220	545326592	4494267
8964	8895	AF-0000000205053509	shard_1675_batch_1.tar	77611008	129809	593615872	1153202
8965	12214	AF-0000000203885342	shard_1656_batch_1.tar	95086080	120679	360365056	1012864
8965	12291	AF-0000000203885341	shard_1608_batch_1.tar	13614592	108228	274652160	808218
8969	9352	AF-0000000204812146	shard_1827_batch_1.tar	169773056	182545	2231771136	2278633
8969	9834	AF-0000000204812162	shard_1657_batch_0.tar	55835136	122291	1194548224	1028767
8969	10189	AF-0000000204812174	shard_1649_batch_0.tar	81248256	120475	568255488	991429
8969	10685	AF-0000000204812170	shard_1659_batch_0.tar	94478848	122867	1088156160	1030335
8969	11225	AF-0000000204812152	shard_1653_batch_0.tar	20568576	121710	394558976	1008048
8969	11490	AF-0000000204812149	shard_1701_batch_0.tar	50613760	136495	415770624	1255824
8971	11416	AF-0000000204945860	shard_1869_batch_1.tar	2185216	195510	1311858176	2663675
8972	8521	AF-0000000203942042	shard_1300_batch_1.tar	115824128	277532	1141131776	5377917
8973	8394	AF-0000000203921759	shard_1574_batch_1.tar	9794560	100720	415699968	660867
8975	12496	AF-0000000204849365	shard_1769_batch_0.tar	61038080	153877	1412601344	1804097
8978	8192	AF-0000000205033718	shard_1639_batch_1.tar	36424192	117484	848758272	996581
8978	8498	AF-0000000205033755	shard_1707_batch_1.tar	87406080	137771	1517948928	1255669
8978	8764	AF-0000000205033737	shard_1477_batch_1.tar	30926848	69315	272773120	280521
8978	9240	AF-0000000205033643	shard_1567_batch_1.tar	88820224	96281	314272256	670311
8978	9546	AF-0000000205033725	shard_1647_batch_1.tar	6110720	119982	902335488	970289
8978	9841	AF-0000000205033690	shard_1505_batch_1.tar	48776192	78109	342937088	421538
8978	9900	AF-0000000205033558	shard_1477_batch_1.tar	63291904	69083	426825216	278671
8978	9901	AF-0000000205033564	shard_1477_batch_1.tar	32999424	69405	390110720	277976
8978	10663	AF-0000000205033617	shard_1635_batch_1.tar	98173952	114965	845550592	950994
8978	10703	AF-0000000205033693	shard_1479_batch_1.tar	57448960	69691	198776832	287704
8978	10705	AF-0000000205033799	shard_1635_batch_1.tar	40766464	114792	1057500672	895856
8978	10709	AF-0000000205033752	shard_1477_batch_1.tar	33502720	69353	456290816	280651
8978	10751	AF-0000000205033543	shard_1509_batch_1.tar	6351872	79352	248967680	430512
8978	10984	AF-0000000205033565	shard_1477_batch_1.tar	24677888	68910	421260288	281005
8978	11010	AF-0000000205033634	shard_1635_batch_1.tar	25971712	115873	807577600	887847
8978	11056	AF-0000000205033781	shard_1789_batch_1.tar	51643904	163986	538580992	1859256
8978	11682	AF-0000000205033592	shard_1647_batch_1.tar	2869760	119711	824482304	957837
8978	12054	AF-0000000205033539	shard_1635_batch_1.tar	67774976	115158	634658304	893065
8978	12055	AF-0000000205033548	shard_1631_batch_1.tar	55546880	114771	734275584	878360
8978	12058	AF-0000000205033479	shard_1677_batch_1.tar	6374912	127528	674552320	1191676
8978	12364	AF-0000000205033747	shard_1479_batch_1.tar	39966208	69399	342206976	288070
8978	12425	AF-0000000205033732	shard_1477_batch_1.tar	36636160	69186	417069056	284575
8982	8746	AF-0000000204864694	shard_1497_batch_0.tar	75238912	77518	495736832	394207
8982	10029	AF-0000000204864708	shard_1549_batch_0.tar	58970624	92339	245997568	569718
8982	10435	AF-0000000204864677	shard_1445_batch_0.tar	9957888	58805	306870272	217613
8982	10647	AF-0000000204864705	shard_1423_batch_0.tar	3901952	49239	153975296	142215
8984	8353	AF-0000000203841196	shard_1512_batch_0.tar	25545728	78863	367343104	462579
8984	8613	AF-0000000204881632	shard_1518_batch_0.tar	81965056	81304	594281472	479039
8984	8846	AF-0000000203719528	shard_1560_batch_0.tar	77595648	95628	590103040	606731
8984	11078	AF-0000000203841207	shard_1424_batch_0.tar	47315456	49625	110665216	150088
8984	11413	AF-0000000204930557	shard_1422_batch_0.tar	29393408	46233	192070144	134397
8984	11807	AF-0000000203841156	shard_1422_batch_0.tar	44362240	48634	96486912	147898
8986	10299	AF-0000000204408170	shard_1540_batch_2.tar	43312128	88318	163396608	560588
8989	10355	AF-0000000204923923	shard_1273_batch_1.tar	180410368	247237	2016230912	4588097
8990	8237	AF-0000000204723885	shard_1799_batch_0.tar	156281856	169232	1529263104	1968461
8997	8781	AF-0000000204429383	shard_1484_batch_2.tar	35349504	74715	151273472	361483
8997	9304	AF-0000000204429393	shard_1436_batch_1.tar	13577728	57051	158746112	192749
8998	8991	AF-0000000204912135	shard_1489_batch_0.tar	20269056	74698	198690816	364339
9009	8277	AF-0000000203710264	shard_1654_batch_0.tar	67468288	116910	1191538176	998122
9012	8063	AF-0000000204878746	shard_1459_batch_0.tar	52413440	62697	215387648	274309
9012	8951	AF-0000000204878743	shard_1517_batch_0.tar	72693248	82649	425607168	441034
9027	8048	AF-0000000204905722	shard_1635_batch_0.tar	99127296	114325	801721856	935102
9027	8466	AF-0000000204905741	shard_1607_batch_0.tar	87584768	107136	370486784	795191
9027	8539	AF-0000000204905719	shard_1823_batch_1.tar	176614400	178196	588542464	2281870
9027	8606	AF-0000000204905752	shard_1525_batch_0.tar	18534912	85772	222147072	514641
9037	8730	AF-0000000204136667	shard_1438_batch_1.tar	31165440	56875	130883584	203905
9038	8855	AF-0000000204244946	shard_1440_batch_1.tar	7113216	58044	147111424	194442
9038	8877	AF-0000000204245014	shard_1430_batch_1.tar	2038784	53233	165448192	175029
9044	8156	AF-0000000204864778	shard_1577_batch_0.tar	9779200	97057	677920768	666125
9044	8160	AF-0000000204864765	shard_1291_batch_1.tar	69203968	261357	2653612544	5056227
9044	8765	AF-0000000204864795	shard_1707_batch_0.tar	85861376	134476	1359900160	1336075
9051	8004	AF-0000000204594309	shard_1516_batch_2.tar	23462912	84189	91206144	462609
9099	8411	AF-0000000203904841	shard_1760_batch_1.tar	136973824	154802	667611648	1753502
9102	8004	AF-0000000205034603	shard_1801_batch_1.tar	29347328	169880	2264025088	2089460
9112	8048	AF-0000000203453815	shard_1628_batch_0.tar	57209856	112244	539208192	905450
9112	8466	AF-0000000203453832	shard_1598_batch_0.tar	54700544	105256	240375808	764619
9112	8606	AF-0000000203453841	shard_1520_batch_0.tar	72126464	84251	311942144	493223
9115	8195	AF-0000000211179780	shard_1250_batch_0.tar	126439936	226541	2422203392	3704812
9145	8278	AF-0000000204893715	shard_1779_batch_1.tar	60923392	162026	1295622656	1867005
9166	8517	AF-0000000203558592	shard_1268_batch_0.tar	222653440	245132	2559025152	4102361
9167	8980	AF-0000000204817113	shard_1427_batch_0.tar	46589952	49084	126053376	152416
9176	8145	AF-0000000204877610	shard_1533_batch_0.tar	83567616	89080	681558528	553344
9181	8484	AF-0000000204985106	shard_1671_batch_1.tar	124862464	125722	503787008	1075487
9186	8054	AF-0000000211179536	shard_1513_batch_0.tar	57495552	82502	466595840	457596
9192	8156	AF-0000000204900972	shard_1819_batch_1.tar	53230592	170454	478951936	2018953
9200	8391	AF-0000000204640912	shard_1245_batch_0.tar	21620224	226586	3482382336	3716502
9200	8542	AF-0000000204640902	shard_1245_batch_0.tar	114079744	225539	3710014464	3689147
9207	8577	AF-0000000203843971	shard_1792_batch_1.tar	58734592	165623	1897717248	1874872
9212	8463	AF-0000000211196757	shard_1842_batch_0.tar	111037440	183817	1557590016	2475815
9229	8206	AF-0000000205001215	shard_1529_batch_1.tar	78532096	88117	412377088	484784
9229	8258	AF-0000000205001266	shard_1703_batch_1.tar	79474688	134271	1488190976	1262721
9229	8277	AF-0000000205001199	shard_1679_batch_1.tar	95905792	126603	1329945088	1141009
9229	8395	AF-0000000205001174	shard_1517_batch_1.tar	77740544	85314	566290944	456124
9229	8511	AF-0000000205001191	shard_1519_batch_1.tar	83154944	85925	340736512	484075
9229	8781	AF-0000000205001136	shard_1619_batch_1.tar	44968448	112970	405991936	889501
9233	8054	AF-0000000211179537	shard_1703_batch_0.tar	56136192	136331	507072512	1301190
9234	8054	AF-0000000203985056	shard_1836_batch_1.tar	41175552	181725	823055872	2398626
9250	8365	AF-0000000211180422	shard_1829_batch_0.tar	18524672	182452	1211638272	2293408
9259	8656	AF-0000000204896970	shard_1795_batch_1.tar	92604928	164821	1214558720	2020602
9261	8048	AF-0000000205046722	shard_1271_batch_1.tar	236894720	241546	3301350400	4053328
9261	8466	AF-0000000205046731	shard_1261_batch_1.tar	47040000	234122	2867185664	3769817
9269	8447	AF-0000000211195130	shard_1334_batch_1.tar	373960704	378240	6354110464	10729677
9269	8492	AF-0000000211218170	shard_1336_batch_1.tar	343078400	415789	6874908160	11961355
9273	8313	AF-0000000204886097	shard_1257_batch_1.tar	228928000	235512	3633158144	3733037
9276	8601	AF-0000000203994780	shard_1458_batch_0.tar	6679040	63467	294919680	269821
9276	8829	AF-0000000203994777	shard_1488_batch_1.tar	2345984	73174	383991808	360167
9279	8160	AF-0000000204926319	shard_1227_batch_0.tar	90309632	211828	3335933952	3240155
9280	8498	AF-0000000204902108	shard_1717_batch_1.tar	94330880	143662	440223232	1376488
9280	8924	AF-0000000204902048	shard_1561_batch_0.tar	91461632	98112	354353152	599052
9280	8978	AF-0000000204902111	shard_1637_batch_0.tar	87240704	117621	394495488	973399
9291	8160	AF-0000000204855046	shard_1257_batch_1.tar	172474880	231933	3080913408	3894723
9291	8514	AF-0000000204855070	shard_1467_batch_0.tar	43433472	66639	309280256	296926
9292	8121	AF-0000000204820810	shard_1855_batch_1.tar	138218496	189921	1088250368	2659271
9298	8900	AF-0000000205051758	shard_1671_batch_1.tar	118806528	122912	998227968	1159416
9304	8269	AF-0000000204567338	shard_1687_batch_0.tar	41056256	131992	305741312	1221931
9304	8339	AF-0000000204567229	shard_1458_batch_2.tar	13481472	65098	124254208	273099
9304	8477	AF-0000000204567282	shard_1721_batch_0.tar	39787520	142626	446133760	1436533
9304	8690	AF-0000000204567316	shard_1450_batch_2.tar	27628544	62329	141896704	241172
9316	8625	AF-0000000204672928	shard_1241_batch_0.tar	206488576	219859	659685888	3578428
9317	8022	AF-0000000204909804	shard_1477_batch_0.tar	9491968	71952	215862272	316420
9338	8716	AF-0000000204862181	shard_1723_batch_1.tar	100797952	140122	1553400832	1375434
9356	8126	AF-0000000204981675	shard_1669_batch_1.tar	104694784	126308	822816256	1135865
9356	8827	AF-0000000204981683	shard_1417_batch_0.tar	8308224	45183	160173568	120328
9363	8918	AF-0000000205014380	shard_1797_batch_1.tar	39965184	167175	1178052608	2029984
9364	8111	AF-0000000205053198	shard_1333_batch_1.tar	89230848	359703	3463938560	8428434
9375	8062	AF-0000000211179548	shard_1445_batch_0.tar	3878400	58373	138185216	225299
9375	8067	AF-0000000211179562	shard_1449_batch_0.tar	39831552	59689	243229184	239797
9375	8625	AF-0000000211579634	shard_1479_batch_0.tar	67208192	70514	215239680	353993
9375	8647	AF-0000000211579753	shard_1533_batch_0.tar	45749760	88473	322912768	532112
9380	8113	AF-0000000203868860	shard_1864_batch_1.tar	99086848	198719	823149056	2541677
9398	8533	AF-0000000204644389	shard_1281_batch_0.tar	113154048	252032	1278831616	4291939
9399	8748	AF-0000000204712658	shard_1431_batch_0.tar	46956032	53074	152270848	167634
9402	8826	AF-0000000203627258	shard_1458_batch_0.tar	28792320	66144	200645120	246917
9404	8089	AF-0000000211179602	shard_1737_batch_1.tar	40854528	146985	1712464896	1517179
9405	8716	AF-0000000205001968	shard_1473_batch_1.tar	66585600	69683	422525440	298893
9410	8223	AF-0000000205002038	shard_1673_batch_1.tar	84903936	126423	944093696	1066602
9410	8623	AF-0000000205002022	shard_1481_batch_1.tar	56631808	71736	226945024	334277
9440	8802	AF-0000000204987388	shard_1671_batch_1.tar	38814720	126486	977448960	1101965
9470	8158	AF-0000000203550574	shard_1602_batch_0.tar	106908160	105947	904068608	732435
9487	8912	AF-0000000204878754	shard_1597_batch_0.tar	27265024	108701	543075328	729314
9488	8695	AF-0000000203811488	shard_1478_batch_0.tar	20637184	71200	214871040	340376
9492	8586	AF-0000000204028681	shard_1684_batch_1.tar	98507264	132901	1360268288	1178443
9501	8963	AF-0000000203850589	shard_1272_batch_1.tar	175702016	242779	1760583680	4161791
9510	8756	AF-0000000204974858	shard_1411_batch_1.tar	30585344	38062	107681280	77815
9512	8339	AF-0000000204610117	shard_1421_batch_0.tar	38804480	47080	170347008	124004
9513	8984	AF-0000000204964788	shard_1419_batch_0.tar	9089536	44412	167532544	122797
9518	8774	AF-0000000203808945	shard_1538_batch_0.tar	15262208	89530	281909248	539909
9525	8559	AF-0000000203759149	shard_1602_batch_0.tar	17291776	105582	802845184	818010
9527	8698	AF-0000000204109236	shard_1594_batch_1.tar	54313984	105917	821382144	768554
9531	8590	AF-0000000204733736	shard_1523_batch_0.tar	54807552	85342	416166400	490938
9547	8924	AF-0000000204968319	shard_1575_batch_1.tar	16982528	102155	828797952	663162
9547	8978	AF-0000000204968371	shard_1653_batch_1.tar	67978752	121387	721989632	1011277
9553	8895	AF-0000000204618125	shard_1717_batch_0.tar	281088	143031	722084864	1440156
9553	8964	AF-0000000204618131	shard_1669_batch_0.tar	74186752	128500	291225600	1119536
9554	8889	AF-0000000204953691	shard_1743_batch_1.tar	69242368	147170	341401088	1552084
9569	8825	AF-0000000203635439	shard_1842_batch_0.tar	40492032	185589	1614451200	2639972
9584	8338	AF-0000000203898557	shard_1592_batch_1.tar	55243264	106090	256453632	762878
9584	8563	AF-0000000203898553	shard_1278_batch_1.tar	136372224	253451	3382228992	4056509
9587	8160	AF-0000000204886149	shard_1267_batch_1.tar	205714432	241707	746180608	4217351
9589	8159	AF-0000000205019478	shard_1255_batch_1.tar	125006848	232671	937021952	3749952
9589	8681	AF-0000000205019449	shard_1771_batch_1.tar	72048640	158213	848592384	1762152
9593	8206	AF-0000000203583133	shard_1596_batch_0.tar	105355264	106743	895685632	784315
9607	8781	AF-0000000204955993	shard_1479_batch_0.tar	69157376	70892	360052736	340983
9607	8986	AF-0000000204955994	shard_1455_batch_0.tar	6472192	62364	223447040	250774
9616	8657	AF-0000000204987405	shard_1421_batch_1.tar	2875904	47336	225681920	129005
9617	8405	AF-0000000204957664	shard_1483_batch_0.tar	73295360	72900	487420416	340880
9617	8514	AF-0000000204957571	shard_1445_batch_0.tar	23111168	58805	215617024	208583
9617	8532	AF-0000000204957445	shard_1471_batch_0.tar	12639232	70051	340743680	310384
9618	8106	AF-0000000203678273	shard_1530_batch_0.tar	12747776	88518	479593984	518905
9620	8118	AF-0000000204887425	shard_1675_batch_0.tar	111321088	127211	588977664	1090306
9620	8477	AF-0000000204887358	shard_1727_batch_1.tar	43032064	144049	1493544448	1459292
9620	8995	AF-0000000204887351	shard_1535_batch_0.tar	7121920	89073	632957952	534163
9622	8015	AF-0000000204890625	shard_1437_batch_0.tar	5511680	55398	222206464	194690
9624	8248	AF-0000000204953826	shard_1469_batch_0.tar	53156352	67218	306195968	273097
9624	8346	AF-0000000204953846	shard_1469_batch_0.tar	55353856	68048	385897472	311813
9624	8602	AF-0000000204953773	shard_1467_batch_0.tar	57668096	67418	374396416	275169
9637	8048	AF-0000000204951847	shard_1721_batch_1.tar	60604928	139184	1589604864	1362651
9637	8466	AF-0000000204951850	shard_1695_batch_1.tar	81144832	132278	340014080	1189601
9644	8269	AF-0000000204889484	shard_1849_batch_1.tar	182816768	189457	860554240	2677225
9652	8538	AF-0000000205034437	shard_1313_batch_1.tar	130401792	287806	2025409024	5755825
9658	8539	AF-0000000204227965	shard_1806_batch_2.tar	21166592	170469	389646848	2052532
9660	8503	AF-0000000203596729	shard_1420_batch_0.tar	41339904	46590	138344448	135602
9661	8716	AF-0000000205029727	shard_1483_batch_1.tar	72319488	71792	235744768	337143
9668	8389	AF-0000000204864353	shard_1275_batch_1.tar	127460864	245893	727841280	4246664
9684	8558	AF-0000000204991432	shard_1703_batch_1.tar	27412480	132506	403587584	1273323
9691	8482	AF-0000000204924339	shard_1669_batch_1.tar	59047936	124133	696143872	1107441
9696	8846	AF-0000000205054147	shard_1721_batch_1.tar	129828352	139592	1130794496	1353695
9698	8415	AF-0000000203599922	shard_1248_batch_0.tar	127228928	226631	1551105024	3746169
9704	8808	AF-0000000204738871	shard_1559_batch_0.tar	36755456	93701	202417152	612494
9708	8062	AF-0000000203953605	shard_1436_batch_0.tar	21004288	55330	220716544	198051
9708	8158	AF-0000000203953590	shard_1588_batch_1.tar	97478144	101757	682779648	679141
9708	8595	AF-0000000203953552	shard_1428_batch_0.tar	1344000	51299	119058432	165600
9709	8716	AF-0000000204904611	shard_1471_batch_0.tar	45488640	68088	205787648	293130
9715	8861	AF-0000000204864409	shard_1485_batch_0.tar	14222848	70336	188824064	362827
9720	8316	AF-0000000205000091	shard_1699_batch_1.tar	57003520	135264	600276480	1309043
9722	8051	AF-0000000205006299	shard_1455_batch_0.tar	15244288	63804	362640384	263091
9729	8559	AF-0000000204977538	shard_1481_batch_0.tar	54246400	71297	217033216	340397
9731	8199	AF-0000000203615976	shard_1712_batch_0.tar	96519168	140650	1159128576	1298727
9733	8846	AF-0000000204695043	shard_1827_batch_0.tar	133190656	181539	2070441984	2350723
9736	8982	AF-0000000204875437	shard_1447_batch_0.tar	40022016	59804	228499456	235714
9750	8122	AF-0000000204913238	shard_1419_batch_0.tar	12552704	46600	151988224	112958
9752	8089	AF-0000000204979018	shard_1739_batch_1.tar	63788032	147345	874987520	1527151
9754	8501	AF-0000000205019604	shard_1481_batch_1.tar	5514752	70886	426476032	340047
9755	8292	AF-0000000204796878	shard_1837_batch_1.tar	79739392	188599	2297817600	2397429
9755	8892	AF-0000000204796868	shard_1483_batch_0.tar	61940736	74116	327942656	357465
9756	8716	AF-0000000204900369	shard_1437_batch_0.tar	44382720	56063	248201216	197374
9760	8770	AF-0000000203974184	shard_1418_batch_0.tar	1811456	44465	113363968	108816
9761	8453	AF-0000000204872130	shard_1553_batch_0.tar	89961984	95454	709929984	612691
9774	8249	AF-0000000204869271	shard_1449_batch_0.tar	30008320	60051	196167168	210257
9780	8920	AF-0000000204737899	shard_1431_batch_0.tar	3478016	51780	192400896	171859
9783	8295	AF-0000000204989039	shard_1751_batch_1.tar	47195648	150637	824216064	1605576
9786	8500	AF-0000000204880239	shard_1755_batch_1.tar	130692096	152813	1231375360	1497129
9786	8892	AF-0000000204880144	shard_1753_batch_1.tar	103274496	152483	950077440	1522711
9790	8496	AF-0000000204888906	shard_1593_batch_0.tar	66308608	104095	314309632	784342
9790	8497	AF-0000000204888907	shard_1591_batch_0.tar	36030976	103069	430033408	775617
9802	8262	AF-0000000204908437	shard_1717_batch_1.tar	40303616	137719	1448114176	1332830
9802	8263	AF-0000000204908447	shard_1721_batch_1.tar	81208832	138193	1267931136	1349195
9802	8264	AF-0000000204908444	shard_1741_batch_1.tar	84583936	143809	1209816576	1474680
9805	8318	AF-0000000211179863	shard_1507_batch_0.tar	2574848	79993	538713088	421014
9807	8223	AF-0000000204989139	shard_1719_batch_1.tar	1835520	140562	1317275648	1286391
9807	8412	AF-0000000204989044	shard_1821_batch_1.tar	146479616	176519	580937728	2295707
9807	8625	AF-0000000204989065	shard_1529_batch_1.tar	84476416	87253	347478528	521001
9807	8647	AF-0000000204989053	shard_1589_batch_1.tar	43825152	104695	241845760	723661
9807	8885	AF-0000000204989082	shard_1555_batch_1.tar	41967104	94800	505690112	627066
9809	8690	AF-0000000204202261	shard_1492_batch_1.tar	42371584	75443	457760768	400538
9818	8771	AF-0000000204972650	shard_1555_batch_1.tar	22905344	91142	403022336	530460
9819	8412	AF-0000000205017056	shard_1781_batch_1.tar	46224896	160197	395283968	1852219
9822	8802	AF-0000000204972959	shard_1637_batch_1.tar	18373120	116825	520911872	935602
9824	8069	AF-0000000204684057	shard_1315_batch_0.tar	46945280	295422	3567696384	6000786
9824	8132	AF-0000000204684069	shard_1807_batch_0.tar	135275520	169307	1428636160	2062539
9825	8303	AF-0000000205058711	shard_1279_batch_1.tar	11315200	251005	547408384	4616399
9825	8304	AF-0000000205058690	shard_1279_batch_1.tar	250122752	251319	3592732160	4645775
9825	8986	AF-0000000205058645	shard_1769_batch_1.tar	22768128	156883	652299264	1786329
9826	8827	AF-0000000205004606	shard_1421_batch_1.tar	43670528	46721	108300800	130356
9826	8984	AF-0000000205004560	shard_1425_batch_0.tar	23086080	49739	95936512	150940
9830	8779	AF-0000000204911502	shard_1471_batch_0.tar	27146752	68755	266614784	326607
9837	8870	AF-0000000204960855	shard_1481_batch_0.tar	32405504	72810	158955520	346629
9849	8151	AF-0000000204924714	shard_1473_batch_0.tar	56816128	68723	434416640	305308
9853	8286	AF-0000000204908916	shard_1563_batch_0.tar	68236800	94378	755589120	573784
9853	8668	AF-0000000204909042	shard_1407_batch_0.tar	16624128	31100	95627264	48683
9853	8995	AF-0000000204908841	shard_1471_batch_0.tar	13826048	68931	133526528	288101
9854	8447	AF-0000000204942836	shard_1827_batch_1.tar	93525504	178705	1651463680	2316316
9857	8277	AF-0000000203926283	shard_1560_batch_1.tar	87421440	92564	193815552	564691
9861	8221	AF-0000000204689483	shard_1571_batch_0.tar	40113664	100744	772545536	644234
9861	8850	AF-0000000204689465	shard_1519_batch_0.tar	60431360	85949	292399104	485350
9868	8087	AF-0000000204922681	shard_1451_batch_0.tar	23685632	61670	256539136	245861
9874	8395	AF-0000000205057131	shard_1439_batch_0.tar	47662592	57823	161086464	207458
9876	8642	AF-0000000211579651	shard_1832_batch_1.tar	19054592	181081	1514090496	2389201
9876	8903	AF-0000000211587579	shard_1648_batch_1.tar	20209152	120625	1125410816	1017899
9877	8560	AF-0000000204990794	shard_1447_batch_0.tar	55096320	60591	182226432	224744
9877	8586	AF-0000000204990758	shard_1597_batch_1.tar	44659712	107464	844424192	733057
9882	8223	AF-0000000204977587	shard_1675_batch_1.tar	109773824	126661	397422080	1069284
9884	8357	AF-0000000211180421	shard_1495_batch_1.tar	48579584	76171	221111296	338813
9897	8560	AF-0000000203823203	shard_1506_batch_0.tar	16261632	82933	466882048	425199
9898	8723	AF-0000000203536535	shard_1462_batch_0.tar	23901184	66279	401241088	281277
9900	8764	AF-0000000204889210	shard_1407_batch_0.tar	11850752	27827	80892928	41362
9901	8764	AF-0000000204892028	shard_1407_batch_0.tar	14749696	28187	81273856	40987
9903	8097	AF-0000000211179632	shard_1225_batch_0.tar	192587264	209621	1598333440	3115798
9903	8266	AF-0000000204419078	shard_1225_batch_0.tar	188183040	209715	2526362624	3054071
9903	8286	AF-0000000204418654	shard_1646_batch_2.tar	9819648	117937	465250304	944517
9903	8876	AF-0000000204418931	shard_1512_batch_1.tar	35596288	84479	352221696	466210
9906	8432	AF-0000000205012545	shard_1765_batch_1.tar	154885120	152949	858033152	1756791
9908	8532	AF-0000000204245921	shard_1486_batch_1.tar	42866688	73992	147269632	366001
9908	8560	AF-0000000204245926	shard_1476_batch_1.tar	33125888	71136	345927168	333890
9910	8012	AF-0000000204962118	shard_1481_batch_0.tar	24330752	73592	300864000	331007
9910	8644	AF-0000000204962117	shard_1481_batch_0.tar	10091008	73728	222789120	330461
9916	8879	AF-0000000205011674	shard_1465_batch_0.tar	40490496	68240	295529472	296473
9918	8365	AF-0000000204898248	shard_1709_batch_1.tar	92047360	139061	311012352	1346431
9918	8612	AF-0000000204898134	shard_1713_batch_1.tar	126777344	138442	686159872	1363425
9927	8192	AF-0000000204995894	shard_1639_batch_1.tar	80867840	117070	701483520	939311
9927	8484	AF-0000000204995669	shard_1657_batch_1.tar	24385024	121106	254255616	1021464
9927	8498	AF-0000000204995932	shard_1707_batch_1.tar	96732160	137324	1135339520	1252017
9927	8764	AF-0000000204995910	shard_1477_batch_0.tar	18353152	68920	377150976	280204
9933	8684	AF-0000000204646197	shard_1469_batch_0.tar	1105920	69894	410411008	300124
9934	8196	AF-0000000204885703	shard_1743_batch_1.tar	70267392	149993	754685952	1430547
9934	8240	AF-0000000204885730	shard_1581_batch_0.tar	49858048	97519	229400576	678133
9934	8485	AF-0000000204885702	shard_1501_batch_0.tar	39481344	78442	434200576	386331
9937	8353	AF-0000000204962172	shard_1509_batch_0.tar	30225920	78128	492075520	441534
9942	8262	AF-0000000204901537	shard_1737_batch_1.tar	13910528	140868	1599108096	1454779
9942	8263	AF-0000000204901550	shard_1741_batch_1.tar	116277248	140978	1723425792	1482444
9942	8264	AF-0000000204901547	shard_1761_batch_1.tar	18933248	145889	323686912	1608798
9942	8265	AF-0000000204901555	shard_1737_batch_1.tar	20195328	142009	855965696	1451798
9942	8351	AF-0000000204901551	shard_1757_batch_1.tar	131139072	147518	1735706112	1559201
9950	8329	AF-0000000204268045	shard_1636_batch_2.tar	38022656	118350	196419584	921199
9950	8802	AF-0000000204268031	shard_1636_batch_2.tar	22338560	117491	323108352	939603
9959	8625	AF-0000000205029749	shard_1449_batch_1.tar	55344128	59567	259184128	240298
9959	8885	AF-0000000205029763	shard_1469_batch_1.tar	31161344	67589	169532928	299461
9960	8802	AF-0000000204996471	shard_1655_batch_1.tar	119975936	121768	512888320	1020543
9961	8967	AF-0000000204630296	shard_1667_batch_0.tar	87916032	125495	693406208	1044791
9967	8237	AF-0000000204855328	shard_1831_batch_1.tar	51099648	183267	2089707008	2252837
9968	8936	AF-0000000203708160	shard_1734_batch_0.tar	70872064	148532	356007424	1520360
9969	8584	AF-0000000204629763	shard_1465_batch_0.tar	25328640	66146	231798272	274478
9975	8057	AF-0000000204889577	shard_1671_batch_0.tar	17741312	127004	364135424	1104912
9983	8484	AF-0000000204984472	shard_1559_batch_1.tar	60925952	95491	401820160	604030
9985	8365	AF-0000000204895750	shard_1757_batch_1.tar	108689920	154346	379628032	1664038
9989	8878	AF-0000000204928070	shard_1507_batch_0.tar	45727232	82060	311707648	442684
9994	8097	AF-0000000211179634	shard_1881_batch_0.tar	203531776	204893	790938624	2977839
9994	8802	AF-0000000204267937	shard_1636_batch_2.tar	16009728	117022	125716480	915206
10002	8861	AF-0000000203621060	shard_1482_batch_0.tar	38508544	69656	246195200	361486
10008	8023	AF-0000000204594170	shard_1731_batch_0.tar	132973568	142796	1116399104	1443529
10021	8505	AF-0000000204942981	shard_1445_batch_0.tar	22215168	59947	272160768	223302
10021	8582	AF-0000000204942984	shard_1573_batch_1.tar	36508672	101088	579407872	678275
10021	8633	AF-0000000204943198	shard_1439_batch_0.tar	12820480	57490	272117760	202878
10021	8982	AF-0000000204943051	shard_1447_batch_0.tar	21150720	61544	152942592	232797
10031	8604	AF-0000000204168931	shard_1630_batch_1.tar	98586624	119218	589160960	867557
10037	8040	AF-0000000211179487	shard_1841_batch_1.tar	38107648	185129	1697531392	2510229
10041	8477	AF-0000000204950328	shard_1257_batch_1.tar	147116032	232548	1462745600	3754082
10043	8064	AF-0000000204728491	shard_1819_batch_0.tar	45510144	179006	361430016	2095080
10043	8517	AF-0000000204728480	shard_1309_batch_0.tar	576000	291306	1953757696	5540602
10043	8684	AF-0000000204728524	shard_1815_batch_0.tar	21505536	176666	865378816	2109541
10051	8936	AF-0000000204911007	shard_1663_batch_1.tar	22343168	124452	360886272	1080550
10059	8155	AF-0000000204974905	shard_1275_batch_1.tar	112143872	244810	3129876480	4171159
10059	8513	AF-0000000204974983	shard_1531_batch_0.tar	12120576	85637	652178944	535111
10060	8482	AF-0000000204908497	shard_1659_batch_1.tar	75122688	122067	913846784	1037089
10066	8633	AF-0000000204912545	shard_1425_batch_0.tar	48068096	48735	176222720	150071
10068	8877	AF-0000000204933045	shard_1587_batch_1.tar	74477568	104465	885632512	715859
10069	8160	AF-0000000204924739	shard_1275_batch_1.tar	17069056	248565	2526945280	4560173
10069	8514	AF-0000000204924750	shard_1517_batch_0.tar	77230592	83548	365390848	468413
10072	8625	AF-0000000204244495	shard_1584_batch_2.tar	27335680	100323	155608064	706601
10077	8206	AF-0000000203685252	shard_1690_batch_0.tar	36155392	130517	630231040	1237076
10079	8759	AF-0000000204042229	shard_1708_batch_1.tar	52931072	140596	1322339328	1299866
10085	8447	AF-0000000203988172	shard_1868_batch_1.tar	81862144	197610	2157710848	2868609
10087	8514	AF-0000000204915696	shard_1541_batch_0.tar	48587776	91405	530575360	539084
10089	8036	AF-0000000204948859	shard_1317_batch_1.tar	274066432	304405	3439798784	6152250
10090	8762	AF-0000000211580571	shard_1778_batch_1.tar	146659328	162583	390667776	1884403
10091	8043	AF-0000000203818114	shard_1860_batch_1.tar	70580736	196110	764191744	2785977
10091	8585	AF-0000000203818104	shard_1282_batch_1.tar	187749376	253074	4917126144	4528621
10097	8082	AF-0000000204895878	shard_1829_batch_1.tar	33180672	176548	2396949504	2283447
10098	8484	AF-0000000203643372	shard_1744_batch_0.tar	127574528	149293	489675776	1519110
10103	8511	AF-0000000204998050	shard_1605_batch_1.tar	102846976	108526	865876992	807132
10108	8415	AF-0000000205031334	shard_1775_batch_1.tar	100291584	157074	2001978880	1823518
10112	8936	AF-0000000204765087	shard_1661_batch_0.tar	9972224	124189	908148736	1065004
10116	8023	AF-0000000205024890	shard_1789_batch_1.tar	24493056	160776	1687782400	1850309
10149	8266	AF-0000000204949674	shard_1871_batch_1.tar	55144960	198468	1084398592	2877293
10149	8350	AF-0000000204949686	shard_1575_batch_1.tar	70603264	98339	793849344	681725
10149	8477	AF-0000000204949239	shard_1701_batch_1.tar	88256000	136334	1520102912	1317209
10149	8637	AF-0000000204949442	shard_1431_batch_0.tar	29174784	53801	224128000	179780
10149	8950	AF-0000000204949212	shard_1541_batch_0.tar	71737344	89536	582563328	546506
10151	8286	AF-0000000204971119	shard_1551_batch_1.tar	52124672	92144	347459072	544475
10152	8877	AF-0000000204983369	shard_1409_batch_1.tar	17870336	38109	135032832	73756
10153	8665	AF-0000000204870197	shard_1577_batch_0.tar	74149888	96508	501978112	667821
10153	8667	AF-0000000204870244	shard_1559_batch_0.tar	37434368	93032	440355328	609130
10155	8453	AF-0000000203996366	shard_1578_batch_1.tar	49707520	101580	302181376	689910
10156	8159	AF-0000000205004669	shard_1805_batch_1.tar	33810432	171586	1203841024	2046124
10160	8775	AF-0000000203613612	shard_1486_batch_0.tar	51780096	74660	442370560	366978
10162	8258	AF-0000000204875951	shard_1703_batch_1.tar	35558400	133341	589543424	1270217
10162	8277	AF-0000000204875885	shard_1677_batch_0.tar	28402688	125447	545136640	1146023
10164	8009	AF-0000000203552154	shard_1542_batch_0.tar	86562816	89712	313935872	519730
10164	8290	AF-0000000203552134	shard_1422_batch_0.tar	42995200	48627	192495104	135733
10164	8416	AF-0000000203552135	shard_1422_batch_0.tar	26195456	48556	114071552	140319
10164	8805	AF-0000000203552141	shard_1452_batch_0.tar	29982208	63604	208742400	256269
10169	8405	AF-0000000204915900	shard_1551_batch_0.tar	59633152	93584	702939648	593603
10177	8609	AF-0000000205055224	shard_1621_batch_1.tar	36922880	110933	508532224	827183
10184	8104	AF-0000000204957099	shard_1813_batch_1.tar	116226048	168306	633732608	1992429
10184	8982	AF-0000000204956784	shard_1437_batch_0.tar	51076608	56618	257583104	193736
10188	8978	AF-0000000205055820	shard_1491_batch_1.tar	61826560	74101	332278272	369527
10190	8870	AF-0000000204923633	shard_1463_batch_0.tar	26201088	66710	397706752	261618
10193	8500	AF-0000000204975582	shard_1425_batch_0.tar	2871296	50651	200845824	148714
10193	8560	AF-0000000204975519	shard_1445_batch_0.tar	45532672	60681	112553984	217601
10193	8585	AF-0000000204975502	shard_1843_batch_1.tar	86546432	185155	2271323648	2443839
10193	8877	AF-0000000204975556	shard_1417_batch_0.tar	5259776	45594	201390080	122260
10194	8513	AF-0000000203671267	shard_1478_batch_0.tar	938496	69799	461972480	336050
10201	8089	AF-0000000211179603	shard_1729_batch_1.tar	119106560	144876	668109312	1445044
10206	8477	AF-0000000204417473	shard_1702_batch_2.tar	25279488	137488	408981504	1317216
10209	8054	AF-0000000204887596	shard_1527_batch_0.tar	77932544	86642	556369408	500031
10211	8303	AF-0000000203662942	shard_1826_batch_0.tar	78432768	178074	2180976128	2381219
10211	8684	AF-0000000203662911	shard_1510_batch_0.tar	1459200	82451	513117184	429640
10214	8716	AF-0000000205001304	shard_1461_batch_0.tar	55767552	63003	144369152	276332
10217	8483	AF-0000000204933725	shard_1419_batch_0.tar	4589056	46200	135599616	128341
10221	8411	AF-0000000203904949	shard_1686_batch_1.tar	115129856	131490	1094221312	1128127
10221	8904	AF-0000000203905000	shard_1574_batch_1.tar	17809920	101427	193823232	662336
10234	8528	AF-0000000204977619	shard_1491_batch_0.tar	16768000	75892	201436160	391499
10237	8330	AF-0000000203969925	shard_1446_batch_0.tar	18507776	59691	336689664	235881
10240	8077	AF-0000000211179581	shard_1739_batch_1.tar	145127936	146103	362524672	1536489
10240	8480	AF-0000000204991646	shard_1623_batch_1.tar	37267456	112970	395829760	820785
10240	8910	AF-0000000204991647	shard_1499_batch_1.tar	11050496	76352	153458176	380264
10253	8802	AF-0000000204267865	shard_1636_batch_2.tar	40240640	117297	307979776	918744
10256	8610	AF-0000000205021286	shard_1533_batch_1.tar	41897472	88501	379896832	540953
10260	8366	AF-0000000204932050	shard_1495_batch_0.tar	69222912	73512	355027968	400852
10267	8090	AF-0000000204640850	shard_1777_batch_0.tar	64116736	159219	1595244544	1738067
10267	8503	AF-0000000204640789	shard_1423_batch_0.tar	46406656	47709	139732480	142105
10269	8069	AF-0000000204823530	shard_1305_batch_1.tar	34442240	278251	2202618880	5496260
10269	8262	AF-0000000204823536	shard_1659_batch_0.tar	81966592	120150	580397056	1010864
10269	8734	AF-0000000204823513	shard_1747_batch_0.tar	71620096	150155	808651776	1646952
10284	8656	AF-0000000204655229	shard_1697_batch_0.tar	66452992	133226	1029270016	1273710
10288	8427	AF-0000000203534844	shard_1638_batch_0.tar	84312064	118441	296154624	967454
10289	8511	AF-0000000203510929	shard_1614_batch_0.tar	94756864	112926	690201088	874316
10299	8982	AF-0000000204907602	shard_1479_batch_0.tar	34650624	70621	324045824	352233
10307	8775	AF-0000000204813360	shard_1465_batch_0.tar	32613888	68008	243329536	277996
10308	8262	AF-0000000203931358	shard_1762_batch_1.tar	122939392	151444	846276608	1633035
10308	8263	AF-0000000203931374	shard_1764_batch_1.tar	22908416	151857	924336128	1658380
10313	8612	AF-0000000203677267	shard_1842_batch_0.tar	178003456	185640	1798940672	2487785
10335	8028	AF-0000000204819261	shard_1855_batch_1.tar	24574464	187599	1541193728	2524991
10339	8196	AF-0000000204907789	shard_1743_batch_1.tar	114676224	151807	1635741696	1439034
10339	8240	AF-0000000204907829	shard_1583_batch_0.tar	76928512	99377	272672256	692105
10342	8906	AF-0000000204962230	shard_1507_batch_0.tar	24462848	78482	535681536	442010
10343	8167	AF-0000000205030317	shard_1481_batch_1.tar	11536384	72631	469194240	346747
10343	8492	AF-0000000205030309	shard_1265_batch_1.tar	160595456	242841	1721992704	4054874
10343	8829	AF-0000000205030302	shard_1547_batch_1.tar	72546816	91982	643832832	575978
10343	8984	AF-0000000205030286	shard_1481_batch_1.tar	28153856	71328	175533056	346679
10345	8777	AF-0000000205006351	shard_1593_batch_1.tar	87150080	106252	932187648	766605
10349	8290	AF-0000000203781564	shard_1870_batch_1.tar	96858624	202653	998932992	2917696
10349	8416	AF-0000000203781565	shard_1870_batch_1.tar	84299776	201638	831093248	2917290
10360	8577	AF-0000000203518395	shard_1444_batch_0.tar	44567040	58622	325394944	214839
10366	8529	AF-0000000204970595	shard_1613_batch_1.tar	55772160	106375	545738240	834535
10366	8545	AF-0000000204970569	shard_1549_batch_1.tar	26738688	88132	319090688	565364
10366	8613	AF-0000000204970564	shard_1685_batch_1.tar	125059584	124982	798268416	1169529
10368	8252	AF-0000000204255515	shard_1235_batch_0.tar	122644480	214406	2422031872	3255852
10368	8678	AF-0000000204255488	shard_1828_batch_2.tar	10799616	177396	399196160	2208763
10368	8808	AF-0000000204255452	shard_1728_batch_2.tar	70403072	140966	576075776	1438845
10386	8737	AF-0000000204248731	shard_1800_batch_2.tar	39059456	166627	280012800	2031178
10398	8716	AF-0000000204901116	shard_1441_batch_0.tar	20538368	56824	193188864	202376
10406	8118	AF-0000000203717748	shard_1222_batch_0.tar	92328448	204506	3111172096	3081760
10426	8313	AF-0000000204654703	shard_1243_batch_0.tar	26000896	226599	1049458176	3396095
10426	8788	AF-0000000204654702	shard_1513_batch_0.tar	9095168	83376	279992832	458029
10429	8586	AF-0000000203959651	shard_1858_batch_1.tar	124314112	192557	735684608	2528817
10429	8853	AF-0000000203959645	shard_1824_batch_1.tar	155140608	173931	1459633152	2138877
10449	8501	AF-0000000204927160	shard_1537_batch_0.tar	58022912	88172	616555008	498396
10449	8705	AF-0000000204927183	shard_1581_batch_0.tar	88788480	102003	855492096	689533
10449	8986	AF-0000000204927129	shard_1639_batch_1.tar	94713856	116622	512129536	931713
10454	8277	AF-0000000204933189	shard_1649_batch_1.tar	64156160	115307	527050752	895538
10454	8302	AF-0000000204933105	shard_1659_batch_1.tar	31605760	121505	784283648	932759
10464	8277	AF-0000000205052002	shard_1659_batch_1.tar	69472256	118102	371062784	958693
10466	8936	AF-0000000205000810	shard_1557_batch_1.tar	52434432	96206	322727936	580640
10470	8517	AF-0000000204243723	shard_1245_batch_0.tar	213662720	225418	2571953664	3497567
10470	8851	AF-0000000204243826	shard_1584_batch_2.tar	47504384	98770	166959104	740954
10478	8082	AF-0000000204882709	shard_1587_batch_0.tar	7646720	100484	639525376	707042
10479	8212	AF-0000000204945260	shard_1573_batch_1.tar	28622336	98268	401469952	679925
10482	8971	AF-0000000205037314	shard_1793_batch_1.tar	40902656	164544	1713887744	1885862
10483	8192	AF-0000000204959069	shard_1637_batch_1.tar	62883840	116397	975508480	936266
10483	8498	AF-0000000204959093	shard_1707_batch_1.tar	8384000	136537	1494489088	1324542
10483	8764	AF-0000000204959084	shard_1477_batch_0.tar	37298176	68215	458844160	277060
10499	8936	AF-0000000204902511	shard_1547_batch_0.tar	74300928	92518	658247168	575227
10504	8125	AF-0000000204924819	shard_1857_batch_1.tar	131140096	192413	772002816	2499618
10504	8538	AF-0000000204924764	shard_1227_batch_1.tar	121475584	206121	615032320	3161520
10519	8559	AF-0000000203758638	shard_1532_batch_0.tar	60403200	85925	637818880	557623
10528	8277	AF-0000000204885102	shard_1671_batch_0.tar	102821376	120426	681659904	995075
10528	8389	AF-0000000204885096	shard_1825_batch_1.tar	89696768	173016	1456374272	2090494
10528	8830	AF-0000000204885058	shard_1553_batch_0.tar	46049792	90860	594117632	587000
10530	8529	AF-0000000204937722	shard_1497_batch_0.tar	53998592	77073	378521600	404206
10530	8623	AF-0000000204937731	shard_1479_batch_0.tar	48762368	71157	450213376	339017
10532	8013	AF-0000000211179269	shard_1591_batch_0.tar	39065088	102343	735816704	734438
10532	8156	AF-0000000211179736	shard_1517_batch_0.tar	56722944	80713	313562112	449460
10532	8447	AF-0000000211195132	shard_1887_batch_0.tar	6104064	208226	3248181760	3232117
10532	8492	AF-0000000211218171	shard_1269_batch_0.tar	150820352	243893	2712744448	4030977
10532	8737	AF-0000000211580560	shard_1717_batch_0.tar	101919744	137753	1448531456	1340308
10537	8586	AF-0000000205035996	shard_1749_batch_1.tar	52481024	150549	1689169920	1499817
10539	8637	AF-0000000204100371	shard_1554_batch_1.tar	86740992	89731	777898496	578904
10539	8855	AF-0000000204100322	shard_1556_batch_1.tar	25332224	90467	688188928	612678
10539	8876	AF-0000000204100387	shard_1624_batch_1.tar	107187200	109456	532372480	852572
10541	8477	AF-0000000204387404	shard_1754_batch_2.tar	6213632	151103	685388800	1676605
10541	8950	AF-0000000204387392	shard_1602_batch_2.tar	33202688	105172	484526592	774960
10546	8048	AF-0000000204923954	shard_1631_batch_1.tar	81794048	112907	249701888	905360
10546	8466	AF-0000000204923963	shard_1601_batch_0.tar	42700288	105388	342569472	775273
10551	8123	AF-0000000205035746	shard_1313_batch_1.tar	91377664	287152	2366340096	5612146
10554	8313	AF-0000000204249426	shard_1303_batch_0.tar	19248640	280402	5273260032	5374324
10554	8788	AF-0000000204249425	shard_1710_batch_2.tar	57025536	137746	570785792	1279553
10558	8643	AF-0000000205011108	shard_1247_batch_1.tar	25467392	224535	1670890496	3688330
10561	8196	AF-0000000211179782	shard_1287_batch_0.tar	87024128	262819	3243566592	4389092
10571	8709	AF-0000000204865776	shard_1663_batch_0.tar	105711616	121830	759416832	1021551
10573	8604	AF-0000000204973980	shard_1611_batch_1.tar	82306560	110760	861569024	811667
10573	8684	AF-0000000204973973	shard_1531_batch_0.tar	57353728	87229	615744000	505846
10576	8252	AF-0000000211179828	shard_1795_batch_1.tar	102054400	164437	1082388480	1935106
10585	8408	AF-0000000204892247	shard_1227_batch_1.tar	118923776	210406	2033601024	3229538
10585	8601	AF-0000000204892149	shard_1635_batch_0.tar	19162624	115437	723533312	894718
10585	8748	AF-0000000204892275	shard_1587_batch_0.tar	6204416	103022	509282304	722830
10591	8042	AF-0000000204241622	shard_1618_batch_2.tar	47150080	110946	472399360	871976
10591	8132	AF-0000000204241688	shard_1812_batch_2.tar	48989184	170070	703092736	2141164
10591	8313	AF-0000000204241694	shard_1289_batch_0.tar	21864448	264305	2702352384	4855940
10591	8352	AF-0000000204241670	shard_1875_batch_0.tar	158213632	200790	2987354112	2862045
10591	8577	AF-0000000204241626	shard_1556_batch_1.tar	27229696	94464	774912000	602793
10592	8290	AF-0000000204887639	shard_1717_batch_1.tar	31904768	138777	382999552	1294431
10592	8416	AF-0000000204887640	shard_1717_batch_1.tar	44788224	138746	561243648	1313780
10593	8975	AF-0000000204899987	shard_1777_batch_1.tar	27162624	157076	938966528	1850676
10605	8441	AF-0000000203933827	shard_1706_batch_1.tar	121034240	136085	828768768	1282804
10619	8586	AF-0000000204887655	shard_1645_batch_0.tar	21884928	120649	487750656	961734
10620	8625	AF-0000000204919032	shard_1525_batch_0.tar	66884608	86508	282937856	503694
10624	8304	AF-0000000204960390	shard_1773_batch_1.tar	53091328	155727	1326201344	1852595
10628	8582	AF-0000000204311257	shard_1568_batch_1.tar	80386560	99810	316938752	642984
10628	8585	AF-0000000204311247	shard_1865_batch_0.tar	44790784	198324	979111424	2744627
10632	8395	AF-0000000204631222	shard_1487_batch_0.tar	50360832	73495	387294720	338188
10636	8145	AF-0000000204918403	shard_1653_batch_1.tar	2058752	120855	647995904	1012246
10637	8277	AF-0000000204981725	shard_1655_batch_1.tar	115707904	118225	981748736	934881
10642	8005	AF-0000000204941930	shard_1583_batch_1.tar	81955328	103509	423892480	704146
10643	8877	AF-0000000204975107	shard_1421_batch_0.tar	39622144	47198	97110528	134903
10644	8560	AF-0000000204931016	shard_1443_batch_0.tar	6487552	60471	142056448	214620
10651	8562	AF-0000000205045537	shard_1639_batch_1.tar	27497472	117981	950170624	933327
10659	8038	AF-0000000211179435	shard_1674_batch_1.tar	76395520	129186	558789632	1148879
10663	8498	AF-0000000204928642	shard_1715_batch_1.tar	101642752	140872	475453440	1341067
10663	8924	AF-0000000204928589	shard_1557_batch_0.tar	7607296	95325	356475392	587726
10671	8684	AF-0000000204888396	shard_1805_batch_1.tar	91357696	174785	715378688	2059146
10675	8951	AF-0000000205029388	shard_1517_batch_1.tar	7037952	82965	406096384	441713
10678	8258	AF-0000000211179832	shard_1804_batch_1.tar	122400256	166343	1707983872	1762800
10679	8982	AF-0000000204518817	shard_1420_batch_2.tar	15960064	47227	102020608	133928
10683	8832	AF-0000000204879368	shard_1505_batch_0.tar	42272768	78988	497171968	404373
10683	8876	AF-0000000204879482	shard_1461_batch_0.tar	65189376	65946	383640064	284639
10686	8886	AF-0000000204899345	shard_1435_batch_0.tar	50629632	56959	149529088	190140
10688	8206	AF-0000000204894381	shard_1419_batch_0.tar	35562496	45774	199608832	120232
10688	8511	AF-0000000204894361	shard_1415_batch_0.tar	1756672	43398	108544000	115384
10688	8628	AF-0000000204894375	shard_1507_batch_0.tar	54543360	81510	394083328	421538
10688	8797	AF-0000000204894358	shard_1427_batch_0.tar	9048576	49398	190722048	156704
10688	8876	AF-0000000204894403	shard_1461_batch_0.tar	4935680	65743	372933632	285556
10693	8700	AF-0000000204454778	shard_1410_batch_2.tar	11749888	37834	38218752	85808
10703	8764	AF-0000000204978547	shard_1407_batch_1.tar	26952192	28560	94957056	44418
10710	8968	AF-0000000204877666	shard_1559_batch_0.tar	7680512	97411	329779712	600328
10711	8206	AF-0000000204580537	shard_1419_batch_0.tar	6984704	46944	92055552	128177
10711	8705	AF-0000000204580560	shard_1421_batch_0.tar	46129664	48590	118595584	138149
10711	8986	AF-0000000204580470	shard_1454_batch_2.tar	16727552	63283	165060096	239489
10712	8121	AF-0000000204913305	shard_1785_batch_1.tar	80267776	162201	1039059456	1959733
10715	8982	AF-0000000205005567	shard_1413_batch_1.tar	30065664	41180	170541568	96695
10715	8995	AF-0000000205005523	shard_1477_batch_0.tar	69174784	70645	184321024	319390
10727	8160	AF-0000000204064286	shard_1240_batch_1.tar	202766848	221095	859894784	3502996
10729	8266	AF-0000000204966759	shard_1871_batch_1.tar	54946816	197536	2917825024	2790509
10730	8501	AF-0000000204956203	shard_1431_batch_0.tar	20727808	51028	175844352	166606
10730	8623	AF-0000000204956283	shard_1481_batch_0.tar	47838208	71850	352859136	328205
10730	8870	AF-0000000204956113	shard_1487_batch_0.tar	68620288	75382	357777408	347567
10732	8286	AF-0000000204966867	shard_1607_batch_1.tar	8275456	105267	291711488	768026
10739	8558	AF-0000000204998082	shard_1565_batch_1.tar	40033280	94752	236123136	648472
10741	8192	AF-0000000203817391	shard_1668_batch_1.tar	99468288	125983	507425280	1164473
10741	8498	AF-0000000203817415	shard_1734_batch_1.tar	68436480	145738	1404245504	1444735
10742	8581	AF-0000000204536173	shard_1717_batch_0.tar	128047104	138942	924014592	1390628
10742	8637	AF-0000000204536362	shard_1478_batch_2.tar	24191488	71748	117589504	338810
10745	8368	AF-0000000211180426	shard_1277_batch_0.tar	203586560	252165	3600025600	4609681
10746	8031	AF-0000000204976237	shard_1633_batch_1.tar	33612288	118429	414989312	952100
10746	8363	AF-0000000204975943	shard_1569_batch_1.tar	94775808	99618	841250816	664832
10746	8461	AF-0000000204975953	shard_1715_batch_1.tar	55062528	137796	946103808	1342186
10746	8981	AF-0000000204976263	shard_1457_batch_0.tar	31096832	64195	278624768	248523
10747	8995	AF-0000000204947719	shard_1573_batch_1.tar	10180096	99916	712484864	692653
10750	8559	AF-0000000205029857	shard_1519_batch_1.tar	2781184	82241	495476736	505045
10751	8820	AF-0000000205031257	shard_1421_batch_0.tar	8364544	46377	142408192	143245
10756	8317	AF-0000000204321033	shard_1436_batch_1.tar	13299200	54524	281653760	198533
10756	8582	AF-0000000204320557	shard_1536_batch_1.tar	12737536	88196	623505920	517872
10756	8705	AF-0000000204320941	shard_1430_batch_1.tar	8903680	52499	129608192	180718
10761	8048	AF-0000000203453931	shard_1630_batch_0.tar	61552128	112995	904326144	901796
10761	8466	AF-0000000203453940	shard_1600_batch_0.tar	87513600	105889	699957248	774324
10771	8118	AF-0000000204921797	shard_1667_batch_1.tar	55639040	124137	773177856	1096821
10771	8378	AF-0000000211180431	shard_1543_batch_0.tar	3919360	90069	341857280	549523
10771	8379	AF-0000000204921787	shard_1499_batch_0.tar	26619392	76756	233447936	387819
10778	8067	AF-0000000211179563	shard_1449_batch_0.tar	45811712	59446	187008000	240902
10779	8121	AF-0000000203808750	shard_1708_batch_1.tar	48808960	136542	1067289600	1330349
10782	8156	AF-0000000203842224	shard_1434_batch_0.tar	21124096	52924	166349312	189736
10782	8353	AF-0000000203842221	shard_1514_batch_0.tar	27844608	79383	299564032	465891
10782	8545	AF-0000000203842209	shard_1418_batch_0.tar	15476736	44911	104200192	124981
10782	8577	AF-0000000203842148	shard_1420_batch_0.tar	9207296	47490	119661568	140232
10782	8613	AF-0000000203842185	shard_1518_batch_0.tar	51382272	81878	379278336	479446
10782	8820	AF-0000000203842251	shard_1418_batch_0.tar	44546048	44930	89835008	124853
10782	8846	AF-0000000203842143	shard_1560_batch_0.tar	18816512	96500	690262528	611689
10784	8195	AF-0000000205050213	shard_1669_batch_1.tar	72599040	125136	649103872	1134209
10787	8802	AF-0000000204940626	shard_1665_batch_1.tar	78822912	124890	845827584	1085445
10791	8503	AF-0000000204431592	shard_1458_batch_1.tar	5739008	61534	247995392	258473
10799	8737	AF-0000000204969021	shard_1813_batch_1.tar	50637824	168666	555962368	2054868
10809	8430	AF-0000000203721959	shard_1300_batch_0.tar	13185024	274763	5051426816	5461034
10809	8900	AF-0000000203722011	shard_1744_batch_0.tar	90217984	147863	913340928	1635720
10812	8802	AF-0000000204917678	shard_1635_batch_1.tar	66161664	116555	239734784	926070
10813	8104	AF-0000000205056063	shard_1257_batch_1.tar	13209088	226402	3435528704	3673134
10815	8145	AF-0000000204903941	shard_1653_batch_1.tar	50487808	120741	869853184	1002657
10820	8176	AF-0000000204771142	shard_1543_batch_0.tar	84540928	91397	279397376	572049
10820	8511	AF-0000000204771194	shard_1425_batch_0.tar	29073408	49799	195851264	144841
10821	8447	AF-0000000203994427	shard_1298_batch_1.tar	75912704	265646	2702558720	5367865
10828	8206	AF-0000000204062479	shard_1502_batch_1.tar	512	79647	423103488	415179
10828	8282	AF-0000000204062462	shard_1844_batch_2.tar	33820672	188084	326010880	2471677
10839	8878	AF-0000000203733432	shard_1842_batch_0.tar	15486464	188395	1675725824	2443701
10843	8504	AF-0000000204906385	shard_1771_batch_1.tar	107222528	154738	1066231808	1592123
10850	8036	AF-0000000203461086	shard_1220_batch_0.tar	202561536	204555	703851008	2817558
10859	8772	AF-0000000205060861	shard_1521_batch_1.tar	12751872	80650	534169600	470429
10875	8236	AF-0000000204935784	shard_1695_batch_1.tar	3341312	133116	604712448	1269096
10887	8876	AF-0000000204910010	shard_1747_batch_1.tar	63995904	147683	1283198976	1641070
10888	8055	AF-0000000203795019	shard_1788_batch_1.tar	101214720	160263	747576832	1926370
10888	8192	AF-0000000203795080	shard_1638_batch_0.tar	56860672	117255	394520064	937934
10888	8498	AF-0000000203795096	shard_1706_batch_0.tar	30345216	137460	1474721280	1250923
10889	8300	AF-0000000204930523	shard_1225_batch_1.tar	156388352	210306	1654749696	2957975
10910	8539	AF-0000000204227854	shard_1806_batch_2.tar	46736896	170310	293187584	2052777
10916	8579	AF-0000000204926335	shard_1629_batch_1.tar	15524352	113761	287592960	837901
10916	8634	AF-0000000204926333	shard_1657_batch_1.tar	12503040	123803	430920704	999310
10917	8301	AF-0000000204974211	shard_1821_batch_1.tar	66662400	176561	655837184	2160221
10918	8353	AF-0000000204947002	shard_1518_batch_0.tar	70657536	81257	624080384	469654
10918	8577	AF-0000000203845266	shard_1424_batch_0.tar	18065920	49078	213974528	146059
10918	8613	AF-0000000204881634	shard_1524_batch_0.tar	60057088	83904	360752128	486215
10918	8820	AF-0000000203845362	shard_1422_batch_0.tar	23465984	47007	120388096	138956
10918	8984	AF-0000000203845265	shard_1420_batch_0.tar	23119360	46814	147909632	138744
10919	8642	AF-0000000203569130	shard_1642_batch_0.tar	116104192	117756	481078272	979919
10919	8909	AF-0000000204881735	shard_1530_batch_0.tar	39287296	86907	473394176	522024
10921	8196	AF-0000000204948185	shard_1745_batch_1.tar	48835584	151833	1009564160	1442911
10921	8240	AF-0000000204948224	shard_1583_batch_1.tar	97462272	99331	751337472	695516
10931	8104	AF-0000000205026167	shard_1837_batch_1.tar	108093952	179140	2128519168	2203489
10931	8303	AF-0000000205026124	shard_1827_batch_1.tar	66460672	180189	2487824896	2445845
10933	8950	AF-0000000204492728	shard_1528_batch_2.tar	27747840	86163	165687296	486928
10934	8982	AF-0000000204977805	shard_1427_batch_0.tar	16589824	51934	174285824	156826
10956	8414	AF-0000000204224780	shard_1764_batch_2.tar	70914048	155411	822647296	1640436
10958	8577	AF-0000000205007717	shard_1551_batch_1.tar	85231616	92723	420161024	567980
10959	8802	AF-0000000204918561	shard_1659_batch_1.tar	74750464	123198	774828544	1047161
10961	8089	AF-0000000211179605	shard_1728_batch_2.tar	35103232	144535	753478144	1459156
10964	8727	AF-0000000203761463	shard_1252_batch_0.tar	25182720	228782	762283520	4023079
10965	8586	AF-0000000203719639	shard_1808_batch_0.tar	93697536	171482	1571328000	2091459
10980	8716	AF-0000000204900016	shard_1535_batch_0.tar	27428864	87806	192614912	512718
10981	8325	AF-0000000204992408	shard_1703_batch_1.tar	23749632	134288	1187691008	1243223
10984	8764	AF-0000000204892423	shard_1407_batch_0.tar	8322048	27610	107648000	41461
10985	8240	AF-0000000205030890	shard_1581_batch_1.tar	31971840	98318	701954560	679581
10996	8289	AF-0000000203646881	shard_1740_batch_0.tar	79350784	147242	1092693504	1503579
11008	8950	AF-0000000204229702	shard_1588_batch_1.tar	46022144	102331	384731136	686782
11008	8982	AF-0000000204229712	shard_1458_batch_1.tar	1366016	64686	221074432	275220
11010	8498	AF-0000000204939153	shard_1715_batch_1.tar	103462400	141760	795957248	1340732
11013	8665	AF-0000000204916927	shard_1437_batch_0.tar	35289600	56056	173288960	192187
11013	8886	AF-0000000204916966	shard_1449_batch_0.tar	18005504	62945	161196032	243878
11020	8484	AF-0000000204156040	shard_1606_batch_1.tar	104664576	108042	368683008	780831
11020	8622	AF-0000000204156173	shard_1504_batch_1.tar	25919488	78438	311165440	405364
11020	8643	AF-0000000204156045	shard_1770_batch_2.tar	5187584	155604	275953152	1787352
11020	8668	AF-0000000204156108	shard_1446_batch_1.tar	9146368	58913	265717760	220883
11020	8989	AF-0000000204156097	shard_1502_batch_1.tar	49830912	78416	466780160	401096
11024	8670	AF-0000000204926779	shard_1573_batch_1.tar	37617152	99170	718470144	638627
11031	8936	AF-0000000204964247	shard_1721_batch_1.tar	12273152	138614	1143200768	1438183
11038	8216	AF-0000000203902265	shard_1498_batch_1.tar	21740032	76629	388619776	396561
11040	8665	AF-0000000204872446	shard_1413_batch_0.tar	5427200	40818	151017984	98405
11044	8508	AF-0000000204967214	shard_1785_batch_1.tar	97677824	164944	987084800	1894932
11054	8160	AF-0000000204969056	shard_1225_batch_1.tar	154073088	211513	2198532096	3109139
11066	8716	AF-0000000203518550	shard_1474_batch_0.tar	18578944	68346	202256896	311017
11072	8353	AF-0000000203837670	shard_1514_batch_0.tar	78271488	78937	249772544	474370
11072	8545	AF-0000000204927905	shard_1418_batch_0.tar	1719808	44497	148733440	134029
11072	8577	AF-0000000203843965	shard_1422_batch_0.tar	44117504	46858	181784576	139684
11072	8613	AF-0000000203837635	shard_1520_batch_0.tar	76123648	81464	359810048	483362
11072	8820	AF-0000000203837707	shard_1420_batch_0.tar	16607232	44478	188687360	133802
11072	8984	AF-0000000203837605	shard_1418_batch_0.tar	21371392	44260	206695936	124181
11076	8078	AF-0000000204987518	shard_1829_batch_1.tar	136357376	181503	1139676160	2392053
11076	8369	AF-0000000204987521	shard_1803_batch_1.tar	851968	173800	360903168	2136901
11089	8730	AF-0000000204943828	shard_1441_batch_0.tar	28257280	57625	238530560	213904
11089	8843	AF-0000000204943824	shard_1421_batch_0.tar	34577408	47400	218276352	129663
11092	8477	AF-0000000204902550	shard_1699_batch_1.tar	108536832	136110	1424239104	1281572
11093	8041	AF-0000000204948248	shard_1865_batch_1.tar	180838400	197847	1759944704	2786692
11099	8280	AF-0000000205019660	shard_1253_batch_1.tar	2058240	229297	803110912	3891757
11100	8623	AF-0000000203818754	shard_1770_batch_1.tar	122846720	155846	1261170176	1632787
11111	8013	AF-0000000204713505	shard_1587_batch_0.tar	39975936	101489	688243200	696130
11111	8407	AF-0000000204713673	shard_1569_batch_0.tar	48477696	97930	304758272	665003
11111	8748	AF-0000000204713651	shard_1479_batch_0.tar	60873216	70133	345089024	326810
11111	8761	AF-0000000204713499	shard_1687_batch_0.tar	72472576	127682	1224516096	1182774
11113	8676	AF-0000000203780335	shard_1624_batch_0.tar	106271232	110340	1019884544	869105
11117	8684	AF-0000000205020127	shard_1539_batch_1.tar	65551360	90401	633247744	541727
11118	8982	AF-0000000203644180	shard_1676_batch_0.tar	54705152	127520	1290415616	1073043
11120	8221	AF-0000000204920227	shard_1575_batch_1.tar	20286976	99816	635723776	674416
11126	8620	AF-0000000205040864	shard_1729_batch_1.tar	139850240	141529	414027264	1400068
11128	8870	AF-0000000204862591	shard_1571_batch_0.tar	73747968	100923	556475392	662902
11128	8986	AF-0000000204862605	shard_1593_batch_0.tar	17429504	104825	266167808	727119
11129	8121	AF-0000000203979082	shard_1786_batch_1.tar	49632256	162535	921021440	2003235
11132	8353	AF-0000000203869955	shard_1640_batch_1.tar	3415552	115416	427811328	985748
11132	8613	AF-0000000203869953	shard_1646_batch_1.tar	23522816	118058	1049426432	976452
11137	8121	AF-0000000205022979	shard_1805_batch_1.tar	150448640	168473	1031610880	2142920
11151	8668	AF-0000000203731295	shard_1420_batch_0.tar	24316416	47345	169565696	135123
11154	8100	AF-0000000204699438	shard_1867_batch_0.tar	194456064	199715	2192576000	2780016
11157	8895	AF-0000000205040964	shard_1641_batch_1.tar	88128000	119547	751292416	992455
11157	8964	AF-0000000205040971	shard_1587_batch_1.tar	1040384	105019	521744896	763394
11161	8870	AF-0000000204985181	shard_1457_batch_0.tar	28785152	66130	145376768	268092
11162	8625	AF-0000000205020168	shard_1489_batch_1.tar	43726848	75214	213142016	383291
11162	8885	AF-0000000205020183	shard_1513_batch_1.tar	6023168	83368	182045184	460813
11168	8004	AF-0000000204594295	shard_1589_batch_0.tar	82141696	104230	511914496	691046
11173	8254	AF-0000000203917645	shard_1318_batch_1.tar	78567936	307064	6348303360	6464887
11174	8502	AF-0000000203524396	shard_1648_batch_0.tar	19815424	118448	1069249536	951230
11195	8737	AF-0000000204829691	shard_1271_batch_1.tar	69096448	243732	2764580864	4504371
11210	8584	AF-0000000203503214	shard_1492_batch_0.tar	61920256	75005	433763328	380237
11214	8416	AF-0000000205016229	shard_1471_batch_1.tar	29796352	69180	312235008	290292
11220	8090	AF-0000000204680302	shard_1779_batch_0.tar	44174336	160758	1744930816	1755683
11220	8125	AF-0000000204680296	shard_1701_batch_0.tar	118670336	134020	933706752	1236179
11221	8532	AF-0000000205013862	shard_1511_batch_1.tar	165888	83821	574307840	437974
11239	8877	AF-0000000205006467	shard_1409_batch_1.tar	26973184	36380	122832384	74373
11253	8125	AF-0000000204888606	shard_1859_batch_1.tar	149656576	195076	2683289600	2567262
11261	8877	AF-0000000204894075	shard_1481_batch_0.tar	71056384	72516	212941824	336236
11265	8716	AF-0000000204876646	shard_1605_batch_0.tar	12244480	107008	395985408	802742
11273	8432	AF-0000000205033199	shard_1789_batch_1.tar	112896000	162098	1669071872	1961571
11279	8441	AF-0000000203933787	shard_1704_batch_1.tar	86422528	135107	1304590848	1266118
11286	8625	AF-0000000204864858	shard_1525_batch_0.tar	77410816	85093	368630784	492235
11286	8647	AF-0000000204864845	shard_1585_batch_0.tar	204288	103162	454086656	719910
11287	8716	AF-0000000204827268	shard_1543_batch_0.tar	1817600	90038	204594688	533913
11292	8553	AF-0000000204917046	shard_1605_batch_0.tar	61169664	108563	822578688	848705
11296	8223	AF-0000000204903321	shard_1279_batch_1.tar	151597568	251276	2413891584	4363077
11322	8277	AF-0000000204919236	shard_1647_batch_0.tar	13485568	113382	991411200	889449
11322	8302	AF-0000000204919224	shard_1657_batch_1.tar	100545024	119813	809082368	929583
11322	8869	AF-0000000204919253	shard_1479_batch_0.tar	54093312	68760	375877120	319128
11328	8067	AF-0000000205010707	shard_1453_batch_0.tar	10675200	62207	353511424	242445
11328	8412	AF-0000000205010691	shard_1785_batch_1.tar	120132096	163288	1662820864	1918320
11329	8285	AF-0000000204901655	shard_1833_batch_1.tar	169180160	181522	573225984	2314878
11329	8661	AF-0000000204901676	shard_1695_batch_1.tar	116406784	132441	1162894848	1125077
11330	8048	AF-0000000204918586	shard_1637_batch_1.tar	58551296	112985	272092672	910337
11330	8466	AF-0000000204918594	shard_1607_batch_1.tar	44928000	105712	622364160	769726
11333	8316	AF-0000000205023718	shard_1721_batch_1.tar	123762176	141679	894167552	1455615
11333	8972	AF-0000000205023711	shard_1307_batch_1.tar	144473600	285085	5866472448	5601792
11338	8089	AF-0000000204898490	shard_1739_batch_1.tar	130399744	147187	561420800	1529916
11340	8716	AF-0000000205031827	shard_1473_batch_1.tar	47357440	68402	295697920	292055
11349	8802	AF-0000000204920269	shard_1637_batch_1.tar	45200896	117469	505945088	916193
11353	8878	AF-0000000203739495	shard_1576_batch_0.tar	39680000	101396	452455424	693607
11362	8049	AF-0000000204882940	shard_1267_batch_1.tar	177858560	242332	1782159872	4480570
11362	8498	AF-0000000204882906	shard_1715_batch_1.tar	115609088	140988	759975424	1343440
11362	8924	AF-0000000204882838	shard_1557_batch_0.tar	94150144	95821	472078848	587007
11362	8978	AF-0000000204882911	shard_1635_batch_0.tar	109137920	115113	710616576	892696
11370	8108	AF-0000000204937881	shard_1637_batch_1.tar	25990144	116141	804011520	935027
11370	8952	AF-0000000204937828	shard_1453_batch_0.tar	12435456	61012	152575488	233603
11375	8301	AF-0000000205013567	shard_1813_batch_1.tar	3828736	173035	1703392256	2125532
11375	8539	AF-0000000205013541	shard_1821_batch_1.tar	133040128	176196	445509632	2217605
11375	8619	AF-0000000205013568	shard_1471_batch_1.tar	56366080	68403	248100864	298438
11379	8277	AF-0000000204920294	shard_1561_batch_0.tar	46072832	92105	799302656	581180
11380	8113	AF-0000000203680196	shard_1744_batch_0.tar	21828096	145767	914977280	1502941
11383	8050	AF-0000000203992210	shard_1690_batch_1.tar	62455296	130351	939689984	1185368
11383	8405	AF-0000000203992205	shard_1502_batch_1.tar	75642368	79024	304050688	406252
11385	8392	AF-0000000204947038	shard_1619_batch_1.tar	61197824	113840	508605440	872538
11399	8093	AF-0000000204869816	shard_1521_batch_0.tar	69692416	85266	554455040	478260
11400	8802	AF-0000000205009529	shard_1637_batch_1.tar	86528512	116878	1156228608	918552
11411	8829	AF-0000000203993408	shard_1472_batch_0.tar	43443712	67958	297379840	318860
11413	8577	AF-0000000203844026	shard_1425_batch_0.tar	5082624	49118	161612800	152382
11418	8271	AF-0000000205027895	shard_1833_batch_1.tar	119885312	181384	2339836416	2360147
11418	8538	AF-0000000205027832	shard_1851_batch_1.tar	63343616	183189	2183161344	2527990
11418	8716	AF-0000000205027881	shard_1495_batch_1.tar	18076672	74800	342219264	346346
11419	8577	AF-0000000203843977	shard_1556_batch_1.tar	77383168	94750	511966208	607561
11422	8625	AF-0000000204796929	shard_1505_batch_0.tar	55223808	80653	183917056	449559
11422	8647	AF-0000000204796918	shard_1563_batch_0.tar	16836608	98062	424947712	626622
11423	8855	AF-0000000204992442	shard_1519_batch_1.tar	72444928	84394	571992064	466119
11424	8582	AF-0000000204399491	shard_1548_batch_2.tar	45779456	93265	255200768	570272
11427	8245	AF-0000000204996136	shard_1517_batch_1.tar	81425920	83642	367899648	467013
11433	8931	AF-0000000205008142	shard_1801_batch_1.tar	111176704	166052	2291579904	2064181
11442	8857	AF-0000000204943322	shard_1589_batch_1.tar	48998912	102441	666331648	735345
11446	8395	AF-0000000204890216	shard_1419_batch_0.tar	33592832	46075	116369408	123282
11446	8907	AF-0000000204890281	shard_1443_batch_0.tar	9360896	58253	218159104	207519
11450	8625	AF-0000000205016275	shard_1445_batch_0.tar	21143040	58381	160573440	228647
11450	8647	AF-0000000205016258	shard_1491_batch_1.tar	66660864	76012	316710400	387539
11450	8969	AF-0000000205016261	shard_1661_batch_1.tar	10990592	123686	381087744	1050119
11454	8716	AF-0000000204878494	shard_1441_batch_0.tar	19090944	57014	300054016	197666
11456	8936	AF-0000000205030918	shard_1543_batch_1.tar	53618688	92513	533619200	519849
11457	8196	AF-0000000204880278	shard_1745_batch_1.tar	109206016	151232	522312704	1445623
11459	8936	AF-0000000203551643	shard_1798_batch_0.tar	27951616	167707	1862113792	1971899
11463	8877	AF-0000000204591640	shard_1411_batch_0.tar	962560	40359	163335168	88305
11466	8484	AF-0000000204891128	shard_1529_batch_0.tar	67299840	86866	427184128	481438
11468	8472	AF-0000000204583470	shard_1506_batch_2.tar	14433792	80321	130061312	422499
11471	8405	AF-0000000205020643	shard_1551_batch_1.tar	52774912	93872	748734464	604592
11472	8586	AF-0000000204921027	shard_1649_batch_1.tar	7828480	121003	394972160	993496
11475	8653	AF-0000000204880337	shard_1493_batch_0.tar	5284352	75260	283413504	384088
11483	8877	AF-0000000204931197	shard_1439_batch_0.tar	22964224	55870	228626432	206543
11484	8089	AF-0000000211179606	shard_1731_batch_1.tar	110143488	145028	1429594112	1474082
11484	8301	AF-0000000204873183	shard_1789_batch_1.tar	70018560	163882	2102649344	1828780
11486	8048	AF-0000000204873988	shard_1631_batch_0.tar	107273728	112664	535023616	903476
11486	8466	AF-0000000204874003	shard_1601_batch_0.tar	58870784	105378	643154944	772667
11486	8619	AF-0000000204874021	shard_1469_batch_0.tar	50178048	68109	401694720	297029
11487	8765	AF-0000000204786150	shard_1831_batch_0.tar	89215488	182076	949719040	2437871
11493	8982	AF-0000000204944762	shard_1429_batch_0.tar	17581568	51752	247797760	170846
11495	8259	AF-0000000204935803	shard_1505_batch_0.tar	60663808	81471	521498624	417466
11496	8503	AF-0000000205001471	shard_1619_batch_1.tar	36924928	110081	804086784	830328
11496	8905	AF-0000000205001419	shard_1641_batch_1.tar	58152448	117878	716009472	944967
11498	8802	AF-0000000204987584	shard_1637_batch_1.tar	66982912	116878	1087133696	924287
11506	8278	AF-0000000204919294	shard_1549_batch_0.tar	64731136	93128	435732992	573843
11506	8707	AF-0000000204919258	shard_1243_batch_1.tar	4896256	216506	2040723968	3689818
11506	8910	AF-0000000204919269	shard_1487_batch_0.tar	66169344	73699	266439680	338850
11519	8566	AF-0000000204891503	shard_1493_batch_0.tar	12562432	73755	340212736	378720
11521	8680	AF-0000000211580455	shard_1698_batch_1.tar	26605568	134465	873011712	1236166
11530	8100	AF-0000000203838252	shard_1760_batch_1.tar	4152320	153266	1173569536	1674018
11530	8156	AF-0000000203838330	shard_1440_batch_0.tar	12228096	54554	176052736	208290
11530	8577	AF-0000000203838248	shard_1426_batch_0.tar	29038592	49128	234349568	153153
11530	8984	AF-0000000203838246	shard_1422_batch_0.tar	32970752	46354	192774144	136064
11532	8779	AF-0000000205002623	shard_1791_batch_1.tar	52385792	166146	342871552	1958690
11534	8489	AF-0000000204910359	shard_1641_batch_0.tar	83148288	117703	697050624	960715
11534	8936	AF-0000000204910275	shard_1677_batch_1.tar	8791040	128241	598664192	1126946
11538	8484	AF-0000000204934333	shard_1553_batch_0.tar	34466816	94991	256409600	556515
11538	8514	AF-0000000204934552	shard_1443_batch_0.tar	58167296	58021	270253568	201355
11540	8338	AF-0000000204985856	shard_1623_batch_1.tar	85663744	114733	526510592	893866
11540	8586	AF-0000000204985874	shard_1681_batch_1.tar	55645184	131350	512415232	1157934
11540	8664	AF-0000000204985944	shard_1469_batch_0.tar	12350976	68881	395936256	285180
11543	8622	AF-0000000204597455	shard_1484_batch_2.tar	35645952	73272	207566336	348106
11543	8625	AF-0000000204597410	shard_1484_batch_2.tar	19422720	73240	232782848	372846
11543	8647	AF-0000000204597401	shard_1538_batch_2.tar	30843904	91314	207721984	562148
11543	8885	AF-0000000204597426	shard_1506_batch_2.tar	20787200	81143	205592064	450838
11548	8254	AF-0000000204652535	shard_1835_batch_0.tar	134135808	183374	961176064	2290391
11551	8664	AF-0000000203996742	shard_1454_batch_0.tar	31631360	63411	283194880	264182
11551	8829	AF-0000000203996720	shard_1520_batch_1.tar	77748224	84003	314129408	495284
11552	8889	AF-0000000204946025	shard_1629_batch_1.tar	66398720	114226	965833728	846697
11556	8779	AF-0000000203979884	shard_1596_batch_1.tar	62754304	105925	905512960	817962
11558	8270	AF-0000000204882949	shard_1837_batch_1.tar	36515840	181179	576769024	2152308
11564	8286	AF-0000000204330172	shard_1600_batch_2.tar	4397568	104726	161469440	735893
11567	8245	AF-0000000204910681	shard_1659_batch_1.tar	110424576	119746	274560512	997458
11578	8140	AF-0000000204997064	shard_1547_batch_1.tar	2590208	91030	377629696	562207
11578	8604	AF-0000000204997129	shard_1525_batch_1.tar	76388352	87773	193252864	492271
11579	8904	AF-0000000203624314	shard_1586_batch_0.tar	91237376	104298	561849344	687408
11580	8775	AF-0000000203612941	shard_1484_batch_0.tar	55575552	73905	256792576	357576
11582	8292	AF-0000000204916060	shard_1837_batch_1.tar	23268864	187983	1462221824	2465768
11582	8604	AF-0000000204916122	shard_1609_batch_1.tar	73339904	111771	980176896	800464
11584	8857	AF-0000000205021401	shard_1427_batch_0.tar	37459968	50496	105960448	158810
11587	8625	AF-0000000204989745	shard_1483_batch_0.tar	53712896	71958	326166016	371632
11587	8647	AF-0000000204989731	shard_1539_batch_1.tar	37607424	89712	253501440	547397
11589	8018	AF-0000000205047396	shard_1223_batch_1.tar	165263872	212646	3377000960	3098538
11596	8411	AF-0000000204626650	shard_1617_batch_0.tar	53230592	109502	622916608	869537
11600	8904	AF-0000000205028464	shard_1673_batch_1.tar	74114048	128896	467941376	1112536
11601	8802	AF-0000000204962985	shard_1643_batch_1.tar	65334784	118363	848868864	974088
11603	8169	AF-0000000203474007	shard_1702_batch_0.tar	63040512	130254	422249984	1257560
11603	8526	AF-0000000203473962	shard_1482_batch_0.tar	19483136	71155	308094464	293982
11606	8511	AF-0000000204949870	shard_1433_batch_0.tar	8776192	54293	106876928	175084
11610	8258	AF-0000000204996250	shard_1719_batch_1.tar	12683264	136247	707110912	1360396
11610	8277	AF-0000000204996193	shard_1695_batch_1.tar	124802560	129292	1384677888	1233624
11610	8395	AF-0000000204996178	shard_1531_batch_1.tar	44824064	87892	676914688	500493
11616	8620	AF-0000000204957915	shard_1715_batch_1.tar	36948992	137024	982187008	1311791
11616	8886	AF-0000000204957953	shard_1533_batch_0.tar	54778368	89127	210834944	526067
11620	8084	AF-0000000205046064	shard_1859_batch_1.tar	97014272	188077	2225683968	2482329
11621	8405	AF-0000000203991179	shard_1812_batch_1.tar	164687872	169622	1534598656	1990578
11621	8492	AF-0000000203991081	shard_1324_batch_1.tar	134480384	319171	4492239360	6952751
11621	8493	AF-0000000203991089	shard_1278_batch_1.tar	214724608	245351	3705608704	4226297
11623	8787	AF-0000000205017378	shard_1479_batch_1.tar	59242496	69179	271524352	328711
11626	8501	AF-0000000204945372	shard_1421_batch_0.tar	22840832	45085	189118976	127933
11626	8870	AF-0000000204945293	shard_1471_batch_0.tar	27285504	69303	182920192	292172
11640	8159	AF-0000000203749916	shard_1294_batch_1.tar	149619200	270393	2048963072	5172924
11643	8514	AF-0000000205005265	shard_1555_batch_1.tar	52827648	96127	451374080	593397
11645	8363	AF-0000000203589316	shard_1750_batch_0.tar	73717248	152934	1152595968	1575489
11647	8565	AF-0000000204251243	shard_1536_batch_1.tar	38503936	88850	400007168	506627
11649	8277	AF-0000000205005335	shard_1587_batch_1.tar	65700864	99634	480586240	670809
11650	8770	AF-0000000204924050	shard_1461_batch_0.tar	40314880	65290	297146368	281138
11664	8048	AF-0000000204969283	shard_1637_batch_1.tar	67218432	114430	749557248	934557
11664	8466	AF-0000000204969299	shard_1607_batch_1.tar	35485696	107087	406068224	799033
11664	8539	AF-0000000204969280	shard_1823_batch_1.tar	15652352	178103	1970816000	2259272
11664	8606	AF-0000000204969309	shard_1527_batch_0.tar	58018816	85974	621266432	513141
11664	8619	AF-0000000204969331	shard_1475_batch_0.tar	15242240	69769	244132352	312072
11667	8647	AF-0000000204882966	shard_1705_batch_1.tar	21846528	135963	1261776384	1278266
11667	8857	AF-0000000204882963	shard_1587_batch_0.tar	8474112	102622	573823488	727329
11671	8102	AF-0000000204917785	shard_1707_batch_1.tar	54460416	137844	335506944	1307120
11674	8820	AF-0000000204444560	shard_1432_batch_1.tar	37118464	53126	171416064	181882
11677	8277	AF-0000000204099495	shard_1724_batch_1.tar	131447808	142650	1192787968	1321077
11677	8759	AF-0000000204099481	shard_1612_batch_1.tar	36969472	113742	261222912	854839
11684	8501	AF-0000000203664047	shard_1548_batch_0.tar	22303232	92011	741897728	531181
11684	8870	AF-0000000203663985	shard_1628_batch_0.tar	32600576	115837	966182400	850899
11687	8633	AF-0000000204940781	shard_1409_batch_1.tar	35887104	37632	128077312	73206
11688	8559	AF-0000000205024434	shard_1593_batch_1.tar	93142528	103779	566746624	794323
11688	8982	AF-0000000205024244	shard_1529_batch_1.tar	61314560	87287	218371584	530962
11690	8684	AF-0000000211580461	shard_1586_batch_2.tar	29600256	101799	117671936	674862
11691	8581	AF-0000000204962380	shard_1791_batch_1.tar	56521728	165238	2159732736	1946016
11691	8637	AF-0000000204962443	shard_1563_batch_1.tar	73051136	97486	469829632	660182
11692	8054	AF-0000000211179541	shard_1575_batch_1.tar	75103744	100741	301884416	651247
11692	8166	AF-0000000204935875	shard_1635_batch_1.tar	31890944	116608	633752576	905035
11692	8235	AF-0000000204935922	shard_1463_batch_0.tar	32443392	67151	304196096	256635
11692	8731	AF-0000000204935832	shard_1549_batch_0.tar	32453120	93528	652944896	544476
11693	8907	AF-0000000204783526	shard_1453_batch_0.tar	5452288	62950	136913920	256686
11695	8048	AF-0000000204898262	shard_1715_batch_1.tar	100249088	136873	677412352	1306485
11695	8466	AF-0000000204898267	shard_1689_batch_1.tar	77454336	129311	429452800	1147280
11697	8196	AF-0000000205011254	shard_1747_batch_1.tar	79539712	152497	966901760	1442641
11703	8936	AF-0000000204936335	shard_1555_batch_0.tar	87245312	94677	651798528	557976
11705	8982	AF-0000000203955649	shard_1630_batch_1.tar	71128064	117190	867784704	924384
11706	8062	AF-0000000203711261	shard_1518_batch_0.tar	25699840	84045	245026304	464293
11706	8618	AF-0000000203711266	shard_1558_batch_0.tar	59624448	94400	678398464	584646
11706	8629	AF-0000000203711260	shard_1530_batch_0.tar	18017792	89021	299932160	511353
11713	8316	AF-0000000203828222	shard_1576_batch_0.tar	41280512	98546	804515328	663247
11715	8104	AF-0000000204307374	shard_1812_batch_2.tar	17693696	168339	900396032	1923110
11715	8978	AF-0000000204307360	shard_1530_batch_1.tar	10148864	87703	598444544	513097
11725	8004	AF-0000000204124933	shard_1518_batch_1.tar	43591680	87166	631900672	492019
11751	8023	AF-0000000204949943	shard_1755_batch_1.tar	5176832	151686	748630016	1607068
11760	8585	AF-0000000205049636	shard_1263_batch_1.tar	15161856	238324	702558208	4090430
11765	8737	AF-0000000204895393	shard_1767_batch_1.tar	88077824	152062	429167616	1700565
11768	8363	AF-0000000204894451	shard_1783_batch_1.tar	139935232	162689	1888642048	1844884
11770	8109	AF-0000000205047810	shard_1419_batch_1.tar	45879296	44430	100582912	127938
11777	8643	AF-0000000204073458	shard_1254_batch_2.tar	8259584	232572	1943467520	3727465
11784	8654	AF-0000000203925363	shard_1818_batch_1.tar	26999808	177473	1674597888	2116405
11790	8503	AF-0000000211283101	shard_1612_batch_2.tar	10968064	109916	240442368	816526
11792	8125	AF-0000000203857445	shard_1842_batch_1.tar	56954880	185817	1490002432	2395123
11792	8313	AF-0000000203857321	shard_1288_batch_1.tar	98747392	264479	2984461312	4880004
11792	8325	AF-0000000203857308	shard_1776_batch_1.tar	44110848	158091	608565248	1740911
11797	8604	AF-0000000204039328	shard_1814_batch_1.tar	155933696	176095	2348319744	2028644
11800	8802	AF-0000000204865867	shard_1635_batch_0.tar	60664320	116692	1088862208	912623
11802	8690	AF-0000000204559274	shard_1508_batch_2.tar	24612352	80310	236086784	428732
11802	8982	AF-0000000204559284	shard_1492_batch_2.tar	28426240	76027	91631616	386409
11808	8055	AF-0000000204946054	shard_1789_batch_1.tar	32872448	160816	1516233216	1938694
11811	8004	AF-0000000204271988	shard_1560_batch_1.tar	13091840	97075	671931392	633593
11815	8108	AF-0000000205003146	shard_1637_batch_1.tar	97752064	116154	724071936	941308
11815	8952	AF-0000000205003064	shard_1453_batch_0.tar	39686656	60990	290058240	233063
11816	8539	AF-0000000204900028	shard_1807_batch_1.tar	12150272	169996	2047181824	2039336
11816	8622	AF-0000000204900046	shard_1485_batch_0.tar	12746752	72465	466463232	360990
11816	8989	AF-0000000204900038	shard_1483_batch_0.tar	42186240	72435	287686144	353591
11817	8016	AF-0000000205046971	shard_1705_batch_1.tar	60941824	135277	1544920064	1238522
11817	8737	AF-0000000205046965	shard_1719_batch_1.tar	114619392	139159	299446784	1368489
11818	8092	AF-0000000204994927	shard_1539_batch_1.tar	89197568	87130	702230528	574530
11821	8277	AF-0000000204997187	shard_1655_batch_1.tar	13532672	115724	636136960	925502
11821	8302	AF-0000000204997172	shard_1663_batch_1.tar	76294144	121538	1280723968	966557
11821	8869	AF-0000000204997200	shard_1485_batch_0.tar	43184128	70702	381628928	336948
11824	8802	AF-0000000204992599	shard_1637_batch_1.tar	47430144	116611	1039450624	906766
11826	8781	AF-0000000204724166	shard_1871_batch_0.tar	7214592	198674	3186893824	3004944
11827	8827	AF-0000000204879663	shard_1421_batch_0.tar	8459776	46828	99159040	130280
11829	8048	AF-0000000204868229	shard_1631_batch_0.tar	74722304	112807	822600192	895716
11829	8082	AF-0000000204868257	shard_1563_batch_0.tar	18873856	94969	692875776	644186
11829	8301	AF-0000000204868277	shard_1813_batch_1.tar	100091904	172857	1376672256	2123784
11829	8466	AF-0000000204868250	shard_1601_batch_0.tar	28244992	105503	689495040	769702
11829	8539	AF-0000000204868226	shard_1819_batch_1.tar	152104960	176267	2181212160	2217607
11829	8606	AF-0000000204868261	shard_1521_batch_0.tar	20788736	84358	544309248	496837
11829	8619	AF-0000000204868280	shard_1469_batch_0.tar	2750976	68456	316502016	297044
11830	8846	AF-0000000204958045	shard_1719_batch_1.tar	128527872	140108	872987648	1383139
11837	8363	AF-0000000205046754	shard_1807_batch_1.tar	58319360	170685	1804131328	2012069
11837	8748	AF-0000000205046805	shard_1661_batch_1.tar	33502720	120982	399972864	1024521
11841	8221	AF-0000000204897143	shard_1827_batch_1.tar	101401600	186615	1453807616	2230493
11842	8823	AF-0000000211587281	shard_1431_batch_0.tar	2621952	51998	247030272	177406
11858	8781	AF-0000000203677432	shard_1664_batch_0.tar	22960128	125618	648598528	1088263
11881	8604	AF-0000000204994540	shard_1753_batch_1.tar	96913408	156181	398543360	1509325
11881	8684	AF-0000000204994538	shard_1683_batch_1.tar	518144	132772	941051904	1117136
11884	8014	AF-0000000203916241	shard_1664_batch_1.tar	72604160	124639	1090773504	1107849
11885	8635	AF-0000000205015811	shard_1631_batch_1.tar	92185088	116099	336032256	926916
11893	8130	AF-0000000203977538	shard_1436_batch_0.tar	39261184	55975	238672896	207707
11894	8611	AF-0000000204010536	shard_1626_batch_1.tar	89220096	110783	254736896	900813
11899	8381	AF-0000000204590202	shard_1663_batch_0.tar	53167104	121616	649565184	1120037
11899	8761	AF-0000000204590213	shard_1763_batch_0.tar	32200192	152050	1530327040	1704317
11905	8169	AF-0000000204991866	shard_1235_batch_1.tar	136949760	216005	416783360	3204714
11907	8023	AF-0000000205031906	shard_1731_batch_1.tar	125228032	143436	965654528	1465406
11907	8582	AF-0000000205031904	shard_1713_batch_1.tar	1667072	137953	1379106304	1363395
11917	8364	AF-0000000204868321	shard_1769_batch_1.tar	130547712	157354	892753920	1755089
11920	8121	AF-0000000204925695	shard_1233_batch_1.tar	71566336	217419	1967739904	3513645
11921	8390	AF-0000000204107610	shard_1740_batch_1.tar	49767424	148220	1732079104	1584675
11921	8391	AF-0000000204107641	shard_1748_batch_1.tar	130123264	150539	997004288	1625894
11921	8541	AF-0000000204107609	shard_1740_batch_1.tar	133971968	147431	1077655552	1580935
11921	8542	AF-0000000204107633	shard_1746_batch_1.tar	18667008	149858	1194275840	1620185
11922	8390	AF-0000000204107564	shard_1740_batch_1.tar	46382080	147798	1047508992	1587916
11922	8391	AF-0000000204107594	shard_1748_batch_1.tar	48536064	150111	525925888	1640632
11922	8541	AF-0000000204107563	shard_1740_batch_1.tar	28425216	147165	1196273664	1580984
11922	8542	AF-0000000204107586	shard_1746_batch_1.tar	94419456	149519	745434112	1629436
11925	8228	AF-0000000205056370	shard_1757_batch_1.tar	84885504	154602	1913710080	1695811
11926	8698	AF-0000000204109163	shard_1592_batch_1.tar	74651648	105748	301590528	769188
11926	8973	AF-0000000204109152	shard_1572_batch_1.tar	48780288	100792	692800000	656326
11932	8941	AF-0000000203943217	shard_1874_batch_1.tar	142831616	201862	3046853120	2984555
11934	8090	AF-0000000205010105	shard_1249_batch_1.tar	60997120	225505	640381440	3627920
11940	8387	AF-0000000203776077	shard_1788_batch_0.tar	83223040	163705	1695230464	1932388
11945	8221	AF-0000000204038581	shard_1522_batch_1.tar	30732288	86695	348864000	486599
11945	8604	AF-0000000204038587	shard_1538_batch_1.tar	72793088	92666	664142336	549347
11946	8734	AF-0000000211580558	shard_1280_batch_1.tar	199949312	249584	3822752768	4840116
11949	8437	AF-0000000204673741	shard_1263_batch_0.tar	149218304	233183	710298624	3783604
11964	8877	AF-0000000204913800	shard_1415_batch_0.tar	21484032	43370	166800896	109900
11967	8339	AF-0000000203506297	shard_1572_batch_0.tar	17186816	99793	472617472	652907
11968	8601	AF-0000000203995131	shard_1458_batch_0.tar	4218880	63641	365756928	279097
11969	8405	AF-0000000204345530	shard_1462_batch_1.tar	3812864	66564	127650304	277999
11970	8206	AF-0000000203685541	shard_1660_batch_0.tar	60817408	122636	1209235456	1082775
11977	8163	AF-0000000204884408	shard_1279_batch_1.tar	22630400	254231	4525112320	4626299
11978	8441	AF-0000000204900104	shard_1879_batch_1.tar	6585344	203539	2780387840	2790229
11978	8588	AF-0000000204900088	shard_1309_batch_1.tar	81110528	285028	2712581120	5510275
11981	8439	AF-0000000204033875	shard_1638_batch_1.tar	24618496	116561	631369728	949754
11982	8206	AF-0000000204006562	shard_1480_batch_1.tar	42271232	71582	371405312	354741
11985	8553	AF-0000000204902672	shard_1745_batch_1.tar	78483968	150146	1153014272	1566957
11990	8299	AF-0000000204980853	shard_1661_batch_1.tar	368640	122068	553228800	1141756
11998	8004	AF-0000000211179260	shard_1810_batch_2.tar	19481600	168373	1000202240	1924272
11998	8846	AF-0000000211587494	shard_1880_batch_2.tar	27210240	200637	1443698688	2848695
12012	8085	AF-0000000211179595	shard_1306_batch_2.tar	47000064	283077	1320474112	5797133
12013	8665	AF-0000000204991892	shard_1435_batch_0.tar	24042496	53652	277910016	183561
12014	8082	AF-0000000204948915	shard_1589_batch_1.tar	88522752	102504	472495104	700226
12014	8665	AF-0000000204948899	shard_1487_batch_0.tar	54548480	74405	422860288	354658
12021	8483	AF-0000000203521407	shard_1440_batch_0.tar	40380928	57198	179775488	197349
12022	8483	AF-0000000203521421	shard_1440_batch_0.tar	5249536	57327	249409024	199798
12024	8486	AF-0000000211218161	shard_1642_batch_1.tar	48040448	116359	1182538240	890973
12029	8023	AF-0000000204594004	shard_1693_batch_0.tar	87946752	132464	796624384	1231052
12030	8023	AF-0000000204594126	shard_1715_batch_0.tar	98455040	137917	403935232	1362100
12041	8278	AF-0000000203850037	shard_1774_batch_1.tar	48652288	160114	1474289664	1844268
12041	8423	AF-0000000203850005	shard_1838_batch_1.tar	46185984	185974	2450684928	2568734
12041	8992	AF-0000000203849960	shard_1846_batch_1.tar	32157696	191003	1633100800	2581974
12043	8483	AF-0000000204030484	shard_1472_batch_1.tar	45438976	69910	439815680	303288
12054	8049	AF-0000000211179528	shard_1267_batch_1.tar	7951872	242779	534419456	4459064
12054	8438	AF-0000000204867644	shard_1623_batch_0.tar	112153088	112245	463705088	883652
12054	8498	AF-0000000204867709	shard_1715_batch_1.tar	112393216	141288	775743488	1338117
12054	8691	AF-0000000204867699	shard_1493_batch_0.tar	35224576	75439	411821568	369605
12054	8974	AF-0000000204867710	shard_1623_batch_0.tar	2033664	112527	554869760	883480
12055	8498	AF-0000000204881244	shard_1713_batch_1.tar	71058432	140807	515939840	1326366
12055	8691	AF-0000000204881237	shard_1491_batch_0.tar	61586944	75248	375509504	365584
12061	8160	AF-0000000203822117	shard_1302_batch_1.tar	210096128	278224	4471147008	5578768
12074	8822	AF-0000000204929936	shard_1551_batch_0.tar	73797120	90428	497690112	604252
12075	8822	AF-0000000204930624	shard_1487_batch_0.tar	50289152	70752	275373056	371764
12075	8861	AF-0000000204930628	shard_1487_batch_0.tar	15354880	70957	421391360	372665
12077	8822	AF-0000000205027127	shard_1485_batch_1.tar	53869568	69903	348395520	370735
12088	8009	AF-0000000203671943	shard_1300_batch_0.tar	21085696	279468	4846024192	5545934
12088	8805	AF-0000000203671931	shard_1274_batch_0.tar	199149568	254186	1377456640	4532337
12089	8054	AF-0000000211179542	shard_1509_batch_0.tar	28750848	81549	372125696	444076
12092	8387	AF-0000000211180472	shard_1786_batch_0.tar	79652352	162792	1110955520	1866637
12092	8388	AF-0000000211180475	shard_1794_batch_0.tar	113257984	165686	735547904	1944751
12092	8428	AF-0000000211194291	shard_1792_batch_1.tar	28544000	166059	1074274816	1948783
12092	8437	AF-0000000211194489	shard_1794_batch_0.tar	50318848	166567	1682987008	1944901
12093	8339	AF-0000000204768074	shard_1485_batch_0.tar	14810624	74203	405068288	335762
12094	8405	AF-0000000204298224	shard_1504_batch_1.tar	31608832	80328	512196096	432210
12099	8764	AF-0000000204967815	shard_1407_batch_1.tar	7258624	28965	107120128	45557
12099	8978	AF-0000000204967827	shard_1479_batch_0.tar	51431936	70178	280081920	292144
12101	8122	AF-0000000204973431	shard_1457_batch_0.tar	19964416	63851	304465920	243067
12103	8583	AF-0000000204981340	shard_1485_batch_0.tar	20749312	71393	200321536	354789
12103	8619	AF-0000000204981358	shard_1467_batch_0.tar	3896832	66461	307778560	287854
12116	8830	AF-0000000203793981	shard_1604_batch_0.tar	80620544	104489	732604928	763550
12136	8078	AF-0000000203465608	shard_1806_batch_0.tar	52473856	170163	693026816	2116088
12136	8369	AF-0000000203465614	shard_1776_batch_0.tar	129481728	162800	934203392	1867801
12149	8277	AF-0000000203979347	shard_1658_batch_1.tar	1466880	117780	687520768	962547
12150	8277	AF-0000000203979224	shard_1674_batch_1.tar	73728512	123491	803858944	1027247
12153	8978	AF-0000000204919787	shard_1495_batch_0.tar	46726656	75414	331578368	377274
12159	8221	AF-0000000211179797	shard_1255_batch_0.tar	175143936	229835	2981095424	3518120
12159	8853	AF-0000000211587526	shard_1265_batch_0.tar	93623808	235775	2494981120	3820244
12166	8054	AF-0000000211179543	shard_1573_batch_0.tar	42365952	99994	676259840	650681
12166	8929	AF-0000000204863866	shard_1579_batch_0.tar	89555968	101440	371383808	670547
12167	8332	AF-0000000204137923	shard_1252_batch_2.tar	9342976	230131	548105728	3730056
12185	8472	AF-0000000204005389	shard_1586_batch_1.tar	30758400	102816	207657472	719989
12185	8879	AF-0000000204005508	shard_1554_batch_1.tar	29038080	96120	331542016	622789
12187	8258	AF-0000000204006259	shard_1694_batch_1.tar	22008832	130868	1190154752	1241760
12187	8277	AF-0000000204006194	shard_1670_batch_1.tar	7791104	123160	1324148736	1104797
12188	8258	AF-0000000204006108	shard_1702_batch_1.tar	104208896	132944	532301824	1271814
12188	8277	AF-0000000204006044	shard_1676_batch_1.tar	9203712	125509	787838976	1147398
12193	8395	AF-0000000204719372	shard_1431_batch_0.tar	2836992	53245	178374656	170721
12198	8441	AF-0000000204975218	shard_1807_batch_1.tar	148227584	167413	1816169472	2015015
12198	8588	AF-0000000204975203	shard_1281_batch_1.tar	49380864	248780	1120769536	4426801
12210	8387	AF-0000000203776162	shard_1782_batch_0.tar	22310912	161601	1422992384	1851093
12210	8388	AF-0000000203776135	shard_1790_batch_0.tar	104619520	164115	1434665472	1927522
12210	8428	AF-0000000203776120	shard_1788_batch_0.tar	52685312	164366	2145662976	1932484
12210	8437	AF-0000000203776164	shard_1790_batch_0.tar	100029952	165036	455565312	1927253
12213	8094	AF-0000000205052334	shard_1633_batch_1.tar	27112960	113125	858474496	872200
12213	8965	AF-0000000205052292	shard_1643_batch_1.tar	104285696	117408	1146068992	937425
12217	8877	AF-0000000205013294	shard_1455_batch_0.tar	5147648	59168	124161536	240372
12224	8809	AF-0000000203573889	shard_1684_batch_0.tar	22137856	132132	633355776	1179192
12226	8619	AF-0000000205018398	shard_1447_batch_0.tar	37553664	59279	198501376	228037
12235	8239	AF-0000000211179823	shard_1757_batch_1.tar	87781376	152291	1143775744	1681315
12235	8298	AF-0000000204943390	shard_1793_batch_1.tar	32960000	164198	625412608	1941415
12235	8363	AF-0000000204943349	shard_1701_batch_1.tar	3127808	135520	393426944	1254965
12236	8382	AF-0000000205030450	shard_1477_batch_1.tar	55652864	69482	319002112	319056
12249	8983	AF-0000000203638505	shard_1596_batch_0.tar	78198784	104196	298525696	706360
12251	8531	AF-0000000204090617	shard_1506_batch_1.tar	40764928	80525	281729536	432143
12261	8021	AF-0000000205004794	shard_1715_batch_1.tar	82525184	137887	1453526016	1412581
12261	8228	AF-0000000205004786	shard_1725_batch_1.tar	72824320	144541	1498238464	1493651
12272	8339	AF-0000000211179978	shard_1810_batch_0.tar	84251648	171017	1906063360	2195465
12272	8825	AF-0000000211587282	shard_1814_batch_0.tar	155299328	172690	1134437888	2240449
12276	8842	AF-0000000204929953	shard_1447_batch_0.tar	44071936	61802	173051904	233116
12281	8701	AF-0000000205053033	shard_1225_batch_1.tar	79050752	215326	2554993664	2990637
12282	8303	AF-0000000204393201	shard_1851_batch_0.tar	140869120	187866	1519283712	2713700
12282	8304	AF-0000000204393139	shard_1851_batch_0.tar	40165376	187946	2769666048	2719887
12282	8876	AF-0000000204393166	shard_1570_batch_2.tar	40212480	98557	178355200	678710
12283	8022	AF-0000000204905450	shard_1637_batch_1.tar	9366016	118587	687565824	933003
12290	8338	AF-0000000203898781	shard_1586_batch_1.tar	64417792	104829	663302656	736194
12290	8563	AF-0000000203898777	shard_1276_batch_1.tar	148820992	253092	4077429760	3936288
12294	8262	AF-0000000204963375	shard_1719_batch_1.tar	133438464	136134	1177118208	1348712
12294	8263	AF-0000000204963387	shard_1723_batch_1.tar	107079168	135649	748862464	1379112
12294	8264	AF-0000000204963384	shard_1743_batch_1.tar	70125056	141330	474798080	1489064
12305	8390	AF-0000000204107656	shard_1740_batch_1.tar	59308032	147659	1480011776	1581137
12305	8391	AF-0000000204107686	shard_1748_batch_1.tar	7908352	150561	1795943424	1630786
12305	8541	AF-0000000204107655	shard_1742_batch_1.tar	58814976	147097	1588585984	1577049
12305	8542	AF-0000000204107678	shard_1746_batch_1.tar	124643840	149162	1816974336	1621442
12315	8028	AF-0000000204640575	shard_1805_batch_0.tar	15971840	164787	1418975232	1944710
12317	8830	AF-0000000205031845	shard_1573_batch_1.tar	19264000	95222	725230592	644349
12326	8180	AF-0000000205039307	shard_1629_batch_1.tar	30690816	114335	1060938752	830325
12336	8484	AF-0000000203676251	shard_1592_batch_0.tar	78070784	104935	676744704	713416
12338	8441	AF-0000000205052157	shard_1715_batch_1.tar	119380992	136452	1006614528	1344631
12338	8521	AF-0000000205052155	shard_1677_batch_1.tar	40685568	128853	850903040	1180764
12339	8441	AF-0000000204976949	shard_1723_batch_1.tar	15569408	138471	1510492160	1394776
12339	8521	AF-0000000204976946	shard_1687_batch_1.tar	27005952	130861	1037559808	1240135
12340	8822	AF-0000000203621278	shard_1482_batch_0.tar	31388160	69479	476545024	357831
12340	8901	AF-0000000203621259	shard_1528_batch_0.tar	36304896	84827	330761216	513233
12342	8822	AF-0000000203621094	shard_1484_batch_0.tar	68078592	70124	209958912	360616
12342	8901	AF-0000000203621072	shard_1530_batch_0.tar	42795008	85593	658193408	534481
12435	8503	AF-0000000204907104	shard_1447_batch_0.tar	37071872	59013	149932032	219380
12457	8111	AF-0000000204967851	shard_1333_batch_1.tar	100358656	355889	5448483328	8496025
12487	8353	AF-0000000204907206	shard_1513_batch_0.tar	45286912	78905	322026496	461641
12487	8846	AF-0000000204907186	shard_1561_batch_0.tar	56285696	95956	447731712	607470
12551	8532	AF-0000000204881274	shard_1233_batch_1.tar	102640128	216198	3349099008	3548868
12577	8599	AF-0000000204942016	shard_1249_batch_1.tar	96545280	229882	806030848	3865767
12596	8353	AF-0000000205003677	shard_1513_batch_1.tar	52252672	78975	292792832	459222
12596	8846	AF-0000000205003657	shard_1561_batch_1.tar	25137664	95986	278291968	609866
12602	8353	AF-0000000204967286	shard_1737_batch_1.tar	57673728	144791	1073156096	1435633
12602	8820	AF-0000000205031291	shard_1613_batch_1.tar	83037696	110581	765483520	834205
12604	8517	AF-0000000204997636	shard_1299_batch_1.tar	265477632	273020	3236641792	5282127
