a	b	entity	tar	cif_off	cif_len	pae_off	pae_len
15	10065	AF-0000000208726790	shard_45_batch_4.tar	36486656	68848	284668416	323337
37	10120	AF-0000000208285501	shard_1935_batch_2.tar	41759232	86479	685711360	509839
38	10274	AF-0000000208325134	shard_2009_batch_2.tar	686592	171213	1231481344	2234163
40	10093	AF-0000000208723077	shard_2045_batch_4.tar	88942592	135258	1355727872	1308939
40	10242	AF-0000000208723182	shard_1339_batch_2.tar	6726656	162322	1533040640	2035783
40	10246	AF-0000000208723072	shard_1983_batch_4.tar	107270144	160907	904385536	2002423
40	10582	AF-0000000208723112	shard_2067_batch_4.tar	30605312	163456	400244224	2136358
40	10937	AF-0000000208723075	shard_1987_batch_4.tar	22886912	165768	923993600	2211122
72	10065	AF-0000000208471191	shard_1965_batch_3.tar	48987136	90481	378878464	593255
72	10225	AF-0000000208471053	shard_1909_batch_3.tar	31511040	89736	743597568	591271
72	10910	AF-0000000208471270	shard_2081_batch_3.tar	45064192	70331	1091412992	347659
84	10716	AF-0000000208515765	shard_2045_batch_3.tar	52131840	164985	860228608	2090816
84	10817	AF-0000000208515642	shard_157_batch_3.tar	39339008	159275	679328256	1981960
91	10440	AF-0000000208772862	shard_97_batch_4.tar	22564864	102200	563238400	744332
91	10942	AF-0000000208772850	shard_2025_batch_4.tar	3048448	192480	822024192	2709969
93	10744	AF-0000000208341726	shard_1939_batch_2.tar	66820096	90528	550702592	585976
118	10426	AF-0000000208452012	shard_2057_batch_3.tar	98076672	88127	457539072	542675
133	10806	AF-0000000208540330	shard_1965_batch_3.tar	92513280	51065	287058432	166916
133	10873	AF-0000000208540325	shard_2025_batch_3.tar	82413056	50867	1098535936	162896
133	10881	AF-0000000208540458	shard_17_batch_3.tar	2301952	52471	157959168	163336
137	10244	AF-0000000208503643	shard_1923_batch_3.tar	2554880	154305	435159040	1855941
137	10271	AF-0000000208503686	shard_2043_batch_3.tar	80807936	226908	1321883648	4108783
137	10417	AF-0000000208503626	shard_1939_batch_3.tar	81033728	97656	948291584	647585
137	10582	AF-0000000208503564	shard_167_batch_3.tar	127733248	170432	2288440832	2317591
139	10087	AF-0000000208325227	shard_1379_batch_1.tar	104222720	201227	2225265664	2772539
139	10613	AF-0000000208325159	shard_1901_batch_2.tar	100231680	92816	945768448	628034
152	10369	AF-0000000208711413	shard_149_batch_4.tar	1777664	148674	306449408	1608957
157	10074	AF-0000000208619959	shard_1957_batch_4.tar	54341632	110574	778352128	904848
157	10075	AF-0000000208619258	shard_109_batch_4.tar	107164160	110419	580113920	905245
157	10088	AF-0000000208619377	shard_2033_batch_4.tar	662528	52654	933858304	182165
157	10538	AF-0000000208619127	shard_2049_batch_4.tar	92556800	71960	442486784	360478
162	10257	AF-0000000208344074	shard_81_batch_2.tar	17451008	90955	486366720	596540
162	10484	AF-0000000208344509	shard_63_batch_2.tar	21361664	78589	345461760	420821
165	10546	AF-0000000208519005	shard_121_batch_3.tar	19360768	117310	251648000	1059417
172	10056	AF-0000000208758550	shard_1909_batch_4.tar	10393088	165882	596088320	1880394
172	10475	AF-0000000208758594	shard_2057_batch_4.tar	84126720	168222	487013888	1949289
173	10290	AF-0000000208498220	shard_163_batch_3.tar	68851200	167951	1295076864	2022554
175	10072	AF-0000000208372727	shard_131_batch_2.tar	127382016	129849	1368343040	1263433
175	10074	AF-0000000208372777	shard_2057_batch_2.tar	51435008	131694	642414080	1294794
175	10075	AF-0000000208372520	shard_133_batch_2.tar	21600768	131353	1361193984	1292426
175	10272	AF-0000000208372634	shard_2077_batch_2.tar	100040704	93308	1152345600	641206
175	10560	AF-0000000208372730	shard_97_batch_2.tar	28385792	103919	891009024	747511
175	10689	AF-0000000208372590	shard_2063_batch_2.tar	93212160	110743	851795968	882739
182	10440	AF-0000000208633122	shard_1909_batch_4.tar	27013632	73684	1167015936	378022
182	10486	AF-0000000208633071	shard_53_batch_4.tar	36459520	76076	339002880	404103
182	10587	AF-0000000208633114	shard_2031_batch_4.tar	28391424	86830	859236864	497319
186	10069	AF-0000000208490274	shard_2071_batch_3.tar	11311104	40614	1265150976	107580
186	10194	AF-0000000208490209	shard_2073_batch_3.tar	100005376	59655	1144300032	226490
186	10257	AF-0000000208490070	shard_1987_batch_3.tar	17249792	87357	345205760	558398
186	10427	AF-0000000208490073	shard_1919_batch_3.tar	88582144	56956	218963968	218577
186	10546	AF-0000000208489948	shard_109_batch_3.tar	13135360	107228	1039181824	866294
186	10901	AF-0000000208490434	shard_2019_batch_3.tar	23143424	60322	538369536	271376
189	10399	AF-0000000208599710	shard_1953_batch_4.tar	29452800	84723	1106599936	514491
189	10826	AF-0000000208599700	shard_2017_batch_3.tar	4380672	98702	1122350592	680029
196	10417	AF-0000000208277517	shard_141_batch_2.tar	8617472	138779	1195357184	1505803
202	10161	AF-0000000208400808	shard_1191_batch_1.tar	8497664	229198	3988022784	3925355
211	10739	AF-0000000208372848	shard_1981_batch_2.tar	10198016	126624	1455525888	1059430
215	10645	AF-0000000208729414	shard_35_batch_4.tar	22920704	61676	137640960	262049
230	10644	AF-0000000208563743	shard_109_batch_3.tar	100452864	107467	905380864	901679
233	10242	AF-0000000208391646	shard_1923_batch_3.tar	21245952	168467	510358016	2156844
233	10246	AF-0000000208391071	shard_2083_batch_3.tar	17155072	167605	1024923648	2144350
233	10677	AF-0000000208390901	shard_1399_batch_1.tar	72644096	217985	2599674880	3732728
233	10910	AF-0000000208391529	shard_67_batch_2.tar	30975488	82883	481873408	494511
234	10177	AF-0000000208628202	shard_1397_batch_2.tar	34577920	220973	1263660544	3510956
236	10927	AF-0000000208304388	shard_169_batch_2.tar	176003584	179418	2028026880	2203784
238	10191	AF-0000000208367250	shard_1987_batch_2.tar	11126784	48476	651836928	156563
239	10162	AF-0000000208610703	shard_1967_batch_4.tar	97912832	174438	481237504	2230351
239	10857	AF-0000000208610756	shard_1977_batch_4.tar	85688832	105378	904964096	861271
241	10739	AF-0000000208374139	shard_123_batch_2.tar	45545984	123112	457312768	988758
242	10910	AF-0000000208392329	shard_1_batch_2.tar	27867648	26403	72770048	36588
243	10739	AF-0000000208679547	shard_167_batch_4.tar	78410240	177080	2364840960	2100376
248	10777	AF-0000000208340906	shard_1219_batch_1.tar	167496704	402728	4559776768	11973587
253	10191	AF-0000000208675132	shard_55_batch_4.tar	62671360	73065	437655040	402604
256	10268	AF-0000000208413203	shard_1387_batch_1.tar	123409408	206392	719801856	3020463
256	10953	AF-0000000208413204	shard_121_batch_3.tar	97382400	122836	1068386304	1060905
277	10104	AF-0000000208591204	shard_153_batch_3.tar	4921344	152531	1154287104	1772865
277	10456	AF-0000000208591230	shard_1941_batch_3.tar	54764032	124744	737351168	1176254
283	10257	AF-0000000208699562	shard_131_batch_4.tar	3511808	128800	1192681472	1196585
292	10722	AF-0000000208594347	shard_21_batch_3.tar	28682240	54689	277440000	186376
297	10274	AF-0000000208316939	shard_2001_batch_2.tar	86976512	148030	1099179520	1666604
297	10644	AF-0000000208316944	shard_2037_batch_2.tar	106688000	86903	320190464	541996
314	10011	AF-0000000208408614	shard_87_batch_2.tar	57874944	95331	288171520	652758
315	10386	AF-0000000208278457	shard_2011_batch_2.tar	34831360	291350	1421934592	6431887
318	10202	AF-0000000208770617	shard_1931_batch_4.tar	76050432	79226	583542272	459039
323	10427	AF-0000000208657688	shard_53_batch_4.tar	20214784	74331	178877952	380956
331	10942	AF-0000000208444850	shard_1191_batch_1.tar	192786432	230496	1937202176	3948984
346	10152	AF-0000000208736890	shard_1929_batch_4.tar	52100096	45918	1368420864	155959
384	10857	AF-0000000208282200	shard_1959_batch_2.tar	106622464	96170	858718208	723654
415	10201	AF-0000000208424205	shard_99_batch_2.tar	13713408	107959	298642432	786402
420	10038	AF-0000000208609723	shard_1895_batch_4.tar	118307328	103459	647283712	729876
424	10909	AF-0000000208567381	shard_2041_batch_3.tar	78908416	111553	812551680	963987
427	10193	AF-0000000208298505	shard_1943_batch_2.tar	42382336	75715	1151140352	411017
431	10138	AF-0000000208425354	shard_2051_batch_3.tar	64066048	109225	714543616	855618
436	10670	AF-0000000208608848	shard_1379_batch_2.tar	98784256	201145	1297387008	2968279
437	10304	AF-0000000208726263	shard_153_batch_4.tar	81629184	151705	1707077120	1668971
447	10673	AF-0000000208661633	shard_1917_batch_4.tar	88958976	194558	501795328	2847512
451	10550	AF-0000000208519093	shard_1893_batch_3.tar	9901568	184577	921157120	2430153
454	10399	AF-0000000208755808	shard_129_batch_4.tar	44931072	129527	1121677824	1222832
454	10566	AF-0000000208755945	shard_2029_batch_4.tar	103352320	145771	573812224	1515086
461	10242	AF-0000000208754712	shard_1371_batch_2.tar	86960640	190792	616502272	2767564
461	10244	AF-0000000208754642	shard_1355_batch_2.tar	101128704	176017	352567296	2349472
461	10246	AF-0000000208754561	shard_1967_batch_4.tar	44363264	189956	1152510976	2766886
461	10582	AF-0000000208754623	shard_1375_batch_2.tar	95654400	192335	435000320	2859721
461	10644	AF-0000000208754707	shard_155_batch_4.tar	88849408	158113	2011451904	1925874
461	10937	AF-0000000208754564	shard_1971_batch_4.tar	28718080	194343	749993984	2959166
467	10467	AF-0000000208276430	shard_2037_batch_2.tar	54958080	95146	1383041536	618599
467	10692	AF-0000000208276442	shard_1895_batch_2.tar	85838848	96220	512151040	623601
471	10069	AF-0000000208508339	shard_1_batch_2.tar	26619392	25596	96588800	34041
471	10201	AF-0000000208508354	shard_1_batch_2.tar	25183232	31187	98735104	50191
472	10338	AF-0000000208721314	shard_1997_batch_4.tar	909824	99863	1019264000	663316
472	10698	AF-0000000208721354	shard_167_batch_4.tar	65927680	172211	1357164032	2149258
486	10266	AF-0000000208691728	shard_1973_batch_4.tar	95461888	104268	1288443392	749280
486	10644	AF-0000000208691907	shard_85_batch_4.tar	19994624	93136	377899008	613649
486	10716	AF-0000000208691868	shard_1941_batch_4.tar	5973504	89622	341205504	587589
487	10196	AF-0000000208656658	shard_73_batch_4.tar	5268992	89386	364427776	535103
496	10186	AF-0000000208378438	shard_1939_batch_2.tar	27089920	256977	318979584	4937259
496	10500	AF-0000000208378317	shard_1203_batch_1.tar	116289024	256029	1873673728	4646634
504	10202	AF-0000000208413367	shard_1405_batch_1.tar	214403584	226150	2005480960	3848533
504	10301	AF-0000000208413318	shard_1955_batch_3.tar	98610176	248663	430471168	4434270
505	10083	AF-0000000208591471	shard_1909_batch_3.tar	93139456	126609	437944832	1070476
525	10202	AF-0000000208353936	shard_95_batch_2.tar	44568576	102474	781823488	758617
528	10072	AF-0000000208603126	shard_1933_batch_4.tar	16742912	145357	676472320	1565490
529	10272	AF-0000000208742025	shard_51_batch_4.tar	1479680	71480	338119680	370901
536	10301	AF-0000000208285646	shard_2001_batch_2.tar	8496640	99142	336211456	640994
542	10304	AF-0000000208486835	shard_2045_batch_3.tar	56043520	63314	1432199168	284086
553	10161	AF-0000000208615847	shard_49_batch_4.tar	4631040	71668	409593856	343435
557	10128	AF-0000000208487375	shard_83_batch_3.tar	27622400	87239	289474048	599814
557	10177	AF-0000000208486981	shard_1395_batch_1.tar	26175488	214519	2782019072	3347558
557	10244	AF-0000000208487363	shard_149_batch_3.tar	32757248	145642	1689950208	1648977
557	10296	AF-0000000208487046	shard_2079_batch_3.tar	100191232	234674	246899712	4045541
557	10582	AF-0000000208487287	shard_163_batch_3.tar	127726080	161160	1049800192	2090106
564	10079	AF-0000000208321442	shard_1199_batch_1.tar	226771456	246762	1818688000	4457493
565	10008	AF-0000000208658197	shard_1979_batch_4.tar	52171776	235019	820293632	4051629
565	10427	AF-0000000208658055	shard_2005_batch_4.tar	84693504	81418	483885568	450065
587	10066	AF-0000000208735525	shard_1983_batch_4.tar	84305408	162322	473618944	1920548
587	10332	AF-0000000208735643	shard_95_batch_4.tar	13494784	102716	294827520	709302
599	10065	AF-0000000208448291	shard_51_batch_3.tar	70592512	72348	154344448	385302
602	10555	AF-0000000208469617	shard_1999_batch_3.tar	110020608	121549	643390976	1136905
606	10877	AF-0000000208437274	shard_7_batch_2.tar	5223936	42324	178836480	112141
607	10509	AF-0000000208584231	shard_1953_batch_3.tar	62534144	167519	304681472	2169190
608	10941	AF-0000000208288507	shard_2033_batch_2.tar	76700160	295330	838310912	5931204
634	10076	AF-0000000208374161	shard_1197_batch_1.tar	6280704	240560	1521281536	4460876
640	10440	AF-0000000208690597	shard_51_batch_4.tar	65082368	72553	333363200	364410
641	10202	AF-0000000208583015	shard_1945_batch_3.tar	35768832	79899	965509120	440391
653	10344	AF-0000000208378559	shard_63_batch_2.tar	4416512	82694	227138560	459275
653	10435	AF-0000000208378551	shard_31_batch_2.tar	49615360	60913	214776320	234194
659	10739	AF-0000000208659928	shard_143_batch_4.tar	128488448	146152	831030784	1369898
675	10090	AF-0000000208288578	shard_1359_batch_1.tar	86553600	173116	1270983680	2187405
675	10566	AF-0000000208288705	shard_2059_batch_2.tar	104280576	182248	376643072	2396224
689	10093	AF-0000000208771160	shard_1941_batch_4.tar	21610496	143023	1197646336	1553644
689	10257	AF-0000000208771197	shard_2019_batch_4.tar	67668480	128159	560144896	1251272
689	10340	AF-0000000208771267	shard_97_batch_4.tar	93300736	102096	340369920	806019
689	10359	AF-0000000209486728	shard_135_batch_4.tar	128558080	133523	392838656	1306919
709	10613	AF-0000000208278772	shard_75_batch_2.tar	82190848	87412	382297088	566733
718	10070	AF-0000000208562325	shard_55_batch_3.tar	37089280	76326	390691840	399129
718	10803	AF-0000000208562341	shard_57_batch_3.tar	43109888	77350	347550720	415885
752	10201	AF-0000000208511908	shard_1989_batch_3.tar	24965632	38420	1167454208	86458
752	10803	AF-0000000208511807	shard_7_batch_3.tar	5979136	42725	190310912	112527
771	10663	AF-0000000208500551	shard_57_batch_3.tar	21081600	75416	175514624	434642
772	10999	AF-0000000208662424	shard_2019_batch_4.tar	110482944	34565	1027183104	73788
774	10786	AF-0000000208404634	shard_1215_batch_1.tar	46085120	297201	904017920	6905243
788	10242	AF-0000000208527223	shard_137_batch_3.tar	27575808	135970	530671616	1373256
788	10244	AF-0000000208527207	shard_123_batch_3.tar	5938176	121973	1210041856	1092495
788	10246	AF-0000000208527193	shard_137_batch_3.tar	4100608	135402	730080768	1358358
788	10373	AF-0000000208527213	shard_125_batch_3.tar	60306944	123061	710292480	1134979
788	10937	AF-0000000208527194	shard_145_batch_3.tar	26356224	139990	851559936	1517217
795	10096	AF-0000000208639916	shard_2005_batch_4.tar	76463616	143163	1006874624	1485058
830	10592	AF-0000000208340382	shard_1951_batch_2.tar	11210240	85198	890033664	497715
846	10867	AF-0000000208703041	shard_97_batch_4.tar	14893056	102103	430748160	753217
852	10571	AF-0000000208277789	shard_55_batch_2.tar	34897920	74571	328450560	388779
852	10738	AF-0000000208277803	shard_31_batch_2.tar	28103680	60093	163974656	240521
871	10194	AF-0000000208459571	shard_2085_batch_2.tar	108002304	55527	594904576	190364
871	10427	AF-0000000208459408	shard_1941_batch_3.tar	3050496	52811	1044225024	183528
875	10161	AF-0000000208359456	shard_2037_batch_2.tar	14153728	203898	958200320	3086204
875	10642	AF-0000000208359472	shard_1361_batch_1.tar	100919808	180996	2018406400	2433219
887	10857	AF-0000000208688378	shard_145_batch_4.tar	34142208	141780	611477504	1565743
900	10008	AF-0000000208653843	shard_1199_batch_2.tar	64724480	246367	1783495680	4721725
900	10296	AF-0000000208653497	shard_1199_batch_2.tar	22837248	239931	1995208192	4320296
900	10417	AF-0000000208653797	shard_2083_batch_4.tar	31364608	93387	1010349568	652805
901	10589	AF-0000000208743380	shard_113_batch_4.tar	92376064	115718	349595648	925629
907	10244	AF-0000000208542452	shard_115_batch_3.tar	84424704	114084	1099460096	933866
907	10296	AF-0000000208542136	shard_2019_batch_3.tar	75136512	203959	896225280	2977666
907	10739	AF-0000000208542639	shard_133_batch_3.tar	55591936	132992	1468583424	1184355
907	10779	AF-0000000208542651	shard_23_batch_3.tar	16999936	53729	287849984	195788
916	10161	AF-0000000208771582	shard_2045_batch_4.tar	86224384	70469	1230352384	314387
916	10642	AF-0000000208771618	shard_2031_batch_4.tar	2017280	47193	737757696	128608
927	10144	AF-0000000208704982	shard_1369_batch_2.tar	45277184	189353	1344676864	2467222
927	10318	AF-0000000208705242	shard_1993_batch_4.tar	112842240	153668	1129074688	1618692
937	10088	AF-0000000208493123	shard_101_batch_3.tar	22109184	106713	513042944	801896
937	10161	AF-0000000208493216	shard_1927_batch_3.tar	1107968	126006	751407616	1157754
937	10546	AF-0000000208493088	shard_1941_batch_3.tar	43861504	155884	1087030784	1788437
948	10087	AF-0000000208603251	shard_2025_batch_4.tar	75216896	188393	921659392	2402017
962	10647	AF-0000000208680964	shard_23_batch_4.tar	16431104	54958	200432128	190889
962	10703	AF-0000000208681054	shard_2033_batch_4.tar	28931584	42527	384460288	109593
965	10601	AF-0000000208479975	shard_137_batch_3.tar	40969216	134914	933526528	1337372
969	10569	AF-0000000208629813	shard_1197_batch_2.tar	110840320	244348	336274944	4584826
971	10425	AF-0000000208540758	shard_2011_batch_3.tar	95265280	140573	893219328	1406255
971	10576	AF-0000000208540745	shard_1967_batch_3.tar	93325824	146942	981666304	1541379
971	10670	AF-0000000208540738	shard_2049_batch_3.tar	8930816	164566	1156927488	1915908
982	10259	AF-0000000208701655	shard_2011_batch_4.tar	45677568	162441	360039424	1721241
983	10066	AF-0000000208384035	shard_1917_batch_2.tar	22573568	202130	691658752	2941676
998	10743	AF-0000000208746471	shard_59_batch_4.tar	21165056	78461	168723456	431465
1001	10069	AF-0000000208781533	shard_3_batch_4.tar	31637504	37995	91131392	83933
1001	10332	AF-0000000208781591	shard_1989_batch_4.tar	103455232	45970	536336896	133740
1006	10115	AF-0000000208513129	shard_1967_batch_3.tar	14769152	238448	1180157440	4022095
1006	10688	AF-0000000208511958	shard_2023_batch_3.tar	59720192	215993	571502592	3237210
1006	10716	AF-0000000208513411	shard_141_batch_3.tar	93496832	141646	270354944	1460987
1019	10479	AF-0000000208444945	shard_1909_batch_3.tar	105364480	198783	439262208	2739258
1032	10688	AF-0000000208349849	shard_1383_batch_1.tar	174175744	203632	2205761024	2966097
1032	10980	AF-0000000208349863	shard_155_batch_2.tar	113546240	156565	1282075136	1834841
1043	10087	AF-0000000208264471	shard_161_batch_2.tar	35690496	166415	2090065920	1859634
1043	10456	AF-0000000208264515	shard_53_batch_2.tar	37809664	75059	469513216	388814
1043	10647	AF-0000000208264516	shard_41_batch_2.tar	12398080	66559	166004736	304069
1043	10890	AF-0000000208264531	shard_61_batch_2.tar	58927616	81467	544647680	449833
1043	10901	AF-0000000208264607	shard_1907_batch_2.tar	4677120	59695	1034726400	268508
1062	10202	AF-0000000208266277	shard_71_batch_2.tar	10004992	84975	351048192	529750
1062	10715	AF-0000000208266217	shard_1951_batch_2.tar	64907264	84997	1094685184	534827
1062	10806	AF-0000000208266123	shard_13_batch_2.tar	27805184	45958	163197440	149861
1062	10873	AF-0000000208266118	shard_13_batch_2.tar	38947840	45575	94918144	146930
1078	10355	AF-0000000208352697	shard_1359_batch_1.tar	24865792	174940	2541041152	2317590
1078	10964	AF-0000000208352684	shard_1355_batch_1.tar	82942976	172525	2388878848	2243875
1083	10093	AF-0000000208478583	shard_103_batch_3.tar	42301952	107332	751690752	822070
1083	10207	AF-0000000208478541	shard_125_batch_3.tar	55414784	122847	737218048	1144964
1083	10242	AF-0000000208478680	shard_1979_batch_3.tar	89205760	134529	384252416	1359805
1083	10246	AF-0000000208478578	shard_1943_batch_3.tar	3202048	133699	965326336	1330860
1083	10582	AF-0000000208478617	shard_1941_batch_3.tar	10732544	135899	899350016	1405974
1083	10937	AF-0000000208478581	shard_1923_batch_3.tar	26163712	138273	1125281280	1522640
1085	10149	AF-0000000208309612	shard_35_batch_2.tar	61964288	61860	127709184	278167
1090	10065	AF-0000000208620255	shard_31_batch_4.tar	20118016	61238	277142016	235536
1090	10753	AF-0000000208620082	shard_1953_batch_4.tar	13078528	66513	856444416	298484
1101	10786	AF-0000000208669867	shard_1925_batch_4.tar	100259840	249661	529734144	4953924
1108	10395	AF-0000000208647021	shard_153_batch_4.tar	8002048	151504	365933568	1639994
1141	10373	AF-0000000208659994	shard_2039_batch_4.tar	522240	184139	336303104	2618019
1163	10369	AF-0000000208696156	shard_1347_batch_2.tar	80817664	165930	1559844352	2069040
1164	10936	AF-0000000208616499	shard_2037_batch_4.tar	94614016	90940	364702208	522094
1170	10690	AF-0000000208430126	shard_2005_batch_3.tar	53253632	62931	220587008	274151
1170	10901	AF-0000000208430279	shard_19_batch_3.tar	19712000	49776	242489344	175081
1180	10290	AF-0000000208743417	shard_137_batch_4.tar	44030464	137049	1119901184	1303482
1185	10730	AF-0000000208758598	shard_2005_batch_4.tar	59822592	128250	1203279360	1206402
1215	10964	AF-0000000208475180	shard_2051_batch_3.tar	19828224	38303	687754240	77162
1230	10427	AF-0000000208379281	shard_2031_batch_2.tar	46358528	75684	777801216	407739
1252	10602	AF-0000000208568340	shard_23_batch_3.tar	36064768	54507	119842816	196784
1258	10486	AF-0000000208467580	shard_2031_batch_3.tar	1028096	177362	599650816	2408095
1260	10716	AF-0000000208700966	shard_91_batch_4.tar	68536832	99881	317493760	691660
1266	10715	AF-0000000208789463	shard_133_batch_4.tar	38701568	129121	561949696	1225481
1285	10257	AF-0000000208721565	shard_2033_batch_4.tar	114240512	140466	1098914816	1536745
1285	10582	AF-0000000208721577	shard_1371_batch_2.tar	12563456	184258	1330253824	2710800
1285	10937	AF-0000000208721527	shard_1951_batch_4.tar	92221440	186043	371511296	2815711
1300	10916	AF-0000000208327307	shard_1955_batch_2.tar	57011712	91166	729821696	581553
1317	10074	AF-0000000208712311	shard_2077_batch_4.tar	15083520	132706	1318706176	1254692
1317	10194	AF-0000000208712015	shard_51_batch_4.tar	29983232	75957	462087168	376365
1317	10890	AF-0000000208711958	shard_1983_batch_4.tar	87386112	97750	984913408	660696
1323	10512	AF-0000000208724220	shard_1207_batch_2.tar	21589504	260460	2438144000	4938243
1337	10297	AF-0000000208728151	shard_1959_batch_4.tar	14376448	84701	570333696	474749
1345	10272	AF-0000000208377368	shard_47_batch_2.tar	25802752	69408	153388032	339299
1345	10304	AF-0000000208377382	shard_2031_batch_2.tar	47260160	40669	818598400	97424
1354	10290	AF-0000000208297282	shard_2045_batch_2.tar	35748352	104312	1178535936	732802
1357	10297	AF-0000000208329265	shard_97_batch_2.tar	39672320	104884	691275264	751614
1357	10673	AF-0000000208329191	shard_1983_batch_2.tar	46992384	179225	622496768	2332451
1360	10161	AF-0000000208401846	shard_1949_batch_2.tar	57121792	101320	1155240448	712991
1367	10352	AF-0000000208693825	shard_1903_batch_4.tar	83906048	133393	1231101440	1311543
1367	10368	AF-0000000208693879	shard_2035_batch_4.tar	48257536	101676	534297600	764202
1370	10162	AF-0000000208409709	shard_2065_batch_3.tar	60813824	195329	1000126464	2922720
1373	10070	AF-0000000208531619	shard_151_batch_3.tar	137924096	149973	771812352	1528301
1373	10201	AF-0000000208531768	shard_1989_batch_3.tar	6035456	146210	341156864	1475157
1373	10461	AF-0000000208531754	shard_1919_batch_3.tar	63293952	208225	1041327616	2961330
1373	10803	AF-0000000208531645	shard_151_batch_3.tar	36681728	151194	1769359360	1584841
1377	10799	AF-0000000208620379	shard_1941_batch_4.tar	14902272	258895	811984384	5166362
1408	10345	AF-0000000208409966	shard_127_batch_3.tar	44640256	128795	475072512	1161360
1408	10916	AF-0000000208409952	shard_2077_batch_3.tar	16516096	89664	570082816	565166
1422	10088	AF-0000000208575868	shard_7_batch_3.tar	9955840	42748	169944064	111601
1423	10644	AF-0000000208741303	shard_2025_batch_4.tar	92155392	204765	326864384	2979761
1425	10149	AF-0000000208735707	shard_1945_batch_4.tar	33770496	53108	727290880	176257
1436	10910	AF-0000000208521647	shard_1_batch_2.tar	18488320	27245	63346688	37767
1443	10330	AF-0000000208532108	shard_2023_batch_3.tar	2163200	33269	501294592	60354
1443	10936	AF-0000000208532039	shard_1_batch_3.tar	23763968	34186	79805440	65763
1443	10999	AF-0000000208532455	shard_1_batch_3.tar	17522688	25353	73993728	36209
1451	10005	AF-0000000208787913	shard_73_batch_4.tar	19178496	86645	470383616	508795
1456	10995	AF-0000000208675180	shard_33_batch_4.tar	56265216	60358	117861888	260111
1467	10694	AF-0000000208547959	shard_2081_batch_3.tar	60327936	96957	537669120	670490
1490	10937	AF-0000000208542868	shard_161_batch_3.tar	47207424	162229	507482624	2060081
1500	10738	AF-0000000208298576	shard_61_batch_2.tar	46902784	82899	328473088	454262
1510	10355	AF-0000000208729498	shard_1977_batch_4.tar	91231744	161351	675774976	1884915
1510	10964	AF-0000000208729482	shard_1967_batch_4.tar	85641728	158328	1269223424	1816996
1514	10842	AF-0000000208404695	shard_2033_batch_2.tar	23620096	150043	532427776	1541616
1522	10467	AF-0000000208633218	shard_33_batch_4.tar	7909376	60515	352934912	253213
1522	10675	AF-0000000208633219	shard_57_batch_4.tar	54646784	75464	246279168	393811
1522	10692	AF-0000000208633231	shard_35_batch_4.tar	45732352	61468	272455680	254332
1523	10515	AF-0000000208347020	shard_85_batch_2.tar	79385088	93776	245259264	646177
1539	10120	AF-0000000208381423	shard_1957_batch_2.tar	12825600	95840	862529024	653042
1549	10276	AF-0000000208476437	shard_1957_batch_3.tar	56168960	80014	1231508992	439454
1554	10305	AF-0000000208783447	shard_27_batch_4.tar	31744000	58477	169577472	225469
1554	10332	AF-0000000208783444	shard_7_batch_4.tar	15072256	42737	154752000	111740
1558	10916	AF-0000000208376026	shard_1937_batch_2.tar	70538752	89025	1414853120	582318
1575	10079	AF-0000000208356815	shard_2047_batch_2.tar	73814016	185763	301886976	2505193
1575	10228	AF-0000000208356896	shard_109_batch_2.tar	15212032	109560	952780800	922759
1594	10508	AF-0000000208718970	shard_125_batch_4.tar	48765952	125845	1005287424	1138339
1595	10055	AF-0000000208535896	shard_27_batch_3.tar	33491456	57921	158390272	223712
1595	10756	AF-0000000208535901	shard_1959_batch_3.tar	5218816	46745	298349568	137057
1608	10147	AF-0000000208595349	shard_111_batch_3.tar	10585600	113150	660516352	922187
1608	10259	AF-0000000208595329	shard_155_batch_4.tar	108595712	158855	1319961088	1592658
1612	10005	AF-0000000208357158	shard_2025_batch_2.tar	49157120	174563	1323277824	2269733
1612	10066	AF-0000000208357124	shard_1397_batch_1.tar	134605824	221554	2206204928	3691735
1612	10120	AF-0000000208357084	shard_1389_batch_1.tar	123984384	212669	2902537728	3320699
1616	10476	AF-0000000208481645	shard_2045_batch_3.tar	89560064	201191	1192680448	2943369
1623	10716	AF-0000000208545073	shard_71_batch_3.tar	84367872	85137	214496768	523208
1628	10301	AF-0000000208764611	shard_153_batch_4.tar	23955968	151393	1376519680	1587629
1639	10654	AF-0000000208570145	shard_159_batch_3.tar	149035008	162599	786238464	1858442
1639	10710	AF-0000000208569958	shard_99_batch_3.tar	38358528	105659	314267648	781173
1647	10052	AF-0000000208453467	shard_133_batch_3.tar	10759168	126531	606301184	1222642
1648	10304	AF-0000000208571764	shard_67_batch_3.tar	42244096	82722	637258240	472431
1653	10147	AF-0000000208546651	shard_1199_batch_2.tar	92662784	241243	1363044864	4204163
1653	10228	AF-0000000208546654	shard_1395_batch_1.tar	213728256	214896	2561289728	3350227
1656	10120	AF-0000000208412394	shard_115_batch_3.tar	92023808	117327	496453120	936892
1664	10137	AF-0000000208778646	shard_1965_batch_4.tar	63806976	76286	479464960	434197
1672	10056	AF-0000000208566224	shard_2055_batch_3.tar	21596160	125863	503937024	1060369
1672	10475	AF-0000000208566263	shard_1971_batch_3.tar	49364992	128342	672239104	1117021
1678	10106	AF-0000000208548230	shard_1951_batch_3.tar	52926464	66384	774312448	286406
1680	10076	AF-0000000208321491	shard_2059_batch_2.tar	72826880	332608	1279663616	8443297
1680	10213	AF-0000000208321532	shard_1955_batch_2.tar	67751424	297701	1183926272	6804569
1680	10476	AF-0000000208321536	shard_1929_batch_2.tar	71652352	357676	310466560	9105194
1681	10582	AF-0000000203696695	shard_1364_batch_0.tar	98944000	182949	1244950016	2577584
1681	10937	AF-0000000203696688	shard_1368_batch_0.tar	150133760	184899	793347584	2652281
1687	10332	AF-0000000208545115	shard_3_batch_3.tar	24620544	37364	77477888	86824
1688	10877	AF-0000000208528884	shard_1927_batch_3.tar	92055552	85227	553238016	461406
1736	10136	AF-0000000208483968	shard_29_batch_3.tar	11291648	58378	176343552	222479
1749	10301	AF-0000000208778786	shard_1923_batch_4.tar	22151680	128992	998236160	1147018
1759	10571	AF-0000000208269071	shard_1925_batch_2.tar	44402176	70078	879411712	348114
1791	10194	AF-0000000208779347	shard_2009_batch_4.tar	78189568	55796	959318528	191170
1791	10272	AF-0000000208779281	shard_53_batch_4.tar	55243264	73203	269221376	383987
1791	10546	AF-0000000208779085	shard_101_batch_4.tar	52602368	103545	794733056	793799
1791	10690	AF-0000000208779118	shard_47_batch_4.tar	33075712	69754	157732864	339210
1799	10202	AF-0000000208606104	shard_2051_batch_4.tar	106958848	90488	617547776	597633
1809	10806	AF-0000000208299500	shard_2059_batch_2.tar	114240512	59351	902394880	242844
1809	10866	AF-0000000208299602	shard_1383_batch_1.tar	169893376	207394	2306087936	3018302
1809	10873	AF-0000000208299495	shard_1935_batch_2.tar	42550272	59032	996326912	238425
1809	10881	AF-0000000208299622	shard_29_batch_2.tar	11853824	60996	277555200	233625
1815	10147	AF-0000000208349904	shard_133_batch_2.tar	35587072	131218	700355072	1276254
1819	10330	AF-0000000208315784	shard_5_batch_2.tar	17425408	39471	106980864	99204
1819	10546	AF-0000000208315741	shard_2053_batch_2.tar	104780800	98448	794891264	729356
1819	10681	AF-0000000208316077	shard_2027_batch_2.tar	10375168	45825	1033350656	140395
1826	10159	AF-0000000208384427	shard_1967_batch_2.tar	58936832	267083	812465152	5386291
1826	10259	AF-0000000208384525	shard_1211_batch_1.tar	98169344	282955	6071077888	5520811
1826	10369	AF-0000000208384441	shard_1901_batch_2.tar	45850624	239256	758435328	4395475
1828	10007	AF-0000000208617046	shard_99_batch_4.tar	27694592	106196	788211200	769117
1828	10368	AF-0000000208617523	shard_1979_batch_4.tar	2476032	104685	610007040	713900
1828	10427	AF-0000000208617148	shard_1895_batch_4.tar	76454912	93448	1307795456	564836
1828	10690	AF-0000000208617051	shard_105_batch_4.tar	982528	110350	1042965504	806105
1838	10128	AF-0000000208794079	shard_67_batch_4.tar	23529472	78990	398615040	478178
1838	10191	AF-0000000208794212	shard_2011_batch_4.tar	49096704	76640	748438016	440069
1838	10866	AF-0000000208793877	shard_1395_batch_2.tar	97311232	218590	395073024	3434442
1842	10177	AF-0000000208634149	shard_1921_batch_4.tar	51103232	188948	1406270464	2516507
1842	10242	AF-0000000208634780	shard_2017_batch_4.tar	63882752	135032	376911360	1348163
1842	10246	AF-0000000208634251	shard_135_batch_4.tar	36749824	134397	1330031104	1346218
1842	10417	AF-0000000208634504	shard_1977_batch_4.tar	35055616	63367	1168774656	264337
1842	10801	AF-0000000208634428	shard_71_batch_4.tar	43000320	87159	547636224	520804
1842	10910	AF-0000000208634678	shard_13_batch_4.tar	45725696	48895	161373696	140711
1842	10937	AF-0000000208634256	shard_143_batch_4.tar	90136576	138750	1426876928	1495939
1847	10731	AF-0000000208728285	shard_1927_batch_4.tar	36046336	134027	846335488	1389729
1859	10989	AF-0000000208561777	shard_1955_batch_3.tar	20932096	135596	291813888	1400620
1860	10276	AF-0000000208476591	shard_1929_batch_3.tar	92944896	109908	550958592	813564
1860	10383	AF-0000000208476546	shard_1391_batch_1.tar	112091136	207321	2510214144	2909624
1868	10161	AF-0000000208498340	shard_81_batch_3.tar	86134784	92648	722077696	592365
1880	10642	AF-0000000208299954	shard_7_batch_1.tar	2011136	42994	85601280	116180
1881	10069	AF-0000000208301265	shard_2037_batch_2.tar	38896128	34346	1191360512	65495
1881	10681	AF-0000000208301287	shard_1933_batch_2.tar	78320640	48501	1358842368	143570
1882	10193	AF-0000000208782150	shard_85_batch_4.tar	36024320	89490	541643264	622056
1882	10427	AF-0000000208782032	shard_2003_batch_4.tar	30906368	60414	354039296	262500
1882	10647	AF-0000000208782078	shard_53_batch_4.tar	8785408	70798	227535872	358394
1887	10008	AF-0000000208743982	shard_1405_batch_2.tar	44454912	239146	2001415680	4272351
1887	10120	AF-0000000208743919	shard_1909_batch_4.tar	45294080	129170	848339456	1165604
1887	10308	AF-0000000208744020	shard_65_batch_4.tar	62607872	81212	469963264	464031
1889	10592	AF-0000000208502033	shard_1901_batch_3.tar	53126144	66208	213522944	282743
1922	10161	AF-0000000208338950	shard_1929_batch_2.tar	105819648	102430	685047808	719811
1922	10483	AF-0000000208338969	shard_1911_batch_2.tar	77232640	148533	432630784	1641536
1922	10642	AF-0000000208338982	shard_2053_batch_2.tar	46989824	79190	1113268224	433641
1938	10446	AF-0000000208715033	shard_59_batch_4.tar	160256	80061	242856960	426587
1939	10499	AF-0000000208794392	shard_2063_batch_4.tar	72651776	183675	1360636416	2432071
1953	10811	AF-0000000208577245	shard_2049_batch_3.tar	17203200	151417	1197338112	1628505
1956	10582	AF-0000000208469678	shard_155_batch_3.tar	112875008	153728	1699529216	1850232
1956	10937	AF-0000000208469652	shard_159_batch_3.tar	8395264	156231	2132414976	1931782
1966	10611	AF-0000000208792484	shard_67_batch_4.tar	69356544	80479	257406464	451545
1968	10566	AF-0000000208331855	shard_149_batch_2.tar	74970624	147777	1036742144	1611161
1986	10079	AF-0000000208400906	shard_1961_batch_2.tar	31033856	178326	965407232	2228855
1988	10897	AF-0000000208386283	shard_2007_batch_2.tar	115130368	166670	1032265728	2027673
1994	10897	AF-0000000208700033	shard_141_batch_4.tar	35891712	141833	298233344	1456423
2000	10304	AF-0000000208535006	shard_1971_batch_3.tar	74120704	46027	304109568	134861
2002	10004	AF-0000000208554131	shard_51_batch_3.tar	5684224	71066	424583680	364666
2021	10222	AF-0000000209487625	shard_2013_batch_4.tar	24602112	127272	331882496	1161584
2027	10008	AF-0000000208309802	shard_1219_batch_1.tar	225511936	357442	6645526528	8932818
2034	10722	AF-0000000208474045	shard_2021_batch_3.tar	106396160	43082	406047744	108089
2038	10280	AF-0000000208566292	shard_1215_batch_2.tar	56117248	312329	2242777600	6842784
2045	10993	AF-0000000208613594	shard_151_batch_4.tar	6628864	150027	1933432832	1702132
2048	10330	AF-0000000208517698	shard_1893_batch_3.tar	20938752	49427	895480320	154572
2049	10345	AF-0000000208655900	shard_141_batch_4.tar	2352128	142737	1455484416	1456206
2049	10916	AF-0000000208655886	shard_101_batch_4.tar	7474176	103903	596741120	781478
2051	10793	AF-0000000208468676	shard_127_batch_3.tar	84252672	129696	1242785280	1078903
2052	10161	AF-0000000208783552	shard_79_batch_4.tar	85508096	91982	441737216	583178
2053	10927	AF-0000000208492002	shard_155_batch_3.tar	154613760	158385	1411763712	1690893
2054	10272	AF-0000000208269174	shard_151_batch_2.tar	137173504	146886	1024950272	1585910
2054	10456	AF-0000000208269168	shard_149_batch_2.tar	20496896	144840	840372736	1526030
2059	10066	AF-0000000208746526	shard_2009_batch_4.tar	70185472	108747	843810304	849968
2061	10644	AF-0000000208424333	shard_2007_batch_3.tar	73867776	98060	359708160	658522
2062	10292	AF-0000000208682718	shard_133_batch_4.tar	6653440	130467	464273920	1253168
2063	10201	AF-0000000208599121	shard_33_batch_4.tar	55581696	62383	361495040	245940
2064	10177	AF-0000000208454598	shard_2029_batch_3.tar	72870912	205557	803119104	3045857
2064	10739	AF-0000000208454685	shard_153_batch_3.tar	130969088	155928	1568471552	1648534
2065	10290	AF-0000000208626701	shard_2029_batch_4.tar	107942912	115815	816903168	911632
2068	10083	AF-0000000208415907	shard_2047_batch_3.tar	100145664	150676	889222144	1521580
2081	10602	AF-0000000208718460	shard_1953_batch_4.tar	69146112	78495	355169792	411212
2081	10708	AF-0000000208718380	shard_167_batch_4.tar	69755904	172952	1111144448	2229623
2081	10739	AF-0000000208718482	shard_1935_batch_4.tar	71861760	165144	447837696	1762821
2090	10552	AF-0000000208283315	shard_1991_batch_2.tar	34270720	192880	320956928	2892702
2093	10644	AF-0000000208324112	shard_2043_batch_2.tar	12961280	146683	306863104	1673587
2093	10715	AF-0000000208323987	shard_141_batch_2.tar	68627968	138155	1013484544	1479205
2098	10644	AF-0000000208494055	shard_1929_batch_3.tar	97802752	111033	715757056	885226
2103	10613	AF-0000000208698721	shard_1391_batch_2.tar	3654144	213223	1469667328	3470279
2113	10901	AF-0000000208300221	shard_55_batch_2.tar	67850240	74088	224741376	396891
2118	10272	AF-0000000208777108	shard_95_batch_4.tar	20540928	100665	878295040	727232
2118	10456	AF-0000000208777095	shard_91_batch_4.tar	73687040	98991	573520384	685572
2125	10079	AF-0000000208464637	shard_2033_batch_3.tar	39977984	184401	419294208	2446920
2125	10332	AF-0000000208464654	shard_1975_batch_3.tar	65825792	67631	1085137408	323814
2132	10085	AF-0000000208389714	shard_67_batch_2.tar	71988224	84857	243586048	496602
2132	10772	AF-0000000208390156	shard_117_batch_2.tar	39830528	118251	666568192	970144
2142	10202	AF-0000000208614611	shard_61_batch_4.tar	42521088	80320	276652544	460390
2147	10069	AF-0000000208749601	shard_2045_batch_4.tar	44130816	41238	1186545664	111030
2147	10194	AF-0000000208749542	shard_1971_batch_4.tar	57297920	60245	1377763328	233155
2147	10427	AF-0000000208749413	shard_29_batch_4.tar	3632128	57494	160921088	227074
2147	10456	AF-0000000208749451	shard_57_batch_4.tar	37734400	76188	408501248	413477
2147	10544	AF-0000000208749233	shard_39_batch_4.tar	24693760	66261	219685888	295725
2147	10546	AF-0000000208749292	shard_111_batch_4.tar	108961280	107757	949902848	873750
2147	10805	AF-0000000208749556	shard_1901_batch_4.tar	3488256	138831	266453504	1390251
2147	10821	AF-0000000208749691	shard_23_batch_4.tar	2669568	54340	240641536	198090
2147	10901	AF-0000000208749744	shard_1987_batch_4.tar	64567808	61096	300590592	288507
2147	10910	AF-0000000208749657	shard_9_batch_4.tar	5688320	43668	160499200	117595
2150	10589	AF-0000000208626798	shard_1191_batch_2.tar	90312192	232745	603540992	3844090
2157	10084	AF-0000000208427825	shard_49_batch_3.tar	51892224	73019	247787008	360522
2157	10221	AF-0000000208427821	shard_61_batch_3.tar	30261760	79825	509793280	415292
2158	10589	AF-0000000208361035	shard_1931_batch_2.tar	58595840	134025	960742912	1242978
2159	10390	AF-0000000208368622	shard_2005_batch_2.tar	99493376	76290	973676544	401317
2171	10013	AF-0000000208589947	shard_99_batch_3.tar	74979840	103791	461480448	783125
2171	10358	AF-0000000208589969	shard_111_batch_3.tar	111571456	113686	737442304	914454
2171	10399	AF-0000000208589963	shard_99_batch_3.tar	69223936	104073	287059968	783418
2171	10400	AF-0000000208589962	shard_95_batch_3.tar	75436544	100799	714084864	740920
2171	10407	AF-0000000208589953	shard_85_batch_3.tar	65186816	94693	568369664	645410
2171	10622	AF-0000000208589974	shard_55_batch_3.tar	69985280	75410	448634368	391139
2171	10731	AF-0000000208589952	shard_89_batch_3.tar	56735744	96766	437263872	694743
2171	10735	AF-0000000208589937	shard_93_batch_3.tar	29815296	100946	510999552	718345
2171	10826	AF-0000000208589935	shard_115_batch_3.tar	24432640	118228	687827968	981453
2181	10663	AF-0000000208361131	shard_79_batch_2.tar	79996416	89263	560221184	564797
2183	10008	AF-0000000208462519	shard_1397_batch_1.tar	162163200	221374	3262689792	3744003
2183	10257	AF-0000000208462380	shard_1907_batch_3.tar	84797440	98409	1212521472	700367
2184	10456	AF-0000000208505606	shard_103_batch_3.tar	45324288	105590	938575872	783553
2185	10248	AF-0000000208548409	shard_163_batch_3.tar	150617088	168516	785985024	2119595
2185	10355	AF-0000000208548431	shard_1933_batch_3.tar	41159680	94904	895131648	538358
2185	10964	AF-0000000208548413	shard_77_batch_3.tar	84314112	92405	582352384	482778
2203	10566	AF-0000000208423846	shard_1369_batch_1.tar	148708352	186939	2049897984	2593364
2203	10867	AF-0000000208423805	shard_163_batch_3.tar	34961920	165715	2301011968	2002554
2238	10165	AF-0000000208794517	shard_1359_batch_2.tar	30420992	177866	2471015424	2307063
2251	10173	AF-0000000208466189	shard_2007_batch_3.tar	45392384	173873	1113355264	2096198
2251	10259	AF-0000000208466099	shard_157_batch_3.tar	25707008	163072	1502304768	1672669
2251	10698	AF-0000000208466132	shard_153_batch_3.tar	126214144	152538	893917184	1717264
2254	10610	AF-0000000208467708	shard_1219_batch_1.tar	269992448	361902	4292785664	9310845
2265	10795	AF-0000000203626124	shard_1896_batch_0.tar	20662272	314628	1123081728	7399957
2271	10161	AF-0000000208749892	shard_145_batch_4.tar	71906304	146984	1603557376	1508070
2271	10399	AF-0000000208749807	shard_1971_batch_4.tar	88672768	161388	457688576	1810717
2271	10688	AF-0000000208749793	shard_1405_batch_2.tar	87485952	237638	1828844032	3949166
2271	10826	AF-0000000208749797	shard_167_batch_4.tar	100936192	173982	2292183040	2171649
2277	10412	AF-0000000208736031	shard_127_batch_4.tar	66562048	127731	369019904	1143640
2278	10242	AF-0000000208594405	shard_135_batch_3.tar	40776192	132773	818321920	1318923
2278	10244	AF-0000000208594391	shard_119_batch_3.tar	99722752	118060	771699200	1032963
2278	10246	AF-0000000208594381	shard_135_batch_3.tar	52588544	131753	1101247488	1300236
2278	10373	AF-0000000208594396	shard_123_batch_3.tar	67717120	119452	1146871808	1077787
2282	10906	AF-0000000208263656	shard_1969_batch_2.tar	55606784	210088	686408192	3122839
2293	10202	AF-0000000208752081	shard_93_batch_4.tar	91801088	100483	218247168	726956
2293	10272	AF-0000000208751741	shard_1981_batch_4.tar	75554304	89609	232110592	569422
2296	10244	AF-0000000208367833	shard_1961_batch_2.tar	31428096	107696	1373333504	866224
2296	10373	AF-0000000208367878	shard_111_batch_2.tar	9103872	109293	919206912	922572
2296	10716	AF-0000000208367879	shard_75_batch_2.tar	1345024	86525	551239680	556566
2298	10202	AF-0000000208720786	shard_109_batch_4.tar	60549120	111572	429574656	906694
2305	10413	AF-0000000208267167	shard_99_batch_2.tar	16438784	104112	666845184	760002
2305	10914	AF-0000000208267166	shard_117_batch_2.tar	48607232	117471	372412928	987248
2306	10473	AF-0000000208441488	shard_7_batch_2.tar	8892416	42732	146530816	119187
2313	10305	AF-0000000208715201	shard_31_batch_4.tar	44974080	60712	258236416	253009
2327	10569	AF-0000000208452977	shard_1897_batch_3.tar	57737728	180659	671071744	2513456
2329	10373	AF-0000000208267685	shard_1907_batch_2.tar	47271936	131686	310378496	1327666
2329	10821	AF-0000000208267765	shard_43_batch_2.tar	16381952	69330	378638848	320274
2330	10358	AF-0000000208568571	shard_2011_batch_3.tar	19629056	136829	881318400	1365521
2334	10070	AF-0000000208392546	shard_19_batch_2.tar	35462144	53552	237843456	176682
2335	10644	AF-0000000208334678	shard_105_batch_2.tar	82885120	110660	854959616	859514
2335	10744	AF-0000000208334611	shard_89_batch_2.tar	1779712	98561	568169472	693309
2339	10386	AF-0000000208682795	shard_167_batch_4.tar	14561280	172472	773288960	2235013
2339	10611	AF-0000000208682866	shard_2001_batch_4.tar	50888704	124898	1263078400	1163407
2375	10332	AF-0000000208774061	shard_61_batch_4.tar	17285120	82531	185047040	439661
2377	10096	AF-0000000208554927	shard_43_batch_3.tar	45858816	69740	232524800	317936
2377	10335	AF-0000000208554355	shard_1995_batch_3.tar	87273984	144901	1271902720	1544855
2377	10423	AF-0000000208555201	shard_1921_batch_3.tar	1373184	77351	896215552	425533
2377	10706	AF-0000000208554931	shard_33_batch_3.tar	49918464	62389	290548736	262286
2379	10982	AF-0000000208738166	shard_1917_batch_4.tar	48535040	73763	1126234624	357183
2388	10715	AF-0000000208385802	shard_2011_batch_2.tar	110614528	78401	225634816	453384
2388	10906	AF-0000000208385817	shard_2053_batch_2.tar	93347328	143504	748953600	1490899
2400	10636	AF-0000000208328711	shard_1989_batch_2.tar	11741184	148485	1125243392	1666697
2404	10681	AF-0000000208677768	shard_9_batch_4.tar	31451136	44775	127536128	124168
2405	10202	AF-0000000208522910	shard_1991_batch_3.tar	92932608	81324	464599040	464754
2411	10360	AF-0000000208364003	shard_1979_batch_2.tar	73660928	257170	1128340992	4808150
2417	10239	AF-0000000208280488	shard_153_batch_2.tar	62325248	150280	1795594752	1587663
2420	10276	AF-0000000208665988	shard_2025_batch_4.tar	96237056	140913	643101696	1344360
2443	10066	AF-0000000208736258	shard_87_batch_4.tar	77579776	94719	293334528	623110
2443	10228	AF-0000000208736294	shard_2023_batch_4.tar	30801408	75165	1177448960	408226
2452	10106	AF-0000000208660335	shard_51_batch_4.tar	36752896	75610	443883008	373098
2460	10162	AF-0000000208337020	shard_1391_batch_1.tar	94932480	211401	567015424	3219188
2460	10857	AF-0000000208337070	shard_145_batch_2.tar	54294016	142487	549029376	1522783
2470	10129	AF-0000000208740156	shard_1927_batch_4.tar	25859584	67129	1252390912	306573
2478	10786	AF-0000000208679709	shard_1217_batch_2.tar	139825664	331122	632565248	8907742
2484	10161	AF-0000000208782478	shard_101_batch_4.tar	95178240	105586	464637440	790122
2484	10642	AF-0000000208782509	shard_65_batch_4.tar	21750272	82546	341039104	471503
2486	10417	AF-0000000208313720	shard_1933_batch_2.tar	56731136	225716	1244232704	3767494
2487	10073	AF-0000000208540800	shard_71_batch_3.tar	39799808	85285	353038336	508441
2487	10201	AF-0000000208540953	shard_1907_batch_3.tar	54797312	41343	235608576	99600
2487	10498	AF-0000000208540844	shard_61_batch_3.tar	79449088	77570	352687104	431603
2488	10546	AF-0000000208771747	shard_1961_batch_4.tar	21835776	118892	1254721536	1090010
2488	10654	AF-0000000208771814	shard_1977_batch_4.tar	74434560	120494	618838016	1058981
2491	10242	AF-0000000208322283	shard_2057_batch_2.tar	4119040	169131	731877376	2191058
2491	10244	AF-0000000208322035	shard_157_batch_2.tar	130968064	155012	917201920	1813265
2491	10246	AF-0000000208321782	shard_167_batch_2.tar	146909696	168325	768656896	2190418
2491	10373	AF-0000000208322140	shard_1979_batch_2.tar	14846976	156727	1167996928	1892603
2491	10582	AF-0000000208321969	shard_1947_batch_2.tar	93543424	170841	1245226496	2278905
2491	10937	AF-0000000208321787	shard_1359_batch_1.tar	95071744	173251	796302336	2368035
2497	10715	AF-0000000208405848	shard_1989_batch_3.tar	60767744	90123	809549824	609071
2499	10304	AF-0000000208328819	shard_3_batch_2.tar	23432704	38375	118947840	90170
2500	10177	AF-0000000208670143	shard_1389_batch_2.tar	75726336	208106	1476920832	3096064
2500	10244	AF-0000000208670497	shard_141_batch_4.tar	67822592	139418	598868480	1469460
2500	10246	AF-0000000208670245	shard_1961_batch_4.tar	70680576	152337	1270951424	1797851
2500	10677	AF-0000000208670078	shard_1909_batch_4.tar	96283136	202615	1077847552	3258809
2501	10022	AF-0000000208430667	shard_107_batch_3.tar	89782784	109855	332470784	867146
2501	10301	AF-0000000208430664	shard_117_batch_3.tar	62429184	119025	1043551744	955531
2501	10901	AF-0000000208430897	shard_2065_batch_3.tar	70709248	69070	600331776	351312
2517	10190	AF-0000000208466264	shard_1959_batch_3.tar	16119296	84170	962493440	469575
2523	10242	AF-0000000208436013	shard_1365_batch_1.tar	7250944	182101	1668217856	2544253
2525	10242	AF-0000000208268542	shard_165_batch_2.tar	137384448	167680	2406575616	2171092
2525	10644	AF-0000000208268509	shard_137_batch_2.tar	46256128	135317	643255808	1395366
2527	10999	AF-0000000208452160	shard_1923_batch_3.tar	56820736	107762	1174335488	931795
2528	10242	AF-0000000208295018	shard_2085_batch_2.tar	43403776	138073	736810496	1464667
2528	10246	AF-0000000208294522	shard_2011_batch_2.tar	47842816	137283	1358766080	1429192
2528	10644	AF-0000000208294985	shard_101_batch_2.tar	76290048	105319	562520576	810445
2528	10937	AF-0000000208294526	shard_147_batch_2.tar	86303232	141899	1405108736	1610409
2529	10160	AF-0000000208367345	shard_1201_batch_1.tar	124691456	251948	2373321216	4730366
2533	10222	AF-0000000209488017	shard_2027_batch_3.tar	7470592	135262	1272679424	1369373
2533	10281	AF-0000000208471478	shard_165_batch_3.tar	84593152	165667	657957376	2156092
2540	10467	AF-0000000208663125	shard_61_batch_4.tar	12000768	78931	540940288	407462
2553	10613	AF-0000000208499041	shard_1935_batch_3.tar	24098816	216830	837339648	3527990
2555	10642	AF-0000000208656003	shard_2057_batch_4.tar	40562688	90569	1278034944	571170
2559	10085	AF-0000000208641961	shard_2001_batch_4.tar	40016384	83026	1030448640	495169
2559	10096	AF-0000000208642274	shard_29_batch_4.tar	20201984	60638	167132672	236447
2559	10877	AF-0000000208642044	shard_13_batch_4.tar	48671744	48672	173008896	153789
2562	10120	AF-0000000208437372	shard_1949_batch_3.tar	61951488	108300	947223552	850629
2582	10582	AF-0000000208466299	shard_1365_batch_1.tar	118777856	180311	2598397440	2518622
2591	10582	AF-0000000208608351	shard_1955_batch_4.tar	65629696	135081	1196656640	1386259
2600	10830	AF-0000000208698058	shard_1949_batch_4.tar	105690624	191890	526491136	2633011
2605	10257	AF-0000000208584643	shard_2071_batch_3.tar	47166464	77758	988767232	420789
2614	10085	AF-0000000208325490	shard_1905_batch_2.tar	59910144	143832	801063936	1470231
2634	10690	AF-0000000208404925	shard_1995_batch_3.tar	27392000	136845	778397696	1319404
2636	10301	AF-0000000208631615	shard_85_batch_4.tar	80471552	94839	561078272	582626
2649	10244	AF-0000000208563943	shard_133_batch_3.tar	52933120	131968	764533760	1296278
2649	10257	AF-0000000208563887	shard_99_batch_3.tar	10205184	104102	201785344	790665
2649	10605	AF-0000000208563936	shard_69_batch_3.tar	73751552	85517	417118720	510886
2652	10887	AF-0000000208370048	shard_1363_batch_1.tar	71585792	180351	994552832	2336978
2652	10987	AF-0000000208370040	shard_1907_batch_2.tar	52916736	147087	435433472	1619001
2660	10202	AF-0000000208738911	shard_1981_batch_4.tar	34146304	129798	847038464	1199368
2719	10936	AF-0000000208688564	shard_121_batch_4.tar	108561920	124427	971757056	1057252
2749	10881	AF-0000000208282370	shard_23_batch_2.tar	19085312	55747	188160000	197146
2755	10644	AF-0000000208783817	shard_1961_batch_4.tar	22114816	134061	408603136	1292346
2761	10040	AF-0000000208779987	shard_1969_batch_4.tar	33653248	85349	306630656	508483
2761	10588	AF-0000000209488119	shard_151_batch_4.tar	7383552	153008	1238225408	1707295
2761	10707	AF-0000000208779815	shard_2041_batch_4.tar	28834304	122549	425839104	1100323
2766	10440	AF-0000000208640320	shard_1947_batch_4.tar	90799616	105982	1387039232	808571
2809	10288	AF-0000000208313184	shard_139_batch_2.tar	61933568	137622	1493821952	1419257
2812	10004	AF-0000000208290652	shard_1923_batch_2.tar	100499968	53693	298676224	194158
2812	10070	AF-0000000208290627	shard_7_batch_1.tar	14025728	43171	120382976	112129
2819	10067	AF-0000000208509687	shard_1991_batch_3.tar	108272128	276645	1076333568	5458308
2819	10076	AF-0000000208509653	shard_2001_batch_3.tar	84957696	278521	938697216	5811931
2857	10569	AF-0000000208666014	shard_1901_batch_4.tar	18744832	90361	875781632	552482
2864	10093	AF-0000000208456268	shard_1403_batch_1.tar	98957312	232062	2384972800	3766316
2864	10242	AF-0000000208456608	shard_2027_batch_3.tar	105328640	258380	895872512	4744948
2864	10927	AF-0000000208456300	shard_1211_batch_1.tar	279721472	282408	3540896768	5274448
2880	10008	AF-0000000208469759	shard_1403_batch_1.tar	105008640	234817	2024475136	4095350
2881	10613	AF-0000000208498372	shard_117_batch_3.tar	111994880	115393	1217507328	999292
2892	10636	AF-0000000208620454	shard_135_batch_4.tar	109593088	133582	550439936	1349211
2900	10679	AF-0000000208667561	shard_1189_batch_2.tar	78080000	226981	1907018752	3585880
2903	10566	AF-0000000208291048	shard_2077_batch_2.tar	41564672	130016	1174112768	1260230
2903	10644	AF-0000000208291054	shard_1975_batch_2.tar	57228288	119348	1435543552	1057275
2908	10373	AF-0000000208454813	shard_1893_batch_3.tar	85508096	157783	330918912	1993693
2929	10152	AF-0000000208630507	shard_1893_batch_4.tar	65832960	107613	762258432	867319
2947	10644	AF-0000000208519149	shard_1339_batch_1.tar	151592448	163246	417616896	2013049
2947	10716	AF-0000000208519141	shard_2071_batch_3.tar	19053568	159574	831724544	1887097
2950	10202	AF-0000000208494159	shard_61_batch_3.tar	39800320	79188	423700480	447549
2950	10975	AF-0000000208494161	shard_3_batch_3.tar	19190784	37057	72594944	81987
2967	10120	AF-0000000208448613	shard_143_batch_3.tar	20965376	143294	779741184	1470750
2967	10589	AF-0000000208448671	shard_163_batch_3.tar	129221120	171229	861538816	2141277
2968	10644	AF-0000000208573173	shard_157_batch_3.tar	108780544	160142	1172523520	1911751
2969	10276	AF-0000000208401964	shard_53_batch_2.tar	35482624	73671	163062784	377714
2970	10276	AF-0000000208630599	shard_63_batch_4.tar	39823872	81982	483017216	456098
2970	10306	AF-0000000208630574	shard_39_batch_4.tar	21582848	66886	317906432	307167
2996	10723	AF-0000000208517784	shard_35_batch_3.tar	46859264	60934	262197248	241914
2996	10729	AF-0000000208517785	shard_47_batch_3.tar	11452416	68172	202867200	316377
3002	10147	AF-0000000208578699	shard_1971_batch_3.tar	8329728	139185	755331584	1445250
3002	10228	AF-0000000208578702	shard_113_batch_3.tar	53749248	112092	979437568	967789
3011	10673	AF-0000000208306363	shard_1207_batch_1.tar	37961216	268360	4463586816	5077675
3024	10910	AF-0000000208490673	shard_2077_batch_3.tar	101156864	39217	232298496	90814
3036	10644	AF-0000000208271306	shard_157_batch_2.tar	52436992	159566	1365059584	1900819
3036	10716	AF-0000000208271298	shard_2059_batch_2.tar	14585344	156529	439698432	1844630
3041	10456	AF-0000000208386332	shard_149_batch_3.tar	70261760	142833	1809752576	1509639
3048	10196	AF-0000000208656858	shard_2037_batch_4.tar	61326336	141919	936573952	1465311
3067	10739	AF-0000000208437785	shard_123_batch_3.tar	1369600	125299	1288226304	993249
3070	10951	AF-0000000208466350	shard_77_batch_3.tar	40631296	89360	732495360	563055
3073	10546	AF-0000000208301446	shard_1957_batch_2.tar	706048	131364	1237171200	1331632
3076	10352	AF-0000000208395498	shard_1947_batch_3.tar	40681984	212547	254497280	3388855
3076	10565	AF-0000000208395433	shard_1901_batch_2.tar	47522816	183043	441108992	2526318
3084	10716	AF-0000000208534301	shard_2023_batch_3.tar	56556544	104766	325685248	774117
3085	10722	AF-0000000208782571	shard_2057_batch_4.tar	80836096	119405	734212096	1012928
3086	10244	AF-0000000208771956	shard_2013_batch_4.tar	38133248	146100	253221888	1618371
3086	10246	AF-0000000208771942	shard_1905_batch_4.tar	101450752	159179	937486336	1951992
3086	10373	AF-0000000208771965	shard_2077_batch_4.tar	73606144	147371	316685312	1680780
3095	10427	AF-0000000208728584	shard_1911_batch_4.tar	69862400	89818	1303782400	582784
3108	10202	AF-0000000208769077	shard_87_batch_4.tar	79982592	96645	777458176	670342
3113	10202	AF-0000000208761773	shard_2049_batch_4.tar	22956544	265293	1280839168	5249814
3113	10602	AF-0000000208761678	shard_1395_batch_2.tar	18433536	224329	1644767232	3654414
3118	10202	AF-0000000208663366	shard_147_batch_4.tar	143384064	146428	1793229312	1557777
3119	10276	AF-0000000208607721	shard_1963_batch_4.tar	46011904	109043	719706624	814115
3120	10683	AF-0000000208301638	shard_159_batch_2.tar	5341184	163866	888517632	1831981
3127	10774	AF-0000000208631930	shard_1923_batch_4.tar	85812224	192946	1244628480	2641326
3136	10106	AF-0000000208449358	shard_1997_batch_3.tar	84044800	121788	759806464	1107146
3137	10417	AF-0000000208702394	shard_23_batch_4.tar	34846208	56616	272286720	201105
3142	10890	AF-0000000208314601	shard_59_batch_2.tar	55747072	79048	416099328	420780
3142	10910	AF-0000000208314804	shard_5_batch_2.tar	34869760	41077	85064192	101555
3151	10452	AF-0000000208611320	shard_1977_batch_4.tar	77679616	214488	908322304	3269940
3151	10715	AF-0000000208611190	shard_1197_batch_2.tar	103167488	239519	2209296384	4220282
3151	10739	AF-0000000208611321	shard_1917_batch_4.tar	14972928	285303	677355520	5509522
3151	10744	AF-0000000208611178	shard_1405_batch_2.tar	64795648	236326	1274510848	4072661
3156	10793	AF-0000000208759555	shard_1929_batch_4.tar	105722880	124262	651185664	1004498
3173	10871	AF-0000000208684053	shard_2023_batch_4.tar	59926528	83691	974355968	440973
3187	10647	AF-0000000208496221	shard_59_batch_3.tar	36391424	76901	504344576	402167
3191	10038	AF-0000000208354018	shard_1949_batch_2.tar	19089920	212223	1169204224	3073644
3197	10161	AF-0000000208361204	shard_1901_batch_2.tar	76434944	264983	666681344	5317456
3197	10642	AF-0000000208361246	shard_1197_batch_1.tar	19782656	242261	2314301952	4437374
3200	10611	AF-0000000208440598	shard_143_batch_3.tar	119832064	143662	345990656	1405337
3201	10566	AF-0000000208759655	shard_153_batch_4.tar	62841344	148591	602952192	1567296
3201	10976	AF-0000000208759659	shard_167_batch_4.tar	102843904	178031	732004864	2130143
3220	10806	AF-0000000208295074	shard_1997_batch_2.tar	30170624	153277	1140887040	1623655
3237	10208	AF-0000000208728716	shard_1973_batch_4.tar	89463808	129234	472358912	1316180
3274	10980	AF-0000000208790553	shard_1205_batch_2.tar	254464	261458	815793152	4642963
3286	10452	AF-0000000208640713	shard_2069_batch_4.tar	56847872	73015	558224384	363734
3303	10383	AF-0000000208762116	shard_1197_batch_2.tar	21405184	235290	1278271488	3957581
3306	10225	AF-0000000208480296	shard_107_batch_3.tar	37469184	110004	583755264	910538
3306	10690	AF-0000000208480231	shard_2017_batch_3.tar	31048704	120423	1054710784	1108058
3321	10093	AF-0000000208419914	shard_1967_batch_3.tar	36509184	105106	609403904	782609
3327	10257	AF-0000000208660794	shard_2043_batch_4.tar	3692544	98918	1052111872	678306
3327	10272	AF-0000000208660858	shard_75_batch_4.tar	73096704	88887	331542016	564382
3327	10304	AF-0000000208660927	shard_27_batch_4.tar	48804352	59868	132820480	226541
3327	10456	AF-0000000208660832	shard_2031_batch_4.tar	116591616	86793	906849792	508766
3328	10456	AF-0000000208637013	shard_41_batch_4.tar	59746816	66745	362281472	293476
3337	10373	AF-0000000208395754	shard_137_batch_2.tar	37250048	135232	710958080	1377852
3337	10582	AF-0000000208395736	shard_151_batch_3.tar	140947456	149423	1931707392	1693421
3342	10493	AF-0000000208350590	shard_1993_batch_2.tar	4663808	215425	785388032	3294914
3342	10588	AF-0000000209488447	shard_151_batch_2.tar	72225792	153207	893478400	1710003
3342	10910	AF-0000000208350773	shard_1981_batch_2.tar	40077824	74895	1196846592	375155
3346	10738	AF-0000000208533261	shard_129_batch_3.tar	121138688	127249	453870080	1209379
3371	10681	AF-0000000208510053	shard_1897_batch_3.tar	100990464	43444	318220800	117481
3372	10878	AF-0000000208733369	shard_2031_batch_4.tar	111382528	54290	1162284544	186304
3385	10242	AF-0000000208371330	shard_1347_batch_1.tar	23788032	170338	1711080960	2095007
3385	10246	AF-0000000208371297	shard_1347_batch_1.tar	68763648	169832	1652213760	2081558
3393	10332	AF-0000000208681571	shard_83_batch_4.tar	51434496	89851	214838272	600286
3397	10149	AF-0000000208760605	shard_2075_batch_4.tar	106496	88399	952722944	535936
3406	10071	AF-0000000208276574	shard_105_batch_2.tar	29313024	109903	657201664	866463
3406	10193	AF-0000000208276722	shard_71_batch_2.tar	60182016	82809	316093440	490428
3406	10272	AF-0000000208276700	shard_1995_batch_2.tar	112905216	74176	355729920	410309
3406	10769	AF-0000000208276578	shard_61_batch_2.tar	967680	78322	156568064	424730
3406	10936	AF-0000000208276616	shard_1949_batch_2.tar	35270144	46130	1395960320	136169
3407	10417	AF-0000000208507139	shard_1933_batch_3.tar	87902720	53451	692698112	172410
3407	10546	AF-0000000208507073	shard_2023_batch_3.tar	58182144	103065	1324755968	760289
3410	10161	AF-0000000208334842	shard_115_batch_2.tar	709120	114138	534034432	929028
3410	10642	AF-0000000208334911	shard_1987_batch_2.tar	103216128	90933	590623232	592979
3452	10332	AF-0000000208756166	shard_1901_batch_4.tar	95539712	62220	414979584	268110
3453	10332	AF-0000000208414330	shard_2055_batch_3.tar	89348096	48878	1184244224	156379
3461	10257	AF-0000000208469951	shard_73_batch_3.tar	6220800	85115	458591744	534416
3468	10981	AF-0000000208637151	shard_1983_batch_4.tar	28939776	102092	472819712	798610
3469	10005	AF-0000000208482912	shard_27_batch_3.tar	29127680	56465	258161664	214392
3469	10806	AF-0000000208482856	shard_2007_batch_3.tar	104601088	42687	1023030784	114905
3469	10873	AF-0000000208482851	shard_2075_batch_3.tar	106626560	42303	909660672	112167
3469	10881	AF-0000000208482910	shard_9_batch_3.tar	28568064	44346	132303360	119671
3472	10817	AF-0000000208288897	shard_1949_batch_2.tar	111725568	96152	880909312	679653
3477	10005	AF-0000000208272112	shard_25_batch_2.tar	21744640	55475	183913984	203918
3477	10806	AF-0000000208271851	shard_1911_batch_2.tar	25045504	42049	440436736	112346
3477	10811	AF-0000000208272009	shard_1999_batch_2.tar	1583616	128099	1191601152	1147478
3477	10873	AF-0000000208271846	shard_2003_batch_2.tar	52434432	41514	351928320	109436
3477	10881	AF-0000000208272094	shard_2075_batch_2.tar	7012352	43391	1108002816	111429
3480	10301	AF-0000000208675498	shard_139_batch_4.tar	46747136	136998	403876352	1348240
3487	10269	AF-0000000208424552	shard_1927_batch_3.tar	30798336	162367	276749312	2098313
3493	10450	AF-0000000208492291	shard_2079_batch_3.tar	82228736	154961	509080576	1808726
3493	10688	AF-0000000208492245	shard_1959_batch_3.tar	27673600	235119	638595072	3948542
3497	10450	AF-0000000208322433	shard_77_batch_2.tar	13908992	90258	191861760	572784
3502	10290	AF-0000000208323287	shard_1953_batch_2.tar	26071040	131548	414295040	1188971
3504	10301	AF-0000000208551873	shard_121_batch_3.tar	81562112	119927	924015616	1016345
3504	10715	AF-0000000208551850	shard_93_batch_3.tar	74521088	97515	352456192	726805
3507	10450	AF-0000000208647351	shard_1921_batch_4.tar	112997376	92914	350270464	612277
3507	10826	AF-0000000208647306	shard_105_batch_4.tar	44652032	109818	412920320	820442
3512	10644	AF-0000000208484144	shard_73_batch_3.tar	65233408	88056	214107648	533508
3512	10715	AF-0000000208484073	shard_2029_batch_3.tar	42786304	78664	800605184	433335
3513	10288	AF-0000000208656871	shard_1189_batch_2.tar	65419776	221448	1238623232	3877609
3518	10786	AF-0000000208777955	shard_1967_batch_4.tar	48008704	278794	499007488	6090022
3521	10566	AF-0000000208407282	shard_2027_batch_3.tar	78259712	113215	1138856448	907333
3529	10452	AF-0000000208364124	shard_1373_batch_1.tar	141857280	191267	935214080	2509038
3529	10806	AF-0000000208364039	shard_2051_batch_2.tar	54447104	178966	561152512	2244497
3529	10916	AF-0000000208364120	shard_1395_batch_1.tar	187342848	217260	1451063808	3352597
3529	10940	AF-0000000208364090	shard_1217_batch_2.tar	116313088	338854	894455808	7745171
3540	10076	AF-0000000208417984	shard_1373_batch_1.tar	53545472	189864	1637186048	2665469
3540	10352	AF-0000000208417997	shard_131_batch_2.tar	61208064	126649	480115200	1197598
3543	10194	AF-0000000208564414	shard_2069_batch_3.tar	56215040	115595	530837504	1016633
3545	10122	AF-0000000208721788	shard_135_batch_4.tar	11189760	136035	1254161920	1387289
3557	10242	AF-0000000208466495	shard_159_batch_3.tar	74945024	161278	431329792	1973893
3557	10244	AF-0000000208466465	shard_1999_batch_3.tar	27707392	146689	506987008	1620544
3557	10246	AF-0000000208466433	shard_1963_batch_3.tar	65224192	160579	512974336	1967308
3557	10373	AF-0000000208466478	shard_151_batch_3.tar	25336832	148247	1298498560	1676448
3557	10582	AF-0000000208466459	shard_1917_batch_3.tar	10494976	162817	1241400832	2053260
3557	10937	AF-0000000208466434	shard_1945_batch_3.tar	69666304	165089	419385856	2126493
3559	10036	AF-0000000208499244	shard_1901_batch_3.tar	64288768	91650	935960576	575163
3559	10390	AF-0000000208499219	shard_71_batch_3.tar	46445056	86678	385452032	517937
3567	10173	AF-0000000208604729	shard_1189_batch_2.tar	6998528	225013	944299520	3436969
3567	10259	AF-0000000208604656	shard_2001_batch_4.tar	68334592	214428	532696576	2881631
3590	10681	AF-0000000208496569	shard_75_batch_3.tar	69836800	87512	607573504	540982
3590	10901	AF-0000000208496589	shard_87_batch_3.tar	97280	93108	332146688	652265
3593	10867	AF-0000000208347118	shard_85_batch_2.tar	6874112	94913	694796800	642243
3606	10070	AF-0000000208617643	shard_41_batch_4.tar	19140096	66988	341354496	311821
3608	10916	AF-0000000208472146	shard_135_batch_3.tar	12641280	133115	287179776	1295341
3622	10202	AF-0000000208352962	shard_1927_batch_2.tar	63748096	144454	1245449216	1489585
3633	10770	AF-0000000208510136	shard_131_batch_3.tar	89419264	129350	916850176	1166346
3636	10608	AF-0000000208418100	shard_2027_batch_3.tar	25501696	181417	367508480	2434601
3664	10147	AF-0000000208664452	shard_1209_batch_2.tar	133115392	278175	2434002432	5543388
3664	10683	AF-0000000208664467	shard_1215_batch_2.tar	19641344	323169	1519299072	7109563
3681	10744	AF-0000000208266586	shard_2019_batch_2.tar	36233216	83022	1471143936	483500
3681	10806	AF-0000000208266447	shard_1971_batch_2.tar	20059136	47634	1197384704	144191
3681	10873	AF-0000000208266442	shard_1969_batch_2.tar	35122688	47154	1109316096	141545
3685	10390	AF-0000000208420037	shard_141_batch_3.tar	32852992	141998	853018624	1367442
3704	10017	AF-0000000208497648	shard_2069_batch_3.tar	110710272	92013	1048444928	572505
3704	10096	AF-0000000208497643	shard_1897_batch_3.tar	91932672	74990	805388800	360128
3704	10202	AF-0000000208497725	shard_2059_batch_3.tar	31682560	100921	365488128	718082
3704	10330	AF-0000000208497362	shard_31_batch_3.tar	47259648	60700	217890304	236895
3704	10690	AF-0000000208497347	shard_73_batch_3.tar	85573120	86372	282612736	513119
3704	10698	AF-0000000208497482	shard_2079_batch_3.tar	75467776	163427	1306493440	1988795
3734	10390	AF-0000000208544402	shard_1933_batch_3.tar	97089024	72637	970432512	362593
3734	10486	AF-0000000208544396	shard_2077_batch_3.tar	20948480	69835	1024754688	336108
3739	10690	AF-0000000208311079	shard_2065_batch_2.tar	40323072	132551	351713792	1230261
3743	10202	AF-0000000208733532	shard_1949_batch_4.tar	96707072	79469	676423680	456376
3757	10264	AF-0000000208724304	shard_2027_batch_4.tar	25218560	175711	627855872	2254080
3763	10009	AF-0000000208556658	shard_1381_batch_1.tar	70254592	197324	1022818816	2715384
3763	10423	AF-0000000208556752	shard_1909_batch_3.tar	13550592	139853	1019603968	1478771
3767	10910	AF-0000000208780278	shard_3_batch_4.tar	16534016	36825	142087168	78209
3817	10644	AF-0000000208723370	shard_97_batch_4.tar	90193920	103423	225128448	762296
3819	10244	AF-0000000208414342	shard_1981_batch_3.tar	34581504	121735	237874688	1087355
3819	10373	AF-0000000208414347	shard_125_batch_2.tar	68519936	122894	505393664	1130807
3835	10450	AF-0000000208757027	shard_131_batch_4.tar	52027904	128808	845778432	1210901
3838	10202	AF-0000000208650141	shard_1979_batch_4.tar	55685632	139150	1258916864	1471825
3840	10276	AF-0000000208523003	shard_51_batch_3.tar	37079552	75265	493591552	363763
3841	10861	AF-0000000208480580	shard_33_batch_3.tar	2989568	62071	260809216	253459
3846	10242	AF-0000000208688824	shard_1925_batch_4.tar	46579712	144426	469012992	1551261
3846	10246	AF-0000000208688763	shard_145_batch_4.tar	65370624	143967	1242729984	1549085
3846	10373	AF-0000000208688808	shard_133_batch_4.tar	3859968	131589	924737024	1296695
3846	10582	AF-0000000208688789	shard_149_batch_4.tar	25622528	146249	1680423936	1613421
3846	10937	AF-0000000208688764	shard_151_batch_4.tar	3917824	148612	889642496	1701018
3849	10072	AF-0000000208401431	shard_1993_batch_2.tar	55274496	123386	1310183936	1107718
3849	10074	AF-0000000208401464	shard_2065_batch_3.tar	12190208	125237	713403392	1136761
3849	10075	AF-0000000208401285	shard_1941_batch_2.tar	59314688	125287	1387417600	1135989
3850	10360	AF-0000000208359562	shard_1963_batch_2.tar	84967936	160923	393561600	1838272
3851	10191	AF-0000000208485930	shard_21_batch_3.tar	40251904	53372	280230912	196738
3851	10290	AF-0000000208485922	shard_109_batch_3.tar	71737856	112813	233008640	868447
3857	10093	AF-0000000208368769	shard_2073_batch_2.tar	80666624	89591	1165368320	516770
3857	10242	AF-0000000208368828	shard_2025_batch_2.tar	102387712	116963	613761024	978913
3857	10246	AF-0000000208368767	shard_1937_batch_2.tar	101997056	116390	478654464	962542
3857	10373	AF-0000000208368812	shard_1915_batch_2.tar	45259776	103925	1421400576	774912
3857	10582	AF-0000000208368793	shard_1901_batch_2.tar	34825728	118666	993655296	1038911
3857	10937	AF-0000000208368768	shard_1907_batch_2.tar	58866176	121022	1084119552	1111342
3863	10288	AF-0000000208458330	shard_139_batch_3.tar	4716032	137049	812052992	1411824
3863	10340	AF-0000000208458424	shard_37_batch_3.tar	21087744	62472	378950144	286963
3870	10557	AF-0000000208327354	shard_1999_batch_2.tar	102194176	43943	671322112	127047
3874	10906	AF-0000000208721800	shard_1383_batch_2.tar	82230784	206829	590968320	3085996
3882	10817	AF-0000000208420051	shard_147_batch_3.tar	41333248	145002	351881216	1576111
3884	10690	AF-0000000208280864	shard_1975_batch_2.tar	1576960	83054	576766976	472527
3884	10910	AF-0000000208281193	shard_17_batch_2.tar	7720448	52716	200439808	171290
3899	10079	AF-0000000208753940	shard_2035_batch_4.tar	94470144	185963	795991552	2495920
3910	10150	AF-0000000208371342	shard_141_batch_2.tar	22151680	138394	343304704	1409127
3926	10806	AF-0000000208728836	shard_7_batch_4.tar	26157056	40918	166615552	111844
3926	10873	AF-0000000208728831	shard_7_batch_4.tar	42853376	40497	88831488	109617
3948	10611	AF-0000000208397710	shard_1995_batch_3.tar	93154304	100977	394167808	738178
3950	10072	AF-0000000208784381	shard_1965_batch_4.tar	55698944	233682	502827520	4068302
3950	10186	AF-0000000208784346	shard_1199_batch_2.tar	18896896	244030	340224000	4504980
3950	10510	AF-0000000208784311	shard_1213_batch_2.tar	49903104	293313	2307935232	6473269
3950	10647	AF-0000000208784290	shard_1367_batch_2.tar	68420096	185634	850820608	2560518
3971	10566	AF-0000000208569025	shard_1969_batch_3.tar	90306560	128742	1414309376	1197141
3971	10910	AF-0000000208569006	shard_2001_batch_3.tar	72858112	64498	1216195584	268297
3972	10976	AF-0000000208647656	shard_143_batch_4.tar	109629952	144833	1554045952	1477929
3981	10799	AF-0000000208645152	shard_1913_batch_4.tar	97369600	128600	737331200	1231022
3984	10566	AF-0000000208447193	shard_2041_batch_3.tar	73615872	112910	813946880	919684
3987	10085	AF-0000000208345286	shard_133_batch_2.tar	45005824	130565	603200512	1282187
3989	10710	AF-0000000208450105	shard_113_batch_3.tar	21357568	117227	935960064	940355
4007	10824	AF-0000000208606389	shard_121_batch_4.tar	45496832	122809	835901440	1005608
4009	10120	AF-0000000208407315	shard_2039_batch_3.tar	17093632	96765	548451840	659822
4009	10524	AF-0000000208407334	shard_7_batch_2.tar	15069696	42295	173536768	115042
4011	10546	AF-0000000208586641	shard_2029_batch_3.tar	31430656	117885	956280320	1020058
4011	10654	AF-0000000208587153	shard_117_batch_3.tar	87448576	119349	783447040	1010783
4011	10681	AF-0000000208587015	shard_1953_batch_3.tar	20458496	65707	216914944	292630
4015	10066	AF-0000000208502326	shard_1369_batch_1.tar	51968000	184011	1048730624	2528866
4015	10159	AF-0000000208502277	shard_1999_batch_3.tar	100007424	219349	626283008	3603736
4015	10259	AF-0000000208502338	shard_2015_batch_3.tar	108498944	236277	725093376	3671530
4015	10330	AF-0000000208502333	shard_1985_batch_3.tar	46749696	123587	671110656	1080328
4030	10005	AF-0000000208620663	shard_25_batch_4.tar	29582336	56560	225509376	219682
4030	10158	AF-0000000208620565	shard_1931_batch_4.tar	89472000	119615	506415616	1039683
4030	10260	AF-0000000208620568	shard_99_batch_4.tar	24123392	104211	966377984	776124
4030	10673	AF-0000000208620657	shard_141_batch_4.tar	22434304	139213	690475520	1405309
4030	10744	AF-0000000208620702	shard_1929_batch_4.tar	15191040	78598	489411584	442812
4030	10837	AF-0000000208620794	shard_5_batch_3.tar	23897088	40531	132818944	98546
4036	10890	AF-0000000208345706	shard_115_batch_2.tar	94870528	119107	1028508160	990934
4053	10008	AF-0000000208657025	shard_1893_batch_4.tar	7742464	197702	1262190080	2874122
4053	10202	AF-0000000208657096	shard_53_batch_4.tar	13817344	75377	476155904	389983
4058	10202	AF-0000000208383428	shard_2027_batch_2.tar	64488960	120226	337873920	1041966
4065	10681	AF-0000000208349135	shard_2049_batch_2.tar	76101120	88193	427216384	530095
4071	10681	AF-0000000208347643	shard_41_batch_2.tar	9487872	66399	283933184	281886
4075	10509	AF-0000000208590204	shard_1203_batch_2.tar	78490112	253865	1074856448	4795849
4089	10304	AF-0000000208647871	shard_41_batch_4.tar	44399616	65646	182453760	310909
4101	10701	AF-0000000208529356	shard_2033_batch_3.tar	38970880	105205	1041799680	841230
4101	10994	AF-0000000208529765	shard_101_batch_3.tar	85574144	104817	660852736	837604
4105	10715	AF-0000000208621011	shard_69_batch_4.tar	75424768	82312	543902720	510158
4116	10647	AF-0000000208550576	shard_2055_batch_3.tar	38061568	65669	571930112	279598
4116	10906	AF-0000000208550778	shard_2033_batch_3.tar	66977792	150838	353004544	1639559
4131	10330	AF-0000000208499444	shard_1971_batch_3.tar	69285376	62160	246650880	253013
4131	10901	AF-0000000208499669	shard_2057_batch_3.tar	8411648	74472	368207872	414438
4139	10356	AF-0000000208706750	shard_2081_batch_4.tar	97524224	105130	1114958336	792888
4155	10079	AF-0000000208552882	shard_1375_batch_1.tar	74129920	194614	1971601408	2747872
4157	10292	AF-0000000208265654	shard_1979_batch_2.tar	30660608	111982	414660096	875166
4157	10293	AF-0000000208265660	shard_1939_batch_2.tar	57073152	59836	1341277184	223750
4163	10456	AF-0000000208687370	shard_75_batch_4.tar	59517440	89055	365882368	543939
4163	10681	AF-0000000208687494	shard_41_batch_4.tar	30943232	68576	153238016	314223
4166	10138	AF-0000000208505789	shard_115_batch_3.tar	88051200	118767	744060928	1000178
4166	10987	AF-0000000208505739	shard_1907_batch_3.tar	27994624	101911	841111040	707710
4187	10070	AF-0000000208538416	shard_7_batch_3.tar	20139008	43047	124769792	113566
4187	10456	AF-0000000208538656	shard_45_batch_3.tar	28327936	69220	312559104	315930
4187	10803	AF-0000000208538507	shard_2049_batch_3.tar	90437632	44242	279991808	118625
4195	10194	AF-0000000208289549	shard_17_batch_2.tar	34102272	51426	195936256	161997
4217	10610	AF-0000000208468032	shard_2055_batch_3.tar	58393088	225998	406310400	3863221
4253	10330	AF-0000000208724697	shard_2035_batch_4.tar	61060096	43814	507115008	121077
4253	10642	AF-0000000208725077	shard_1983_batch_4.tar	20573696	50138	379511296	157025
4253	10722	AF-0000000208725016	shard_13_batch_4.tar	16693248	48003	212765184	154050
4265	10546	AF-0000000208603477	shard_1899_batch_3.tar	49173504	105342	1190886912	802318
4268	10106	AF-0000000208517964	shard_2039_batch_3.tar	76613120	118185	766039040	943999
4268	10538	AF-0000000208517808	shard_123_batch_3.tar	375296	124500	522993152	1071891
4268	10546	AF-0000000208517905	shard_1897_batch_3.tar	49933312	153390	1055761920	1725621
4274	10738	AF-0000000208609083	shard_2063_batch_4.tar	68289536	110712	304032768	942614
4291	10273	AF-0000000208402965	shard_57_batch_2.tar	3952640	78235	554328064	398589
4291	10304	AF-0000000208403446	shard_2073_batch_2.tar	74399744	65990	1263431168	290686
4291	10546	AF-0000000208403047	shard_2007_batch_2.tar	25768448	124639	1403500544	1137381
4291	10642	AF-0000000208403482	shard_1927_batch_3.tar	27232256	71989	435086336	330919
4291	10654	AF-0000000208403728	shard_1913_batch_2.tar	72025088	126575	1375413760	1135546
4291	10710	AF-0000000208403489	shard_2083_batch_3.tar	103928320	69554	1039668736	307584
4291	10916	AF-0000000208403574	shard_101_batch_2.tar	86390784	104864	260468224	769170
4292	10390	AF-0000000208476996	shard_2069_batch_3.tar	79091200	62009	810072064	250614
4292	10486	AF-0000000208476992	shard_2061_batch_3.tar	64411136	59269	588613632	226694
4293	10969	AF-0000000208365846	shard_7_batch_2.tar	24555008	42027	187054080	107517
4337	10083	AF-0000000208622383	shard_1943_batch_4.tar	56737280	106241	678495232	736595
4337	10161	AF-0000000208622344	shard_1899_batch_4.tar	52100608	87754	1318442496	524448
4351	10038	AF-0000000208272975	shard_29_batch_2.tar	43621888	58450	122203648	240126
4351	10274	AF-0000000208272938	shard_161_batch_2.tar	63215616	160718	1602315776	1991271
4352	10456	AF-0000000208472190	shard_1937_batch_3.tar	73411584	115596	531511808	956148
4354	10544	AF-0000000208392934	shard_115_batch_2.tar	59962880	119080	782657024	949258
4354	10821	AF-0000000208393384	shard_99_batch_2.tar	48917504	107146	937840640	776853
4357	10083	AF-0000000208553120	shard_109_batch_3.tar	68714496	114778	760858112	843137
4365	10456	AF-0000000208606513	shard_2055_batch_4.tar	26209280	147433	512858112	1574214
4368	10739	AF-0000000208455036	shard_2009_batch_3.tar	80358400	144288	328753152	1361096
4380	10274	AF-0000000208759870	shard_169_batch_4.tar	143161856	175068	2297839104	2328012
4404	10688	AF-0000000208566390	shard_2081_batch_3.tar	12507136	192793	1120446464	2555374
4407	10070	AF-0000000208746847	shard_13_batch_4.tar	19721216	47088	177704448	142033
4420	10644	AF-0000000208678063	shard_1959_batch_4.tar	8618496	119493	389286912	1028928
4442	10021	AF-0000000208274120	shard_1367_batch_1.tar	60399616	184335	2524751872	2417088
4442	10087	AF-0000000208274111	shard_1391_batch_1.tar	17590784	213642	3386694144	3214018
4443	10225	AF-0000000208605100	shard_1939_batch_4.tar	89976832	49134	542142464	150120
4443	10681	AF-0000000208605233	shard_5_batch_3.tar	9970176	41136	173377024	97781
4443	10910	AF-0000000208605257	shard_2077_batch_4.tar	11604480	29300	1230938112	44460
4445	10636	AF-0000000208336552	shard_1909_batch_2.tar	22880256	290597	420446720	6105511
4460	10257	AF-0000000208345770	shard_2035_batch_2.tar	36862464	86307	297225216	525119
4464	10690	AF-0000000208353012	shard_2083_batch_2.tar	17041408	88037	1179658752	555360
4468	10906	AF-0000000208607764	shard_1397_batch_2.tar	79168512	223779	483825152	3522847
4472	10161	AF-0000000208468921	shard_1191_batch_1.tar	209332736	229422	1661811200	3833098
4472	10546	AF-0000000208468905	shard_1207_batch_2.tar	69836288	259197	1633575424	5188088
4472	10642	AF-0000000208468947	shard_1385_batch_1.tar	52040704	206185	1476133888	3112207
4477	10276	AF-0000000208333775	shard_1965_batch_2.tar	88471552	79531	1239884288	429117
4491	10930	AF-0000000208713224	shard_37_batch_4.tar	8757760	62046	185658880	277418
4509	10221	AF-0000000209489161	shard_64_batch_0.tar	79782400	83518	417258496	450682
4509	10352	AF-0000000209489167	shard_96_batch_0.tar	29366272	103079	621470208	762968
4511	10276	AF-0000000208368855	shard_85_batch_2.tar	45584896	95869	240859136	616932
4520	10660	AF-0000000208786031	shard_1939_batch_4.tar	112883200	58131	1008530944	202239
4523	10361	AF-0000000208281335	shard_129_batch_2.tar	11490304	124412	819051008	1130880
4548	10681	AF-0000000208643588	shard_1915_batch_4.tar	29968896	45707	1084247552	134541
4549	10272	AF-0000000208438232	shard_75_batch_3.tar	36887040	87056	193307136	550268
4549	10676	AF-0000000208437976	shard_2063_batch_3.tar	531456	131768	586790912	1268261
4549	10753	AF-0000000208438018	shard_59_batch_3.tar	15022080	78328	512294912	434919
4553	10139	AF-0000000208592777	shard_59_batch_3.tar	15262720	74949	262007808	411759
4554	10021	AF-0000000208274261	shard_1907_batch_2.tar	95613440	207232	708894208	3036556
4560	10456	AF-0000000208523154	shard_2057_batch_3.tar	58099200	70094	1063934464	326859
4562	10332	AF-0000000208304751	shard_7_batch_2.tar	1618944	42850	160326144	115155
4564	10881	AF-0000000208533316	shard_1925_batch_3.tar	45923328	116312	759178752	915247
4565	10093	AF-0000000208527337	shard_1979_batch_3.tar	31392256	106244	1251604992	768911
4565	10964	AF-0000000208527365	shard_2031_batch_3.tar	97614848	56580	1144830976	199799
4568	10710	AF-0000000208444468	shard_53_batch_3.tar	71377408	72248	358531584	361225
4577	10793	AF-0000000208368038	shard_1915_batch_2.tar	68354048	127855	336100352	1054984
4594	10069	AF-0000000208295167	shard_19_batch_2.tar	44181504	51323	254185472	167928
4594	10803	AF-0000000208295163	shard_33_batch_2.tar	54916096	61209	365541888	251205
4596	10987	AF-0000000208440960	shard_2007_batch_3.tar	85768704	82018	548910592	442766
4624	10017	AF-0000000208293274	shard_1917_batch_2.tar	3354112	86945	1324055040	556928
4624	10198	AF-0000000208293290	shard_1977_batch_2.tar	16084992	77351	829868032	429017
4624	10242	AF-0000000208293406	shard_139_batch_2.tar	91274240	136671	1164050432	1427724
4624	10246	AF-0000000208292979	shard_139_batch_2.tar	100243968	135974	1515685888	1410452
4624	10296	AF-0000000208292949	shard_1391_batch_1.tar	134830592	212707	639063040	3220827
4624	10334	AF-0000000208293133	shard_73_batch_2.tar	66621440	87635	191889408	548964
4624	10642	AF-0000000208293265	shard_1923_batch_2.tar	28820480	62199	331571712	262617
4624	10677	AF-0000000208292819	shard_1375_batch_1.tar	3123712	186336	1109739008	2733671
4624	10716	AF-0000000208293279	shard_1997_batch_2.tar	42421760	101531	1349889536	741275
4624	10910	AF-0000000208293320	shard_2085_batch_2.tar	109380608	51033	450713088	171243
4624	10998	AF-0000000208293003	shard_83_batch_2.tar	1967616	93080	369366528	620840
4635	10202	AF-0000000208510189	shard_71_batch_3.tar	42997760	85674	440313856	516970
4635	10602	AF-0000000208510178	shard_9_batch_3.tar	4182528	44578	155201024	122397
4642	10681	AF-0000000208514724	shard_2059_batch_3.tar	96690688	52262	510094848	179754
4643	10739	AF-0000000208645309	shard_121_batch_4.tar	104794112	122968	286043136	969101
4647	10546	AF-0000000208275752	shard_139_batch_2.tar	63587328	133118	451166720	1282309
4652	10793	AF-0000000208505994	shard_87_batch_3.tar	83495936	98306	276767744	638580
4663	10190	AF-0000000208319420	shard_105_batch_2.tar	36768256	107246	998786560	788962
4664	10177	AF-0000000208734482	shard_2043_batch_4.tar	6704128	175959	255142400	2205480
4664	10311	AF-0000000208734728	shard_1961_batch_4.tar	111033856	61020	1402052096	266540
4664	10739	AF-0000000208734933	shard_1921_batch_4.tar	65390592	126382	717813248	1027756
4664	10910	AF-0000000208734916	shard_2021_batch_4.tar	53177856	36350	587679232	73601
4665	10613	AF-0000000208349200	shard_2073_batch_2.tar	15273472	47943	298934272	159404
4667	10274	AF-0000000208443313	shard_2083_batch_3.tar	106306048	146945	1073495552	1640411
4667	10644	AF-0000000208443343	shard_1901_batch_3.tar	63416832	85946	992674816	502607
4667	10715	AF-0000000208443189	shard_1977_batch_3.tar	61816832	76647	844169728	430494
4671	10087	AF-0000000208715386	shard_1381_batch_2.tar	88383488	201873	1475241472	2846350
4671	10276	AF-0000000208715484	shard_1939_batch_4.tar	62310912	113666	664645632	928195
4671	10298	AF-0000000208715405	shard_131_batch_4.tar	117711872	129191	733828608	1255003
4671	10683	AF-0000000208715422	shard_1375_batch_2.tar	66495488	196826	1266984448	2736623
4679	10613	AF-0000000208668904	shard_19_batch_4.tar	38094336	50424	135157760	177861
4685	10644	AF-0000000208676682	shard_97_batch_4.tar	42658816	102082	890022400	748500
4685	10715	AF-0000000208676666	shard_1937_batch_4.tar	75331072	93057	319343616	641591
4691	10981	AF-0000000208658839	shard_2075_batch_4.tar	97971200	76447	995037184	402113
4701	10738	AF-0000000208365895	shard_57_batch_2.tar	44773888	77916	551033344	393937
4701	10893	AF-0000000208365892	shard_75_batch_2.tar	24325120	89127	422422528	538478
4706	10512	AF-0000000208769173	shard_1899_batch_4.tar	40782336	333342	1141859840	7994015
4711	10191	AF-0000000208516105	shard_1929_batch_3.tar	43819520	76397	755450880	428233
4719	10200	AF-0000000208377553	shard_157_batch_3.tar	130456576	159446	686510080	1841457
4719	10276	AF-0000000208377617	shard_2021_batch_2.tar	74010624	117802	693526016	936678
4719	10369	AF-0000000208377485	shard_155_batch_3.tar	35799040	155936	895921664	1770254
4737	10673	AF-0000000208753631	shard_157_batch_4.tar	60189696	156209	626700800	1824978
4737	10739	AF-0000000208753707	shard_145_batch_4.tar	25907200	144663	1633762304	1415089
4737	10873	AF-0000000208753571	shard_1913_batch_4.tar	16634880	59705	888689664	258549
4738	10427	AF-0000000208388375	shard_27_batch_2.tar	54018560	56230	290140160	216960
4744	10276	AF-0000000208775653	shard_157_batch_4.tar	74006528	156419	1654393344	1675297
4763	10162	AF-0000000208663382	shard_1967_batch_4.tar	13739520	172052	576358912	2150426
4763	10450	AF-0000000208663390	shard_2047_batch_4.tar	30199296	93059	1187641856	624004
4774	10993	AF-0000000208328901	shard_1899_batch_2.tar	85400064	183895	267270656	2364827
4817	10613	AF-0000000208729953	shard_2069_batch_4.tar	66328576	42040	973635072	121523
4821	10579	AF-0000000208416875	shard_1933_batch_3.tar	30239232	48553	1152857088	143448
4821	10613	AF-0000000208416698	shard_2077_batch_3.tar	107671040	42544	1065102848	122266
4828	10910	AF-0000000208600172	shard_53_batch_3.tar	17794048	75033	227405312	369762
4847	10257	AF-0000000208333026	shard_77_batch_2.tar	61225984	89803	650253824	590125
4847	10427	AF-0000000208333029	shard_29_batch_2.tar	57391104	59042	140389888	238379
4847	10538	AF-0000000208332775	shard_1941_batch_2.tar	14319104	80517	986160640	455958
4847	10821	AF-0000000208333229	shard_23_batch_2.tar	55671296	56143	298161152	204777
4850	10068	AF-0000000208484388	shard_15_batch_3.tar	503296	49746	143523840	143399
4850	10194	AF-0000000208484557	shard_7_batch_3.tar	8098816	45032	173780480	108051
4850	10304	AF-0000000208484585	shard_1_batch_2.tar	31276544	33925	61243392	64091
4850	10681	AF-0000000208484647	shard_1905_batch_3.tar	30958080	40295	1093946368	92645
4868	10681	AF-0000000208460171	shard_1925_batch_3.tar	63642624	102840	1161670656	727390
4872	10096	AF-0000000208283900	shard_63_batch_2.tar	71614976	84050	512472576	477351
4876	10039	AF-0000000208690813	shard_145_batch_4.tar	54755840	143977	1503511552	1592633
4878	10177	AF-0000000208460311	shard_1385_batch_1.tar	123976192	202137	2006805504	2928881
4878	10242	AF-0000000208460822	shard_149_batch_3.tar	96951296	148113	1163767808	1677944
4878	10373	AF-0000000208460698	shard_139_batch_3.tar	74959872	135400	1217980928	1421409
4878	10482	AF-0000000208460529	shard_57_batch_3.tar	18367488	74070	541201408	430465
4878	10677	AF-0000000208460246	shard_1919_batch_3.tar	23653376	198179	1241711616	3108618
4878	10682	AF-0000000208460320	shard_1383_batch_1.tar	98163200	200205	857668096	2831351
4878	10688	AF-0000000208460232	shard_2015_batch_3.tar	105526272	187239	385969152	2464874
4878	10930	AF-0000000208460681	shard_67_batch_3.tar	33243648	81001	563244032	501479
4898	10202	AF-0000000208637292	shard_75_batch_4.tar	75757568	86610	250236928	566922
4898	10644	AF-0000000208637299	shard_1907_batch_4.tar	55486976	95515	778585088	676236
4901	10272	AF-0000000208606617	shard_101_batch_3.tar	6371840	103780	802878976	813645
4904	10360	AF-0000000208561860	shard_1999_batch_3.tar	44672512	316132	1059201536	6757083
4906	10712	AF-0000000208268660	shard_1945_batch_2.tar	20719616	191729	1193647104	2687886
4947	10738	AF-0000000208289969	shard_75_batch_2.tar	74601472	90070	572097536	559950
4947	10744	AF-0000000208289920	shard_111_batch_2.tar	26733056	113546	1109863936	941915
4954	10681	AF-0000000208672470	shard_7_batch_4.tar	2478592	42013	174979584	110199
4954	10821	AF-0000000208672518	shard_5_batch_4.tar	16574464	41007	135766016	98955
4954	10999	AF-0000000208672464	shard_1977_batch_4.tar	67315712	28064	681431040	44531
4970	10301	AF-0000000208448846	shard_135_batch_3.tar	119352320	132450	1320118272	1186870
4977	10242	AF-0000000208328219	shard_137_batch_2.tar	38344704	134822	615528448	1365301
4977	10244	AF-0000000208328207	shard_121_batch_2.tar	99803648	120603	519262720	1085173
4977	10246	AF-0000000208328199	shard_137_batch_2.tar	71021568	134416	1275472896	1345280
4977	10373	AF-0000000208328212	shard_125_batch_2.tar	70269952	121920	252770816	1116022
4980	10325	AF-0000000208580749	shard_71_batch_3.tar	3557376	86581	649778176	517638
4984	10970	AF-0000000208529950	shard_2033_batch_3.tar	41171456	168870	1098115072	1863702
4987	10301	AF-0000000208552285	shard_117_batch_3.tar	37553152	117235	427871744	954923
4993	10910	AF-0000000208764887	shard_45_batch_4.tar	68161536	68281	268992512	320697
5007	10001	AF-0000000208715534	shard_1937_batch_4.tar	13454848	151742	456397824	1690245
5024	10706	AF-0000000208373525	shard_9_batch_2.tar	38318080	44184	192530432	129623
5025	10584	AF-0000000208678762	shard_1403_batch_2.tar	71068672	234783	1051435008	4304298
5032	10093	AF-0000000208264845	shard_2059_batch_2.tar	13744640	91599	1226955264	562384
5032	10352	AF-0000000208264867	shard_1903_batch_2.tar	68341760	89550	981217280	573341
5035	10427	AF-0000000208742839	shard_49_batch_4.tar	38710272	72209	256877568	346993
5041	10716	AF-0000000208652645	shard_91_batch_4.tar	42473984	98617	386840576	710256
5050	10571	AF-0000000208418875	shard_1999_batch_3.tar	102290944	92822	266265088	622157
5058	10352	AF-0000000208768017	shard_99_batch_4.tar	67278848	104273	718246912	757115
5058	10987	AF-0000000208767907	shard_93_batch_4.tar	67708416	100831	553545728	682245
5066	10304	AF-0000000208684928	shard_21_batch_4.tar	38315008	54058	157986816	199853
5066	10456	AF-0000000208684904	shard_2035_batch_4.tar	5799424	80813	890812928	469710
5070	10234	AF-0000000208666754	shard_43_batch_4.tar	57884160	66972	430801920	307405
5070	10538	AF-0000000208666130	shard_73_batch_4.tar	54147072	87949	652069888	542400
5070	10805	AF-0000000208666585	shard_1947_batch_4.tar	73260544	148003	716710400	1544823
5075	10999	AF-0000000208368119	shard_79_batch_2.tar	90542080	91841	326347776	607962
5077	10456	AF-0000000208706860	shard_1967_batch_4.tar	28635136	69152	875019776	322333
5087	10799	AF-0000000208777218	shard_2055_batch_4.tar	19403776	157072	980892160	1822482
5097	10039	AF-0000000208281589	shard_165_batch_2.tar	3422720	174238	1545914368	2172118
5099	10301	AF-0000000208434609	shard_137_batch_3.tar	107127296	137423	1488982528	1282180
5115	10437	AF-0000000208507303	shard_1949_batch_3.tar	52377088	57767	959286784	208616
5116	10202	AF-0000000208263092	shard_2029_batch_2.tar	60459520	102641	622045696	764766
5122	10647	AF-0000000208305182	shard_35_batch_2.tar	39323648	61793	240767488	261153
5125	10878	AF-0000000208782645	shard_2001_batch_4.tar	46618112	102420	768136704	811780
5130	10642	AF-0000000208599386	shard_33_batch_4.tar	15512064	62085	272392192	256355
5136	10881	AF-0000000208645387	shard_1909_batch_4.tar	95532544	97511	406272000	639913
5147	10450	AF-0000000208281620	shard_1935_batch_2.tar	86435328	128772	303742976	1233326
5153	10008	AF-0000000208697025	shard_1403_batch_2.tar	72954880	234260	395603456	4199598
5197	10384	AF-0000000208659601	shard_1977_batch_4.tar	9438720	116808	1156995072	971959
5202	10005	AF-0000000208600289	shard_1971_batch_4.tar	79652864	63173	515602944	276215
5202	10644	AF-0000000208600357	shard_89_batch_3.tar	68970496	97697	671430144	674276
5202	10715	AF-0000000208600305	shard_1893_batch_3.tar	59150336	88902	365898752	585100
5202	10716	AF-0000000208600331	shard_85_batch_3.tar	47400448	94356	685594112	662255
5202	10806	AF-0000000208600243	shard_1899_batch_3.tar	109547520	49794	1369300480	157389
5202	10873	AF-0000000208600238	shard_1947_batch_4.tar	59571712	49563	699531264	153061
5202	10881	AF-0000000208600287	shard_1947_batch_4.tar	21412864	51461	588358144	163089
5205	10193	AF-0000000208424556	shard_2039_batch_3.tar	102885888	101663	961089024	753878
5256	10190	AF-0000000208705470	shard_1913_batch_4.tar	16093184	102253	823185920	778174
5259	10186	AF-0000000208311687	shard_2023_batch_2.tar	32541184	132120	1368534016	1315545
5259	10202	AF-0000000208311799	shard_83_batch_2.tar	28153856	94738	258212864	639850
5259	10257	AF-0000000208311506	shard_1993_batch_2.tar	2863616	94218	1279297536	639511
5259	10681	AF-0000000208311741	shard_1943_batch_2.tar	56187392	61647	489843200	254592
5259	10890	AF-0000000208311595	shard_73_batch_2.tar	4853248	88214	484071424	556798
5259	10910	AF-0000000208311764	shard_15_batch_2.tar	34216960	50215	197561856	160017
5272	10244	AF-0000000208552383	shard_2041_batch_3.tar	25100800	132906	858863616	1348512
5281	10681	AF-0000000208393753	shard_9_batch_2.tar	2054144	44709	190283264	126983
5283	10716	AF-0000000208269833	shard_1921_batch_2.tar	72595968	148127	497567232	1585989
5284	10257	AF-0000000208638296	shard_51_batch_4.tar	75264	71771	271015936	348982
5284	10681	AF-0000000208638530	shard_1993_batch_4.tar	80437760	39643	359380992	93432
5284	10901	AF-0000000208638647	shard_15_batch_4.tar	29653504	45018	162070016	146445
5291	10942	AF-0000000208611468	shard_2009_batch_4.tar	27516416	140022	614556672	1441854
5332	10398	AF-0000000208533521	shard_2065_batch_3.tar	63194112	120928	321588736	1103123
5332	10678	AF-0000000208533522	shard_1963_batch_3.tar	65596928	149056	720761856	1672288
5332	10833	AF-0000000208533528	shard_1897_batch_3.tar	82407936	113670	1263735296	1005560
5357	10074	AF-0000000208518319	shard_1925_batch_3.tar	34105344	156595	1280025600	1883084
5357	10075	AF-0000000208518124	shard_1915_batch_3.tar	5277696	156425	631762944	1883262
5357	10690	AF-0000000208518156	shard_115_batch_3.tar	57868288	114406	1070539776	988607
5357	10906	AF-0000000208518270	shard_2023_batch_3.tar	97326080	193422	1203021824	2797800
5372	10308	AF-0000000208279450	shard_1989_batch_2.tar	99716096	41316	403464704	109682
5376	10276	AF-0000000208747611	shard_1389_batch_2.tar	68966400	211257	970898944	3380304
5378	10201	AF-0000000208441686	shard_103_batch_3.tar	98539008	109941	1013105152	828022
5389	10079	AF-0000000208786216	shard_2067_batch_4.tar	99486208	165568	802657280	1943619
5397	10212	AF-0000000208577376	shard_65_batch_3.tar	986624	80980	216786432	480469
5403	10739	AF-0000000208601350	shard_1403_batch_2.tar	27863040	237209	2005642752	3955985
5408	10980	AF-0000000208348230	shard_2069_batch_2.tar	56580096	207315	735139840	3051731
5409	10071	AF-0000000208635843	shard_95_batch_4.tar	48803840	104005	600164352	772120
5409	10427	AF-0000000208636116	shard_1965_batch_4.tar	58781696	48261	500667904	146931
5409	10681	AF-0000000208636300	shard_1993_batch_4.tar	99720704	45903	843342336	132645
5411	10272	AF-0000000208438923	shard_1975_batch_3.tar	66298368	79574	1302695424	455896
5411	10330	AF-0000000208438770	shard_1955_batch_3.tar	88291328	50943	1000196096	165267
5411	10546	AF-0000000208438726	shard_1933_batch_3.tar	62958592	109949	1163411968	883663
5411	10642	AF-0000000208439026	shard_23_batch_3.tar	12447232	56912	133318656	208372
5411	10681	AF-0000000208439058	shard_25_batch_3.tar	33368064	57214	167798272	212147
5414	10208	AF-0000000208694318	shard_1893_batch_4.tar	105341952	77257	794726912	407901
5414	10276	AF-0000000208694393	shard_85_batch_4.tar	7451136	94577	513879040	604533
5414	10338	AF-0000000208694302	shard_1957_batch_4.tar	79586816	94255	978356736	634290
5439	10456	AF-0000000208577561	shard_75_batch_3.tar	1863168	87250	322129920	574529
5443	10668	AF-0000000208559271	shard_129_batch_3.tar	97662976	130672	1227191296	1271038
5447	10304	AF-0000000208547187	shard_1993_batch_3.tar	104882688	110469	1119116800	887109
5447	10427	AF-0000000208547167	shard_2009_batch_3.tar	39554560	118910	1320159232	1031081
5468	10202	AF-0000000208532829	shard_109_batch_3.tar	104271360	109761	1037391360	914327
5468	10708	AF-0000000208532792	shard_163_batch_3.tar	105224192	163123	1246806528	2107700
5498	10332	AF-0000000208745660	shard_17_batch_4.tar	21274624	49193	230039040	169340
5498	10456	AF-0000000208745540	shard_2003_batch_4.tar	58791424	75823	653426176	414907
5503	10248	AF-0000000208576641	shard_1955_batch_3.tar	109663744	196485	1396155904	2831533
5503	10422	AF-0000000208576672	shard_1371_batch_2.tar	52180992	189507	236481536	2565145
5503	10785	AF-0000000208576629	shard_2003_batch_3.tar	25094144	238109	1168093184	4025707
5537	10452	AF-0000000208507630	shard_79_batch_3.tar	9773056	90526	301317632	566728
5538	10352	AF-0000000208736459	shard_79_batch_4.tar	7316992	91105	618605056	578613
5539	10162	AF-0000000208472326	shard_1381_batch_1.tar	64206336	197624	2363728896	2876568
5539	10268	AF-0000000208472607	shard_1979_batch_3.tar	55307264	196937	1089717248	2817332
5539	10296	AF-0000000208472376	shard_2065_batch_3.tar	37113856	234129	243397632	3968079
5539	10311	AF-0000000208472474	shard_2057_batch_3.tar	10292736	98578	1333214720	733795
5539	10811	AF-0000000208472413	shard_1915_batch_3.tar	33867776	164802	1041239552	1997752
5552	10301	AF-0000000208495403	shard_99_batch_3.tar	53924352	104673	685757440	728571
5552	10738	AF-0000000208495448	shard_1999_batch_3.tar	77385728	55169	779789824	187383
5555	10076	AF-0000000208318518	shard_1959_batch_2.tar	114306560	191520	291781632	2671379
5559	10663	AF-0000000208337658	shard_29_batch_2.tar	6030848	59531	239374848	244337
5564	10226	AF-0000000208605363	shard_1403_batch_2.tar	100865536	229636	458270208	3688229
5571	10301	AF-0000000208559372	shard_1935_batch_3.tar	87560192	174107	933987328	2194321
5571	10305	AF-0000000208559416	shard_1927_batch_3.tar	72240128	128780	1036552704	1234916
5571	10744	AF-0000000208559362	shard_2015_batch_3.tar	87370240	148447	821164032	1634772
5578	10264	AF-0000000208510344	shard_1947_batch_3.tar	44944896	215793	981729792	3409613
5578	10311	AF-0000000208510300	shard_2025_batch_3.tar	36014080	146062	1179100672	1575926
5578	10567	AF-0000000208510379	shard_1389_batch_1.tar	61091840	208292	1804130816	3169390
5580	10298	AF-0000000208502552	shard_97_batch_3.tar	51052544	102300	666699776	768113
5584	10610	AF-0000000208408951	shard_1909_batch_2.tar	80102912	237131	235390464	4219829
5584	10782	AF-0000000208408800	shard_1391_batch_1.tar	185358336	212549	1946776064	3350491
5593	10298	AF-0000000208598535	shard_109_batch_3.tar	37610496	110566	1082750464	866212
5602	10683	AF-0000000208500762	shard_165_batch_3.tar	117390336	172872	1249017856	2127873
5609	10803	AF-0000000208479269	shard_23_batch_3.tar	2281984	55269	248476672	199419
5612	10842	AF-0000000208656163	shard_2001_batch_4.tar	95980032	111260	1357749760	829873
5618	10202	AF-0000000208678093	shard_1997_batch_4.tar	22690304	77751	1340586496	432076
5626	10582	AF-0000000208627071	shard_153_batch_4.tar	116502528	151174	1436162048	1725148
5626	10937	AF-0000000208627063	shard_157_batch_4.tar	155667456	153245	755527680	1793478
5648	10906	AF-0000000208433621	shard_1379_batch_1.tar	34793472	200292	703319040	3015417
5655	10281	AF-0000000208485999	shard_1901_batch_3.tar	8235520	131355	1134369280	1289536
5659	10070	AF-0000000208422407	shard_13_batch_2.tar	43547136	49150	95790592	149562
5659	10088	AF-0000000208422485	shard_1987_batch_3.tar	60688896	58285	961530368	211106
5659	10225	AF-0000000208422589	shard_33_batch_3.tar	57822208	62584	188328448	260768
5660	10661	AF-0000000208334035	shard_89_batch_2.tar	85440000	99140	473033216	700050
5683	10569	AF-0000000208681635	shard_1977_batch_4.tar	83758080	235313	822424064	4166736
5689	10450	AF-0000000208357905	shard_65_batch_2.tar	13680640	82595	242332672	491953
5689	10566	AF-0000000208358003	shard_1927_batch_2.tar	96012800	101600	238916608	730823
5716	10681	AF-0000000208390305	shard_9_batch_2.tar	33562112	44086	208778240	117960
5731	10298	AF-0000000208646223	shard_1919_batch_4.tar	71654400	90004	1219485184	589301
5731	10383	AF-0000000208646308	shard_1359_batch_2.tar	125621248	172571	478743552	2069442
5744	10272	AF-0000000208447424	shard_2061_batch_3.tar	76465664	149968	421760512	1679337
5754	10756	AF-0000000208349506	shard_1_batch_1.tar	18993152	28876	109886464	45790
5771	10901	AF-0000000208644088	shard_29_batch_4.tar	14893568	55477	215720448	212900
5801	10677	AF-0000000208375570	shard_1389_batch_1.tar	4886528	205889	605119488	3234770
5801	10930	AF-0000000208375604	shard_2051_batch_2.tar	16598528	89271	1096809472	573886
5803	10368	AF-0000000208366615	shard_2019_batch_2.tar	8606720	79644	739680768	437727
5803	10706	AF-0000000208366494	shard_39_batch_2.tar	37858304	66792	199719424	305067
5808	10865	AF-0000000208504531	shard_93_batch_3.tar	13266944	102426	897332224	658550
5816	10613	AF-0000000208574146	shard_13_batch_3.tar	37217280	45819	195159552	149089
5854	10076	AF-0000000208282599	shard_1393_batch_1.tar	51896832	215767	2016296960	3535514
5854	10357	AF-0000000208282603	shard_1211_batch_1.tar	205366272	283585	5667727872	5901546
5854	10540	AF-0000000208282689	shard_1941_batch_2.tar	55575552	164858	1326604800	2026906
5882	10087	AF-0000000208588999	shard_167_batch_4.tar	15075840	174250	2051650048	2060567
5882	10703	AF-0000000208589157	shard_35_batch_3.tar	15780864	62067	333642752	275989
5884	10093	AF-0000000208726999	shard_91_batch_4.tar	73586176	100231	438971904	660301
5884	10237	AF-0000000208727102	shard_2017_batch_4.tar	50231296	128241	1259619328	1138484
5884	10244	AF-0000000208727048	shard_111_batch_4.tar	91450368	113052	897164800	906487
5884	10340	AF-0000000208727078	shard_1965_batch_4.tar	87378432	59234	843062272	245737
5884	10644	AF-0000000208727095	shard_1939_batch_4.tar	37525504	95181	1244790784	619035
5909	10304	AF-0000000208632372	shard_35_batch_4.tar	7975424	64371	345054720	277340
5909	10821	AF-0000000208632460	shard_43_batch_4.tar	53275136	69359	394583040	326128
5909	10901	AF-0000000208632498	shard_1927_batch_4.tar	108577792	76065	240772608	414695
5910	10910	AF-0000000208715583	shard_43_batch_4.tar	2147328	67717	442953216	304954
5912	10202	AF-0000000208492591	shard_69_batch_3.tar	31046144	85536	603794432	519286
5912	10589	AF-0000000208492566	shard_125_batch_3.tar	58799616	125986	1347745280	1153173
5925	10248	AF-0000000208414458	shard_1957_batch_3.tar	39912448	196330	402701312	2822439
5925	10422	AF-0000000208414488	shard_1957_batch_3.tar	87192576	189337	576599552	2558073
5972	10352	AF-0000000208521916	shard_1905_batch_3.tar	85757952	92287	476926464	594803
5980	10452	AF-0000000208549893	shard_53_batch_3.tar	66280448	75899	304882688	382248
5984	10301	AF-0000000208760764	shard_1901_batch_4.tar	98404864	115342	286200320	899218
5984	10744	AF-0000000208760754	shard_1897_batch_4.tar	43899392	89198	1103824384	562964
5988	10976	AF-0000000208612231	shard_135_batch_4.tar	7550976	139440	462652416	1315728
5989	10942	AF-0000000208428084	shard_2045_batch_3.tar	100552704	232252	876506112	3995278
6001	10008	AF-0000000208780762	shard_2023_batch_4.tar	39003136	203524	996848640	3066987
6001	10202	AF-0000000208780854	shard_63_batch_4.tar	39496704	81129	217043968	459385
6001	10332	AF-0000000208780872	shard_7_batch_4.tar	10832896	42019	126623744	115404
6009	10186	AF-0000000208407898	shard_2003_batch_3.tar	102792704	175417	691062272	2349925
6009	10647	AF-0000000208407856	shard_2053_batch_2.tar	44529152	117298	1119203840	1002904
6028	10036	AF-0000000208318646	shard_97_batch_2.tar	65603072	100655	899896320	749301
6028	10390	AF-0000000208318596	shard_89_batch_2.tar	86032384	95896	586931712	685173
6028	10486	AF-0000000208318592	shard_85_batch_2.tar	77767168	93147	626777600	651764
6033	10139	AF-0000000208433689	shard_77_batch_3.tar	26021888	85993	628101632	553197
6061	10644	AF-0000000208433848	shard_97_batch_2.tar	54699520	105385	603959808	770521
6082	10590	AF-0000000208494220	shard_1937_batch_3.tar	107109888	78502	615001600	398363
6089	10147	AF-0000000208563223	shard_1955_batch_3.tar	96745984	135462	1203685376	1346348
6089	10374	AF-0000000208563189	shard_1971_batch_3.tar	69509632	73063	530738176	367244
6112	10923	AF-0000000208436365	shard_2059_batch_3.tar	92378624	69795	1268340224	312463
6113	10498	AF-0000000208329356	shard_2031_batch_2.tar	74125312	72747	888261120	376248
6115	10579	AF-0000000208484991	shard_37_batch_3.tar	41302016	65156	179734528	282422
6115	10805	AF-0000000208485265	shard_2003_batch_3.tar	104103424	138996	933688320	1345832
6134	10161	AF-0000000208504597	shard_67_batch_3.tar	82477568	82251	435397632	460469
6134	10566	AF-0000000208504647	shard_2063_batch_3.tar	41721856	112043	1356722688	906547
6135	10887	AF-0000000208675569	shard_113_batch_4.tar	80377344	114237	576054784	893935
6135	10910	AF-0000000208675594	shard_2075_batch_4.tar	62392832	28099	885615616	38586
6142	10910	AF-0000000208394503	shard_17_batch_2.tar	39396352	51676	221488128	173607
6143	10069	AF-0000000208787385	shard_2029_batch_4.tar	30761984	42261	268712960	104570
6143	10070	AF-0000000208787028	shard_1925_batch_4.tar	21168128	51639	396418560	161922
6143	10546	AF-0000000208787094	shard_109_batch_4.tar	109767168	109431	962787328	845183
6143	10613	AF-0000000208786914	shard_31_batch_4.tar	12210688	59634	281281024	249311
6143	10676	AF-0000000208787012	shard_2005_batch_4.tar	104874496	123362	499863040	1088715
6143	10910	AF-0000000208787436	shard_1979_batch_4.tar	102167552	45084	270136320	116951
6150	10368	AF-0000000208738254	shard_67_batch_4.tar	69692928	82048	232134144	485496
6187	10245	AF-0000000208581345	shard_7_batch_3.tar	36276736	42818	163791360	105584
6187	10670	AF-0000000208581059	shard_1983_batch_3.tar	68369408	117614	1129946624	995435
6190	10039	AF-0000000208621284	shard_1951_batch_4.tar	86627840	137753	255860736	1394364
6190	10093	AF-0000000208621187	shard_2015_batch_4.tar	15277056	112534	1072414720	899015
6190	10257	AF-0000000208621211	shard_89_batch_4.tar	94865920	97730	801145856	682633
6190	10340	AF-0000000208621255	shard_49_batch_4.tar	8038912	71768	469175296	378413
6194	10005	AF-0000000208539024	shard_91_batch_3.tar	56537600	95742	380638720	690686
6201	10016	AF-0000000208325923	shard_1941_batch_2.tar	34717184	57744	1313286144	212058
6204	10644	AF-0000000208649665	shard_113_batch_4.tar	102138368	115085	784292864	899294
6222	10257	AF-0000000208506106	shard_2047_batch_3.tar	84688384	135207	663199232	1305494
6225	10999	AF-0000000208581695	shard_1_batch_3.tar	13405696	32572	94133248	65788
6226	10644	AF-0000000208717924	shard_2069_batch_4.tar	2801152	141006	1131719168	1386398
6226	10866	AF-0000000208717637	shard_1197_batch_2.tar	34678272	241415	1373663744	4389011
6233	10390	AF-0000000208555626	shard_2001_batch_3.tar	36188672	79056	1240821248	432913
6248	10242	AF-0000000208470301	shard_167_batch_3.tar	38234112	171295	2104350720	2279085
6248	10244	AF-0000000208470291	shard_159_batch_3.tar	105450496	156708	331465216	1911186
6248	10246	AF-0000000208470283	shard_167_batch_3.tar	514560	170438	860352512	2267729
6248	10373	AF-0000000208470294	shard_1339_batch_1.tar	18249216	158283	1823495680	1978829
6298	10070	AF-0000000208614741	shard_2073_batch_4.tar	95003648	52067	745283072	170573
6298	10456	AF-0000000208614891	shard_1957_batch_4.tar	98639360	77873	514494464	437801
6298	10613	AF-0000000208614672	shard_2043_batch_4.tar	50389504	60634	354057728	261696
6298	10676	AF-0000000208614728	shard_2031_batch_4.tar	104347648	123898	734515712	1163673
6328	10862	AF-0000000204106414	shard_1216_batch_0.tar	20618240	339724	1414643200	8245486
6329	10862	AF-0000000204106401	shard_1214_batch_0.tar	293821952	310882	3836381696	6961172
6330	10862	AF-0000000204106422	shard_1958_batch_0.tar	74498048	308368	310375936	6690060
6373	10088	AF-0000000208745772	shard_1953_batch_4.tar	11767296	64057	789637632	272455
6387	10156	AF-0000000208605436	shard_103_batch_3.tar	23434752	107099	957346304	811900
6387	10881	AF-0000000208605421	shard_53_batch_3.tar	41455104	75503	399514112	383015
6399	10202	AF-0000000208523394	shard_117_batch_3.tar	70153216	117722	544682496	1026874
6404	10546	AF-0000000208519923	shard_2085_batch_3.tar	106994176	103989	331912192	799597
6422	10327	AF-0000000208339339	shard_1971_batch_2.tar	113159680	75678	1424663040	411949
6422	10347	AF-0000000208339659	shard_51_batch_2.tar	2145792	72060	328819200	381784
6422	10901	AF-0000000208339924	shard_1899_batch_2.tar	55317504	55475	739890176	234266
6423	10611	AF-0000000204657952	shard_2078_batch_0.tar	18048000	127181	1504371200	1123738
6427	10106	AF-0000000204834597	shard_1908_batch_0.tar	61719040	66269	1208990720	284854
6427	10706	AF-0000000204834651	shard_2012_batch_0.tar	112911872	50430	346213376	171351
6427	10821	AF-0000000204834687	shard_12_batch_0.tar	26195968	48408	128293376	150310
6434	10276	AF-0000000208703356	shard_71_batch_4.tar	13399040	82310	384617984	495076
6455	10005	AF-0000000203841321	shard_1924_batch_0.tar	54034944	63095	1385805312	273487
6455	10806	AF-0000000203841274	shard_1950_batch_0.tar	120021504	49693	1511546880	159510
6455	10873	AF-0000000203841269	shard_2050_batch_0.tar	101402112	49102	1413932032	156932
6455	10881	AF-0000000203841319	shard_1952_batch_0.tar	68216320	51191	1131933184	166099
6456	10927	AF-0000000208500868	shard_1983_batch_3.tar	95642112	146491	1143444480	1449149
6459	10201	AF-0000000208514990	shard_3_batch_3.tar	11446272	38140	148276736	83933
6462	10038	AF-0000000203516013	shard_1918_batch_0.tar	11938816	89018	346609152	549335
6462	10325	AF-0000000203515875	shard_1976_batch_0.tar	97410048	85040	999903232	486453
6462	10720	AF-0000000203515909	shard_138_batch_0.tar	30123520	139218	808067584	1357172
6473	10004	AF-0000000208767246	shard_41_batch_4.tar	55707136	64568	141805568	301526
6482	10910	AF-0000000208796135	shard_21_batch_4.tar	42522112	54284	208221696	191826
6488	10440	AF-0000000204826100	shard_118_batch_0.tar	114531328	116201	633601536	1017452
6488	10644	AF-0000000204826135	shard_152_batch_0.tar	36221440	150774	1122460160	1743086
6491	10296	AF-0000000203510018	shard_1986_batch_0.tar	33539584	345902	1536341504	8161378
6500	10508	AF-0000000204603071	shard_36_batch_0.tar	48530432	62718	309469184	276532
6522	10901	AF-0000000209942367	shard_66_batch_0.tar	64306176	79365	269097472	467369
6525	10910	AF-0000000208414669	shard_2049_batch_3.tar	98688512	48623	802096128	145111
6529	10202	AF-0000000208457587	shard_1981_batch_3.tar	66858496	100358	539933184	764581
6536	10613	AF-0000000208388635	shard_2075_batch_3.tar	43396096	52368	1004214272	203909
6540	10456	AF-0000000208389019	shard_2009_batch_2.tar	12648448	77801	1351559680	434255
6540	10566	AF-0000000208389078	shard_2075_batch_3.tar	94330880	110174	1112830464	899070
6540	10681	AF-0000000208389065	shard_1901_batch_2.tar	35053056	57370	883006464	216160
6540	10936	AF-0000000208388969	shard_19_batch_2.tar	51483648	51720	266512384	175805
6556	10274	AF-0000000204657849	shard_1378_batch_0.tar	48713728	193005	2468240896	2884514
6558	10029	AF-0000000208318704	shard_1965_batch_2.tar	28082688	76850	341679104	415227
6565	10479	AF-0000000204161741	shard_1956_batch_0.tar	11304448	104821	694813696	702050
6573	10325	AF-0000000203472153	shard_72_batch_0.tar	22195712	87537	404278272	472536
6573	10660	AF-0000000203472148	shard_72_batch_0.tar	74366976	87980	658089984	483538
6588	10467	AF-0000000204061989	shard_56_batch_0.tar	57488896	75118	303332352	408100
6588	10675	AF-0000000204061990	shard_80_batch_0.tar	60393472	90154	278018560	572873
6588	10692	AF-0000000204061998	shard_58_batch_0.tar	9602560	76067	232834560	408106
6591	10276	AF-0000000203587564	shard_2034_batch_0.tar	49135104	134398	1309002752	1238108
6591	10927	AF-0000000203587490	shard_1386_batch_0.tar	183335424	208033	1909041152	2939832
6592	10456	AF-0000000203729957	shard_126_batch_0.tar	57101824	123925	702849536	1124826
6604	10910	AF-0000000208468096	shard_27_batch_3.tar	23512576	57859	181095936	219035
6618	10076	AF-0000000208613761	shard_2045_batch_4.tar	66646528	184001	335784448	2553585
6633	10278	AF-0000000208678283	shard_1995_batch_4.tar	26736128	63246	1194519040	279644
6633	10327	AF-0000000208678170	shard_73_batch_4.tar	63785984	86555	519148032	537256
6633	10681	AF-0000000208678326	shard_33_batch_4.tar	41277952	60648	287087104	239703
6648	10611	AF-0000000208617896	shard_2015_batch_4.tar	70582784	114500	702391808	927439
6649	10179	AF-0000000208638713	shard_1979_batch_4.tar	32084992	120171	884259840	1088341
6649	10889	AF-0000000208638774	shard_1975_batch_4.tar	12847616	94570	415879168	647772
6651	10332	AF-0000000208718066	shard_2063_batch_4.tar	52033024	57980	1095770112	215276
6652	10644	AF-0000000208802977	shard_1973_batch_4.tar	35036160	103564	1340875264	751415
6661	10301	AF-0000000208722455	shard_111_batch_4.tar	74285568	115008	475106816	886287
6661	10716	AF-0000000208722507	shard_1941_batch_4.tar	31784448	98253	1238118400	671830
6696	10602	AF-0000000208284094	shard_2031_batch_2.tar	27821056	90476	1159117312	590320
6698	10070	AF-0000000208718092	shard_2069_batch_4.tar	77467648	96205	882903040	661747
6698	10803	AF-0000000208718096	shard_2013_batch_4.tar	28427264	97237	534335488	669016
6702	10821	AF-0000000204214107	shard_36_batch_0.tar	52129792	65399	196379136	267379
6712	10910	AF-0000000208499830	shard_95_batch_3.tar	100654592	102860	801752064	704601
6735	10647	AF-0000000208708867	shard_2041_batch_4.tar	104318976	169891	713886208	2161518
6738	10368	AF-0000000208559595	shard_1991_batch_3.tar	55917568	73885	1155852288	376956
6739	10277	AF-0000000208328931	shard_1971_batch_2.tar	51336704	112943	401492480	850581
6739	10290	AF-0000000208328945	shard_2021_batch_2.tar	15777280	123089	1015991808	1032186
6746	10906	AF-0000000208362746	shard_1367_batch_1.tar	126535680	190143	1961623552	2619263
6749	10806	AF-0000000208664741	shard_39_batch_4.tar	13092864	62202	303682048	285581
6749	10873	AF-0000000208664736	shard_37_batch_4.tar	58017280	61620	398553088	282032
6754	10141	AF-0000000208692313	shard_165_batch_4.tar	117740032	168819	1183104512	1962820
6754	10497	AF-0000000208692316	shard_1955_batch_4.tar	59374080	168046	1187537408	1959027
6758	10304	AF-0000000208399561	shard_29_batch_2.tar	37635072	60227	143381504	236628
6758	10821	AF-0000000208399652	shard_1977_batch_3.tar	103834624	65488	646372352	266059
6762	10307	AF-0000000208595835	shard_1895_batch_3.tar	83081728	144927	686977536	1436703
6774	10072	AF-0000000208752620	shard_141_batch_4.tar	1087488	137658	1376924672	1448972
6774	10074	AF-0000000208752658	shard_143_batch_4.tar	51772928	139586	501521920	1486428
6774	10075	AF-0000000208752476	shard_143_batch_4.tar	128923648	139223	994292736	1488623
6774	10272	AF-0000000208752554	shard_1929_batch_4.tar	26154496	101267	868202496	784032
6774	10560	AF-0000000208752623	shard_111_batch_4.tar	82582528	111689	986302976	898922
6774	10689	AF-0000000208752526	shard_1935_batch_4.tar	92689408	118959	1209826304	1040203
6789	10282	AF-0000000210030792	shard_1950_batch_0.tar	20749824	71200	698731008	343038
6811	10008	AF-0000000208539770	shard_1937_batch_3.tar	14230528	212961	445421568	3388045
6824	10611	AF-0000000208530442	shard_45_batch_3.tar	46396416	68067	387325952	320835
6824	10739	AF-0000000208530451	shard_121_batch_3.tar	66708480	122803	548485120	962116
6842	10033	AF-0000000208349539	shard_1919_batch_2.tar	64264192	106878	455706624	792829
6844	10015	AF-0000000208673681	shard_141_batch_4.tar	17924096	139355	757769728	1343205
6862	10160	AF-0000000208600405	shard_1209_batch_2.tar	82467328	272507	2623264256	5518349
6869	10456	AF-0000000208767364	shard_1969_batch_4.tar	34847232	65875	294140928	300692
6880	10129	AF-0000000208486044	shard_1991_batch_3.tar	28927488	67947	920795136	310646
6886	10005	AF-0000000208709629	shard_71_batch_4.tar	39968768	85677	498321920	509165
6896	10202	AF-0000000208717067	shard_2001_batch_4.tar	56325632	175705	709501952	2169764
6905	10999	AF-0000000208409123	shard_1969_batch_3.tar	57191424	91763	854751744	611246
6922	10953	AF-0000000208752784	shard_1973_batch_4.tar	84414464	141782	1065584128	1431245
6924	10021	AF-0000000208787642	shard_2023_batch_4.tar	55050240	194810	905078784	2509583
6960	10722	AF-0000000208626013	shard_11_batch_4.tar	34053632	45063	213431808	135486
6993	10777	AF-0000000208421715	shard_1923_batch_3.tar	43318784	224785	1101611520	3778823
6994	10875	AF-0000000203948208	shard_1218_batch_0.tar	235729920	356325	8786569216	9204906
7011	10090	AF-0000000208792788	shard_1907_batch_4.tar	29583872	164850	480583168	2025281
7011	10274	AF-0000000208792870	shard_1189_batch_2.tar	25125376	225101	1740634112	3771052
7011	10826	AF-0000000208792760	shard_1347_batch_2.tar	102082048	171963	2092868608	2090388
7019	10297	AF-0000000208627208	shard_53_batch_4.tar	56666112	73754	156055552	375392
7020	10104	AF-0000000208709790	shard_151_batch_4.tar	42483200	151658	630290944	1725289
7033	10806	AF-0000000208445632	shard_3_batch_2.tar	25210880	35203	129493504	72593
7033	10873	AF-0000000208445627	shard_3_batch_2.tar	9039360	34764	97639424	70310
7037	10566	AF-0000000208307076	shard_1973_batch_2.tar	79381504	159413	1340056576	1827117
7037	10735	AF-0000000208306924	shard_1953_batch_2.tar	47755776	139634	1144593920	1406578
7037	10826	AF-0000000208306922	shard_1907_batch_2.tar	90825216	157146	1406811136	1760235
7039	10889	AF-0000000208577753	shard_75_batch_3.tar	6380544	85993	547407872	514220
7042	10644	AF-0000000210032845	shard_1922_batch_0.tar	62994944	167381	468872192	2134740
7055	10242	AF-0000000208722807	shard_1391_batch_2.tar	87283712	209392	797327360	3492656
7055	10244	AF-0000000208722739	shard_2011_batch_4.tar	77399040	194931	585153024	3026264
7055	10246	AF-0000000208722675	shard_2021_batch_4.tar	49679360	208611	797964288	3446850
7055	10257	AF-0000000208722713	shard_1913_batch_4.tar	85009920	167628	1373949952	2209732
7055	10422	AF-0000000208722715	shard_1961_batch_4.tar	54774784	201656	1150154752	2985045
7055	10861	AF-0000000208722764	shard_2055_batch_4.tar	102747648	149352	1047617024	1691146
7087	10074	AF-0000000208277087	shard_169_batch_2.tar	148980736	176537	847694848	2184391
7087	10272	AF-0000000208276992	shard_139_batch_2.tar	78272000	138187	332157952	1336649
7087	10579	AF-0000000208276943	shard_123_batch_2.tar	61382144	124862	737908736	1055269
7087	10647	AF-0000000208276985	shard_129_batch_2.tar	19883008	128271	1017371136	1095666
7087	10906	AF-0000000208277036	shard_2073_batch_2.tar	11776000	213132	879655936	3235957
7096	10927	AF-0000000208704185	shard_155_batch_4.tar	142572544	156995	786707968	1697589
7103	10036	AF-0000000208457657	shard_89_batch_3.tar	74265088	100677	238718976	679068
7103	10390	AF-0000000208457631	shard_83_batch_3.tar	90143744	95400	320437760	621949
7105	10357	AF-0000000208606726	shard_2063_batch_4.tar	82439168	347699	447914496	8467070
7131	10795	AF-0000000203626337	shard_2070_batch_0.tar	22643712	290600	822906368	6456465
7137	10202	AF-0000000208758012	shard_137_batch_4.tar	83872256	138058	1446183936	1364119
7138	10070	AF-0000000208551035	shard_33_batch_3.tar	12637184	59788	187838976	251739
7154	10667	AF-0000000208396782	shard_119_batch_2.tar	7584256	115347	917644288	1066151
7160	10993	AF-0000000208281702	shard_1949_batch_2.tar	111940608	88774	907782656	547972
7164	10390	AF-0000000208351018	shard_57_batch_2.tar	17576960	77061	374988800	419086
7173	10722	AF-0000000208475439	shard_1917_batch_3.tar	93027840	78142	679692288	417486
7175	10194	AF-0000000208527592	shard_25_batch_3.tar	28835840	56671	249952256	207480
7182	10170	AF-0000000208461251	shard_81_batch_3.tar	65909760	88885	290268160	601785
7182	10242	AF-0000000208461447	shard_161_batch_3.tar	57075200	162685	563656192	2036346
7182	10246	AF-0000000208461096	shard_161_batch_3.tar	66434560	161922	1211249152	2019145
7182	10802	AF-0000000208461297	shard_113_batch_3.tar	80968704	114062	850327040	977190
7195	10750	AF-0000000208679901	shard_2057_batch_4.tar	10594304	161929	468137472	1854202
7204	10681	AF-0000000208356059	shard_9_batch_2.tar	38960128	44103	92471808	117711
7206	10887	AF-0000000208731483	shard_1903_batch_4.tar	61897216	128454	762759680	1182599
7238	10502	AF-0000000208362846	shard_153_batch_2.tar	146084352	145307	1127505920	1601939
7238	10943	AF-0000000208363096	shard_165_batch_2.tar	22733312	159517	1900261376	1913344
7239	10167	AF-0000000208373828	shard_2019_batch_2.tar	21095936	87418	1360880128	534457
7244	10842	AF-0000000208679928	shard_1363_batch_2.tar	20159488	180377	1052035072	2238984
7254	10008	AF-0000000208385024	shard_2011_batch_2.tar	83480576	196684	661678592	2812486
7254	10202	AF-0000000208385084	shard_51_batch_2.tar	47251456	74072	460791296	372846
7271	10222	AF-0000000210186463	shard_99_batch_2.tar	25853952	107894	969561088	800575
7271	10281	AF-0000000208319652	shard_141_batch_2.tar	1264640	138366	453107200	1448937
7273	10008	AF-0000000208726531	shard_1963_batch_4.tar	70960640	325589	559699456	7608065
7276	10690	AF-0000000208680085	shard_53_batch_4.tar	64293376	72278	462082560	385634
7300	10914	AF-0000000208446660	shard_157_batch_3.tar	41422336	157147	1514490880	1833929
7321	10264	AF-0000000204583175	shard_1968_batch_0.tar	6014464	305623	1221735936	7040873
7330	10887	AF-0000000208418223	shard_153_batch_3.tar	2000384	154250	1312525312	1695927
7348	10202	AF-0000000208669405	shard_2057_batch_4.tar	64301056	82223	1351820800	486012
7351	10202	AF-0000000208700392	shard_85_batch_4.tar	44854784	94251	781856256	658400
7351	10739	AF-0000000208700386	shard_141_batch_4.tar	38268928	139825	807221248	1319213
7352	10388	AF-0000000208527795	shard_87_batch_3.tar	75536384	95197	348568576	682975
7352	10999	AF-0000000208527891	shard_1979_batch_3.tar	14976512	33998	337476096	70377
7354	10936	AF-0000000208426826	shard_73_batch_3.tar	9285120	86554	202968064	492529
7363	10644	AF-0000000210221568	shard_2010_batch_0.tar	26359808	147718	999607296	1667612
7388	10202	AF-0000000204280850	shard_84_batch_0.tar	46117888	95416	547310592	658126
7388	10681	AF-0000000204280818	shard_34_batch_0.tar	38087168	62745	382587904	262393
7388	10901	AF-0000000204280902	shard_1956_batch_0.tar	47416832	68213	1576986112	344315
7392	10885	AF-0000000210495999	shard_1972_batch_0.tar	34423296	129032	1642985472	1216231
7397	10384	AF-0000000204201896	shard_1996_batch_0.tar	127801344	126803	495719424	1195011
7397	10546	AF-0000000204201834	shard_2018_batch_0.tar	62477312	144815	358774784	1598981
7406	10654	AF-0000000204587340	shard_1980_batch_0.tar	95911424	111324	856372224	865220
7406	10901	AF-0000000204587325	shard_1916_batch_0.tar	124664320	62449	1066356736	290972
7407	10546	AF-0000000204587849	shard_1992_batch_0.tar	113431552	109495	1459441664	880121
7407	10642	AF-0000000204588110	shard_1918_batch_0.tar	76358656	56025	1454378496	196379
7407	10654	AF-0000000204588259	shard_1938_batch_0.tar	57311744	110981	465292800	882303
7407	10681	AF-0000000204588140	shard_24_batch_0.tar	7594496	56749	255333888	211167
7407	10710	AF-0000000204588117	shard_1912_batch_0.tar	22907904	53844	915696640	176887
7408	10546	AF-0000000204588967	shard_1986_batch_0.tar	102649856	109659	404845568	876233
7408	10710	AF-0000000204589235	shard_18_batch_0.tar	30124032	54164	241844736	177834
7421	10302	AF-0000000203531923	shard_2018_batch_0.tar	123486208	173728	1112539136	2310222
7426	10082	AF-0000000203623617	shard_80_batch_0.tar	1966080	93009	496390656	621539
7429	10389	AF-0000000204094093	shard_1966_batch_0.tar	91516928	167412	361844224	1998978
7430	10498	AF-0000000204096144	shard_1962_batch_0.tar	35664384	175541	1286987264	2315203
7434	10461	AF-0000000204043751	shard_1934_batch_0.tar	52257792	112247	1601380864	874416
7436	10981	AF-0000000204186545	shard_2056_batch_0.tar	48617472	145651	1194963456	1516141
7438	10715	AF-0000000204187277	shard_58_batch_0.tar	73951232	78072	463606784	430123
7440	10105	AF-0000000204192887	shard_98_batch_0.tar	70941696	104577	527321088	769381
7440	10978	AF-0000000204192886	shard_120_batch_0.tar	121901568	121838	1186253312	1077674
7443	10613	AF-0000000203891424	shard_22_batch_0.tar	33474048	52915	123686400	187084
7443	10901	AF-0000000203891632	shard_26_batch_0.tar	56085504	55346	287009792	223558
7445	10437	AF-0000000204043375	shard_24_batch_0.tar	11387392	58147	168296448	213132
7450	10978	AF-0000000204195703	shard_2020_batch_0.tar	60212736	57864	1434361344	216421
7453	10978	AF-0000000204192189	shard_96_batch_0.tar	57388032	102782	603601408	782025
7454	10933	AF-0000000204193390	shard_134_batch_0.tar	38531584	137377	1186609152	1309634
7455	10427	AF-0000000204275065	shard_2024_batch_0.tar	104520704	53642	1838872064	186901
7456	10070	AF-0000000204276476	shard_2064_batch_0.tar	26260992	48923	1685927424	148055
7456	10088	AF-0000000204276550	shard_24_batch_0.tar	30259200	58001	250963968	208272
7456	10373	AF-0000000204276764	shard_114_batch_0.tar	100791808	116098	452506624	999194
7457	10069	AF-0000000204279520	shard_6_batch_0.tar	13904384	42596	140684800	106509
7457	10304	AF-0000000204279491	shard_14_batch_0.tar	2083328	50795	204444160	159879
7457	10330	AF-0000000204279294	shard_14_batch_0.tar	35895296	50906	170594816	154473
7457	10676	AF-0000000204279177	shard_122_batch_0.tar	12879360	124040	936737280	1090215
7459	10427	AF-0000000204283616	shard_8_batch_0.tar	42924544	44519	138417664	122623
7461	10427	AF-0000000204456841	shard_26_batch_0.tar	520704	56387	236479488	212592
7461	10544	AF-0000000204456680	shard_36_batch_0.tar	11562496	65311	144006656	280751
7461	10681	AF-0000000204457050	shard_22_batch_0.tar	13364224	54658	227990528	198951
7461	10934	AF-0000000204457136	shard_2082_batch_0.tar	109459456	54531	1608486400	194967
7462	10225	AF-0000000204460485	shard_24_batch_0.tar	35053056	57626	137479168	213176
7462	10304	AF-0000000204460634	shard_6_batch_0.tar	12587008	42814	161213440	109428
7462	10427	AF-0000000204460433	shard_16_batch_0.tar	51153408	51531	238049280	163150
7462	10544	AF-0000000204460208	shard_28_batch_0.tar	23779328	60028	255339008	234018
7462	10901	AF-0000000204460884	shard_26_batch_0.tar	1523200	55030	203976704	214188
7463	10613	AF-0000000204461584	shard_18_batch_0.tar	13271040	50638	161798656	169916
7464	10153	AF-0000000204464319	shard_1906_batch_0.tar	33371648	74192	1539415040	360260
7464	10753	AF-0000000204464136	shard_1974_batch_0.tar	84406272	73627	913249792	364358
7465	10375	AF-0000000204466467	shard_84_batch_0.tar	26120192	96554	197739008	623453
7465	10668	AF-0000000204466527	shard_118_batch_0.tar	117073920	123343	1064658944	1092224
7465	10821	AF-0000000204466485	shard_42_batch_0.tar	28021760	69049	218093568	287653
7466	10427	AF-0000000204467483	shard_48_batch_0.tar	9761792	72966	435392512	358766
7466	10761	AF-0000000204467485	shard_1396_batch_0.tar	49537024	225675	3337291264	3663151
7467	10544	AF-0000000204468634	shard_2004_batch_0.tar	109950976	75576	1592117760	377128
7467	10579	AF-0000000204468666	shard_1966_batch_0.tar	21806080	73872	778536960	339072
7468	10087	AF-0000000204470604	shard_1344_batch_0.tar	21697024	169681	1446771200	1886925
7469	10087	AF-0000000204471869	shard_1964_batch_0.tar	30960128	167486	778173952	1818246
7469	10681	AF-0000000204472152	shard_20_batch_0.tar	22044160	54602	108549632	180589
7469	10910	AF-0000000204472172	shard_6_batch_0.tar	3771392	42558	152408576	104544
7471	10910	AF-0000000204451915	shard_50_batch_0.tar	46190080	75526	458737664	375246
7473	10881	AF-0000000204453416	shard_1910_batch_0.tar	77068288	137364	938300416	1358818
7478	10437	AF-0000000203670407	shard_76_batch_0.tar	1719808	91907	311623680	568034
7479	10325	AF-0000000203473200	shard_72_batch_0.tar	34572288	87473	259630080	474426
7479	10660	AF-0000000203473195	shard_72_batch_0.tar	78626304	88040	518847488	488135
7487	10273	AF-0000000204365777	shard_2024_batch_0.tar	34499072	58813	364552192	218525
7487	10546	AF-0000000204365848	shard_2074_batch_0.tar	51436032	105672	596485632	827444
7487	10642	AF-0000000204366186	shard_2044_batch_0.tar	120292864	53063	1430509056	163509
7487	10654	AF-0000000204366391	shard_2070_batch_0.tar	16246272	107368	1272488960	816514
7487	10710	AF-0000000204366193	shard_1918_batch_0.tar	56768512	50380	673881088	146317
7487	10738	AF-0000000204366300	shard_28_batch_0.tar	36980736	59327	242135552	226521
7491	10096	AF-0000000204352375	shard_1964_batch_0.tar	127199744	54424	849384960	185089
7491	10257	AF-0000000204352242	shard_60_batch_0.tar	569344	79430	315023360	439258
7491	10753	AF-0000000204352136	shard_2010_batch_0.tar	99286528	60548	407357440	249808
7491	10761	AF-0000000204352248	shard_1380_batch_0.tar	142949376	201312	3236919296	3006733
7494	10173	AF-0000000204382293	shard_1372_batch_0.tar	163818496	191412	371483648	2576785
7494	10690	AF-0000000204382042	shard_80_batch_0.tar	80060416	92366	237177344	598525
7496	10582	AF-0000000203695943	shard_2058_batch_0.tar	21310976	176122	719744512	2418002
7496	10937	AF-0000000203695937	shard_2032_batch_0.tar	74002944	178241	1369701376	2495377
7497	10582	AF-0000000203695971	shard_170_batch_0.tar	157337600	176169	2612130304	2423566
7497	10937	AF-0000000203695965	shard_1982_batch_0.tar	118880768	178482	1562444288	2496361
7499	10070	AF-0000000210688750	shard_1896_batch_0.tar	100515328	60831	1384342016	237971
7499	10437	AF-0000000210688759	shard_32_batch_0.tar	56722944	62743	129273856	258992
7501	10070	AF-0000000204277841	shard_10_batch_0.tar	3198976	46930	169477632	130186
7501	10803	AF-0000000204277886	shard_1924_batch_0.tar	67041792	48337	707632640	140652
7502	10423	AF-0000000204458582	shard_1914_batch_0.tar	96676352	67900	445839872	310007
7502	10698	AF-0000000204458219	shard_2000_batch_0.tar	47971840	148625	970827264	1649947
7502	10726	AF-0000000204457940	shard_1912_batch_0.tar	95069184	104266	1393404416	729725
7503	10257	AF-0000000204462804	shard_1992_batch_0.tar	114274816	79125	538879488	426051
7503	10613	AF-0000000204462640	shard_16_batch_0.tar	24636416	49820	136132608	170474
7503	10901	AF-0000000204463029	shard_22_batch_0.tar	20802560	52432	238633472	195874
7510	10739	AF-0000000204843310	shard_136_batch_0.tar	62035968	138759	1557857792	1263791
7520	10871	AF-0000000204065756	shard_1388_batch_0.tar	83024384	211089	2879817728	3170074
7521	10280	AF-0000000204126234	shard_1196_batch_0.tar	230394880	240354	3794776064	4156966
7521	10674	AF-0000000204126186	shard_82_batch_0.tar	68351488	91568	198401024	603714
7521	10904	AF-0000000204126318	shard_2062_batch_0.tar	28537344	107077	486665728	820103
7529	10942	AF-0000000204398502	shard_162_batch_0.tar	54132224	165051	950643712	2042903
7539	10613	AF-0000000204570475	shard_1946_batch_0.tar	67478016	55459	772708352	216857
7539	10698	AF-0000000204570819	shard_1914_batch_0.tar	5465088	149078	1360469504	1646424
7544	10456	AF-0000000203721713	shard_74_batch_0.tar	3225088	86814	327326720	532583
7545	10013	AF-0000000203602595	shard_1944_batch_0.tar	49618944	116356	1056008704	938949
7545	10358	AF-0000000203602617	shard_2004_batch_0.tar	80793088	126289	482187776	1098073
7545	10399	AF-0000000203602611	shard_2070_batch_0.tar	1922560	116357	1212302336	912204
7545	10400	AF-0000000203602610	shard_1926_batch_0.tar	117181440	112937	622273024	882763
7545	10407	AF-0000000203602601	shard_1992_batch_0.tar	765952	106932	1029599744	798282
7545	10731	AF-0000000203602600	shard_1972_batch_0.tar	89101312	108838	1606545408	846667
7545	10735	AF-0000000203602585	shard_1934_batch_0.tar	72820224	112639	1682544640	847762
7545	10826	AF-0000000203602583	shard_2078_batch_0.tar	90186752	130467	1452766720	1148778
7546	10013	AF-0000000203602779	shard_2008_batch_0.tar	25345536	115698	1333988864	940222
7546	10358	AF-0000000203602801	shard_2082_batch_0.tar	97773568	125277	1697665536	1082986
7546	10399	AF-0000000203602795	shard_1924_batch_0.tar	63708672	115827	854369280	915453
7546	10400	AF-0000000203602794	shard_1952_batch_0.tar	14086656	112354	1189548032	885013
7546	10407	AF-0000000203602785	shard_1926_batch_0.tar	40225792	106485	745303040	797003
7546	10731	AF-0000000203602784	shard_1994_batch_0.tar	118605824	108202	478030336	843318
7546	10735	AF-0000000203602769	shard_108_batch_0.tar	49326592	112376	603936256	847187
7546	10826	AF-0000000203602767	shard_128_batch_0.tar	120465408	129934	1031195136	1129775
7547	10008	AF-0000000203603081	shard_1992_batch_0.tar	63038464	256008	453566464	4917420
7547	10301	AF-0000000203603077	shard_1964_batch_0.tar	2384384	154156	818682880	1713143
7547	10842	AF-0000000203603012	shard_154_batch_0.tar	87650304	158182	1045245952	1748784
7555	10611	AF-0000000204682200	shard_1364_batch_0.tar	170643456	186392	2411988992	2578055
7558	10237	AF-0000000203896394	shard_1988_batch_0.tar	32376832	173428	406197248	2139678
7558	10927	AF-0000000203896289	shard_1372_batch_0.tar	29931008	195770	1267549696	2657466
7559	10096	AF-0000000204363461	shard_90_batch_0.tar	59177984	102303	512026112	710732
7559	10607	AF-0000000204363601	shard_112_batch_0.tar	9840640	117388	372960768	1002770
7559	10725	AF-0000000204363038	shard_116_batch_0.tar	28390912	122188	647096320	1045209
7559	10803	AF-0000000204363166	shard_74_batch_0.tar	82370048	90252	429154304	557731
7559	10901	AF-0000000204363630	shard_94_batch_0.tar	72425984	100356	456492032	762719
7560	10257	AF-0000000204381269	shard_100_batch_0.tar	80617984	105962	941314560	829314
7561	10901	AF-0000000204508725	shard_32_batch_0.tar	12412416	58026	133822976	252931
7562	10225	AF-0000000204511625	shard_20_batch_0.tar	29140992	53680	263286784	188519
7562	10456	AF-0000000204511622	shard_40_batch_0.tar	59564544	66154	186158592	282080
7564	10372	AF-0000000204709784	shard_1902_batch_0.tar	122945024	145850	401673728	1437289
7567	10388	AF-0000000204608028	shard_2072_batch_0.tar	70231552	90521	1321558016	599113
7567	10999	AF-0000000204608121	shard_0_batch_0.tar	2899456	29037	78161408	48862
7569	10440	AF-0000000204271082	shard_46_batch_0.tar	36996608	71033	227650048	342876
7569	10795	AF-0000000204271078	shard_1362_batch_0.tar	32852480	181104	1895499264	2399493
7570	10440	AF-0000000204271192	shard_1900_batch_0.tar	118556160	72977	1163002880	364036
7571	10087	AF-0000000204506003	shard_2062_batch_0.tar	124713472	168442	424587264	1882684
7571	10272	AF-0000000204506152	shard_1900_batch_0.tar	74809344	78196	656799744	435711
7572	10613	AF-0000000204393710	shard_2014_batch_0.tar	96840704	84471	331920896	535094
7572	10901	AF-0000000204394125	shard_1990_batch_0.tar	123173376	87213	1341403136	576125
7579	10372	AF-0000000204708733	shard_144_batch_0.tar	104794624	146580	825533952	1456054
7580	10372	AF-0000000204709315	shard_144_batch_0.tar	126032896	146255	1064301056	1442385
7586	10070	AF-0000000204413035	shard_24_batch_0.tar	55363584	56394	122702336	207615
7586	10088	AF-0000000204413110	shard_36_batch_0.tar	25392640	65639	187261440	280825
7586	10225	AF-0000000204413208	shard_44_batch_0.tar	42916864	70177	389867008	334767
7586	10761	AF-0000000204413171	shard_1970_batch_0.tar	59835392	216239	305201152	3471979
7591	10028	AF-0000000203898374	shard_60_batch_0.tar	69519872	79284	535961600	440947
7591	10652	AF-0000000203898324	shard_1974_batch_0.tar	116303360	61620	293004800	261322
7593	10088	AF-0000000203799598	shard_1934_batch_0.tar	33168384	87582	1343200256	529659
7593	10538	AF-0000000203799466	shard_102_batch_0.tar	60841984	107006	208359936	830739
7593	10670	AF-0000000203799563	shard_2006_batch_0.tar	128384512	144837	331982336	1536528
7593	10724	AF-0000000203799510	shard_110_batch_0.tar	53668864	115456	487866880	941162
7593	10901	AF-0000000203799870	shard_82_batch_0.tar	65150464	89363	384003072	590430
7594	10147	AF-0000000204001391	shard_2020_batch_0.tar	97520128	119788	1158726656	1022124
7594	10221	AF-0000000204001386	shard_64_batch_0.tar	38423040	83974	523582464	454945
7594	10282	AF-0000000204001457	shard_38_batch_0.tar	12056064	65935	355670016	286558
7594	10352	AF-0000000204001395	shard_2084_batch_0.tar	6080512	102938	1414178816	754413
7596	10257	AF-0000000204553733	shard_1928_batch_0.tar	12297728	99910	1593350656	729492
7597	10753	AF-0000000204390904	shard_54_batch_0.tar	7345152	76509	188908032	418467
7598	10668	AF-0000000204522024	shard_1972_batch_0.tar	10505216	106359	1205392896	804605
7599	10690	AF-0000000204537690	shard_82_batch_0.tar	94105088	93326	560302592	605280
7600	10368	AF-0000000204544274	shard_1988_batch_0.tar	20849152	88113	678351872	547335
7601	10238	AF-0000000203635906	shard_154_batch_0.tar	38546432	155745	1659851264	1760339
7602	10330	AF-0000000204666254	shard_2064_batch_0.tar	12025856	47209	1330387456	137832
7602	10456	AF-0000000204666289	shard_1932_batch_0.tar	12292096	74122	1222736896	365666
7602	10901	AF-0000000204666406	shard_34_batch_0.tar	56982528	59054	264841728	249131
7602	10910	AF-0000000204666371	shard_6_batch_0.tar	8263680	41540	114991616	101573
7604	10257	AF-0000000204358657	shard_1938_batch_0.tar	32269824	74153	1718692352	361433
7604	10456	AF-0000000204358681	shard_1986_batch_0.tar	52446720	62117	1098436096	245771
7605	10273	AF-0000000204221633	shard_1942_batch_0.tar	35299328	63015	1690641920	251526
7605	10546	AF-0000000204221707	shard_110_batch_0.tar	113384448	109821	1078842368	876703
7605	10642	AF-0000000204222084	shard_22_batch_0.tar	10884096	56850	126030848	193655
7605	10654	AF-0000000204222317	shard_104_batch_0.tar	61366272	111529	1033444352	875632
7605	10710	AF-0000000204222092	shard_20_batch_0.tar	35770368	54516	262349312	174174
7605	10826	AF-0000000204221445	shard_2014_batch_0.tar	76491264	107444	855297024	791141
7612	10083	AF-0000000204680431	shard_1972_batch_0.tar	68437504	88899	524977152	486322
7615	10070	AF-0000000204284531	shard_1904_batch_0.tar	90710528	33250	458642432	60268
7615	10681	AF-0000000204284745	shard_2_batch_0.tar	19459072	38756	96820736	87537
7617	10648	AF-0000000204196895	shard_28_batch_0.tar	31002112	55843	315912192	227601
7618	10149	AF-0000000208413641	shard_29_batch_3.tar	38492160	58773	292272128	234863
7619	10257	AF-0000000204402998	shard_2084_batch_0.tar	80175616	142155	1321329664	1517323
7619	10330	AF-0000000204402930	shard_98_batch_0.tar	8655360	103756	922737664	771534
7619	10901	AF-0000000204403320	shard_118_batch_0.tar	11442176	116278	795385856	1021764
7619	10936	AF-0000000204402875	shard_98_batch_0.tar	85124608	104572	457036800	770581
7620	10427	AF-0000000208531303	shard_1953_batch_3.tar	29125632	49989	1335305728	153910
7622	10602	AF-0000000203582136	shard_36_batch_0.tar	24281600	66591	356572672	264670
7634	10509	AF-0000000203689221	shard_164_batch_0.tar	71300096	170075	1995460096	2146799
7636	10858	AF-0000000203451661	shard_116_batch_0.tar	69161984	116835	728922624	1047540
7637	10039	AF-0000000203881681	shard_1390_batch_0.tar	47368704	216552	2547304448	3500411
7637	10712	AF-0000000203881651	shard_160_batch_0.tar	91875328	168602	741057024	2124536
7637	10715	AF-0000000203881577	shard_1930_batch_0.tar	59823104	177627	1422938112	2296120
7637	10716	AF-0000000203881624	shard_170_batch_0.tar	3628544	183207	1515764736	2448869
7638	10936	AF-0000000204044589	shard_14_batch_0.tar	10693120	50516	124971008	155486
7643	10226	AF-0000000204178807	shard_1196_batch_0.tar	93564416	234981	4359860224	3983453
7651	10083	AF-0000000208717113	shard_1995_batch_4.tar	2582016	144463	272706560	1474248
7658	10611	AF-0000000208764975	shard_1941_batch_4.tar	105270784	85349	1003022848	523207
7659	10120	AF-0000000208508743	shard_2045_batch_3.tar	33905152	123823	1235125760	1085375
7671	10866	AF-0000000208651663	shard_1209_batch_2.tar	81107456	274314	1388450816	5271992
7676	10842	AF-0000000208473559	shard_1215_batch_2.tar	36490240	313544	3511104000	6534011
7679	10952	AF-0000000208673789	shard_2039_batch_4.tar	11246592	253639	550525952	4462701
7680	10373	AF-0000000208506370	shard_163_batch_3.tar	42996736	163151	1646034432	2029682
7681	10937	AF-0000000208694433	shard_2025_batch_4.tar	29443072	123482	729259520	1180563
7696	10467	AF-0000000208666961	shard_71_batch_4.tar	2937344	86198	302497280	475213
7701	10427	AF-0000000208551163	shard_2021_batch_3.tar	97226240	69646	535337472	337259
7706	10580	AF-0000000208345836	shard_167_batch_2.tar	88573952	174269	1766218240	2110919
7708	10039	AF-0000000208458588	shard_1893_batch_3.tar	31730176	263618	1062427136	5383620
7709	10345	AF-0000000208535247	shard_133_batch_3.tar	58781696	133518	690723840	1285422
7709	10916	AF-0000000208535234	shard_89_batch_3.tar	6598656	94642	359279616	653314
7713	10580	AF-0000000211114746	shard_1402_batch_0.tar	76493824	232113	3117500928	3767631
7729	10330	AF-0000000204679819	shard_8_batch_0.tar	32038912	43844	155995136	117837
7729	10613	AF-0000000204679779	shard_22_batch_0.tar	21426176	53594	229565440	208069
7729	10690	AF-0000000204679816	shard_46_batch_0.tar	63230976	69433	213052928	333349
7730	10690	AF-0000000208558019	shard_1913_batch_3.tar	59948544	66882	1186515456	298995
7732	10786	AF-0000000208711071	shard_1957_batch_4.tar	89300992	297094	277524480	6866599
7733	10750	AF-0000000204263261	shard_2012_batch_0.tar	40379904	242368	1140148224	4167324
7738	10074	AF-0000000208270665	shard_2033_batch_2.tar	83153920	146459	1080314368	1622836
7738	10613	AF-0000000208270521	shard_79_batch_2.tar	39710720	88337	469260800	587210
7744	10202	AF-0000000208385194	shard_109_batch_2.tar	24650240	113226	603781632	897816
7745	10202	AF-0000000208447690	shard_159_batch_3.tar	90271232	164180	740943872	1961340
7748	10425	AF-0000000208401533	shard_1987_batch_2.tar	113611776	88888	402395648	524143
7763	10071	AF-0000000203550099	shard_1934_batch_0.tar	62493184	198619	993079808	2672156
7768	10644	AF-0000000208273034	shard_2021_batch_2.tar	42641408	108477	1277666816	846966
7771	10980	AF-0000000208364354	shard_2017_batch_2.tar	82228736	164046	1314465280	2011677
7772	10689	AF-0000000208468164	shard_1979_batch_3.tar	11272192	159989	954536960	1835605
7787	10739	AF-0000000208405336	shard_163_batch_3.tar	92232704	169500	841841152	1885970
7791	10546	AF-0000000208387391	shard_113_batch_2.tar	30494208	110654	1060969984	888681
7791	10613	AF-0000000208387249	shard_1921_batch_2.tar	106464256	60750	589454336	264719
7791	10668	AF-0000000208387801	shard_1949_batch_2.tar	39564288	110873	639835648	897660
7795	10383	AF-0000000208406121	shard_1955_batch_3.tar	104748032	195285	378632704	2663364
7796	10147	AF-0000000208533673	shard_1377_batch_1.tar	131739648	197190	764131840	3020710
7796	10276	AF-0000000208533759	shard_1947_batch_3.tar	104542720	158798	526789632	1905589
7797	10228	AF-0000000208540007	shard_1355_batch_1.tar	7769600	176192	2207338496	2316165
7797	10616	AF-0000000208539834	shard_1209_batch_2.tar	90980864	273982	2070089728	5496417
7797	10690	AF-0000000208539952	shard_2015_batch_3.tar	90059776	160787	1066142720	1806165
7797	10698	AF-0000000208540016	shard_1405_batch_2.tar	109222400	238036	964232704	4206208
7798	10225	AF-0000000208795216	shard_2079_batch_4.tar	107811328	103224	1134117888	733943
7798	10424	AF-0000000208795066	shard_153_batch_4.tar	10916352	149530	955803136	1676704
7802	10021	AF-0000000208663563	shard_1387_batch_2.tar	64873984	209429	265210880	2878613
7802	10087	AF-0000000208663546	shard_1405_batch_2.tar	21010432	238783	1638648320	3685578
7802	10259	AF-0000000208663557	shard_1191_batch_2.tar	97668608	233586	1327504896	3421131
7802	10276	AF-0000000208663658	shard_2053_batch_4.tar	108834304	150299	888599552	1505479
7802	10306	AF-0000000208663608	shard_1907_batch_4.tar	56232960	135930	1367741952	1205834
7802	10332	AF-0000000208663667	shard_117_batch_4.tar	78063104	121004	1103325696	963062
7803	10582	AF-0000000208756398	shard_1975_batch_4.tar	2029568	125221	883234304	1182149
7803	10937	AF-0000000208756380	shard_2037_batch_4.tar	72174080	128293	292073984	1254049
7812	10868	AF-0000000208714064	shard_1903_batch_4.tar	7392256	146038	1093225984	1359743
7823	10589	AF-0000000211114893	shard_1378_batch_0.tar	74733568	197476	1455789568	2885892
7828	10279	AF-0000000208406220	shard_1393_batch_1.tar	197120000	215865	2090153472	3155724
7833	10274	AF-0000000208741603	shard_1389_batch_2.tar	86321152	210551	797966848	3270829
7833	10452	AF-0000000208741598	shard_111_batch_4.tar	85414400	114481	984493056	904895
7833	10644	AF-0000000208741613	shard_149_batch_4.tar	60213248	149536	835261440	1578668
7833	10712	AF-0000000208741609	shard_131_batch_4.tar	47835136	132337	1315657728	1224991
7833	10715	AF-0000000208741536	shard_2019_batch_4.tar	68136960	140726	376512512	1410704
7833	10716	AF-0000000208741577	shard_2015_batch_4.tar	98587136	146086	817814528	1517151
7833	10739	AF-0000000208741599	shard_1955_batch_4.tar	6426624	185831	1247639552	2336556
7838	10566	AF-0000000203582005	shard_152_batch_0.tar	118852096	151411	1222891008	1708600
7838	10688	AF-0000000203581964	shard_1902_batch_0.tar	23973888	212146	878334464	3126026
7841	10242	AF-0000000208695895	shard_2067_batch_4.tar	3179008	126149	1250883072	1196500
7841	10244	AF-0000000208695886	shard_2009_batch_4.tar	3804160	111942	738325504	930919
7841	10246	AF-0000000208695879	shard_2025_batch_4.tar	103605248	125188	944693760	1180197
7841	10373	AF-0000000208695889	shard_1953_batch_4.tar	8003072	113497	799759872	949196
7864	10015	AF-0000000208350164	shard_2049_batch_2.tar	65019392	132326	604776960	1215209
7873	10427	AF-0000000208376443	shard_1927_batch_2.tar	100258304	64510	1309101568	295676
7883	10212	AF-0000000208703376	shard_73_batch_4.tar	75608576	86830	596238336	524578
7884	10440	AF-0000000208270670	shard_2027_batch_2.tar	94383104	99316	657778176	696180
7886	10008	AF-0000000208671276	shard_1967_batch_4.tar	75129344	225455	912881152	3817699
7895	10582	AF-0000000208676829	shard_1943_batch_4.tar	34606592	169543	884458496	2210823
7895	10937	AF-0000000208676812	shard_1961_batch_4.tar	109070336	171560	1071761920	2263296
7896	10479	AF-0000000204161400	shard_96_batch_0.tar	77221376	105118	280003584	685072
7898	10569	AF-0000000208271377	shard_159_batch_2.tar	152077824	162708	1603121664	1927726
7899	10613	AF-0000000208672717	shard_23_batch_4.tar	17162752	54127	280513024	204358
7903	10079	AF-0000000208650185	shard_1899_batch_4.tar	75987968	161191	517029888	1822385
7904	10087	AF-0000000204265230	shard_2016_batch_0.tar	111934464	237660	380610560	3979324
7904	10276	AF-0000000204265340	shard_146_batch_0.tar	75841536	149003	1186328576	1562361
7906	10021	AF-0000000204262966	shard_1382_batch_0.tar	46302720	200093	731252736	2796508
7906	10120	AF-0000000204262920	shard_160_batch_0.tar	150587904	162805	1874313216	1934191
7912	10074	AF-0000000208755402	shard_2043_batch_4.tar	107179008	108042	801147904	867223
7912	10075	AF-0000000208755277	shard_107_batch_4.tar	83638272	107903	435144704	869778
7912	10194	AF-0000000208755344	shard_1995_batch_4.tar	70464000	51853	1284476928	173577
7912	10330	AF-0000000208755301	shard_7_batch_4.tar	19111936	40419	156764672	106771
7912	10647	AF-0000000208755328	shard_1951_batch_4.tar	57186816	58831	651459584	240427
7913	10569	AF-0000000208537202	shard_105_batch_3.tar	73397760	110838	929203712	846159
7914	10152	AF-0000000211115089	shard_114_batch_0.tar	109366272	117103	933408768	1006836
7915	10881	AF-0000000208688859	shard_2021_batch_4.tar	22181376	79632	711200256	429469
7948	10965	AF-0000000211115098	shard_2064_batch_0.tar	26176000	84432	890422784	479469
7968	10242	AF-0000000208527980	shard_159_batch_3.tar	131119616	157698	556542976	1919748
7968	10244	AF-0000000208527967	shard_1933_batch_3.tar	96489472	143880	763315712	1582598
7968	10246	AF-0000000208527957	shard_1939_batch_3.tar	29137408	156795	255688704	1914301
7968	10373	AF-0000000208527974	shard_149_batch_3.tar	65934848	144942	1049207808	1646525
7982	10306	AF-0000000208785577	shard_1989_batch_4.tar	70618624	229138	597352448	3731617
7984	10512	AF-0000000208518416	shard_1219_batch_1.tar	216186368	371266	7991948288	9497161
7990	10068	AF-0000000208629076	shard_1347_batch_2.tar	687104	170527	366110208	1954810
7990	10074	AF-0000000208629185	shard_2039_batch_4.tar	63175168	221952	1366994944	3477900
7990	10272	AF-0000000208629109	shard_1945_batch_4.tar	49025024	183604	1006453760	2362266
7990	10980	AF-0000000208629102	shard_1961_batch_4.tar	6970368	227498	391786496	3698489
7992	10878	AF-0000000204187856	shard_2016_batch_0.tar	123945472	59047	1474503680	246676
7995	10550	AF-0000000208753779	shard_1971_batch_4.tar	70400512	253411	464204288	4580159
8000	10304	AF-0000000208328367	shard_2049_batch_2.tar	73120256	91877	359787008	597984
8008	10073	AF-0000000208644216	shard_147_batch_4.tar	95096832	142540	336973312	1526489
8008	10389	AF-0000000208644265	shard_163_batch_4.tar	51947008	163440	1737486336	1884744
8009	10186	AF-0000000208661392	shard_2033_batch_4.tar	1059328	240839	1195609600	4428826
8009	10352	AF-0000000208661351	shard_1393_batch_2.tar	27281920	215579	537319936	3543564
8009	10647	AF-0000000208661352	shard_1363_batch_2.tar	41376256	182582	636775424	2514065
8014	10297	AF-0000000208453589	shard_2071_batch_3.tar	23504384	105179	226918400	760979
8017	10937	AF-0000000208639060	shard_165_batch_4.tar	89297408	169648	1799869440	2211764
8019	10452	AF-0000000208648150	shard_1903_batch_4.tar	21928448	89166	536282624	570228
8019	10739	AF-0000000208648151	shard_2061_batch_4.tar	5525504	161135	1256251392	1762058
8021	10566	AF-0000000203581873	shard_154_batch_0.tar	110958080	154433	1408816640	1792523
8031	10668	AF-0000000208483483	shard_1937_batch_3.tar	83768320	106319	1205857280	801469
8036	10161	AF-0000000208455173	shard_1933_batch_3.tar	87027712	140715	988215296	1355821
8038	10456	AF-0000000208570838	shard_1979_batch_3.tar	28070912	78851	234681344	422273
8041	10161	AF-0000000208695951	shard_139_batch_4.tar	100861952	140435	727438848	1395185
8043	10171	AF-0000000208398023	shard_1917_batch_3.tar	110029824	125078	320720384	1127794
8043	10607	AF-0000000208398264	shard_1925_batch_2.tar	42949120	85935	597195776	516712
8043	10821	AF-0000000208398243	shard_2067_batch_3.tar	37741056	62047	1116684288	241083
8049	10070	AF-0000000208320712	shard_2041_batch_2.tar	115609600	36585	578390016	74483
8049	10979	AF-0000000208320900	shard_1925_batch_2.tar	80181760	83852	921779712	459548
8051	10259	AF-0000000208786502	shard_1201_batch_2.tar	87132160	247568	1145342464	4018141
8051	10383	AF-0000000208786527	shard_1209_batch_2.tar	34987008	262566	2390884352	4630579
8051	10683	AF-0000000208786519	shard_1201_batch_2.tar	32999936	248515	2338545664	4105433
8057	10708	AF-0000000208515075	shard_1937_batch_3.tar	3386880	151086	1249968128	1792415
8058	10079	AF-0000000208644345	shard_2027_batch_4.tar	3018240	173054	222878208	2100984
8067	10070	AF-0000000208303871	shard_1957_batch_2.tar	48129024	37232	1442890752	80696
8067	10803	AF-0000000208303889	shard_1895_batch_2.tar	89424896	38221	1061134336	85870
8075	10368	AF-0000000208612856	shard_1919_batch_4.tar	49246720	87694	624839168	544248
8077	10566	AF-0000000208488875	shard_2049_batch_3.tar	105803264	232011	743436288	4017295
8077	10735	AF-0000000208488735	shard_1389_batch_1.tar	130746368	211111	3279205376	3331848
8078	10010	AF-0000000208791922	shard_123_batch_4.tar	97946624	125312	1169653760	1047699
8079	10346	AF-0000000203820889	shard_136_batch_0.tar	271360	136711	929047552	1357018
8088	10238	AF-0000000203635822	shard_2032_batch_0.tar	104549376	155856	526750208	1773737
8089	10039	AF-0000000208637477	shard_149_batch_4.tar	144474624	147221	418603008	1648448
8089	10644	AF-0000000208637466	shard_117_batch_4.tar	58312192	117257	558265856	1036273
8089	10712	AF-0000000208637459	shard_93_batch_4.tar	18158080	99872	656997376	741757
8095	10093	AF-0000000208386663	shard_1983_batch_2.tar	46587904	148459	443067392	1670962
8095	10183	AF-0000000208386686	shard_97_batch_2.tar	12626944	100530	947509248	780242
8095	10861	AF-0000000208386752	shard_117_batch_2.tar	60706816	115469	877582848	1009729
8099	10677	AF-0000000208464928	shard_1369_batch_1.tar	54604288	181863	672282112	2588415
8118	10670	AF-0000000208353247	shard_167_batch_2.tar	17754624	178953	1961187328	2269182
8125	10242	AF-0000000208668161	shard_1347_batch_2.tar	33172480	169003	1899758080	2144008
8125	10246	AF-0000000208667974	shard_2065_batch_4.tar	13578240	167554	1001488384	2127160
8125	10275	AF-0000000208668154	shard_69_batch_4.tar	15619072	84599	588017664	502124
8125	10739	AF-0000000208668135	shard_165_batch_4.tar	9003008	172416	1342569472	2045950
8125	10860	AF-0000000208667995	shard_1975_batch_4.tar	68098560	103828	1195619328	750139
8125	10937	AF-0000000208667976	shard_1985_batch_4.tar	25191936	172691	1121525248	2367733
8127	10544	AF-0000000204293786	shard_2012_batch_0.tar	129922048	72532	1271952896	344601
8127	10690	AF-0000000204293858	shard_2070_batch_0.tar	67116544	80607	1069904896	457082
8133	10345	AF-0000000208800062	shard_1933_batch_4.tar	97081344	127819	470523904	1146328
8133	10910	AF-0000000208800050	shard_1987_batch_4.tar	3598336	45030	1086482944	112548
8138	10244	AF-0000000204288713	shard_126_batch_0.tar	119292416	127123	1099458048	1210427
8138	10821	AF-0000000204288835	shard_2070_batch_0.tar	96471040	65891	381646336	287769
8138	10901	AF-0000000204288871	shard_2018_batch_0.tar	35802624	72754	1302330880	404777
8138	10910	AF-0000000204288801	shard_2004_batch_0.tar	4663808	55387	1034257920	195765
8147	10173	AF-0000000204584112	shard_2002_batch_0.tar	122499072	190361	984802304	2506379
8147	10228	AF-0000000204584050	shard_104_batch_0.tar	74266624	106403	776239104	859053
8149	10334	AF-0000000208635082	shard_1205_batch_2.tar	25809408	253204	1605808640	4806421
8154	10870	AF-0000000208555783	shard_2067_batch_3.tar	24195072	85518	275924480	504828
8157	10271	AF-0000000208678920	shard_1191_batch_2.tar	72870400	227325	930110976	3937633
8164	10222	AF-0000000211115279	shard_137_batch_2.tar	134530560	137808	683057664	1348969
8165	10191	AF-0000000203478462	shard_20_batch_0.tar	40005632	54312	114887168	189572
8177	10569	AF-0000000208288034	shard_2025_batch_2.tar	21804032	139401	1172740096	1448937
8190	10276	AF-0000000208481233	shard_1971_batch_3.tar	87096320	102171	1137593856	687259
8194	10611	AF-0000000208637514	shard_1987_batch_4.tar	88271360	92598	926484480	583506
8208	10147	AF-0000000208766239	shard_1389_batch_2.tar	50122240	213681	756166144	3327578
8229	10368	AF-0000000208716486	shard_1951_batch_4.tar	27686400	94199	1318311424	648433
8230	10833	AF-0000000208307138	shard_75_batch_2.tar	22732288	87023	639695872	550753
8234	10479	AF-0000000208326139	shard_2037_batch_2.tar	71642624	83744	697305088	494759
8238	10689	AF-0000000208330556	shard_1973_batch_2.tar	38839808	100933	1225766400	710835
8241	10186	AF-0000000208637667	shard_1201_batch_2.tar	71223296	247611	1770221568	4486486
8241	10889	AF-0000000208637624	shard_1373_batch_2.tar	70741504	193206	920409600	2701252
8241	10934	AF-0000000208637713	shard_1959_batch_4.tar	28282368	176668	315802112	2120064
8255	10266	AF-0000000208317035	shard_1381_batch_1.tar	146549760	197795	2489417728	2712933
8255	10720	AF-0000000208317054	shard_1379_batch_1.tar	36783104	195286	528744448	2678989
8258	10093	AF-0000000208328472	shard_167_batch_2.tar	10973696	176268	818224128	2145173
8259	10096	AF-0000000208400201	shard_23_batch_2.tar	8735232	56875	189749248	197760
8259	10225	AF-0000000208400065	shard_1931_batch_3.tar	114063360	57662	757130240	215849
8259	10901	AF-0000000208400335	shard_27_batch_2.tar	49863168	54743	314757120	212066
8263	10244	AF-0000000208548743	shard_2037_batch_3.tar	68323840	134220	708141568	1332079
8265	10964	AF-0000000208543219	shard_1993_batch_3.tar	7462400	167792	823524864	2035024
8266	10881	AF-0000000208450506	shard_31_batch_3.tar	1522176	61560	185475072	233066
8269	10569	AF-0000000208495481	shard_1953_batch_3.tar	40107008	193418	1026953728	2801851
8274	10569	AF-0000000208622467	shard_83_batch_3.tar	3589120	94681	279614464	611885
8280	10147	AF-0000000208766449	shard_153_batch_4.tar	65915392	152833	1027439616	1780101
8283	10161	AF-0000000208621412	shard_43_batch_4.tar	347648	68859	155697664	296589
8283	10642	AF-0000000208621443	shard_9_batch_3.tar	34528768	45604	105516032	116337
8295	10272	AF-0000000208364535	shard_87_batch_2.tar	66862592	94268	603438080	672396
8295	10307	AF-0000000208364528	shard_113_batch_2.tar	62179328	112575	468268032	806987
8335	10069	AF-0000000208420932	shard_1903_batch_3.tar	38136832	41395	1069488640	103805
8335	10674	AF-0000000208420838	shard_55_batch_3.tar	35563008	73955	359172096	381466
8338	10987	AF-0000000208316501	shard_1921_batch_2.tar	108686336	141851	1221716480	1489460
8342	10550	AF-0000000208441234	shard_1377_batch_1.tar	67691008	189136	571244032	2536078
8342	10964	AF-0000000208441194	shard_1937_batch_3.tar	34082304	53959	495502848	179107
8355	10890	AF-0000000208674008	shard_1967_batch_4.tar	48861184	88816	767708672	549173
8356	10361	AF-0000000203478665	shard_120_batch_0.tar	21198848	117826	638927872	971687
8363	10355	AF-0000000208661853	shard_103_batch_4.tar	92199424	108901	605670400	760935
8363	10964	AF-0000000208661842	shard_1943_batch_4.tar	82331136	106207	485051392	694066
8366	10483	AF-0000000208754109	shard_147_batch_4.tar	74931712	147762	495287808	1629412
8367	10021	AF-0000000204261242	shard_1378_batch_0.tar	67347456	196776	2752235520	2764260
8385	10276	AF-0000000208374846	shard_1919_batch_2.tar	74538496	71164	1354392064	332734
8404	10801	AF-0000000208376762	shard_147_batch_2.tar	107094016	147746	312934912	1572510
8405	10202	AF-0000000208415248	shard_1909_batch_3.tar	88985600	134653	910693888	1281960
8405	10456	AF-0000000208415126	shard_2069_batch_3.tar	95390208	122114	576016896	1002727
8410	10036	AF-0000000208667038	shard_1987_batch_4.tar	34924544	90982	537617408	580842
8410	10390	AF-0000000208666996	shard_1911_batch_4.tar	41763328	86160	322434048	535331
8410	10486	AF-0000000208666990	shard_1993_batch_4.tar	85790720	82994	1075505664	495724
8418	10642	AF-0000000208717177	shard_89_batch_4.tar	53067264	100223	777713664	673050
8422	10242	AF-0000000208532899	shard_167_batch_3.tar	46376448	172384	490013184	2232052
8422	10244	AF-0000000208532890	shard_157_batch_3.tar	115762176	158180	827926528	1873017
8422	10246	AF-0000000208532882	shard_167_batch_3.tar	48965120	171305	1577599488	2224415
8422	10373	AF-0000000208532894	shard_159_batch_3.tar	20999680	159325	1140145664	1929388
8422	10582	AF-0000000208532889	shard_169_batch_3.tar	154748928	174198	1544280064	2305076
8469	10036	AF-0000000211115772	shard_80_batch_0.tar	35767296	93509	768637440	613764
8469	10390	AF-0000000211115777	shard_74_batch_0.tar	35426816	88340	538878464	563355
8469	10486	AF-0000000211115778	shard_2030_batch_0.tar	20471296	85815	266040320	514424
8473	10879	AF-0000000208386821	shard_1963_batch_2.tar	24219648	87404	347000832	508448
8474	10276	AF-0000000208412041	shard_141_batch_3.tar	15177216	143601	328398336	1476924
8474	10683	AF-0000000208412000	shard_1397_batch_1.tar	168851968	226526	1416492544	3650642
8474	10698	AF-0000000208411997	shard_1393_batch_1.tar	74713088	215735	976019456	3601580
8488	10765	AF-0000000208390340	shard_27_batch_2.tar	38758400	57883	263385600	222733
8490	10690	AF-0000000208610033	shard_63_batch_4.tar	27234816	80464	455145472	456356
8490	10901	AF-0000000208610351	shard_2069_batch_4.tar	113446912	67587	933626880	336021
8490	10910	AF-0000000208610279	shard_1953_batch_4.tar	47223296	50341	1388204032	148049
8495	10365	AF-0000000203896625	shard_164_batch_0.tar	108610560	168151	328989696	2169250
8495	10927	AF-0000000203896572	shard_1372_batch_0.tar	126566400	195050	578764800	2690510
8496	10479	AF-0000000211115884	shard_1916_batch_0.tar	49239040	104918	1525003264	682287
8503	10213	AF-0000000208375693	shard_167_batch_2.tar	134879232	169268	1931216896	2239575
8503	10352	AF-0000000208375687	shard_141_batch_2.tar	127591936	141256	504226816	1470571
8503	10476	AF-0000000208375697	shard_1399_batch_1.tar	23760896	229432	2493549568	3728235
8524	10008	AF-0000000208681843	shard_2045_batch_4.tar	63391232	265285	395807232	5299897
8524	10301	AF-0000000208681837	shard_2029_batch_4.tar	54742016	164351	419589632	1976162
8524	10715	AF-0000000208681826	shard_1973_batch_4.tar	84756992	142356	1350437888	1536573
8528	10259	AF-0000000208736640	shard_1373_batch_2.tar	47197184	194457	1262913536	2495229
8528	10369	AF-0000000208736579	shard_151_batch_4.tar	121583104	150142	1473804288	1702609
8532	10887	AF-0000000204012936	shard_2068_batch_0.tar	12788224	188880	1282264576	2480889
8550	10259	AF-0000000208713342	shard_2065_batch_4.tar	6519808	201350	846525952	2711947
8552	10753	AF-0000000208587804	shard_57_batch_3.tar	44585984	76707	378521600	423248
8555	10161	AF-0000000208545449	shard_163_batch_3.tar	135408128	167269	2002531328	2076859
8555	10642	AF-0000000208545469	shard_143_batch_3.tar	80527360	144728	1094237184	1552156
8564	10277	AF-0000000204228126	shard_2054_batch_0.tar	79470080	112350	523395584	861376
8579	10008	AF-0000000208599462	shard_1995_batch_4.tar	9840128	246256	1350021632	4498278
8579	10739	AF-0000000208599480	shard_2043_batch_4.tar	42411520	168777	467176448	1821870
8580	10301	AF-0000000208319003	shard_99_batch_2.tar	9320448	104493	290936320	728653
8580	10738	AF-0000000208319081	shard_1951_batch_2.tar	45082112	55059	575007744	192474
8583	10306	AF-0000000208433987	shard_55_batch_3.tar	25213952	74533	376199680	386827
8586	10739	AF-0000000208404012	shard_1383_batch_1.tar	28424704	203899	2864113152	2745620
8586	10866	AF-0000000208403925	shard_1915_batch_3.tar	75954176	266586	1167959552	5053136
8595	10085	AF-0000000204262416	shard_2054_batch_0.tar	76917248	186188	1788193792	2567186
8608	10566	AF-0000000211116368	shard_2038_batch_0.tar	46773248	160734	719876096	1895382
8609	10069	AF-0000000208533829	shard_45_batch_3.tar	28466688	68560	371765248	295428
8609	10070	AF-0000000208533815	shard_59_batch_3.tar	5212160	77046	187585024	395662
8621	10178	AF-0000000208482423	shard_1983_batch_3.tar	7697408	123722	917567488	1174724
8621	10493	AF-0000000208482465	shard_1393_batch_1.tar	160415232	215375	2063342080	3261217
8621	10707	AF-0000000208482516	shard_119_batch_3.tar	15586816	122143	608596480	1082098
8621	10910	AF-0000000208482575	shard_2065_batch_3.tar	67135488	74310	1329372672	370707
8623	10698	AF-0000000208310362	shard_1933_batch_2.tar	36155904	208480	263049728	3340190
8623	10724	AF-0000000208310294	shard_1939_batch_2.tar	41518080	144255	1225526272	1415744
8623	10901	AF-0000000208310424	shard_119_batch_2.tar	75729920	118447	673634304	1026470
8626	10302	AF-0000000208507793	shard_157_batch_3.tar	52852736	158752	1478824448	1971196
8627	10325	AF-0000000208439555	shard_1935_batch_3.tar	82565120	85599	952949760	477118
8627	10660	AF-0000000208439550	shard_2029_batch_3.tar	14766080	86092	1124575232	485464
8628	10285	AF-0000000208328572	shard_1967_batch_2.tar	14276096	200979	302879232	2881886
8629	10611	AF-0000000208590300	shard_1905_batch_3.tar	41609216	73091	382727168	373557
8635	10257	AF-0000000204499108	shard_1936_batch_0.tar	65753088	88203	1200442880	533742
8635	10427	AF-0000000204499112	shard_1938_batch_0.tar	26656768	57953	517134848	219647
8637	10738	AF-0000000208738381	shard_27_batch_4.tar	32610816	58042	211414528	213981
8641	10104	AF-0000000204583279	shard_1212_batch_0.tar	215001600	291270	2850905600	6355843
8641	10264	AF-0000000204583317	shard_1216_batch_0.tar	61258240	326553	7994131968	8034313
8647	10546	AF-0000000208760846	shard_127_batch_4.tar	72904704	123148	913818112	1166682
8651	10435	AF-0000000208507846	shard_1969_batch_3.tar	4584960	52309	1141420032	149126
8662	10515	AF-0000000208455236	shard_2031_batch_3.tar	90753024	86722	433078784	518590
8679	10257	AF-0000000208689077	shard_1937_batch_4.tar	107856384	75900	753413632	399951
8679	10681	AF-0000000208689239	shard_2053_batch_4.tar	69903360	43361	911277568	117331
8683	10395	AF-0000000208676941	shard_157_batch_4.tar	132552704	155925	1584282624	1714003
8698	10244	AF-0000000204287857	shard_1904_batch_0.tar	31232000	128408	901064192	1239523
8698	10821	AF-0000000204287974	shard_38_batch_0.tar	35565056	67031	190246912	298816
8701	10361	AF-0000000208511698	shard_2073_batch_3.tar	30166528	104931	317378048	763004
8702	10361	AF-0000000203478618	shard_120_batch_0.tar	76410880	117938	707296256	954783
8706	10257	AF-0000000208543355	shard_2019_batch_3.tar	971776	141575	1311717888	1483791
8706	10340	AF-0000000208543390	shard_1905_batch_3.tar	25040896	115409	1240733184	1001721
8706	10422	AF-0000000208543356	shard_2053_batch_3.tar	34417152	175465	1098537984	2242308
8706	10582	AF-0000000208543362	shard_1967_batch_3.tar	92056576	184835	1280154624	2654072
8706	10861	AF-0000000208543386	shard_2005_batch_3.tar	91702784	123299	653646336	1084651
8706	10937	AF-0000000208543330	shard_1989_batch_3.tar	82661376	187226	871770624	2769198
8711	10193	AF-0000000208793020	shard_1955_batch_4.tar	84241408	185620	1161271808	2618757
8712	10302	AF-0000000204807228	shard_1898_batch_0.tar	124674560	159098	744957952	1970703
8714	10202	AF-0000000208561157	shard_2061_batch_3.tar	40760832	103107	766585856	749944
8714	10739	AF-0000000208561151	shard_147_batch_3.tar	57946112	148835	1452153856	1409589
8717	10285	AF-0000000208335078	shard_137_batch_2.tar	65952768	132231	809584128	1258820
8729	10334	AF-0000000208324211	shard_157_batch_2.tar	99396096	158934	1432394752	1951508
8735	10227	AF-0000000208263124	shard_21_batch_2.tar	50502656	54542	243380736	165861
8735	10803	AF-0000000208263178	shard_3_batch_1.tar	12435968	38174	134703616	84481
8740	10170	AF-0000000208498650	shard_2053_batch_3.tar	35822080	106220	1124551680	806799
8743	10152	AF-0000000208347849	shard_115_batch_2.tar	101320192	117629	895084544	1010809
8746	10139	AF-0000000211116485	shard_2034_batch_0.tar	37848576	89149	413519872	594862
8766	10569	AF-0000000208663706	shard_157_batch_4.tar	147435520	162280	694082560	1889998
8773	10450	AF-0000000204108658	shard_1356_batch_0.tar	61441024	177367	1334160384	2367768
8805	10202	AF-0000000208570919	shard_1403_batch_2.tar	62396928	228738	2134607360	3674692
8813	10008	AF-0000000208432905	shard_2031_batch_3.tar	84763648	238991	1330832896	4210297
8813	10202	AF-0000000208432937	shard_1993_batch_3.tar	21315584	115912	841809408	970027
8822	10071	AF-0000000208788174	shard_2083_batch_4.tar	81704448	101013	1177627648	726551
8822	10769	AF-0000000208788175	shard_1949_batch_4.tar	64331776	69583	412442112	321162
8826	10738	AF-0000000208461761	shard_1989_batch_3.tar	15737344	66839	993743872	322013
8831	10161	AF-0000000208500143	shard_141_batch_3.tar	19389952	141081	1640897024	1445713
8831	10642	AF-0000000208500162	shard_113_batch_3.tar	17070080	118261	571365888	997485
8832	10242	AF-0000000208567988	shard_1985_batch_3.tar	32204800	168694	328575488	2233168
8832	10244	AF-0000000208567862	shard_2005_batch_3.tar	37534720	154242	1108283904	1854221
8832	10246	AF-0000000208567707	shard_165_batch_3.tar	130979840	168156	1583185408	2211051
8832	10544	AF-0000000208567701	shard_101_batch_3.tar	104217088	105347	347484160	800764
8832	10821	AF-0000000208567957	shard_85_batch_3.tar	52134912	93268	669554688	630446
8835	10859	AF-0000000208455341	shard_2037_batch_3.tar	48008704	70491	782726656	332575
8837	10986	AF-0000000204105475	shard_2030_batch_0.tar	45538304	138024	1637902848	1320575
8840	10234	AF-0000000208361816	shard_2085_batch_2.tar	23619584	55494	1278322688	210028
8840	10613	AF-0000000208361494	shard_29_batch_2.tar	27278848	57062	204258304	222684
8851	10272	AF-0000000208652988	shard_1911_batch_4.tar	79793152	88722	231006720	595439
8851	10690	AF-0000000208652964	shard_1911_batch_4.tar	33740800	85214	992463872	531207
8876	10675	AF-0000000208490951	shard_63_batch_3.tar	78558720	79857	408735232	437686
8876	10692	AF-0000000208490958	shard_39_batch_3.tar	61212672	66027	368925696	290232
8915	10036	AF-0000000208405417	shard_65_batch_2.tar	66765824	83250	364739072	477052
8915	10390	AF-0000000208405395	shard_59_batch_2.tar	55668224	77980	465004032	431605
8917	10663	AF-0000000208332126	shard_2001_batch_2.tar	38138880	79528	1036315648	465936
8922	10192	AF-0000000204112819	shard_88_batch_0.tar	59674624	92784	430003200	640585
8930	10644	AF-0000000208637796	shard_1379_batch_2.tar	64151040	198047	761970176	2939584
8957	10161	AF-0000000208481283	shard_75_batch_3.tar	53705216	89649	609823232	532355
8957	10642	AF-0000000208481293	shard_2007_batch_3.tar	92060672	66742	292289536	266161
8959	10382	AF-0000000211116562	shard_1916_batch_0.tar	11581952	87269	746112000	489405
8959	10965	AF-0000000211116563	shard_1938_batch_0.tar	56982016	88484	1045906432	524031
8965	10013	AF-0000000203618818	shard_118_batch_0.tar	20140544	120145	815812096	1032022
8965	10358	AF-0000000203618838	shard_130_batch_0.tar	107480576	129997	606562304	1207570
8965	10399	AF-0000000203618832	shard_118_batch_0.tar	101989376	120509	457578496	1016985
8965	10400	AF-0000000203618831	shard_116_batch_0.tar	38044672	117079	503620608	976171
8965	10407	AF-0000000203618822	shard_106_batch_0.tar	80518144	111057	460104704	883133
8965	10731	AF-0000000203618821	shard_110_batch_0.tar	66478592	112834	514314240	937140
8965	10735	AF-0000000203618812	shard_114_batch_0.tar	14674432	117184	852055040	940046
8965	10826	AF-0000000203618810	shard_132_batch_0.tar	5308416	134430	452084736	1251330
8965	10842	AF-0000000203618840	shard_142_batch_0.tar	39102464	143818	459676160	1433253
8968	10039	AF-0000000203881270	shard_1390_batch_0.tar	130170368	216637	3085181440	3483945
8968	10712	AF-0000000203881241	shard_160_batch_0.tar	142816256	168521	430782464	2080515
8968	10715	AF-0000000203881177	shard_2042_batch_0.tar	133554688	177616	531243520	2304073
8968	10716	AF-0000000203881218	shard_170_batch_0.tar	160412672	182797	1777286144	2449097
8981	10910	AF-0000000208636569	shard_1911_batch_4.tar	92809216	68206	436630016	324060
8983	10360	AF-0000000208667116	shard_1389_batch_2.tar	64729600	211445	446981632	3206602
8993	10440	AF-0000000208768480	shard_67_batch_4.tar	75079168	85629	325270528	459531
8993	10508	AF-0000000208768490	shard_63_batch_4.tar	50233344	82784	575278080	430825
9001	10569	AF-0000000208436747	shard_2063_batch_3.tar	19673600	96653	1218147840	625968
9004	10238	AF-0000000203635942	shard_2006_batch_0.tar	48421888	133672	1179291648	1277497
9016	10576	AF-0000000208370834	shard_1963_batch_2.tar	36340224	150541	520354304	1604704
9018	10443	AF-0000000203564821	shard_2058_batch_0.tar	81433088	115397	576759808	926357
9018	10444	AF-0000000203564820	shard_2006_batch_0.tar	35779072	116358	715382272	926288
9027	10070	AF-0000000208648185	shard_2041_batch_4.tar	110824448	40949	982404608	97402
9027	10803	AF-0000000208648190	shard_2085_batch_3.tar	52088320	41754	956786176	103720
9029	10613	AF-0000000208307182	shard_11_batch_2.tar	10036736	43631	217280000	135602
9029	10706	AF-0000000208307560	shard_7_batch_2.tar	20134400	41186	87485952	108129
9035	10467	AF-0000000203854511	shard_68_batch_0.tar	57326080	81225	406679040	491230
9035	10675	AF-0000000203854512	shard_2076_batch_0.tar	20965376	95701	494106624	676479
9035	10692	AF-0000000203854523	shard_2054_batch_0.tar	116454400	82221	1133800448	487557
9036	10202	AF-0000000208324574	shard_137_batch_2.tar	127276544	138403	312551936	1427968
9037	10739	AF-0000000208675884	shard_2049_batch_4.tar	83156992	128122	1009139712	1024279
9042	10589	AF-0000000208541755	shard_1939_batch_3.tar	30273024	144308	886851584	1463141
9045	10305	AF-0000000208737413	shard_25_batch_4.tar	45677056	57414	306899456	212090
9047	10383	AF-0000000204264320	shard_1214_batch_0.tar	212434432	298421	4901688320	6210285
9048	10259	AF-0000000208578929	shard_147_batch_3.tar	131309056	149314	1486424064	1410518
9048	10305	AF-0000000208579122	shard_19_batch_3.tar	44407296	52879	146440704	175485
9048	10332	AF-0000000208579120	shard_3_batch_3.tar	425984	37075	79519744	74703
9054	10721	AF-0000000208543740	shard_1915_batch_3.tar	89247232	69084	841887744	310124
9054	10772	AF-0000000208543878	shard_107_batch_3.tar	83922944	110482	1008378880	850142
9062	10193	AF-0000000204155059	shard_94_batch_0.tar	55451648	94759	868946432	668907
9062	10510	AF-0000000204155050	shard_1368_batch_0.tar	108103680	182627	1390261248	2627694
9062	10753	AF-0000000204154876	shard_64_batch_0.tar	68148736	77929	451117568	472597
9062	10890	AF-0000000204155044	shard_82_batch_0.tar	15657984	90858	670528000	631065
9062	10910	AF-0000000204155157	shard_1934_batch_0.tar	59615232	52790	1478770688	202770
9064	10197	AF-0000000203772280	shard_20_batch_0.tar	51976192	52144	238691840	190625
9065	10372	AF-0000000208300422	shard_113_batch_2.tar	65182720	115249	1015120896	906845
9066	10360	AF-0000000208413907	shard_1905_batch_3.tar	107630592	336039	1103577088	8096743
9068	10762	AF-0000000204196683	shard_1938_batch_0.tar	88967680	84056	813189120	498613
9076	10152	AF-0000000208743264	shard_67_batch_4.tar	19745280	83066	356660736	491482
9079	10889	AF-0000000208495583	shard_155_batch_3.tar	20674048	153925	1434861568	1841197
9087	10271	AF-0000000208632654	shard_1217_batch_2.tar	10647552	308350	2740157952	6965192
9087	10476	AF-0000000208632650	shard_1215_batch_2.tar	45721088	308720	752914432	6721786
9098	10841	AF-0000000208755422	shard_1989_batch_4.tar	104231424	38104	551384064	87541
9103	10005	AF-0000000208550031	shard_103_batch_3.tar	104501760	106233	578778624	791551
9113	10550	AF-0000000208772650	shard_1367_batch_2.tar	90825728	179858	510465536	2257054
9114	10644	AF-0000000208377030	shard_1969_batch_2.tar	106231808	99389	321403392	749367
9114	10715	AF-0000000208377017	shard_1899_batch_2.tar	58060288	89825	1115822592	644150
9131	10427	AF-0000000208364654	shard_69_batch_2.tar	81135616	82757	619011072	508009
9132	10096	AF-0000000208752934	shard_1919_batch_4.tar	28612608	131009	480810496	1201279
9132	10225	AF-0000000208752903	shard_131_batch_4.tar	16608768	130969	1198728192	1234545
9146	10739	AF-0000000208624135	shard_2017_batch_4.tar	62938112	143826	1282418688	1389395
9155	10112	AF-0000000208721945	shard_1933_batch_4.tar	98849792	197450	1227499520	2879615
9157	10579	AF-0000000208773273	shard_21_batch_4.tar	25508352	53460	271652864	189092
9157	10613	AF-0000000208773174	shard_2053_batch_4.tar	15475712	47820	234742272	163348
9159	10443	AF-0000000203564913	shard_1934_batch_0.tar	20424192	119238	776996352	1011919
9159	10444	AF-0000000203564912	shard_2068_batch_0.tar	36158464	120006	364874240	1018239
9162	10088	AF-0000000208641268	shard_75_batch_4.tar	64489984	88167	248067072	539684
9168	10676	AF-0000000208654533	shard_137_batch_4.tar	87019008	138730	984715776	1397022
9173	10566	AF-0000000208428587	shard_1897_batch_3.tar	82925056	163439	1294631936	1950561
9173	10735	AF-0000000208428464	shard_145_batch_3.tar	34487296	143765	1369963520	1511887
9173	10750	AF-0000000208428555	shard_1923_batch_3.tar	44287488	199888	725598208	2826912
9173	10826	AF-0000000208428462	shard_159_batch_3.tar	10995712	160757	1222523904	1865332
9182	10186	AF-0000000208622698	shard_2009_batch_4.tar	88269824	239965	233820160	4397706
9182	10510	AF-0000000208622677	shard_1213_batch_2.tar	84461056	287446	1289025536	6504834
9182	10538	AF-0000000208622568	shard_1931_batch_4.tar	38681088	192188	336637952	2757742
9182	10579	AF-0000000208622621	shard_1361_batch_2.tar	61215232	178498	2153961984	2459886
9182	10647	AF-0000000208622664	shard_1365_batch_2.tar	64357376	181176	1288990208	2531788
9197	10096	AF-0000000208444684	shard_53_batch_3.tar	39880192	76358	454742016	379461
9197	10194	AF-0000000208444661	shard_49_batch_3.tar	19506688	74045	214999552	353318
9197	10690	AF-0000000208444609	shard_1971_batch_3.tar	12530176	87950	373431296	528007
9203	10242	AF-0000000203695934	shard_2076_batch_0.tar	96383488	172256	1258798080	2211990
9203	10244	AF-0000000203695926	shard_1980_batch_0.tar	48345600	158144	1399203328	1853112
9203	10246	AF-0000000203695917	shard_1968_batch_0.tar	60712448	171744	546771968	2198368
9203	10373	AF-0000000203695929	shard_1930_batch_0.tar	118573568	159303	1738147328	1926223
9203	10582	AF-0000000203695925	shard_2044_batch_0.tar	109454848	174412	397469184	2284546
9207	10266	AF-0000000208768497	shard_111_batch_4.tar	107146240	113807	586617344	926879
9210	10264	AF-0000000208756525	shard_2001_batch_4.tar	76670976	194830	1346749952	2783659
9210	10296	AF-0000000208756452	shard_1207_batch_2.tar	5340672	260327	2100777472	4854024
9210	10567	AF-0000000208756544	shard_2035_batch_4.tar	11692544	186234	224593920	2537155
9215	10897	AF-0000000208639261	shard_159_batch_4.tar	64389120	163605	1786672128	2008526
9222	10762	AF-0000000208540206	shard_35_batch_3.tar	10368000	64158	222619136	252816
9236	10777	AF-0000000208687690	shard_2071_batch_4.tar	22619136	221388	471007744	3610054
9241	10579	AF-0000000208603662	shard_2043_batch_4.tar	52258816	66814	956863488	293658
9241	10753	AF-0000000208603651	shard_1905_batch_4.tar	58028032	71765	261615104	365848
9242	10777	AF-0000000204754275	shard_1954_batch_0.tar	28621312	383782	600600064	11007436
9246	10096	AF-0000000208522363	shard_1933_batch_3.tar	85559808	63805	248177664	263051
9246	10901	AF-0000000208522486	shard_2071_batch_3.tar	11446784	61449	1041467904	274775
9246	10906	AF-0000000208522394	shard_151_batch_3.tar	73978368	153407	434592768	1718872
9257	10161	AF-0000000208574421	shard_2037_batch_3.tar	66912768	129578	443032064	1211420
9257	10642	AF-0000000208574439	shard_1907_batch_3.tar	44403712	106783	836499456	813028
9261	10400	AF-0000000208674082	shard_91_batch_4.tar	61982720	98421	595353088	719446
9263	10509	AF-0000000208711135	shard_2055_batch_4.tar	60496896	179573	863632384	2435845
9263	10867	AF-0000000208711122	shard_1971_batch_4.tar	106340864	110976	1125178368	855888
9274	10936	AF-0000000208495711	shard_103_batch_3.tar	77291520	109698	589481984	807690
9278	10071	AF-0000000208579350	shard_1191_batch_2.tar	44466176	230358	474705920	3809870
9278	10225	AF-0000000208579443	shard_2039_batch_3.tar	65787904	180679	1385507328	2361958
9278	10566	AF-0000000208579524	shard_1189_batch_2.tar	32359424	225529	1261405696	3869830
9278	10980	AF-0000000208579437	shard_2043_batch_3.tar	60866560	239862	698789888	4291722
9291	10691	AF-0000000203845974	shard_2016_batch_0.tar	61858816	216776	567235072	3178626
9291	10806	AF-0000000203845928	shard_14_batch_0.tar	40075264	48313	172953088	149143
9291	10811	AF-0000000203845982	shard_1956_batch_0.tar	38409216	134340	422070784	1207486
9291	10873	AF-0000000203845923	shard_12_batch_0.tar	40245760	47819	204468736	145076
9291	10881	AF-0000000203846003	shard_2082_batch_0.tar	72365568	49508	1186709504	146933
9298	10479	AF-0000000208492691	shard_1937_batch_3.tar	23515648	108881	395525632	766987
9316	10425	AF-0000000208418548	shard_1983_batch_3.tar	16090624	100350	1335447040	672074
9319	10266	AF-0000000208691181	shard_1203_batch_2.tar	15546368	257521	1060425216	4779022
9345	10305	AF-0000000208682037	shard_1939_batch_4.tar	83316736	56592	1040748032	216152
9345	10890	AF-0000000208681997	shard_1899_batch_4.tar	28005888	73463	1075092992	352592
9347	10452	AF-0000000208781031	shard_2085_batch_4.tar	26345472	94095	194046976	614105
9358	10544	AF-0000000208739263	shard_57_batch_4.tar	50300416	78068	232292864	410588
9358	10579	AF-0000000208739291	shard_2073_batch_4.tar	92679168	76364	450785792	407081
9373	10738	AF-0000000203543426	shard_72_batch_0.tar	2406912	84665	445763584	535497
9374	10479	AF-0000000208349585	shard_1959_batch_2.tar	47273472	72642	1002820608	346602
9390	10486	AF-0000000208526434	shard_135_batch_3.tar	53123584	136647	355238912	1322876
9401	10720	AF-0000000203516163	shard_166_batch_0.tar	50668032	175254	1976936960	2204879
9408	10202	AF-0000000208755525	shard_1967_batch_4.tar	32536576	94646	1226741760	693635
9408	10276	AF-0000000208755524	shard_1901_batch_4.tar	77669376	85702	1327954944	532345
9412	10817	AF-0000000208453122	shard_107_batch_3.tar	105836032	107910	250970112	858964
9413	10162	AF-0000000203744042	shard_1998_batch_0.tar	75410432	244964	566704128	4304831
9413	10953	AF-0000000203744150	shard_154_batch_0.tar	6145024	160983	1087964672	1832617
9426	10147	AF-0000000208479431	shard_1997_batch_3.tar	28062208	116475	1048555008	964062
9430	10369	AF-0000000208486103	shard_2039_batch_3.tar	46338048	159416	1111526400	1909144
9430	10425	AF-0000000208486258	shard_2057_batch_3.tar	114109440	134317	757689856	1313415
9430	10538	AF-0000000208486096	shard_1963_batch_3.tar	25189888	120276	800293376	1053498
9449	10136	AF-0000000208525768	shard_1941_batch_3.tar	62338560	78348	672649216	439372
9449	10762	AF-0000000208525807	shard_51_batch_3.tar	13990912	73478	195074048	361105
9449	10981	AF-0000000208525818	shard_27_batch_3.tar	4201984	56463	272667136	227225
9454	10715	AF-0000000204657897	shard_130_batch_0.tar	77342720	125356	1292517888	1198618
9454	10716	AF-0000000204657903	shard_136_batch_0.tar	44044288	130971	1078253056	1307806
9456	10336	AF-0000000208395019	shard_2005_batch_2.tar	35706368	76386	1009171456	397719
9465	10245	AF-0000000208377077	shard_1937_batch_2.tar	32953344	36238	912270336	71965
9494	10093	AF-0000000208690041	shard_2069_batch_4.tar	23868928	95623	334932992	643860
9494	10332	AF-0000000208690126	shard_7_batch_4.tar	12044288	42200	90064896	119657
9501	10087	AF-0000000208601767	shard_1191_batch_2.tar	27484672	230691	1597316096	3640606
9506	10368	AF-0000000203560285	shard_1972_batch_0.tar	101161984	104057	1396662784	734883
9518	10566	AF-0000000203581531	shard_2046_batch_0.tar	125091840	154580	986023424	1776768
9529	10566	AF-0000000208353480	shard_121_batch_2.tar	24157696	118895	321150464	1031727
9529	10750	AF-0000000208353464	shard_153_batch_2.tar	30870528	154349	1792173568	1724595
9550	10070	AF-0000000208494514	shard_19_batch_3.tar	5478400	51252	227147264	181290
9570	10149	AF-0000000208433048	shard_5_batch_2.tar	40721408	41426	114368000	107191
9588	10264	AF-0000000208386853	shard_2031_batch_2.tar	66035712	194472	325031936	2699350
9588	10290	AF-0000000208386846	shard_1975_batch_2.tar	41500160	170592	420128768	2003544
9588	10508	AF-0000000208386859	shard_2071_batch_2.tar	103543808	115370	1227941888	936029
9594	10942	AF-0000000204826379	shard_1996_batch_0.tar	104224768	207489	482938368	3134792
9596	10427	AF-0000000211116969	shard_2060_batch_0.tar	101494784	100696	812736512	715182
9598	10087	AF-0000000208305861	shard_1903_batch_2.tar	99411456	180911	768501248	2240750
9598	10889	AF-0000000208305871	shard_2027_batch_2.tar	3273728	85469	851389440	556034
9612	10272	AF-0000000204645071	shard_1966_batch_0.tar	10934784	112759	842571776	965347
9617	10297	AF-0000000208737459	shard_53_batch_4.tar	824832	76857	257417216	394009
9619	10550	AF-0000000208268826	shard_2069_batch_2.tar	17667584	196609	890563072	2771269
9620	10722	AF-0000000204624612	shard_72_batch_0.tar	72601600	87228	417554432	558512
9626	10373	AF-0000000208270900	shard_2063_batch_2.tar	30915584	103510	778781696	780481
9626	10910	AF-0000000208270917	shard_1_batch_1.tar	25697280	30734	101943296	49997
9632	10345	AF-0000000208331355	shard_1893_batch_2.tar	51090944	188775	1266148352	2495575
9632	10916	AF-0000000208331344	shard_2005_batch_2.tar	110823424	150233	1217286656	1568582
9637	10304	AF-0000000208308946	shard_43_batch_2.tar	28368384	68816	164656640	321837
9637	10544	AF-0000000208308714	shard_1943_batch_2.tar	111091712	85406	671024128	492600
9637	10726	AF-0000000208308677	shard_1943_batch_2.tar	57249792	126864	340302336	1129779
9638	10368	AF-0000000208408389	shard_83_batch_2.tar	3375616	91950	666861056	596242
9638	10681	AF-0000000208408331	shard_2035_batch_3.tar	78633984	78214	1268768256	425265
9638	10725	AF-0000000208408057	shard_2055_batch_3.tar	44656128	105393	858119168	775991
9639	10093	AF-0000000208421848	shard_131_batch_3.tar	15842304	132240	869049344	1194908
9643	10192	AF-0000000204112462	shard_112_batch_0.tar	89308160	108199	1022029824	896415
9644	10093	AF-0000000208630231	shard_155_batch_4.tar	19739136	158648	1177180672	1777035
9644	10298	AF-0000000208630259	shard_151_batch_4.tar	94022656	150640	1574455296	1555292
9644	10476	AF-0000000208630280	shard_1197_batch_2.tar	7247872	244406	2293178880	4110000
9644	10927	AF-0000000208630239	shard_1385_batch_2.tar	90572800	209875	652251648	2963965
9648	10388	AF-0000000208442355	shard_1895_batch_3.tar	100514816	91419	1005507584	636670
9648	10999	AF-0000000208442433	shard_1_batch_2.tar	19632640	29793	78895616	55470
9649	10993	AF-0000000208677080	shard_57_batch_4.tar	57040896	77322	190922752	401617
9653	10021	AF-0000000211117032	shard_1976_batch_0.tar	85724672	183247	253005824	2341787
9653	10120	AF-0000000211117034	shard_1984_batch_0.tar	91063808	145672	1675787776	1537578
9653	10239	AF-0000000211117039	shard_1982_batch_0.tar	123703296	113188	573721600	969079
9653	10927	AF-0000000211117047	shard_2052_batch_0.tar	68997632	197971	622961664	2742878
9656	10370	AF-0000000203826884	shard_16_batch_0.tar	21025280	50576	153665536	156143
9657	10274	AF-0000000208528131	shard_2049_batch_3.tar	512	167013	330399232	2146054
9663	10082	AF-0000000208386075	shard_2009_batch_2.tar	81263104	105268	577381376	827582
9685	10149	AF-0000000208584917	shard_27_batch_3.tar	20530176	58789	260551680	229537
9692	10417	AF-0000000203635362	shard_1362_batch_0.tar	20014080	182423	759779840	2572030
9693	10566	AF-0000000211117149	shard_1938_batch_0.tar	58388480	158761	901734400	1866626
9693	10688	AF-0000000211117150	shard_1998_batch_0.tar	99411968	219053	1411646464	3372677
9694	10683	AF-0000000204729641	shard_1986_batch_0.tar	7401984	190451	742667264	2448125
9695	10136	AF-0000000203568427	shard_50_batch_0.tar	45299200	74058	388803584	378718
9699	10082	AF-0000000208574475	shard_101_batch_3.tar	88680960	103346	292533248	799529
9702	10508	AF-0000000208434068	shard_73_batch_3.tar	26671104	85710	267256832	553097
9706	10513	AF-0000000208597533	shard_2035_batch_3.tar	69810176	230185	1248922624	3745205
9712	10332	AF-0000000211117194	shard_1914_batch_0.tar	111761408	52038	401905152	176816
9722	10566	AF-0000000203580847	shard_158_batch_0.tar	62316544	158513	1699634176	1867378
9723	10152	AF-0000000204668269	shard_38_batch_0.tar	46809088	62553	200378368	291700
9747	10795	AF-0000000208371032	shard_2031_batch_2.tar	82657792	180093	988280832	2396809
9751	10370	AF-0000000203826859	shard_1970_batch_0.tar	17142784	50743	1437002752	156356
9761	10015	AF-0000000208609256	shard_2009_batch_4.tar	7602176	141724	815618560	1400599
9778	10636	AF-0000000208284297	shard_2071_batch_2.tar	28086272	131773	1058328064	1307304
9787	10512	AF-0000000208742311	shard_2005_batch_4.tar	73072128	443434	1290714624	13235790
9801	10981	AF-0000000208390411	shard_111_batch_2.tar	89483776	112327	1040896000	903340
9810	10811	AF-0000000208609301	shard_2013_batch_4.tar	100947968	141626	394152960	1436694
9811	10811	AF-0000000208626146	shard_2005_batch_4.tar	26111488	140430	1253163008	1416318
9813	10510	AF-0000000208340616	shard_1987_batch_2.tar	114363392	207205	1039226368	3319051
9815	10305	AF-0000000208782740	shard_57_batch_4.tar	56194048	76578	277370368	423760
9815	10332	AF-0000000208782739	shard_33_batch_4.tar	58201600	61015	334738944	245253
9815	10566	AF-0000000208782738	shard_123_batch_4.tar	37545472	119951	1104768000	1057596
9819	10264	AF-0000000208468288	shard_1205_batch_2.tar	35220992	264595	2461368320	4829467
9820	10361	AF-0000000208263899	shard_125_batch_2.tar	76643328	120670	1156354560	1033644
9828	10610	AF-0000000208595914	shard_2027_batch_3.tar	5059584	254566	785941504	4763196
9832	10374	AF-0000000208656339	shard_77_batch_4.tar	57321984	91259	431154176	574446
9838	10330	AF-0000000208759247	shard_139_batch_4.tar	99748352	140005	1456683008	1405668
9839	10325	AF-0000000203472585	shard_2008_batch_0.tar	62113280	87683	1665458688	479486
9839	10660	AF-0000000203472580	shard_2014_batch_0.tar	112720896	88116	1711238656	481893
9840	10277	AF-0000000211136472	shard_1956_batch_0.tar	91737600	159192	675801088	1801480
9840	10304	AF-0000000211136473	shard_2024_batch_0.tar	52516864	104239	1167988224	750182
9840	10427	AF-0000000211136474	shard_1900_batch_0.tar	97933824	112170	1643778048	913208
9846	10172	AF-0000000208546043	shard_1211_batch_2.tar	133231104	273506	2892019712	5323551
9853	10937	AF-0000000208461813	shard_1923_batch_3.tar	1228800	137760	539502080	1467500
9855	10075	AF-0000000208731625	shard_131_batch_4.tar	78503936	128642	421870080	1231230
9855	10368	AF-0000000208731740	shard_2025_batch_4.tar	73858560	81142	1025285632	485069
9866	10479	AF-0000000204161536	shard_96_batch_0.tar	21133824	105327	288930816	683190
9868	10085	AF-0000000208396064	shard_2083_batch_3.tar	78604288	209785	388414976	3134191
9871	10138	AF-0000000208472905	shard_149_batch_3.tar	144640000	150313	317210112	1608409
9871	10162	AF-0000000208472896	shard_1385_batch_1.tar	192165888	204373	2347464704	3049345
9871	10857	AF-0000000208472926	shard_139_batch_3.tar	18524672	135856	792716288	1410601
9879	10122	AF-0000000208577840	shard_1955_batch_3.tar	36409856	137516	1147959296	1410587
9887	10450	AF-0000000204108874	shard_1912_batch_0.tar	54928896	146081	826989056	1643438
9889	10999	AF-0000000208302207	shard_3_batch_1.tar	27001856	35551	150656000	81583
9891	10382	AF-0000000211136530	shard_68_batch_0.tar	22433792	86676	647843328	503337
9891	10965	AF-0000000211136531	shard_70_batch_0.tar	39066624	87772	215464448	526262
9892	10157	AF-0000000204142527	shard_2052_batch_0.tar	105553920	363701	530220032	10169030
9904	10981	AF-0000000208539116	shard_2025_batch_3.tar	103965184	60331	230440960	252918
9917	10691	AF-0000000208302278	shard_2081_batch_2.tar	90797056	242911	304216064	4245716
9918	10325	AF-0000000208720879	shard_2003_batch_4.tar	8174080	103355	459347456	790874
9919	10157	AF-0000000204142353	shard_1218_batch_0.tar	116384768	362726	3169769984	9955536
9922	10215	AF-0000000203471822	shard_66_batch_0.tar	20336640	84657	380942336	466772
9922	10325	AF-0000000203471771	shard_72_batch_0.tar	54565888	87889	589995008	473204
9922	10660	AF-0000000203471766	shard_72_batch_0.tar	24578560	88210	199696384	483722
9923	10093	AF-0000000208441807	shard_2073_batch_3.tar	79241216	163043	565332480	1865981
9923	10190	AF-0000000208441783	shard_1895_batch_3.tar	92808192	126817	880200192	1031109
9925	10150	AF-0000000208771058	shard_105_batch_4.tar	81062400	110398	709472768	813346
9926	10546	AF-0000000208566646	shard_113_batch_3.tar	30452224	110311	1060272640	896308
9928	10554	AF-0000000208709006	shard_143_batch_4.tar	106493952	144392	908181504	1527262
9937	10358	AF-0000000208274666	shard_2031_batch_2.tar	101897728	128449	562911232	1188064
9937	10512	AF-0000000208274682	shard_1211_batch_1.tar	194583552	284144	3329727488	5823695
9940	10017	AF-0000000208541818	shard_1917_batch_3.tar	5776896	73495	213157888	361111
9953	10371	AF-0000000208290072	shard_1897_batch_2.tar	47008256	170202	407500288	2015364
9955	10581	AF-0000000203712141	shard_1996_batch_0.tar	126829568	104745	1395735552	824010
9963	10986	AF-0000000211136597	shard_144_batch_0.tar	96182784	141395	1141203968	1395838
9966	10881	AF-0000000204020644	shard_82_batch_0.tar	43189248	95750	402328576	613197
9966	10953	AF-0000000204020716	shard_126_batch_0.tar	27433984	128844	571899392	1159567
9970	10706	AF-0000000204836939	shard_1966_batch_0.tar	13051904	92704	398374912	619746
9970	10821	AF-0000000204836969	shard_2070_batch_0.tar	124334080	90905	1070362624	573977
9972	10196	AF-0000000204836481	shard_88_batch_0.tar	92915712	99708	690118144	697084
9977	10239	AF-0000000208494602	shard_157_batch_3.tar	149110784	153174	2012751872	1670177
9980	10368	AF-0000000203678869	shard_2000_batch_0.tar	102697472	268045	1472336896	5545988
9985	10446	AF-0000000208415346	shard_59_batch_3.tar	58122240	80352	171545088	427855
9993	10927	AF-0000000203895911	shard_1372_batch_0.tar	69543936	194202	2563780608	2588043
9999	10005	AF-0000000208353534	shard_163_batch_3.tar	149783040	165408	328474624	1887975
9999	10008	AF-0000000208353560	shard_1925_batch_2.tar	55427584	313010	637625856	7070515
9999	10738	AF-0000000208353595	shard_1967_batch_2.tar	5239808	163267	1250547712	1899721
10004	2121	AF-0000000208319131	shard_1995_batch_2.tar	111110144	101842	1239003136	761302
10004	10297	AF-0000000208319158	shard_1981_batch_2.tar	16164352	78994	285438464	427897
10004	12034	AF-0000000208319156	shard_2015_batch_2.tar	73416192	54935	1359498752	211396
10004	18056	AF-0000000208319126	shard_2035_batch_2.tar	80440832	66417	715662848	317201
10004	19114	AF-0000000208319127	shard_1955_batch_2.tar	54245888	65863	445469184	318781
10005	7874	AF-0000000208423328	shard_1943_batch_3.tar	70609408	141626	1002843648	1508163
10005	9499	AF-0000000208423285	shard_2039_batch_3.tar	54421504	119612	1071035392	1025549
10005	11511	AF-0000000208423360	shard_49_batch_3.tar	52398592	71840	351911936	352232
10005	12156	AF-0000000208423354	shard_1977_batch_3.tar	2236928	83748	335081984	474555
10005	12285	AF-0000000208423344	shard_2077_batch_3.tar	50254336	71957	1178635264	364801
10005	12641	AF-0000000208423274	shard_2085_batch_2.tar	51745280	138543	1245932544	1429124
10005	13697	AF-0000000208423289	shard_1897_batch_3.tar	54715392	64059	229237248	296322
10005	14344	AF-0000000208423367	shard_35_batch_2.tar	25010688	62701	355918336	263478
10005	14361	AF-0000000208423271	shard_37_batch_2.tar	60446720	62596	271245824	273570
10005	14545	AF-0000000208423369	shard_1941_batch_3.tar	25121280	151397	1217250816	1586749
10005	15033	AF-0000000208423288	shard_1897_batch_3.tar	4474880	81091	1274289664	440762
10005	15827	AF-0000000208423264	shard_37_batch_2.tar	44853760	62789	259578368	271505
10005	15851	AF-0000000208423339	shard_2051_batch_3.tar	3937280	135163	517298176	1290116
10005	16693	AF-0000000208423269	shard_39_batch_3.tar	1660416	62855	374686720	275127
10005	17023	AF-0000000208423294	shard_2031_batch_3.tar	79415808	71617	826994176	359926
10005	17410	AF-0000000208423324	shard_1991_batch_3.tar	24611328	55873	1109813248	213808
10005	17667	AF-0000000208423261	shard_35_batch_2.tar	45793280	60312	371188736	260775
10005	17778	AF-0000000208423292	shard_1917_batch_3.tar	63233024	63633	677360128	282410
10005	18241	AF-0000000208423259	shard_35_batch_2.tar	41731072	60574	157463040	261307
10005	18385	AF-0000000208423340	shard_2005_batch_3.tar	78730752	62458	1018322432	259737
10005	18509	AF-0000000208423327	shard_2057_batch_3.tar	7083008	124231	305899520	1102733
10005	18685	AF-0000000208423260	shard_35_batch_2.tar	59797504	60526	151843840	266060
10005	18724	AF-0000000208423275	shard_2069_batch_3.tar	29655552	71596	1087705088	364981
10005	18758	AF-0000000208423306	shard_1895_batch_3.tar	61330432	85963	823722496	537187
10005	18827	AF-0000000208423263	shard_35_batch_2.tar	15181824	61418	194171392	257465
10005	18948	AF-0000000208423267	shard_39_batch_3.tar	57907712	63450	195621888	276808
10005	18953	AF-0000000208423266	shard_39_batch_2.tar	40184320	63114	201203712	275060
10005	18954	AF-0000000208423265	shard_39_batch_2.tar	51263488	63071	322678784	276546
10005	19157	AF-0000000208423268	shard_39_batch_3.tar	30321664	63162	191579136	275069
10005	19158	AF-0000000208423270	shard_39_batch_3.tar	46829568	63047	207993856	272956
10005	19159	AF-0000000208423262	shard_39_batch_2.tar	10230784	63207	238701568	272813
10008	6287	AF-0000000208557483	shard_1403_batch_2.tar	15112704	235929	915707904	4174037
10008	10202	AF-0000000208557455	shard_1199_batch_2.tar	75534848	248518	516809216	4564323
10008	10716	AF-0000000208557403	shard_1931_batch_3.tar	54572032	253754	1252414976	4879175
10008	11232	AF-0000000208557388	shard_1979_batch_3.tar	30625792	220611	1256989696	3581255
10008	11755	AF-0000000208557409	shard_1969_batch_3.tar	71904256	200876	992838656	2917858
10008	13803	AF-0000000208557226	shard_2043_batch_3.tar	23875072	242216	843748352	4497844
10008	15304	AF-0000000208557287	shard_1405_batch_2.tar	89845760	240352	630327808	4292982
10008	15730	AF-0000000208557331	shard_1389_batch_2.tar	24718848	213949	919401472	3428093
10008	16328	AF-0000000208557234	shard_2027_batch_3.tar	23697408	241810	1201030656	4476563
10008	16768	AF-0000000208557252	shard_1919_batch_3.tar	90046976	404476	281837568	12442638
10008	16957	AF-0000000208557453	shard_1403_batch_2.tar	52328448	232111	1408993280	4031886
10008	19006	AF-0000000208557348	shard_2061_batch_3.tar	82767360	209858	740036608	3208822
10010	10208	AF-0000000208424582	shard_2073_batch_3.tar	40794112	124251	383153664	1027124
10012	10332	AF-0000000208659751	shard_67_batch_4.tar	19660288	84362	161926656	465466
10012	11605	AF-0000000208659746	shard_87_batch_4.tar	47013888	97049	798200832	648872
10012	13920	AF-0000000208659744	shard_1393_batch_2.tar	2604544	218584	1079372800	3474901
10012	14806	AF-0000000208659735	shard_1365_batch_2.tar	27843584	183334	1078627328	2400498
10013	11313	AF-0000000211136652	shard_2072_batch_0.tar	16363008	218661	1711214080	3735451
10013	12352	AF-0000000203582850	shard_2058_batch_0.tar	85357056	169477	1759607296	2160179
10013	15631	AF-0000000203582847	shard_1922_batch_0.tar	32149504	106524	387346944	862682
10013	17731	AF-0000000203582849	shard_2034_batch_0.tar	93929472	224476	815319552	3914823
10013	18333	AF-0000000203582846	shard_1970_batch_0.tar	88355328	117067	1232092160	969963
10015	12585	AF-0000000208604083	shard_2021_batch_4.tar	48644096	141039	1036334080	1366040
10017	11961	AF-0000000208624934	shard_2033_batch_4.tar	87463424	73120	469130240	362212
10017	12502	AF-0000000208624979	shard_103_batch_4.tar	81858560	106533	926275584	801225
10017	12907	AF-0000000208624947	shard_2013_batch_4.tar	60195840	106805	1181271552	835181
10017	13821	AF-0000000208624906	shard_1895_batch_4.tar	113954304	127228	628999168	1071882
10017	15025	AF-0000000208624897	shard_2065_batch_4.tar	23784448	228198	494917120	3912539
10017	15304	AF-0000000208624925	shard_2043_batch_4.tar	87720448	108330	1362661376	862361
10017	15338	AF-0000000208624956	shard_1921_batch_4.tar	84007424	74130	1412152320	360039
10017	15626	AF-0000000208624985	shard_2055_batch_4.tar	105651200	91885	1119478272	558825
10017	15801	AF-0000000208624941	shard_1959_batch_4.tar	107499008	76826	1145067520	396213
10017	16113	AF-0000000208624896	shard_2001_batch_4.tar	74384896	124770	1021307392	1158100
10017	19028	AF-0000000208624943	shard_1943_batch_4.tar	86469632	81109	607939584	451535
10021	7975	AF-0000000208390471	shard_1993_batch_2.tar	45236224	153361	904570880	1517282
10021	10239	AF-0000000208390474	shard_2039_batch_3.tar	15289856	155178	227323392	1655051
10021	10259	AF-0000000208390457	shard_2063_batch_2.tar	107049472	247697	1009310720	3981592
10021	11930	AF-0000000208390427	shard_1899_batch_2.tar	113456128	183610	669365248	2366775
10021	11934	AF-0000000211136654	shard_1915_batch_3.tar	75715584	237766	458243584	3881847
10021	12297	AF-0000000208390430	shard_2075_batch_3.tar	14261248	192227	1261568512	2614962
10021	12528	AF-0000000211136656	shard_1935_batch_2.tar	112828416	223766	468616192	3482328
10021	12579	AF-0000000208390438	shard_2063_batch_2.tar	19888640	209977	728297984	3137391
10021	13148	AF-0000000208390467	shard_2025_batch_2.tar	41118720	160485	1177154048	1718950
10021	14877	AF-0000000208390442	shard_1939_batch_2.tar	38742528	243225	841430528	4051360
10021	15127	AF-0000000208390445	shard_1957_batch_3.tar	13938688	193332	944361472	2659394
10021	15527	AF-0000000208390423	shard_1959_batch_2.tar	78000128	194401	300227584	2586122
10021	15650	AF-0000000208390420	shard_1983_batch_2.tar	114306048	199247	1345922560	2802779
10021	15997	AF-0000000208390458	shard_1917_batch_2.tar	42512384	140467	1431278592	1322109
10021	16463	AF-0000000208390429	shard_2075_batch_3.tar	93349888	215703	522281472	3328338
10021	16884	AF-0000000208390465	shard_2029_batch_2.tar	97936896	170485	960971776	1994848
10024	10611	AF-0000000208683247	shard_1925_batch_4.tar	79977472	127903	610474496	1211208
10024	19016	AF-0000000208683238	shard_2003_batch_4.tar	95792128	156093	1134768640	1774525
10028	15190	AF-0000000208501129	shard_43_batch_3.tar	34546688	67010	295161856	311880
10029	15377	AF-0000000208739773	shard_2047_batch_4.tar	70651904	76952	1155507200	418288
10029	17666	AF-0000000208739775	shard_1979_batch_4.tar	22097408	75999	648160256	409762
10033	11262	AF-0000000208704383	shard_129_batch_4.tar	37064192	125117	319393792	1140917
10033	13049	AF-0000000208704384	shard_1383_batch_2.tar	68343296	198562	744288768	2839978
10036	11409	AF-0000000208604105	shard_1919_batch_4.tar	57287168	87003	1230919680	512142
10036	12017	AF-0000000208604092	shard_1903_batch_4.tar	63516672	87437	544450048	505842
10036	12563	AF-0000000208604110	shard_2009_batch_4.tar	47909376	100958	1276235776	703375
10036	13952	AF-0000000208604100	shard_2085_batch_3.tar	98051584	96952	469981184	676435
10036	14378	AF-0000000208604085	shard_2035_batch_4.tar	102205952	99954	853839872	719485
10036	14532	AF-0000000208604111	shard_1903_batch_4.tar	50723840	89002	685683200	568340
10036	14585	AF-0000000208604106	shard_2063_batch_4.tar	56028672	97447	657017344	683037
10036	15126	AF-0000000208604107	shard_2023_batch_4.tar	46693888	94741	960648192	617105
10036	15218	AF-0000000208604102	shard_1919_batch_4.tar	93573120	86127	1114575360	516324
10036	15388	AF-0000000208604099	shard_1937_batch_4.tar	58843136	88152	1318395904	538162
10036	15457	AF-0000000208604095	shard_1979_batch_4.tar	82408448	86058	1031954944	515964
10036	16744	AF-0000000208604117	shard_2035_batch_4.tar	43183104	100728	271633920	679701
10036	17025	AF-0000000208604086	shard_2065_batch_4.tar	46502912	97222	242930688	663546
10036	17750	AF-0000000208604084	shard_2005_batch_4.tar	6312960	98555	1087794176	688683
10036	19156	AF-0000000208604097	shard_2035_batch_4.tar	53514240	102539	1182934016	727725
10036	19221	AF-0000000208604115	shard_1975_batch_4.tar	86324736	92438	1204764672	600582
10038	10080	AF-0000000208754326	shard_1971_batch_4.tar	101570048	176234	1222533632	2333897
10038	10191	AF-0000000208754312	shard_31_batch_4.tar	13485056	58939	311552512	245705
10038	12243	AF-0000000208754249	shard_93_batch_4.tar	71533056	100797	502789632	686622
10038	12386	AF-0000000208754298	shard_95_batch_4.tar	920576	102744	555674112	714893
10038	12457	AF-0000000208754328	shard_2007_batch_4.tar	45544448	106646	1189035520	831240
10038	12502	AF-0000000208754325	shard_1963_batch_4.tar	33985536	82583	340845568	475378
10038	12662	AF-0000000208754289	shard_163_batch_4.tar	57971200	168310	2320473088	2011217
10038	15472	AF-0000000208754246	shard_83_batch_4.tar	2619392	94566	253660160	624177
10039	10242	AF-0000000208782777	shard_1921_batch_4.tar	100640768	205505	356806144	3251833
10039	10246	AF-0000000208782753	shard_1385_batch_2.tar	63719424	204804	715998208	3223541
10039	11650	AF-0000000208782760	shard_135_batch_4.tar	131935744	133361	1474242048	1307048
10039	11817	AF-0000000208782757	shard_1385_batch_2.tar	24958464	204371	497812480	3208203
10039	13781	AF-0000000208782746	shard_1391_batch_2.tar	645120	216535	339053056	3471391
10039	15048	AF-0000000208782751	shard_1385_batch_2.tar	15485440	204119	1012745728	3212639
10039	15339	AF-0000000208782748	shard_139_batch_4.tar	69559808	136720	384621568	1408172
10039	17804	AF-0000000208782773	shard_1917_batch_4.tar	15543296	204869	1330357248	3200370
10039	18824	AF-0000000208782772	shard_2085_batch_4.tar	21955072	203687	290322432	3196520
10041	13599	AF-0000000211136661	shard_2022_batch_0.tar	101239296	110561	1331227136	837416
10043	10517	AF-0000000208570945	shard_107_batch_3.tar	24270848	107037	1048626688	925441
10043	10909	AF-0000000208570944	shard_109_batch_3.tar	92710912	107799	841618432	907112
10043	18278	AF-0000000208570952	shard_107_batch_3.tar	12050432	106855	474882560	915372
10046	11825	AF-0000000208343135	shard_1927_batch_2.tar	75784704	40977	722266112	96086
10046	12781	AF-0000000208343137	shard_2013_batch_2.tar	18005504	67847	1466597888	331387
10046	13113	AF-0000000208343131	shard_2055_batch_2.tar	20208640	52151	1183870464	179116
10046	15090	AF-0000000208343109	shard_13_batch_2.tar	18238464	47997	228803584	148689
10046	16012	AF-0000000208343169	shard_2021_batch_2.tar	75526144	35220	760636416	66254
10046	16850	AF-0000000208343130	shard_1999_batch_2.tar	12938240	33871	768759808	61691
10046	19080	AF-0000000208343142	shard_2007_batch_2.tar	98941440	55322	638662144	188363
10048	14429	AF-0000000208743614	shard_1391_batch_2.tar	8834048	208612	332147712	3370098
10052	8390	AF-0000000208519189	shard_121_batch_3.tar	51018752	118190	990365184	1038807
10052	9525	AF-0000000208519196	shard_119_batch_3.tar	29283328	117057	1048513536	1035970
10055	16220	AF-0000000208663732	shard_1369_batch_2.tar	28652032	187748	460943872	2669554
10055	17515	AF-0000000208663735	shard_41_batch_4.tar	8358400	65749	140897792	298968
10056	10580	AF-0000000208350220	shard_2023_batch_2.tar	31810048	174670	1330702336	2122072
10056	11537	AF-0000000208350217	shard_1975_batch_2.tar	47435776	174600	627107328	2142335
10056	13550	AF-0000000208350219	shard_1959_batch_2.tar	38203904	168224	264915456	1961571
10056	16516	AF-0000000208350221	shard_163_batch_3.tar	69850624	166977	1768073728	1964116
10062	12342	AF-0000000208662846	shard_2053_batch_4.tar	42804224	140830	603732992	1403506
10062	12346	AF-0000000208662836	shard_2049_batch_4.tar	27762176	63153	736036864	280784
10062	13899	AF-0000000208662843	shard_2053_batch_4.tar	56941056	104063	627076608	769430
10065	10257	AF-0000000208602138	shard_2029_batch_4.tar	53475840	100095	808418304	733046
10065	12138	AF-0000000208602191	shard_145_batch_4.tar	26194944	144407	985383424	1561783
10065	15469	AF-0000000208602028	shard_139_batch_4.tar	92264960	136974	772681216	1388478
10066	6263	AF-0000000208351196	shard_1921_batch_2.tar	90674688	129852	873336832	1260718
10066	11051	AF-0000000208351176	shard_2067_batch_2.tar	33218560	171027	1212368896	2065590
10066	11419	AF-0000000208351197	shard_1997_batch_2.tar	89630720	175854	782064640	2178139
10066	16487	AF-0000000208351206	shard_1969_batch_2.tar	83778048	112868	1050795008	899590
10066	17039	AF-0000000208351134	shard_157_batch_2.tar	31574016	156883	831623168	1814995
10066	17553	AF-0000000208351153	shard_1981_batch_2.tar	28186112	118452	1445818880	1007660
10066	17855	AF-0000000208351200	shard_2009_batch_2.tar	19935744	137597	936289792	1379654
10067	18366	AF-0000000208411156	shard_1941_batch_3.tar	33723392	331241	1062907904	7891248
10068	1080	AF-0000000208359285	shard_41_batch_2.tar	52507136	69564	278193664	297447
10068	12772	AF-0000000208359314	shard_51_batch_2.tar	69149696	72334	277389824	353328
10068	13155	AF-0000000208359272	shard_51_batch_2.tar	28404224	72686	416025088	354643
10068	14061	AF-0000000208359236	shard_1917_batch_2.tar	800256	58531	548736000	209102
10068	14812	AF-0000000208359253	shard_2073_batch_2.tar	10966528	61739	967033344	241567
10068	15737	AF-0000000208359237	shard_2001_batch_2.tar	68586496	76367	669133312	381046
10068	16463	AF-0000000208359209	shard_2069_batch_2.tar	70719488	142760	1096113152	1468071
10068	17134	AF-0000000208359308	shard_31_batch_2.tar	54129152	61708	122966528	239590
10068	17874	AF-0000000208359259	shard_2031_batch_2.tar	100007424	69082	1333733888	295791
10068	17934	AF-0000000208359208	shard_1905_batch_2.tar	21380608	138150	1214713344	1330546
10069	10201	AF-0000000208614136	shard_2055_batch_4.tar	95285760	35509	635424768	72818
10069	10347	AF-0000000208614084	shard_2071_batch_4.tar	71798784	66574	884701696	309739
10069	11640	AF-0000000208614035	shard_15_batch_4.tar	16530944	49273	198137856	157358
10069	11992	AF-0000000208614081	shard_2001_batch_4.tar	25531904	67876	392244224	304874
10069	13943	AF-0000000208614046	shard_89_batch_3.tar	20129280	97125	437959168	707750
10069	14055	AF-0000000208614002	shard_27_batch_4.tar	8233984	56378	128379904	218500
10069	15626	AF-0000000208614159	shard_1939_batch_4.tar	97160192	52821	716404224	175495
10069	18296	AF-0000000208614032	shard_29_batch_4.tar	48427008	59214	321848832	232862
10069	19026	AF-0000000208614101	shard_1919_batch_4.tar	51939840	39511	242858496	99682
10070	3871	AF-0000000208279669	shard_1963_batch_2.tar	75556352	84566	1337871360	504918
10070	7843	AF-0000000208279616	shard_1987_batch_2.tar	67854848	45401	694650880	124737
10070	9773	AF-0000000208279572	shard_13_batch_2.tar	38509568	47336	229386752	142786
10070	10071	AF-0000000208279561	shard_107_batch_2.tar	22321152	110848	325757440	884980
10070	10193	AF-0000000208279654	shard_1997_batch_2.tar	61517824	83917	740084736	502407
10070	10272	AF-0000000208279637	shard_2069_batch_2.tar	84486656	75448	1182210560	422362
10070	10347	AF-0000000208279659	shard_2037_batch_2.tar	23503360	75500	605842944	412609
10070	10769	AF-0000000208279562	shard_63_batch_2.tar	46795776	79573	457089024	440701
10070	10936	AF-0000000208279581	shard_13_batch_2.tar	32906240	47221	98566656	141843
10070	11043	AF-0000000208279625	shard_2005_batch_2.tar	104945664	50979	694716928	163142
10070	11640	AF-0000000208279610	shard_2077_batch_2.tar	107829760	58299	1299012096	229133
10070	11859	AF-0000000208279642	shard_2003_batch_2.tar	3648512	51234	743429120	165822
10070	11992	AF-0000000208279656	shard_1941_batch_2.tar	44312576	76192	1449436160	406439
10070	12377	AF-0000000208279673	shard_2049_batch_2.tar	64446976	85130	955989504	505258
10070	12978	AF-0000000208279627	shard_1965_batch_2.tar	53258240	69862	865106432	329198
10070	12993	AF-0000000208279601	shard_63_batch_2.tar	49075200	78246	358572544	434323
10070	13031	AF-0000000208279729	shard_25_batch_2.tar	13056000	58266	126499328	216795
10070	13315	AF-0000000208279583	shard_15_batch_2.tar	41381376	50351	229911552	157704
10070	13512	AF-0000000208279747	shard_19_batch_2.tar	3792384	51073	166359552	185440
10070	13642	AF-0000000208279564	shard_87_batch_1.tar	64371200	95876	827380224	683865
10070	13797	AF-0000000208279550	shard_111_batch_2.tar	7507968	110638	736263168	925255
10070	13803	AF-0000000208279571	shard_63_batch_2.tar	15306752	79843	581771264	438555
10070	13989	AF-0000000208279582	shard_91_batch_2.tar	397312	95919	204220416	662763
10070	14215	AF-0000000208279724	shard_91_batch_2.tar	61890560	96667	857738240	665138
10070	14307	AF-0000000208279644	shard_1961_batch_2.tar	85532672	80557	912439808	452786
10070	14627	AF-0000000208279628	shard_2031_batch_2.tar	97185792	65719	1089316352	287431
10070	14666	AF-0000000208279615	shard_1909_batch_2.tar	97712640	59654	335692800	239111
10070	15456	AF-0000000208279687	shard_7_batch_1.tar	23597568	42460	127302144	102071
10070	15626	AF-0000000208279734	shard_33_batch_2.tar	33162752	61580	251921408	248093
10070	16078	AF-0000000208279574	shard_5_batch_1.tar	1694208	41332	143511552	104278
10070	16241	AF-0000000208279688	shard_2009_batch_2.tar	16499712	59010	1319194624	224742
10070	16336	AF-0000000208279666	shard_2065_batch_2.tar	107805696	59999	419832320	235474
10070	16361	AF-0000000208279600	shard_1943_batch_2.tar	60846080	61341	702961664	259907
10070	16936	AF-0000000208279726	shard_5_batch_1.tar	40086016	40881	162518528	96628
10070	17549	AF-0000000208279590	shard_7_batch_1.tar	25351168	41646	142765056	108264
10070	17553	AF-0000000208279611	shard_1943_batch_2.tar	22979072	57878	793641984	225699
10070	17669	AF-0000000208279746	shard_15_batch_2.tar	29624832	50103	210009088	158526
10070	17817	AF-0000000208279723	shard_115_batch_2.tar	89716736	115706	869874176	899701
10070	18001	AF-0000000208279689	shard_13_batch_2.tar	19369984	47849	212962304	136498
10070	18008	AF-0000000208279742	shard_15_batch_2.tar	457216	50088	157855232	159744
10070	18073	AF-0000000208279617	shard_1971_batch_2.tar	49690624	46290	275736064	131871
10070	18497	AF-0000000208279738	shard_15_batch_2.tar	26429440	49452	160549376	148429
10070	18941	AF-0000000208279608	shard_2025_batch_2.tar	18243072	63955	797044224	255785
10070	19028	AF-0000000208279636	shard_1897_batch_2.tar	100242432	51092	872134656	166045
10071	3162	AF-0000000204099916	shard_140_batch_0.tar	100009472	142029	1241697280	1426742
10071	7196	AF-0000000204099924	shard_150_batch_0.tar	84549632	153305	1913049088	1762691
10071	10803	AF-0000000204099831	shard_2032_batch_0.tar	48505344	112327	1689475584	896806
10071	11328	AF-0000000204099891	shard_108_batch_0.tar	68073472	112160	446509568	905861
10071	11640	AF-0000000204099845	shard_1916_batch_0.tar	120865280	121643	442455040	1068838
10071	16099	AF-0000000204099819	shard_1980_batch_0.tar	131181056	111016	559495680	884728
10071	16184	AF-0000000204099900	shard_150_batch_0.tar	49463296	153261	311060992	1717587
10071	16252	AF-0000000204099851	shard_1980_batch_0.tar	55374848	125975	1345202176	1130733
10071	16314	AF-0000000204099943	shard_106_batch_0.tar	67688448	111246	433893376	886508
10071	18034	AF-0000000204099875	shard_106_batch_0.tar	6807040	110409	562956800	869758
10071	18138	AF-0000000204099871	shard_130_batch_0.tar	63808512	132510	1267042304	1252267
10071	18141	AF-0000000204099919	shard_116_batch_0.tar	92878848	120017	738044928	1006537
10071	18941	AF-0000000204099844	shard_1940_batch_0.tar	102653952	127757	917024256	1150442
10071	19035	AF-0000000204099803	shard_1950_batch_0.tar	84480	139740	904942592	1445705
10072	10074	AF-0000000208687890	shard_1999_batch_4.tar	88676864	179158	798022144	2437228
10072	10075	AF-0000000208687765	shard_1361_batch_2.tar	157171200	179043	1576883200	2425436
10072	16296	AF-0000000208687839	shard_1915_batch_4.tar	66483200	119270	1204327936	1032888
10072	18094	AF-0000000208687864	shard_2045_batch_4.tar	35468800	140583	897442304	1501801
10073	11907	AF-0000000203680930	shard_144_batch_0.tar	131295744	142984	1154685952	1515880
10073	12056	AF-0000000203680923	shard_146_batch_0.tar	33484288	144235	1485286400	1564180
10073	12366	AF-0000000203680945	shard_146_batch_0.tar	98185216	143656	344694784	1569788
10074	10075	AF-0000000208790845	shard_1951_batch_4.tar	71531008	179350	684783616	2478173
10074	10330	AF-0000000208790867	shard_113_batch_4.tar	71955456	113596	853892608	936804
10074	15299	AF-0000000208790953	shard_127_batch_4.tar	121510400	125026	993533952	1148353
10074	16437	AF-0000000208790839	shard_1993_batch_4.tar	76709888	173190	265779712	2216968
10074	16672	AF-0000000208790936	shard_111_batch_4.tar	93610496	112968	286375936	930559
10074	18094	AF-0000000208790934	shard_143_batch_4.tar	107203584	143264	839635968	1527436
10075	10330	AF-0000000208273172	shard_113_batch_2.tar	57440768	113407	1143736320	945190
10075	10890	AF-0000000208273202	shard_1969_batch_2.tar	21683712	146450	825778176	1577459
10075	13903	AF-0000000208273142	shard_117_batch_2.tar	62247424	117815	960026624	1025723
10075	15299	AF-0000000208273258	shard_1927_batch_2.tar	19179520	124709	476933120	1143809
10075	16672	AF-0000000208273241	shard_1901_batch_2.tar	99703808	112911	991383040	931800
10075	18094	AF-0000000208273239	shard_2019_batch_2.tar	72962048	143049	1156045312	1535487
10076	10239	AF-0000000208318106	shard_1895_batch_2.tar	15107584	180035	544350720	2423307
10076	10998	AF-0000000208317977	shard_1961_batch_2.tar	68943872	198239	1279225344	2936406
10076	12466	AF-0000000208318038	shard_1385_batch_1.tar	42352640	205750	1377486336	3044268
10076	13472	AF-0000000208318066	shard_1391_batch_1.tar	33369088	212592	1596941824	3223292
10076	15638	AF-0000000208318057	shard_1383_batch_1.tar	54104576	202966	3127199232	3116750
10076	16677	AF-0000000208317976	shard_1945_batch_2.tar	44078592	168348	1289724928	2101237
10076	16769	AF-0000000208317997	shard_157_batch_2.tar	118730240	156883	663392256	1808316
10076	16947	AF-0000000208317986	shard_1363_batch_1.tar	176269312	180880	2181185536	2382210
10076	18585	AF-0000000208318029	shard_1355_batch_1.tar	23096320	173624	2167151616	2234757
10079	10120	AF-0000000204037973	shard_1390_batch_0.tar	33222144	215269	3307237888	3289812
10079	10827	AF-0000000204038094	shard_1892_batch_0.tar	102040064	179227	280611840	2344798
10079	11129	AF-0000000204038036	shard_168_batch_0.tar	59662848	178543	1007107072	2282979
10079	11880	AF-0000000204037943	shard_2084_batch_0.tar	106108928	260847	861785088	4899949
10079	11900	AF-0000000204038109	shard_1960_batch_0.tar	99179520	254097	1178778112	4285068
10079	11938	AF-0000000204038062	shard_1974_batch_0.tar	6780928	199442	326050816	2849349
10079	13089	AF-0000000204038056	shard_168_batch_0.tar	138766848	178095	525837824	2268347
10079	13309	AF-0000000204037969	shard_1388_batch_0.tar	192581120	212482	815853056	3193673
10079	14200	AF-0000000204038078	shard_1894_batch_0.tar	83182592	213267	1723439104	3284724
10079	14325	AF-0000000204038071	shard_1942_batch_0.tar	98338816	187915	1126412288	2483462
10079	14623	AF-0000000204038015	shard_1214_batch_0.tar	62733312	309431	7210259968	7172783
10079	15247	AF-0000000204038089	shard_1910_batch_0.tar	61302272	200089	1647954432	2942050
10079	15428	AF-0000000204038120	shard_2038_batch_0.tar	91218432	195825	1772940800	2743661
10079	15553	AF-0000000204038135	shard_2006_batch_0.tar	38870528	246692	638706176	4343775
10079	15709	AF-0000000204038006	shard_1352_batch_0.tar	24315904	177669	1896567296	2205888
10079	16525	AF-0000000204038064	shard_1964_batch_0.tar	130156032	242982	1682980352	4251174
10079	16884	AF-0000000204038073	shard_1974_batch_0.tar	105715200	197629	1337474048	2784685
10079	17052	AF-0000000204038030	shard_1216_batch_0.tar	263895552	345638	6803507200	8578551
10079	17071	AF-0000000204038041	shard_1392_batch_0.tar	53259776	215516	3002720256	3330724
10079	17496	AF-0000000204038144	shard_1196_batch_0.tar	51343360	244651	3248444928	4243917
10079	17539	AF-0000000204038103	shard_1906_batch_0.tar	50183680	181188	826398720	2371627
10079	17637	AF-0000000204037933	shard_2032_batch_0.tar	53619200	183203	915996672	2287494
10081	1610	AF-0000000208692580	shard_137_batch_4.tar	21139968	126072	1343391744	1247617
10082	12505	AF-0000000208585617	shard_1959_batch_3.tar	35097088	103401	399049216	789833
10082	14548	AF-0000000208585614	shard_2001_batch_3.tar	29671424	103198	246960640	788804
10082	15026	AF-0000000208585618	shard_1957_batch_3.tar	80193536	117877	1346086912	1025500
10082	16817	AF-0000000208585607	shard_1903_batch_3.tar	67065856	102072	690131968	774020
10082	17966	AF-0000000208585602	shard_91_batch_3.tar	86048768	97781	575736320	699294
10083	12906	AF-0000000208641400	shard_1895_batch_4.tar	31571456	160993	314632192	1857126
10083	12960	AF-0000000208641397	shard_1959_batch_4.tar	115421696	129043	1423526400	1113369
10083	15699	AF-0000000208641399	shard_149_batch_4.tar	59758080	152842	378970624	1530943
10083	16164	AF-0000000208641395	shard_1937_batch_4.tar	30614016	91579	474046464	502368
10083	16209	AF-0000000208641387	shard_2009_batch_4.tar	54849536	153842	1132818432	1696955
10083	18566	AF-0000000208641396	shard_2027_batch_4.tar	17911808	89495	609891328	487543
10083	18718	AF-0000000208641390	shard_2033_batch_4.tar	109599744	91316	985923584	514679
10083	19134	AF-0000000208641389	shard_1911_batch_4.tar	16994304	153669	1120814080	1725125
10083	19239	AF-0000000208641388	shard_2005_batch_4.tar	72374784	155283	1279983616	1702203
10084	11010	AF-0000000208508038	shard_65_batch_3.tar	38516736	83236	267566080	465181
10084	12993	AF-0000000208507929	shard_99_batch_3.tar	46551552	102565	637707776	753327
10084	13033	AF-0000000208507990	shard_37_batch_3.tar	20439040	64860	155499008	282658
10084	13607	AF-0000000208507939	shard_105_batch_3.tar	440320	111053	779525632	809601
10084	13772	AF-0000000208508024	shard_59_batch_3.tar	10593280	78699	261582848	424121
10084	14077	AF-0000000208507891	shard_1965_batch_3.tar	98778112	99482	648896512	666617
10084	15814	AF-0000000208507912	shard_1905_batch_3.tar	110599680	200227	902891008	2723557
10084	17057	AF-0000000208507933	shard_59_batch_3.tar	30969344	78782	291754496	424171
10084	17645	AF-0000000208508034	shard_47_batch_3.tar	52795392	71789	403778048	336118
10084	17778	AF-0000000208507921	shard_1899_batch_3.tar	10530816	74919	1380854784	371582
10084	18091	AF-0000000208507969	shard_129_batch_3.tar	68352000	127740	371040256	1178858
10084	19287	AF-0000000211136686	shard_2051_batch_3.tar	40866304	98428	494453248	646698
10085	1080	AF-0000000208340042	shard_73_batch_2.tar	50088960	89794	270026752	554568
10085	7196	AF-0000000208340052	shard_125_batch_2.tar	15013888	124781	1073061376	1168779
10085	11769	AF-0000000208340054	shard_107_batch_2.tar	83923456	109986	515666432	859458
10085	14041	AF-0000000208339988	shard_2043_batch_2.tar	117248000	165869	863442432	2086092
10085	14613	AF-0000000208340011	shard_2029_batch_2.tar	47785984	122445	375586816	1070652
10085	14655	AF-0000000208340053	shard_75_batch_2.tar	66203136	89580	302299648	566414
10085	17070	AF-0000000208339997	shard_1937_batch_2.tar	76836352	96165	1413616640	650298
10085	17874	AF-0000000208340029	shard_73_batch_2.tar	11115520	89767	495177216	552976
10085	18138	AF-0000000208340031	shard_95_batch_2.tar	15574016	103943	254241280	751643
10087	1389	AF-0000000208356335	shard_169_batch_2.tar	30887936	179198	1395267072	2201962
10087	2120	AF-0000000208356280	shard_1371_batch_1.tar	84194304	190135	1834069504	2507394
10087	10186	AF-0000000208356298	shard_1199_batch_1.tar	105076224	241149	4306859008	4167985
10087	10272	AF-0000000208356270	shard_1375_batch_1.tar	76496896	193338	2031563776	2567873
10087	10579	AF-0000000208356228	shard_2015_batch_2.tar	61644800	179782	640324096	2216352
10087	10698	AF-0000000208356264	shard_1207_batch_1.tar	86223360	267029	3353018880	5211696
10087	10906	AF-0000000208356309	shard_1207_batch_1.tar	146522624	268464	2661515776	5070025
10087	11842	AF-0000000208356289	shard_1215_batch_1.tar	281816064	300834	1610151936	6506372
10087	11988	AF-0000000208356243	shard_1361_batch_1.tar	34441728	181301	2545747456	2291395
10087	12432	AF-0000000208356250	shard_2055_batch_2.tar	27593216	176916	352663040	2075974
10087	12598	AF-0000000208356230	shard_1983_batch_2.tar	89358336	185951	593217024	2359136
10087	12895	AF-0000000208356283	shard_1217_batch_2.tar	43172864	332613	2074185728	8201695
10087	13495	AF-0000000208356212	shard_1961_batch_2.tar	45367296	205963	1059220480	2857862
10087	13907	AF-0000000208356259	shard_1365_batch_1.tar	16864768	184319	2620376064	2352756
10087	14396	AF-0000000208356196	shard_2015_batch_2.tar	30858752	215800	1098238976	3219323
10087	14896	AF-0000000208356310	shard_1369_batch_1.tar	42694144	188690	1582192640	2437429
10087	15121	AF-0000000208356248	shard_2077_batch_2.tar	84079616	254077	1277614592	4537402
10087	15299	AF-0000000208356342	shard_1355_batch_1.tar	94862848	176173	1055373312	2088301
10087	15474	AF-0000000208356261	shard_1197_batch_1.tar	70602240	237464	4364400128	4023967
10087	15670	AF-0000000208356312	shard_1217_batch_2.tar	18528256	344485	3817278976	8357607
10087	17786	AF-0000000208356186	shard_2047_batch_2.tar	26679808	237291	713340928	3949188
10087	18858	AF-0000000208356343	shard_167_batch_2.tar	133501440	173411	1353620480	1988068
10087	19169	AF-0000000208356272	shard_1399_batch_1.tar	191139840	229184	3970243072	3641224
10088	7196	AF-0000000208360518	shard_89_batch_2.tar	23529984	98636	825189888	701694
10088	10427	AF-0000000208360374	shard_2025_batch_2.tar	30491136	64123	230179840	276550
10088	10761	AF-0000000208360376	shard_1983_batch_2.tar	34600960	215558	1454048768	3416045
10088	11151	AF-0000000208360532	shard_59_batch_2.tar	16885760	77734	383996928	436765
10088	12312	AF-0000000208360262	shard_95_batch_2.tar	53395968	103386	697523712	747572
10088	12536	AF-0000000208360311	shard_19_batch_2.tar	12494848	53750	248151552	180764
10088	13664	AF-0000000208360368	shard_1965_batch_2.tar	61948928	88831	1279617024	546274
10088	14353	AF-0000000208360437	shard_19_batch_2.tar	47959040	53462	255755264	182182
10088	14364	AF-0000000208360380	shard_1929_batch_2.tar	81512448	118503	1041110016	1020726
10088	14617	AF-0000000208360354	shard_1897_batch_2.tar	17900544	100001	819192320	742917
10088	14812	AF-0000000208360373	shard_1927_batch_2.tar	17345024	56014	901915648	198420
10088	15418	AF-0000000208360258	shard_57_batch_2.tar	61396992	78502	544506880	408055
10088	15564	AF-0000000208360538	shard_79_batch_2.tar	78699008	90026	353296384	579223
10088	15636	AF-0000000208360568	shard_1941_batch_2.tar	4733952	93081	811308032	600174
10088	16184	AF-0000000208360462	shard_89_batch_2.tar	43057152	98968	252595200	704075
10088	16336	AF-0000000208360435	shard_43_batch_2.tar	61438464	69258	418095104	317592
10088	16579	AF-0000000208360349	shard_1963_batch_2.tar	5739008	69445	1503348224	318013
10088	17134	AF-0000000208360546	shard_23_batch_2.tar	29487616	55944	120783872	198227
10088	17941	AF-0000000211136694	shard_1969_batch_2.tar	87677952	118547	1445739008	976923
10088	19231	AF-0000000208360228	shard_1987_batch_2.tar	85199360	53592	545209344	181423
10090	11081	AF-0000000208270074	shard_2013_batch_2.tar	5776384	172918	1121235456	2186992
10090	17778	AF-0000000208270066	shard_2067_batch_2.tar	57320448	100297	600733184	781355
10092	11663	AF-0000000203617047	shard_1932_batch_0.tar	71108608	114816	804553216	898918
10092	16434	AF-0000000203617046	shard_1912_batch_0.tar	12076544	114658	326857216	878216
10093	7975	AF-0000000208302474	shard_1977_batch_2.tar	77152256	117302	716492288	918698
10093	9640	AF-0000000208302347	shard_1941_batch_2.tar	25091072	125044	328828928	1075886
10093	10244	AF-0000000208302419	shard_163_batch_2.tar	86211072	166481	819230720	2073211
10093	10298	AF-0000000208302391	shard_147_batch_2.tar	36498944	145031	373229568	1520687
10093	10373	AF-0000000208302446	shard_165_batch_2.tar	129359872	167372	1966422016	2182819
10093	10683	AF-0000000208302408	shard_1389_batch_1.tar	52633088	212754	2135715328	3294275
10093	11403	AF-0000000208302468	shard_2011_batch_2.tar	63218688	168328	1016250368	2162845
10093	12322	AF-0000000208302456	shard_2045_batch_2.tar	111616512	190057	875399680	2628638
10093	13136	AF-0000000208302454	shard_2045_batch_2.tar	73495552	120068	1464040960	1015722
10093	13188	AF-0000000208302470	shard_1905_batch_2.tar	80000000	170070	1063495680	1969559
10093	13485	AF-0000000208302415	shard_1383_batch_1.tar	41272320	206261	2202787328	2973060
10093	13769	AF-0000000208302334	shard_161_batch_2.tar	85509632	161740	1662554624	1893800
10093	13920	AF-0000000208302371	shard_1405_batch_1.tar	197603840	234752	963334144	4071378
10093	14873	AF-0000000208302356	shard_165_batch_2.tar	103363072	170830	425671168	2028752
10093	14905	AF-0000000208302333	shard_167_batch_2.tar	74315264	173614	1896950272	2151835
10093	15410	AF-0000000208302319	shard_2051_batch_2.tar	73769472	183130	1425616384	2539471
10093	15678	AF-0000000208302315	shard_2079_batch_2.tar	34649600	183128	536813056	2516970
10093	16271	AF-0000000208302318	shard_2077_batch_2.tar	81646592	184490	744978944	2566458
10093	16273	AF-0000000208302378	shard_1373_batch_1.tar	9466368	199924	2954225664	2656003
10093	16433	AF-0000000208302327	shard_2037_batch_2.tar	26626560	148045	640662528	1557088
10093	17052	AF-0000000208302395	shard_1211_batch_1.tar	125597696	280501	1623111168	5713546
10093	18647	AF-0000000208302397	shard_1371_batch_1.tar	38433792	191671	671763456	2631456
10093	19237	AF-0000000208302331	shard_87_batch_2.tar	63758848	96018	740638208	619430
10096	4114	AF-0000000208623050	shard_33_batch_4.tar	49732608	64235	251148800	257902
10096	6358	AF-0000000208622998	shard_35_batch_4.tar	4794880	63896	189335552	262642
10096	10330	AF-0000000208622908	shard_2073_batch_4.tar	102430720	59068	1320187904	231016
10096	10544	AF-0000000208622847	shard_53_batch_4.tar	55090176	76629	353835520	376352
10096	10676	AF-0000000208622836	shard_133_batch_4.tar	57183232	133013	590848512	1251984
10096	11502	AF-0000000208622991	shard_119_batch_4.tar	4215296	122035	1071950848	1069272
10096	11541	AF-0000000208623061	shard_91_batch_4.tar	74281472	100626	442390528	677970
10096	11718	AF-0000000208623016	shard_91_batch_4.tar	80563712	102134	470598144	709616
10096	11868	AF-0000000208623042	shard_23_batch_4.tar	24279040	56657	151490048	205424
10096	12377	AF-0000000208623014	shard_87_batch_3.tar	52063744	97786	620152832	656502
10096	12904	AF-0000000208623046	shard_71_batch_4.tar	63818752	87037	360987136	494145
10096	13164	AF-0000000208622987	shard_23_batch_4.tar	38689280	57226	163856384	204989
10096	13264	AF-0000000208622877	shard_145_batch_4.tar	96655872	144395	692699136	1526525
10096	13601	AF-0000000208622937	shard_2079_batch_4.tar	65332224	148277	1248418304	1671542
10096	13664	AF-0000000208622940	shard_1937_batch_4.tar	115236352	92755	285185536	583746
10096	13821	AF-0000000208622852	shard_103_batch_4.tar	82398720	109341	419260928	778938
10096	13903	AF-0000000208622806	shard_33_batch_4.tar	22942208	63789	232455680	264278
10096	13904	AF-0000000208622805	shard_33_batch_4.tar	15326208	63763	279792640	262743
10096	14315	AF-0000000208622950	shard_1949_batch_4.tar	112764416	65873	1101287936	300273
10096	14620	AF-0000000208623141	shard_2043_batch_4.tar	89285632	115242	578343936	939631
10096	15182	AF-0000000208623114	shard_1979_batch_4.tar	90867712	75870	1330654208	394208
10096	16169	AF-0000000208622978	shard_2025_batch_4.tar	4674048	63460	903286272	264570
10096	16487	AF-0000000208623152	shard_2077_batch_4.tar	109131776	65965	770707456	282452
10096	16672	AF-0000000208623088	shard_2063_batch_4.tar	95583744	58729	672683008	228389
10096	17070	AF-0000000208622844	shard_47_batch_4.tar	60931072	73789	138440192	352038
10096	18049	AF-0000000208623151	shard_1969_batch_4.tar	104913920	51302	414313984	158324
10096	18359	AF-0000000208622872	shard_57_batch_4.tar	72025088	79786	245849088	429324
10096	19010	AF-0000000208623131	shard_1915_batch_4.tar	15153152	64768	326599680	282609
10096	19210	AF-0000000208623065	shard_47_batch_4.tar	19579392	73698	191305728	353365
10097	10150	AF-0000000208506385	shard_105_batch_3.tar	9051136	110135	381428736	809620
10099	11266	AF-0000000208759425	shard_1383_batch_2.tar	30566400	202373	1550654464	2819136
10099	14380	AF-0000000208759419	shard_1927_batch_4.tar	18452992	222099	1303917056	3600767
10104	6322	AF-0000000208389157	shard_157_batch_3.tar	66643456	158700	1923380736	1892063
10105	10981	AF-0000000208331410	shard_23_batch_2.tar	40434688	53862	125502976	189343
10105	15745	AF-0000000208331381	shard_45_batch_2.tar	35829760	67934	257850368	328264
10105	16936	AF-0000000208331414	shard_11_batch_2.tar	30528512	45250	123145728	134257
10105	18323	AF-0000000208331398	shard_1979_batch_2.tar	59474944	65100	1127520768	288444
10106	10613	AF-0000000208518539	shard_2059_batch_3.tar	46550016	78116	705096192	434003
10106	10701	AF-0000000208518593	shard_119_batch_3.tar	12823040	120144	420864512	1052933
10106	10994	AF-0000000208518685	shard_2017_batch_3.tar	15427584	119862	1200044032	1059276
10106	12685	AF-0000000208518599	shard_117_batch_3.tar	107732480	117355	678367232	961282
10106	14691	AF-0000000208518609	shard_117_batch_3.tar	111757824	117497	821525504	957244
10106	16169	AF-0000000208518625	shard_49_batch_3.tar	47621120	72845	249555968	353155
10106	16448	AF-0000000208518669	shard_1897_batch_3.tar	39019008	93060	400500736	598469
10106	16487	AF-0000000208518707	shard_1925_batch_3.tar	23126016	74626	1324151808	377976
10106	16701	AF-0000000208518618	shard_43_batch_3.tar	53172224	69405	193340416	317291
10106	17616	AF-0000000208518621	shard_47_batch_3.tar	11740672	71827	324803072	340585
10106	17617	AF-0000000208518661	shard_1957_batch_3.tar	105660928	71749	1304655360	339563
10110	18788	AF-0000000208423383	shard_139_batch_3.tar	90602496	137022	653703168	1430490
10114	19233	AF-0000000208319778	shard_81_batch_2.tar	3148288	95009	682298880	571707
10117	16333	AF-0000000208324639	shard_1369_batch_1.tar	30036992	194326	1271360000	2680857
10117	17253	AF-0000000208324640	shard_1371_batch_1.tar	61119488	195883	1031660032	2724769
10118	12208	AF-0000000204142054	shard_82_batch_0.tar	38369792	91477	441488384	565463
10118	13959	AF-0000000204142052	shard_116_batch_0.tar	61304832	117810	892419584	976044
10120	9727	AF-0000000208274937	shard_147_batch_2.tar	109442560	147661	288360448	1464290
10120	10393	AF-0000000208274900	shard_1381_batch_1.tar	133027328	199938	2925914624	2850801
10120	11930	AF-0000000208274808	shard_2017_batch_2.tar	66469376	145642	1035840000	1533691
10120	12455	AF-0000000208274797	shard_1989_batch_2.tar	81519616	141895	1380223488	1438419
10120	12526	AF-0000000208275032	shard_1895_batch_2.tar	65709056	155759	1125802496	1704729
10120	13256	AF-0000000208274905	shard_109_batch_2.tar	65076224	109177	725500928	844259
10120	13641	AF-0000000208274991	shard_141_batch_2.tar	140370944	143048	395617280	1352297
10120	14304	AF-0000000208274987	shard_113_batch_2.tar	75120128	111898	1003924480	862706
10120	14439	AF-0000000208274872	shard_2045_batch_2.tar	28993536	110594	642096128	874147
10120	17239	AF-0000000208274871	shard_2013_batch_2.tar	7784960	145456	1138156544	1517962
10120	17508	AF-0000000208274792	shard_1215_batch_1.tar	22303232	301139	5631843328	6842329
10120	18329	AF-0000000208274816	shard_1893_batch_2.tar	1001984	155360	850838528	1802504
10121	14370	AF-0000000204758206	shard_60_batch_0.tar	59990016	78520	548269056	430494
10122	10569	AF-0000000208731753	shard_1933_batch_4.tar	109734400	135553	679661056	1372611
10122	13178	AF-0000000208731754	shard_2003_batch_4.tar	110313984	138229	1392352768	1408840
10122	13260	AF-0000000208731751	shard_2019_batch_4.tar	32238592	137941	710744064	1425256
10122	14437	AF-0000000208731752	shard_1973_batch_4.tar	76088320	137222	964940288	1406492
10127	119	AF-0000000203739935	shard_2004_batch_0.tar	106083840	202566	303202304	3147346
10127	13656	AF-0000000203739936	shard_1974_batch_0.tar	110813696	231066	1320115200	3831232
10127	13942	AF-0000000203739934	shard_2066_batch_0.tar	121818624	197679	1088098816	2964033
10128	2495	AF-0000000208543978	shard_1973_batch_3.tar	66921984	54121	647622656	213303
10129	1213	AF-0000000208441966	shard_2035_batch_3.tar	15376384	71117	961847808	351284
10129	8536	AF-0000000208441959	shard_2085_batch_2.tar	110240768	71549	1356389888	360536
10129	10743	AF-0000000208441957	shard_2015_batch_3.tar	83436032	67486	696060928	307865
10129	12049	AF-0000000208441946	shard_1977_batch_3.tar	38084096	69621	305247744	335385
10129	14929	AF-0000000208441964	shard_2067_batch_3.tar	61354496	72553	392487936	372321
10130	14049	AF-0000000203612642	shard_1216_batch_0.tar	169136640	337369	7650041344	8888137
10132	14213	AF-0000000208412077	shard_1999_batch_3.tar	59858944	98612	838429696	706309
10136	11497	AF-0000000203813560	shard_62_batch_0.tar	42738176	81232	267097600	449987
10136	11604	AF-0000000203813376	shard_60_batch_0.tar	2675712	80309	240205824	457810
10136	11815	AF-0000000203813577	shard_56_batch_0.tar	58106880	75793	299623936	399310
10136	15269	AF-0000000203813500	shard_1980_batch_0.tar	16994816	79441	357499392	421928
10136	15334	AF-0000000203813501	shard_1916_batch_0.tar	97310208	83244	1113164800	473730
10136	16546	AF-0000000203813357	shard_56_batch_0.tar	861184	77601	259962368	420007
10136	17248	AF-0000000203813524	shard_2082_batch_0.tar	19962368	83376	1404234240	483047
10136	18554	AF-0000000203813431	shard_70_batch_0.tar	8197632	85156	639824384	513394
10138	4118	AF-0000000208324665	shard_123_batch_2.tar	111796736	126114	447677952	1111910
10138	17927	AF-0000000208324671	shard_123_batch_2.tar	48643072	126151	1299848192	1114438
10139	16497	AF-0000000204629331	shard_80_batch_0.tar	15054848	88733	281568256	568158
10139	17762	AF-0000000204629332	shard_74_batch_0.tar	30332416	85430	467284992	519071
10141	10513	AF-0000000208678985	shard_1397_batch_2.tar	82965504	219302	1495522304	3321273
10142	14944	AF-0000000208508950	shard_95_batch_3.tar	21901824	102555	774023168	725922
10147	10159	AF-0000000208431785	shard_1391_batch_1.tar	136760320	209925	1460643328	3407854
10147	10560	AF-0000000208431892	shard_153_batch_3.tar	101503488	153009	1021225984	1734571
10147	10683	AF-0000000208431850	shard_1399_batch_1.tar	165605888	226892	703099392	3728793
10147	13505	AF-0000000208431797	shard_2025_batch_3.tar	71079936	247860	1241016832	4408826
10147	13769	AF-0000000208431791	shard_1931_batch_3.tar	52440576	175037	1194604544	2334008
10147	14010	AF-0000000208431838	shard_99_batch_3.tar	15344640	105203	279362560	757168
10147	14873	AF-0000000208431810	shard_1365_batch_1.tar	133257216	185006	743597056	2535457
10147	16150	AF-0000000208431883	shard_167_batch_3.tar	51920384	175684	1981263360	2170985
10147	16431	AF-0000000208431821	shard_133_batch_3.tar	24653312	133519	463480832	1314107
10147	17124	AF-0000000208431811	shard_107_batch_3.tar	9515008	111190	898907648	887502
10147	18094	AF-0000000208431887	shard_143_batch_3.tar	117555200	143330	947205632	1519767
10147	18322	AF-0000000208431820	shard_151_batch_3.tar	456192	149577	626362880	1674238
10147	18359	AF-0000000208431814	shard_133_batch_3.tar	51452928	133822	1114031616	1331289
10147	18387	AF-0000000208431855	shard_1197_batch_1.tar	49693184	242315	1637832704	4248115
10147	19127	AF-0000000208431888	shard_109_batch_3.tar	101683712	111630	318709760	878176
10147	19169	AF-0000000208431851	shard_169_batch_3.tar	34799616	178590	2589514240	2372768
10149	10803	AF-0000000208667165	shard_23_batch_4.tar	23834112	55479	127806464	203344
10149	11328	AF-0000000208667212	shard_1973_batch_4.tar	16701952	55317	1179355648	208065
10149	11657	AF-0000000208667145	shard_35_batch_4.tar	17637376	65572	363406848	266793
10149	12006	AF-0000000208667192	shard_2085_batch_3.tar	17937408	55404	498813440	192004
10149	14344	AF-0000000208667253	shard_2007_batch_4.tar	84337152	56445	1208245760	198040
10149	16099	AF-0000000208667152	shard_23_batch_4.tar	31715840	54094	188779520	197806
10149	16699	AF-0000000208667215	shard_1903_batch_4.tar	34589184	65763	713452544	267536
10149	18285	AF-0000000208667161	shard_27_batch_4.tar	18993664	59207	253335552	231720
10149	18385	AF-0000000208667227	shard_1937_batch_4.tar	63610368	56182	384905216	194893
10149	19143	AF-0000000208667228	shard_2041_batch_4.tar	29448192	45470	1277693440	126721
10150	13828	AF-0000000208573486	shard_1965_batch_3.tar	107585536	116575	475407872	942397
10150	14139	AF-0000000208573482	shard_2035_batch_3.tar	70041088	177564	1185680384	2349374
10152	1431	AF-0000000208449050	shard_107_batch_3.tar	52989440	110087	917048832	837638
10152	16389	AF-0000000208449047	shard_101_batch_3.tar	95364608	104258	723880960	765337
10152	16491	AF-0000000208449055	shard_1347_batch_1.tar	35552768	169036	1602243072	2105589
10152	17320	AF-0000000208449040	shard_65_batch_3.tar	75062784	79837	591321600	470803
10152	18319	AF-0000000208449048	shard_107_batch_3.tar	105288192	111267	325332480	922376
10152	19244	AF-0000000208449053	shard_119_batch_3.tar	50998272	119647	1095625728	1060183
10156	13156	AF-0000000208565244	shard_1913_batch_3.tar	105764864	209843	1248129024	3273721
10156	14637	AF-0000000208565258	shard_1957_batch_3.tar	102054912	89498	1169869824	517272
10156	16205	AF-0000000208565250	shard_63_batch_3.tar	73325568	80651	586565120	447415
10156	16431	AF-0000000208565249	shard_89_batch_3.tar	37602304	99444	563054080	701339
10157	3580	AF-0000000204142512	shard_2022_batch_0.tar	38269440	364600	1062843392	9456245
10157	16009	AF-0000000204142498	shard_1908_batch_0.tar	107802624	293718	1115624960	6337078
10158	6287	AF-0000000208307764	shard_151_batch_2.tar	146914816	150390	564165632	1707345
10158	10202	AF-0000000208307758	shard_159_batch_2.tar	57901568	162541	1967209472	2000084
10158	11052	AF-0000000208307770	shard_163_batch_2.tar	35183616	165322	853316608	2095899
10158	11420	AF-0000000208307725	shard_2037_batch_2.tar	59467264	166583	440673792	2123433
10158	12008	AF-0000000208307737	shard_1913_batch_2.tar	115738624	226519	581146624	3801617
10158	14344	AF-0000000208307765	shard_125_batch_2.tar	69145088	126643	290724864	1141391
10158	14664	AF-0000000208307732	shard_2069_batch_2.tar	31951872	190450	298757632	2715688
10158	18385	AF-0000000208307753	shard_2063_batch_2.tar	81552384	126373	1086017024	1143452
10159	1727	AF-0000000209487383	shard_1974_batch_0.tar	121076736	243751	1238416384	4382833
10159	10259	AF-0000000204261848	shard_1938_batch_0.tar	17892864	255467	614324736	4576336
10159	15997	AF-0000000204261851	shard_1946_batch_0.tar	35064832	146716	776643584	1619069
10160	10760	AF-0000000204664422	shard_1982_batch_0.tar	38007296	272038	976381440	5629022
10160	11137	AF-0000000204664421	shard_2026_batch_0.tar	68550656	267940	330417664	5468535
10160	11561	AF-0000000204664420	shard_2004_batch_0.tar	71119360	272959	1447106560	5541218
10161	3368	AF-0000000208419118	shard_2085_batch_2.tar	90249216	124553	1269436928	1082346
10161	6804	AF-0000000208419063	shard_1905_batch_3.tar	106137600	124913	964798976	1160020
10161	8808	AF-0000000208419120	shard_1945_batch_3.tar	16550912	136853	964130304	1377885
10161	10345	AF-0000000208419126	shard_2037_batch_3.tar	86482432	152257	1158385664	1653972
10161	10645	AF-0000000208419077	shard_1909_batch_3.tar	43693056	90301	552396288	559361
10161	11124	AF-0000000208419102	shard_1993_batch_3.tar	71753728	222257	973165568	3393978
10161	11313	AF-0000000211136725	shard_1385_batch_1.tar	184941056	205735	2390205440	3241586
10161	11480	AF-0000000208419112	shard_2037_batch_3.tar	100217344	218497	735706112	3506315
10161	12277	AF-0000000208419076	shard_1915_batch_3.tar	102366720	139932	401777664	1356703
10161	12575	AF-0000000208419099	shard_2057_batch_3.tar	21804032	187798	853841920	2588855
10161	13894	AF-0000000208419141	shard_1937_batch_3.tar	75574784	150779	1259927040	1637900
10161	14008	AF-0000000208419048	shard_1361_batch_1.tar	27924480	180004	1679628288	2298565
10161	14542	AF-0000000208419056	shard_91_batch_2.tar	44237312	97477	565463040	673284
10161	14738	AF-0000000208419093	shard_1929_batch_3.tar	78571520	122105	757963776	1116878
10161	14963	AF-0000000208419085	shard_2037_batch_3.tar	3252224	118243	490033152	986386
10161	15016	AF-0000000208419047	shard_1371_batch_1.tar	14166016	190210	2586276352	2550453
10161	16009	AF-0000000208419050	shard_159_batch_3.tar	52005888	162164	1425815040	1872434
10161	16222	AF-0000000208419122	shard_1921_batch_3.tar	78269440	114040	1193353216	909757
10161	16289	AF-0000000208419055	shard_1393_batch_1.tar	9996800	216728	3241563648	3467428
10161	16436	AF-0000000208419095	shard_2021_batch_3.tar	81058304	141769	988753920	1544063
10161	16438	AF-0000000208419086	shard_2073_batch_3.tar	27079168	140076	585266688	1420683
10161	16751	AF-0000000208419103	shard_2073_batch_3.tar	24576	94504	659676160	598244
10161	17014	AF-0000000208419035	shard_99_batch_2.tar	84681728	105536	318057984	772263
10161	17441	AF-0000000208419090	shard_1945_batch_3.tar	108509184	103874	1278188032	741938
10161	17565	AF-0000000208419034	shard_103_batch_2.tar	21718528	109294	458011136	809534
10161	17770	AF-0000000208419110	shard_1967_batch_3.tar	90300928	121844	1053069824	1067169
10161	17782	AF-0000000208419144	shard_1967_batch_3.tar	29353984	90611	1145599488	557439
10161	18098	AF-0000000208419128	shard_2075_batch_3.tar	74248192	68910	947303936	296600
10162	2070	AF-0000000203760036	shard_170_batch_0.tar	120259072	183937	1674954240	2378691
10162	10881	AF-0000000203760038	shard_162_batch_0.tar	89794560	167342	2184738816	1994713
10162	11052	AF-0000000203760092	shard_1994_batch_0.tar	75422208	207282	1291017728	3160074
10162	11625	AF-0000000203760011	shard_1388_batch_0.tar	53362176	208879	1711567360	3076385
10162	13106	AF-0000000203760081	shard_2058_batch_0.tar	53874176	212475	1297782784	3317407
10162	13655	AF-0000000203759983	shard_1196_batch_0.tar	188248064	240929	4218008064	4174859
10162	15018	AF-0000000203760067	shard_168_batch_0.tar	26691584	173805	1923848192	2276593
10162	16084	AF-0000000203760087	shard_1966_batch_0.tar	80830976	177388	666975744	2265580
10162	16101	AF-0000000203759982	shard_1402_batch_0.tar	152907776	231944	2555448320	3847359
10162	16112	AF-0000000203759984	shard_1394_batch_0.tar	77755392	218705	1071794176	3560861
10162	16114	AF-0000000203759985	shard_1382_batch_0.tar	153027072	205165	1463461376	3135325
10162	17731	AF-0000000203760013	shard_1214_batch_0.tar	51614208	299768	2544424960	6766839
10162	17902	AF-0000000203760078	shard_2026_batch_0.tar	100275712	175722	641660928	2265832
10162	18457	AF-0000000203760050	shard_1376_batch_0.tar	76985344	196889	864322048	2789719
10167	15731	AF-0000000208726615	shard_77_batch_4.tar	23082496	88444	577209344	526842
10167	16771	AF-0000000208726618	shard_77_batch_4.tar	3988992	85884	731424768	519675
10167	19243	AF-0000000208726624	shard_85_batch_4.tar	41828352	92138	784416256	614099
10169	10694	AF-0000000208423486	shard_2071_batch_3.tar	59572736	132815	1114869248	1323239
10170	10644	AF-0000000208491218	shard_2019_batch_3.tar	39779328	101279	1307992576	754176
10170	14344	AF-0000000208491221	shard_1897_batch_3.tar	59334656	55892	1264741376	212244
10170	15968	AF-0000000208491206	shard_25_batch_3.tar	18329088	55379	249342976	202198
10171	12186	AF-0000000208369690	shard_119_batch_2.tar	6134272	119930	369271296	1026798
10171	15166	AF-0000000208369704	shard_161_batch_2.tar	81064960	163357	395276800	2010669
10172	11148	AF-0000000208270120	shard_1217_batch_1.tar	300015616	321256	4656761856	7262474
10172	15366	AF-0000000208270093	shard_1213_batch_1.tar	69977600	284121	5000037376	5632995
10173	10352	AF-0000000208623488	shard_2059_batch_4.tar	79300608	222238	1094704128	3425121
10173	10383	AF-0000000208623492	shard_1909_batch_4.tar	59700736	297199	1222924288	6057221
10173	12327	AF-0000000208623466	shard_1391_batch_2.tar	9043456	208298	493793280	3020729
10173	14200	AF-0000000208623505	shard_2017_batch_4.tar	112692224	219516	664796672	3382481
10173	16273	AF-0000000208623476	shard_1207_batch_2.tar	90334720	270118	2672947712	4701251
10177	10274	AF-0000000203947156	shard_2040_batch_0.tar	115092992	291362	1548664320	6249136
10178	1947	AF-0000000209487576	shard_1920_batch_0.tar	43245056	126637	1303308288	1237098
10183	10937	AF-0000000208366927	shard_141_batch_2.tar	42013696	135788	1357248512	1440284
10183	15192	AF-0000000208366935	shard_107_batch_2.tar	25101824	111176	349301248	836491
10186	10510	AF-0000000208600570	shard_1201_batch_2.tar	74700800	248186	2342651904	4783539
10186	10579	AF-0000000208600530	shard_141_batch_4.tar	45298688	138167	1513658880	1439607
10186	11254	AF-0000000208600612	shard_149_batch_4.tar	142831616	147833	343426560	1633909
10186	11337	AF-0000000208600600	shard_1355_batch_2.tar	140712448	171256	348192768	2234487
10186	18191	AF-0000000208600523	shard_157_batch_4.tar	115912704	153234	1500950016	1845909
10186	18330	AF-0000000208600537	shard_1915_batch_4.tar	73204224	125022	550134784	1201002
10186	18355	AF-0000000208600609	shard_1369_batch_2.tar	82200576	184763	1442043392	2574624
10186	19067	AF-0000000208600529	shard_129_batch_4.tar	125227520	125947	893474816	1218633
10186	19169	AF-0000000208600567	shard_1369_batch_2.tar	1508352	186850	831652352	2612070
10190	7975	AF-0000000204586625	shard_2002_batch_0.tar	17216000	80255	1446660608	400740
10190	8950	AF-0000000204586586	shard_58_batch_0.tar	74750464	79878	320798208	421714
10190	11900	AF-0000000204586607	shard_1976_batch_0.tar	52743168	153021	461024768	1496872
10190	12322	AF-0000000204586598	shard_150_batch_0.tar	66739200	153103	745472512	1673162
10190	13769	AF-0000000204586435	shard_1950_batch_0.tar	48530432	124805	1592008192	1069563
10190	14325	AF-0000000204586568	shard_70_batch_0.tar	72985600	87680	468003840	497765
10190	14642	AF-0000000211136744	shard_1974_batch_0.tar	124319232	114720	1727162368	941317
10190	15181	AF-0000000204586567	shard_22_batch_0.tar	28535808	55481	183859712	195084
10190	16463	AF-0000000204586417	shard_1940_batch_0.tar	96296960	143975	1695770112	1508942
10190	17628	AF-0000000204586643	shard_2028_batch_0.tar	28104192	152262	1016522752	1649107
10191	10266	AF-0000000208658979	shard_2051_batch_4.tar	58236928	111256	567887360	880996
10191	10325	AF-0000000208658971	shard_2001_batch_4.tar	83896320	55030	1072590336	195639
10191	12360	AF-0000000208659070	shard_113_batch_4.tar	10704896	113138	1058376704	975135
10191	14324	AF-0000000208658967	shard_1933_batch_4.tar	71197184	54291	1144050176	190749
10191	17808	AF-0000000208658970	shard_1999_batch_4.tar	103197696	54419	905498624	190718
10191	17809	AF-0000000208658969	shard_2025_batch_4.tar	15858176	55053	617017856	203881
10191	19254	AF-0000000208658984	shard_2083_batch_4.tar	98216448	65394	1388888576	301463
10192	12178	AF-0000000208578456	shard_2035_batch_3.tar	40187904	101675	555268608	770895
10192	13355	AF-0000000208578458	shard_2017_batch_3.tar	37165568	101228	949225472	778445
10192	15081	AF-0000000211136747	shard_1909_batch_3.tar	64118272	98384	616507392	713141
10192	17627	AF-0000000208578457	shard_1963_batch_3.tar	62770176	100463	660820480	755958
10193	10613	AF-0000000208536055	shard_89_batch_3.tar	55755776	92773	629897216	629558
10193	10901	AF-0000000208536174	shard_2059_batch_3.tar	95811072	94676	821372928	678441
10193	14817	AF-0000000208536068	shard_1199_batch_2.tar	47062528	240769	587048960	4632131
10194	6409	AF-0000000208559858	shard_2017_batch_3.tar	58642944	89995	522614272	538917
10194	9782	AF-0000000208560090	shard_75_batch_3.tar	57803264	88298	449131008	533688
10194	10544	AF-0000000208559776	shard_2059_batch_3.tar	67386880	74115	939448320	349825
10194	10681	AF-0000000208560037	shard_35_batch_3.tar	24508416	63525	189679616	259349
10194	12322	AF-0000000208560053	shard_2043_batch_3.tar	41533440	147131	575702016	1568520
10194	14061	AF-0000000208559825	shard_1977_batch_3.tar	39677440	53866	450709504	165996
10194	14412	AF-0000000208559928	shard_17_batch_3.tar	7362048	53181	153093632	165829
10194	14790	AF-0000000208559917	shard_25_batch_3.tar	53146624	58308	209781248	198273
10194	14856	AF-0000000208559931	shard_61_batch_3.tar	17848320	80629	402686464	439487
10194	15636	AF-0000000208560129	shard_83_batch_3.tar	20929536	93997	560236544	608912
10194	16184	AF-0000000208560004	shard_1929_batch_3.tar	9752064	100556	220211200	718690
10194	17884	AF-0000000208560130	shard_25_batch_3.tar	47179264	58335	228057088	199683
10194	19026	AF-0000000208559989	shard_1945_batch_3.tar	8480256	58863	234054656	218388
10196	10701	AF-0000000208730610	shard_131_batch_4.tar	32945664	131516	426805248	1287954
10196	10833	AF-0000000208730704	shard_2003_batch_4.tar	6516736	117617	426626048	1023039
10196	10994	AF-0000000208730714	shard_2067_batch_4.tar	86312448	131393	466629632	1282931
10196	12538	AF-0000000208730700	shard_2025_batch_4.tar	17360896	94204	1315458048	600893
10196	14671	AF-0000000211136754	shard_2015_batch_4.tar	70831616	170475	1192463360	2079308
10196	15192	AF-0000000208730636	shard_137_batch_4.tar	97502720	140255	395695104	1315375
10196	17454	AF-0000000208730606	shard_75_batch_4.tar	52589568	87502	604657152	569921
10198	14785	AF-0000000208641410	shard_2063_batch_4.tar	23122432	106303	877317120	830516
10199	8923	AF-0000000208452567	shard_1899_batch_3.tar	1152000	220693	1266216960	3686077
10199	10515	AF-0000000208452566	shard_1989_batch_3.tar	32940544	181569	627608064	2440090
10199	16885	AF-0000000208452565	shard_1985_batch_3.tar	48290816	182248	619502592	2492063
10200	1947	AF-0000000208443811	shard_1995_batch_3.tar	37326336	153780	644637184	1749029
10201	10437	AF-0000000208690286	shard_1921_batch_4.tar	107415552	45875	1427707392	131104
10201	14420	AF-0000000208690166	shard_39_batch_4.tar	25752064	65717	382827008	275467
10201	14632	AF-0000000208690317	shard_1929_batch_4.tar	61267968	54987	1340091392	196497
10201	15873	AF-0000000208690257	shard_2081_batch_4.tar	15895040	89344	885873152	554055
10201	17112	AF-0000000208690249	shard_1923_batch_4.tar	43351040	66064	893238784	283046
10201	17483	AF-0000000208690240	shard_1929_batch_4.tar	53804544	70526	1029436928	329647
10201	18091	AF-0000000208690231	shard_1983_batch_4.tar	96886272	100439	1157414400	683792
10202	3871	AF-0000000208705819	shard_125_batch_4.tar	14679552	123008	1017527808	1142316
10202	9767	AF-0000000208705974	shard_149_batch_4.tar	139089408	147588	340276224	1552179
10202	10225	AF-0000000208705764	shard_91_batch_4.tar	35508224	100026	619179008	722044
10202	10673	AF-0000000208705721	shard_1961_batch_4.tar	115155456	181493	721701376	2462519
10202	10975	AF-0000000208705931	shard_65_batch_4.tar	69627904	82454	338246656	467251
10202	11011	AF-0000000208705614	shard_117_batch_4.tar	70491648	117874	342986240	998369
10202	11254	AF-0000000208705952	shard_105_batch_4.tar	46833664	110565	387950592	897997
10202	11388	AF-0000000208705760	shard_69_batch_4.tar	42015232	85115	507463680	512692
10202	11481	AF-0000000208705796	shard_95_batch_4.tar	55111680	103034	879023104	762873
10202	11755	AF-0000000208705866	shard_1969_batch_4.tar	53684224	77247	1317527040	406473
10202	11871	AF-0000000208705892	shard_2025_batch_4.tar	16563200	146990	883590144	1580520
10202	12064	AF-0000000208705620	shard_113_batch_4.tar	53510656	113097	693653504	989567
10202	12283	AF-0000000208705945	shard_1943_batch_4.tar	65540096	145976	504219136	1562576
10202	12556	AF-0000000208705737	shard_167_batch_4.tar	34108928	172975	2321903616	2115622
10202	12590	AF-0000000208705843	shard_1995_batch_4.tar	68409856	90323	483653120	600446
10202	13034	AF-0000000208705746	shard_1921_batch_4.tar	38540288	119761	320977408	1080007
10202	13106	AF-0000000208705918	shard_2049_batch_4.tar	113236480	132317	359812096	1315361
10202	13822	AF-0000000208705740	shard_1967_batch_4.tar	109731328	83547	887927808	499059
10202	13841	AF-0000000208705720	shard_1933_batch_4.tar	69770752	109085	649901056	878263
10202	14468	AF-0000000211136763	shard_153_batch_4.tar	133879296	154170	1223452672	1852194
10202	15378	AF-0000000208705756	shard_153_batch_4.tar	90095616	152134	1917480960	1812530
10202	15801	AF-0000000208705767	shard_67_batch_4.tar	61633024	85332	513231360	490993
10202	16184	AF-0000000208705845	shard_129_batch_4.tar	124928	128473	902953984	1240831
10202	16296	AF-0000000208705839	shard_81_batch_4.tar	59419648	93069	220249088	614565
10202	16365	AF-0000000208705710	shard_2015_batch_4.tar	81332736	149032	992880128	1641320
10202	16768	AF-0000000208705662	shard_2019_batch_4.tar	18350592	281246	1139388416	6192741
10202	17669	AF-0000000208705975	shard_73_batch_4.tar	53095936	88440	348531712	548296
10202	18008	AF-0000000208705969	shard_73_batch_4.tar	74641920	88402	274286080	549179
10202	18234	AF-0000000208705856	shard_1929_batch_4.tar	36337664	112690	559094784	971247
10202	18723	AF-0000000208705609	shard_111_batch_4.tar	53753344	113556	241744384	982885
10202	18858	AF-0000000208705973	shard_83_batch_4.tar	75141120	94013	385759232	648530
10202	19074	AF-0000000208705935	shard_73_batch_4.tar	85623296	85724	414648832	548507
10207	11876	AF-0000000203696974	shard_1380_batch_0.tar	153068032	198628	1852710912	3014659
10207	15065	AF-0000000203696975	shard_1380_batch_0.tar	6268928	197159	1946686464	3009298
10207	15410	AF-0000000203696977	shard_1380_batch_0.tar	145789952	198726	2253737472	3022270
10207	15678	AF-0000000203696973	shard_1380_batch_0.tar	122370560	198355	2017601536	2969309
10207	16271	AF-0000000203696976	shard_1382_batch_0.tar	192707584	200179	2172595200	3086362
10208	463	AF-0000000208433112	shard_1991_batch_3.tar	45207552	70291	1228768768	335960
10208	13967	AF-0000000208433078	shard_53_batch_3.tar	46627328	74525	193499136	361012
10208	15908	AF-0000000208433091	shard_65_batch_3.tar	3382272	80517	355757568	449661
10208	16610	AF-0000000208433076	shard_51_batch_3.tar	26316288	73711	325454336	346923
10208	16696	AF-0000000208433077	shard_51_batch_3.tar	14946304	73643	170500096	347037
10208	17660	AF-0000000208433123	shard_1903_batch_3.tar	34219008	208806	676236800	3208279
10208	18718	AF-0000000208433085	shard_25_batch_2.tar	40189440	56412	256419328	210393
10209	1947	AF-0000000204112563	shard_2032_batch_0.tar	28170752	120177	380436480	1114370
10209	10222	AF-0000000211136767	shard_1996_batch_0.tar	25872896	124187	1730231296	1127997
10209	11531	AF-0000000204112560	shard_2008_batch_0.tar	85052928	124073	283770368	1157502
10209	11898	AF-0000000204112559	shard_2048_batch_0.tar	100718592	126850	914620416	1203036
10209	17819	AF-0000000204112558	shard_2026_batch_0.tar	119521280	127499	866680320	1212379
10212	9629	AF-0000000208313543	shard_1897_batch_2.tar	37305344	89538	1060025856	580936
10212	13056	AF-0000000208313528	shard_1987_batch_2.tar	30854656	87061	671066624	541140
10212	17309	AF-0000000208313523	shard_1895_batch_2.tar	75874816	88874	1004767232	551545
10214	14495	AF-0000000208341068	shard_105_batch_2.tar	104458752	111976	1021570048	879399
10215	18881	AF-0000000208441976	shard_1941_batch_3.tar	12062208	84527	375216640	467310
10217	14133	AF-0000000204128512	shard_2068_batch_0.tar	35170816	103385	1399322624	741697
10217	15942	AF-0000000204128493	shard_2002_batch_0.tar	3968512	78308	909978624	434055
10218	15025	AF-0000000208588231	shard_1937_batch_3.tar	94098432	252228	507661824	4695523
10221	18367	AF-0000000208421014	shard_93_batch_2.tar	46983680	102331	350858240	657781
10222	11325	AF-0000000211136779	shard_144_batch_0.tar	86003200	141323	1479632896	1512717
10222	12311	AF-0000000211136790	shard_2014_batch_0.tar	15959040	122320	1015331840	1035934
10222	12477	AF-0000000211136792	shard_116_batch_0.tar	78916096	121222	641097728	1007624
10222	12617	AF-0000000211136793	shard_2042_batch_0.tar	12291072	137783	499035648	1404493
10222	13865	AF-0000000211136797	shard_106_batch_0.tar	19170816	112341	483439616	900138
10222	13866	AF-0000000211136798	shard_114_batch_0.tar	51659264	118604	970548224	996390
10222	14067	AF-0000000211136799	shard_2080_batch_0.tar	96501760	162419	476800512	1950438
10222	14640	AF-0000000211136801	shard_148_batch_0.tar	103610880	149370	1000467456	1608213
10222	14746	AF-0000000211136803	shard_120_batch_0.tar	91856384	122110	1280377856	1054421
10222	18227	AF-0000000211136825	shard_114_batch_0.tar	64361472	117625	323753984	1003417
10225	12598	AF-0000000208477349	shard_65_batch_3.tar	49427456	81877	290009088	465295
10225	12643	AF-0000000208477563	shard_95_batch_3.tar	19458560	103113	432065024	765982
10225	13664	AF-0000000208477416	shard_2049_batch_3.tar	58966016	93303	910232064	598493
10225	15066	AF-0000000208477623	shard_1917_batch_3.tar	68702208	70489	263698432	347743
10225	15540	AF-0000000208477340	shard_31_batch_3.tar	9009152	59845	138080768	240854
10225	15907	AF-0000000208477543	shard_47_batch_3.tar	55154688	71565	410615296	349904
10225	17601	AF-0000000208477401	shard_1983_batch_3.tar	45204992	53870	434608640	188367
10225	19289	AF-0000000208477284	shard_2001_batch_3.tar	88231936	83057	1160617984	490345
10228	14300	AF-0000000208457729	shard_89_batch_3.tar	77317120	94141	804721152	658545
10228	14771	AF-0000000208457764	shard_2067_batch_3.tar	28265984	117637	569680384	1008406
10228	14905	AF-0000000208457739	shard_2013_batch_3.tar	6052864	160608	537545216	1937945
10228	16125	AF-0000000208457741	shard_1979_batch_3.tar	88659456	152514	864420864	1714946
10228	16884	AF-0000000208457817	shard_2023_batch_3.tar	77335040	121443	1049600512	1134778
10228	19127	AF-0000000208457831	shard_1931_batch_3.tar	99563008	85216	809806848	530130
10233	13194	AF-0000000208589376	shard_161_batch_3.tar	25827840	164558	1150746624	1991823
10234	12283	AF-0000000208733783	shard_2069_batch_4.tar	37177856	114258	626150912	947875
10234	16805	AF-0000000208733781	shard_93_batch_4.tar	66904576	97352	566883328	658229
10235	12287	AF-0000000208285204	shard_67_batch_2.tar	52457984	80489	414174208	474305
10236	14806	AF-0000000208431913	shard_2071_batch_3.tar	3885056	151719	240936960	1629549
10237	10373	AF-0000000208777473	shard_1377_batch_2.tar	75316736	195405	578570240	2879366
10237	14686	AF-0000000208777455	shard_2003_batch_4.tar	7636992	197794	1308698112	2681236
10237	14806	AF-0000000208777427	shard_2047_batch_4.tar	27469824	228113	328345600	3669206
10237	15507	AF-0000000208777425	shard_1969_batch_4.tar	3168768	173768	1326151168	2150309
10237	16463	AF-0000000208777430	shard_2031_batch_4.tar	86632448	208297	705183744	3219755
10237	17699	AF-0000000208777426	shard_1981_batch_4.tar	98675712	229449	1140736512	3707242
10238	13222	AF-0000000208633777	shard_1937_batch_4.tar	68746240	180020	535951872	2381445
10239	11930	AF-0000000208758090	shard_115_batch_4.tar	47816704	113572	354068480	969490
10239	11937	AF-0000000208758119	shard_2069_batch_4.tar	102241280	123181	1180970496	1087608
10239	12867	AF-0000000208758146	shard_1899_batch_4.tar	3675648	214951	484532224	3513045
10239	15686	AF-0000000208758118	shard_1909_batch_4.tar	86898176	143412	881005568	1426540
10242	3257	AF-0000000208760944	shard_1893_batch_4.tar	19437568	238154	707279360	4374550
10242	6274	AF-0000000208760953	shard_2015_batch_4.tar	42193920	128947	635001856	1238271
10242	8375	AF-0000000208760951	shard_2083_batch_4.tar	95259648	209331	314583552	3475146
10242	10257	AF-0000000208760925	shard_1929_batch_4.tar	10326528	165466	745595904	2131768
10242	10359	AF-0000000211136849	shard_165_batch_4.tar	26865152	170099	2135818240	2130566
10242	10422	AF-0000000208760926	shard_2001_batch_4.tar	35146752	199607	452938240	2884716
10242	10582	AF-0000000208760932	shard_2055_batch_4.tar	36102656	209018	288052224	3453256
10242	10644	AF-0000000208760971	shard_2055_batch_4.tar	63692800	174621	1065994240	2362992
10242	10712	AF-0000000208760965	shard_1983_batch_4.tar	74617344	157852	650022400	1855325
10242	10715	AF-0000000208760933	shard_2003_batch_4.tar	35173888	166500	1040855040	2092262
10242	10716	AF-0000000208760954	shard_1979_batch_4.tar	64801792	171828	266915840	2257447
10242	10861	AF-0000000208760955	shard_1943_batch_4.tar	20337664	147192	1145002496	1597147
10242	10937	AF-0000000208760901	shard_1393_batch_2.tar	13886976	211263	1796221952	3570114
10242	11049	AF-0000000208760921	shard_2029_batch_4.tar	8540672	166134	1065172480	2084887
10242	11161	AF-0000000208760930	shard_2015_batch_4.tar	7088640	240816	1392671744	4188568
10242	11417	AF-0000000208760977	shard_2041_batch_4.tar	96176128	166224	1132128768	2072387
10242	11876	AF-0000000208760877	shard_1389_batch_2.tar	66224640	209518	1576677376	3425413
10242	12050	AF-0000000208760908	shard_159_batch_4.tar	120041472	159549	1406439936	1949299
10242	12155	AF-0000000208760945	shard_1925_batch_4.tar	51879936	156967	657316864	1890490
10242	12177	AF-0000000208760937	shard_1945_batch_4.tar	5498880	147152	895130624	1642543
10242	12918	AF-0000000208760956	shard_2019_batch_4.tar	58331648	137102	716038656	1394700
10242	12957	AF-0000000208760918	shard_1203_batch_2.tar	101209088	250835	1831342080	4449213
10242	13125	AF-0000000208760961	shard_2081_batch_4.tar	81621504	157396	910098432	1914257
10242	13412	AF-0000000208760888	shard_153_batch_4.tar	1081344	152170	1772038656	1743424
10242	13869	AF-0000000208760914	shard_1361_batch_2.tar	20185600	178132	1279098368	2469737
10242	13913	AF-0000000208760966	shard_1993_batch_4.tar	104729600	181255	1174109184	2443568
10242	14178	AF-0000000208760923	shard_2085_batch_4.tar	12757504	152652	154379264	1791359
10242	14234	AF-0000000208760896	shard_155_batch_4.tar	134333952	155574	1219899904	1874191
10242	14376	AF-0000000208760973	shard_2071_batch_4.tar	73780736	171811	1303047680	2229157
10242	14532	AF-0000000208760964	shard_2049_batch_4.tar	109241344	146253	696709632	1660206
10242	14669	AF-0000000208760910	shard_167_batch_4.tar	140614144	172292	1781317120	2324133
10242	14738	AF-0000000208760936	shard_1899_batch_4.tar	44792320	173947	1299610112	2382260
10242	14785	AF-0000000208760958	shard_1971_batch_4.tar	4595712	165458	378464768	2109684
10242	14789	AF-0000000208760934	shard_1957_batch_4.tar	99432960	211196	1318076416	3474745
10242	15065	AF-0000000208760878	shard_1389_batch_2.tar	32153088	208047	714519040	3400965
10242	15318	AF-0000000208760942	shard_1979_batch_4.tar	67267072	140797	1148754432	1506145
10242	15410	AF-0000000208760880	shard_1391_batch_2.tar	36243968	209648	236088320	3429673
10242	15424	AF-0000000208760911	shard_155_batch_4.tar	104092672	153586	1170118144	1822236
10242	15621	AF-0000000208760897	shard_1383_batch_2.tar	38316544	200616	726158848	3038638
10242	15678	AF-0000000208760876	shard_1389_batch_2.tar	103410688	209143	1670029312	3379341
10242	15786	AF-0000000208760886	shard_163_batch_4.tar	23565312	164668	932443648	2024538
10242	15945	AF-0000000208760903	shard_155_batch_4.tar	152590336	155169	1406350848	1850966
10242	15947	AF-0000000208760939	shard_1897_batch_4.tar	76488704	245951	1394813440	4691055
10242	16271	AF-0000000208760879	shard_1391_batch_2.tar	88352768	210824	328657920	3489014
10242	16449	AF-0000000208760947	shard_1925_batch_4.tar	48998400	175575	692271616	2455235
10242	16560	AF-0000000208760972	shard_1955_batch_4.tar	108861952	197067	730329600	3014468
10242	17225	AF-0000000208760960	shard_1895_batch_4.tar	34114560	180526	559338496	2502660
10242	17495	AF-0000000208760882	shard_1391_batch_2.tar	104819712	213415	1605435904	3377404
10242	17704	AF-0000000208760900	shard_167_batch_4.tar	8140800	171530	2062542336	2228521
10242	17957	AF-0000000208760904	shard_163_batch_4.tar	59811328	164449	1889835008	2114025
10242	18940	AF-0000000208760884	shard_1355_batch_2.tar	148997632	175596	343715840	2232453
10242	18975	AF-0000000208760912	shard_1197_batch_2.tar	17815552	236686	2043965440	4348689
10242	19266	AF-0000000208760898	shard_1379_batch_2.tar	57181184	198440	818502144	3023065
10243	12130	AF-0000000208722937	shard_1933_batch_4.tar	67621888	109226	1138716160	829231
10243	16308	AF-0000000208722928	shard_1933_batch_4.tar	86606848	108917	768751104	829532
10243	16447	AF-0000000208722934	shard_1945_batch_4.tar	69163520	110831	702670336	874663
10244	3257	AF-0000000208536248	shard_1399_batch_1.tar	125197312	223970	881353728	3825199
10244	8375	AF-0000000208536254	shard_1379_batch_1.tar	86243840	194790	1835339264	3000757
10244	10257	AF-0000000208536229	shard_153_batch_3.tar	74465280	150867	1067074048	1760367
10244	10422	AF-0000000208536230	shard_1369_batch_1.tar	69327360	184900	882691584	2442232
10244	10582	AF-0000000208536236	shard_1379_batch_1.tar	122001920	194337	1106027520	2989829
10244	10861	AF-0000000208536258	shard_135_batch_3.tar	8617984	133013	375751680	1281555
10244	11876	AF-0000000208536184	shard_1897_batch_3.tar	2998272	195479	689835520	2965321
10244	12050	AF-0000000208536212	shard_147_batch_3.tar	59420160	145321	720302592	1596517
10244	12177	AF-0000000208536241	shard_135_batch_3.tar	83105792	133141	594879488	1339089
10244	13081	AF-0000000208536277	shard_1369_batch_1.tar	168006144	189027	1765890048	2543853
10244	13913	AF-0000000208536268	shard_163_batch_3.tar	79229440	167190	1583602688	2087795
10244	14178	AF-0000000208536227	shard_141_batch_3.tar	11949568	138773	689138688	1455602
10244	14234	AF-0000000208536200	shard_2061_batch_3.tar	111236096	141506	287560192	1542547
10244	14376	AF-0000000208536275	shard_157_batch_3.tar	15412224	157511	826064384	1861568
10244	14669	AF-0000000208536214	shard_157_batch_3.tar	16209920	158109	570396672	1949952
10244	14738	AF-0000000208536240	shard_159_batch_3.tar	127068672	159424	365525504	1979123
10244	15065	AF-0000000208536185	shard_1963_batch_3.tar	101966336	193744	298437632	2930620
10244	15410	AF-0000000208536187	shard_1937_batch_3.tar	43707392	195551	698604032	2985014
10244	15424	AF-0000000208536215	shard_143_batch_3.tar	19546112	139666	413046272	1489766
10244	15678	AF-0000000208536183	shard_1983_batch_3.tar	69287424	195454	732639232	2908743
10244	15947	AF-0000000208536243	shard_1403_batch_1.tar	110849024	231313	514722304	4133989
10244	16271	AF-0000000208536186	shard_1923_batch_3.tar	75591168	197166	1096744448	3038742
10244	16449	AF-0000000208536250	shard_161_batch_3.tar	11512320	161541	917799936	2049825
10244	17225	AF-0000000208536262	shard_1347_batch_1.tar	127410176	165869	1326259712	2114254
10244	17495	AF-0000000208536189	shard_1935_batch_3.tar	81851392	198546	1116163584	2923639
10244	17704	AF-0000000208536204	shard_1893_batch_3.tar	104844288	157364	807211008	1859548
10244	17790	AF-0000000208536191	shard_167_batch_3.tar	141748736	169454	2479638016	2134279
10244	17957	AF-0000000208536208	shard_2015_batch_3.tar	25096704	150155	780352000	1746900
10244	18975	AF-0000000208536216	shard_1399_batch_1.tar	62014976	222694	2320985600	3800181
10245	10272	AF-0000000208574520	shard_45_batch_3.tar	34143232	67610	414585856	328518
10245	14061	AF-0000000208574500	shard_1_batch_3.tar	6450688	35485	65138176	69922
10245	18308	AF-0000000208574495	shard_7_batch_3.tar	347136	42771	98513920	104145
10245	19204	AF-0000000208574548	shard_7_batch_3.tar	3210240	42639	190755328	104977
10246	3257	AF-0000000208292322	shard_1197_batch_1.tar	6042624	237375	2393903616	4365440
10246	6274	AF-0000000208292330	shard_1999_batch_2.tar	104034816	128465	1361312768	1221041
10246	8375	AF-0000000208292328	shard_1985_batch_2.tar	76836352	208861	1007631872	3446814
10246	10257	AF-0000000208292303	shard_1907_batch_2.tar	24531968	164424	1154844672	2110305
10246	10359	AF-0000000211136852	shard_2077_batch_2.tar	107093504	169266	553850368	2110170
10246	10422	AF-0000000208292304	shard_1983_batch_2.tar	55819264	198896	299278848	2854782
10246	10582	AF-0000000208292310	shard_1969_batch_2.tar	30238720	207954	852916224	3428507
10246	10644	AF-0000000208292347	shard_1355_batch_1.tar	34084864	174073	1791002112	2342181
10246	10712	AF-0000000208292341	shard_157_batch_2.tar	74074624	156979	1782673920	1848127
10246	10716	AF-0000000208292331	shard_2045_batch_2.tar	14874112	171020	423077888	2238970
10246	10785	AF-0000000208292284	shard_2065_batch_2.tar	82662400	246876	911796736	4323539
10246	10861	AF-0000000208292332	shard_1913_batch_2.tar	56772608	146385	1188145664	1584390
10246	10937	AF-0000000208292279	shard_2051_batch_2.tar	73990144	210354	768094208	3533660
10246	11049	AF-0000000208292299	shard_1979_batch_2.tar	66201088	165057	234706944	2033756
10246	11417	AF-0000000208292353	shard_161_batch_2.tar	117435904	165144	2202275840	2057701
10246	11876	AF-0000000208292258	shard_1993_batch_2.tar	23092224	208658	1362852352	3413270
10246	12050	AF-0000000208292286	shard_1951_batch_2.tar	78014976	159035	1318295040	1939440
10246	12177	AF-0000000208292315	shard_1955_batch_2.tar	12698624	146145	1149936128	1630224
10246	12957	AF-0000000208292296	shard_1919_batch_2.tar	37481472	250091	1080336384	4417234
10246	13125	AF-0000000208292337	shard_2015_batch_2.tar	23524864	156326	541212672	1900646
10246	13362	AF-0000000208292343	shard_137_batch_2.tar	73906688	135024	1276818944	1392046
10246	13412	AF-0000000208292266	shard_2077_batch_2.tar	76740096	151837	465030656	1736817
10246	13869	AF-0000000208292292	shard_1943_batch_2.tar	38649344	177247	301801472	2448980
10246	13913	AF-0000000208292342	shard_1361_batch_1.tar	153807360	180582	2449707520	2409862
10246	14178	AF-0000000208292301	shard_2013_batch_2.tar	115848704	152338	611808256	1795784
10246	14234	AF-0000000208292274	shard_1937_batch_2.tar	45025792	154785	1215610368	1859081
10246	14376	AF-0000000208292349	shard_167_batch_2.tar	170679808	170611	582751744	2212551
10246	14532	AF-0000000208292340	shard_147_batch_2.tar	93839360	145514	809368064	1641449
10246	14669	AF-0000000208292288	shard_2083_batch_2.tar	430592	171796	634330624	2301755
10246	14785	AF-0000000208292334	shard_1915_batch_2.tar	91914752	164947	614716928	2072545
10246	14789	AF-0000000208292312	shard_1927_batch_2.tar	25570304	210348	722362880	3492105
10246	15065	AF-0000000208292259	shard_1979_batch_2.tar	87919104	207188	848760320	3353439
10246	15318	AF-0000000208292320	shard_141_batch_2.tar	87413760	140230	1476781568	1460304
10246	15410	AF-0000000208292261	shard_1997_batch_2.tar	90400768	209204	280997888	3400998
10246	15424	AF-0000000208292289	shard_2043_batch_2.tar	4414464	152931	1168709120	1803968
10246	15621	AF-0000000208292275	shard_1965_batch_2.tar	99800576	199990	311469568	3031868
10246	15678	AF-0000000208292257	shard_1949_batch_2.tar	31759872	208817	917752320	3357357
10246	15945	AF-0000000208292281	shard_2057_batch_2.tar	111211520	154120	650351104	1842918
10246	15947	AF-0000000208292317	shard_1201_batch_1.tar	22082048	245097	4847205376	4667178
10246	16271	AF-0000000208292260	shard_2039_batch_2.tar	35564544	210101	359649792	3468290
10246	16560	AF-0000000208292348	shard_1377_batch_1.tar	46956544	196002	775665152	2999141
10246	17225	AF-0000000208292336	shard_1923_batch_2.tar	84675584	179907	1275061248	2492706
10246	17495	AF-0000000208292263	shard_2063_batch_2.tar	95497216	212951	255755264	3348930
10246	17699	AF-0000000208292268	shard_2037_batch_2.tar	115736064	227245	341729792	3911936
10246	17704	AF-0000000208292278	shard_2015_batch_2.tar	99153920	170842	537891328	2215497
10246	17957	AF-0000000208292282	shard_2005_batch_2.tar	82401792	163372	1208016384	2096200
10246	18975	AF-0000000208292290	shard_1897_batch_2.tar	12050432	235803	1045409792	4318647
10246	19266	AF-0000000208292276	shard_1897_batch_2.tar	105960448	197523	501593088	3051227
10257	4503	AF-0000000208424809	shard_67_batch_3.tar	62806016	83594	245553152	480144
10257	6358	AF-0000000208424787	shard_77_batch_3.tar	34399744	89211	641479680	555667
10257	8375	AF-0000000208424824	shard_165_batch_3.tar	11051008	167450	1097153024	2200473
10257	9773	AF-0000000208424645	shard_71_batch_3.tar	61303296	85510	207881728	518768
10257	10582	AF-0000000208424746	shard_2077_batch_3.tar	6003712	167169	1088309760	2188561
10257	10681	AF-0000000208424840	shard_81_batch_2.tar	34525696	91357	659643904	589864
10257	10753	AF-0000000208424656	shard_101_batch_3.tar	14533120	104902	887254016	832765
10257	10937	AF-0000000208424651	shard_167_batch_3.tar	103698432	169148	905856512	2254835
10257	11043	AF-0000000208424744	shard_1967_batch_3.tar	98978304	88941	1275389952	564297
10257	11387	AF-0000000208424747	shard_1951_batch_3.tar	42667520	98412	423927808	730084
10257	11403	AF-0000000208424873	shard_2059_batch_3.tar	111500800	152951	1041031168	1841176
10257	11481	AF-0000000208424783	shard_95_batch_2.tar	14662656	102797	789941248	748771
10257	11817	AF-0000000208424741	shard_1923_batch_3.tar	80226816	164331	473472000	2107172
10257	11859	AF-0000000208424779	shard_77_batch_3.tar	44237312	89085	568697344	570098
10257	12794	AF-0000000208424773	shard_2043_batch_3.tar	17918464	83824	697955840	480079
10257	14075	AF-0000000208424670	shard_83_batch_2.tar	24963584	95019	430614528	624867
10257	14364	AF-0000000208424739	shard_1943_batch_3.tar	103343616	147194	414894592	1602507
10257	14530	AF-0000000208424915	shard_2063_batch_3.tar	111019008	81481	1110714368	476663
10257	14620	AF-0000000208424912	shard_2049_batch_3.tar	17682432	140125	1058872832	1490617
10257	14750	AF-0000000208424762	shard_73_batch_3.tar	28328960	86964	168083456	512752
10257	14982	AF-0000000208424796	shard_1347_batch_1.tar	113997312	167968	1965281280	2203940
10257	15029	AF-0000000208424920	shard_2009_batch_3.tar	58636800	131761	706734592	1302328
10257	15048	AF-0000000208424641	shard_163_batch_3.tar	83051520	163836	2270672896	2093200
10257	15065	AF-0000000208424589	shard_1347_batch_1.tar	65707008	166266	2080475648	2208820
10257	15410	AF-0000000208424591	shard_165_batch_3.tar	159203328	168333	1522658816	2238184
10257	15678	AF-0000000208424587	shard_1347_batch_1.tar	136928256	167260	1946349568	2185078
10257	16036	AF-0000000208424649	shard_81_batch_2.tar	84985344	92807	397049344	610760
10257	16173	AF-0000000208424726	shard_1991_batch_3.tar	2247168	97137	1042245632	673320
10257	16205	AF-0000000208424695	shard_1897_batch_3.tar	68387328	85907	749659648	519416
10257	16271	AF-0000000208424590	shard_167_batch_3.tar	82366464	169117	1442212864	2295792
10257	16431	AF-0000000208424684	shard_1901_batch_3.tar	91594752	104095	1094106624	791762
10257	16833	AF-0000000208424830	shard_73_batch_3.tar	63217152	86881	533905408	512940
10257	17653	AF-0000000208424653	shard_111_batch_3.tar	85261312	112334	981517312	912443
10257	17804	AF-0000000208424865	shard_163_batch_3.tar	151289344	164745	790092800	2101613
10257	17994	AF-0000000208424878	shard_1911_batch_3.tar	70684672	90241	1042936320	584702
10257	18192	AF-0000000208424831	shard_65_batch_3.tar	4123136	82397	472272896	466654
10257	18267	AF-0000000208424729	shard_2027_batch_3.tar	28833792	99150	291094528	677131
10257	18824	AF-0000000208424860	shard_163_batch_3.tar	130393088	163995	2070910976	2112658
10259	11930	AF-0000000208380768	shard_1383_batch_1.tar	162914304	207086	1402142720	2833996
10259	12369	AF-0000000208380755	shard_1389_batch_1.tar	205233664	214698	1063571456	3025134
10259	12660	AF-0000000208380796	shard_1971_batch_3.tar	9579520	155794	802199040	1527236
10259	15522	AF-0000000208380756	shard_1391_batch_1.tar	146377216	215158	803289088	3027201
10259	15527	AF-0000000208380760	shard_1391_batch_1.tar	149362176	217527	1497577984	3089242
10259	16433	AF-0000000208380763	shard_1383_batch_1.tar	96935936	208022	1279647744	2773807
10259	17031	AF-0000000208380836	shard_1923_batch_2.tar	118636544	259345	626924032	4376406
10259	18329	AF-0000000208380775	shard_1391_batch_1.tar	11150336	216859	1802366464	3137389
10264	10290	AF-0000000208641438	shard_1381_batch_2.tar	60968448	202125	1408542720	2929647
10264	10309	AF-0000000208641426	shard_1205_batch_2.tar	51397120	261267	1400877568	4728066
10264	11489	AF-0000000208641423	shard_137_batch_4.tar	68728320	135984	1342057984	1333046
10264	12076	AF-0000000208641434	shard_1199_batch_2.tar	43399168	246775	551589888	4358106
10264	12635	AF-0000000208641440	shard_147_batch_4.tar	102565376	146892	1696997376	1527001
10264	13022	AF-0000000208641433	shard_1375_batch_2.tar	20839424	195361	1490928128	2712396
10264	13796	AF-0000000208641420	shard_2011_batch_4.tar	36719616	135879	1141594624	1339127
10264	14288	AF-0000000208641442	shard_1213_batch_2.tar	21144064	293671	1844627456	6225698
10264	14479	AF-0000000208641444	shard_1381_batch_2.tar	3417088	196961	583983104	2877985
10264	15452	AF-0000000208641422	shard_137_batch_4.tar	128347648	136321	480659968	1347359
10264	17197	AF-0000000208641421	shard_137_batch_4.tar	34069504	136206	1117176320	1332661
10265	14429	AF-0000000208787737	shard_1377_batch_2.tar	5727232	192753	303190528	2642021
10266	13538	AF-0000000203858568	shard_1928_batch_0.tar	113336832	140588	941076992	1432341
10266	15235	AF-0000000203858573	shard_2000_batch_0.tar	73940992	143742	1766963200	1512063
10268	11023	AF-0000000208770313	shard_1393_batch_2.tar	26630656	213179	1191630336	3222661
10268	11415	AF-0000000208770289	shard_163_batch_4.tar	113679360	166618	1689288192	1948701
10268	11625	AF-0000000208770290	shard_1389_batch_2.tar	86747136	208069	340663296	3016245
10268	11824	AF-0000000208770300	shard_1393_batch_2.tar	38116352	217392	1249489920	3327642
10268	15198	AF-0000000208770297	shard_1211_batch_2.tar	85860352	277350	2054289920	5306241
10269	12184	AF-0000000208563379	shard_2029_batch_3.tar	53978112	160658	1110090240	2042089
10270	10785	AF-0000000208698487	shard_1993_batch_4.tar	62784000	209976	746660352	2939518
10270	11161	AF-0000000208698489	shard_2029_batch_4.tar	35708416	203539	459566592	2809298
10270	12957	AF-0000000208698488	shard_2051_batch_4.tar	39719936	213243	348393984	3028031
10271	13284	AF-0000000208565278	shard_1403_batch_2.tar	85719552	227338	1986549760	3900741
10271	14506	AF-0000000208565286	shard_1199_batch_2.tar	95853056	243024	1375861248	4397342
10271	15111	AF-0000000208565273	shard_1189_batch_2.tar	48432640	224027	420047872	3744219
10271	16973	AF-0000000208565326	shard_1395_batch_2.tar	109410816	218529	510458880	3673640
10271	17039	AF-0000000208565311	shard_1197_batch_2.tar	77694464	235235	1103094272	4385328
10272	3624	AF-0000000208501598	shard_85_batch_3.tar	1720832	94786	473372160	648490
10272	4722	AF-0000000208501509	shard_1993_batch_3.tar	37414912	67690	1364418560	328234
10272	7988	AF-0000000208501443	shard_1947_batch_3.tar	97375744	112943	350780416	959389
10272	10368	AF-0000000208501712	shard_1903_batch_3.tar	105535488	94354	787284992	672478
10272	11066	AF-0000000208501635	shard_2023_batch_3.tar	68542976	139655	1113259008	1367679
10272	11152	AF-0000000208501239	shard_1911_batch_3.tar	7393280	96448	512145920	704375
10272	11248	AF-0000000208501618	shard_143_batch_3.tar	64963072	139802	1638282752	1469191
10272	11523	AF-0000000208501267	shard_2045_batch_3.tar	103085568	240123	1297880576	4588420
10272	11735	AF-0000000208501459	shard_2067_batch_3.tar	108068352	109914	1062755328	885626
10272	11861	AF-0000000208501727	shard_67_batch_3.tar	54069248	83046	590310400	484856
10272	12265	AF-0000000208501538	shard_2015_batch_3.tar	15191552	135323	476668416	1359332
10272	12377	AF-0000000208501549	shard_111_batch_3.tar	85604864	112919	322900992	950567
10272	12432	AF-0000000208501383	shard_73_batch_3.tar	68040192	87172	394232320	532260
10272	13031	AF-0000000208501707	shard_2049_batch_3.tar	10944000	86318	686589440	530102
10272	13821	AF-0000000208501259	shard_1933_batch_3.tar	97959424	124773	1296770048	1083755
10272	13822	AF-0000000208501420	shard_53_batch_3.tar	54649856	72683	489995264	381911
10272	13930	AF-0000000208501531	shard_2025_batch_3.tar	63598080	122271	862715392	1028064
10272	14082	AF-0000000208501581	shard_151_batch_3.tar	101952512	149999	1458259968	1620426
10272	14315	AF-0000000208501419	shard_69_batch_3.tar	44518400	81542	422193664	491129
10272	14744	AF-0000000208501734	shard_1955_batch_3.tar	37820416	100286	1029405184	717507
10272	14812	AF-0000000208501412	shard_55_batch_3.tar	12540416	75192	488751104	403603
10272	14892	AF-0000000208501671	shard_1981_batch_3.tar	110641664	64814	229727744	294105
10272	15106	AF-0000000208501640	shard_1951_batch_3.tar	25504768	100274	393831424	743217
10272	15210	AF-0000000208501495	shard_1919_batch_3.tar	32982016	143488	550891008	1525565
10272	16241	AF-0000000208501599	shard_75_batch_3.tar	13925888	87467	446939648	547646
10272	16808	AF-0000000208501193	shard_163_batch_3.tar	82718720	165412	2280855040	2064756
10272	17012	AF-0000000208501514	shard_1923_batch_3.tar	25894400	93305	906321408	646761
10272	17134	AF-0000000208501706	shard_2059_batch_3.tar	16139264	75237	1043186176	402348
10272	18035	AF-0000000208501382	shard_125_batch_3.tar	44879360	126359	648068608	1098207
10272	18094	AF-0000000208501648	shard_2069_batch_3.tar	37552640	103948	1196762112	825073
10272	18267	AF-0000000208501407	shard_75_batch_3.tar	48280576	88933	599337472	565868
10272	18749	AF-0000000208501422	shard_107_batch_3.tar	75518976	110136	640015872	884635
10272	19024	AF-0000000208501391	shard_63_batch_3.tar	36690944	76719	401991168	442873
10273	614	AF-0000000208287555	shard_29_batch_2.tar	45126144	60631	187485184	231829
10273	18983	AF-0000000208287554	shard_33_batch_2.tar	39815168	63121	221286912	251720
10274	10739	AF-0000000208697264	shard_1923_batch_4.tar	57060864	240746	431484928	4142418
10274	12282	AF-0000000208697231	shard_2051_batch_4.tar	68005888	257719	1401194496	4842372
10274	17135	AF-0000000208697224	shard_1201_batch_2.tar	13751808	246042	1976877056	4612903
10276	1727	AF-0000000208692763	shard_1359_batch_2.tar	138765824	177631	1149964800	2198740
10276	9251	AF-0000000208692758	shard_131_batch_4.tar	53068288	131333	1460708864	1197737
10276	10352	AF-0000000208692682	shard_2055_batch_4.tar	63564288	127495	1411393024	1170200
10276	10393	AF-0000000208692665	shard_1961_batch_4.tar	26115584	178123	841928192	2255028
10276	11375	AF-0000000208692741	shard_163_batch_4.tar	2508288	166238	1590322688	2038101
10276	11649	AF-0000000208692721	shard_129_batch_4.tar	11039744	132503	1183161856	1111861
10276	12160	AF-0000000208692716	shard_1973_batch_4.tar	50991104	139696	447302656	1340062
10276	12369	AF-0000000208692584	shard_131_batch_4.tar	130203136	131934	1168272384	1228878
10276	12867	AF-0000000208692708	shard_1189_batch_2.tar	12641792	225101	1903264768	3753018
10276	13136	AF-0000000208692734	shard_89_batch_4.tar	69557248	96915	768293376	642511
10276	13271	AF-0000000208692720	shard_83_batch_4.tar	2899968	92559	770078720	587672
10276	13485	AF-0000000208692692	shard_1997_batch_4.tar	82218496	182162	666750464	2430227
10276	13855	AF-0000000208692694	shard_1921_batch_4.tar	37258752	116926	1291143168	981154
10276	14771	AF-0000000208692645	shard_2025_batch_4.tar	66423808	106404	924062208	746712
10276	17637	AF-0000000208692596	shard_83_batch_4.tar	9644544	95832	486400000	608615
10276	17855	AF-0000000208692757	shard_103_batch_4.tar	41446912	106462	461450240	797636
10276	17907	AF-0000000208692704	shard_1375_batch_2.tar	61058048	191194	1509971456	2565234
10276	18387	AF-0000000208692691	shard_1975_batch_4.tar	110103552	204738	388870144	2994007
10277	10508	AF-0000000204815181	shard_108_batch_0.tar	36341760	111847	678192640	848326
10277	11573	AF-0000000204815171	shard_118_batch_0.tar	102829568	119306	564846592	978108
10277	12658	AF-0000000204815173	shard_110_batch_0.tar	11071488	113995	1126520832	891656
10277	15388	AF-0000000204815177	shard_116_batch_0.tar	46648832	119779	569357824	999737
10277	16253	AF-0000000204815182	shard_108_batch_0.tar	109410816	112732	424302080	867293
10277	18022	AF-0000000204815174	shard_118_batch_0.tar	42022400	119720	322291200	998857
10279	9488	AF-0000000203898667	shard_1992_batch_0.tar	90019840	79647	732005376	448099
10279	12700	AF-0000000203898652	shard_1960_batch_0.tar	106894336	156591	1733386240	1683921
10279	14806	AF-0000000203898656	shard_2018_batch_0.tar	44393472	163834	1330873344	1897710
10279	17699	AF-0000000203898655	shard_2066_batch_0.tar	98324992	165098	1572013056	1947184
10280	15366	AF-0000000208457859	shard_1205_batch_2.tar	64123392	254530	2491094016	4792202
10280	17302	AF-0000000208457860	shard_1203_batch_1.tar	232841728	250799	4550476800	4639861
10280	17972	AF-0000000208457861	shard_1203_batch_1.tar	205309440	255784	1949211648	4735779
10280	19128	AF-0000000208457858	shard_1203_batch_1.tar	74129408	250688	2858944512	4703766
10281	12311	AF-0000000208721949	shard_153_batch_4.tar	34236928	153144	1294854656	1728209
10281	12477	AF-0000000208721955	shard_153_batch_4.tar	125412352	152086	1567498752	1715540
10281	13866	AF-0000000208721959	shard_151_batch_4.tar	133852160	149271	1333697024	1676524
10281	14746	AF-0000000208721954	shard_155_batch_4.tar	22718464	152758	1434981888	1774323
10282	14046	AF-0000000208758174	shard_2055_batch_4.tar	28815872	71088	947792896	329796
10283	10881	AF-0000000208359324	shard_59_batch_2.tar	37540864	77393	274051584	413521
10283	16084	AF-0000000208359333	shard_75_batch_2.tar	34969600	87676	433970688	548992
10283	17410	AF-0000000208359328	shard_51_batch_2.tar	43269120	71962	354701824	348807
10285	12171	AF-0000000208584966	shard_1389_batch_2.tar	17547264	202696	816925184	2980682
10288	6378	AF-0000000203870621	shard_1196_batch_0.tar	69908992	238691	2780273152	4349595
10288	12792	AF-0000000203870596	shard_1990_batch_0.tar	41735680	191973	711709696	2785029
10288	13541	AF-0000000203870599	shard_158_batch_0.tar	52889600	160228	891490816	1919350
10288	14598	AF-0000000203870605	shard_1200_batch_0.tar	94779392	245599	4785600000	4629692
10288	16789	AF-0000000203870622	shard_1210_batch_0.tar	71651328	279527	1448202752	5829662
10288	17945	AF-0000000203870595	shard_1920_batch_0.tar	57711104	152709	430352384	1767428
10290	7715	AF-0000000208536318	shard_1953_batch_3.tar	56941056	212881	896732160	3227702
10290	7842	AF-0000000208536311	shard_2005_batch_3.tar	95110656	152093	871690240	1682247
10290	10508	AF-0000000208536314	shard_1901_batch_3.tar	89184768	122606	495790592	1041726
10290	11573	AF-0000000208536293	shard_129_batch_3.tar	111606272	129874	666320384	1184319
10290	13022	AF-0000000208536295	shard_163_batch_3.tar	90882048	170313	1690116608	2013492
10290	14288	AF-0000000208536308	shard_1915_batch_3.tar	15068160	269866	895240192	4944834
10290	17267	AF-0000000208536291	shard_151_batch_3.tar	8057856	150117	1093830656	1559038
10292	110	AF-0000000208585633	shard_2081_batch_3.tar	8688640	154914	340398080	1724071
10292	6834	AF-0000000208585646	shard_1929_batch_3.tar	65718784	163460	640283648	1891998
10292	8010	AF-0000000208585624	shard_1975_batch_3.tar	93563904	202235	498026496	3036687
10292	11371	AF-0000000208585651	shard_1907_batch_3.tar	57910272	123353	802695168	1082332
10292	12677	AF-0000000208585638	shard_1977_batch_3.tar	99094528	164428	709503488	1876762
10292	17016	AF-0000000208585660	shard_2043_batch_3.tar	87224320	100925	764712960	688238
10292	17751	AF-0000000208585637	shard_1945_batch_3.tar	7841280	116414	871193088	928819
10293	8010	AF-0000000208699148	shard_151_batch_4.tar	26300416	150896	843132928	1747062
10293	13911	AF-0000000208699144	shard_29_batch_4.tar	31278080	58356	229828096	226094
10296	12677	AF-0000000204753627	shard_1204_batch_0.tar	47865856	257995	605049856	4606677
10296	13732	AF-0000000204753614	shard_1388_batch_0.tar	105232384	209886	2828262912	3185234
10296	14019	AF-0000000204753612	shard_1202_batch_0.tar	149779968	248302	2495822848	4412042
10297	13913	AF-0000000208798526	shard_1959_batch_4.tar	107299328	122631	533096960	1034156
10297	15571	AF-0000000208798519	shard_2029_batch_4.tar	102722048	80393	504437248	457694
10298	14623	AF-0000000208421929	shard_1937_batch_3.tar	79192576	236616	599817216	4174445
10298	17052	AF-0000000208421932	shard_1983_batch_3.tar	93320192	271994	1354529280	5393805
10298	17124	AF-0000000208421923	shard_1965_batch_3.tar	11493376	89096	425745920	547602
10300	2006	AF-0000000209487620	shard_1918_batch_0.tar	28284928	105683	1436554752	809399
10300	11330	AF-0000000203956814	shard_1920_batch_0.tar	48903680	154802	282743296	1669316
10300	11921	AF-0000000203956817	shard_1938_batch_0.tar	110310400	154768	1077897216	1671340
10300	16488	AF-0000000203956819	shard_1894_batch_0.tar	100844544	106587	550292480	827830
10300	17416	AF-0000000203956821	shard_1994_batch_0.tar	37390848	105892	994091008	808749
10300	18543	AF-0000000203956816	shard_1988_batch_0.tar	74963456	155928	799254528	1712046
10300	18544	AF-0000000203956815	shard_1908_batch_0.tar	104234496	155495	1160492544	1715020
10301	2121	AF-0000000208536357	shard_2069_batch_3.tar	24194560	151627	1065381376	1691375
10301	10566	AF-0000000208536421	shard_1347_batch_1.tar	76588032	166734	1167180800	2012679
10301	10738	AF-0000000208536417	shard_119_batch_3.tar	55533056	120222	966634496	1041010
10301	10744	AF-0000000208536369	shard_2047_batch_3.tar	103548928	143808	1148940288	1458232
10301	11435	AF-0000000208536406	shard_1941_batch_3.tar	52426752	116135	1265397248	906574
10301	11511	AF-0000000208536419	shard_119_batch_3.tar	108375040	120129	699361792	978723
10301	11577	AF-0000000208536347	shard_1925_batch_3.tar	77237248	122375	1206170112	1085501
10301	11871	AF-0000000208536409	shard_2061_batch_3.tar	45255168	168278	748878336	1953851
10301	11995	AF-0000000208536334	shard_2063_batch_3.tar	96799232	160969	235891712	1867394
10301	12156	AF-0000000208536414	shard_131_batch_3.tar	121178112	131599	933913088	1167902
10301	12285	AF-0000000208536408	shard_121_batch_3.tar	48336896	120232	311972352	993129
10301	12618	AF-0000000208536352	shard_1905_batch_3.tar	101957120	118992	562758656	973541
10301	13713	AF-0000000208536341	shard_1941_batch_3.tar	35853824	123235	770872832	1002455
10301	14344	AF-0000000208536431	shard_107_batch_3.tar	109711872	110797	817386496	822048
10301	15033	AF-0000000208536344	shard_2063_batch_3.tar	93596160	129031	1164191744	1114303
10301	15146	AF-0000000208536400	shard_2039_batch_3.tar	91331584	136839	815588864	1421499
10301	15304	AF-0000000208536354	shard_1915_batch_3.tar	46531072	139428	267145216	1412271
10301	15491	AF-0000000208536435	shard_133_batch_3.tar	104903168	132266	947628032	1253096
10301	15817	AF-0000000208536415	shard_157_batch_3.tar	142010880	161063	1772690432	1782066
10301	16102	AF-0000000208536342	shard_1931_batch_3.tar	21818880	110669	862779904	850770
10301	17023	AF-0000000208536353	shard_1961_batch_3.tar	89986560	119936	1155625984	978745
10301	17311	AF-0000000208536349	shard_1899_batch_3.tar	74450944	144241	759491584	1446873
10301	18248	AF-0000000208536413	shard_135_batch_3.tar	46547968	130851	334865408	1179910
10302	6416	AF-0000000208537641	shard_157_batch_3.tar	72487936	159668	1834402816	1971127
10302	9100	AF-0000000208537654	shard_145_batch_3.tar	78492160	146288	319158784	1588215
10302	12260	AF-0000000208537639	shard_1205_batch_2.tar	93032960	264796	1086337024	5390932
10302	13581	AF-0000000208537635	shard_1391_batch_1.tar	19514880	216365	3304786944	3590880
10302	14363	AF-0000000208537615	shard_1391_batch_1.tar	173140480	217074	1903947264	3612869
10302	15022	AF-0000000208537655	shard_1373_batch_1.tar	147672064	196126	2309536256	2878632
10302	15625	AF-0000000208537618	shard_1391_batch_1.tar	36583424	216412	1144787456	3598111
10302	17871	AF-0000000208537611	shard_2035_batch_3.tar	34933760	206962	1226027520	3250683
10302	18305	AF-0000000208537638	shard_157_batch_3.tar	58848768	160935	1106789888	1896393
10302	18516	AF-0000000208537610	shard_1935_batch_3.tar	95160832	192122	1159446016	2738980
10304	3624	AF-0000000208590764	shard_39_batch_3.tar	33371136	65776	198523904	285825
10304	9782	AF-0000000208590858	shard_1937_batch_3.tar	46082048	76695	453473792	408414
10304	10613	AF-0000000208590383	shard_27_batch_3.tar	21589504	55035	236472320	217062
10304	11481	AF-0000000208590680	shard_1917_batch_3.tar	484864	63379	985055744	266693
10304	11861	AF-0000000208590902	shard_19_batch_3.tar	50269184	53852	147682816	178773
10304	12904	AF-0000000208590768	shard_51_batch_3.tar	11944960	72913	288498176	355332
10304	14206	AF-0000000208590630	shard_2063_batch_3.tar	98820096	60127	1344862208	237557
10304	14691	AF-0000000208590601	shard_87_batch_3.tar	25232384	94542	583882752	632234
10304	14812	AF-0000000208590599	shard_9_batch_3.tar	33575936	45879	96822272	131064
10304	15106	AF-0000000208590811	shard_49_batch_3.tar	17482240	71033	230873088	347807
10304	15182	AF-0000000208590876	shard_1933_batch_3.tar	113072128	62151	326019584	260084
10304	15511	AF-0000000208590376	shard_77_batch_3.tar	54202880	88707	381617664	539192
10304	15608	AF-0000000208590570	shard_1387_batch_2.tar	34605056	212095	629708800	3313026
10304	15737	AF-0000000208590527	shard_33_batch_3.tar	18923008	60414	329021952	255569
10304	15972	AF-0000000208590880	shard_2061_batch_3.tar	43864064	54539	713361920	211894
10304	16012	AF-0000000208590883	shard_2043_batch_3.tar	106592256	39965	444384768	95307
10304	16059	AF-0000000208590541	shard_83_batch_3.tar	38667776	92627	248293888	625111
10304	16217	AF-0000000208590754	shard_33_batch_3.tar	59829248	61337	361085952	251604
10304	16258	AF-0000000208590802	shard_85_batch_3.tar	48444928	93201	571595264	632677
10304	16487	AF-0000000208590941	shard_17_batch_3.tar	40708096	51786	97557504	178345
10304	17012	AF-0000000208590691	shard_1943_batch_3.tar	84830208	64403	484795904	299656
10304	17134	AF-0000000208590878	shard_1987_batch_3.tar	88432128	45850	777379840	130956
10304	17285	AF-0000000208590542	shard_25_batch_3.tar	45184000	55095	235191296	212416
10304	17286	AF-0000000208590608	shard_23_batch_3.tar	19076608	53636	112678912	201044
10304	17562	AF-0000000208590470	shard_2035_batch_3.tar	93260288	35223	624816128	68651
10304	17812	AF-0000000208590563	shard_97_batch_3.tar	12387328	102797	745162240	740258
10304	17866	AF-0000000208590440	shard_1975_batch_3.tar	61585920	47277	241691648	142213
10304	18267	AF-0000000208590594	shard_27_batch_3.tar	57408512	59677	213155328	226028
10305	1929	AF-0000000208731780	shard_1899_batch_4.tar	47128576	59722	746726912	234712
10305	10332	AF-0000000208731779	shard_35_batch_4.tar	36924928	62085	381250560	259406
10305	11166	AF-0000000208731767	shard_23_batch_4.tar	25226752	55924	144069120	197736
10305	12172	AF-0000000208731775	shard_29_batch_4.tar	54393344	58724	198773248	225953
10305	12660	AF-0000000208731763	shard_2083_batch_4.tar	91473408	59130	413453824	225465
10305	14294	AF-0000000208731762	shard_1911_batch_4.tar	15977984	55941	1392593408	197569
10305	14678	AF-0000000208731776	shard_27_batch_4.tar	20575232	56989	315706368	221022
10305	15181	AF-0000000208731771	shard_23_batch_4.tar	18786816	55007	165829632	194800
10305	15190	AF-0000000208731774	shard_35_batch_4.tar	16564736	62207	268021760	260266
10305	15330	AF-0000000208731755	shard_1949_batch_4.tar	52138496	144730	971772928	1491338
10305	15489	AF-0000000208731766	shard_2005_batch_4.tar	110382592	56749	1152247296	204227
10305	16344	AF-0000000208731764	shard_2001_batch_4.tar	58863104	54931	525990400	192588
10305	17654	AF-0000000208731770	shard_109_batch_4.tar	82068480	108965	528839680	872087
10306	10512	AF-0000000208558442	shard_1917_batch_3.tar	1054208	269320	1012493824	5186797
10306	11718	AF-0000000208558555	shard_1949_batch_3.tar	59698176	103332	931953664	765826
10306	12075	AF-0000000208558544	shard_1895_batch_3.tar	17827840	102860	326766080	780813
10306	13265	AF-0000000208558406	shard_1969_batch_3.tar	58150400	68429	1271302656	319583
10306	16263	AF-0000000208558423	shard_1975_batch_3.tar	28874752	136092	1229650432	1424737
10306	16463	AF-0000000208558417	shard_1995_batch_3.tar	48861184	141995	668067840	1500731
10307	11686	AF-0000000208330720	shard_1941_batch_2.tar	50679808	139875	1226959872	1288176
10307	12465	AF-0000000208330737	shard_2071_batch_2.tar	53927424	140110	1276999168	1293687
10308	13283	AF-0000000208711146	shard_139_batch_4.tar	51879936	134240	714988544	1259936
10308	17654	AF-0000000208711168	shard_91_batch_4.tar	63561728	96490	614336000	677760
10308	17858	AF-0000000208711157	shard_2033_batch_4.tar	109149184	80122	976796672	445170
10309	14288	AF-0000000208278044	shard_2001_batch_2.tar	7383040	327970	466292224	7342808
10309	16376	AF-0000000208278042	shard_2039_batch_2.tar	57949696	267920	1082669056	5243262
10310	14234	AF-0000000208525841	shard_79_batch_3.tar	5200384	89703	290885632	591001
10310	17966	AF-0000000208525842	shard_65_batch_3.tar	60656128	80215	308182016	472188
10311	14785	AF-0000000208455423	shard_103_batch_3.tar	82813440	104521	816353280	854544
10311	15575	AF-0000000208455406	shard_2025_batch_3.tar	72036352	178555	697694720	2277130
10311	17908	AF-0000000208455420	shard_87_batch_2.tar	42118656	91656	460475392	637576
10313	17453	AF-0000000203871313	shard_56_batch_0.tar	76764160	76239	404654592	417986
10314	12260	AF-0000000208568044	shard_1935_batch_3.tar	98487296	219356	365812224	3659004
10323	15841	AF-0000000208738389	shard_1899_batch_4.tar	61144576	146901	1000860160	1541700
10324	18503	AF-0000000203464855	shard_1944_batch_0.tar	77229568	161308	742645248	1856617
10325	13357	AF-0000000203478403	shard_1984_batch_0.tar	111922176	87943	953531904	479224
10325	13392	AF-0000000211136900	shard_2066_batch_0.tar	129277952	87572	1336337920	475773
10325	14927	AF-0000000203478394	shard_1990_batch_0.tar	78319616	96755	1581544960	600329
10325	15472	AF-0000000203478393	shard_1978_batch_0.tar	9141248	90657	1175134208	502792
10325	15809	AF-0000000203478405	shard_2046_batch_0.tar	104720384	99564	742386688	686980
10325	16278	AF-0000000203478406	shard_2020_batch_0.tar	84199936	87562	249712128	476120
10325	18695	AF-0000000203478410	shard_2028_batch_0.tar	98253824	81489	560339968	467245
10325	18881	AF-0000000203478402	shard_2022_batch_0.tar	73716224	87920	1288564736	476026
10327	12765	AF-0000000208290094	shard_1903_batch_2.tar	31536128	113842	371228160	931800
10327	15192	AF-0000000208290086	shard_1911_batch_2.tar	81314816	137831	640624640	1335077
10330	6278	AF-0000000208371999	shard_1953_batch_2.tar	84324864	43884	918923776	115732
10330	7196	AF-0000000208371923	shard_75_batch_2.tar	47644672	88495	542472192	567620
10330	7827	AF-0000000208371796	shard_1963_batch_2.tar	76477440	99397	1075043840	723468
10330	10500	AF-0000000208371683	shard_119_batch_2.tar	61762560	121451	238326784	995164
10330	10703	AF-0000000208371815	shard_2075_batch_2.tar	115786752	51943	1380107264	171141
10330	11481	AF-0000000208371803	shard_2069_batch_2.tar	99398656	62899	521884160	239698
10330	11792	AF-0000000208371834	shard_2039_batch_2.tar	100363264	49870	1202492928	136432
10330	12075	AF-0000000208371805	shard_2045_batch_2.tar	22010368	87818	1095579648	549768
10330	13305	AF-0000000208371722	shard_127_batch_2.tar	56533504	127405	502720512	1066289
10330	13821	AF-0000000208371638	shard_2053_batch_2.tar	94215168	95408	1427680256	607451
10330	14101	AF-0000000208371609	shard_1933_batch_2.tar	55663616	110617	269022208	872557
10330	14315	AF-0000000208371752	shard_21_batch_2.tar	40374784	52357	180853248	179481
10330	14325	AF-0000000208371847	shard_1935_batch_2.tar	57188864	70728	1015887872	327887
10330	14412	AF-0000000208371782	shard_1927_batch_2.tar	27778048	41606	1192064512	99190
10330	14892	AF-0000000208371927	shard_3_batch_2.tar	35501056	35811	75944448	71025
10330	15031	AF-0000000208371964	shard_9_batch_2.tar	8465920	43749	123255808	118002
10330	15469	AF-0000000208371644	shard_1979_batch_2.tar	32303104	121859	1173237760	1070096
10330	16184	AF-0000000208371860	shard_75_batch_2.tar	73441792	88791	551797248	568278
10330	16672	AF-0000000208371920	shard_11_batch_2.tar	19016704	45142	117797376	126374
10330	17398	AF-0000000208371691	shard_95_batch_2.tar	37510144	100095	276805120	723819
10330	17692	AF-0000000208371882	shard_27_batch_2.tar	52792832	59210	174242304	229073
10330	17793	AF-0000000208371566	shard_1975_batch_2.tar	84995072	62219	243232256	246161
10330	18049	AF-0000000208372001	shard_1999_batch_2.tar	2612736	37514	683317248	76972
10330	18177	AF-0000000208371597	shard_2029_batch_2.tar	1070080	93289	585285120	594879
10330	18192	AF-0000000208371877	shard_7_batch_2.tar	25160704	42731	109236736	110259
10330	19028	AF-0000000208371786	shard_2083_batch_2.tar	77040128	49927	438233600	159719
10330	19155	AF-0000000208371570	shard_2017_batch_2.tar	70656512	48064	1353341952	147957
10332	1929	AF-0000000208727903	shard_1943_batch_4.tar	50490880	44074	1324845568	119730
10332	8950	AF-0000000208727841	shard_35_batch_4.tar	36413952	63364	308840960	270091
10332	10652	AF-0000000208727708	shard_1955_batch_4.tar	94907392	49466	866637312	171495
10332	11166	AF-0000000208727759	shard_5_batch_4.tar	15173632	40086	81357312	94285
10332	12172	AF-0000000208727859	shard_7_batch_4.tar	26843136	42434	146861056	109878
10332	12374	AF-0000000208727900	shard_1951_batch_4.tar	14636032	41558	1106352640	100382
10332	12660	AF-0000000208727690	shard_1909_batch_4.tar	35841536	42815	765358080	111098
10332	13033	AF-0000000208727810	shard_5_batch_4.tar	15257088	40286	103053824	96273
10332	14010	AF-0000000208727753	shard_1959_batch_4.tar	42722304	37678	474622976	86023
10332	14294	AF-0000000208727688	shard_1963_batch_4.tar	13686784	40176	545730560	94207
10332	14304	AF-0000000208727843	shard_33_batch_4.tar	19129344	59978	212475392	242084
10332	14828	AF-0000000208727773	shard_2001_batch_4.tar	75271680	74777	1302922752	406827
10332	15181	AF-0000000208727812	shard_5_batch_4.tar	1488896	38831	139055616	86582
10332	15330	AF-0000000208727627	shard_129_batch_4.tar	57635840	128628	508099584	1141457
10332	15489	AF-0000000208727719	shard_1917_batch_4.tar	49059840	40884	1222549504	94214
10332	16205	AF-0000000208727736	shard_1977_batch_4.tar	40130560	47216	491969536	147216
10332	16344	AF-0000000208727700	shard_1907_batch_4.tar	47363072	38767	1089385984	86488
10332	16356	AF-0000000208727902	shard_2047_batch_4.tar	26044416	48100	895557120	153114
10332	17046	AF-0000000208727777	shard_61_batch_4.tar	64092160	81033	308216320	427003
10333	13086	AF-0000000208307771	shard_1385_batch_1.tar	60111872	201632	2652555264	2921185
10334	16418	AF-0000000208457088	shard_1199_batch_1.tar	70242816	240603	1594113024	4219485
10334	17721	AF-0000000208457067	shard_1365_batch_1.tar	126929408	181319	1557196288	2578923
10334	18966	AF-0000000208457077	shard_1391_batch_1.tar	67237376	209537	448299008	3335763
10335	10456	AF-0000000204762804	shard_162_batch_0.tar	37336064	162834	1711904768	1920767
10335	19281	AF-0000000204762807	shard_152_batch_0.tar	30792192	149837	1160223232	1615298
10340	16271	AF-0000000208678990	shard_147_batch_4.tar	130851840	142856	1603167744	1638375
10344	13954	AF-0000000208673242	shard_1967_batch_4.tar	31863808	106090	754063872	805407
10344	14032	AF-0000000208673244	shard_2057_batch_4.tar	101322240	108951	1276871680	850235
10344	14767	AF-0000000208673243	shard_1985_batch_4.tar	113967104	125894	1346439680	1152499
10344	16032	AF-0000000208673246	shard_1937_batch_4.tar	69061120	118414	900750848	984588
10345	10642	AF-0000000208707270	shard_1939_batch_4.tar	62740992	129872	844535296	1182702
10345	13630	AF-0000000208707259	shard_2079_batch_4.tar	46662144	127468	316205056	1130483
10345	14547	AF-0000000208707279	shard_1989_batch_4.tar	30302720	128868	1409789440	1174841
10345	15211	AF-0000000208707245	shard_125_batch_4.tar	14177792	127488	648162816	1128217
10345	15615	AF-0000000208707242	shard_141_batch_4.tar	28880896	143910	1445836288	1461343
10345	15616	AF-0000000208707274	shard_1965_batch_4.tar	81517568	140659	570859520	1407868
10345	17021	AF-0000000208707262	shard_1993_batch_4.tar	89896448	128298	696260096	1148445
10345	17271	AF-0000000208707252	shard_125_batch_4.tar	754176	127625	1347180544	1135246
10345	18256	AF-0000000208707267	shard_1897_batch_4.tar	21155840	129616	794020352	1181900
10345	18607	AF-0000000208707251	shard_1969_batch_4.tar	3521536	134382	1022557184	1285101
10345	18686	AF-0000000208707234	shard_125_batch_4.tar	49516544	127530	644833792	1129885
10345	18687	AF-0000000208707233	shard_125_batch_4.tar	50770432	127602	920586240	1133235
10345	18700	AF-0000000208707275	shard_1967_batch_4.tar	104226304	128385	923044864	1144161
10345	18720	AF-0000000208707236	shard_125_batch_4.tar	3258368	128285	291069952	1143860
10345	18732	AF-0000000208707258	shard_1985_batch_4.tar	1350656	129562	1397592576	1177636
10345	19050	AF-0000000208707255	shard_1959_batch_4.tar	28030976	129866	749619712	1179973
10345	19186	AF-0000000208707253	shard_1899_batch_4.tar	46754816	132824	506520576	1263272
10346	18686	AF-0000000204206108	shard_1986_batch_0.tar	7222784	98183	1467202048	736061
10347	10368	AF-0000000208553562	shard_2037_batch_3.tar	56813056	93888	596181504	653843
10347	13512	AF-0000000208553568	shard_1897_batch_3.tar	21848576	78816	215841792	455476
10347	18034	AF-0000000208553538	shard_55_batch_3.tar	40904192	75039	175128064	406370
10352	12308	AF-0000000208475716	shard_129_batch_3.tar	21867520	127217	1226019840	1170893
10352	13076	AF-0000000208475596	shard_2035_batch_3.tar	14853120	213311	1231516672	3431185
10352	14325	AF-0000000208475686	shard_1995_batch_3.tar	56948736	122322	763970560	1066851
10352	14771	AF-0000000208475639	shard_2051_batch_3.tar	62530048	127574	432556544	1150785
10352	17672	AF-0000000208475714	shard_163_batch_3.tar	165323264	167416	745784832	2052459
10352	18355	AF-0000000208475712	shard_159_batch_3.tar	100109824	158989	1483777024	1891293
10352	18363	AF-0000000208475630	shard_1893_batch_3.tar	9232384	144572	1275189760	1506677
10355	12653	AF-0000000208457872	shard_163_batch_3.tar	24913920	165465	1641922048	1975692
10357	12907	AF-0000000208326544	shard_1951_batch_2.tar	55243264	259379	538577920	5143776
10357	15164	AF-0000000208326543	shard_2073_batch_2.tar	2652160	261767	652822016	5283097
10358	7874	AF-0000000203590568	shard_170_batch_0.tar	92279808	180463	2122270208	2433312
10358	11050	AF-0000000203590551	shard_1368_batch_0.tar	52723712	188266	721132032	2654996
10358	11418	AF-0000000203590562	shard_1370_batch_0.tar	196096	188679	1812014592	2660390
10358	12237	AF-0000000203590535	shard_1368_batch_0.tar	84118528	187332	2858427904	2531949
10358	14112	AF-0000000203590547	shard_1388_batch_0.tar	187292160	208751	3383564288	3331255
10358	15261	AF-0000000203590537	shard_1364_batch_0.tar	2787840	183199	715721728	2424482
10358	18333	AF-0000000203590541	shard_126_batch_0.tar	122594816	126788	1299970048	1124121
10359	10937	AF-0000000211136916	shard_1358_batch_0.tar	38899200	174372	828957696	2281091
10359	11403	AF-0000000211136917	shard_156_batch_0.tar	99229184	157664	2049340416	1863563
10359	13599	AF-0000000211136921	shard_128_batch_0.tar	122022400	126987	979078144	1105821
10359	15048	AF-0000000211136925	shard_1348_batch_0.tar	92308480	168943	1113857536	2106072
10360	15850	AF-0000000208454418	shard_2017_batch_3.tar	13362176	258103	705969664	4987477
10361	10443	AF-0000000203564984	shard_1924_batch_0.tar	19887616	116933	606140928	960404
10361	10444	AF-0000000203564983	shard_1968_batch_0.tar	40936960	117588	1328832000	948064
10361	11394	AF-0000000203564980	shard_2012_batch_0.tar	95554560	117574	1582261760	957454
10361	14462	AF-0000000211136931	shard_2000_batch_0.tar	26627584	117529	1154606592	961706
10361	18360	AF-0000000203564982	shard_1900_batch_0.tar	44765696	118911	1192240128	982797
10364	10937	AF-0000000208748002	shard_1965_batch_4.tar	98907648	127325	257687552	1251695
10367	8905	AF-0000000208451668	shard_1347_batch_1.tar	73860608	171759	562378240	2171178
10367	12260	AF-0000000208451678	shard_1389_batch_1.tar	116561408	214331	2354779136	3465170
10368	10613	AF-0000000208745899	shard_1913_batch_4.tar	92241920	75094	276270592	427293
10368	10690	AF-0000000208746025	shard_83_batch_4.tar	35180544	90924	363371520	592971
10368	11254	AF-0000000208746310	shard_2047_batch_4.tar	4171776	90321	854127616	588168
10368	12138	AF-0000000208746137	shard_2061_batch_4.tar	52409856	147999	1246510592	1651954
10368	12814	AF-0000000208746163	shard_2027_batch_4.tar	28304896	94520	1402274304	677553
10368	12924	AF-0000000208746224	shard_75_batch_4.tar	31073792	87836	577466880	547098
10368	13564	AF-0000000208746108	shard_2055_batch_4.tar	61299712	62553	1377145344	274763
10368	16487	AF-0000000208746362	shard_1967_batch_4.tar	109658624	71808	638583808	357648
10368	16931	AF-0000000208746300	shard_45_batch_4.tar	7963136	69044	411259904	319301
10368	17928	AF-0000000208745894	shard_125_batch_4.tar	15788032	122797	922855424	1140424
10368	18177	AF-0000000208745933	shard_1893_batch_4.tar	55882240	113328	823208960	954078
10368	18232	AF-0000000208746177	shard_2031_batch_4.tar	96076288	69569	1289440768	325572
10368	19053	AF-0000000208745917	shard_1931_batch_4.tar	24660480	183834	986351616	2515108
10368	19126	AF-0000000208746207	shard_1919_batch_4.tar	65532416	69275	546423296	329252
10369	12866	AF-0000000204264517	shard_134_batch_0.tar	120987648	133339	351328256	1308048
10369	13930	AF-0000000204264495	shard_156_batch_0.tar	104644096	162359	2087904256	1892822
10369	14734	AF-0000000204264456	shard_138_batch_0.tar	128356352	137501	755663872	1449058
10369	14806	AF-0000000204264438	shard_2078_batch_0.tar	92180992	214701	1052552192	3351186
10370	10995	AF-0000000208366949	shard_41_batch_2.tar	56983040	65334	277890560	302142
10370	17949	AF-0000000208366950	shard_13_batch_2.tar	13996032	47446	167880704	138342
10372	11672	AF-0000000211136934	shard_2033_batch_4.tar	18312192	146319	719902208	1443758
10372	11695	AF-0000000208612958	shard_1899_batch_4.tar	6257664	146519	1212883456	1452042
10372	12504	AF-0000000208612948	shard_1391_batch_2.tar	83639808	213148	1232004096	3373885
10372	16473	AF-0000000208612961	shard_2027_batch_4.tar	40656896	145784	1186784256	1442884
10372	16474	AF-0000000208612960	shard_1919_batch_4.tar	72531968	145886	400256512	1445702
10372	17187	AF-0000000208612950	shard_1209_batch_2.tar	84111360	273998	1659564544	5429115
10372	18230	AF-0000000208612959	shard_2057_batch_4.tar	86900224	146556	1356299264	1453057
10373	6274	AF-0000000208627425	shard_117_batch_4.tar	62110208	116265	237929984	1003098
10373	7975	AF-0000000208627440	shard_133_batch_4.tar	11559936	131241	272716800	1270261
10373	10422	AF-0000000208627400	shard_1371_batch_2.tar	84305408	186572	375238656	2606979
10373	10785	AF-0000000208627382	shard_1197_batch_2.tar	112051200	234512	1314983424	3931071
10373	10861	AF-0000000208627427	shard_137_batch_4.tar	124800000	134541	1467650560	1342721
10373	11161	AF-0000000208627404	shard_1405_batch_2.tar	33799680	228429	738612736	3764855
10373	12050	AF-0000000208627384	shard_1893_batch_4.tar	32897536	146837	735356928	1664956
10373	12721	AF-0000000208627355	shard_1953_batch_4.tar	67324928	144551	738636800	1621375
10373	12957	AF-0000000208627393	shard_1941_batch_4.tar	51392000	238758	994173952	4020185
10373	13125	AF-0000000208627431	shard_149_batch_4.tar	65722368	144639	610132992	1642897
10373	13284	AF-0000000208627356	shard_2005_batch_4.tar	92573696	154899	479700992	1854505
10373	13913	AF-0000000208627436	shard_1347_batch_2.tar	91845120	168381	1743062528	2145991
10373	14376	AF-0000000208627443	shard_159_batch_4.tar	83926016	158710	1250375680	1925074
10373	14786	AF-0000000208627444	shard_143_batch_4.tar	94405632	139737	963669504	1528412
10373	14836	AF-0000000208627361	shard_1961_batch_4.tar	31426048	167554	844184064	2101193
10373	15276	AF-0000000208627416	shard_147_batch_4.tar	38040576	144600	542032384	1575689
10373	16624	AF-0000000208627390	shard_1999_batch_4.tar	49948160	193855	1125059584	2937407
10373	17225	AF-0000000208627430	shard_165_batch_4.tar	134788608	167257	1937437184	2169090
10373	17495	AF-0000000208627351	shard_1933_batch_4.tar	101782016	200172	588062720	3092652
10373	17704	AF-0000000208627376	shard_159_batch_4.tar	80058880	158676	1677224960	1923700
10373	17790	AF-0000000208627359	shard_2033_batch_4.tar	26640384	170501	463239168	2255916
10373	17957	AF-0000000208627380	shard_155_batch_4.tar	84970496	151422	415130112	1818405
10373	18763	AF-0000000208627354	shard_1967_batch_4.tar	76896768	165451	664925184	2039617
10373	18940	AF-0000000208627353	shard_2037_batch_4.tar	93005312	162740	620197376	1986704
10374	13526	AF-0000000208316653	shard_69_batch_2.tar	78384128	85524	349552128	493495
10374	14678	AF-0000000208316663	shard_11_batch_2.tar	1795584	46543	216586240	147070
10374	15186	AF-0000000208316662	shard_55_batch_2.tar	67773952	75398	462097408	421616
10375	11337	AF-0000000208700536	shard_1911_batch_4.tar	27627008	127837	235660288	1112173
10375	11658	AF-0000000208700474	shard_2069_batch_4.tar	22552576	80387	709865472	431731
10375	18308	AF-0000000208700481	shard_1969_batch_4.tar	103703552	83544	366584832	450001
10382	12061	AF-0000000211136938	shard_68_batch_0.tar	65556480	86411	178950144	495124
10382	14312	AF-0000000203979036	shard_68_batch_0.tar	71752192	87266	222017536	496699
10382	15093	AF-0000000203979035	shard_72_batch_0.tar	39451648	89231	570303488	547212
10383	11880	AF-0000000208535466	shard_1209_batch_2.tar	86045696	270235	2628783616	4914679
10383	12867	AF-0000000208535534	shard_2081_batch_3.tar	34344448	323590	920478208	7332627
10383	13920	AF-0000000208535494	shard_1215_batch_2.tar	24555008	308114	2828341248	6626793
10383	14468	AF-0000000211136939	shard_1201_batch_2.tar	90882048	242410	2293621760	4235582
10383	14771	AF-0000000208535490	shard_1385_batch_1.tar	122523648	204417	649331712	2763015
10383	15190	AF-0000000208535547	shard_1971_batch_3.tar	50023936	174217	337792000	2111339
10383	16506	AF-0000000208535538	shard_1983_batch_3.tar	102539264	336403	1321424384	7563167
10383	17907	AF-0000000208535530	shard_1965_batch_3.tar	77861376	288785	1293019136	5760425
10384	14779	AF-0000000208710174	shard_127_batch_4.tar	36652032	128941	1008292352	1180840
10384	15506	AF-0000000208710195	shard_1385_batch_2.tar	100090880	204460	578057728	3195198
10384	16152	AF-0000000208710131	shard_1917_batch_4.tar	99603456	118458	289635328	1002253
10384	16448	AF-0000000208710190	shard_107_batch_4.tar	14034944	111381	442160128	898131
10384	16706	AF-0000000208710185	shard_133_batch_4.tar	9842176	134142	560639488	1309671
10384	17948	AF-0000000208710151	shard_1951_batch_4.tar	26875904	137721	1310116352	1339101
10384	18754	AF-0000000208710141	shard_127_batch_4.tar	99340800	128709	1058805248	1195011
10385	13875	AF-0000000204069875	shard_116_batch_0.tar	27331072	114820	295707648	930906
10386	10611	AF-0000000204255190	shard_1998_batch_0.tar	96235520	154117	468878336	1788028
10386	11132	AF-0000000204255185	shard_1984_batch_0.tar	91902976	151782	454253568	1662095
10386	12806	AF-0000000204255170	shard_1968_batch_0.tar	31095296	169458	1442071552	2069373
10386	14549	AF-0000000204255169	shard_2062_batch_0.tar	92329984	148985	351631872	1621135
10386	14973	AF-0000000204255168	shard_1902_batch_0.tar	110014976	146850	763060224	1562116
10386	16985	AF-0000000204255192	shard_1912_batch_0.tar	17454080	242162	1561738240	4240767
10388	10999	AF-0000000208410543	shard_81_batch_2.tar	45104128	92202	474980864	642135
10388	11484	AF-0000000208410539	shard_2059_batch_3.tar	9408000	94996	267075072	699970
10388	13525	AF-0000000208410508	shard_2081_batch_3.tar	84376576	90512	393910784	602358
10388	17495	AF-0000000208410475	shard_1945_batch_3.tar	73999872	185695	767974912	2664190
10389	11907	AF-0000000208479569	shard_161_batch_3.tar	44715008	163827	1829096960	1868943
10389	12056	AF-0000000208479559	shard_163_batch_3.tar	45675008	164787	1619900416	1899054
10389	12366	AF-0000000208479590	shard_1947_batch_3.tar	57610240	164245	640476672	1932446
10389	18303	AF-0000000208479529	shard_121_batch_3.tar	41028096	121842	677146624	1063270
10389	19143	AF-0000000208479566	shard_93_batch_3.tar	11243520	100685	603288064	691211
10390	109	AF-0000000208335128	shard_1959_batch_2.tar	7521280	129217	1056026624	1205854
10390	3661	AF-0000000208335122	shard_2043_batch_2.tar	25069568	93085	286142464	602614
10390	10486	AF-0000000208335095	shard_59_batch_2.tar	67214848	79831	352097792	432657
10390	11636	AF-0000000208335110	shard_2049_batch_2.tar	59890688	80383	898217984	458935
10390	11683	AF-0000000208335084	shard_59_batch_2.tar	7735808	77970	294117888	434241
10390	12018	AF-0000000208335121	shard_2067_batch_2.tar	114267136	78067	703827456	424472
10390	12173	AF-0000000208335157	shard_1939_batch_2.tar	78410752	77832	628389376	429792
10390	12563	AF-0000000208335141	shard_1955_batch_2.tar	49396736	95264	1290428928	636849
10390	13183	AF-0000000208335126	shard_1997_batch_2.tar	63882752	129943	809374720	1215791
10390	13818	AF-0000000208335170	shard_1991_batch_2.tar	29647360	80198	1279469056	453954
10390	13937	AF-0000000208335149	shard_1975_batch_2.tar	56901120	79129	836315648	430125
10390	13952	AF-0000000208335118	shard_2021_batch_2.tar	57129984	92187	1377525248	603551
10390	14076	AF-0000000208335169	shard_2039_batch_2.tar	104896000	78176	941270528	437404
10390	14378	AF-0000000208335088	shard_85_batch_2.tar	82824704	94286	594872832	636354
10390	14532	AF-0000000208335153	shard_1955_batch_2.tar	2302464	84240	740436480	514138
10390	14585	AF-0000000208335136	shard_2067_batch_2.tar	75573248	92378	269202432	608913
10390	15126	AF-0000000208335137	shard_1917_batch_2.tar	18384896	89599	451359232	550424
10390	15388	AF-0000000208335116	shard_1911_batch_2.tar	28398592	82958	614384128	480109
10390	16193	AF-0000000208335163	shard_1963_batch_2.tar	101045760	140244	381259776	1297123
10390	16407	AF-0000000208335112	shard_1941_batch_2.tar	55159808	78797	476329984	444974
10390	16447	AF-0000000208335100	shard_2043_batch_2.tar	69133312	78359	556571136	439510
10390	16744	AF-0000000208335167	shard_2035_batch_2.tar	108879360	95583	510214144	624471
10390	17025	AF-0000000208335089	shard_79_batch_2.tar	20263424	92335	505235456	583342
10390	17750	AF-0000000208335087	shard_81_batch_2.tar	21625344	93403	404210688	623275
10390	17783	AF-0000000208335113	shard_2063_batch_2.tar	83372544	79181	873356800	429753
10390	17959	AF-0000000208335155	shard_2031_batch_2.tar	6083072	77938	333508608	432483
10390	17970	AF-0000000208335139	shard_2019_batch_2.tar	23664640	80422	1138670080	439300
10390	18112	AF-0000000208335120	shard_1961_batch_2.tar	82027008	82910	902269440	487342
10390	18554	AF-0000000208335091	shard_61_batch_2.tar	58526720	78694	499020288	448278
10390	18691	AF-0000000208335164	shard_1917_batch_2.tar	49752576	79322	709007872	438370
10390	18783	AF-0000000208335109	shard_1899_batch_2.tar	8187392	78176	667350016	434387
10390	19156	AF-0000000208335111	shard_2079_batch_2.tar	58302464	97173	705486336	665538
10390	19206	AF-0000000208335101	shard_59_batch_2.tar	61116928	79773	296265728	443613
10390	19221	AF-0000000208335165	shard_1911_batch_2.tar	99180544	87298	1297686016	555047
10393	16506	AF-0000000208395086	shard_1935_batch_2.tar	69405696	310756	488578048	6670106
10395	13497	AF-0000000208281851	shard_2061_batch_2.tar	52051968	172447	501333504	2083890
10395	13593	AF-0000000208281849	shard_1969_batch_2.tar	60765184	170806	957977088	2092616
10395	14157	AF-0000000211136948	shard_2071_batch_2.tar	93306368	168145	1013492224	2007180
10395	15694	AF-0000000208281853	shard_2031_batch_2.tar	24980992	168852	710740992	2011503
10395	15711	AF-0000000208281850	shard_2051_batch_2.tar	52173312	171536	1333339136	2066950
10395	16000	AF-0000000208281852	shard_1969_batch_2.tar	63012864	168588	445867520	2015997
10395	18373	AF-0000000208281893	shard_167_batch_2.tar	80227328	172541	2404702720	2138872
10395	19254	AF-0000000208281848	shard_2069_batch_2.tar	5129728	171272	1021390336	2091942
10396	13351	AF-0000000208477671	shard_129_batch_3.tar	81594880	126081	292318720	1167469
10398	10833	AF-0000000208377132	shard_131_batch_2.tar	70520832	128649	1216714752	1254535
10398	15768	AF-0000000208377125	shard_127_batch_2.tar	57558016	126936	678113792	1098514
10398	17626	AF-0000000208377123	shard_127_batch_2.tar	126962176	126606	549565440	1091684
10398	18786	AF-0000000208377124	shard_127_batch_2.tar	105563136	127059	544041984	1099489
10399	11313	AF-0000000211136950	shard_1396_batch_0.tar	151553024	219175	1775250944	3695059
10399	17731	AF-0000000203584354	shard_1188_batch_0.tar	187868672	224766	3748576768	3822278
10399	18333	AF-0000000203584350	shard_114_batch_0.tar	76925952	117238	790182912	942837
10400	18333	AF-0000000203584303	shard_2024_batch_0.tar	35639808	113711	694183424	911993
10402	11509	AF-0000000208414015	shard_95_batch_2.tar	21837824	105195	485956608	702875
10402	14118	AF-0000000208413925	shard_1993_batch_3.tar	27756544	141612	241660416	1429338
10402	17758	AF-0000000208413981	shard_97_batch_2.tar	24654336	105345	851441664	727587
10405	12231	AF-0000000208287559	shard_1399_batch_1.tar	211537408	224478	1960463872	3589888
10406	19090	AF-0000000203776770	shard_160_batch_0.tar	52992512	159191	1161865216	1872015
10407	11313	AF-0000000211136962	shard_2024_batch_0.tar	60896256	209748	1559645184	3379072
10407	17731	AF-0000000203583347	shard_1996_batch_0.tar	122014208	215172	1553395200	3534203
10407	18333	AF-0000000203583345	shard_1958_batch_0.tar	105448448	107632	1120417792	820296
10413	7879	AF-0000000208481309	shard_125_batch_3.tar	24623616	123037	724898304	1106062
10417	11836	AF-0000000208520634	shard_1363_batch_1.tar	56386048	182879	1444040704	2575137
10417	15524	AF-0000000208520637	shard_167_batch_3.tar	28354048	173168	2167718912	2210838
10417	18246	AF-0000000208520636	shard_167_batch_3.tar	86519808	172945	2321093120	2190442
10418	13381	AF-0000000208524689	shard_2007_batch_3.tar	35916800	158051	760530432	1935715
10422	8375	AF-0000000208439712	shard_2035_batch_3.tar	47749120	201770	762180096	2996373
10422	10582	AF-0000000208439709	shard_2059_batch_3.tar	90190848	201501	313359360	2948050
10422	11817	AF-0000000208439708	shard_2051_batch_3.tar	100354048	199013	1207123456	2876808
10422	15048	AF-0000000208439704	shard_1381_batch_1.tar	154229760	198263	2691147776	2837683
10422	15947	AF-0000000208439710	shard_1939_batch_3.tar	83709440	238149	1020539904	4207028
10422	17804	AF-0000000208439714	shard_2047_batch_3.tar	49169408	198969	466285568	2866267
10422	18824	AF-0000000208439713	shard_1941_batch_3.tar	55349760	198717	576451072	2847858
10423	19204	AF-0000000208791519	shard_49_batch_4.tar	43054080	71958	325404672	348082
10424	15192	AF-0000000208305966	shard_165_batch_2.tar	1885696	166936	419471360	1959781
10424	19204	AF-0000000208305977	shard_113_batch_2.tar	84784640	111202	810922496	877382
10425	16152	AF-0000000208763603	shard_2035_batch_4.tar	104912384	119927	1146235392	1069053
10426	13615	AF-0000000208589386	shard_81_batch_3.tar	45011968	92912	317309440	563712
10426	18871	AF-0000000208589384	shard_79_batch_3.tar	4834816	91112	461089280	561293
10426	19279	AF-0000000208589387	shard_81_batch_3.tar	14657536	92786	716687872	562459
10427	6400	AF-0000000208428853	shard_33_batch_3.tar	7977984	59168	224220160	239296
10427	10681	AF-0000000208429099	shard_2001_batch_3.tar	95791616	60312	955066368	247440
10427	10805	AF-0000000208429023	shard_145_batch_3.tar	63560704	143411	1378950144	1474529
10427	11094	AF-0000000208429133	shard_2049_batch_3.tar	92776448	82241	966694912	470339
10427	11795	AF-0000000208428867	shard_155_batch_3.tar	139930624	157171	1796923904	1835219
10427	12456	AF-0000000208428659	shard_57_batch_3.tar	3034624	76079	462716928	407110
10427	12664	AF-0000000208428839	shard_37_batch_2.tar	56141824	64367	271775232	278304
10427	13597	AF-0000000208429025	shard_123_batch_3.tar	106129408	120746	786420224	1116087
10427	13821	AF-0000000208428763	shard_1953_batch_3.tar	50204160	104189	916267008	733758
10427	13902	AF-0000000208429204	shard_95_batch_2.tar	76695552	100069	829146624	723662
10427	14075	AF-0000000208428797	shard_35_batch_2.tar	13256192	64452	172521472	267420
10427	14344	AF-0000000208429199	shard_27_batch_3.tar	26246656	57203	143088128	211023
10427	14627	AF-0000000208428931	shard_1917_batch_3.tar	107399680	73192	576283648	359870
10427	15052	AF-0000000208428960	shard_1901_batch_3.tar	49207296	96704	551290368	637393
10427	15622	AF-0000000208428759	shard_1903_batch_3.tar	92486656	59693	407664128	239852
10427	16152	AF-0000000208428657	shard_71_batch_3.tar	44289536	85091	205293568	521972
10427	16241	AF-0000000208429069	shard_43_batch_3.tar	48478208	66982	325803008	304702
10427	17012	AF-0000000208428994	shard_53_batch_3.tar	14713344	72694	483466240	389351
10427	17013	AF-0000000208428933	shard_1949_batch_3.tar	8452096	92133	685120512	616828
10427	17448	AF-0000000208428877	shard_35_batch_2.tar	20729856	62465	273122304	255091
10427	17562	AF-0000000208428774	shard_9_batch_2.tar	36148224	43314	115074048	116136
10427	17692	AF-0000000208429086	shard_2027_batch_3.tar	99294720	68174	1014864384	305874
10427	17812	AF-0000000208428865	shard_111_batch_3.tar	48791040	111438	563097088	875027
10427	18385	AF-0000000208429107	shard_2047_batch_3.tar	91511808	56998	1256081408	211001
10427	18534	AF-0000000208428861	shard_25_batch_2.tar	5915136	55886	273991680	202704
10427	19026	AF-0000000208429035	shard_25_batch_2.tar	29246976	56034	184118784	210739
10432	2121	AF-0000000208740851	shard_97_batch_4.tar	80487424	99827	486865408	743854
10432	12611	AF-0000000208740862	shard_71_batch_4.tar	73377280	81765	501955584	520909
10432	18091	AF-0000000208740861	shard_115_batch_4.tar	17883648	111721	374496256	957334
10435	14767	AF-0000000208531473	shard_95_batch_3.tar	60694528	103975	846412288	764104
10437	11006	AF-0000000208677239	shard_2055_batch_4.tar	115262976	70578	1328505856	348975
10437	11990	AF-0000000208677245	shard_1929_batch_4.tar	102595072	64886	441547264	282311
10437	16078	AF-0000000208677115	shard_7_batch_4.tar	7693824	43146	101947392	111877
10437	17991	AF-0000000208677236	shard_2013_batch_4.tar	26104320	70763	1255312896	349736
10437	18303	AF-0000000208677175	shard_31_batch_4.tar	21824512	61937	143918080	250838
10437	18312	AF-0000000208677202	shard_1907_batch_4.tar	47402496	78966	326711296	429180
10440	1389	AF-0000000208551297	shard_51_batch_3.tar	18927616	73724	265021440	367261
10440	12222	AF-0000000208551268	shard_35_batch_3.tar	17876992	63380	384478208	244072
10440	13129	AF-0000000208551290	shard_155_batch_3.tar	17243648	155475	1535670784	1686796
10440	14016	AF-0000000208551245	shard_1381_batch_1.tar	73690112	198862	1896951296	2636026
10440	14076	AF-0000000208551300	shard_51_batch_3.tar	38042112	73053	435581440	375354
10440	15334	AF-0000000208551263	shard_49_batch_3.tar	18781184	72039	149720064	362461
10440	16307	AF-0000000208551253	shard_51_batch_3.tar	27129856	73481	442288640	380955
10440	16447	AF-0000000208551250	shard_51_batch_3.tar	53802496	73308	438187008	379652
10440	17248	AF-0000000208551277	shard_49_batch_3.tar	2701312	72163	228401152	361944
10440	18036	AF-0000000208551302	shard_35_batch_3.tar	11512320	61544	297445376	257387
10440	18939	AF-0000000208551261	shard_53_batch_3.tar	31436288	73424	339531776	381281
10443	11202	AF-0000000208716531	shard_1951_batch_4.tar	96183296	117436	863484928	916086
10443	11580	AF-0000000208716530	shard_1919_batch_4.tar	44935680	117226	606960128	960232
10443	14225	AF-0000000208716527	shard_1901_batch_4.tar	94396416	115509	934865408	949683
10443	14226	AF-0000000211136971	shard_2071_batch_4.tar	36632576	127798	1093160960	1202072
10443	14227	AF-0000000208716526	shard_2049_batch_4.tar	21948928	127303	1064201728	1194083
10443	14228	AF-0000000208716525	shard_1973_batch_4.tar	30745600	115335	384666624	944609
10443	16017	AF-0000000208716529	shard_1953_batch_4.tar	24914432	117539	456682496	970061
10443	17512	AF-0000000208716532	shard_1975_batch_4.tar	46616064	117922	646627840	944959
10443	18247	AF-0000000208716528	shard_2081_batch_4.tar	5668864	117409	724435456	915656
10444	11202	AF-0000000208702660	shard_2081_batch_4.tar	38181376	118207	1246057472	924365
10444	11580	AF-0000000208702659	shard_1921_batch_4.tar	70707200	118285	661109760	970270
10444	14225	AF-0000000208702656	shard_1939_batch_4.tar	112302592	116604	836364800	940982
10444	14226	AF-0000000211136972	shard_1961_batch_4.tar	1423872	128652	1247801344	1208706
10444	14227	AF-0000000208702655	shard_1999_batch_4.tar	81982464	128263	964572160	1196162
10444	14228	AF-0000000208702654	shard_1961_batch_4.tar	18640896	116029	1315401728	939091
10444	16017	AF-0000000208702658	shard_2085_batch_3.tar	57029632	118692	951119872	974781
10444	17512	AF-0000000208702661	shard_1909_batch_4.tar	78726656	119041	918949376	943608
10444	18247	AF-0000000208702657	shard_2029_batch_4.tar	114349568	118157	907240960	919733
10446	12650	AF-0000000208700575	shard_59_batch_4.tar	27150848	78592	180678656	410559
10446	14238	AF-0000000208700568	shard_99_batch_4.tar	104003584	105120	212576256	773934
10446	18889	AF-0000000208700572	shard_55_batch_4.tar	47255552	75835	421602816	388949
10450	11625	AF-0000000204108550	shard_130_batch_0.tar	47507456	129461	519762432	1182724
10450	12143	AF-0000000211136974	shard_144_batch_0.tar	96469504	145815	1541236224	1600062
10450	13085	AF-0000000204108569	shard_124_batch_0.tar	1993216	123757	500839936	1117068
10450	14973	AF-0000000204108559	shard_104_batch_0.tar	6583808	108472	879707136	863342
10452	2070	AF-0000000208689420	shard_2029_batch_4.tar	98519552	77535	542141952	396525
10452	12507	AF-0000000208689425	shard_2005_batch_4.tar	55659520	93990	1274529280	594307
10452	13288	AF-0000000208689428	shard_1947_batch_4.tar	72256512	53514	585324032	174309
10452	15584	AF-0000000208689422	shard_1921_batch_4.tar	49013248	109025	656609792	858812
10452	15885	AF-0000000208689438	shard_2011_batch_4.tar	97286144	111980	1096882688	823951
10452	16444	AF-0000000208689434	shard_1959_batch_4.tar	87432192	67491	656185856	303630
10456	1864	AF-0000000208474760	shard_131_batch_3.tar	108397056	129437	1239760896	1174857
10456	9433	AF-0000000208474312	shard_99_batch_3.tar	87818240	102667	863846912	758244
10456	9784	AF-0000000208474559	shard_1385_batch_1.tar	15884288	210674	2494337536	3029836
10456	10906	AF-0000000208474623	shard_2017_batch_3.tar	63689216	176759	1296994816	2302975
10456	11039	AF-0000000208474288	shard_63_batch_3.tar	4886016	80821	261666816	445324
10456	11232	AF-0000000208474568	shard_67_batch_3.tar	42158080	85048	231024128	478629
10456	11735	AF-0000000208474459	shard_2063_batch_3.tar	37606400	108340	1040803840	859492
10456	11842	AF-0000000208474543	shard_1389_batch_1.tar	33973248	209543	2643634688	3299004
10456	12197	AF-0000000208474489	shard_117_batch_3.tar	71931392	115117	698211328	965002
10456	12700	AF-0000000208474151	shard_1339_batch_1.tar	20719104	166130	791286784	1919131
10456	13733	AF-0000000208474327	shard_145_batch_3.tar	1575424	141972	1558247424	1400064
10456	13930	AF-0000000208474526	shard_117_batch_3.tar	54260224	120452	650456576	978435
10456	14241	AF-0000000208474601	shard_1927_batch_3.tar	19678208	80718	258947072	441782
10456	14281	AF-0000000208474765	shard_61_batch_3.tar	29460992	79512	165844480	436214
10456	14655	AF-0000000208474667	shard_61_batch_3.tar	45726208	80844	308740096	453855
10456	14744	AF-0000000208474737	shard_91_batch_3.tar	81466368	98508	323198976	667633
10456	14817	AF-0000000208474272	shard_2019_batch_3.tar	3380736	230332	631105536	4166064
10456	14999	AF-0000000208474207	shard_2007_batch_3.tar	37624320	62038	1027648512	246235
10456	16036	AF-0000000208474281	shard_61_batch_3.tar	28335104	81053	324146688	451354
10456	16377	AF-0000000208474488	shard_59_batch_3.tar	2761728	78748	523405824	425748
10456	16931	AF-0000000208474699	shard_55_batch_3.tar	55950336	76068	309699072	392838
10456	17040	AF-0000000208474408	shard_1953_batch_3.tar	53916672	78332	669986304	427769
10456	17064	AF-0000000208474710	shard_67_batch_3.tar	66882560	82105	611121664	466429
10456	17485	AF-0000000208474550	shard_63_batch_3.tar	77004800	80807	469504000	445004
10456	17601	AF-0000000208474391	shard_2021_batch_3.tar	101746176	66470	987970048	282744
10456	17616	AF-0000000208474464	shard_55_batch_3.tar	27189248	76172	456341504	389699
10456	17646	AF-0000000208474297	shard_87_batch_3.tar	20474368	95097	488240640	647207
10456	17933	AF-0000000208474593	shard_1903_batch_3.tar	105928192	122043	567818240	1095323
10456	18035	AF-0000000208474389	shard_1981_batch_3.tar	98658304	124455	250435584	1072402
10456	18192	AF-0000000208474596	shard_1911_batch_3.tar	80642560	70346	230873600	329959
10456	18232	AF-0000000208474534	shard_55_batch_3.tar	61361664	76416	310502912	397282
10456	18267	AF-0000000208474413	shard_2049_batch_3.tar	23485440	86965	931010048	506625
10456	18385	AF-0000000208474628	shard_1961_batch_3.tar	103303680	75874	916213760	377940
10456	19026	AF-0000000208474554	shard_55_batch_3.tar	16664576	74791	375388160	392867
10456	19070	AF-0000000208474716	shard_35_batch_3.tar	43793920	63041	160460288	256864
10458	14344	AF-0000000208446001	shard_1909_batch_3.tar	93456384	113190	422121472	902703
10458	18385	AF-0000000208445996	shard_1959_batch_3.tar	88699904	113632	598813184	903612
10459	15115	AF-0000000204734442	shard_1972_batch_0.tar	60412416	127264	1610621952	1175336
10461	7843	AF-0000000208662857	shard_97_batch_4.tar	67563008	104618	771470848	760570
10461	18001	AF-0000000208662875	shard_2027_batch_4.tar	90962944	106869	947048960	790021
10461	18301	AF-0000000208662864	shard_113_batch_4.tar	2754560	114291	406811136	882793
10467	12289	AF-0000000208412827	shard_41_batch_3.tar	40602112	65815	198594560	298741
10467	12446	AF-0000000208412837	shard_57_batch_2.tar	49035776	75407	339149312	402113
10467	13064	AF-0000000208412828	shard_43_batch_2.tar	14784000	66008	268961792	302371
10467	13254	AF-0000000208412832	shard_57_batch_2.tar	66158592	77379	280756736	416886
10467	13365	AF-0000000208412829	shard_33_batch_2.tar	11751936	60585	239585792	246451
10467	13619	AF-0000000208412831	shard_51_batch_3.tar	1691136	71395	198715904	359556
10467	14517	AF-0000000208412843	shard_61_batch_2.tar	47543808	78809	307993088	428363
10467	15520	AF-0000000208412826	shard_43_batch_2.tar	26991616	66672	369592320	313461
10467	15936	AF-0000000208412840	shard_59_batch_2.tar	51784192	76651	422970368	411310
10467	16334	AF-0000000208412830	shard_51_batch_3.tar	48299008	70949	406071808	348659
10467	17968	AF-0000000208412839	shard_75_batch_2.tar	57999872	87754	592296448	498611
10467	18814	AF-0000000208412835	shard_41_batch_3.tar	57761280	65682	399875072	300338
10467	19262	AF-0000000208412833	shard_47_batch_3.tar	27342848	69596	446007808	342321
10475	10580	AF-0000000208772656	shard_169_batch_4.tar	29871616	177241	1082054144	2202496
10475	11537	AF-0000000208772653	shard_169_batch_4.tar	7407104	177306	1808393728	2221161
10475	13550	AF-0000000208772655	shard_1347_batch_2.tar	87260160	170909	2113330176	2021688
10475	16516	AF-0000000208772657	shard_1347_batch_2.tar	131389440	169479	1248852480	2070027
10476	9547	AF-0000000208544782	shard_2037_batch_3.tar	54961664	280573	1093849088	5600741
10476	12907	AF-0000000208544765	shard_2039_batch_3.tar	11869696	215459	674885632	3321959
10476	15442	AF-0000000208544741	shard_1963_batch_3.tar	80730112	213108	406223872	3176759
10476	15638	AF-0000000208544773	shard_2081_batch_3.tar	53686784	227330	1275961344	3704082
10476	15808	AF-0000000208544724	shard_1981_batch_3.tar	87374336	246106	219046912	4403705
10476	15834	AF-0000000208544764	shard_1951_batch_3.tar	110132224	219328	1311012864	3511747
10476	17908	AF-0000000208544779	shard_2063_batch_3.tar	52853760	211065	541857792	3163171
10476	18545	AF-0000000208544769	shard_1937_batch_3.tar	15459840	218799	473328640	3393604
10479	12493	AF-0000000208470595	shard_2039_batch_3.tar	103684608	108962	507424768	752224
10479	12597	AF-0000000208470557	shard_53_batch_3.tar	66433536	73977	502475264	357983
10479	13559	AF-0000000208470583	shard_2053_batch_3.tar	113076224	116446	500733440	904440
10479	14740	AF-0000000208470575	shard_2003_batch_3.tar	54347264	147653	1151299584	1561492
10482	2495	AF-0000000208429273	shard_23_batch_2.tar	8286208	52665	296990208	193956
10483	11589	AF-0000000208534618	shard_1375_batch_1.tar	5658112	195605	1543117824	2945579
10483	14188	AF-0000000208534604	shard_1939_batch_3.tar	33406464	145971	540110336	1559327
10483	15781	AF-0000000208534611	shard_145_batch_3.tar	67619328	146780	781037568	1575677
10483	16670	AF-0000000208534605	shard_2083_batch_3.tar	8584192	146375	1065825792	1652652
10483	19166	AF-0000000208534595	shard_1381_batch_1.tar	107598848	202142	3229002240	2968186
10484	19067	AF-0000000208791975	shard_2011_batch_4.tar	70177280	75757	1236896256	386189
10486	11409	AF-0000000208285229	shard_2039_batch_2.tar	38940160	79003	1043730944	426513
10486	12017	AF-0000000208285216	shard_57_batch_2.tar	17962496	79307	520413184	423427
10486	12563	AF-0000000208285235	shard_1995_batch_2.tar	33929216	92817	240711168	601305
10486	14532	AF-0000000208285236	shard_1907_batch_2.tar	35305472	81017	935215616	470109
10486	14588	AF-0000000208285233	shard_2031_batch_2.tar	38895616	151557	1068029440	1574781
10486	14843	AF-0000000208285220	shard_31_batch_2.tar	51999232	61302	327263744	245808
10486	15218	AF-0000000208285226	shard_1951_batch_2.tar	97945088	77901	287504896	433043
10486	15457	AF-0000000208285218	shard_1963_batch_2.tar	78916096	77744	1282981376	433951
10486	17750	AF-0000000208285210	shard_77_batch_2.tar	68544000	90328	731377152	594108
10486	19156	AF-0000000208285219	shard_2017_batch_2.tar	6803456	94193	629072896	634053
10486	19221	AF-0000000208285239	shard_2003_batch_2.tar	16791552	84703	1482253312	513576
10488	14429	AF-0000000208786613	shard_2009_batch_4.tar	63766016	253445	1296032256	4597161
10491	12689	AF-0000000208319838	shard_1217_batch_2.tar	35256320	321181	1910966784	7398514
10491	15330	AF-0000000208319843	shard_1203_batch_1.tar	112706048	260669	1578764288	4875386
10494	14116	AF-0000000208720906	shard_2081_batch_4.tar	101156864	119605	978792448	1066421
10496	12441	AF-0000000208412079	shard_1953_batch_3.tar	73276416	81646	1249982464	470519
10498	14162	AF-0000000208307781	shard_89_batch_2.tar	19024384	93955	317258752	655380
10498	16649	AF-0000000208307775	shard_87_batch_2.tar	20231168	95871	646603264	670303
10498	16978	AF-0000000208307788	shard_85_batch_2.tar	44913152	91605	352517120	598320
10498	17701	AF-0000000208307782	shard_65_batch_2.tar	69082112	79713	306499072	472697
10500	11152	AF-0000000208340086	shard_143_batch_2.tar	19017728	143437	479419392	1441091
10500	14075	AF-0000000208340099	shard_127_batch_2.tar	52460032	132217	1368512000	1162145
10500	14655	AF-0000000208340193	shard_1967_batch_2.tar	40812032	129413	459300864	1159275
10500	16036	AF-0000000208340092	shard_127_batch_2.tar	9387008	129396	1313232896	1148813
10500	16431	AF-0000000208340105	shard_139_batch_2.tar	20270592	140986	1056976384	1377947
10500	16672	AF-0000000208340190	shard_1929_batch_2.tar	81998336	121251	890561536	971375
10500	18819	AF-0000000208340071	shard_127_batch_2.tar	52078592	132032	1272153600	1152990
10500	18858	AF-0000000208340211	shard_2037_batch_2.tar	98159104	130175	1031100928	1181356
10500	19126	AF-0000000208340170	shard_1913_batch_2.tar	97061888	124872	221412864	1068226
10508	8173	AF-0000000208724003	shard_1363_batch_2.tar	33497600	182365	257744384	2515154
10508	11956	AF-0000000208723986	shard_125_batch_4.tar	4513792	125743	452089344	1101001
10508	12668	AF-0000000208724011	shard_111_batch_4.tar	42355200	110712	348825088	907616
10508	12785	AF-0000000208723999	shard_83_batch_4.tar	18092544	93648	254285312	607032
10508	13677	AF-0000000208723987	shard_31_batch_4.tar	5037568	59019	198809600	246195
10508	14124	AF-0000000208724010	shard_31_batch_4.tar	1447936	59850	172393472	231707
10508	14557	AF-0000000208723994	shard_37_batch_4.tar	5634048	62841	205415936	277762
10508	16168	AF-0000000208724009	shard_117_batch_4.tar	61517312	114166	1037485056	977747
10508	17975	AF-0000000208723997	shard_35_batch_4.tar	5237760	61036	157532160	272459
10509	11787	AF-0000000208741690	shard_2031_batch_4.tar	6043136	212968	501439488	3362503
10509	11969	AF-0000000208741789	shard_1395_batch_2.tar	33377280	221934	1240117248	3609279
10509	13782	AF-0000000208741785	shard_1909_batch_4.tar	108876288	193502	351340544	2758882
10509	14445	AF-0000000208741695	shard_1917_batch_4.tar	80452608	153400	363973120	1773135
10509	14446	AF-0000000208741759	shard_1945_batch_4.tar	41176576	158094	267670528	1906941
10509	14539	AF-0000000208741685	shard_1985_batch_4.tar	97524736	212111	1411984896	3292776
10509	14810	AF-0000000208741751	shard_2031_batch_4.tar	12047360	196793	768630784	2872461
10509	15944	AF-0000000208741765	shard_2023_batch_4.tar	98787840	222929	546333184	3517328
10509	17268	AF-0000000208741684	shard_2017_batch_4.tar	74332160	203407	1085295104	3023171
10509	18970	AF-0000000208741740	shard_1945_batch_4.tar	90586624	185689	1170027520	2598408
10509	19112	AF-0000000208741761	shard_2061_batch_4.tar	71736320	203970	1066224640	3036013
10510	4836	AF-0000000208519342	shard_2019_batch_3.tar	19347456	195506	648990720	2880839
10510	6383	AF-0000000208519356	shard_1201_batch_2.tar	58238464	244786	299056640	4599836
10510	7196	AF-0000000208519338	shard_1935_batch_3.tar	12054528	214455	214651392	3529692
10510	10647	AF-0000000208519289	shard_2023_batch_3.tar	17486336	189473	946342912	2780945
10510	10725	AF-0000000208519232	shard_1383_batch_1.tar	32942080	204691	3072218112	3176168
10510	10901	AF-0000000208519353	shard_1959_batch_3.tar	56855552	183299	258067456	2617643
10510	14126	AF-0000000208519321	shard_1895_batch_3.tar	104986624	176396	820958208	2379987
10510	14198	AF-0000000208519312	shard_2033_batch_3.tar	56886272	223795	1032866304	3881076
10510	14315	AF-0000000208519283	shard_2057_batch_3.tar	100169728	177465	824796672	2438624
10510	14856	AF-0000000208519295	shard_1999_batch_3.tar	33479168	194265	295824896	2904867
10510	16184	AF-0000000208519319	shard_2083_batch_3.tar	13187072	215132	645815808	3505812
10510	18466	AF-0000000208519219	shard_1209_batch_2.tar	107407360	271684	1611309056	5592304
10510	18983	AF-0000000208519223	shard_1355_batch_1.tar	150671872	176447	938866176	2362686
10512	7874	AF-0000000204613874	shard_2032_batch_0.tar	109413376	338544	736799232	8095246
10512	10694	AF-0000000204613875	shard_2012_batch_0.tar	5871616	289306	659976704	6138190
10512	11544	AF-0000000204613805	shard_1218_batch_0.tar	18991104	358474	10170501632	9403340
10512	12364	AF-0000000204613807	shard_2054_batch_0.tar	109743104	282791	921685504	5738474
10512	13975	AF-0000000204613886	shard_2012_batch_0.tar	44305920	306406	283455488	6652387
10512	14578	AF-0000000204613832	shard_2022_batch_0.tar	36765184	300061	1131393024	6456725
10512	15308	AF-0000000204613759	shard_1214_batch_0.tar	299382272	309970	814230016	6824034
10512	15939	AF-0000000204613822	shard_2032_batch_0.tar	125360128	309422	683814400	6832172
10513	11569	AF-0000000208551308	shard_1207_batch_2.tar	66630144	269027	2044457984	4974107
10513	12284	AF-0000000208551314	shard_1385_batch_1.tar	39041536	205385	3148371968	2901251
10513	13505	AF-0000000208551306	shard_1207_batch_2.tar	17617408	265765	2146932224	4704391
10513	14309	AF-0000000208551305	shard_1397_batch_1.tar	170407936	219860	3790166528	3358316
10513	18669	AF-0000000208551307	shard_1397_batch_1.tar	221899776	228171	772769792	3533062
10515	15560	AF-0000000208540223	shard_143_batch_3.tar	102328832	140437	1417743360	1482781
10516	19003	AF-0000000208481311	shard_1379_batch_1.tar	79460352	203144	2059255808	3006685
10517	16264	AF-0000000208349612	shard_1893_batch_2.tar	12913152	174369	831541248	2572416
10517	18122	AF-0000000208349607	shard_2067_batch_2.tar	26422272	107270	1174375424	924661
10527	4118	AF-0000000208453661	shard_131_batch_3.tar	37843968	130736	977536000	1274243
10527	16114	AF-0000000208453646	shard_155_batch_3.tar	119128064	155139	904868864	1750170
10527	17927	AF-0000000208453667	shard_131_batch_3.tar	38765056	131023	629837312	1266628
10528	13372	AF-0000000208356352	shard_1913_batch_2.tar	18164736	137138	270098944	1406878
10533	12208	AF-0000000208588250	shard_1925_batch_3.tar	29216768	95304	1140962816	626386
10533	18831	AF-0000000208588249	shard_1899_batch_3.tar	57448448	124527	429587456	1165019
10537	13538	AF-0000000208553811	shard_2009_batch_3.tar	90735104	144980	769877504	1599132
10538	10690	AF-0000000204032810	shard_2032_batch_0.tar	42673152	100775	669752832	718922
10538	12136	AF-0000000204032863	shard_1954_batch_0.tar	77224960	132504	300080128	1247900
10538	13930	AF-0000000204032880	shard_2060_batch_0.tar	101202432	122990	619785216	1027411
10538	14645	AF-0000000204032898	shard_54_batch_0.tar	75762688	76769	266644992	411033
10538	14812	AF-0000000204032834	shard_2030_batch_0.tar	29360128	75566	1546851328	383285
10538	15474	AF-0000000204032843	shard_2028_batch_0.tar	85351936	148112	1121547776	1659998
10538	15737	AF-0000000204032809	shard_1948_batch_0.tar	86047744	89843	1246232576	584019
10538	16730	AF-0000000204032814	shard_1920_batch_0.tar	67130880	77075	1172673536	408214
10538	16833	AF-0000000204032907	shard_2010_batch_0.tar	121327616	77172	459963392	409686
10538	17012	AF-0000000204032871	shard_1928_batch_0.tar	5037568	93779	431331840	632071
10538	17134	AF-0000000204032942	shard_52_batch_0.tar	60571136	75519	215257600	385251
10538	18035	AF-0000000204032824	shard_2018_batch_0.tar	50706944	126881	1749276672	1094244
10540	12186	AF-0000000208547574	shard_1913_batch_3.tar	27301376	115337	1240867328	940203
10540	18982	AF-0000000208547551	shard_2037_batch_3.tar	29030400	121237	1236629504	1095339
10544	10690	AF-0000000208284414	shard_1935_batch_2.tar	108197888	87889	1196983296	525559
10544	12578	AF-0000000208284411	shard_163_batch_2.tar	78791168	168801	412161024	2048463
10544	14565	AF-0000000208284379	shard_39_batch_2.tar	4062208	66410	179170816	294108
10544	14655	AF-0000000208284495	shard_45_batch_2.tar	37239296	70599	219806720	317127
10544	14812	AF-0000000208284432	shard_1963_batch_2.tar	30800896	63161	928839680	254875
10544	16036	AF-0000000208284389	shard_45_batch_2.tar	14115840	70472	158476800	317778
10544	16377	AF-0000000208284448	shard_2053_batch_2.tar	89605632	69031	1471461888	299997
10544	17454	AF-0000000208284412	shard_1909_batch_2.tar	70693376	70251	755096576	360180
10544	17692	AF-0000000208284481	shard_1951_batch_2.tar	10193920	76656	438144512	372865
10544	18308	AF-0000000208284394	shard_39_batch_2.tar	31812608	67538	388683776	296523
10544	18413	AF-0000000208284375	shard_49_batch_2.tar	32522752	74374	386407424	352385
10546	614	AF-0000000208335327	shard_2023_batch_2.tar	12288000	107603	559758336	854567
10546	1655	AF-0000000208335239	shard_147_batch_2.tar	49022976	141354	1545657344	1486445
10546	6413	AF-0000000208335345	shard_2035_batch_2.tar	77476864	133923	838737920	1307832
10546	9773	AF-0000000208335233	shard_105_batch_2.tar	74789888	105415	400903680	822449
10546	10550	AF-0000000208335473	shard_1203_batch_1.tar	61843968	243902	2467662336	4341578
10546	10681	AF-0000000208335446	shard_113_batch_2.tar	19996672	111230	500437504	931159
10546	10710	AF-0000000208335431	shard_109_batch_2.tar	64852480	108405	840494080	840059
10546	11013	AF-0000000208335539	shard_2041_batch_2.tar	37713920	200607	493375488	3111947
10546	11043	AF-0000000208335339	shard_2055_batch_2.tar	44063744	108964	344958976	883476
10546	11684	AF-0000000208335204	shard_151_batch_2.tar	118485504	144714	572512768	1538184
10546	11787	AF-0000000208335234	shard_167_batch_2.tar	107760640	166154	535264768	2014957
10546	11859	AF-0000000208335375	shard_1943_batch_2.tar	58496000	109203	407707648	890010
10546	12375	AF-0000000208335450	shard_137_batch_2.tar	108951552	132391	1299196416	1278794
10546	13169	AF-0000000208335372	shard_2083_batch_2.tar	116481024	119962	349592064	1117504
10546	13849	AF-0000000208335391	shard_109_batch_2.tar	110103552	108328	399275520	856108
10546	13930	AF-0000000208335393	shard_1977_batch_2.tar	25864192	152310	969357312	1667294
10546	14281	AF-0000000208335542	shard_1917_batch_2.tar	107475456	112105	1215699968	908328
10546	14409	AF-0000000208335329	shard_1985_batch_2.tar	25886208	119272	1237373440	1027873
10546	14523	AF-0000000208335533	shard_2079_batch_2.tar	75483136	149249	670242816	1655832
10546	14536	AF-0000000208335303	shard_1911_batch_2.tar	54798848	125372	959634944	1227458
10546	14570	AF-0000000208335318	shard_2059_batch_2.tar	95919616	117354	1010562560	1024367
10546	14889	AF-0000000208335192	shard_117_batch_2.tar	89810432	112463	430060544	926729
10546	15762	AF-0000000208335290	shard_1199_batch_1.tar	62605312	234121	1896760832	4335341
10546	15994	AF-0000000208335246	shard_1397_batch_1.tar	22716928	215233	3622669824	3273523
10546	16136	AF-0000000208335427	shard_151_batch_2.tar	128549888	145730	683680256	1588192
10546	16289	AF-0000000208335241	shard_1201_batch_1.tar	69940736	247294	3213286400	4662383
10546	16436	AF-0000000208335382	shard_169_batch_2.tar	62477312	171657	1633974272	2290585
10546	16438	AF-0000000208335359	shard_2023_batch_2.tar	5745152	169890	716431360	2189258
10546	16850	AF-0000000208335301	shard_1959_batch_2.tar	50579968	97861	1354727424	696385
10546	17651	AF-0000000208335543	shard_2057_batch_2.tar	90784256	132443	997460992	1289187
10546	18035	AF-0000000208335307	shard_1975_batch_2.tar	1773568	156032	287612928	1757847
10546	18049	AF-0000000208335544	shard_1957_batch_2.tar	83917824	96616	365342720	681468
10546	18476	AF-0000000208335180	shard_1951_batch_2.tar	4089344	135874	1401079296	1407546
10546	18983	AF-0000000208335203	shard_111_batch_2.tar	15934464	110503	691353600	874540
10546	19026	AF-0000000208335408	shard_107_batch_2.tar	13978624	106477	1058065408	847179
10546	19126	AF-0000000208335421	shard_109_batch_2.tar	89718784	108335	441870336	855307
10546	19196	AF-0000000208335283	shard_129_batch_2.tar	123863552	125011	532871168	1201532
10547	16151	AF-0000000211137017	shard_1376_batch_0.tar	151784448	199596	2779716096	2797455
10548	2954	AF-0000000204068118	shard_1212_batch_0.tar	260925440	284932	5852844544	5719699
10548	15994	AF-0000000204068116	shard_1210_batch_0.tar	153071104	282418	5117729792	5558114
10550	11489	AF-0000000208687904	shard_1371_batch_2.tar	8960000	185414	1385528320	2412048
10550	12046	AF-0000000208687942	shard_1209_batch_2.tar	843776	260524	317643776	4819987
10550	12181	AF-0000000208687922	shard_1205_batch_2.tar	97494528	253654	2154960896	4610656
10550	12194	AF-0000000208687957	shard_1211_batch_2.tar	96250880	271730	2852792320	5126672
10550	12419	AF-0000000208687950	shard_1395_batch_2.tar	57564672	213967	1282533376	3193437
10550	13042	AF-0000000208687934	shard_1209_batch_2.tar	116978176	267034	881931264	5187339
10550	13383	AF-0000000208687965	shard_1207_batch_2.tar	128710144	254475	2642518016	4616307
10550	13783	AF-0000000208687959	shard_1381_batch_2.tar	7838720	195337	1368486400	2727734
10550	13796	AF-0000000208687901	shard_1371_batch_2.tar	10480128	185174	1035002880	2413239
10550	14332	AF-0000000208687968	shard_1207_batch_2.tar	19213824	257865	1572767744	4677806
10550	15434	AF-0000000208687952	shard_1209_batch_2.tar	106598912	261800	2352413696	4986890
10550	15649	AF-0000000208687943	shard_1211_batch_2.tar	86138368	279635	306051584	5374791
10550	17197	AF-0000000208687902	shard_1371_batch_2.tar	72136704	185309	487100928	2432148
10550	18410	AF-0000000208687946	shard_1203_batch_2.tar	19388928	246428	2108816384	4328800
10552	11633	AF-0000000208714145	shard_1369_batch_2.tar	46036992	186565	1377845760	2715966
10554	11665	AF-0000000203617023	shard_2060_batch_0.tar	51960320	114618	653856256	936076
10554	16434	AF-0000000203617024	shard_1912_batch_0.tar	83489792	114661	1519531008	921836
10554	16832	AF-0000000203617022	shard_1900_batch_0.tar	20471808	111797	1610161664	858761
10557	13306	AF-0000000208577852	shard_1913_batch_3.tar	28446720	105403	1043126784	745331
10557	15025	AF-0000000208577841	shard_2031_batch_3.tar	75623936	192932	266227712	2706626
10560	14198	AF-0000000208691295	shard_2073_batch_4.tar	74286080	138689	289870336	1328831
10564	12538	AF-0000000208491250	shard_2013_batch_3.tar	30832128	119781	1183996928	975499
10566	1992	AF-0000000208716598	shard_1361_batch_2.tar	23225344	179601	522792448	2339960
10566	8905	AF-0000000208716577	shard_167_batch_4.tar	18193408	173048	2185876480	2223852
10566	10735	AF-0000000208716540	shard_2021_batch_4.tar	69075456	144622	784921600	1537771
10566	10826	AF-0000000208716538	shard_1927_batch_4.tar	90161664	162021	466401280	1927780
10566	11081	AF-0000000208716615	shard_1365_batch_2.tar	16573440	181897	482106368	2401418
10566	11871	AF-0000000208716633	shard_1347_batch_2.tar	146035200	165955	1614007808	2015652
10566	12285	AF-0000000208716631	shard_119_batch_4.tar	84390912	117502	928620544	1019249
10566	13579	AF-0000000208716581	shard_117_batch_4.tar	51228160	117258	600599040	979884
10566	14785	AF-0000000208716626	shard_147_batch_4.tar	136449024	144189	742161920	1581867
10566	15728	AF-0000000208716599	shard_159_batch_4.tar	133808640	157638	1741023744	1801851
10566	15729	AF-0000000208716611	shard_125_batch_4.tar	58401792	121272	839981056	1120262
10566	16257	AF-0000000208716607	shard_141_batch_4.tar	29591040	138692	1444445184	1390325
10566	16288	AF-0000000208716539	shard_1915_batch_4.tar	30768128	143209	1419614720	1519647
10566	16612	AF-0000000208716537	shard_1911_batch_4.tar	108129792	162223	291644928	1980237
10566	16618	AF-0000000208716610	shard_149_batch_4.tar	5522432	147864	746222080	1618793
10566	17322	AF-0000000208716541	shard_1927_batch_4.tar	87820288	150804	1302205440	1711065
10566	17397	AF-0000000208716587	shard_1359_batch_2.tar	178450944	175630	811439616	2300043
10566	17435	AF-0000000208716595	shard_129_batch_4.tar	128034816	127835	1306021888	1159361
10566	17860	AF-0000000208716605	shard_145_batch_4.tar	143248896	141899	1311932928	1437395
10567	11489	AF-0000000208791989	shard_1915_batch_4.tar	13927936	127914	689137152	1151163
10567	12961	AF-0000000208792008	shard_1931_batch_4.tar	34724864	137429	1205691392	1319365
10567	13796	AF-0000000208791986	shard_1955_batch_4.tar	21472768	128196	958029824	1157241
10567	14288	AF-0000000208792005	shard_1983_batch_4.tar	74330624	285842	730457600	5898919
10567	14479	AF-0000000208792007	shard_2047_batch_4.tar	26093056	189058	255254528	2651440
10567	15452	AF-0000000208791988	shard_1999_batch_4.tar	53358592	128218	737268736	1178366
10567	17197	AF-0000000208791987	shard_1973_batch_4.tar	92821504	127641	418704896	1175253
10571	11795	AF-0000000208557530	shard_169_batch_3.tar	113992704	175868	2327919104	2363755
10571	14160	AF-0000000208557544	shard_61_batch_3.tar	62756352	77599	546419200	448255
10571	16319	AF-0000000208557561	shard_1935_batch_3.tar	70208000	94222	1013335040	647476
10571	17897	AF-0000000208557539	shard_55_batch_3.tar	57865728	74045	402389504	399641
10571	17899	AF-0000000208557522	shard_63_batch_3.tar	4560384	78513	377085952	443198
10576	15125	AF-0000000208436850	shard_147_batch_3.tar	97319936	145146	1313916416	1508002
10576	15348	AF-0000000208436869	shard_1369_batch_1.tar	95224832	193668	2628040192	2722588
10576	16081	AF-0000000208436862	shard_141_batch_3.tar	31442432	142809	500964864	1484080
10579	3618	AF-0000000208315214	shard_133_batch_2.tar	51762688	131112	483466240	1288698
10579	6383	AF-0000000208315234	shard_137_batch_2.tar	117417472	134886	777752576	1340092
10579	8460	AF-0000000208315140	shard_1925_batch_2.tar	90259456	54928	964894720	195061
10579	11066	AF-0000000208315203	shard_125_batch_2.tar	58989568	126251	726210560	1104175
10579	11152	AF-0000000208315095	shard_1919_batch_2.tar	91176448	82860	958899712	497424
10579	11795	AF-0000000208315127	shard_1977_batch_2.tar	1986048	164415	272565248	2038847
10579	12088	AF-0000000208315072	shard_147_batch_2.tar	78664704	146409	591002624	1490144
10579	12432	AF-0000000208315132	shard_1983_batch_2.tar	76231680	72969	1048451072	347884
10579	12793	AF-0000000208315164	shard_131_batch_2.tar	98284032	129383	324639744	1180777
10579	14565	AF-0000000208315092	shard_2057_batch_2.tar	75214336	64486	1102648832	283104
10579	14895	AF-0000000208315061	shard_129_batch_2.tar	109035008	128327	362197504	1212729
10579	15293	AF-0000000208315155	shard_49_batch_2.tar	69476864	72289	474766336	355098
10579	15299	AF-0000000208315236	shard_51_batch_2.tar	60631040	72486	325901312	372303
10579	15334	AF-0000000208315154	shard_2077_batch_2.tar	97295360	73795	483155968	384012
10579	15680	AF-0000000208315102	shard_2037_batch_2.tar	15674368	128790	1330840576	1263625
10579	17040	AF-0000000208315135	shard_2069_batch_2.tar	34271232	66545	473397248	294297
10579	17248	AF-0000000208315173	shard_1913_batch_2.tar	75204096	73817	920077824	357570
10579	17316	AF-0000000208315166	shard_1973_batch_2.tar	103822336	64557	564053504	282361
10579	17500	AF-0000000208315193	shard_23_batch_2.tar	34544640	55026	164803584	194108
10579	18355	AF-0000000208315220	shard_125_batch_2.tar	53870080	123092	849789952	1135100
10580	1567	AF-0000000208703414	shard_1361_batch_2.tar	113165824	181128	2516822016	2436953
10580	11020	AF-0000000208703393	shard_1367_batch_2.tar	57606144	186611	610605056	2534695
10580	11103	AF-0000000208703392	shard_1395_batch_2.tar	72052736	216454	1805996544	3391779
10580	11410	AF-0000000208703390	shard_1371_batch_2.tar	65851904	190450	914095104	2612344
10580	11467	AF-0000000208703391	shard_1395_batch_2.tar	45934592	216471	419807744	3401686
10580	13327	AF-0000000211137029	shard_1395_batch_2.tar	78664192	218800	461328384	3397396
10580	14298	AF-0000000208703402	shard_1361_batch_2.tar	65898496	179623	1509107712	2416629
10580	14313	AF-0000000208703389	shard_1393_batch_2.tar	106184704	217271	1853539840	3351167
10580	17048	AF-0000000208703407	shard_167_batch_4.tar	18889216	174933	504439296	2133005
10582	3257	AF-0000000208458717	shard_1199_batch_1.tar	208630272	240042	3697869824	4520095
10582	10861	AF-0000000208458729	shard_151_batch_3.tar	97858560	148976	1815332864	1661309
10582	11009	AF-0000000208458760	shard_1967_batch_3.tar	46468096	172425	465455104	2303479
10582	11542	AF-0000000208458733	shard_1375_batch_1.tar	15059456	192458	1568092160	2890139
10582	11817	AF-0000000208458698	shard_1389_batch_1.tar	91829248	208295	470512640	3423494
10582	11876	AF-0000000208458641	shard_1897_batch_3.tar	78695424	211352	1244118016	3555151
10582	12044	AF-0000000208458646	shard_1365_batch_1.tar	119703040	182219	2018129920	2553058
10582	12050	AF-0000000208458668	shard_161_batch_3.tar	9862656	161963	701348352	2021962
10582	12561	AF-0000000208458728	shard_1359_batch_1.tar	6632448	175096	2440146432	2413873
10582	12942	AF-0000000208458705	shard_129_batch_3.tar	43849216	125555	839336448	1176687
10582	13125	AF-0000000208458739	shard_1913_batch_3.tar	90459136	158346	1227070976	1984167
10582	13457	AF-0000000208458742	shard_1975_batch_3.tar	56815616	131034	824548864	1288082
10582	13869	AF-0000000208458674	shard_1365_batch_1.tar	66547712	180004	835148800	2602785
10582	14178	AF-0000000208458691	shard_157_batch_3.tar	4472832	154363	1141375488	1873812
10582	14364	AF-0000000208458696	shard_1375_batch_1.tar	57663488	191024	1716535808	2776662
10582	14891	AF-0000000208458703	shard_1367_batch_1.tar	90003456	181916	2353849856	2601740
10582	15048	AF-0000000208458661	shard_1389_batch_1.tar	145787392	207805	1377951744	3407735
10582	15065	AF-0000000208458642	shard_2017_batch_3.tar	74297344	209809	806241792	3533596
10582	15409	AF-0000000208458730	shard_1391_batch_1.tar	209590272	208809	2631805440	3387998
10582	15410	AF-0000000208458644	shard_1393_batch_1.tar	126674432	211531	2736244224	3590629
10582	15678	AF-0000000208458640	shard_1987_batch_3.tar	69521920	211050	245920256	3520224
10582	15947	AF-0000000208458712	shard_1203_batch_1.tar	202228736	247720	4103016448	4859695
10582	16271	AF-0000000208458643	shard_1395_batch_1.tar	85443584	212614	2191842304	3660888
10582	17030	AF-0000000208458719	shard_153_batch_3.tar	34625536	151700	364442112	1697463
10582	17225	AF-0000000208458737	shard_1949_batch_3.tar	62060544	182479	895497216	2568054
10582	17251	AF-0000000208458692	shard_155_batch_3.tar	114742272	152538	1624682496	1830929
10582	17495	AF-0000000208458647	shard_1393_batch_1.tar	33265152	214151	2947761152	3459039
10582	17591	AF-0000000208458663	shard_1359_batch_1.tar	89357312	178386	2192365568	2458804
10582	17699	AF-0000000208458649	shard_1405_batch_1.tar	179373568	230034	2171108864	3974379
10582	17804	AF-0000000208458743	shard_1945_batch_3.tar	39938048	208347	986531328	3411967
10582	18500	AF-0000000208458651	shard_139_batch_3.tar	88949248	134284	473565696	1406870
10582	18824	AF-0000000208458740	shard_1935_batch_3.tar	55281664	207686	1034003968	3404289
10582	18914	AF-0000000208458677	shard_1371_batch_1.tar	135824896	188600	944833536	2714190
10582	18975	AF-0000000208458671	shard_1199_batch_1.tar	95020032	238611	3302879232	4483847
10582	19240	AF-0000000211137030	shard_169_batch_3.tar	99165184	175941	506087424	2362780
10584	12814	AF-0000000208615227	shard_1205_batch_2.tar	82860032	263817	955377664	5356896
10585	14672	AF-0000000208729190	shard_1189_batch_2.tar	38480896	221833	678438400	3738928
10587	10632	AF-0000000208517270	shard_2045_batch_3.tar	65677312	156756	644870144	1807359
10587	13520	AF-0000000208517259	shard_81_batch_3.tar	26958336	92190	181744640	596183
10587	17505	AF-0000000208517266	shard_2039_batch_3.tar	18387456	91202	252366336	625279
10587	17913	AF-0000000208517262	shard_1939_batch_3.tar	97663488	111127	599144448	905565
10589	11930	AF-0000000208595935	shard_1903_batch_3.tar	48869376	173907	1170776064	2185634
10589	13926	AF-0000000208595978	shard_155_batch_4.tar	59055104	157538	1674573824	1827490
10589	14089	AF-0000000208595957	shard_143_batch_4.tar	82120192	144526	1619275776	1460792
10589	15510	AF-0000000208595964	shard_1361_batch_2.tar	3255296	182452	825365504	2356980
10590	13086	AF-0000000208532904	shard_1999_batch_3.tar	32086016	182521	359056896	2243912
10590	14549	AF-0000000208532910	shard_1893_batch_3.tar	80131072	99045	1204998144	689976
10590	15918	AF-0000000208532916	shard_2003_batch_3.tar	96380416	94401	1239833600	634885
10592	110	AF-0000000208520730	shard_1953_batch_3.tar	52948992	109261	1098356224	861411
10592	6834	AF-0000000208520744	shard_2035_batch_3.tar	67843072	117771	1142773760	976535
10592	12144	AF-0000000208520767	shard_1391_batch_1.tar	117659136	212595	2562715136	2980943
10592	12265	AF-0000000208520746	shard_1913_batch_3.tar	47738880	123143	746336256	1069492
10592	13311	AF-0000000208520729	shard_2067_batch_3.tar	38589952	117379	570751488	995190
10592	16464	AF-0000000208520754	shard_1969_batch_3.tar	77698048	77051	576381952	422091
10592	18133	AF-0000000208520738	shard_1921_batch_3.tar	70431744	77488	1213652992	419832
10592	18807	AF-0000000208520750	shard_2041_batch_3.tar	71256064	123001	1143792640	1072044
10593	12208	AF-0000000208714146	shard_55_batch_4.tar	70194176	74681	453760512	371071
10594	12352	AF-0000000203470648	shard_2000_batch_0.tar	41640448	127641	735424512	1190341
10602	2121	AF-0000000208621805	shard_77_batch_4.tar	8126976	88940	280631808	553598
10602	13182	AF-0000000208621893	shard_2021_batch_4.tar	101833728	123239	882191360	1037243
10602	14495	AF-0000000208621813	shard_81_batch_4.tar	68497408	94582	586001920	580958
10602	15378	AF-0000000208621822	shard_111_batch_4.tar	87569408	111323	663593984	939044
10605	15238	AF-0000000211137055	shard_125_batch_3.tar	26376192	125588	255916544	1114478
10607	11718	AF-0000000208743631	shard_113_batch_4.tar	22672384	117349	778708480	1000836
10610	9000	AF-0000000208608003	shard_1403_batch_2.tar	54667264	233403	2071824384	4193384
10610	11536	AF-0000000208607943	shard_1397_batch_2.tar	83631104	221868	1491807744	3713572
10610	12068	AF-0000000208607992	shard_1217_batch_2.tar	141851648	331444	341812736	7859977
10610	12806	AF-0000000208607926	shard_1921_batch_4.tar	88151552	226641	1341647360	3892447
10610	14549	AF-0000000208607925	shard_2019_batch_4.tar	32607744	206294	853275648	3276223
10610	19259	AF-0000000208607913	shard_1999_batch_4.tar	78631424	221765	862288384	3746194
10611	3586	AF-0000000208683366	shard_153_batch_4.tar	93309440	151426	1126072320	1709163
10611	10674	AF-0000000208683292	shard_99_batch_4.tar	58671104	100871	880075264	751536
10611	10778	AF-0000000208683358	shard_139_batch_4.tar	124221440	133892	965065728	1244924
10611	11536	AF-0000000208683288	shard_1925_batch_4.tar	92739584	117067	264371712	976199
10611	12249	AF-0000000208683332	shard_85_batch_4.tar	10414080	90475	699913728	612844
10611	12797	AF-0000000208683354	shard_151_batch_4.tar	91127296	144377	1744570880	1513985
10611	12806	AF-0000000208683271	shard_1939_batch_4.tar	57163264	121643	428659712	1087025
10611	12838	AF-0000000208683343	shard_123_batch_4.tar	7141888	118881	1016208896	1009495
10611	13386	AF-0000000208683268	shard_2041_batch_4.tar	48733696	200546	1144587776	2965650
10611	13673	AF-0000000208683360	shard_133_batch_4.tar	27104768	131745	1300376064	1254409
10611	14941	AF-0000000208683281	shard_1939_batch_4.tar	80393216	190483	483009536	2663503
10611	15364	AF-0000000208683267	shard_1959_batch_4.tar	89635328	158167	1323580416	1833928
10611	16008	AF-0000000208683287	shard_101_batch_4.tar	64744960	104159	473441792	784194
10611	16210	AF-0000000208683312	shard_109_batch_4.tar	96413184	109352	619489792	839071
10611	18587	AF-0000000208683294	shard_153_batch_4.tar	35464192	151122	1008638976	1748286
10613	1796	AF-0000000204154732	shard_1920_batch_0.tar	78206464	146341	339965952	1519408
10613	6278	AF-0000000204154778	shard_1940_batch_0.tar	107330560	53775	584023040	208309
10613	9784	AF-0000000204154638	shard_1370_batch_0.tar	125236224	192324	1239463424	2581327
10613	10616	AF-0000000204154378	shard_1960_batch_0.tar	23623168	193851	1479763456	2849697
10613	10910	AF-0000000204154695	shard_18_batch_0.tar	43687424	50158	251762688	179406
10613	10999	AF-0000000204154674	shard_16_batch_0.tar	38595584	47436	206100992	165086
10613	11070	AF-0000000204154565	shard_2068_batch_0.tar	82440192	84496	1705969152	534433
10613	11152	AF-0000000204154433	shard_62_batch_0.tar	71977984	76705	359105024	459795
10613	11356	AF-0000000204154672	shard_44_batch_0.tar	49559552	67040	290874880	325693
10613	11375	AF-0000000204154705	shard_146_batch_0.tar	57483264	146033	395789312	1624624
10613	11439	AF-0000000204154720	shard_1984_batch_0.tar	81929728	84502	802078720	540336
10613	11523	AF-0000000204154452	shard_1396_batch_0.tar	59579904	220815	3098336768	3880500
10613	11867	AF-0000000204154722	shard_1910_batch_0.tar	1498624	120805	844867584	1144723
10613	12447	AF-0000000204154675	shard_72_batch_0.tar	8859136	83968	396284928	515529
10613	12506	AF-0000000204154384	shard_2010_batch_0.tar	119720960	138081	902778368	1476735
10613	12790	AF-0000000204154588	shard_1952_batch_0.tar	7588352	52649	1758748672	190319
10613	13034	AF-0000000204154553	shard_1972_batch_0.tar	120136192	89683	1159915008	615797
10613	13045	AF-0000000204154580	shard_1934_batch_0.tar	58629120	86750	1040882176	524571
10613	13164	AF-0000000204154600	shard_2000_batch_0.tar	63605760	52748	330431488	197902
10613	13822	AF-0000000204154547	shard_1988_batch_0.tar	104936960	53200	1120452608	205280
10613	14353	AF-0000000204154626	shard_2036_batch_0.tar	98282496	52976	387858432	194046
10613	14530	AF-0000000204154769	shard_2068_batch_0.tar	128371200	51849	600331264	202829
10613	14982	AF-0000000204154622	shard_1914_batch_0.tar	40783872	138233	719708672	1535895
10613	15031	AF-0000000204154750	shard_1976_batch_0.tar	66430976	53670	542596096	208497
10613	15130	AF-0000000204154566	shard_1934_batch_0.tar	81607168	87024	1787047936	550164
10613	15265	AF-0000000204154546	shard_1902_batch_0.tar	13958656	121707	1038265856	1067982
10613	15684	AF-0000000204154556	shard_1906_batch_0.tar	15955456	63517	1815805440	296637
10613	15730	AF-0000000204154574	shard_2056_batch_0.tar	110006272	60567	391238656	262083
10613	16241	AF-0000000204154662	shard_46_batch_0.tar	63806976	67846	251601408	328478
10613	16513	AF-0000000204154707	shard_50_batch_0.tar	58310144	70940	236225024	360747
10613	16701	AF-0000000204154571	shard_1944_batch_0.tar	3436032	55384	826342400	217140
10613	16783	AF-0000000204154437	shard_58_batch_0.tar	5635072	74766	372235264	416986
10613	16805	AF-0000000204154712	shard_94_batch_0.tar	59662848	98728	410222080	708760
10613	16990	AF-0000000204154708	shard_60_batch_0.tar	62729728	77860	303177728	430362
10613	17052	AF-0000000204154542	shard_1942_batch_0.tar	22464000	236206	1354014720	4163076
10613	17646	AF-0000000204154464	shard_62_batch_0.tar	27473920	77582	346461696	464237
10613	17888	AF-0000000204154379	shard_2050_batch_0.tar	68355584	116821	1202006016	985232
10613	18308	AF-0000000204154461	shard_30_batch_0.tar	21068800	59340	164474368	251338
10613	18355	AF-0000000204154731	shard_2012_batch_0.tar	131229696	117286	745925120	1056123
10613	18765	AF-0000000204154430	shard_44_batch_0.tar	43902464	66883	223010816	323414
10613	18923	AF-0000000204154382	shard_1914_batch_0.tar	71416832	71840	1339514368	355205
10613	19169	AF-0000000204154592	shard_1920_batch_0.tar	2670080	119591	949533696	1028656
10613	19231	AF-0000000204154390	shard_1932_batch_0.tar	106152960	52928	648062976	190272
10614	16163	AF-0000000208435040	shard_137_batch_3.tar	24436224	135567	1250695168	1393316
10614	17656	AF-0000000208435056	shard_129_batch_3.tar	21360128	128156	336990208	1192864
10614	17988	AF-0000000211177904	shard_131_batch_3.tar	85752832	132873	451963392	1268267
10614	17989	AF-0000000208435030	shard_131_batch_3.tar	10998272	133083	892748800	1281167
10614	17990	AF-0000000208435029	shard_131_batch_3.tar	88760832	132217	1065593344	1255345
10617	13803	AF-0000000208377760	shard_59_batch_2.tar	32397312	76560	454744064	406487
10624	17587	AF-0000000211194289	shard_84_batch_0.tar	58014720	96110	811643392	640773
10630	14288	AF-0000000211195175	shard_1208_batch_0.tar	129691136	271969	4176287232	4981972
10636	13112	AF-0000000208576836	shard_2011_batch_3.tar	56534528	170701	674419200	2148629
10636	13854	AF-0000000208576840	shard_1919_batch_3.tar	104098304	147691	1265423872	1562607
10636	15229	AF-0000000208576848	shard_2065_batch_3.tar	4988416	127730	545898496	1186246
10636	15468	AF-0000000208576846	shard_1913_batch_3.tar	602624	132202	652081152	1305536
10636	16617	AF-0000000208576843	shard_1983_batch_3.tar	13051904	142610	560088576	1485824
10639	18579	AF-0000000208606906	shard_1895_batch_4.tar	512	46991	1122220544	155814
10642	614	AF-0000000208613025	shard_21_batch_4.tar	20501504	54673	238587904	174714
10642	8808	AF-0000000208613061	shard_2073_batch_4.tar	35343872	113794	877718016	937188
10642	11124	AF-0000000208613045	shard_1381_batch_2.tar	17497088	199866	748827136	2721442
10642	11480	AF-0000000208613053	shard_1375_batch_2.tar	81098240	195898	678582784	2800417
10642	12360	AF-0000000208613079	shard_1949_batch_4.tar	10203136	113594	1076583424	945690
10642	12575	AF-0000000208613042	shard_163_batch_4.tar	2998272	164892	1530216960	1992066
10642	12960	AF-0000000208613066	shard_1993_batch_4.tar	62570496	87369	561587712	528451
10642	13169	AF-0000000208613036	shard_41_batch_4.tar	35243008	66944	131507712	294508
10642	13894	AF-0000000208613078	shard_2041_batch_4.tar	90179584	127735	217959424	1166117
10642	14008	AF-0000000208613004	shard_157_batch_4.tar	134751744	157021	1546543104	1732609
10642	14784	AF-0000000208613020	shard_93_batch_3.tar	57363456	99889	579649024	729171
10642	14963	AF-0000000208613029	shard_85_batch_4.tar	5056512	95070	232826880	633700
10642	15016	AF-0000000208613003	shard_163_batch_4.tar	96492032	167285	902364160	1937661
10642	16009	AF-0000000208613006	shard_139_batch_4.tar	113563648	138967	432477696	1376941
10642	16289	AF-0000000208613008	shard_1373_batch_2.tar	54365184	193935	538422272	2768720
10642	16436	AF-0000000208613040	shard_119_batch_4.tar	31633408	118890	604889600	1081467
10642	16438	AF-0000000208613030	shard_113_batch_4.tar	7927296	117375	527190016	974919
10642	16850	AF-0000000208613021	shard_9_batch_3.tar	40632320	44325	113897984	107942
10642	17014	AF-0000000208612996	shard_63_batch_4.tar	47220736	82683	446986240	457420
10642	17441	AF-0000000208613035	shard_65_batch_4.tar	77338624	81000	519316480	444299
10642	17565	AF-0000000208612995	shard_67_batch_4.tar	57069056	86371	175430656	482072
10642	18983	AF-0000000208613001	shard_23_batch_3.tar	24225792	56989	111101440	194061
10642	18985	AF-0000000211195177	shard_87_batch_3.tar	83595264	95464	658802688	621955
10643	3489	AF-0000000208396815	shard_115_batch_2.tar	114451456	116242	629423104	1000068
10644	2878	AF-0000000208731979	shard_1927_batch_4.tar	23287808	127651	955772416	1185952
10644	3257	AF-0000000208732051	shard_1387_batch_2.tar	9152512	205447	381729792	3235262
10644	10930	AF-0000000208732080	shard_2083_batch_4.tar	41237504	107557	450204160	868565
10644	11162	AF-0000000208731895	shard_1949_batch_4.tar	83895296	122478	1009619968	1106014
10644	11574	AF-0000000208731980	shard_2003_batch_4.tar	28815360	125419	277637120	1168763
10644	11817	AF-0000000208731995	shard_1355_batch_2.tar	134534144	174355	700527104	2328308
10644	11995	AF-0000000208731892	shard_1963_batch_4.tar	11224064	148167	633440256	1661146
10644	13290	AF-0000000208731902	shard_1907_batch_4.tar	59532288	101062	1198771200	761949
10644	13325	AF-0000000208731876	shard_2043_batch_4.tar	26606592	174079	372369408	2294370
10644	14269	AF-0000000208732011	shard_79_batch_4.tar	13641216	90608	713728512	562405
10644	15048	AF-0000000208731897	shard_1911_batch_4.tar	39715328	173499	1390248960	2343842
10644	15525	AF-0000000208732111	shard_1953_batch_4.tar	19928576	103873	550640128	828770
10644	15947	AF-0000000208732034	shard_1391_batch_2.tar	16111104	213364	1815984128	3535783
10644	16084	AF-0000000208732149	shard_2039_batch_4.tar	21507072	106050	650864640	829017
10644	16540	AF-0000000208731805	shard_1203_batch_2.tar	20670464	252614	2305021952	4956802
10644	17589	AF-0000000211195183	shard_155_batch_4.tar	137752576	154252	1533396992	1765497
10644	17651	AF-0000000208732172	shard_121_batch_4.tar	23845888	121737	549053952	1075796
10644	17804	AF-0000000208732126	shard_2059_batch_4.tar	94998528	174301	573702656	2340905
10644	18585	AF-0000000208732008	shard_103_batch_4.tar	26220544	106302	343892992	839256
10644	18618	AF-0000000208731933	shard_1977_batch_4.tar	109035008	89295	653849088	569422
10644	18953	AF-0000000208731832	shard_89_batch_4.tar	95739392	97502	771596288	676189
10644	18954	AF-0000000208731831	shard_89_batch_4.tar	69361152	97691	525139968	682873
10644	19126	AF-0000000208732076	shard_2015_batch_4.tar	43645440	97816	1178705408	683698
10644	19158	AF-0000000208731836	shard_89_batch_4.tar	8733184	97517	420205568	677275
10644	19159	AF-0000000208731828	shard_89_batch_4.tar	22761472	97814	681265664	678167
10646	15964	AF-0000000208453160	shard_2059_batch_3.tar	83220480	110786	991266304	916880
10647	1389	AF-0000000208475838	shard_2031_batch_3.tar	20197376	78915	1124262400	443876
10647	10890	AF-0000000208475795	shard_2079_batch_3.tar	23407616	97595	817817600	679738
10647	11066	AF-0000000208475823	shard_1935_batch_3.tar	99319296	129587	594976256	1115568
10647	11075	AF-0000000208475749	shard_35_batch_3.tar	27691520	60347	161525760	249673
10647	11337	AF-0000000208475824	shard_1987_batch_3.tar	60241920	113354	774681600	933085
10647	13495	AF-0000000208475744	shard_101_batch_3.tar	18594304	105738	908726784	830022
10647	14281	AF-0000000208475846	shard_2053_batch_3.tar	98825216	71155	702589952	345202
10647	14300	AF-0000000208475723	shard_53_batch_3.tar	30093824	71154	184034816	351591
10647	16487	AF-0000000208475847	shard_2071_batch_3.tar	7158784	70448	555781120	346464
10647	18355	AF-0000000208475833	shard_1999_batch_3.tar	90697216	126328	1044201984	1160451
10649	13551	AF-0000000208756702	shard_127_batch_4.tar	9406976	121536	974098944	1088151
10652	11166	AF-0000000208331432	shard_9_batch_2.tar	11324928	42640	144445952	123310
10652	14294	AF-0000000208331426	shard_9_batch_2.tar	13095424	42637	129015296	122907
10654	614	AF-0000000208777495	shard_103_batch_4.tar	70333952	109748	830261248	835621
10654	11891	AF-0000000208777491	shard_145_batch_4.tar	80016896	146918	804873216	1517530
10654	16850	AF-0000000208777494	shard_89_batch_4.tar	71705600	99543	226362368	699549
10654	18983	AF-0000000208777490	shard_105_batch_4.tar	35823104	111936	764783104	878401
10654	19126	AF-0000000208777502	shard_105_batch_4.tar	92724736	109783	357480448	862016
10660	13357	AF-0000000203478197	shard_1904_batch_0.tar	28729856	88268	1241335808	492015
10660	13392	AF-0000000211195186	shard_2022_batch_0.tar	72266752	87789	1450270720	478901
10660	15472	AF-0000000203478187	shard_1946_batch_0.tar	129035776	91083	560799232	524191
10660	15809	AF-0000000203478199	shard_2084_batch_0.tar	89129984	99845	828229120	699707
10660	16278	AF-0000000203478200	shard_1900_batch_0.tar	16584192	88121	514741248	478850
10660	18695	AF-0000000203478204	shard_2014_batch_0.tar	65762816	81855	698627584	477337
10660	18881	AF-0000000203478196	shard_2050_batch_0.tar	92651008	88252	1652354048	490100
10662	10821	AF-0000000203703164	shard_58_batch_0.tar	73636864	77012	416980992	421013
10662	17877	AF-0000000203703162	shard_58_batch_0.tar	24726528	76970	249307648	423271
10662	17994	AF-0000000203703165	shard_58_batch_0.tar	27988480	77358	339249664	422740
10662	19010	AF-0000000203703166	shard_58_batch_0.tar	24088576	77121	353249792	424373
10663	11867	AF-0000000208679086	shard_109_batch_4.tar	109988864	110651	497443328	932164
10668	10703	AF-0000000208743725	shard_1949_batch_4.tar	106315776	111369	1119449088	914534
10668	16152	AF-0000000208743640	shard_135_batch_4.tar	15235584	136319	1514635264	1388161
10668	17132	AF-0000000208743760	shard_2081_batch_4.tar	18720256	139877	975148544	1445223
10668	18281	AF-0000000208743639	shard_141_batch_4.tar	50227712	141293	1022497792	1482604
10668	18755	AF-0000000208743672	shard_157_batch_4.tar	37784064	161477	1721136640	1920184
10670	11136	AF-0000000208312950	shard_1945_batch_2.tar	57316352	264657	270645760	5311250
10670	18281	AF-0000000208312851	shard_147_batch_2.tar	102231040	149563	721366528	1643725
10670	19203	AF-0000000208312859	shard_131_batch_2.tar	109960192	132537	444979712	1289225
10673	6287	AF-0000000208415447	shard_1347_batch_1.tar	23617536	169948	794841088	2140505
10673	7874	AF-0000000208415418	shard_1399_batch_1.tar	176690176	224873	2915372032	3712483
10673	11435	AF-0000000208415428	shard_149_batch_3.tar	32160256	150370	886354432	1620887
10673	13841	AF-0000000208415390	shard_163_batch_3.tar	51828224	166669	1671883264	2012319
10673	15179	AF-0000000208415451	shard_1339_batch_1.tar	49511424	160955	1830966784	1948082
10673	19051	AF-0000000208415354	shard_167_batch_3.tar	84622848	172833	1715804672	2226643
10673	19166	AF-0000000208415358	shard_1925_batch_3.tar	103323648	222912	229206528	3611637
10675	12289	AF-0000000208425832	shard_65_batch_3.tar	42152448	80675	298954240	446565
10675	12446	AF-0000000208425843	shard_83_batch_2.tar	26191360	89993	792605696	579527
10675	13064	AF-0000000208425833	shard_67_batch_3.tar	44241408	80653	490430976	457687
10675	13254	AF-0000000208425837	shard_83_batch_2.tar	29372416	92726	576035328	588528
10675	13365	AF-0000000208425834	shard_57_batch_3.tar	2720768	75850	397575168	388334
10675	13619	AF-0000000208425836	shard_77_batch_3.tar	10167296	86316	383813120	522690
10675	14517	AF-0000000208425847	shard_85_batch_2.tar	62296064	93493	645089280	602326
10675	15520	AF-0000000208425831	shard_67_batch_3.tar	15099904	81515	269861888	463429
10675	15936	AF-0000000208425845	shard_83_batch_2.tar	80995840	91667	601724928	584623
10675	16334	AF-0000000208425835	shard_75_batch_2.tar	39524352	86050	640247296	509318
10675	18814	AF-0000000208425841	shard_65_batch_3.tar	15374848	80809	361336320	452641
10675	19262	AF-0000000208425838	shard_71_batch_3.tar	31052288	84583	594735616	498439
10676	11502	AF-0000000208265051	shard_1937_batch_2.tar	76653568	181765	562713088	2471289
10676	13267	AF-0000000208264991	shard_2043_batch_2.tar	40787456	231661	392062464	3954348
10676	13803	AF-0000000208264988	shard_2073_batch_2.tar	107533824	152321	849876992	1771145
10676	15757	AF-0000000208265004	shard_2035_batch_2.tar	22769664	114399	768610304	937924
10677	12597	AF-0000000203554322	shard_1362_batch_0.tar	147251712	173875	1552033792	2424090
10677	13162	AF-0000000203554318	shard_1210_batch_0.tar	96893440	271233	4471468032	5751843
10677	13559	AF-0000000203554349	shard_1188_batch_0.tar	123817472	216434	648699904	3695334
10677	14773	AF-0000000203554344	shard_1370_batch_0.tar	59259392	184631	833759232	2641350
10678	10833	AF-0000000208500189	shard_157_batch_3.tar	19527680	156357	361876480	1823718
10678	11215	AF-0000000208500186	shard_115_batch_3.tar	97870336	115828	601717248	935356
10678	12726	AF-0000000208500187	shard_165_batch_3.tar	501760	168469	1715147776	2188873
10679	10986	AF-0000000204105548	shard_2074_batch_0.tar	88802304	140622	1252847104	1368529
10679	13230	AF-0000000204105540	shard_128_batch_0.tar	73233920	125989	934372864	1099885
10679	13708	AF-0000000204105542	shard_144_batch_0.tar	135942144	139467	1242237952	1490846
10679	15543	AF-0000000204105547	shard_1916_batch_0.tar	30112256	224744	1238132736	3540870
10679	15607	AF-0000000204105539	shard_128_batch_0.tar	52495360	124539	846406144	1077460
10679	17371	AF-0000000204105541	shard_132_batch_0.tar	75213312	129714	777143296	1173297
10681	1080	AF-0000000208648554	shard_2009_batch_4.tar	16415232	59809	753695232	222596
10681	10910	AF-0000000208648589	shard_2055_batch_4.tar	18196992	47152	284900352	133513
10681	11070	AF-0000000208648463	shard_65_batch_4.tar	21329408	81451	199511040	481893
10681	12098	AF-0000000208648407	shard_1991_batch_4.tar	21536768	58369	881033728	218489
10681	12456	AF-0000000208648264	shard_53_batch_4.tar	65263104	74189	313430016	384109
10681	13155	AF-0000000208648508	shard_37_batch_4.tar	46415360	63428	235006976	284539
10681	13903	AF-0000000208648291	shard_25_batch_4.tar	7309824	56903	268568576	208598
10681	13904	AF-0000000208648290	shard_25_batch_4.tar	26255360	56672	172439040	208820
10681	14591	AF-0000000208648489	shard_45_batch_4.tar	23972864	68458	425288192	314240
10681	14883	AF-0000000208648303	shard_101_batch_4.tar	100800000	106044	578223616	781390
10681	15349	AF-0000000208648425	shard_2081_batch_4.tar	761344	72080	851122176	348727
10681	15626	AF-0000000208648649	shard_41_batch_4.tar	6464000	67445	394723328	296409
10681	15744	AF-0000000208648436	shard_1915_batch_4.tar	66603008	95315	1052742656	611080
10681	16377	AF-0000000208648488	shard_27_batch_4.tar	24952832	58226	143013376	215753
10681	16465	AF-0000000208648480	shard_19_batch_4.tar	26364416	53197	162971648	185076
10681	16513	AF-0000000208648598	shard_2043_batch_4.tar	24727552	68356	851521536	308959
10681	16849	AF-0000000208648565	shard_2045_batch_4.tar	90828288	115647	250920448	1030737
10681	16875	AF-0000000208648675	shard_67_batch_4.tar	64399872	85395	579056128	508599
10681	17130	AF-0000000208648353	shard_1999_batch_4.tar	75934720	55453	315738112	197832
10681	17874	AF-0000000208648465	shard_27_batch_4.tar	1052160	59580	153507328	221947
10681	17888	AF-0000000208648258	shard_109_batch_4.tar	69629440	113654	974358016	888665
10681	18138	AF-0000000208648487	shard_51_batch_4.tar	41312768	74415	458109952	366995
10681	18267	AF-0000000208648435	shard_1957_batch_4.tar	51701760	66975	1253356544	284354
10681	18413	AF-0000000208648292	shard_35_batch_4.tar	17703936	63711	187229696	259142
10681	18595	AF-0000000208648317	shard_107_batch_4.tar	104807936	108735	401388544	899600
10681	18796	AF-0000000208648681	shard_19_batch_4.tar	31803904	52663	143169024	173023
10681	18983	AF-0000000208648280	shard_25_batch_4.tar	1605632	57872	129479680	212648
10681	19194	AF-0000000208648661	shard_15_batch_4.tar	9459712	50972	189137920	163744
10683	11375	AF-0000000208498751	shard_1201_batch_2.tar	117053440	249973	2487910400	4589509
10683	12322	AF-0000000208498747	shard_1199_batch_1.tar	214750208	249432	4691621888	4573996
10683	12867	AF-0000000208498738	shard_1215_batch_2.tar	68064768	308929	1444348928	6986378
10683	12895	AF-0000000208498734	shard_2027_batch_3.tar	112974848	327445	962963968	8035401
10683	13136	AF-0000000208498746	shard_1359_batch_1.tar	45812224	180156	1537547264	2226553
10683	13316	AF-0000000208498730	shard_1919_batch_3.tar	25427968	248897	1186940928	4113391
10683	13769	AF-0000000208498708	shard_1945_batch_3.tar	27315712	220778	1266615808	3434800
10683	13863	AF-0000000208498721	shard_1377_batch_1.tar	13036032	200303	2674999808	2812083
10683	13920	AF-0000000208498719	shard_1899_batch_3.tar	101231104	293321	609153536	6288203
10683	14396	AF-0000000208498712	shard_1897_batch_3.tar	102774784	211364	1198758912	3038921
10683	14623	AF-0000000208498723	shard_1215_batch_2.tar	2752000	304431	2767076864	6787017
10683	14905	AF-0000000208498707	shard_1967_batch_3.tar	36615168	232778	881436160	3741348
10683	16790	AF-0000000208498709	shard_1987_batch_3.tar	5723648	191523	235953152	2476057
10683	17799	AF-0000000208498757	shard_1211_batch_1.tar	256505344	287272	5798866944	5907934
10685	18599	AF-0000000203551084	shard_92_batch_0.tar	17483264	102431	563006464	740189
10688	12291	AF-0000000203510386	shard_1942_batch_0.tar	37207040	215574	1581008384	3303477
10688	14785	AF-0000000203510427	shard_2064_batch_0.tar	105006592	204121	1085724672	3001274
10688	17322	AF-0000000203510370	shard_1388_batch_0.tar	7839232	211426	745783296	3117553
10690	1080	AF-0000000208358596	shard_1951_batch_2.tar	76379136	78769	813562368	417043
10690	2120	AF-0000000208358557	shard_2039_batch_2.tar	41275392	96513	880948736	688671
10690	4064	AF-0000000208358558	shard_1929_batch_2.tar	24529920	97504	1113067008	673192
10690	11356	AF-0000000208358610	shard_1953_batch_2.tar	61103104	82648	771899904	481418
10690	11868	AF-0000000208358599	shard_2051_batch_2.tar	42855424	68506	844973568	325180
10690	12978	AF-0000000208358508	shard_85_batch_2.tar	25646592	94348	282627584	602799
10690	13045	AF-0000000208358522	shard_97_batch_2.tar	98731008	102726	937703424	758339
10690	13164	AF-0000000208358539	shard_45_batch_2.tar	4838912	68750	437337088	324695
10690	13803	AF-0000000208358396	shard_2059_batch_2.tar	71005696	104193	345977856	797217
10690	13821	AF-0000000208358401	shard_1901_batch_2.tar	13805568	121139	793841152	994199
10690	14101	AF-0000000208358378	shard_2017_batch_2.tar	100097024	136102	1213640704	1316202
10690	14417	AF-0000000208358607	shard_2031_batch_2.tar	106165248	182441	1114142720	2552560
10690	14618	AF-0000000208358677	shard_121_batch_2.tar	30490624	119155	595720704	1089835
10690	14812	AF-0000000208358487	shard_49_batch_2.tar	61630464	71475	455898112	342981
10690	14902	AF-0000000208358427	shard_1933_batch_2.tar	83795456	93307	682571776	606376
10690	15338	AF-0000000208358573	shard_2067_batch_2.tar	91078656	68456	749160960	317618
10690	15730	AF-0000000208358517	shard_59_batch_2.tar	17277952	76127	444973056	421926
10690	15737	AF-0000000208358444	shard_73_batch_2.tar	37977088	86191	387463168	523954
10690	17132	AF-0000000208358636	shard_1929_batch_2.tar	61942272	105887	1124868608	826596
10690	17134	AF-0000000208358664	shard_49_batch_2.tar	61052416	71609	252950016	342746
10690	18035	AF-0000000208358470	shard_119_batch_2.tar	71862784	122355	506725888	1061855
10690	18192	AF-0000000208358605	shard_2027_batch_2.tar	19452928	68511	973417472	312332
10690	19185	AF-0000000208358485	shard_95_batch_2.tar	49695232	99691	897027584	736960
10690	19209	AF-0000000208358655	shard_1967_batch_2.tar	111342080	80694	492348416	459037
10691	11625	AF-0000000208313015	shard_1205_batch_1.tar	99462656	257825	2196660224	4526868
10691	11790	AF-0000000208313050	shard_1207_batch_1.tar	124374016	261560	2560920064	4803066
10691	13029	AF-0000000208313001	shard_1405_batch_1.tar	104099328	235029	2143106048	3811950
10691	13371	AF-0000000208313019	shard_1199_batch_1.tar	235630592	244099	2564465152	4203257
10691	15098	AF-0000000208313008	shard_1395_batch_1.tar	9467392	221104	2858695168	3296760
10691	16112	AF-0000000208313011	shard_1207_batch_1.tar	189063168	266880	4615784448	4978096
10691	18071	AF-0000000208313054	shard_1211_batch_1.tar	231330816	281268	4935074304	5555407
10692	12289	AF-0000000208663741	shard_43_batch_4.tar	42941440	66676	185377280	295197
10692	12446	AF-0000000208663751	shard_59_batch_4.tar	75515392	75898	220034048	405513
10692	13064	AF-0000000208663742	shard_45_batch_4.tar	69276160	66761	235342848	299642
10692	13254	AF-0000000208663746	shard_59_batch_4.tar	77571584	78593	290246656	411212
10692	13365	AF-0000000208663743	shard_35_batch_4.tar	29625856	61422	172748800	245574
10692	13619	AF-0000000208663745	shard_53_batch_4.tar	28311040	72122	257057280	358927
10692	14517	AF-0000000208663756	shard_61_batch_4.tar	9029632	79648	562003968	429617
10692	15520	AF-0000000208663740	shard_45_batch_4.tar	66196992	67449	174187520	311377
10692	15936	AF-0000000208663754	shard_61_batch_4.tar	55352832	77446	479572480	408346
10692	16334	AF-0000000208663744	shard_53_batch_4.tar	74209792	71573	366080512	347793
10692	18814	AF-0000000208663749	shard_43_batch_4.tar	50652160	66784	183870976	299223
10694	11167	AF-0000000208609339	shard_1981_batch_4.tar	73205248	125539	1284168192	1182706
10694	12863	AF-0000000208609327	shard_1981_batch_4.tar	40441344	85241	1337364992	514817
10694	18368	AF-0000000208609340	shard_2067_batch_4.tar	97895936	80975	998899200	448085
10695	523	AF-0000000208696022	shard_129_batch_4.tar	68226048	128119	280231936	1181923
10698	13821	AF-0000000208475890	shard_1379_batch_1.tar	70318080	198323	3074524672	2971178
10698	13822	AF-0000000208475920	shard_149_batch_3.tar	4889600	146817	811019776	1593428
10698	14281	AF-0000000208476007	shard_1909_batch_3.tar	108194816	155459	1030447104	1759531
10698	15265	AF-0000000208475918	shard_1393_batch_1.tar	170603520	215755	2779351040	3467999
10698	16104	AF-0000000208476004	shard_1905_batch_3.tar	49077248	176068	578654208	2313392
10698	16701	AF-0000000208475925	shard_149_batch_3.tar	110964736	149002	847848448	1651580
10698	18355	AF-0000000208475989	shard_1897_batch_3.tar	20194304	210317	750179840	3367986
10698	18413	AF-0000000208475856	shard_1913_batch_3.tar	94183936	160120	723440640	1921953
10698	18663	AF-0000000208475959	shard_157_batch_3.tar	144039936	156731	1104940032	1849122
10701	7647	AF-0000000208364965	shard_2053_batch_2.tar	100458496	131812	442780672	1279775
10701	12685	AF-0000000208364903	shard_149_batch_2.tar	60074496	145970	773804032	1637500
10701	13495	AF-0000000208364857	shard_1931_batch_2.tar	95549952	138723	237355008	1447819
10701	14691	AF-0000000208364921	shard_149_batch_2.tar	71261696	146075	535688192	1649488
10701	16184	AF-0000000208364979	shard_1949_batch_2.tar	2361856	141068	1272185344	1496407
10701	16990	AF-0000000208365003	shard_1925_batch_2.tar	87136256	120238	359007744	1052995
10703	10901	AF-0000000208544115	shard_2003_batch_3.tar	104468480	64214	1125453824	319396
10703	12685	AF-0000000208544044	shard_97_batch_3.tar	33711104	100575	781352960	760460
10703	16672	AF-0000000208544100	shard_19_batch_3.tar	40706560	51582	245146624	176526
10703	16990	AF-0000000208544101	shard_53_batch_3.tar	73859584	74737	421911552	377528
10706	12685	AF-0000000208624231	shard_97_batch_4.tar	8368128	101208	424680448	764157
10706	16448	AF-0000000208624282	shard_2037_batch_4.tar	66785792	76728	1208997376	438029
10706	18460	AF-0000000208624232	shard_21_batch_4.tar	44771840	53147	199305728	194517
10708	11907	AF-0000000203984461	shard_1376_batch_0.tar	177698816	195222	2545073664	2852334
10708	12056	AF-0000000203984444	shard_1378_batch_0.tar	174954496	196111	1265321472	2886260
10708	19006	AF-0000000203984431	shard_140_batch_0.tar	70274048	140130	377576448	1444907
10710	614	AF-0000000208621960	shard_2009_batch_4.tar	89254400	52240	618975232	159188
10710	1655	AF-0000000208621945	shard_1935_batch_4.tar	70384640	85909	368804864	500811
10710	10910	AF-0000000208621978	shard_7_batch_3.tar	30849024	44095	152663552	112671
10710	11684	AF-0000000208621937	shard_2065_batch_4.tar	11941376	88521	1172719104	531940
10710	11891	AF-0000000208621940	shard_1899_batch_4.tar	5633024	89728	688638464	546314
10710	12739	AF-0000000208621947	shard_2047_batch_4.tar	54145536	90226	1229369856	575338
10710	16012	AF-0000000208621986	shard_1941_batch_4.tar	17639936	43206	1103199232	102016
10710	16136	AF-0000000208621975	shard_81_batch_4.tar	68133888	90076	258403328	564019
10710	16849	AF-0000000208621976	shard_117_batch_4.tar	11496448	112452	970065408	943072
10710	17651	AF-0000000208621990	shard_55_batch_4.tar	48555520	76559	451029504	400011
10710	18720	AF-0000000208621941	shard_1987_batch_4.tar	88488960	53651	673918976	157362
10710	18983	AF-0000000208621936	shard_1969_batch_4.tar	70426624	54521	287579648	173993
10712	11817	AF-0000000208714170	shard_157_batch_4.tar	23209472	156757	457823232	1835321
10712	13781	AF-0000000208714153	shard_161_batch_4.tar	28827136	167989	1010494464	2055909
10712	15048	AF-0000000208714158	shard_2083_batch_4.tar	76156416	155707	1291153408	1894869
10712	15885	AF-0000000208714176	shard_127_batch_4.tar	56316416	129306	1121648640	1161070
10712	16618	AF-0000000208714172	shard_117_batch_4.tar	43768320	119463	732609024	1008889
10712	18824	AF-0000000208714183	shard_155_batch_4.tar	93049344	156617	1764606976	1837412
10714	17536	AF-0000000208726628	shard_65_batch_4.tar	34574336	79755	623580672	446299
10715	1992	AF-0000000208494818	shard_157_batch_3.tar	95958528	159960	1321583616	1882603
10715	11574	AF-0000000208494802	shard_119_batch_3.tar	83357184	116689	512152576	1028550
10715	12616	AF-0000000208494669	shard_2021_batch_3.tar	4531200	239112	610617856	4166073
10715	13781	AF-0000000208494663	shard_2005_batch_3.tar	107459584	177582	1019624960	2293063
10715	14269	AF-0000000208494833	shard_1897_batch_3.tar	39844864	81956	382680064	487315
10715	14344	AF-0000000208494971	shard_75_batch_3.tar	41252864	88537	233228288	556702
10715	15165	AF-0000000208494952	shard_141_batch_3.tar	57854464	137497	798114816	1440799
10715	17804	AF-0000000208494947	shard_163_batch_3.tar	17077760	165774	1506245632	2099934
10715	18268	AF-0000000208494692	shard_1977_batch_3.tar	59573760	123302	674481664	1102530
10715	18363	AF-0000000208494728	shard_137_batch_3.tar	84456960	132587	542800896	1307363
10715	18385	AF-0000000208494923	shard_1943_batch_3.tar	15654912	88402	942781952	553069
10715	18585	AF-0000000208494830	shard_1915_batch_3.tar	53874176	98123	720647680	719500
10716	1992	AF-0000000208627668	shard_161_batch_4.tar	103528960	164926	1183280128	1999860
10716	4035	AF-0000000208627741	shard_1905_batch_4.tar	61286912	105664	921311744	815829
10716	11574	AF-0000000208627652	shard_125_batch_4.tar	69171200	121474	269899776	1133052
10716	11817	AF-0000000208627667	shard_167_batch_4.tar	169923584	170965	849457664	2241981
10716	12008	AF-0000000208627658	shard_1377_batch_2.tar	30375424	194086	373170176	2925801
10716	12072	AF-0000000208627561	shard_1993_batch_4.tar	71524864	115632	391124480	942003
10716	13781	AF-0000000208627513	shard_1921_batch_4.tar	41190912	182672	375392256	2450381
10716	14733	AF-0000000208627825	shard_1339_batch_2.tar	100754944	160743	1212647424	2012875
10716	15048	AF-0000000208627569	shard_167_batch_4.tar	47771648	170151	1666214912	2227849
10716	15096	AF-0000000208627541	shard_2075_batch_4.tar	29437440	121238	910136832	1077289
10716	16004	AF-0000000208627763	shard_2067_batch_4.tar	57922560	96095	1142950400	664481
10716	16347	AF-0000000208627727	shard_1941_batch_4.tar	102150656	97598	610257408	695276
10716	17804	AF-0000000208627796	shard_167_batch_4.tar	36707840	171319	1922500608	2237404
10716	18022	AF-0000000208627649	shard_109_batch_4.tar	89234432	109219	283972608	883172
10716	18363	AF-0000000208627578	shard_1935_batch_4.tar	23846400	138295	1011768320	1433162
10716	18373	AF-0000000208627758	shard_1989_batch_4.tar	64046080	105324	559436288	828323
10716	18482	AF-0000000208627495	shard_2009_batch_4.tar	105758208	146957	1069746688	1581131
10716	18720	AF-0000000208627565	shard_2057_batch_4.tar	81858048	95155	802294272	655758
10716	18824	AF-0000000208627790	shard_167_batch_4.tar	118600704	170978	1080901120	2238583
10720	16113	AF-0000000208305980	shard_151_batch_2.tar	55367168	151218	1069053440	1658199
10721	15757	AF-0000000208583469	shard_1905_batch_3.tar	20278784	69111	476616192	309494
10722	14164	AF-0000000208572737	shard_7_batch_3.tar	10524672	43025	103553024	118065
10722	14919	AF-0000000208572701	shard_89_batch_3.tar	27518464	97015	672104960	707348
10722	16850	AF-0000000208572720	shard_7_batch_3.tar	24680960	42421	164592128	118393
10723	14799	AF-0000000208313545	shard_2029_batch_2.tar	14276608	70603	660865536	327694
10724	10901	AF-0000000204832977	shard_88_batch_0.tar	63121408	95728	344092160	662161
10724	15006	AF-0000000204832790	shard_110_batch_0.tar	59472896	115888	455920640	948974
10724	16104	AF-0000000204832983	shard_102_batch_0.tar	3796480	111276	911371776	846303
10724	17994	AF-0000000204832965	shard_72_batch_0.tar	45016576	89151	482415616	529694
10724	18858	AF-0000000204832982	shard_78_batch_0.tar	19336192	92528	524153344	588066
10725	15338	AF-0000000204832481	shard_52_batch_0.tar	42668032	76608	190961152	397968
10726	12598	AF-0000000204832195	shard_1952_batch_0.tar	70781952	125970	828353024	1097853
10726	13155	AF-0000000204832267	shard_2002_batch_0.tar	84142080	115625	1704326144	943369
10726	14315	AF-0000000204832234	shard_1906_batch_0.tar	32450560	111151	768868352	846148
10726	18355	AF-0000000204832330	shard_160_batch_0.tar	145628160	166441	1827809792	1952073
10727	12075	AF-0000000204832672	shard_1934_batch_0.tar	63506432	173059	439277056	2117523
10727	16414	AF-0000000204832702	shard_1344_batch_0.tar	53796864	169039	546462720	2060606
10727	18035	AF-0000000204832628	shard_2010_batch_0.tar	38330880	182775	1628645888	2322534
10729	14799	AF-0000000208760983	shard_1935_batch_4.tar	38913536	77338	568665600	412549
10730	15632	AF-0000000203659339	shard_134_batch_0.tar	1229824	134152	622422016	1323834
10731	11313	AF-0000000211195237	shard_1392_batch_0.tar	81440768	211873	824158208	3574289
10731	17731	AF-0000000203583340	shard_1394_batch_0.tar	5075456	217096	2362051584	3662955
10731	18333	AF-0000000203583338	shard_106_batch_0.tar	78399488	109887	634508288	878700
10733	16805	AF-0000000208680233	shard_2017_batch_4.tar	87861248	104588	935479808	787594
10735	11313	AF-0000000211195238	shard_1394_batch_0.tar	160803840	215473	1462515712	3615461
10735	11995	AF-0000000203581280	shard_2008_batch_0.tar	67232768	139112	986678272	1420791
10735	12352	AF-0000000203581283	shard_1344_batch_0.tar	133254144	166087	1535694336	2076638
10735	13113	AF-0000000203581289	shard_1896_batch_0.tar	21654016	95842	1667286528	668681
10735	15728	AF-0000000203581294	shard_1970_batch_0.tar	15480832	137548	1200642048	1387026
10735	16906	AF-0000000203581287	shard_1912_batch_0.tar	116417536	99194	1109396992	713525
10735	17731	AF-0000000203581275	shard_1396_batch_0.tar	163851776	220935	1975819264	3770506
10735	18185	AF-0000000203581292	shard_2074_batch_0.tar	12406784	89412	468154880	568999
10735	18333	AF-0000000203581271	shard_110_batch_0.tar	43183104	113758	677586432	875800
10735	18983	AF-0000000203581274	shard_76_batch_0.tar	54760448	89870	651634176	560163
10738	12064	AF-0000000208706010	shard_73_batch_4.tar	70881792	86149	637166080	521658
10738	12237	AF-0000000208705992	shard_147_batch_4.tar	16568320	147131	1028139520	1587623
10738	12285	AF-0000000208706104	shard_1939_batch_4.tar	19972096	70622	1467537408	348906
10738	12590	AF-0000000208706079	shard_2001_batch_4.tar	37043200	63341	607516160	279856
10738	14257	AF-0000000208706020	shard_33_batch_4.tar	2551808	60415	159529472	252664
10738	14511	AF-0000000208705993	shard_1359_batch_2.tar	86464512	179770	548651520	2297748
10738	14545	AF-0000000208706135	shard_151_batch_4.tar	114909696	149842	1347060224	1584612
10738	15166	AF-0000000208706121	shard_1897_batch_4.tar	67084288	108178	897888256	829678
10738	15378	AF-0000000208706052	shard_1965_batch_4.tar	73484800	124756	468600320	1214335
10738	15558	AF-0000000208706109	shard_2001_batch_4.tar	44875776	91622	1357101056	647962
10738	15968	AF-0000000208706069	shard_2063_batch_4.tar	103811584	60944	737224192	242034
10738	16084	AF-0000000208706130	shard_1957_batch_4.tar	5888512	70396	726119936	338433
10738	16091	AF-0000000208706076	shard_2065_batch_4.tar	76162048	71805	324660736	371005
10738	16425	AF-0000000208706005	shard_127_batch_4.tar	110242304	127216	867888128	1149164
10738	16617	AF-0000000208706032	shard_51_batch_4.tar	48693760	71292	147032064	357740
10738	17903	AF-0000000208706026	shard_41_batch_4.tar	43393024	65100	219814400	297299
10738	18234	AF-0000000208706084	shard_1907_batch_4.tar	50530816	85705	515408384	520213
10738	18385	AF-0000000208706098	shard_2045_batch_4.tar	82742272	61030	1192966144	241745
10738	18484	AF-0000000208706085	shard_1993_batch_4.tar	13453312	67514	309242368	299509
10738	18723	AF-0000000208706006	shard_73_batch_4.tar	50825216	86725	271054848	519672
10738	19006	AF-0000000208706062	shard_2011_batch_4.tar	89768960	59032	1204272640	222258
10739	9767	AF-0000000208691433	shard_1963_batch_4.tar	32796672	193943	390357504	2471265
10739	11011	AF-0000000208691331	shard_159_batch_4.tar	155632640	163786	2147404800	1739243
10739	11153	AF-0000000208691432	shard_2043_batch_4.tar	105488896	139842	596443648	1265189
10739	11829	AF-0000000208691375	shard_1367_batch_2.tar	66000896	179952	978373120	2277323
10739	12538	AF-0000000208691409	shard_143_batch_4.tar	78245888	146260	1434052096	1354921
10739	14308	AF-0000000208691337	shard_127_batch_4.tar	26159104	129810	349502976	1058140
10739	14669	AF-0000000208691338	shard_1355_batch_2.tar	61872128	176477	1821819392	2194729
10739	15146	AF-0000000208691402	shard_161_batch_4.tar	18834432	160588	1283385856	1815105
10739	15885	AF-0000000208691392	shard_1359_batch_2.tar	1633792	183591	1293153280	2220037
10739	16084	AF-0000000208691427	shard_1917_batch_4.tar	38461952	143690	759206400	1339459
10739	16444	AF-0000000208691383	shard_137_batch_4.tar	6386176	139565	662037504	1275917
10739	16788	AF-0000000208691328	shard_1209_batch_2.tar	30582784	276862	1203900928	5301905
10739	17230	AF-0000000208691404	shard_149_batch_4.tar	37221888	147750	728670720	1537700
10739	17410	AF-0000000208691387	shard_125_batch_4.tar	6893056	127802	1135653376	1035791
10739	17815	AF-0000000208691398	shard_163_batch_4.tar	53623808	168762	1929906176	1841708
10739	18248	AF-0000000208691413	shard_155_batch_4.tar	33966080	154131	1811652608	1589899
10739	18412	AF-0000000208691367	shard_157_batch_4.tar	4152320	158985	1324954112	1707092
10740	12745	AF-0000000208712717	shard_2075_batch_4.tar	23852544	110432	779605504	892923
10740	14572	AF-0000000208712712	shard_2079_batch_4.tar	57487360	97386	919732224	637830
10740	15774	AF-0000000208712709	shard_1943_batch_4.tar	28748288	101857	672703488	716726
10744	10881	AF-0000000208476039	shard_2005_batch_3.tar	93668864	84513	642123264	487343
10744	11415	AF-0000000208476018	shard_1985_batch_3.tar	49034240	83958	469863936	492450
10744	12285	AF-0000000208476072	shard_87_batch_3.tar	6608896	94281	492167680	643113
10744	13697	AF-0000000208476030	shard_2029_batch_3.tar	43368960	86487	1020974592	528658
10744	14057	AF-0000000208476084	shard_1947_batch_3.tar	31933440	90140	504478720	597392
10744	14155	AF-0000000208476083	shard_1941_batch_3.tar	13351424	127076	445821952	1224096
10744	14545	AF-0000000208476090	shard_2085_batch_2.tar	14212096	173645	970894848	2117315
10744	15558	AF-0000000208476076	shard_119_batch_3.tar	12107264	115442	604397056	1021684
10744	18509	AF-0000000208476060	shard_1901_batch_3.tar	106945536	146767	888513536	1527781
10749	13654	AF-0000000208698497	shard_1927_batch_4.tar	44923392	77609	962630656	373794
10750	11843	AF-0000000208579656	shard_1901_batch_3.tar	11780608	196237	1172668928	2668615
10750	13162	AF-0000000208579625	shard_1985_batch_3.tar	66534400	235520	916471296	3974048
10750	15261	AF-0000000208579621	shard_1979_batch_3.tar	95655424	226601	879497216	3599319
10750	15647	AF-0000000208579641	shard_2039_batch_3.tar	49085952	187628	800245248	2502013
10750	17508	AF-0000000208579624	shard_1967_batch_3.tar	56168960	344628	842432512	9209037
10750	19064	AF-0000000208579646	shard_2021_batch_3.tar	39059456	188319	558413312	2535027
10753	9669	AF-0000000208302991	shard_139_batch_2.tar	35738112	139305	426226176	1417515
10753	11541	AF-0000000208302916	shard_1977_batch_2.tar	100379136	107362	629679104	815782
10753	13034	AF-0000000208302749	shard_95_batch_2.tar	18344960	100929	231592448	766779
10753	13315	AF-0000000208302639	shard_45_batch_2.tar	12643328	69847	294784512	340834
10753	13992	AF-0000000208302588	shard_35_batch_2.tar	44655104	62471	272030720	277309
10753	14902	AF-0000000208302646	shard_1969_batch_2.tar	58633216	88460	1398200832	561234
10753	15469	AF-0000000208302610	shard_145_batch_2.tar	114561536	142211	986999808	1518881
10753	17644	AF-0000000208302645	shard_2015_batch_2.tar	70730752	135553	652184064	1304649
10753	17957	AF-0000000208302618	shard_101_batch_2.tar	68299264	103852	565735936	832240
10753	18454	AF-0000000208302684	shard_2025_batch_2.tar	24972800	88783	1038660096	566455
10755	12441	AF-0000000208495734	shard_111_batch_3.tar	72498176	110369	757321728	898808
10756	16220	AF-0000000208716662	shard_1927_batch_4.tar	41619456	176531	1258372608	2345397
10756	17515	AF-0000000208716665	shard_1947_batch_4.tar	22396928	54559	1155193344	197030
10757	16177	AF-0000000203466974	shard_122_batch_0.tar	19706880	120105	417101824	1036101
10760	9464	AF-0000000208737529	shard_1975_batch_4.tar	100928000	269698	680163328	5670982
10760	11720	AF-0000000208737525	shard_1923_batch_4.tar	13309440	179914	1269979136	2482755
10760	14005	AF-0000000208737528	shard_1995_batch_4.tar	98837504	167983	1042087936	2097893
10760	14865	AF-0000000208737524	shard_1943_batch_4.tar	108203008	272533	1304997888	5672102
10760	15320	AF-0000000208737527	shard_1953_batch_4.tar	9797632	278293	303262720	5789676
10760	16069	AF-0000000208737526	shard_1929_batch_4.tar	110017536	282258	360530432	5981070
10761	11043	AF-0000000208431973	shard_2047_batch_3.tar	39195648	210573	306952192	3232769
10761	11481	AF-0000000208431985	shard_1397_batch_1.tar	30932480	224054	1461968384	3701602
10761	12664	AF-0000000208431954	shard_2041_batch_3.tar	35924480	216795	475304448	3437859
10761	15626	AF-0000000208432026	shard_1397_batch_1.tar	95354368	221289	2847972864	3565641
10761	15907	AF-0000000208432007	shard_1393_batch_1.tar	203822592	217565	1475924480	3447180
10762	14162	AF-0000000208570988	shard_1967_batch_3.tar	4789248	79645	703205888	436364
10762	15745	AF-0000000208570977	shard_2063_batch_3.tar	66902016	82633	285616640	470519
10762	17700	AF-0000000208570983	shard_1929_batch_3.tar	102786560	76972	1139323392	408404
10762	17701	AF-0000000208570990	shard_2065_batch_3.tar	59502080	65618	514190848	288771
10762	18831	AF-0000000208570982	shard_2033_batch_3.tar	100789760	95199	629627904	680308
10765	10839	AF-0000000208596001	shard_31_batch_3.tar	10655232	59422	272742912	235969
10765	11278	AF-0000000208595992	shard_31_batch_3.tar	59863040	59377	302620160	234539
10765	11732	AF-0000000208596004	shard_25_batch_3.tar	36292096	56957	125222912	206225
10765	16862	AF-0000000208595995	shard_31_batch_3.tar	46411776	59763	136880128	238202
10767	12987	AF-0000000211195268	shard_2022_batch_0.tar	54696448	178925	759847936	2502714
10768	12522	AF-0000000203987121	shard_1388_batch_0.tar	195734528	213846	2492460544	3524046
10769	10803	AF-0000000204206975	shard_2014_batch_0.tar	88681472	80676	297212416	454202
10769	18034	AF-0000000204206991	shard_60_batch_0.tar	18799616	78875	420004352	426324
10770	15897	AF-0000000208740884	shard_155_batch_4.tar	74676224	155169	2025758720	1670367
10770	16376	AF-0000000208740885	shard_153_batch_4.tar	102380032	153714	413321216	1651083
10772	15757	AF-0000000208763652	shard_107_batch_4.tar	38242816	110834	785738240	850154
10777	13109	AF-0000000204754358	shard_2044_batch_0.tar	5234688	225460	1415933952	3717070
10777	14800	AF-0000000204754362	shard_1918_batch_0.tar	122504192	224634	1524732416	3679804
10779	11523	AF-0000000208701244	shard_2059_batch_4.tar	109578752	216678	977225216	3631386
10779	18385	AF-0000000208701261	shard_1997_batch_4.tar	79440896	54765	408969216	188052
10780	11523	AF-0000000208524693	shard_1941_batch_3.tar	54047232	216251	1097186304	3568592
10780	14785	AF-0000000208524709	shard_1995_batch_3.tar	20085760	89510	458623488	597352
10784	12441	AF-0000000208516131	shard_2049_batch_3.tar	103927808	61256	428937216	256386
10785	11817	AF-0000000208313550	shard_1201_batch_1.tar	246645760	247582	2589932544	4353544
10785	15048	AF-0000000208313546	shard_1933_batch_2.tar	15579136	246859	1237068800	4309202
10785	18824	AF-0000000208313553	shard_1201_batch_1.tar	190803456	247243	1133361152	4322423
10789	1610	AF-0000000208573487	shard_135_batch_3.tar	9292288	124427	1271437312	1230313
10790	1610	AF-0000000208495735	shard_135_batch_3.tar	43604480	124282	1145335296	1225738
10793	11599	AF-0000000208738400	shard_1339_batch_2.tar	24595456	166703	2161533952	2014549
10793	15275	AF-0000000208738392	shard_2047_batch_4.tar	102731264	119204	967280640	994392
10793	17715	AF-0000000208738401	shard_131_batch_4.tar	87395840	132813	655928832	1166428
10795	12222	AF-0000000208501785	shard_167_batch_3.tar	113905664	173131	1936924160	2167132
10795	14590	AF-0000000208501790	shard_1363_batch_1.tar	80555520	180893	1165914624	2397088
10795	15104	AF-0000000208501777	shard_1355_batch_1.tar	144679936	174087	1805278720	2225758
10795	17970	AF-0000000208501792	shard_1365_batch_1.tar	119147008	184534	854805504	2457445
10795	19156	AF-0000000208501779	shard_1383_batch_1.tar	56559104	200985	3339760128	3057213
10796	12303	AF-0000000208537675	shard_1213_batch_2.tar	26161152	297087	2968843264	6255171
10799	12563	AF-0000000208587244	shard_1907_batch_3.tar	99556864	150854	257094656	1645019
10799	14701	AF-0000000208587233	shard_2025_batch_3.tar	110046720	185261	530586624	2550629
10799	16189	AF-0000000208587248	shard_1929_batch_3.tar	7687680	221912	1059973120	3538087
10799	19156	AF-0000000208587235	shard_1977_batch_3.tar	1100288	151998	1142218752	1738267
10801	14669	AF-0000000208444742	shard_1927_batch_3.tar	45907456	124980	499824640	1186797
10802	15442	AF-0000000208561201	shard_2057_batch_3.tar	35976704	105565	794942976	738667
10802	17908	AF-0000000208561216	shard_2063_batch_3.tar	105246720	103941	339324928	758185
10803	3871	AF-0000000208348439	shard_75_batch_2.tar	23795712	85786	301776896	522132
10803	6294	AF-0000000208348450	shard_21_batch_2.tar	52573184	52562	184028160	181145
10803	7843	AF-0000000208348396	shard_1925_batch_2.tar	101740544	46561	1229580288	134232
10803	9773	AF-0000000208348354	shard_2049_batch_2.tar	20022272	48502	373048832	152172
10803	11718	AF-0000000208348443	shard_75_batch_2.tar	46301696	90084	212197888	563224
10803	11736	AF-0000000208348428	shard_1999_batch_2.tar	63647744	86288	248795648	524022
10803	12809	AF-0000000208348346	shard_1963_batch_2.tar	110914560	95150	719553536	697501
10803	12896	AF-0000000208348402	shard_1975_batch_2.tar	16823808	58297	241764864	227064
10803	12993	AF-0000000208348381	shard_2019_batch_2.tar	8687104	79472	912480256	451733
10803	13347	AF-0000000208348435	shard_13_batch_2.tar	32759808	47994	229105664	136649
10803	13642	AF-0000000208348347	shard_1981_batch_2.tar	54217216	96859	923018240	692479
10803	13989	AF-0000000208348363	shard_1937_batch_2.tar	9929216	97122	1012245504	672913
10803	14055	AF-0000000208348358	shard_2021_batch_2.tar	49879552	66490	723409408	304503
10803	14307	AF-0000000208348420	shard_69_batch_2.tar	70348800	81578	587599872	467076
10803	14610	AF-0000000208348465	shard_33_batch_2.tar	18667520	60843	163928064	249267
10803	14666	AF-0000000208348395	shard_2033_batch_2.tar	4941824	60894	1069899776	247608
10803	15186	AF-0000000208348475	shard_51_batch_2.tar	71074816	71907	199081984	379281
10803	15456	AF-0000000208348456	shard_7_batch_2.tar	13099008	43563	138636288	109571
10803	16241	AF-0000000208348457	shard_33_batch_2.tar	28313600	60259	152292864	235577
10803	16936	AF-0000000208348484	shard_7_batch_2.tar	17153024	41681	151515136	102912
10803	16984	AF-0000000208348459	shard_49_batch_2.tar	69405184	70800	211994112	337681
10803	17549	AF-0000000208348371	shard_1895_batch_2.tar	16242176	42870	1385369600	114542
10803	17553	AF-0000000208348391	shard_2055_batch_2.tar	80353792	58796	1451817472	230007
10803	18001	AF-0000000208348458	shard_15_batch_2.tar	8370176	49225	134503424	144745
10803	18121	AF-0000000208348462	shard_103_batch_2.tar	43156992	104058	957472256	768158
10803	18497	AF-0000000208348494	shard_17_batch_2.tar	8713216	50599	204955648	155843
10803	19026	AF-0000000208348445	shard_17_batch_2.tar	46677504	49595	153750528	160231
10805	11387	AF-0000000208571059	shard_1917_batch_3.tar	24201216	149271	1294003712	1632238
10805	12592	AF-0000000208571017	shard_1935_batch_3.tar	26429952	156669	905880576	1745921
10805	12978	AF-0000000208571060	shard_157_batch_3.tar	66321920	158226	786445824	1765939
10805	13655	AF-0000000208571012	shard_2001_batch_3.tar	24142336	211844	1053108224	3205190
10805	15192	AF-0000000208571058	shard_1937_batch_3.tar	90493952	195841	721961472	2652075
10805	17696	AF-0000000208571039	shard_1975_batch_3.tar	21854720	181227	1329890304	2505058
10806	10881	AF-0000000203838186	shard_14_batch_0.tar	5204480	48295	110629888	148251
10806	11415	AF-0000000203838154	shard_1900_batch_0.tar	95375360	48112	1640426496	148983
10806	11976	AF-0000000203838230	shard_132_batch_0.tar	132957696	131509	879692288	1205161
10806	12507	AF-0000000203838190	shard_64_batch_0.tar	54514688	81718	525891584	478040
10806	14057	AF-0000000203838225	shard_22_batch_0.tar	41812480	54476	160445440	198312
10806	14361	AF-0000000203838153	shard_2036_batch_0.tar	111769600	49503	1134310912	159803
10806	15098	AF-0000000203838133	shard_1930_batch_0.tar	15763968	52779	423516160	184135
10806	15827	AF-0000000203838146	shard_1946_batch_0.tar	81103360	49428	1189185536	158391
10806	16693	AF-0000000203838151	shard_2054_batch_0.tar	48532480	49713	1478403584	161463
10806	17216	AF-0000000203838220	shard_124_batch_0.tar	8004608	123737	712777728	1118721
10806	17410	AF-0000000203838201	shard_1942_batch_0.tar	39335936	42317	724161024	116535
10806	17667	AF-0000000203838143	shard_1940_batch_0.tar	8775680	47055	1763608576	154257
10806	18241	AF-0000000203838141	shard_1900_batch_0.tar	5395968	47118	602532352	155084
10806	18685	AF-0000000203838142	shard_2036_batch_0.tar	103849984	47284	1397172736	156388
10806	18827	AF-0000000203838145	shard_1982_batch_0.tar	131829248	48103	937275392	146993
10806	18948	AF-0000000203838149	shard_1946_batch_0.tar	36342272	50087	309713920	163522
10806	18953	AF-0000000203838148	shard_1970_batch_0.tar	59198464	49739	1399875072	161423
10806	18954	AF-0000000203838147	shard_2058_batch_0.tar	84046848	49691	1124529152	161680
10806	19157	AF-0000000203838150	shard_1980_batch_0.tar	110494208	49591	1286647808	161668
10806	19158	AF-0000000203838152	shard_1984_batch_0.tar	79861760	49601	575521280	161551
10806	19159	AF-0000000203838144	shard_2060_batch_0.tar	70891520	49780	636635648	160997
10806	19166	AF-0000000203838166	shard_1948_batch_0.tar	57508352	127227	1534673920	1204753
10811	10881	AF-0000000208329805	shard_135_batch_2.tar	38456320	134490	975062016	1206252
10811	11415	AF-0000000208329789	shard_135_batch_2.tar	7963136	134040	273600000	1214181
10811	12435	AF-0000000208329770	shard_2037_batch_2.tar	98977792	250584	606256128	4451713
10811	15098	AF-0000000208329769	shard_1935_batch_2.tar	20667904	138573	565806080	1281142
10814	11825	AF-0000000208624312	shard_1925_batch_4.tar	11554304	104218	672310272	781638
10817	11816	AF-0000000203813158	shard_78_batch_0.tar	42102784	90868	629072896	585139
10817	12827	AF-0000000203813285	shard_2062_batch_0.tar	41258496	148189	743842816	1583942
10817	14975	AF-0000000203813222	shard_1912_batch_0.tar	4006400	115965	505019904	990290
10818	6269	AF-0000000208396840	shard_2015_batch_3.tar	58304000	110066	406709760	850919
10818	12611	AF-0000000208396839	shard_1975_batch_3.tar	79749120	87298	1308804096	583569
10821	11017	AF-0000000208714197	shard_63_batch_4.tar	63112704	79416	262282240	457550
10821	11559	AF-0000000208714356	shard_2077_batch_4.tar	103861248	212243	567356928	3402067
10821	12186	AF-0000000208714329	shard_1931_batch_4.tar	97648128	56858	239767552	197431
10821	14126	AF-0000000208714357	shard_2075_batch_4.tar	18388992	56518	1246459392	216665
10821	14206	AF-0000000208714311	shard_1991_batch_4.tar	78100992	65519	1236614144	265955
10821	14812	AF-0000000208714300	shard_2063_batch_4.tar	69301248	51082	1138784256	164652
10821	15145	AF-0000000208714322	shard_2017_batch_4.tar	3826176	51599	1146448384	164504
10821	16465	AF-0000000208714321	shard_2001_batch_4.tar	43369984	51712	824472576	164003
10821	17604	AF-0000000208714369	shard_77_batch_4.tar	70107136	88382	555884544	532106
10821	19070	AF-0000000208714400	shard_5_batch_4.tar	22867968	41006	149325312	98058
10826	562	AF-0000000203581010	shard_104_batch_0.tar	91278336	109025	499864064	852474
10826	11313	AF-0000000211195320	shard_1404_batch_0.tar	201568768	233130	2013335552	4098303
10826	11995	AF-0000000203580994	shard_154_batch_0.tar	15560704	156362	500604416	1758842
10826	15728	AF-0000000203581008	shard_154_batch_0.tar	108924928	154937	1788702720	1728681
10826	16906	AF-0000000203581001	shard_114_batch_0.tar	11600896	116801	778508800	971737
10826	17731	AF-0000000203580989	shard_1196_batch_0.tar	71592960	238293	2137987584	4301067
10826	17836	AF-0000000203581014	shard_128_batch_0.tar	41196544	128693	575314432	1156521
10826	18333	AF-0000000203580985	shard_128_batch_0.tar	8407552	131227	623636992	1161702
10827	14294	AF-0000000208657383	shard_1947_batch_4.tar	77702656	55876	490693120	233252
10830	11197	AF-0000000208766643	shard_93_batch_4.tar	31622656	104932	696838656	743868
10830	16283	AF-0000000208766639	shard_1961_batch_4.tar	4672512	232685	227538432	3711476
10834	14141	AF-0000000208689471	shard_2077_batch_4.tar	83582976	73561	753735168	379247
10837	17677	AF-0000000208596635	shard_23_batch_3.tar	37017600	55551	291642880	201633
10839	4358	AF-0000000208675934	shard_19_batch_4.tar	12862976	53351	184121344	179006
10839	16862	AF-0000000208675935	shard_19_batch_4.tar	44131840	52827	134272000	182759
10841	12663	AF-0000000208615232	shard_45_batch_4.tar	21600256	68657	328294400	320590
10842	11496	AF-0000000203590854	shard_160_batch_0.tar	135514624	165563	954100224	1909953
10842	11927	AF-0000000203590852	shard_1348_batch_0.tar	85820416	171039	391712256	2028633
10842	14624	AF-0000000203590851	shard_1348_batch_0.tar	165880832	171960	1240574976	2037987
10842	15466	AF-0000000203590875	shard_1214_batch_0.tar	303415296	309664	4568113664	6444403
10842	15812	AF-0000000203590853	shard_140_batch_0.tar	102005760	143403	321049600	1392623
10842	18333	AF-0000000203590855	shard_138_batch_0.tar	12545024	139962	1101399552	1345023
10847	15533	AF-0000000208632706	shard_2015_batch_4.tar	80933376	83896	367996416	487744
10852	16614	AF-0000000204719773	shard_1204_batch_0.tar	201826304	253683	1404593664	5119067
10852	18567	AF-0000000204719774	shard_1198_batch_0.tar	132028928	237844	4590588416	4411407
10858	11301	AF-0000000208371089	shard_117_batch_2.tar	100378112	117346	852908032	1068542
10858	14329	AF-0000000208371090	shard_117_batch_2.tar	96926720	117464	370357248	1053774
10858	16135	AF-0000000208371088	shard_115_batch_2.tar	114216448	116313	480523776	1036804
10861	8375	AF-0000000208635458	shard_151_batch_4.tar	141101056	149496	915740672	1681456
10861	10937	AF-0000000208635446	shard_155_batch_4.tar	105032704	150651	406497792	1745100
10861	11403	AF-0000000208635461	shard_137_batch_4.tar	67092480	134772	1390145536	1360345
10861	11817	AF-0000000208635455	shard_147_batch_4.tar	62732800	146610	1320537600	1582591
10861	11876	AF-0000000208635438	shard_151_batch_4.tar	128981504	149563	848234496	1666833
10861	14093	AF-0000000208635464	shard_51_batch_4.tar	35728896	72172	426142208	356223
10861	15048	AF-0000000208635445	shard_147_batch_4.tar	140282368	145741	848776192	1567801
10861	15065	AF-0000000208635439	shard_151_batch_4.tar	53365760	148164	995024384	1659321
10861	15410	AF-0000000208635441	shard_151_batch_4.tar	66251264	149616	719391744	1689305
10861	15678	AF-0000000208635437	shard_149_batch_4.tar	41414656	149237	587663872	1652640
10861	16271	AF-0000000208635440	shard_153_batch_4.tar	18428928	150890	1172269056	1735099
10861	17804	AF-0000000208635460	shard_147_batch_4.tar	87892992	146495	1771354624	1591099
10861	18500	AF-0000000208635442	shard_51_batch_4.tar	30573568	72040	404494336	351060
10861	18824	AF-0000000208635459	shard_147_batch_4.tar	120233472	146025	393385472	1578330
10862	16180	AF-0000000203611274	shard_1358_batch_0.tar	148061696	182510	2494447104	2348233
10865	11350	AF-0000000203710224	shard_160_batch_0.tar	30882304	166086	1895594496	1808831
10865	16758	AF-0000000203710220	shard_162_batch_0.tar	95017984	166657	1050987520	1920996
10866	9767	AF-0000000208356474	shard_1203_batch_1.tar	38602752	256182	3578741760	4699179
10866	11415	AF-0000000208356386	shard_1917_batch_2.tar	38669824	196231	382804992	2710660
10866	11452	AF-0000000208356405	shard_2021_batch_2.tar	9090048	267499	315642880	5323564
10866	13325	AF-0000000208356390	shard_2063_batch_2.tar	20821504	274222	571328000	5488450
10866	14669	AF-0000000208356397	shard_2067_batch_2.tar	90315264	240605	256147456	4241199
10866	16788	AF-0000000208356388	shard_2043_batch_2.tar	113901056	340611	1396457984	8252686
10866	16957	AF-0000000208356459	shard_1395_batch_1.tar	110375424	217172	1340672512	3439153
10866	17243	AF-0000000208356426	shard_2005_batch_2.tar	52804096	194234	1310773248	2675420
10866	17758	AF-0000000208356420	shard_2075_batch_2.tar	99867136	218817	807172096	3425983
10866	19166	AF-0000000208356389	shard_1959_batch_2.tar	37860352	274716	479398400	5480171
10867	15816	AF-0000000208404131	shard_137_batch_2.tar	47765504	135448	595759104	1323411
10867	16020	AF-0000000208404157	shard_107_batch_2.tar	89475584	108790	552856576	850715
10867	17589	AF-0000000211195336	shard_2081_batch_3.tar	11943936	144602	1318962176	1492790
10871	15840	AF-0000000208568066	shard_2027_batch_3.tar	101735424	210746	1322101760	3170250
10871	16010	AF-0000000208568065	shard_1945_batch_3.tar	37762560	207065	696133120	3083628
10873	10881	AF-0000000203837036	shard_1938_batch_0.tar	122297856	47898	1080897536	144929
10873	11415	AF-0000000203837006	shard_12_batch_0.tar	36581376	47609	174129152	146281
10873	12507	AF-0000000203837040	shard_1986_batch_0.tar	88052224	80945	732384256	477037
10873	12765	AF-0000000203837072	shard_1916_batch_0.tar	67532288	81722	677597696	505844
10873	13275	AF-0000000203837032	shard_2006_batch_0.tar	62521344	97201	1303733248	670954
10873	14057	AF-0000000203837075	shard_2008_batch_0.tar	120250880	54227	612898304	193298
10873	14361	AF-0000000203837005	shard_16_batch_0.tar	50895360	48932	215270400	157199
10873	15098	AF-0000000203836985	shard_18_batch_0.tar	5322240	52551	224289792	178744
10873	15827	AF-0000000203836998	shard_16_batch_0.tar	30603776	48855	145817088	154458
10873	16693	AF-0000000203837003	shard_16_batch_0.tar	11296256	49261	230734848	158683
10873	17410	AF-0000000203837051	shard_1960_batch_0.tar	88718336	41833	1083858944	113187
10873	17667	AF-0000000203836995	shard_12_batch_0.tar	13456384	46473	164657152	150030
10873	18241	AF-0000000203836993	shard_14_batch_0.tar	26229760	46715	204767744	151052
10873	18685	AF-0000000203836994	shard_14_batch_0.tar	46800896	46887	127600640	151749
10873	18827	AF-0000000203836997	shard_14_batch_0.tar	3765248	47566	122336768	143239
10873	18948	AF-0000000203837001	shard_16_batch_0.tar	32441856	49515	196101120	159775
10873	18953	AF-0000000203837000	shard_16_batch_0.tar	40368640	49249	194314240	158730
10873	18954	AF-0000000203836999	shard_16_batch_0.tar	14380032	49299	224083968	158516
10873	19157	AF-0000000203837002	shard_16_batch_0.tar	2781184	49135	158346752	159072
10873	19158	AF-0000000203837004	shard_16_batch_0.tar	13812224	49300	200584704	156395
10873	19159	AF-0000000203836996	shard_16_batch_0.tar	4407296	49307	161859584	157934
10875	13138	AF-0000000208548772	shard_2035_batch_3.tar	56109568	349104	249476608	8776277
10875	14474	AF-0000000208548769	shard_2075_batch_3.tar	39508480	351182	1031458304	8951468
10875	14478	AF-0000000208548768	shard_2049_batch_3.tar	28163072	321769	213324288	7579608
10875	14850	AF-0000000208548765	shard_2011_batch_3.tar	69875200	386604	869176832	10750020
10875	16742	AF-0000000208548771	shard_2051_batch_3.tar	87304704	360921	825122304	9422750
10875	17095	AF-0000000208548764	shard_2059_batch_3.tar	47219712	392313	444749824	11107805
10877	6263	AF-0000000208401619	shard_51_batch_3.tar	26613760	71032	495745024	374922
10877	12268	AF-0000000208401615	shard_55_batch_2.tar	29003264	74228	351809024	383594
10877	12848	AF-0000000208401627	shard_35_batch_2.tar	45232128	61729	126122496	262000
10877	13204	AF-0000000208401575	shard_27_batch_2.tar	29715968	57255	127170560	220801
10877	14453	AF-0000000208401604	shard_71_batch_2.tar	10263040	85305	327357440	514844
10877	14627	AF-0000000208401590	shard_41_batch_2.tar	47575552	66729	167191552	300333
10877	14971	AF-0000000208401609	shard_59_batch_2.tar	74589184	78696	567717376	400065
10877	19290	AF-0000000208401565	shard_17_batch_2.tar	34569728	50385	213007360	166098
10878	16134	AF-0000000208738412	shard_93_batch_4.tar	86554112	96871	526566912	709291
10878	16452	AF-0000000208738453	shard_57_batch_4.tar	36030976	75361	200765952	417677
10878	16649	AF-0000000208738402	shard_51_batch_4.tar	63674880	73419	216500224	376580
10879	4140	AF-0000000208661477	shard_1939_batch_4.tar	85449216	122398	1203178496	1042995
10881	9732	AF-0000000208406543	shard_1965_batch_2.tar	5971968	182085	1323818496	2363741
10881	12205	AF-0000000208406594	shard_89_batch_2.tar	17944064	98535	201097728	675307
10881	12262	AF-0000000208406633	shard_127_batch_3.tar	69521408	128420	655869952	1113207
10881	12344	AF-0000000208406511	shard_1999_batch_3.tar	76984320	155805	853728768	1790964
10881	13111	AF-0000000208406644	shard_79_batch_2.tar	8536576	90613	587011584	577167
10881	13514	AF-0000000208406645	shard_1993_batch_3.tar	18438656	85593	513483264	495990
10881	14361	AF-0000000208406498	shard_2007_batch_2.tar	71405056	50819	1094130688	166421
10881	14637	AF-0000000208406632	shard_25_batch_2.tar	8605184	57606	115045888	202314
10881	15044	AF-0000000208406482	shard_1939_batch_3.tar	36590080	52165	674908672	178866
10881	15584	AF-0000000208406555	shard_93_batch_2.tar	53827072	97737	559151616	702035
10881	15729	AF-0000000208406581	shard_37_batch_2.tar	28154880	64234	250927104	285773
10881	15816	AF-0000000208406557	shard_91_batch_2.tar	40241152	98892	206264320	667656
10881	15827	AF-0000000208406491	shard_2005_batch_3.tar	39345664	50917	359538176	164288
10881	16092	AF-0000000208406523	shard_1919_batch_3.tar	15277568	92648	1334624256	578167
10881	16101	AF-0000000208406473	shard_1989_batch_3.tar	35221504	114946	1227720192	921368
10881	16171	AF-0000000208406480	shard_2011_batch_3.tar	109143040	47728	768825344	146208
10881	16172	AF-0000000208406479	shard_1977_batch_3.tar	85827584	47909	302888448	145760
10881	16380	AF-0000000208406484	shard_2077_batch_3.tar	16979456	51475	879585280	169898
10881	16511	AF-0000000208406570	shard_33_batch_2.tar	20967424	62561	124529664	252477
10881	16693	AF-0000000208406496	shard_2065_batch_3.tar	827904	51256	1304743424	168129
10881	17410	AF-0000000208406589	shard_7_batch_2.tar	13753856	43757	134220288	113884
10881	17573	AF-0000000208406604	shard_123_batch_3.tar	46962688	121139	281127424	1015793
10881	17667	AF-0000000208406487	shard_1903_batch_3.tar	101826560	48563	545264640	148298
10881	17676	AF-0000000208406481	shard_1909_batch_2.tar	50672128	47728	442776576	145430
10881	17927	AF-0000000208406571	shard_33_batch_2.tar	47331840	63059	271307264	255023
10881	18241	AF-0000000208406485	shard_1937_batch_3.tar	14950400	48670	893907968	151391
10881	18418	AF-0000000208406488	shard_2063_batch_3.tar	53322752	48187	745201664	147477
10881	18685	AF-0000000208406486	shard_2035_batch_3.tar	85804544	48727	738488320	155095
10881	18827	AF-0000000208406490	shard_2001_batch_3.tar	2908672	49650	1049390080	152877
10881	18895	AF-0000000208406483	shard_1997_batch_3.tar	103885824	51499	889012736	173229
10881	18948	AF-0000000208406494	shard_1973_batch_3.tar	57318912	51438	874553856	169823
10881	18953	AF-0000000208406493	shard_1963_batch_3.tar	6450176	51257	1007186944	168115
10881	18954	AF-0000000208406492	shard_2007_batch_2.tar	82798080	51402	764927488	167527
10881	19157	AF-0000000208406495	shard_1959_batch_3.tar	81500672	51120	830162432	166243
10881	19158	AF-0000000208406497	shard_1999_batch_3.tar	73832960	51172	755533312	167229
10881	19159	AF-0000000208406489	shard_2029_batch_3.tar	24931328	51468	1222085120	167732
10883	14343	AF-0000000208424037	shard_1377_batch_1.tar	31561216	194857	901877760	2870082
10887	3257	AF-0000000208296661	shard_2057_batch_2.tar	29946368	238340	720987648	4252718
10887	12481	AF-0000000208296638	shard_1937_batch_2.tar	72951296	186374	1077138432	2468984
10887	12791	AF-0000000208296643	shard_2051_batch_2.tar	19965440	166379	550434304	1995969
10887	12851	AF-0000000211195351	shard_1907_batch_2.tar	8291328	199329	631606784	2744595
10887	13391	AF-0000000208296645	shard_2019_batch_2.tar	116078592	197308	759158272	2734537
10887	15079	AF-0000000208296639	shard_1897_batch_2.tar	67790848	199582	1252451328	2786916
10887	15555	AF-0000000208296642	shard_1913_batch_2.tar	47546368	166584	224798208	1996585
10887	18975	AF-0000000208296650	shard_2071_batch_2.tar	86041600	236742	1205534720	4245403
10889	1389	AF-0000000208450642	shard_69_batch_3.tar	39158784	83351	502479872	501150
10889	11842	AF-0000000208450618	shard_1385_batch_1.tar	53486080	205231	2500511744	3222089
10889	11988	AF-0000000208450593	shard_2067_batch_3.tar	57770496	85521	1197824000	546685
10889	13838	AF-0000000208450616	shard_109_batch_3.tar	35821056	109125	819586560	870136
10889	13907	AF-0000000208450602	shard_1927_batch_3.tar	67545600	88147	940399616	554414
10889	16397	AF-0000000208450636	shard_79_batch_3.tar	24570880	88015	420449280	549263
10889	17407	AF-0000000208450596	shard_1937_batch_3.tar	82391040	98427	671430144	699881
10889	17793	AF-0000000208450576	shard_2003_batch_3.tar	82906624	85136	1200766976	502171
10889	18355	AF-0000000208450638	shard_133_batch_3.tar	99484160	130348	1144256000	1272852
10890	6383	AF-0000000208515256	shard_151_batch_3.tar	102103040	152110	324823040	1704486
10890	6409	AF-0000000208515184	shard_107_batch_3.tar	36692992	111462	659789824	890559
10890	13049	AF-0000000208515192	shard_1339_batch_1.tar	126431232	161404	1215078912	1828246
10890	13821	AF-0000000208515169	shard_127_batch_3.tar	59739136	128483	612905984	1162285
10890	16205	AF-0000000208515181	shard_61_batch_3.tar	45401600	79970	545543680	431126
10890	17454	AF-0000000208515180	shard_75_batch_3.tar	56201216	86475	172342784	528900
10890	18609	AF-0000000208515158	shard_83_batch_3.tar	53064192	97173	452057088	642013
10890	19126	AF-0000000208515222	shard_63_batch_3.tar	38408704	82490	485460480	459017
10892	18650	AF-0000000208567291	shard_103_batch_3.tar	61723136	108133	786032128	801284
10893	12585	AF-0000000208510577	shard_87_batch_3.tar	11189760	96612	720273920	650178
10893	13697	AF-0000000208510562	shard_55_batch_3.tar	44635648	74272	384042496	405803
10893	15019	AF-0000000208510593	shard_85_batch_3.tar	81303040	92731	693911040	609475
10893	18509	AF-0000000208510583	shard_135_batch_3.tar	117739008	134333	351479296	1286057
10897	3043	AF-0000000208678411	shard_1973_batch_4.tar	27085824	163830	524813824	1969718
10897	11543	AF-0000000208678409	shard_1907_batch_4.tar	41728000	162497	1028829184	1931407
10897	12010	AF-0000000208678408	shard_2083_batch_4.tar	92030976	184528	1285230592	2479476
10897	12076	AF-0000000208678407	shard_1937_batch_4.tar	12213760	255624	325115904	4671769
10897	14561	AF-0000000208678413	shard_2075_batch_4.tar	16916992	165399	950083072	2004569
10897	14611	AF-0000000208678415	shard_2079_batch_4.tar	68826624	199251	230397952	2869523
10897	15105	AF-0000000208678406	shard_1907_batch_4.tar	28415488	256476	371355648	4763740
10897	15363	AF-0000000208678405	shard_1975_batch_4.tar	84803072	161602	799893504	1898981
10897	15549	AF-0000000208678417	shard_1995_batch_4.tar	106988544	168214	715538432	2097496
10897	15888	AF-0000000208678410	shard_1987_batch_4.tar	71569920	162943	392057856	1988256
10897	16103	AF-0000000208678412	shard_2023_batch_4.tar	97630208	162302	549851136	1911445
10897	18968	AF-0000000208678414	shard_2005_batch_4.tar	111208448	162386	1091496960	1942421
10900	12906	AF-0000000208368256	shard_169_batch_3.tar	4412416	174913	1623164416	2260109
10900	13769	AF-0000000208368236	shard_1981_batch_2.tar	70819328	169185	1048168960	2149174
10900	17784	AF-0000000208368254	shard_1375_batch_1.tar	180293120	194050	399665152	2720551
10901	6358	AF-0000000208763910	shard_39_batch_4.tar	24233984	61855	278450688	275896
10901	9773	AF-0000000208763750	shard_1989_batch_4.tar	13837824	58610	532604416	254269
10901	11070	AF-0000000208763868	shard_79_batch_4.tar	87249408	87324	207661056	578482
10901	11100	AF-0000000208763861	shard_57_batch_4.tar	43463168	73572	322216448	413439
10901	11304	AF-0000000208763740	shard_2045_batch_4.tar	92417536	92074	1126688768	624293
10901	11439	AF-0000000208764017	shard_79_batch_4.tar	88414208	87137	399894016	573622
10901	11481	AF-0000000208763904	shard_59_batch_4.tar	27621376	75447	167920128	402412
10901	11523	AF-0000000208763758	shard_2057_batch_4.tar	13279744	223616	635684352	3998167
10901	11684	AF-0000000208763697	shard_97_batch_4.tar	83168256	97178	470405632	698915
10901	11718	AF-0000000208763928	shard_2039_batch_4.tar	28180992	100261	577522688	763711
10901	11867	AF-0000000208764019	shard_2033_batch_4.tar	30426112	123378	353758720	1217817
10901	11926	AF-0000000208763947	shard_1995_batch_4.tar	15027712	93181	651377152	638527
10901	12041	AF-0000000208763722	shard_153_batch_4.tar	98710016	152598	1693537280	1666580
10901	12088	AF-0000000208763719	shard_147_batch_4.tar	9230848	143931	1810061824	1458180
10901	12419	AF-0000000208763894	shard_75_batch_4.tar	48088064	85918	596556800	574218
10901	12592	AF-0000000208763710	shard_63_batch_4.tar	18608128	79165	478093824	434938
10901	12608	AF-0000000208763879	shard_97_batch_4.tar	15933440	98553	353788416	724767
10901	12678	AF-0000000208763854	shard_125_batch_4.tar	34511872	121706	963893248	1187739
10901	13347	AF-0000000208763917	shard_31_batch_4.tar	58048512	58045	195158528	245825
10901	13350	AF-0000000208764038	shard_69_batch_4.tar	7009280	78894	199419392	486919
10901	13803	AF-0000000208763747	shard_1949_batch_4.tar	23177728	90690	1108330496	614925
10901	13956	AF-0000000208763848	shard_39_batch_4.tar	45666816	60889	319370240	280503
10901	14061	AF-0000000208763790	shard_2047_batch_4.tar	20545024	54729	1132638720	205682
10901	14198	AF-0000000208763931	shard_1893_batch_4.tar	84756480	110156	701947904	883546
10901	14655	AF-0000000208764011	shard_43_batch_4.tar	37785600	65432	297648128	315898
10901	15006	AF-0000000208763693	shard_83_batch_4.tar	15284736	89652	762032128	579694
10901	15259	AF-0000000208764033	shard_137_batch_4.tar	7077376	132323	1066757632	1285895
10901	15325	AF-0000000208763981	shard_2021_batch_4.tar	23799296	106211	819440128	823610
10901	15626	AF-0000000208764050	shard_55_batch_4.tar	54749184	72630	242227200	380535
10901	15811	AF-0000000208763968	shard_2043_batch_4.tar	39722496	59650	874180096	256685
10901	16701	AF-0000000208763872	shard_33_batch_4.tar	38654976	57918	202102272	249403
10901	16805	AF-0000000208764009	shard_101_batch_4.tar	36877824	101702	753223168	751935
10901	16810	AF-0000000208763993	shard_1949_batch_4.tar	76098048	112460	968058880	1032464
10901	18138	AF-0000000208763896	shard_65_batch_4.tar	23800320	80016	367668736	457388
10901	18497	AF-0000000208764056	shard_37_batch_4.tar	26928640	60179	318315008	261924
10901	18712	AF-0000000208763938	shard_1907_batch_4.tar	36544512	59842	530020864	266715
10901	18796	AF-0000000208764073	shard_31_batch_4.tar	487424	58144	294406144	246276
10901	18941	AF-0000000208763817	shard_59_batch_4.tar	16364544	75043	518827520	413799
10901	19026	AF-0000000208763934	shard_1971_batch_4.tar	11183616	59457	1115868160	260333
10901	19028	AF-0000000208763890	shard_39_batch_4.tar	24631296	61664	213648384	273467
10901	19289	AF-0000000208763698	shard_69_batch_4.tar	16713728	80891	624411648	496121
10901	19290	AF-0000000208763703	shard_37_batch_4.tar	37472768	60243	218422784	267783
10902	14380	AF-0000000208476094	shard_1395_batch_1.tar	202510848	215352	1611597824	3417843
10904	16417	AF-0000000208691441	shard_2083_batch_4.tar	31678976	130001	776130048	1207448
10906	4114	AF-0000000208650415	shard_2073_batch_4.tar	61534720	154547	997766656	1717520
10906	6261	AF-0000000208650335	shard_1393_batch_2.tar	102281216	219433	567623168	3582668
10906	9669	AF-0000000208650453	shard_1395_batch_2.tar	27885568	223492	384855552	3579711
10906	11254	AF-0000000208650455	shard_165_batch_4.tar	74331648	175053	1759612416	2258868
10906	13305	AF-0000000208650327	shard_1191_batch_2.tar	81348608	231583	2098538496	3808430
10906	13505	AF-0000000208650279	shard_1211_batch_2.tar	115150336	284550	2691168256	5584792
10906	15121	AF-0000000208650328	shard_1403_batch_2.tar	22749696	239789	1581814272	4108666
10906	15265	AF-0000000208650343	shard_2055_batch_4.tar	92864512	216887	1207131136	3378757
10906	16005	AF-0000000208650377	shard_2081_batch_4.tar	26566144	314413	829113344	6985116
10906	16910	AF-0000000208650412	shard_1907_batch_4.tar	49610752	156912	573196800	1824853
10906	17407	AF-0000000208650329	shard_1355_batch_2.tar	116853760	180368	624286720	2362028
10906	17934	AF-0000000208650260	shard_1397_batch_2.tar	57278976	227422	1445429248	3713896
10906	18094	AF-0000000208650431	shard_1355_batch_2.tar	76185088	179576	2266167808	2371838
10906	18119	AF-0000000208650397	shard_2067_batch_4.tar	74888704	176818	943670784	2321307
10906	18176	AF-0000000208650355	shard_1973_batch_4.tar	17060864	155004	1291584512	1732186
10906	19074	AF-0000000208650448	shard_149_batch_4.tar	46503424	150603	1157082624	1675775
10909	16264	AF-0000000208319898	shard_1963_batch_2.tar	86792192	175314	897752576	2551160
10909	16831	AF-0000000208319895	shard_1903_batch_2.tar	12476928	113781	785676800	1017010
10909	18122	AF-0000000208319893	shard_2011_batch_2.tar	68007424	107944	1206606848	910596
10910	7970	AF-0000000208674555	shard_11_batch_4.tar	1851904	46150	108639744	134480
10910	8132	AF-0000000208674341	shard_145_batch_4.tar	35158528	147210	635471360	1533635
10910	9627	AF-0000000208674357	shard_1363_batch_2.tar	24192000	180267	950923776	2449943
10910	11013	AF-0000000208674621	shard_1981_batch_4.tar	42429952	136651	1219590656	1384975
10910	11075	AF-0000000208674251	shard_1953_batch_4.tar	17083392	36726	636980224	86897
10910	11390	AF-0000000208674396	shard_1929_batch_4.tar	8486912	78020	650044416	395006
10910	12185	AF-0000000208674354	shard_35_batch_4.tar	3649024	63340	266475008	249845
10910	12330	AF-0000000208674237	shard_2017_batch_4.tar	96405504	29778	690113024	43782
10910	12360	AF-0000000208674622	shard_2029_batch_4.tar	64644608	102435	323684864	766542
10910	12375	AF-0000000208674525	shard_43_batch_4.tar	37304320	68316	151890944	318446
10910	13168	AF-0000000208674518	shard_25_batch_4.tar	4408832	55780	160518656	195997
10910	13204	AF-0000000208674303	shard_17_batch_4.tar	50165760	50513	127585280	166177
10910	13803	AF-0000000208674262	shard_2069_batch_4.tar	6560768	73520	606896640	367777
10910	14219	AF-0000000208674399	shard_2027_batch_4.tar	47866368	80818	407912448	465281
10910	14353	AF-0000000208674466	shard_1939_batch_4.tar	84576256	38171	587576832	82903
10910	14523	AF-0000000208674615	shard_2029_batch_4.tar	41287680	85321	1293704192	503468
10910	14544	AF-0000000208674264	shard_2059_batch_4.tar	75632640	56024	1099606528	196821
10910	14786	AF-0000000208674593	shard_1939_batch_4.tar	38768640	66430	723672576	301191
10910	14790	AF-0000000208674414	shard_1935_batch_4.tar	19385856	41641	334359040	97488
10910	14889	AF-0000000208674217	shard_2025_batch_4.tar	91267584	48185	352393216	151910
10910	15615	AF-0000000208674297	shard_29_batch_4.tar	49267712	60452	114319872	236604
10910	15616	AF-0000000208674546	shard_27_batch_4.tar	8350208	57865	235336192	219591
10910	16059	AF-0000000208674337	shard_75_batch_4.tar	34883584	87377	447751168	539740
10910	16164	AF-0000000208674551	shard_3_batch_4.tar	11515904	38467	70892032	86294
10910	16360	AF-0000000208674560	shard_155_batch_4.tar	136052736	153480	410021376	1610250
10910	17014	AF-0000000208674207	shard_2019_batch_4.tar	89803776	71559	307671552	347500
10910	17021	AF-0000000208674444	shard_1941_batch_4.tar	38928384	44826	212759040	112500
10910	17410	AF-0000000208674472	shard_3_batch_4.tar	8821248	37044	110831104	81180
10910	17565	AF-0000000208674206	shard_1933_batch_4.tar	105421312	75104	321478656	373635
10910	18330	AF-0000000208674317	shard_7_batch_4.tar	16078336	42624	122241536	115993
10910	18509	AF-0000000208674499	shard_99_batch_4.tar	43119616	105163	626160640	755657
10910	18700	AF-0000000208674562	shard_9_batch_4.tar	19254272	45000	92545536	114463
10910	18718	AF-0000000208674266	shard_2051_batch_4.tar	14783488	38334	543169536	86910
10910	19209	AF-0000000208674577	shard_15_batch_4.tar	30956544	50338	217231872	148243
10910	19231	AF-0000000208674235	shard_1969_batch_4.tar	77057536	38241	742424064	80890
10916	13630	AF-0000000208679118	shard_77_batch_4.tar	61814784	88606	502707200	548796
10916	14547	AF-0000000208679142	shard_79_batch_4.tar	14003712	90069	492062720	570235
10916	15211	AF-0000000208679108	shard_77_batch_4.tar	87784960	88540	334084096	538357
10916	15616	AF-0000000208679133	shard_97_batch_4.tar	50713600	102071	860509184	747640
10916	17271	AF-0000000208679114	shard_77_batch_4.tar	50811904	88599	614455808	542067
10916	18686	AF-0000000208679101	shard_77_batch_4.tar	65773056	88407	523384832	547510
10916	18687	AF-0000000208679100	shard_77_batch_4.tar	89573376	88607	292415488	538149
10916	18720	AF-0000000208679103	shard_79_batch_4.tar	67538944	89326	638994944	572038
10927	7975	AF-0000000208340799	shard_161_batch_2.tar	123890688	167283	1970398208	1833023
10927	11930	AF-0000000208340687	shard_1377_batch_1.tar	149504000	198089	1882711040	2730961
10927	12455	AF-0000000208340682	shard_1373_batch_1.tar	144177664	194519	2790694912	2593719
10927	13658	AF-0000000208340761	shard_2083_batch_2.tar	92684800	157569	721097728	1651913
10927	14325	AF-0000000208340773	shard_1931_batch_2.tar	71084544	175213	1286919168	2044938
10927	15171	AF-0000000208340738	shard_2063_batch_2.tar	65278976	197981	1098852352	2727357
10927	15507	AF-0000000208340683	shard_1373_batch_1.tar	148256768	196905	1100944384	2658248
10927	16139	AF-0000000208340726	shard_1925_batch_2.tar	93459968	217101	1080656384	3113083
10927	16150	AF-0000000208340788	shard_1903_batch_2.tar	100388864	212503	1025744384	2902825
10927	16452	AF-0000000208340769	shard_1945_batch_2.tar	21168640	168416	1387696640	1952203
10928	18091	AF-0000000208635115	shard_1967_batch_4.tar	28485632	148679	1115712512	1719879
10930	6299	AF-0000000208608057	shard_1989_batch_4.tar	65053184	88301	1132573184	551191
10930	16381	AF-0000000208608056	shard_2041_batch_4.tar	73722368	110767	929698816	918991
10934	16104	AF-0000000208739828	shard_59_batch_4.tar	40871424	79477	287676416	428862
10936	11519	AF-0000000208320005	shard_77_batch_2.tar	80268288	89117	178354688	555055
10936	13564	AF-0000000208319989	shard_7_batch_2.tar	17195520	42789	95191552	121007
10936	13659	AF-0000000208319934	shard_1901_batch_2.tar	92617216	95823	931454976	650825
10936	13992	AF-0000000208319930	shard_2049_batch_2.tar	32265728	42474	1124983296	114739
10936	14565	AF-0000000208319927	shard_2029_batch_2.tar	16397312	49889	822779904	162487
10936	16099	AF-0000000208319943	shard_1957_batch_2.tar	89684480	47202	1383644672	144332
10936	17316	AF-0000000208320004	shard_15_batch_2.tar	33612800	50060	205602816	163593
10936	18034	AF-0000000208320000	shard_11_batch_2.tar	2415104	46599	187666432	138085
10936	19028	AF-0000000208319997	shard_17_batch_2.tar	12109312	50628	146723840	161742
10936	19281	AF-0000000208320017	shard_33_batch_2.tar	41359872	60694	159637504	247195
10937	3257	AF-0000000208295685	shard_1953_batch_2.tar	11299840	242288	1150652416	4639735
10937	6274	AF-0000000208295694	shard_2075_batch_2.tar	92047872	133309	281314304	1363393
10937	11009	AF-0000000208295730	shard_2007_batch_2.tar	66131456	174871	679531008	2399209
10937	11542	AF-0000000208295702	shard_1941_batch_2.tar	18023424	194863	406551040	2999032
10937	11773	AF-0000000208295609	shard_147_batch_2.tar	135215104	141542	1671791104	1604346
10937	11817	AF-0000000208295665	shard_2027_batch_2.tar	71139840	210047	342614016	3533384
10937	11876	AF-0000000208295599	shard_1395_batch_1.tar	11013632	213682	3758796800	3679686
10937	12044	AF-0000000208295604	shard_1369_batch_1.tar	140590592	184662	628592640	2635576
10937	12050	AF-0000000208295635	shard_1911_batch_2.tar	60135424	164084	870502400	2110864
10937	12561	AF-0000000208295697	shard_2011_batch_2.tar	56588288	176983	452830720	2513757
10937	12918	AF-0000000208295698	shard_1905_batch_2.tar	60208640	141003	1189977088	1536909
10937	12942	AF-0000000208295673	shard_2001_batch_2.tar	5950976	128298	713418240	1254351
10937	13457	AF-0000000208295712	shard_1967_batch_2.tar	70613504	133921	652360704	1361942
10937	13869	AF-0000000208295642	shard_1967_batch_2.tar	16033792	182169	380342784	2681285
10937	13913	AF-0000000208295716	shard_1899_batch_2.tar	21853184	185143	498007552	2622643
10937	14506	AF-0000000208295612	shard_1373_batch_1.tar	43489280	187572	986083840	2619788
10937	14806	AF-0000000208295615	shard_1405_batch_1.tar	19187712	230857	734705664	4045177
10937	14891	AF-0000000208295671	shard_2001_batch_2.tar	115219968	184119	518414336	2683150
10937	15048	AF-0000000208295628	shard_1393_batch_1.tar	97123840	209905	1080483328	3523890
10937	15065	AF-0000000208295600	shard_1395_batch_1.tar	16957440	212089	2160802304	3637310
10937	15409	AF-0000000208295699	shard_2009_batch_2.tar	93331456	210662	537501184	3495113
10937	15410	AF-0000000208295602	shard_1395_batch_1.tar	81698304	214119	493693952	3683481
10937	15678	AF-0000000208295598	shard_1395_batch_1.tar	21131264	213829	1701284352	3647596
10937	15947	AF-0000000208295680	shard_2075_batch_2.tar	97407488	249539	1434671104	4980189
10937	16271	AF-0000000208295601	shard_1397_batch_1.tar	217431552	215111	3305362432	3735352
10937	16389	AF-0000000208295656	shard_1969_batch_2.tar	2376704	182643	415445504	2568969
10937	17030	AF-0000000208295687	shard_1893_batch_2.tar	79547392	153755	708419584	1833409
10937	17225	AF-0000000208295706	shard_2053_batch_2.tar	13254656	184563	902546432	2666454
10937	17251	AF-0000000208295659	shard_1983_batch_2.tar	96683008	154640	882340864	1901297
10937	17453	AF-0000000208295610	shard_149_batch_2.tar	18561024	143762	1755204096	1646502
10937	17495	AF-0000000208295605	shard_1397_batch_1.tar	110503424	217045	3206211584	3730092
10937	17591	AF-0000000208295630	shard_1363_batch_1.tar	104333824	180890	1644632576	2500872
10937	17719	AF-0000000208295608	shard_141_batch_2.tar	17768448	136266	1672058368	1447635
10937	17790	AF-0000000208295611	shard_1375_batch_1.tar	60204032	187928	2061644800	2641326
10937	17804	AF-0000000208295713	shard_2045_batch_2.tar	60233216	210596	234699264	3538033
10937	17957	AF-0000000208295632	shard_1937_batch_2.tar	28955648	168414	499802624	2233970
10937	18817	AF-0000000208295607	shard_139_batch_2.tar	137778688	134727	594602496	1422583
10937	18824	AF-0000000208295709	shard_1997_batch_2.tar	23219712	209915	1397466112	3525262
10937	18914	AF-0000000208295645	shard_1907_batch_2.tar	49661440	190643	588473856	2743266
10937	18975	AF-0000000208295639	shard_2033_batch_2.tar	80238592	240863	853821440	4609353
10937	19240	AF-0000000211195379	shard_1361_batch_1.tar	84915712	178182	1666523136	2405280
10940	1932	AF-0000000208491314	shard_1941_batch_3.tar	106529280	329135	249380864	7515710
10940	14796	AF-0000000208491303	shard_1197_batch_1.tar	221711360	239125	1100041728	3813157
10940	19014	AF-0000000208491280	shard_1925_batch_3.tar	23866368	238645	1302273536	3758837
10941	14796	AF-0000000208561271	shard_1197_batch_2.tar	78163456	237156	547459584	3732538
10941	16529	AF-0000000208561259	shard_2077_batch_3.tar	42026496	297397	737263616	5924111
10941	19014	AF-0000000208561248	shard_1197_batch_2.tar	4575744	236215	2135654912	3708707
10942	1024	AF-0000000203757523	shard_1940_batch_0.tar	8057344	252784	941195776	4910252
10942	7715	AF-0000000203757528	shard_1906_batch_0.tar	128548864	251908	520846336	4526685
10942	7799	AF-0000000203757495	shard_1202_batch_0.tar	60836864	249293	4665011712	4905217
10942	11252	AF-0000000203757489	shard_158_batch_0.tar	148323840	158427	2184743424	1890469
10942	11413	AF-0000000203757480	shard_1402_batch_0.tar	110825984	231940	1239942656	3986942
10942	11497	AF-0000000203757510	shard_2060_batch_0.tar	133081600	160572	1052668928	1930284
10942	11862	AF-0000000203757517	shard_2050_batch_0.tar	27216896	269013	880692736	5173325
10942	13141	AF-0000000203757500	shard_164_batch_0.tar	145793024	166719	1963682816	2107773
10942	13753	AF-0000000203757496	shard_1212_batch_0.tar	288847872	294337	3684678656	6664099
10942	13828	AF-0000000203757499	shard_1358_batch_0.tar	162058752	178791	1234323456	2413244
10942	14076	AF-0000000203757524	shard_1996_batch_0.tar	18315776	163600	1033275904	2005006
10942	15613	AF-0000000203757504	shard_1942_batch_0.tar	72239104	241237	865419776	4160423
10942	16265	AF-0000000203757512	shard_2016_batch_0.tar	26186752	229323	1614153216	3808553
10942	16407	AF-0000000203757473	shard_162_batch_0.tar	167922688	164425	1846784512	2027943
10942	16927	AF-0000000203757475	shard_1202_batch_0.tar	182302208	255283	846295552	4825612
10942	18639	AF-0000000203757476	shard_1202_batch_0.tar	75614720	255154	5048786432	4846448
10946	18297	AF-0000000208406662	shard_2013_batch_3.tar	104973312	119981	343444480	987680
10950	14548	AF-0000000203622964	shard_1374_batch_0.tar	133491712	194526	543851520	2815638
10951	16491	AF-0000000203625595	shard_164_batch_0.tar	156438528	168831	801433088	2090648
10953	13655	AF-0000000208771064	shard_153_batch_4.tar	69152768	156951	1049945600	1761180
10953	15198	AF-0000000208771072	shard_1373_batch_2.tar	45080576	193907	498855424	2548995
10953	18071	AF-0000000208771085	shard_149_batch_4.tar	89105408	148100	1872643584	1550550
10964	12653	AF-0000000208375760	shard_161_batch_2.tar	68342784	162421	1883083264	1897396
10964	19011	AF-0000000208375746	shard_51_batch_2.tar	34182144	72908	319293440	354091
10965	14312	AF-0000000211195383	shard_72_batch_0.tar	86845440	88206	649734656	516597
10965	19224	AF-0000000211195385	shard_72_batch_0.tar	18222592	88511	670814720	521863
10970	15006	AF-0000000208659086	shard_161_batch_4.tar	47294464	165221	1665411072	1954254
10970	15730	AF-0000000208659113	shard_139_batch_4.tar	17180672	138852	616464896	1293704
10970	16391	AF-0000000208659108	shard_1385_batch_2.tar	59176448	205267	1236996608	2866948
10975	6287	AF-0000000208720941	shard_1949_batch_4.tar	56605184	70212	1312264192	343844
10975	11388	AF-0000000208720922	shard_2023_batch_4.tar	56707584	42301	1253843968	115188
10975	15179	AF-0000000208720943	shard_2027_batch_4.tar	101843456	60613	855923712	277259
10975	15304	AF-0000000208720916	shard_2051_batch_4.tar	85037568	74652	740860928	387975
10975	16768	AF-0000000208720911	shard_1893_batch_4.tar	62287872	239040	436498432	4400352
10978	15745	AF-0000000208329839	shard_71_batch_2.tar	1310208	84778	615909376	510278
10980	12199	AF-0000000208471713	shard_137_batch_3.tar	111099904	136733	405815808	1377091
10980	12581	AF-0000000208471712	shard_157_batch_3.tar	133463040	157604	1187232256	1868127
10980	18030	AF-0000000208471714	shard_137_batch_3.tar	132107776	137100	1264025088	1387984
10981	14055	AF-0000000208680256	shard_1931_batch_4.tar	11575808	67153	230923776	313198
10981	16134	AF-0000000208680255	shard_2041_batch_4.tar	35536384	88076	667062272	567280
10981	18662	AF-0000000208680269	shard_1903_batch_4.tar	39729152	64114	1213826048	292354
10986	9687	AF-0000000208398361	shard_1339_batch_1.tar	153895424	161987	1483822080	1910286
10986	13676	AF-0000000208398380	shard_141_batch_3.tar	101245440	137304	610372096	1286938
10986	15453	AF-0000000208398353	shard_141_batch_3.tar	99407872	137847	1242443264	1310278
10987	13783	AF-0000000203854696	shard_98_batch_0.tar	89576960	103235	773464576	754350
10987	13975	AF-0000000203854703	shard_2028_batch_0.tar	95734272	144768	1600724992	1526625
10987	14821	AF-0000000203854669	shard_1930_batch_0.tar	38457856	207826	1185336832	3051455
10987	15939	AF-0000000203854681	shard_2044_batch_0.tar	106572288	147565	913245696	1597984
10987	17410	AF-0000000203854695	shard_78_batch_0.tar	75069952	89703	360706560	562083
10987	18381	AF-0000000203854641	shard_1910_batch_0.tar	110849024	145157	1517263872	1530875
10989	12588	AF-0000000208427150	shard_1975_batch_3.tar	75741184	158047	957507584	1929720
10989	13225	AF-0000000208427153	shard_1971_batch_3.tar	7983104	148421	820413440	1694659
10989	13708	AF-0000000208427149	shard_1917_batch_3.tar	8793088	147910	274574336	1733797
10989	15118	AF-0000000208427156	shard_1991_batch_3.tar	90935296	157129	926810624	1926896
10989	15453	AF-0000000208427146	shard_1993_batch_3.tar	889856	131059	1228706816	1303924
10989	16131	AF-0000000208427152	shard_2035_batch_3.tar	99842048	143828	243137024	1649594
10989	16796	AF-0000000208427157	shard_1913_batch_3.tar	141312	156850	997086208	1917186
10989	17491	AF-0000000208427159	shard_1921_batch_3.tar	17196032	141929	696735744	1557193
10993	14954	AF-0000000208618168	shard_1363_batch_2.tar	37146624	182428	1180076032	2377947
10993	17897	AF-0000000208618196	shard_75_batch_4.tar	39393280	88477	599898624	548586
10993	18313	AF-0000000208618185	shard_121_batch_4.tar	88744960	120161	1175599616	1093640
10994	7647	AF-0000000208719636	shard_131_batch_4.tar	30452736	131354	644889600	1271817
10994	15626	AF-0000000208719694	shard_1963_batch_4.tar	36194304	112052	1066275328	926324
10994	16990	AF-0000000208719670	shard_2069_batch_4.tar	82613760	119970	1067252224	1052880
10995	13498	AF-0000000203826458	shard_2034_batch_0.tar	3077632	74515	1594181120	400111
10995	14668	AF-0000000203826456	shard_1950_batch_0.tar	133935616	104334	887731712	825193
10996	13520	AF-0000000208408455	shard_1973_batch_3.tar	52190208	98402	359095296	692106
10996	15546	AF-0000000208408472	shard_2023_batch_3.tar	40045568	144721	395828224	1506448
10998	11052	AF-0000000208322931	shard_1971_batch_2.tar	88395264	125182	248996352	1195133
10998	14669	AF-0000000208322910	shard_1937_batch_2.tar	58915328	128503	449169408	1181769
10998	14738	AF-0000000208322919	shard_2079_batch_2.tar	5923328	130081	558292992	1189802
10999	11484	AF-0000000208632844	shard_3_batch_3.tar	33254912	33687	140146688	74271
10999	12716	AF-0000000208632763	shard_1925_batch_4.tar	82057216	29851	397251584	53348
10999	13525	AF-0000000208632775	shard_1941_batch_4.tar	68998144	29232	721820160	48714
10999	14230	AF-0000000208632767	shard_1955_batch_4.tar	4212224	91719	253786624	643114
10999	14315	AF-0000000208632793	shard_1957_batch_4.tar	3478016	44341	233672704	133779
10999	14620	AF-0000000208632889	shard_1917_batch_4.tar	12494848	93076	847096320	641235
