a	b	entity	tar	cif_off	cif_len	pae_off	pae_len
71	14598	AF-0000000205108813	shard_390_batch_4.tar	118340096	123868	490383360	1033914
71	14989	AF-0000000205108816	shard_230_batch_3.tar	53693440	61403	315448320	234834
201	14562	AF-0000000203929578	shard_444_batch_2.tar	133628416	149064	579916800	1628146
209	14461	AF-0000000209937783	shard_1106_batch_0.tar	48497152	282991	4086246400	5816099
232	14982	AF-0000000203768731	shard_342_batch_0.tar	91961344	103545	471654912	692258
234	14895	AF-0000000209938096	shard_1004_batch_0.tar	148987904	211370	1594431488	3231125
273	14461	AF-0000000209938376	shard_1018_batch_1.tar	26127872	227406	557886976	3743904
291	14571	AF-0000000209938892	shard_908_batch_0.tar	34283520	165074	785581056	1898226
293	14037	AF-0000000205104235	shard_1007_batch_0.tar	35767808	216669	2463130624	3407078
293	14598	AF-0000000205104221	shard_362_batch_4.tar	20301312	110776	643340288	814515
293	14770	AF-0000000205104226	shard_230_batch_3.tar	48785920	61180	178546176	223909
293	14975	AF-0000000205104224	shard_395_batch_0.tar	42068480	123611	1089950208	1083086
294	14037	AF-0000000205111926	shard_1007_batch_0.tar	207785984	215733	1289002496	3415351
294	14598	AF-0000000205111913	shard_362_batch_4.tar	47203840	110348	591430144	813696
294	14770	AF-0000000205111917	shard_230_batch_3.tar	29552128	61201	173935616	223859
294	14975	AF-0000000205111915	shard_395_batch_0.tar	75780096	122893	944478208	1079074
349	14567	AF-0000000203481383	shard_998_batch_0.tar	34609664	206066	2791083008	2971876
349	14954	AF-0000000203481404	shard_910_batch_0.tar	97115136	165836	846788096	2007993
350	14567	AF-0000000205106166	shard_453_batch_0.tar	62793216	157970	676856320	1696939
351	14461	AF-0000000205109029	shard_931_batch_0.tar	102631424	179707	2044093952	2318509
364	14489	AF-0000000209939926	shard_1127_batch_0.tar	258478592	286876	3251316736	5620721
364	14540	AF-0000000209939931	shard_1057_batch_0.tar	47962112	251654	3658048512	4380460
368	14331	AF-0000000204707211	shard_436_batch_4.tar	6955008	147053	1306483712	1477073
368	14447	AF-0000000209940024	shard_972_batch_2.tar	15599616	194491	788362752	2747717
379	14328	AF-0000000204123220	shard_1014_batch_1.tar	61515264	217715	2708215808	3236978
438	14372	AF-0000000209941260	shard_1076_batch_0.tar	247214592	274685	1498049024	5478068
446	14982	AF-0000000203787199	shard_354_batch_1.tar	40045056	104704	359620096	766149
478	14562	AF-0000000203929800	shard_434_batch_1.tar	10897920	144258	1491759104	1466563
488	14442	AF-0000000210016235	shard_354_batch_3.tar	38845440	105599	304583680	813764
570	14293	AF-0000000205110603	shard_318_batch_4.tar	6094336	96028	446124544	597428
599	14461	AF-0000000205108732	shard_1043_batch_0.tar	170588672	241869	2924971520	4324422
608	14078	AF-0000000210025911	shard_1042_batch_0.tar	231401472	241052	810460672	3948857
608	14622	AF-0000000210025912	shard_1042_batch_0.tar	91513856	239864	2302725120	3931098
627	14408	AF-0000000210026129	shard_322_batch_1.tar	70663168	95999	608525824	584175
627	14733	AF-0000000203814928	shard_334_batch_1.tar	44839936	99971	682635776	647377
632	14006	AF-0000000210026195	shard_1002_batch_2.tar	512	214028	455976960	3353032
676	14888	AF-0000000210026580	shard_1084_batch_2.tar	220063232	291408	3055768064	5508679
697	14126	AF-0000000210031675	shard_435_batch_0.tar	76790784	143263	1432349696	1486319
760	14778	AF-0000000204431690	shard_364_batch_3.tar	1121792	109486	417392640	862669
798	14332	AF-0000000205110776	shard_266_batch_4.tar	37826560	73210	375955968	344186
798	14461	AF-0000000205110763	shard_431_batch_0.tar	42895872	147460	1111808000	1517355
805	14129	AF-0000000205111961	shard_987_batch_0.tar	24929280	203942	1871754240	2963186
844	14461	AF-0000000210198936	shard_947_batch_0.tar	129917952	186906	2564869632	2455592
845	14461	AF-0000000205178785	shard_901_batch_0.tar	128579072	168472	1626145280	2003734
847	14461	AF-0000000205175199	shard_941_batch_0.tar	106493952	183982	1928852992	2372779
848	14461	AF-0000000210199016	shard_1014_batch_1.tar	199328768	220553	3285796352	3603300
851	14334	AF-0000000203627439	shard_1146_batch_0.tar	189860352	313808	4901445120	6824001
852	14564	AF-0000000210202791	shard_1013_batch_0.tar	173153280	213001	566915072	3593643
919	14461	AF-0000000205107587	shard_995_batch_0.tar	76085248	207842	1812164608	3194921
922	14895	AF-0000000203890737	shard_1146_batch_0.tar	243846144	316649	5108183552	7238893
971	14805	AF-0000000210203929	shard_1138_batch_0.tar	299722240	301992	1770745344	6068905
980	14220	AF-0000000204089376	shard_1092_batch_1.tar	170223104	291757	6705563648	6029746
994	14461	AF-0000000203944847	shard_1010_batch_1.tar	117693952	219305	473792000	3576601
1007	14564	AF-0000000210204207	shard_1066_batch_1.tar	158069248	262179	3904793088	4727665
1018	14210	AF-0000000203764819	shard_1016_batch_0.tar	204656128	218182	1368540672	3303363
1032	14461	AF-0000000204763624	shard_1064_batch_2.tar	70696960	261351	2187035648	5193056
1068	14870	AF-0000000205111146	shard_1043_batch_0.tar	157688832	242654	1452858368	4284294
1091	14782	AF-0000000210204833	shard_427_batch_0.tar	137145856	140754	1514031616	1439335
1095	14674	AF-0000000205104920	shard_1029_batch_0.tar	173019648	212096	4050021376	3523574
1113	14407	AF-0000000205129007	shard_282_batch_4.tar	73671680	76951	532285440	431760
1119	14600	AF-0000000205137166	shard_1049_batch_0.tar	93714432	242078	3312054784	4107657
1142	14293	AF-0000000205103897	shard_318_batch_4.tar	2071040	91146	476315136	614500
1151	14161	AF-0000000210220756	shard_352_batch_4.tar	9348096	105639	934087680	810908
1161	14078	AF-0000000203511319	shard_1052_batch_0.tar	190616576	248599	3222249472	4117713
1161	14188	AF-0000000210221253	shard_1078_batch_0.tar	103704576	278549	1776734208	5081666
1161	14622	AF-0000000210221254	shard_1052_batch_0.tar	39560192	249106	3831041536	4063843
1165	14982	AF-0000000205108360	shard_346_batch_4.tar	15523840	103385	690758144	718549
1176	14015	AF-0000000210221332	shard_1029_batch_0.tar	205338624	229824	1221945344	4020002
1177	14982	AF-0000000205105215	shard_429_batch_0.tar	39745024	140568	1022791168	1388031
1207	14094	AF-0000000205173549	shard_439_batch_0.tar	114100736	147168	1722799104	1574579
1210	14858	AF-0000000205103397	shard_453_batch_0.tar	22348800	161877	1893647360	1873710
1220	14713	AF-0000000204019016	shard_948_batch_1.tar	53572096	185114	1337415168	2452239
1222	14188	AF-0000000210223256	shard_388_batch_4.tar	79235072	123267	789841920	1018545
1242	14483	AF-0000000203522623	shard_1016_batch_0.tar	43620864	218255	2975086080	3669088
1268	14716	AF-0000000210254244	shard_246_batch_3.tar	31609344	66409	250712064	283380
1324	14293	AF-0000000205110956	shard_318_batch_4.tar	39228416	95625	321876992	582312
1356	14892	AF-0000000204597119	shard_356_batch_3.tar	30163456	109792	603330048	821652
1360	14344	AF-0000000210382800	shard_446_batch_0.tar	120207872	154309	560811008	1704952
1360	14384	AF-0000000210382801	shard_1060_batch_0.tar	204797440	251406	2701740544	4750173
1361	14120	AF-0000000210382814	shard_342_batch_1.tar	42172928	99602	196675072	680558
1388	14293	AF-0000000203981391	shard_316_batch_1.tar	1111552	91963	541869056	562192
1412	14886	AF-0000000204441304	shard_278_batch_2.tar	24074752	79414	531735552	424925
1424	14951	AF-0000000210384361	shard_1042_batch_0.tar	175042048	236969	3322006528	3950497
1438	14318	AF-0000000210384622	shard_1022_batch_0.tar	189583872	221887	466724352	3555317
1439	14106	AF-0000000210384683	shard_974_batch_2.tar	56658432	197565	1073431552	2757454
1439	14652	AF-0000000204769485	shard_1018_batch_2.tar	63283200	218977	452798464	3507731
1440	14208	AF-0000000203749755	shard_956_batch_0.tar	165123584	190312	600020992	2596774
1454	14140	AF-0000000204116210	shard_1124_batch_0.tar	138498048	296387	4271685632	6327470
1454	14464	AF-0000000204116223	shard_988_batch_1.tar	200368640	203215	1579899392	2882210
1454	14703	AF-0000000204116179	shard_1028_batch_1.tar	142163456	227980	774824448	3566516
1472	14765	AF-0000000204040387	shard_1174_batch_0.tar	288579584	359424	8924994048	9135046
1477	14583	AF-0000000210385438	shard_1004_batch_1.tar	133893120	213819	2212976128	3349890
1478	14870	AF-0000000203886785	shard_1062_batch_1.tar	182909440	261198	3359849472	5023074
1484	14549	AF-0000000210385503	shard_230_batch_1.tar	45921792	61395	157365760	232621
1489	14292	AF-0000000204144838	shard_1002_batch_1.tar	32649216	208479	3482756096	3407624
1505	14770	AF-0000000204060837	shard_340_batch_1.tar	40107008	100605	763061760	656557
1513	14126	AF-0000000210385956	shard_308_batch_2.tar	13585920	89482	420135936	534998
1513	14293	AF-0000000204315994	shard_184_batch_1.tar	175104	43581	115510272	108703
1545	14210	AF-0000000210426804	shard_1056_batch_2.tar	65357312	248161	1296326144	4345686
1550	14272	AF-0000000203819860	shard_422_batch_1.tar	12033024	140589	490048512	1388842
1550	14372	AF-0000000210426894	shard_282_batch_0.tar	27406848	81246	293490688	436332
1553	14553	AF-0000000203573101	shard_1128_batch_0.tar	205269504	297206	3345840640	6100148
1553	14750	AF-0000000210426921	shard_1070_batch_0.tar	10098688	265335	4770786816	4843072
1553	14775	AF-0000000210426922	shard_1074_batch_0.tar	39599104	267244	5478212608	5053668
1555	14815	AF-0000000204636038	shard_1076_batch_2.tar	134886912	271064	863737344	5063500
1556	14516	AF-0000000203544089	shard_416_batch_0.tar	73920512	135905	849391616	1289132
1556	14951	AF-0000000210427001	shard_914_batch_0.tar	13231616	167090	733794816	2016140
1557	14407	AF-0000000204827802	shard_394_batch_4.tar	39234560	120355	321050624	1074058
1565	14600	AF-0000000203645672	shard_1038_batch_0.tar	217934848	237285	1459095040	4185658
1570	14564	AF-0000000210427282	shard_1044_batch_1.tar	111427584	239870	1811502592	4159259
1596	14882	AF-0000000203911733	shard_942_batch_1.tar	86136320	180456	1295180288	2372508
1597	14220	AF-0000000203912127	shard_896_batch_1.tar	143059968	158665	641251328	1819729
1607	14806	AF-0000000204119026	shard_380_batch_2.tar	72698368	118037	1016648192	944778
1608	14250	AF-0000000203852426	shard_388_batch_1.tar	5885440	120724	623332864	1035071
1618	14654	AF-0000000210428405	shard_302_batch_4.tar	36990976	86034	186326528	497001
1622	14332	AF-0000000204432802	shard_296_batch_2.tar	38145536	83953	598490112	467924
1635	14312	AF-0000000203558932	shard_302_batch_0.tar	3859456	86347	359489536	513655
1637	14867	AF-0000000203535715	shard_372_batch_0.tar	91022336	115422	440577024	927586
1638	14315	AF-0000000203649762	shard_248_batch_0.tar	1785344	69726	332375040	279364
1643	14274	AF-0000000210428713	shard_890_batch_0.tar	141728768	161246	1331139584	1815953
1655	14742	AF-0000000210429052	shard_986_batch_0.tar	79799808	201422	2015459328	2653763
1663	14305	AF-0000000210429172	shard_944_batch_1.tar	17653760	179753	426997248	2278401
1667	14516	AF-0000000210429333	shard_994_batch_0.tar	95030272	206799	1227647488	2936678
1667	14641	AF-0000000210429336	shard_1070_batch_0.tar	75928064	262584	1774772224	4901202
1668	14596	AF-0000000210429349	shard_892_batch_1.tar	56679936	158845	2006064640	1842614
1669	14678	AF-0000000210429366	shard_422_batch_2.tar	101944320	141546	1198051840	1387597
1675	14360	AF-0000000203496880	shard_1022_batch_0.tar	211577344	221655	2169138688	3753915
1675	14361	AF-0000000203496874	shard_1016_batch_0.tar	9241088	217653	3313521664	3444566
1677	14282	AF-0000000210429472	shard_342_batch_0.tar	45960704	102217	357360128	706522
1685	14974	AF-0000000210429599	shard_430_batch_1.tar	81570304	145296	436368896	1495466
1695	14684	AF-0000000204099302	shard_390_batch_2.tar	9144320	123585	995485184	1079257
1697	14323	AF-0000000210429803	shard_444_batch_2.tar	149066752	153108	1078730240	1532980
1702	14461	AF-0000000203744540	shard_1014_batch_0.tar	164945920	222705	1245706240	3643695
1708	14464	AF-0000000204649291	shard_394_batch_4.tar	65797632	124141	924928512	1088493
1708	14870	AF-0000000204649296	shard_1026_batch_2.tar	110830592	229515	979067392	3926211
1712	14558	AF-0000000210430093	shard_988_batch_1.tar	109561344	192194	2187978752	2735348
1712	14621	AF-0000000210430095	shard_398_batch_3.tar	103048192	122399	575344128	1096212
1712	14778	AF-0000000210430096	shard_322_batch_2.tar	59191296	91369	565423104	588944
1721	14964	AF-0000000204737678	shard_360_batch_4.tar	12328448	108508	526815232	847866
1725	14755	AF-0000000203570310	shard_446_batch_0.tar	153677312	151700	1397356544	1722193
1729	14407	AF-0000000203586465	shard_300_batch_0.tar	40317952	84549	252917248	501950
1734	14559	AF-0000000210430653	shard_1184_batch_0.tar	67805696	385033	1465644032	10414681
1735	14523	AF-0000000204253070	shard_292_batch_2.tar	20581888	83119	539024384	477061
1738	14895	AF-0000000204058464	shard_882_batch_1.tar	126308864	154368	1049229824	1661743
1739	14716	AF-0000000203784183	shard_280_batch_0.tar	17880064	78561	272085504	399760
1743	14901	AF-0000000204188856	shard_288_batch_1.tar	44569088	79651	601956352	465071
1747	14951	AF-0000000210430837	shard_1092_batch_1.tar	227405824	294759	2762578944	6431419
1751	14785	AF-0000000204611789	shard_946_batch_2.tar	19245568	179136	757041664	2447596
1752	14228	AF-0000000203590302	shard_296_batch_0.tar	66549248	85246	583463424	489495
1756	14191	AF-0000000210452970	shard_288_batch_1.tar	73102848	83049	282086912	441249
1756	14607	AF-0000000210452973	shard_276_batch_1.tar	18135552	78477	505289728	398089
1756	14811	AF-0000000210452974	shard_928_batch_1.tar	78024704	180083	1960064512	2215344
1756	14940	AF-0000000210452975	shard_284_batch_1.tar	35392000	81440	521599488	417659
1766	14361	AF-0000000203499342	shard_1064_batch_0.tar	194470912	260410	1547056128	5133833
1766	14504	AF-0000000203499341	shard_1172_batch_0.tar	97528832	360055	4435322368	9614823
1771	14840	AF-0000000210453134	shard_408_batch_2.tar	37288448	133126	328278528	1248482
1776	14294	AF-0000000203505931	shard_336_batch_0.tar	8580096	97001	422308864	684685
1779	14324	AF-0000000210453192	shard_400_batch_2.tar	75629056	128522	1161030144	1202719
1784	14182	AF-0000000210453304	shard_436_batch_0.tar	33002496	149200	446841856	1562235
1798	14015	AF-0000000203804445	shard_1002_batch_0.tar	60951040	214007	960978432	3435811
1800	14526	AF-0000000210453579	shard_176_batch_2.tar	21206016	35478	111113728	79338
1802	14534	AF-0000000203923966	shard_1124_batch_0.tar	7621120	285454	5793507840	6665083
1802	14595	AF-0000000203923973	shard_1146_batch_0.tar	283331072	310392	3628959744	7703366
1809	14944	AF-0000000203906796	shard_990_batch_1.tar	111138816	197939	2290172928	3052691
1810	14890	AF-0000000210453703	shard_930_batch_1.tar	152854016	172503	724587008	2070860
1821	14115	AF-0000000210453923	shard_272_batch_0.tar	61640704	71848	500944384	386315
1821	14117	AF-0000000203620928	shard_280_batch_0.tar	5069824	76876	171782144	429043
1822	14951	AF-0000000210453946	shard_1090_batch_1.tar	106882560	294343	4848091136	6275184
1827	14598	AF-0000000203705428	shard_912_batch_0.tar	127387136	168802	2307450368	2000662
1843	14047	AF-0000000204753177	shard_252_batch_3.tar	67675648	69420	388801024	315467
1849	14559	AF-0000000210454442	shard_1066_batch_1.tar	2896384	255300	1241419776	4547687
1850	14407	AF-0000000203668361	shard_284_batch_0.tar	37883392	77478	557181952	446790
1867	14000	AF-0000000210454732	shard_1134_batch_0.tar	37692416	296542	4289124352	5909943
1867	14641	AF-0000000210454733	shard_1142_batch_0.tar	224336896	300435	3408380416	6305515
1868	14063	AF-0000000203481558	shard_1182_batch_0.tar	1534464	377888	3980972032	10043544
1876	14596	AF-0000000210454826	shard_448_batch_1.tar	94302208	152333	857860096	1690057
1891	14908	AF-0000000210455327	shard_386_batch_1.tar	120430080	122178	984983040	1026992
1904	14097	AF-0000000210472209	shard_1008_batch_0.tar	96629248	211993	3347616768	3126767
1904	14259	AF-0000000210472210	shard_886_batch_0.tar	72095232	159540	1860260864	1693690
1904	14285	AF-0000000210472211	shard_1044_batch_0.tar	94240256	234530	783517184	3900256
1904	14895	AF-0000000203534947	shard_418_batch_0.tar	99543040	138665	420326400	1338619
1924	14150	AF-0000000204129899	shard_364_batch_2.tar	25129472	110423	765886464	843073
1924	14202	AF-0000000204129881	shard_974_batch_1.tar	143614976	200488	2593999360	2737831
1939	14927	AF-0000000204825310	shard_888_batch_2.tar	66811392	158192	538368512	1879873
1947	14534	AF-0000000210473224	shard_1126_batch_0.tar	285071360	288115	5071652352	6688243
1947	14771	AF-0000000210473228	shard_1034_batch_1.tar	187072512	229352	1838986752	3833408
1950	14421	AF-0000000210473256	shard_1052_batch_0.tar	71014912	247393	3574080512	4340705
1961	14951	AF-0000000210473483	shard_1108_batch_0.tar	264841728	273554	1695752192	5356892
1968	14870	AF-0000000203887066	shard_1086_batch_1.tar	262076416	290946	2847369728	6249646
1979	14408	AF-0000000210473759	shard_324_batch_1.tar	69938688	96687	649632256	586588
1979	14732	AF-0000000203817072	shard_324_batch_1.tar	6411264	96972	494407680	595049
1979	14733	AF-0000000203817074	shard_336_batch_1.tar	26297344	100779	802738176	650776
1980	14714	AF-0000000203539351	shard_1062_batch_0.tar	210542592	252432	4697951232	4499625
1982	14641	AF-0000000210473839	shard_914_batch_0.tar	51272704	166443	1742595072	2092030
1982	14890	AF-0000000203453216	shard_436_batch_0.tar	27196416	141786	547555840	1502610
1983	14870	AF-0000000210473865	shard_1166_batch_0.tar	253776384	348383	1383589888	8747054
1986	14046	AF-0000000210473905	shard_1062_batch_0.tar	2574336	257009	1260955648	4750796
1986	14048	AF-0000000203703301	shard_388_batch_0.tar	77106176	120524	879249920	1018495
1992	14730	AF-0000000210473963	shard_228_batch_3.tar	33394176	61362	182977024	223896
2006	14093	AF-0000000210474218	shard_338_batch_1.tar	93834240	101316	867553280	688105
2012	14548	AF-0000000210474250	shard_1020_batch_2.tar	34608128	224707	1273216512	3713281
2017	14406	AF-0000000210474467	shard_890_batch_1.tar	72034304	156946	594653184	1803937
2022	14531	AF-0000000203975471	shard_894_batch_1.tar	6806016	164876	1274081792	1908430
2025	14954	AF-0000000203609404	shard_394_batch_0.tar	71006720	123699	773481472	1127228
2039	14656	AF-0000000204820576	shard_906_batch_2.tar	52336640	163958	725652992	2002247
2039	14657	AF-0000000204820575	shard_917_batch_0.tar	158127104	169192	1140896256	2076900
2041	14722	AF-0000000210498949	shard_312_batch_3.tar	79797248	93753	606875136	532990
2051	14407	AF-0000000203586386	shard_276_batch_0.tar	17766912	75671	261597696	409297
2055	14090	AF-0000000210499171	shard_1134_batch_0.tar	252329984	297932	1267599360	6244244
2072	14361	AF-0000000203497266	shard_974_batch_0.tar	110577152	195148	2441335296	2820085
2072	14504	AF-0000000203497265	shard_1134_batch_0.tar	266073600	294996	1007334912	6551246
2072	14771	AF-0000000210499649	shard_1034_batch_0.tar	163430912	228665	4250988032	3801720
2075	14217	AF-0000000210499674	shard_1020_batch_2.tar	94405120	214711	791444480	3482090
2085	14115	AF-0000000210499801	shard_268_batch_0.tar	10004480	71660	153735680	377772
2085	14117	AF-0000000203620601	shard_276_batch_0.tar	9172480	76513	415037440	420719
2090	14516	AF-0000000203535531	shard_988_batch_0.tar	163223552	201753	1228690432	2865443
2092	14063	AF-0000000203481517	shard_1176_batch_0.tar	180263936	367002	2369100288	9645175
2092	14567	AF-0000000203481519	shard_1144_batch_0.tar	205835776	301899	6855420416	6373070
2093	14078	AF-0000000204602788	shard_296_batch_3.tar	47313408	84760	576118784	489853
2093	14622	AF-0000000210500095	shard_296_batch_3.tar	19187712	83658	580512768	485399
2094	14068	AF-0000000204600418	shard_424_batch_3.tar	95325696	140563	975154688	1382832
2097	14366	AF-0000000204138813	shard_258_batch_1.tar	29524992	70772	146048512	315428
2103	14882	AF-0000000210500292	shard_974_batch_2.tar	52887552	196910	862585344	2756518
2104	14272	AF-0000000203819625	shard_432_batch_1.tar	78191616	146280	1216942592	1528058
2104	14372	AF-0000000210500311	shard_298_batch_0.tar	28749824	86670	441832960	519822
2107	14042	AF-0000000210500356	shard_1026_batch_1.tar	189577216	226161	3282439168	3716694
2107	14452	AF-0000000204119413	shard_986_batch_1.tar	44980224	200828	2166209536	2961989
2135	14192	AF-0000000203925981	shard_336_batch_1.tar	62031360	99045	649696256	705071
2151	14743	AF-0000000210501088	shard_922_batch_0.tar	130467840	171508	590027264	2207101
2167	14881	AF-0000000210501458	shard_934_batch_1.tar	24724480	179038	598437888	2297873
2177	14881	AF-0000000210501706	shard_983_batch_0.tar	56805376	196327	568427520	2829593
2179	14973	AF-0000000210501756	shard_950_batch_1.tar	69639680	183652	1140335616	2432095
2180	14667	AF-0000000203761528	shard_982_batch_0.tar	176663040	203676	1568243712	2927101
2181	14421	AF-0000000210501891	shard_394_batch_1.tar	76469760	126285	651237888	1141177
2182	14421	AF-0000000210501915	shard_392_batch_1.tar	119422976	124804	1080822272	1114081
2182	14422	AF-0000000203963608	shard_428_batch_2.tar	54448640	144305	1378002432	1507729
2192	14202	AF-0000000203475464	shard_1118_batch_0.tar	48716288	293590	5380666368	6286626
2192	14216	AF-0000000203475478	shard_1024_batch_0.tar	203926016	228455	719517184	3445623
2195	14559	AF-0000000210502087	shard_1078_batch_1.tar	78239744	272128	3626145792	5168830
2209	14582	AF-0000000203598908	shard_446_batch_0.tar	116150272	153349	995455488	1743461
2216	14567	AF-0000000210502430	shard_1046_batch_2.tar	56547328	231569	577051648	3968328
2219	14088	AF-0000000210502494	shard_308_batch_0.tar	9162240	91503	473195520	554779
2221	14046	AF-0000000210502532	shard_1046_batch_0.tar	88341504	244711	2781721600	4267984
2221	14158	AF-0000000210502533	shard_308_batch_1.tar	26928128	90210	394736128	526397
2221	14538	AF-0000000203823810	shard_400_batch_1.tar	127331328	129257	607378432	1111727
2221	14703	AF-0000000203823815	shard_902_batch_0.tar	45145600	165472	855151104	1846686
2233	14022	AF-0000000203670235	shard_308_batch_0.tar	87574528	90103	434123776	531602
2236	14707	AF-0000000203478585	shard_392_batch_0.tar	32357376	118936	794476032	963915
2238	14108	AF-0000000210528979	shard_966_batch_0.tar	97062400	193900	2379650048	2599452
2241	14022	AF-0000000203640033	shard_254_batch_0.tar	62203904	71827	319301632	330597
2246	14109	AF-0000000203492774	shard_1016_batch_0.tar	21576192	223306	1396045312	3481898
2252	14867	AF-0000000210534239	shard_376_batch_0.tar	35210240	117864	1004768256	970994
2255	14983	AF-0000000210538416	shard_980_batch_1.tar	45045760	201815	2174966784	2828574
2283	14085	AF-0000000210544863	shard_430_batch_2.tar	103887360	145635	1532442624	1444703
2284	14316	AF-0000000203646665	shard_250_batch_0.tar	9075200	70915	219207680	272937
2295	14022	AF-0000000204091040	shard_280_batch_1.tar	29868032	80049	546613248	423532
2300	14022	AF-0000000204096776	shard_392_batch_2.tar	64865792	125115	353306112	1087494
2306	14131	AF-0000000204028474	shard_370_batch_1.tar	46623744	110637	726368768	861806
2315	14930	AF-0000000204730756	shard_410_batch_4.tar	48866304	135761	1125613056	1336785
2324	14295	AF-0000000210560855	shard_416_batch_4.tar	68311552	137002	1500121088	1380169
2324	14699	AF-0000000204825288	shard_386_batch_4.tar	120184832	120306	733510656	1064820
2324	14927	AF-0000000204825279	shard_448_batch_4.tar	114856960	154319	1941987840	1812768
2328	14011	AF-0000000203465626	shard_448_batch_0.tar	34267648	158831	1861229568	1809476
2328	14858	AF-0000000203465624	shard_446_batch_0.tar	115365888	158354	865136128	1793136
2329	14011	AF-0000000210565348	shard_904_batch_0.tar	163134976	168270	1393305088	2106377
2329	14858	AF-0000000210565349	shard_902_batch_0.tar	99713024	168070	558757376	2023144
2353	14119	AF-0000000210575100	shard_1144_batch_0.tar	163185664	304666	2830409728	6603100
2353	14703	AF-0000000210575119	shard_980_batch_2.tar	41624576	198126	1060116480	2818029
2355	14464	AF-0000000210575391	shard_1046_batch_1.tar	9524224	242429	3294344192	4083528
2359	14973	AF-0000000210576332	shard_394_batch_1.tar	36690432	123861	477626880	1096535
2360	14562	AF-0000000203929218	shard_424_batch_1.tar	77149184	139932	1344782848	1367419
2363	14703	AF-0000000203957412	shard_972_batch_1.tar	185870336	195448	1925364736	2685924
2370	14745	AF-0000000203504073	shard_446_batch_0.tar	113340928	154681	1419415552	1774528
2389	14996	AF-0000000210593711	shard_296_batch_3.tar	38485504	82723	335403520	483210
2410	14416	AF-0000000203749508	shard_1106_batch_0.tar	252361216	277634	1609255936	5861448
2410	14738	AF-0000000203749553	shard_976_batch_0.tar	18123776	196767	1043807232	2906213
2411	14483	AF-0000000204141401	shard_312_batch_1.tar	76515840	92584	713672192	582775
2420	14046	AF-0000000210603371	shard_1048_batch_0.tar	167802880	245219	1957527552	4153820
2427	14390	AF-0000000204650124	shard_322_batch_3.tar	42777600	88468	721577472	595428
2433	14559	AF-0000000210606886	shard_1162_batch_0.tar	295077376	327953	3161184256	7037180
2434	14140	AF-0000000204240372	shard_998_batch_1.tar	66304000	213584	2099588608	3137660
2435	14540	AF-0000000203562155	shard_986_batch_0.tar	156251136	204635	2294439424	3012736
2437	14562	AF-0000000210609737	shard_428_batch_1.tar	15789568	140013	442363904	1393803
2437	14819	AF-0000000210609738	shard_448_batch_2.tar	53128704	152935	1715158528	1684016
2438	14408	AF-0000000210609788	shard_324_batch_1.tar	71868928	95929	275671040	581423
2438	14732	AF-0000000203815006	shard_324_batch_1.tar	61405184	96126	222596608	592943
2438	14733	AF-0000000203815008	shard_334_batch_1.tar	56492544	100128	356328448	648256
2451	14532	AF-0000000203921554	shard_220_batch_0.tar	15588352	55150	236259840	193196
2451	14695	AF-0000000210611374	shard_234_batch_0.tar	43297792	61263	199936512	235569
2451	14854	AF-0000000203921553	shard_220_batch_0.tar	8778752	55209	262305280	193277
2453	14192	AF-0000000210611626	shard_934_batch_1.tar	710144	176344	2096878080	2316660
2453	14534	AF-0000000210611629	shard_1126_batch_0.tar	246115840	287630	4863503872	6579881
2453	14703	AF-0000000210611633	shard_1044_batch_1.tar	165064704	236645	3579765248	3938141
2453	14764	AF-0000000210611634	shard_934_batch_1.tar	1066496	177949	2020213248	2348123
2482	14154	AF-0000000210617240	shard_316_batch_0.tar	18910720	92364	483849216	577322
2483	14348	AF-0000000210617347	shard_988_batch_0.tar	26849280	202016	2549928448	2866320
2483	14968	AF-0000000203563845	shard_1062_batch_0.tar	212336640	255218	3886309376	4712851
2485	14598	AF-0000000210617593	shard_904_batch_2.tar	59641856	167080	214703104	1953496
2502	14493	AF-0000000210655427	shard_912_batch_1.tar	6784512	171624	900784640	2112850
2517	14225	AF-0000000204773099	shard_286_batch_3.tar	1880576	81822	497963008	450546
2517	14390	AF-0000000204772584	shard_378_batch_4.tar	49212928	113886	1101647872	949052
2517	14490	AF-0000000204773065	shard_406_batch_4.tar	48064512	133055	541100544	1196191
2517	14753	AF-0000000204773067	shard_428_batch_4.tar	36152320	141981	759325696	1385224
2517	14842	AF-0000000204773081	shard_308_batch_3.tar	7992320	89671	530568192	543325
2535	14343	AF-0000000203567881	shard_930_batch_0.tar	146434048	173070	582887936	2139305
2549	14407	AF-0000000203586740	shard_300_batch_0.tar	81257472	84105	391013376	515702
2549	14525	AF-0000000203586722	shard_288_batch_0.tar	31394816	81018	360924160	461953
2566	14134	AF-0000000203828736	shard_260_batch_0.tar	43730432	74696	181503488	284059
2568	14026	AF-0000000203908176	shard_420_batch_1.tar	62723584	141539	915513344	1373971
2575	14140	AF-0000000204472620	shard_1004_batch_2.tar	102217216	216713	552656896	3273394
2579	14407	AF-0000000203586943	shard_276_batch_0.tar	60180992	75724	157082624	406346
2588	14920	AF-0000000210681573	shard_1170_batch_0.tar	11982336	355379	4976295936	9095173
2590	14895	AF-0000000204273285	shard_430_batch_3.tar	50100224	146208	806667264	1483776
2598	14164	AF-0000000210684224	shard_386_batch_2.tar	64328192	118168	506593280	1014893
2600	14274	AF-0000000210684368	shard_412_batch_0.tar	14621184	134319	1212412928	1217959
2600	14567	AF-0000000203600491	shard_904_batch_0.tar	33030144	166222	370255872	1925414
2612	14016	AF-0000000210686665	shard_910_batch_1.tar	163001344	166652	1702006272	2121108
2612	14534	AF-0000000203923834	shard_1086_batch_1.tar	81948672	283452	946223616	6391509
2612	14595	AF-0000000203923842	shard_1144_batch_0.tar	19664384	308289	1462807040	7527526
2621	14360	AF-0000000210688330	shard_976_batch_0.tar	58000384	197043	502744576	2761081
2621	14532	AF-0000000210688335	shard_902_batch_0.tar	80446464	164398	1841563648	1949282
2621	14596	AF-0000000210688338	shard_1040_batch_0.tar	39709696	235001	2075349504	3911348
2621	14601	AF-0000000210688339	shard_444_batch_0.tar	75099136	153956	1132895744	1684060
2621	14695	AF-0000000210688343	shard_916_batch_0.tar	124634112	170418	1829930496	2042771
2621	14771	AF-0000000210688347	shard_1028_batch_0.tar	43683328	226363	1093634048	3563762
2621	14854	AF-0000000210688349	shard_902_batch_0.tar	41656832	164009	1912569856	1942627
2643	14407	AF-0000000203825694	shard_278_batch_0.tar	46000128	75469	168991744	418482
2643	14525	AF-0000000203825691	shard_266_batch_0.tar	70010368	72489	458697728	368958
2646	14919	AF-0000000203888346	shard_320_batch_1.tar	38198272	94707	494144000	619131
2656	14538	AF-0000000203594319	shard_446_batch_0.tar	43665920	153474	493328896	1602595
2657	14063	AF-0000000204248228	shard_1160_batch_0.tar	115322368	329044	3785115648	7511190
2657	14208	AF-0000000204248312	shard_1004_batch_1.tar	80316928	214917	1229588992	3388012
2658	14722	AF-0000000210695676	shard_276_batch_3.tar	46521344	79757	528662528	394064
2674	14407	AF-0000000203587037	shard_276_batch_0.tar	15270400	75458	273765888	406869
2677	14126	AF-0000000210700676	shard_302_batch_3.tar	12144128	86667	461722624	502844
2677	14269	AF-0000000204498657	shard_276_batch_2.tar	80384	78788	265345536	413925
2693	14352	AF-0000000210702970	shard_254_batch_0.tar	48396288	69517	204688896	330070
2693	14724	AF-0000000210702973	shard_236_batch_0.tar	37501440	63369	343030784	273564
2694	14901	AF-0000000204200399	shard_386_batch_2.tar	493568	122748	465094144	1076217
2697	14395	AF-0000000210704748	shard_1000_batch_0.tar	5069824	207986	1711662592	3150710
2697	14870	AF-0000000210704750	shard_1074_batch_0.tar	18935808	271542	1624182272	5476153
2700	14172	AF-0000000204393634	shard_436_batch_3.tar	113320448	144342	413681664	1561724
2707	14751	AF-0000000203916674	shard_1086_batch_1.tar	237760000	292785	2978584064	6168555
2709	14174	AF-0000000203910244	shard_364_batch_1.tar	58647552	111179	234740224	831388
2712	14944	AF-0000000204251917	shard_1042_batch_1.tar	58066432	233564	1309032960	4116653
2724	14830	AF-0000000210711549	shard_404_batch_0.tar	63802368	126338	290658816	1207398
2727	14134	AF-0000000203828762	shard_260_batch_0.tar	933888	74454	280166912	284889
2745	14973	AF-0000000210714589	shard_958_batch_1.tar	141828096	190837	438289920	2637148
2746	14703	AF-0000000203999881	shard_1160_batch_0.tar	20536320	329887	3165542400	7768623
2747	14095	AF-0000000210715026	shard_888_batch_0.tar	145798144	162156	540422144	1900349
2754	14870	AF-0000000203908852	shard_1078_batch_1.tar	167614464	279584	658904064	5668951
2754	14892	AF-0000000203908853	shard_408_batch_1.tar	118522880	135252	444654080	1198583
2761	14741	AF-0000000203684269	shard_890_batch_0.tar	13589504	160287	1380891136	1919160
2762	14870	AF-0000000210717191	shard_1152_batch_0.tar	212693504	316449	7169103872	7305197
2764	14361	AF-0000000203935160	shard_444_batch_2.tar	32080384	154245	1202724352	1760048
2768	14046	AF-0000000210719556	shard_1126_batch_0.tar	168289792	292591	3790473728	6205700
2768	14459	AF-0000000203872018	shard_976_batch_0.tar	134162432	192069	757611520	2773388
2768	14498	AF-0000000203872037	shard_912_batch_1.tar	100691456	168309	1502431744	2106449
2768	14684	AF-0000000203872036	shard_918_batch_0.tar	27504128	169297	1495645184	2179872
2771	14233	AF-0000000210720590	shard_448_batch_1.tar	89590784	157194	493624832	1692147
2771	14870	AF-0000000203910007	shard_1068_batch_1.tar	38907904	266851	4929242112	5216583
2773	14870	AF-0000000210720623	shard_1126_batch_0.tar	268381696	295824	1531854848	6309037
2774	14188	AF-0000000210720982	shard_448_batch_0.tar	23726592	154183	1150457344	1620565
2774	14973	AF-0000000210720986	shard_438_batch_0.tar	45172224	147342	1749975552	1515298
2776	14230	AF-0000000210721493	shard_428_batch_2.tar	64493568	141565	441598464	1511818
2781	14664	AF-0000000210722964	shard_956_batch_0.tar	5468672	184832	1614530048	2419188
2786	14504	AF-0000000203497987	shard_1096_batch_0.tar	212456960	318044	5243722752	7549485
2786	14771	AF-0000000210724060	shard_1060_batch_0.tar	130145792	251313	1533227520	4636704
2792	14295	AF-0000000210724757	shard_412_batch_4.tar	30744576	134826	1112719872	1290100
2796	14534	AF-0000000210725872	shard_1034_batch_0.tar	156450816	225814	2111731712	3915843
2804	14351	AF-0000000204126011	shard_904_batch_1.tar	46037504	165751	1345182208	2002251
2804	14598	AF-0000000204126025	shard_398_batch_2.tar	93122560	126761	1283816960	1113215
2804	14714	AF-0000000204126002	shard_936_batch_1.tar	68433408	175654	825104384	2174837
2804	14925	AF-0000000204126015	shard_900_batch_1.tar	134688256	163876	1734231552	1841989
2833	14562	AF-0000000203929350	shard_418_batch_1.tar	70748672	136117	978575360	1304187
2835	14201	AF-0000000210733704	shard_1020_batch_0.tar	84053504	220211	1125596672	3394506
2835	14890	AF-0000000203493424	shard_1054_batch_0.tar	57676288	240534	586304000	4171308
2841	14559	AF-0000000210734412	shard_1176_batch_0.tar	253441024	357068	10401187328	8749000
2849	14134	AF-0000000203828819	shard_260_batch_0.tar	63029248	74524	429075456	284063
2854	14384	AF-0000000203545963	shard_1070_batch_0.tar	191671296	263159	751239680	5279163
2854	14498	AF-0000000203545924	shard_918_batch_0.tar	53890048	170344	2134984704	2181236
2854	14684	AF-0000000203545923	shard_924_batch_0.tar	127512576	172111	1699600384	2224532
2861	14722	AF-0000000210740852	shard_388_batch_4.tar	24237056	125490	296315904	984349
2864	14975	AF-0000000204157563	shard_446_batch_3.tar	37718528	151581	1318815744	1673732
2867	14531	AF-0000000204729335	shard_946_batch_2.tar	72225792	186159	494352384	2492732
2873	14408	AF-0000000210744808	shard_322_batch_1.tar	38626816	95402	268014080	573810
2873	14732	AF-0000000203816637	shard_322_batch_1.tar	69144064	95498	656578048	581894
2873	14733	AF-0000000203816640	shard_332_batch_1.tar	22276608	99591	545487872	638817
2879	14068	AF-0000000203905965	shard_266_batch_0.tar	69113344	74022	320525824	355725
2887	14722	AF-0000000210746513	shard_320_batch_4.tar	92040192	96424	754404352	592004
2890	14870	AF-0000000210746851	shard_1062_batch_1.tar	177999872	260389	4504889344	4937209
2892	14930	AF-0000000203548511	shard_412_batch_0.tar	90935296	135996	386051072	1323314
2894	14408	AF-0000000210747355	shard_324_batch_1.tar	21965824	98356	683090944	592886
2894	14659	AF-0000000210747356	shard_1032_batch_0.tar	103359488	235213	2771053056	3985418
2894	14732	AF-0000000203814013	shard_326_batch_1.tar	76049408	98820	426869248	605961
2895	14012	AF-0000000203816201	shard_370_batch_1.tar	48226304	116606	789361152	915858
2895	14027	AF-0000000203816247	shard_388_batch_1.tar	23921664	124349	888872448	1097138
2895	14311	AF-0000000203816200	shard_382_batch_1.tar	8756736	122702	1216265216	1023969
2895	14374	AF-0000000203816212	shard_392_batch_1.tar	26616320	127537	1185352192	1104796
2895	14408	AF-0000000210747385	shard_324_batch_1.tar	55547392	98532	469645312	593476
2895	14659	AF-0000000210747387	shard_1032_batch_0.tar	169208320	235227	3288770048	3958324
2901	14295	AF-0000000210748387	shard_414_batch_4.tar	83481600	135835	760728576	1316938
2901	14927	AF-0000000204825438	shard_446_batch_4.tar	92353536	153613	470025728	1776226
2903	14656	AF-0000000204816005	shard_434_batch_4.tar	79799296	144395	504416256	1495028
2903	14657	AF-0000000204816004	shard_440_batch_4.tar	128548864	149248	1110723584	1533353
2911	14095	AF-0000000210750455	shard_888_batch_0.tar	65830400	161989	1491912704	1829630
2924	14951	AF-0000000210751894	shard_448_batch_4.tar	40066560	151782	1629104128	1697352
2930	14531	AF-0000000210754505	shard_948_batch_1.tar	140294144	186724	2125142528	2468447
2939	14751	AF-0000000203577957	shard_1014_batch_0.tar	67643904	214347	1201340416	3355655
2939	14870	AF-0000000203577962	shard_1162_batch_0.tar	250861056	334185	5648681984	8201634
2941	14295	AF-0000000210756624	shard_410_batch_4.tar	80935424	134204	346853888	1283782
2941	14927	AF-0000000204825657	shard_445_batch_0.tar	19838464	151836	337267712	1755241
2942	14295	AF-0000000210756699	shard_418_batch_4.tar	118249472	138526	736392192	1375314
2944	14295	AF-0000000210756715	shard_414_batch_4.tar	30725120	135148	574248960	1336608
2944	14927	AF-0000000204825801	shard_448_batch_4.tar	76081152	152858	1487734784	1818433
2947	14361	AF-0000000203497129	shard_982_batch_0.tar	145825792	199798	1175982592	2976513
2954	14414	AF-0000000203578847	shard_420_batch_0.tar	52789248	133759	1487636480	1262460
2960	14976	AF-0000000203936195	shard_184_batch_0.tar	41713152	43254	185026048	111880
2962	14930	AF-0000000203548869	shard_422_batch_0.tar	78935552	143090	1359521792	1447483
2963	14409	AF-0000000210761093	shard_1146_batch_0.tar	268711936	313281	2957433856	7134096
2977	14213	AF-0000000210763780	shard_424_batch_2.tar	9232384	141467	1234095104	1379955
2977	14305	AF-0000000210763782	shard_944_batch_1.tar	136769536	179389	1302030848	2291116
2977	14771	AF-0000000210763788	shard_952_batch_1.tar	130250240	181836	2227344384	2335655
2980	14320	AF-0000000203824500	shard_978_batch_0.tar	83422208	198802	601074688	2827996
2981	14320	AF-0000000210763905	shard_970_batch_0.tar	19025920	195057	444961280	2721240
2988	14152	AF-0000000210765019	shard_442_batch_0.tar	89179648	155511	985289728	1690882
2989	14404	AF-0000000210765430	shard_1040_batch_1.tar	155873792	239470	3089648128	4253306
2994	14295	AF-0000000210766248	shard_410_batch_4.tar	42553856	134095	457247744	1294117
2994	14927	AF-0000000204825865	shard_445_batch_0.tar	104259072	151625	1091051008	1750296
3005	14890	AF-0000000204123454	shard_948_batch_1.tar	176220160	177988	2321706496	2245571
3009	14531	AF-0000000204029105	shard_932_batch_1.tar	60468736	179115	1497195520	2276765
3009	14666	AF-0000000204029097	shard_276_batch_1.tar	28816896	76548	496003072	389601
3016	14895	AF-0000000203587970	shard_442_batch_0.tar	16261120	149987	1612337152	1604428
3028	14944	AF-0000000210779112	shard_1134_batch_0.tar	15237120	290569	1338283520	6684759
3028	14982	AF-0000000210779113	shard_948_batch_1.tar	77917184	181384	353702400	2458669
3030	14559	AF-0000000210779985	shard_1112_batch_0.tar	7946240	276773	5928026112	5380121
3030	14703	AF-0000000210779987	shard_972_batch_1.tar	127710208	196127	2336225280	2735264
3031	14558	AF-0000000210780033	shard_962_batch_0.tar	84575232	183282	1595377664	2404829
3035	14534	AF-0000000203924275	shard_1128_batch_0.tar	96067072	287332	909075968	6588279
3035	14595	AF-0000000203924283	shard_1148_batch_0.tar	116168192	311912	5646829568	7656467
3053	14046	AF-0000000210783433	shard_1092_batch_1.tar	136614912	308974	6598812160	6628747
3053	14703	AF-0000000204115759	shard_1028_batch_1.tar	96015360	230160	2301068800	3581197
3054	14901	AF-0000000204201408	shard_308_batch_2.tar	6299136	89401	191350272	555390
3062	14870	AF-0000000203909284	shard_1158_batch_0.tar	293438976	330307	1013261824	7839218
3071	14235	AF-0000000204825504	shard_440_batch_4.tar	144249344	151172	1661078528	1625641
3071	14295	AF-0000000210788436	shard_410_batch_4.tar	35571200	134357	1223829504	1283111
3071	14699	AF-0000000204825535	shard_380_batch_4.tar	105546752	118127	271922688	1020111
3071	14927	AF-0000000204825511	shard_444_batch_4.tar	40723968	152178	1877862400	1746071
3072	14154	AF-0000000210788835	shard_342_batch_4.tar	84000256	102407	815361024	730517
3072	14534	AF-0000000210788840	shard_1006_batch_2.tar	27869696	210330	367259136	3374361
3077	14402	AF-0000000203814175	shard_384_batch_1.tar	68355584	122509	931573760	1051175
3077	14408	AF-0000000210789087	shard_332_batch_1.tar	4976128	101419	320483328	642807
3080	14182	AF-0000000210789706	shard_971_batch_0.tar	16744960	195929	805153280	2764021
3085	14483	AF-0000000204259489	shard_1026_batch_1.tar	15948288	230639	3385401344	3787927
3090	14407	AF-0000000203587257	shard_288_batch_0.tar	19080704	79178	266202624	456937
3100	14420	AF-0000000203908406	shard_326_batch_1.tar	93467136	95947	284227072	649620
3102	14129	AF-0000000210793047	shard_946_batch_0.tar	34853376	180501	933601792	2325519
3104	14901	AF-0000000204191781	shard_288_batch_1.tar	76801536	80818	516429824	457974
3128	14461	AF-0000000203919138	shard_1012_batch_1.tar	57136128	221020	3089029632	3643148
3138	14914	AF-0000000210796235	shard_438_batch_4.tar	11535872	151421	732365312	1594229
3147	14090	AF-0000000210796655	shard_1174_batch_0.tar	335241216	364127	4263590912	8912964
3161	14436	AF-0000000210799562	shard_1062_batch_1.tar	252993024	256841	2196231168	4670887
3164	14506	AF-0000000203796543	shard_256_batch_0.tar	38982656	69601	183143936	275110
3164	14555	AF-0000000203796552	shard_332_batch_1.tar	44222976	97933	748183552	678593
3168	14483	AF-0000000204077477	shard_998_batch_1.tar	2953216	213387	1470246400	3248741
3171	14037	AF-0000000204058182	shard_986_batch_1.tar	173140480	203965	2673583616	3021638
3171	14390	AF-0000000204057996	shard_292_batch_1.tar	47569920	78025	537410048	449219
3180	14334	AF-0000000203627324	shard_1004_batch_0.tar	2135040	217562	815853056	3383633
3180	14335	AF-0000000203627326	shard_1020_batch_0.tar	172491776	227219	3009075712	3602728
3182	14134	AF-0000000203828501	shard_262_batch_0.tar	5153792	73989	189546496	289575
3185	14895	AF-0000000203588086	shard_432_batch_0.tar	100312576	146382	722887680	1509497
3188	14274	AF-0000000210805196	shard_414_batch_0.tar	128128512	134448	313876480	1263036
3193	14847	AF-0000000203779925	shard_344_batch_1.tar	21186560	104753	658899968	766660
3200	14951	AF-0000000210806265	shard_1040_batch_0.tar	209234944	236414	709512192	4023948
3202	14408	AF-0000000210807016	shard_324_batch_1.tar	54781952	97441	482120192	587394
3202	14732	AF-0000000203814604	shard_324_batch_1.tar	28777984	97795	282935296	594289
3203	14408	AF-0000000210807025	shard_330_batch_1.tar	62266368	100556	831387648	634784
3203	14732	AF-0000000203814721	shard_332_batch_1.tar	17304576	100469	245870592	643043
3210	14407	AF-0000000203587115	shard_276_batch_0.tar	59555328	75134	487276032	407808
3210	14525	AF-0000000203587108	shard_264_batch_0.tar	63901184	72116	161364992	364452
3216	14559	AF-0000000210809556	shard_1168_batch_0.tar	59764736	341549	7958863872	8172731
3218	14154	AF-0000000210809792	shard_314_batch_0.tar	45868032	92525	545585664	579413
3222	14332	AF-0000000204771552	shard_1018_batch_2.tar	45507584	220729	317225984	3647234
3242	14407	AF-0000000203488592	shard_420_batch_0.tar	4829184	138578	1330857984	1402178
3242	14775	AF-0000000210813529	shard_1008_batch_0.tar	211298816	215612	2913351680	3294525
3242	14890	AF-0000000203488620	shard_948_batch_0.tar	106327552	181226	1353682944	2333304
3245	14870	AF-0000000204012061	shard_1058_batch_1.tar	212539904	255597	3933574144	4876826
3246	14703	AF-0000000203507743	shard_444_batch_0.tar	105107968	152478	738233856	1533751
3266	14140	AF-0000000210828568	shard_998_batch_1.tar	202212352	212939	1169898496	3138740
3271	14968	AF-0000000203563340	shard_1044_batch_0.tar	26061824	237708	1224473600	4206526
3281	14300	AF-0000000203705938	shard_1166_batch_0.tar	99071488	346333	6629986816	8558347
3281	14519	AF-0000000210835036	shard_1174_batch_0.tar	260732928	373552	6666588672	9758753
3281	14594	AF-0000000203705960	shard_1086_batch_0.tar	119669248	292108	3563292672	6083032
3287	14870	AF-0000000203915352	shard_1114_batch_0.tar	43385344	286696	4840401920	5999869
3293	14040	AF-0000000203908866	shard_304_batch_1.tar	48032256	88986	684678144	499061
3293	14870	AF-0000000203908891	shard_1054_batch_1.tar	246838272	253647	4244218368	4648863
3305	14703	AF-0000000210845980	shard_996_batch_1.tar	45181952	208222	2740291584	3063860
3308	14470	AF-0000000204228257	shard_376_batch_2.tar	62594048	117604	1041652736	940734
3308	14592	AF-0000000204228258	shard_430_batch_3.tar	55609344	142165	1341424640	1482196
3309	14318	AF-0000000210847160	shard_230_batch_1.tar	6526464	60393	144427008	243491
3309	14736	AF-0000000210847164	shard_248_batch_1.tar	58405888	67902	381099520	274877
3310	14470	AF-0000000204226800	shard_380_batch_2.tar	55641600	118793	641542144	972986
3312	14739	AF-0000000204241007	shard_412_batch_3.tar	74396672	135191	312049664	1300771
3314	14739	AF-0000000204226881	shard_414_batch_2.tar	56740352	136398	1121159168	1321549
3315	14739	AF-0000000204226057	shard_418_batch_3.tar	16980992	137277	1498083840	1378760
3318	14739	AF-0000000204226706	shard_422_batch_3.tar	31905792	140308	455198208	1444490
3319	14048	AF-0000000210847289	shard_968_batch_0.tar	157492736	194503	2236961792	2755074
3333	14131	AF-0000000203859357	shard_298_batch_1.tar	54097408	82702	517401600	498185
3333	14416	AF-0000000203859350	shard_1078_batch_1.tar	156045312	273644	1561203712	5628583
3335	14483	AF-0000000210847768	shard_932_batch_1.tar	171077120	178840	1354993152	2254544
3347	14182	AF-0000000210848297	shard_406_batch_1.tar	89046016	128320	808965120	1195065
3348	14343	AF-0000000203936674	shard_1016_batch_1.tar	71237120	217067	824258560	3415910
3348	14479	AF-0000000203936665	shard_410_batch_1.tar	110198784	133934	1343179776	1298742
3355	14360	AF-0000000203497359	shard_428_batch_0.tar	21213184	144895	687868416	1488373
3355	14504	AF-0000000203497351	shard_1046_batch_0.tar	229614592	240463	3567472128	4242068
3371	14641	AF-0000000210851622	shard_1026_batch_0.tar	67436544	224375	2824117248	3584091
3379	14265	AF-0000000210856643	shard_1038_batch_2.tar	35453440	232684	1585315840	4301439
3387	14492	AF-0000000204040941	shard_964_batch_1.tar	166506496	195105	1813282304	2729035
3391	14575	AF-0000000210862450	shard_434_batch_2.tar	8693760	147868	1331420672	1513652
3391	14890	AF-0000000210862452	shard_956_batch_1.tar	123308544	183326	1062018048	2395080
3392	14164	AF-0000000210862485	shard_386_batch_4.tar	21579776	120272	910481408	1044404
3401	14498	AF-0000000203882548	shard_928_batch_1.tar	102971392	172472	2112505344	2238483
3401	14679	AF-0000000203882540	shard_918_batch_0.tar	85011968	168570	2047495680	2124545
3401	14684	AF-0000000203882547	shard_932_batch_1.tar	174093312	174045	2166952448	2287888
3403	14968	AF-0000000203564676	shard_1066_batch_0.tar	194349568	257856	1126904320	4887739
3412	14973	AF-0000000210884657	shard_448_batch_1.tar	63325696	158535	967846400	1819649
3418	14870	AF-0000000203650186	shard_1096_batch_0.tar	55399424	325515	6821493248	7766139
3424	14989	AF-0000000204809633	shard_208_batch_3.tar	45167616	53392	234698752	176966
3425	14993	AF-0000000210894551	shard_390_batch_4.tar	31826432	120395	1249006592	1101347
3434	14758	AF-0000000210897661	shard_360_batch_4.tar	87078912	109498	244988928	829400
3436	14956	AF-0000000210898197	shard_986_batch_1.tar	4887552	193904	2825936896	2791101
3438	14378	AF-0000000203889874	shard_262_batch_0.tar	70415872	68355	330931712	343659
3450	14125	AF-0000000204009398	shard_446_batch_2.tar	86644224	155950	840338944	1788497
3450	14866	AF-0000000204009340	shard_1054_batch_1.tar	16465408	249937	4476103680	4687956
3461	14481	AF-0000000203741038	shard_880_batch_0.tar	144000512	142691	750528000	1535483
3462	14481	AF-0000000203741070	shard_438_batch_1.tar	132867584	141440	1385223168	1447626
3466	14650	AF-0000000204618305	shard_916_batch_2.tar	68352000	172061	249724416	2115516
3466	14914	AF-0000000210902510	shard_406_batch_3.tar	25339392	133058	1191575552	1245816
3467	14914	AF-0000000210902518	shard_406_batch_3.tar	5944832	133751	747623424	1264032
3471	14870	AF-0000000204672021	shard_1148_batch_0.tar	96774144	319428	3411119616	7534983
3472	14042	AF-0000000210903721	shard_1144_batch_0.tar	217530880	314164	4236281344	6962755
3472	14046	AF-0000000210903722	shard_1172_batch_0.tar	70151168	366371	2024695808	9366888
3472	14602	AF-0000000210903725	shard_1032_batch_1.tar	34424320	237228	2635373056	3932584
3473	14771	AF-0000000210904328	shard_1054_batch_0.tar	127195648	243585	4493189632	4029443
3476	14038	AF-0000000210904607	shard_396_batch_2.tar	57622016	122856	413885440	1066042
3480	14870	AF-0000000210905638	shard_1172_batch_0.tar	47142912	365868	5048898048	9887554
3483	14195	AF-0000000204719013	shard_942_batch_2.tar	33754112	177136	1290158592	2431904
3495	14669	AF-0000000210908699	shard_986_batch_0.tar	193136128	197061	1104066560	2745773
3500	14714	AF-0000000204019330	shard_1114_batch_0.tar	236442112	280552	5502270976	5859463
3512	14595	AF-0000000203923414	shard_1170_batch_0.tar	149069824	350906	7228796416	9196026
3514	14870	AF-0000000210910417	shard_1024_batch_1.tar	65461760	226709	2106104832	3891719
3516	14154	AF-0000000210910510	shard_306_batch_3.tar	47079936	88182	554491392	528360
3523	14657	AF-0000000203631028	shard_340_batch_0.tar	25611776	101779	511057920	684937
3523	14840	AF-0000000203631040	shard_222_batch_0.tar	15012352	58626	157835264	216140
3532	14220	AF-0000000203603970	shard_362_batch_0.tar	89285120	107200	1063127552	780768
3538	14728	AF-0000000203481006	shard_380_batch_0.tar	30175744	119041	364426752	926868
3539	14559	AF-0000000210924776	shard_1108_batch_0.tar	94792704	272595	2516708864	4945163
3553	14890	AF-0000000204123549	shard_956_batch_1.tar	28214272	180654	2645050880	2323808
3555	14006	AF-0000000204434698	shard_436_batch_3.tar	116286976	146917	1080333312	1526813
3565	14451	AF-0000000203576002	shard_442_batch_0.tar	41942528	151133	1610719744	1616424
3566	14657	AF-0000000210932691	shard_380_batch_0.tar	16326144	119415	732965376	1024469
3573	14973	AF-0000000210932936	shard_412_batch_2.tar	79089664	135326	677108736	1338933
3575	14094	AF-0000000210933023	shard_420_batch_2.tar	22329856	137793	1500173312	1361121
3585	14172	AF-0000000204378712	shard_430_batch_3.tar	54446080	141983	1673850368	1546395
3585	14269	AF-0000000204378660	shard_338_batch_2.tar	19098624	102459	337672704	718489
3593	14046	AF-0000000210934243	shard_1044_batch_0.tar	175226368	240652	1191227904	4120048
3593	14075	AF-0000000203647874	shard_902_batch_0.tar	26061824	163685	1215581696	1913585
3593	14569	AF-0000000210934244	shard_1034_batch_0.tar	168584192	232275	3201150976	3748686
3593	14703	AF-0000000203647848	shard_894_batch_0.tar	149977088	161082	1821519872	1807604
3593	14811	AF-0000000210934245	shard_954_batch_0.tar	98319360	190147	1743164416	2564159
3595	14269	AF-0000000204376722	shard_338_batch_2.tar	33247744	103512	651424256	702551
3596	14581	AF-0000000204298579	shard_328_batch_2.tar	17876480	97931	220154368	674564
3597	14293	AF-0000000204350155	shard_174_batch_1.tar	1291264	34878	84965888	62043
3599	14407	AF-0000000204828217	shard_286_batch_3.tar	4916736	78338	361542656	453308
3600	14172	AF-0000000203731789	shard_374_batch_1.tar	26739200	113658	243987968	966394
3608	14573	AF-0000000210935551	shard_1126_batch_0.tar	125868032	295164	1885998080	6091735
3610	14407	AF-0000000203585864	shard_278_batch_0.tar	20268544	76245	552643072	419450
3610	14525	AF-0000000203585846	shard_266_batch_0.tar	73303040	73403	196571136	372276
3617	14040	AF-0000000203907643	shard_214_batch_0.tar	16948736	55603	168601088	180790
3618	14870	AF-0000000210936372	shard_1176_batch_0.tar	60056064	377230	7686697984	10101835
3624	14897	AF-0000000204653520	shard_292_batch_3.tar	19713024	81972	403017728	450531
3632	14479	AF-0000000203936861	shard_406_batch_1.tar	40184320	132978	637581312	1264125
3634	14235	AF-0000000204825163	shard_442_batch_4.tar	93195776	150540	1804249600	1650250
3640	14228	AF-0000000203793695	shard_184_batch_0.tar	5332480	42648	144925184	109708
3646	14134	AF-0000000203828890	shard_262_batch_0.tar	9636352	75581	323320832	294228
3648	14722	AF-0000000210939840	shard_290_batch_3.tar	30000640	84111	343168512	443625
3661	14208	AF-0000000203750534	shard_964_batch_0.tar	90812928	193249	2680896512	2802997
3662	14558	AF-0000000210941750	shard_982_batch_1.tar	185628672	192662	1170087424	2724638
3673	14799	AF-0000000203606445	shard_962_batch_0.tar	77901824	191461	1652065792	2370027
3674	14858	AF-0000000203465502	shard_894_batch_0.tar	116444672	165257	1399088640	1952416
3676	14074	AF-0000000203601301	shard_424_batch_0.tar	60231168	139122	789444608	1357969
3676	14274	AF-0000000210945480	shard_410_batch_0.tar	66184192	133395	564994048	1206999
3680	14890	AF-0000000210946377	shard_946_batch_0.tar	57050112	176698	1224828416	2212447
3681	14569	AF-0000000210946447	shard_1066_batch_0.tar	31210496	260176	770470912	4592085
3692	14557	AF-0000000210950130	shard_336_batch_3.tar	31940608	103981	393072128	618823
3699	14408	AF-0000000210951418	shard_322_batch_1.tar	27586560	95677	746657792	582244
3699	14732	AF-0000000203816793	shard_324_batch_1.tar	60539904	95807	682497536	592725
3699	14733	AF-0000000203816795	shard_334_batch_1.tar	45745664	99943	240760320	647523
3700	14506	AF-0000000203798757	shard_172_batch_0.tar	6780928	29080	66537472	44009
3705	14407	AF-0000000203666926	shard_294_batch_0.tar	17875456	81147	452972544	489208
3705	14525	AF-0000000203666921	shard_282_batch_0.tar	32132608	77991	521949184	436994
3713	14829	AF-0000000203805126	shard_356_batch_1.tar	5673472	109193	221465600	808459
3719	14562	AF-0000000203930867	shard_890_batch_1.tar	43265024	156840	1819589120	1780440
3723	14971	AF-0000000204805624	shard_228_batch_3.tar	42983424	61536	225190400	240574
3724	14304	AF-0000000203978877	shard_214_batch_0.tar	37831168	54498	164109824	191016
3724	14959	AF-0000000203978889	shard_318_batch_1.tar	43072512	93020	588320768	585475
3740	14235	AF-0000000203712200	shard_990_batch_0.tar	34875904	201509	2517626880	2858557
3746	14987	AF-0000000204004120	shard_308_batch_1.tar	24865792	85745	667588608	499259
3752	14890	AF-0000000210957734	shard_960_batch_1.tar	80593920	184682	2467295744	2361685
3756	14324	AF-0000000210958249	shard_404_batch_2.tar	9798656	130552	537534976	1245432
3757	14483	AF-0000000204828990	shard_929_batch_0.tar	140170240	175679	690231808	2145358
3757	14897	AF-0000000204828993	shard_938_batch_2.tar	25943040	179952	1237213184	2266388
3758	14264	AF-0000000210958670	shard_242_batch_0.tar	51022336	68344	332950016	296736
3761	14802	AF-0000000203691458	shard_360_batch_0.tar	98741760	108431	457007616	783315
3762	14802	AF-0000000203691505	shard_374_batch_0.tar	55948800	115385	706906112	872085
3766	14407	AF-0000000203587415	shard_290_batch_0.tar	28157440	80635	528837120	464795
3767	14228	AF-0000000203589707	shard_290_batch_0.tar	57933312	84058	569014784	470269
3775	14567	AF-0000000210960221	shard_1150_batch_0.tar	245851648	308231	3105357312	6705117
3792	14895	AF-0000000203587897	shard_440_batch_0.tar	138923520	149221	975311360	1587162
3792	14925	AF-0000000203587905	shard_962_batch_0.tar	134268416	189156	2429217280	2499634
3799	14343	AF-0000000203934802	shard_1016_batch_1.tar	60195328	216961	2244782080	3413204
3799	14479	AF-0000000203934792	shard_408_batch_1.tar	34667520	133949	773792768	1294641
3800	14343	AF-0000000203936816	shard_1020_batch_1.tar	173063168	219323	3283721216	3478826
3803	14226	AF-0000000203684056	shard_1020_batch_1.tar	142266880	218242	2514611712	3561426
3803	14882	AF-0000000203911193	shard_944_batch_1.tar	174553600	181005	1233355264	2400952
3803	14925	AF-0000000203911218	shard_994_batch_1.tar	176081408	204588	2382163456	2957846
3804	14870	AF-0000000203925613	shard_1176_batch_0.tar	308955136	378534	8205578752	10916246
3807	14551	AF-0000000204440409	shard_354_batch_3.tar	80348672	107825	679728640	811174
3810	14598	AF-0000000204770226	shard_376_batch_4.tar	41210880	116049	624261632	902258
3810	14768	AF-0000000204770232	shard_356_batch_4.tar	24825856	107804	586527744	769010
3810	14975	AF-0000000204770231	shard_404_batch_4.tar	80451072	128315	464268288	1169907
3811	14089	AF-0000000204770333	shard_446_batch_4.tar	125381120	153131	924308992	1759527
3811	14111	AF-0000000204770327	shard_268_batch_3.tar	38232576	74866	247156224	374655
3811	14598	AF-0000000204770324	shard_380_batch_4.tar	103533056	118033	1077822976	928023
3811	14975	AF-0000000204770328	shard_410_batch_4.tar	136192	130996	447345152	1205406
3814	14304	AF-0000000204792357	shard_234_batch_3.tar	57284608	62719	260064768	247270
3814	14982	AF-0000000204792366	shard_270_batch_3.tar	53760000	76119	361000448	387899
3828	14557	AF-0000000210966119	shard_334_batch_3.tar	44756992	102307	804233728	601399
3838	14330	AF-0000000204106808	shard_270_batch_1.tar	23664640	76082	267509760	377106
3845	14102	AF-0000000210971264	shard_1090_batch_0.tar	206713344	307342	2212360704	6803216
3845	14312	AF-0000000210971266	shard_1030_batch_0.tar	13858304	230403	4059744768	3769648
3846	14156	AF-0000000210971489	shard_436_batch_2.tar	144266240	148975	1649652736	1426650
3848	14840	AF-0000000203962499	shard_410_batch_1.tar	129734144	134348	258536448	1283308
3849	14042	AF-0000000210972450	shard_1034_batch_1.tar	228160512	233492	1757967872	3881254
3851	14951	AF-0000000210973101	shard_1028_batch_0.tar	163667456	225540	3916512256	3619928
3869	14536	AF-0000000204020029	shard_1168_batch_0.tar	61848576	346787	4865501696	9318882
3877	14037	AF-0000000204249927	shard_1060_batch_1.tar	85364736	253153	3178411008	4765100
3877	14390	AF-0000000204249830	shard_414_batch_3.tar	33134080	126964	859122688	1227782
3877	14490	AF-0000000204249930	shard_438_batch_3.tar	119734784	146006	1112666624	1550887
3881	14811	AF-0000000210978862	shard_1128_batch_0.tar	29729280	296840	830511104	6279269
3900	14542	AF-0000000204037125	shard_1066_batch_1.tar	258204672	255975	1551269888	4727925
3902	14987	AF-0000000210981328	shard_332_batch_0.tar	39623680	94400	359224832	633193
3911	14451	AF-0000000203456213	shard_1004_batch_0.tar	41165824	208335	2059422720	3044068
3913	14843	AF-0000000210981969	shard_430_batch_3.tar	31227904	145207	1525526016	1457564
3918	14641	AF-0000000210982363	shard_1074_batch_0.tar	264857600	269452	1280443904	5111276
3922	14641	AF-0000000210983832	shard_1072_batch_0.tar	123678720	267121	2519997952	5223467
3951	14987	AF-0000000203505815	shard_312_batch_0.tar	54534656	86497	619755520	511831
3952	14987	AF-0000000210987788	shard_308_batch_0.tar	67592192	85076	465685504	498260
3956	14864	AF-0000000203802968	shard_444_batch_1.tar	13453312	158646	1301873152	1783081
3957	14864	AF-0000000210987917	shard_442_batch_1.tar	137147904	156908	1302651392	1721997
3965	14364	AF-0000000210988118	shard_398_batch_0.tar	26358272	126008	485147136	1119420
3981	14060	AF-0000000210990275	shard_1038_batch_0.tar	88147456	230255	660933120	3751168
3991	14312	AF-0000000203759418	shard_988_batch_0.tar	91949056	204512	534514688	2947307
4003	14559	AF-0000000210991623	shard_1044_batch_2.tar	40154112	233899	2072073728	3871243
4010	14997	AF-0000000204585624	shard_220_batch_3.tar	28609024	57675	184407552	211362
4049	14461	AF-0000000203554768	shard_988_batch_0.tar	126938112	205658	1567971840	3093550
4058	14220	AF-0000000203459455	shard_900_batch_0.tar	129468416	159917	391546880	1912254
4063	14331	AF-0000000203803943	shard_1014_batch_0.tar	202722304	221191	2888007168	3480319
4065	14413	AF-0000000203812846	shard_934_batch_0.tar	91845120	171217	770344960	2079515
4091	14461	AF-0000000203945636	shard_1024_batch_1.tar	222249472	228118	3398608896	3850784
4094	14701	AF-0000000210994517	shard_437_batch_0.tar	91388928	144800	873731584	1505773
4108	14997	AF-0000000204622155	shard_176_batch_2.tar	17849344	38437	86121472	81489
4113	14960	AF-0000000203563742	shard_1058_batch_0.tar	115905536	251136	566867968	4662872
4116	14982	AF-0000000210995145	shard_1006_batch_1.tar	133508096	217011	1545618432	3174940
4122	14954	AF-0000000204590672	shard_440_batch_3.tar	28962816	148383	1318993920	1744526
4125	14755	AF-0000000203735573	shard_930_batch_0.tar	137619456	172987	448937984	2164241
4132	14060	AF-0000000210997323	shard_930_batch_0.tar	63078912	170776	2305227264	2028054
4136	14840	AF-0000000203474265	shard_314_batch_0.tar	65373696	90564	604111360	553751
4140	14409	AF-0000000210999363	shard_996_batch_1.tar	151781376	205835	1672285696	3104206
4141	14349	AF-0000000210999572	shard_326_batch_0.tar	65356288	95392	814115840	636091
4141	14487	AF-0000000210999577	shard_314_batch_0.tar	38596608	89188	570564096	549668
4147	14068	AF-0000000211000495	shard_264_batch_3.tar	56244224	73884	218098176	375936
4147	14559	AF-0000000211000498	shard_1036_batch_2.tar	115476480	227277	882599936	3667143
4147	14833	AF-0000000211000502	shard_384_batch_3.tar	105529856	121300	877588480	1038792
4150	14859	AF-0000000211000728	shard_226_batch_2.tar	53621248	59147	246534144	232336
4154	14470	AF-0000000204228210	shard_376_batch_2.tar	4003840	118048	971324416	933877
4154	14592	AF-0000000204228211	shard_430_batch_3.tar	18578944	142529	771586048	1493937
4154	14739	AF-0000000204228212	shard_418_batch_3.tar	277504	136954	1439332864	1373366
4157	14156	AF-0000000211002262	shard_398_batch_2.tar	59877888	128080	1273542656	1149877
4157	14277	AF-0000000204225770	shard_340_batch_2.tar	919552	103483	828751360	692158
4157	14592	AF-0000000204225767	shard_426_batch_3.tar	124325376	140675	917927424	1443497
4160	14037	AF-0000000204769876	shard_1004_batch_2.tar	55608832	214640	1315518976	3329689
4160	14089	AF-0000000204769863	shard_432_batch_4.tar	36050432	144539	1565564928	1559083
4160	14598	AF-0000000204769843	shard_358_batch_4.tar	68219904	109522	241259520	793416
4160	14768	AF-0000000204769852	shard_338_batch_4.tar	38218752	101539	324521984	669422
4160	14770	AF-0000000204769854	shard_226_batch_3.tar	29527552	59903	250464256	213797
4160	14909	AF-0000000204769864	shard_432_batch_4.tar	107078144	143808	740646912	1561616
4160	14975	AF-0000000204769851	shard_390_batch_4.tar	30835200	121811	246265344	1040321
4161	14727	AF-0000000204773755	shard_270_batch_3.tar	48561664	77554	354909696	386721
4161	14989	AF-0000000204773785	shard_208_batch_3.tar	31301632	53340	229952000	164085
4163	14770	AF-0000000204779123	shard_228_batch_3.tar	48012288	60715	145577472	218782
4164	14063	AF-0000000204626546	shard_1032_batch_2.tar	113719296	227044	825506304	3609620
4164	14778	AF-0000000204626559	shard_268_batch_3.tar	60715520	74965	151069184	379861
4167	14014	AF-0000000203513925	shard_312_batch_0.tar	72950784	92067	244893184	516414
4167	14559	AF-0000000211003474	shard_1068_batch_0.tar	238137344	256956	2943894528	4671133
4168	14840	AF-0000000203476486	shard_314_batch_0.tar	35749888	92145	351507968	539848
4172	14743	AF-0000000203508670	shard_918_batch_0.tar	26294784	171984	1691196416	2189009
4193	14323	AF-0000000211006677	shard_1066_batch_0.tar	143504384	263538	2069094912	4757604
4200	14215	AF-0000000203508843	shard_948_batch_0.tar	115533824	184601	2348957696	2589372
4200	14569	AF-0000000211008191	shard_1006_batch_0.tar	12204544	212730	3191249920	3136463
4200	14599	AF-0000000211008192	shard_918_batch_0.tar	18233856	171094	2384044544	2184661
4200	14743	AF-0000000203508846	shard_918_batch_0.tar	14457344	171233	1871071744	2186744
4207	14743	AF-0000000203636740	shard_918_batch_0.tar	169699840	171144	2118312960	2162765
4209	14506	AF-0000000203797648	shard_172_batch_0.tar	5377536	29144	69014016	42851
4210	14770	AF-0000000204680629	shard_206_batch_3.tar	1653248	52272	256288768	168050
4212	14769	AF-0000000211010472	shard_1052_batch_0.tar	168012800	243691	3213828096	4100374
4221	14459	AF-0000000204736613	shard_362_batch_4.tar	44092416	107214	905166336	776303
4225	14182	AF-0000000211012018	shard_362_batch_3.tar	18213376	111131	792448512	812645
4226	14217	AF-0000000211013174	shard_946_batch_1.tar	89238528	176590	2601263616	2354381
4227	14217	AF-0000000211013376	shard_946_batch_1.tar	6780416	175774	505128960	2319179
4232	14989	AF-0000000204770397	shard_202_batch_3.tar	47533568	51503	240796672	149970
4236	14293	AF-0000000204515985	shard_180_batch_2.tar	6572544	40201	156770816	94685
4236	14741	AF-0000000204515909	shard_282_batch_2.tar	79486464	79994	381413888	411604
4239	14466	AF-0000000211017287	shard_284_batch_2.tar	37708800	78950	266594816	436562
4242	14578	AF-0000000204592563	shard_182_batch_2.tar	14899712	41239	159480832	97027
4246	14578	AF-0000000204638400	shard_192_batch_3.tar	21418496	45994	175363072	131484
4247	14997	AF-0000000204639145	shard_176_batch_2.tar	10148864	37060	122847232	75727
4248	14997	AF-0000000204639905	shard_176_batch_2.tar	10445824	37737	107809280	81241
4251	14452	AF-0000000203509294	shard_430_batch_0.tar	138456064	144884	1579635200	1491385
4251	14569	AF-0000000211019076	shard_1006_batch_0.tar	37870080	212733	2353973248	3135031
4251	14571	AF-0000000211019077	shard_326_batch_0.tar	21791232	99332	375457792	653147
4251	14703	AF-0000000203509293	shard_426_batch_0.tar	32426496	142189	663750144	1348220
4263	14720	AF-0000000204162345	shard_358_batch_2.tar	67771392	110479	356533248	814386
4265	14840	AF-0000000203473824	shard_314_batch_0.tar	62977024	90887	359364096	513701
4274	14864	AF-0000000203801123	shard_440_batch_1.tar	30644224	153675	633500672	1671649
4279	14073	AF-0000000204238817	shard_1016_batch_1.tar	146854400	222191	1869884928	3554443
4279	14220	AF-0000000204238810	shard_368_batch_2.tar	104864256	110492	1108264448	859922
4280	14269	AF-0000000204321979	shard_272_batch_2.tar	58821632	76889	275655680	402514
4280	14679	AF-0000000204321899	shard_304_batch_2.tar	12155904	86417	642498560	518988
4281	14521	AF-0000000211023613	shard_404_batch_2.tar	50202112	132467	899435008	1211964
4282	14770	AF-0000000204770054	shard_228_batch_3.tar	29400064	59999	161123328	211592
4286	14293	AF-0000000204521380	shard_176_batch_2.tar	10520064	36172	127281664	71495
4290	14506	AF-0000000203795180	shard_256_batch_0.tar	31391744	69750	277033472	276170
4290	14555	AF-0000000203795192	shard_332_batch_1.tar	14827008	98247	253708288	657498
4292	14332	AF-0000000204247604	shard_264_batch_1.tar	25490432	72925	457839104	338640
4292	14461	AF-0000000204247423	shard_428_batch_3.tar	65714688	147454	583794176	1501592
4292	14762	AF-0000000211026670	shard_410_batch_3.tar	57916928	128434	745774592	1214061
4292	14983	AF-0000000204247422	shard_430_batch_3.tar	24813056	148459	460591616	1530490
4293	14235	AF-0000000203795584	shard_438_batch_1.tar	93026816	148992	1291546112	1577704
4293	14506	AF-0000000203795596	shard_256_batch_0.tar	64377856	69833	411632640	277190
4293	14555	AF-0000000203795662	shard_332_batch_1.tar	91166720	98039	817775616	678423
4303	14982	AF-0000000211029203	shard_428_batch_1.tar	53538816	144489	1707107328	1486802
4306	14872	AF-0000000204174911	shard_276_batch_1.tar	12810752	76311	287273472	417155
4308	14753	AF-0000000204524919	shard_382_batch_3.tar	65185792	118942	1023707648	948194
4308	14771	AF-0000000211030786	shard_410_batch_3.tar	22302208	131370	609944576	1171368
4318	14336	AF-0000000203879539	shard_882_batch_0.tar	140809728	151769	1264686592	1776136
4318	14384	AF-0000000203879503	shard_1068_batch_1.tar	204975104	260893	2512297472	5232188
4318	14459	AF-0000000203879412	shard_978_batch_1.tar	53601792	192604	2672129024	2786295
4318	14498	AF-0000000203879451	shard_914_batch_1.tar	12090880	168597	2254082560	2137380
4318	14679	AF-0000000203879447	shard_906_batch_0.tar	30317568	165022	1359834112	2008112
4318	14680	AF-0000000211032627	shard_450_batch_1.tar	64789504	155418	1990734336	1804501
4318	14684	AF-0000000203879450	shard_920_batch_0.tar	142794752	169913	1011698688	2170131
4325	14203	AF-0000000211032857	shard_366_batch_0.tar	41989632	107786	449663488	925275
4328	14557	AF-0000000211032934	shard_330_batch_3.tar	63396352	101491	439975936	608690
4333	14097	AF-0000000211033105	shard_970_batch_1.tar	104030208	191965	1584180224	2488338
4333	14247	AF-0000000203898883	shard_384_batch_1.tar	90138624	122325	614896640	1048825
4337	14133	AF-0000000204807168	shard_890_batch_2.tar	67914240	159366	731418624	1982606
4340	14217	AF-0000000211033341	shard_944_batch_1.tar	120736768	175389	690745344	2312677
4342	14107	AF-0000000203453476	shard_392_batch_0.tar	58232832	124711	1049920512	1103869
4342	14890	AF-0000000203453486	shard_434_batch_0.tar	44670464	141619	825150464	1491352
4342	14916	AF-0000000211033583	shard_954_batch_0.tar	7460864	183815	2157364736	2553497
4342	14926	AF-0000000203453559	shard_382_batch_0.tar	18639360	118217	1026628608	992693
4348	14598	AF-0000000204778623	shard_360_batch_4.tar	78917120	110160	876106752	800281
4349	14106	AF-0000000211034301	shard_880_batch_0.tar	124116480	160054	761969152	1684277
4351	14602	AF-0000000211034501	shard_342_batch_3.tar	30908928	98953	558243840	691555
4352	14405	AF-0000000211034682	shard_254_batch_3.tar	56705024	68742	357454336	322883
4352	14770	AF-0000000204680324	shard_208_batch_3.tar	7744000	53375	261170176	173707
4355	14506	AF-0000000203798635	shard_172_batch_0.tar	12978688	29009	68393472	43898
4356	14620	AF-0000000204057044	shard_900_batch_1.tar	124639744	162705	1963275776	1918495
4357	14073	AF-0000000203899577	shard_1000_batch_1.tar	84044288	211918	2240433152	3293300
4361	14150	AF-0000000203474842	shard_384_batch_0.tar	20929024	119767	661249536	1043162
4361	14840	AF-0000000203474790	shard_314_batch_0.tar	58744832	90539	462499328	526916
4362	14840	AF-0000000203475010	shard_314_batch_0.tar	11862016	90891	697980416	518560
4364	14126	AF-0000000211036806	shard_298_batch_3.tar	36277248	85100	362846208	487116
4366	14770	AF-0000000204776572	shard_232_batch_3.tar	18849280	61823	156979712	234508
4371	14139	AF-0000000211037309	shard_398_batch_2.tar	35743232	127763	848268288	1171679
4372	14720	AF-0000000204161875	shard_358_batch_2.tar	95544832	110538	990239232	838030
4375	14269	AF-0000000204317911	shard_268_batch_2.tar	72893952	75975	367438336	370769
4376	14840	AF-0000000203474586	shard_314_batch_0.tar	60669952	91015	408584704	511486
4378	14386	AF-0000000204233071	shard_384_batch_2.tar	47366656	119624	1060563456	970509
4378	14394	AF-0000000204233003	shard_306_batch_2.tar	31445504	88562	598884864	533902
4378	14951	AF-0000000211044314	shard_446_batch_3.tar	109670912	152972	543506432	1712546
4379	14339	AF-0000000203475801	shard_366_batch_0.tar	22498304	109490	388045824	846392
4379	14840	AF-0000000203475789	shard_314_batch_0.tar	47897600	91037	201472000	516176
4389	14890	AF-0000000203452576	shard_434_batch_0.tar	28037632	143080	1327161344	1496309
4389	14926	AF-0000000203452598	shard_382_batch_0.tar	28986368	118689	1080608256	995354
4399	14919	AF-0000000203566052	shard_338_batch_0.tar	32510464	102394	607654912	722360
4399	14937	AF-0000000203566062	shard_204_batch_0.tar	24763392	51436	234439680	165580
4401	14002	AF-0000000211047669	shard_1000_batch_1.tar	178224640	208922	3122406912	3228309
4416	14901	AF-0000000204191717	shard_288_batch_1.tar	46381056	80615	425660416	463638
4417	14113	AF-0000000211047976	shard_400_batch_4.tar	6184960	128487	629294080	1134911
4417	14540	AF-0000000211047986	shard_1004_batch_2.tar	13223424	215732	625889280	3274796
4417	14747	AF-0000000211047990	shard_450_batch_4.tar	71503360	159855	748679168	1754798
4417	14753	AF-0000000211047992	shard_934_batch_2.tar	85834752	178255	1022085120	2232285
4426	14870	AF-0000000203886720	shard_1064_batch_1.tar	200796672	259809	3716397568	5134997
4427	14496	AF-0000000211048063	shard_1170_batch_0.tar	189024256	357987	7582702080	9094448
4441	14202	AF-0000000204129916	shard_978_batch_1.tar	183660032	201680	2725089280	2778110
4448	14881	AF-0000000203857049	shard_956_batch_0.tar	133609984	187418	2512544768	2503906
4448	14890	AF-0000000203856989	shard_950_batch_0.tar	22151680	180081	2185194496	2347902
4449	14559	AF-0000000211048312	shard_1076_batch_0.tar	40801280	267908	3707780096	5147211
4460	14318	AF-0000000211048503	shard_360_batch_4.tar	36899840	103790	971818496	821612
4460	14656	AF-0000000204817966	shard_882_batch_2.tar	56762880	146422	800121344	1657441
4460	14657	AF-0000000204817965	shard_448_batch_4.tar	2052096	151451	1734379520	1690762
4464	14301	AF-0000000211048553	shard_446_batch_4.tar	7170560	150332	1349294592	1648819
4466	14038	AF-0000000211048579	shard_448_batch_4.tar	102115328	156229	1089458688	1691327
4483	14036	AF-0000000211048853	shard_924_batch_2.tar	19341824	170140	1205092352	2003289
4483	14297	AF-0000000204794002	shard_374_batch_4.tar	96818688	116648	802008576	871964
4483	14721	AF-0000000211048855	shard_450_batch_4.tar	155875840	157602	1421411328	1696400
4484	14129	AF-0000000211048918	shard_1172_batch_0.tar	213934080	356852	5169777664	8738158
4484	14765	AF-0000000211048922	shard_1176_batch_0.tar	36385280	366671	3051143168	9551324
4487	14667	AF-0000000203762061	shard_972_batch_0.tar	119547392	198269	2303442944	2761222
4511	14392	AF-0000000203759889	shard_1022_batch_0.tar	102419968	225418	3474330112	3604889
4512	14318	AF-0000000211049205	shard_318_batch_0.tar	88805888	89928	649053696	567957
4515	14229	AF-0000000211049249	shard_428_batch_2.tar	58611200	140321	1600408064	1423956
4515	14543	AF-0000000211049250	shard_1008_batch_1.tar	214261248	215463	3062602240	3213953
4515	14827	AF-0000000211049253	shard_424_batch_2.tar	98865664	135871	1480360960	1282502
4524	14318	AF-0000000211049310	shard_304_batch_4.tar	88190976	83815	579073536	501907
4532	14890	AF-0000000203920044	shard_926_batch_1.tar	161868800	169294	1134359040	2015521
4532	14944	AF-0000000203920061	shard_1004_batch_1.tar	203407360	208392	2848506368	3272094
4533	14600	AF-0000000204762573	shard_416_batch_4.tar	10317312	136976	1420248064	1333636
4537	14584	AF-0000000203761130	shard_366_batch_0.tar	78706688	109832	876204032	821121
4543	14927	AF-0000000204824993	shard_900_batch_2.tar	28036096	162587	551051776	2000163
4561	14095	AF-0000000203920691	shard_1042_batch_0.tar	178161152	226302	1145567232	3725971
4581	14746	AF-0000000204140894	shard_258_batch_1.tar	15752704	70706	145035264	338941
4587	14569	AF-0000000211060236	shard_1006_batch_0.tar	71988736	213416	2918004224	3141487
4588	14215	AF-0000000203509064	shard_948_batch_0.tar	82952704	184958	751625216	2586761
4588	14569	AF-0000000211060267	shard_1006_batch_0.tar	133826048	213231	3498647552	3124897
4588	14599	AF-0000000211060268	shard_918_batch_0.tar	49428480	171685	1961330176	2186216
4588	14743	AF-0000000203509067	shard_918_batch_0.tar	45319168	171553	1510266368	2193680
4589	14372	AF-0000000211060308	shard_248_batch_0.tar	36912128	68123	212601856	300634
4591	14106	AF-0000000211060432	shard_366_batch_0.tar	6422016	114220	1007914496	903240
4591	14504	AF-0000000203498336	shard_1048_batch_0.tar	65346560	241896	572016640	4410905
4593	14273	AF-0000000204312835	shard_344_batch_2.tar	77559296	104893	214730752	746692
4615	14919	AF-0000000203478772	shard_356_batch_0.tar	26014720	110158	214079488	815399
4618	14982	AF-0000000203537168	shard_436_batch_0.tar	134782464	146059	363406336	1473582
4621	14973	AF-0000000211067494	shard_1044_batch_1.tar	86790656	236376	1641101312	3974032
4622	14188	AF-0000000211067499	shard_428_batch_4.tar	99993088	143158	1480460800	1401098
4624	14920	AF-0000000211067526	shard_1154_batch_0.tar	76647936	327308	3879033344	7504300
4640	14741	AF-0000000204537129	shard_334_batch_3.tar	28507648	99844	571108352	678801
4657	14074	AF-0000000211067868	shard_438_batch_0.tar	35579904	146669	1512409600	1549323
4657	14274	AF-0000000211067870	shard_426_batch_0.tar	8108032	141210	293957632	1380440
4657	14567	AF-0000000211067874	shard_924_batch_0.tar	27136512	173037	1367457792	2116369
4657	14721	AF-0000000211067877	shard_900_batch_0.tar	57515520	164309	1316783104	1913967
4658	14870	AF-0000000203886762	shard_1158_batch_0.tar	294421504	331304	2630452736	7991255
4668	14343	AF-0000000211068013	shard_1062_batch_1.tar	211473408	252935	3241446912	4727313
4668	14346	AF-0000000211068014	shard_960_batch_1.tar	95554048	188586	2269738496	2581655
4668	14354	AF-0000000211068015	shard_1016_batch_1.tar	9024512	217576	2086140928	3580398
4668	14483	AF-0000000211068016	shard_412_batch_1.tar	12007936	134615	504586240	1293850
4668	14976	AF-0000000211068018	shard_398_batch_1.tar	48972800	127843	519307264	1154388
4686	14273	AF-0000000203550055	shard_956_batch_0.tar	41870336	188128	2838128640	2421720
4690	14951	AF-0000000211068138	shard_978_batch_1.tar	29591552	193473	2059086336	2789638
4691	14765	AF-0000000204078282	shard_1106_batch_0.tar	42652672	274094	4518198784	5349285
4691	14951	AF-0000000211068150	shard_1034_batch_1.tar	8153600	230317	2506632704	3750754
4695	14046	AF-0000000211068211	shard_1072_batch_0.tar	16944128	266837	2372203520	5080777
4701	14243	AF-0000000204635793	shard_888_batch_2.tar	29453312	159113	414176256	1831079
4704	14259	AF-0000000211068361	shard_906_batch_0.tar	35500032	167080	451423232	1847098
4707	14951	AF-0000000211068411	shard_1046_batch_0.tar	3426304	238644	786902016	4079560
4711	14487	AF-0000000204259674	shard_434_batch_3.tar	120073216	143871	1130006016	1494936
4714	14656	AF-0000000211068546	shard_1048_batch_2.tar	103367680	242139	1228878848	4129977
4714	14657	AF-0000000211068547	shard_1052_batch_2.tar	105616384	247236	471501824	4222246
4722	14506	AF-0000000203477122	shard_310_batch_0.tar	43666944	89767	567906816	560389
4726	14097	AF-0000000211068856	shard_988_batch_1.tar	56399872	200909	963513344	2855359
4775	14703	AF-0000000211069681	shard_992_batch_2.tar	17737728	201032	1485759488	2833667
4775	14870	AF-0000000211069684	shard_1112_batch_0.tar	76396544	282293	1673776128	5902192
4779	14596	AF-0000000211069796	shard_1058_batch_2.tar	31486464	249487	1339248640	4674943
4786	14559	AF-0000000211070177	shard_1170_batch_0.tar	212327936	341374	3697067008	8373598
4787	14331	AF-0000000204709208	shard_434_batch_4.tar	59588608	145811	835405824	1433672
4806	14870	AF-0000000203909615	shard_1162_batch_0.tar	70195200	338299	7679126528	8177672
4820	14870	AF-0000000211086464	shard_1056_batch_0.tar	20433408	252448	560097792	4775874
4822	14602	AF-0000000211086840	shard_990_batch_2.tar	21092864	202508	608029184	2945060
4830	14870	AF-0000000203910204	shard_1068_batch_1.tar	62472192	268540	2181699584	5219246
4835	14981	AF-0000000203728887	shard_1006_batch_0.tar	70921216	212814	1705505280	3244766
4838	14540	AF-0000000203505024	shard_946_batch_0.tar	143118336	186083	897771520	2510529
4848	14723	AF-0000000204723729	shard_930_batch_2.tar	21022720	175455	1070115328	2266137
4848	14793	AF-0000000211089622	shard_1034_batch_2.tar	52235776	233787	1384452608	3894938
4851	14987	AF-0000000203505702	shard_312_batch_0.tar	3483648	86455	431221248	518221
4852	14332	AF-0000000204771634	shard_1018_batch_2.tar	81072128	220645	1137868288	3635230
4853	14378	AF-0000000203518941	shard_292_batch_0.tar	35558400	79520	178264576	452887
4858	14154	AF-0000000211091351	shard_342_batch_2.tar	26088960	102517	730529280	706539
4859	14304	AF-0000000203658085	shard_424_batch_0.tar	18036224	138216	687693312	1368667
4859	14771	AF-0000000211091466	shard_1032_batch_0.tar	119373312	225423	1708728320	3666029
4859	14873	AF-0000000203658040	shard_980_batch_0.tar	116205056	196723	1615396352	2838715
4859	14924	AF-0000000203658317	shard_1048_batch_0.tar	30632448	241538	1497930240	4101252
4859	14960	AF-0000000203658060	shard_1060_batch_0.tar	91341824	249943	3680521216	4615261
4860	14304	AF-0000000204149507	shard_414_batch_2.tar	27838976	133664	738936832	1274322
4860	14960	AF-0000000204149491	shard_1054_batch_1.tar	31982592	244320	3328994304	4445104
4862	14703	AF-0000000204652451	shard_1099_batch_0.tar	290741760	326054	6725414400	7224644
4864	14428	AF-0000000204025218	shard_1042_batch_1.tar	138364928	233847	2762811392	3906086
4869	14890	AF-0000000204123514	shard_914_batch_1.tar	128760832	163084	713240576	1902453
4879	14348	AF-0000000211094145	shard_450_batch_2.tar	45080064	158303	1875443200	1838070
4879	14349	AF-0000000211094146	shard_452_batch_2.tar	36188672	160043	1347632128	1853990
4879	14771	AF-0000000211094154	shard_984_batch_1.tar	102828544	200765	2169619968	2835760
4883	14081	AF-0000000211095018	shard_898_batch_0.tar	114574848	165092	2185722368	1900468
4883	14082	AF-0000000211095019	shard_900_batch_0.tar	6900736	164481	2084167168	1952426
4883	14095	AF-0000000211095020	shard_448_batch_1.tar	33245696	157540	1756983808	1801617
4883	14301	AF-0000000211095021	shard_900_batch_0.tar	128645120	164046	1845799424	1983438
4886	14567	AF-0000000203602000	shard_926_batch_0.tar	139590144	173036	696159232	2075507
4887	14360	AF-0000000203503418	shard_938_batch_0.tar	139550208	177582	1803977728	2276868
4887	14596	AF-0000000211095127	shard_1016_batch_0.tar	109017600	216011	2212991488	3368060
4889	14596	AF-0000000211095191	shard_1046_batch_0.tar	191995904	234179	915660288	3901034
4898	14525	AF-0000000203587306	shard_266_batch_0.tar	42578432	73364	244050432	377209
4900	14046	AF-0000000211096105	shard_1184_batch_0.tar	66229248	394545	3335585792	11056029
4907	14264	AF-0000000211096989	shard_430_batch_2.tar	124802560	144605	1084818432	1533277
4907	14267	AF-0000000211096990	shard_440_batch_2.tar	108664832	149815	684505600	1665819
4907	14617	AF-0000000211096991	shard_436_batch_2.tar	58798080	148502	1621860864	1618703
4910	14988	AF-0000000204137310	shard_204_batch_0.tar	25442304	52099	148257792	162872
4911	14619	AF-0000000211097750	shard_354_batch_0.tar	27993600	107799	260522496	792044
4912	14100	AF-0000000211098437	shard_994_batch_2.tar	45620736	201318	1531590656	2886570
4912	14944	AF-0000000211098446	shard_1034_batch_2.tar	49430528	226997	578949632	3967449
4928	14944	AF-0000000204251856	shard_1036_batch_1.tar	195965952	227889	4077526016	4050979
4928	14982	AF-0000000204251860	shard_382_batch_2.tar	34226176	117623	578203136	1008836
4935	14274	AF-0000000211100392	shard_450_batch_0.tar	156843008	159120	1020738048	1762962
4941	14348	AF-0000000211101226	shard_322_batch_2.tar	85313536	93968	516198400	619828
4941	14409	AF-0000000211101227	shard_996_batch_1.tar	123452416	205716	3385156096	3104728
4947	14809	AF-0000000211102584	shard_1070_batch_0.tar	17302016	255495	1449978880	4903424
4958	14973	AF-0000000211102920	shard_388_batch_0.tar	12628480	122204	419069440	1038165
4971	14063	AF-0000000211103278	shard_1078_batch_1.tar	56437248	272214	2312303104	5127997
4971	14567	AF-0000000211103281	shard_998_batch_1.tar	162791936	208528	713975296	3003769
4979	14596	AF-0000000211104727	shard_1028_batch_0.tar	512	225887	3997059584	3585399
4986	14384	AF-0000000203624409	shard_1034_batch_0.tar	8615936	233045	1610350592	4109853
4995	14983	AF-0000000203978386	shard_984_batch_1.tar	96560128	205410	3109223936	2956654
5005	14532	AF-0000000203491551	shard_336_batch_0.tar	71252480	98122	358493184	685379
5007	14899	AF-0000000211107702	shard_1170_batch_0.tar	56691712	319914	2238082048	8199563
5014	14895	AF-0000000204151369	shard_934_batch_1.tar	155223552	178798	1266430464	2333235
5026	14908	AF-0000000211110428	shard_350_batch_0.tar	64792576	106063	770155008	784893
5027	14175	AF-0000000211110442	shard_912_batch_2.tar	21988864	169673	208699392	2161034
5027	14870	AF-0000000211110443	shard_1123_batch_0.tar	212021248	291800	3698959360	6286374
5033	14870	AF-0000000211111344	shard_1118_batch_0.tar	275966976	289758	2404270592	6139811
5034	14119	AF-0000000211111372	shard_1170_batch_0.tar	133544960	347915	1135006720	8540401
5046	14567	AF-0000000211112245	shard_1030_batch_2.tar	6687744	231006	588226560	3707857
5053	14924	AF-0000000204039429	shard_944_batch_1.tar	77489664	184587	879461376	2267506
5087	14534	AF-0000000203924347	shard_1120_batch_0.tar	169300992	282992	5496955904	6127773
5087	14595	AF-0000000203924353	shard_1144_batch_0.tar	94499328	306704	1999889408	7305452
5091	14951	AF-0000000211134150	shard_998_batch_0.tar	141859328	205447	1423554560	3118379
5139	14374	AF-0000000211161473	shard_296_batch_1.tar	29042688	85042	599895040	479748
5140	14220	AF-0000000205109414	shard_368_batch_4.tar	46508032	110318	276240384	859592
5142	14117	AF-0000000211161515	shard_332_batch_3.tar	98590720	98123	340146176	691615
5148	14567	AF-0000000211161609	shard_1170_batch_0.tar	22172160	346968	3177760768	8268181
5158	14659	AF-0000000211161687	shard_1146_batch_0.tar	119796736	310329	4582862848	7461453
5166	14559	AF-0000000211161817	shard_1098_batch_0.tar	290926592	323877	1680436224	7179928
5171	14037	AF-0000000204791103	shard_1117_batch_0.tar	189087744	285510	3478778368	5819145
5197	14954	AF-0000000211180443	shard_1144_batch_0.tar	104983040	306748	5625277952	6254371
5209	14461	AF-0000000211194690	shard_958_batch_2.tar	48343552	192263	901067776	2623621
5221	14944	AF-0000000203906743	shard_978_batch_1.tar	130477568	191829	777532928	2890089
5233	14951	AF-0000000211196527	shard_974_batch_0.tar	140472320	193517	2200340480	2755575
5234	14622	AF-0000000211196624	shard_284_batch_0.tar	55456256	81089	480927744	427017
5267	14654	AF-0000000211283185	shard_916_batch_1.tar	166976000	168238	2011267072	2055569
5310	14208	AF-0000000203661127	shard_956_batch_0.tar	135484928	190960	710403072	2643897
5310	14727	AF-0000000203661043	shard_904_batch_0.tar	42519040	169833	1391262720	2041369
5310	14989	AF-0000000203661086	shard_428_batch_0.tar	69230080	145805	1432358400	1491809
5321	14293	AF-0000000204676584	shard_434_batch_4.tar	37660672	148581	293972992	1513009
5359	14988	AF-0000000211285898	shard_370_batch_3.tar	12766720	114653	489023488	897853
5360	14505	AF-0000000204751417	shard_1024_batch_2.tar	43928064	227852	1828318720	3844187
5360	14948	AF-0000000204751412	shard_1038_batch_2.tar	94165504	238404	1510176256	4236594
5376	14951	AF-0000000211286194	shard_898_batch_0.tar	54054400	160102	1350027264	1853753
5378	14982	AF-0000000211286238	shard_364_batch_1.tar	76914176	112236	589465600	842886
5421	14390	AF-0000000204199748	shard_1014_batch_1.tar	141562880	212757	2040823808	3484455
5461	14446	AF-0000000205104170	shard_1181_batch_0.tar	16441344	378657	2805479424	9782245
5471	14293	AF-0000000204614056	shard_442_batch_3.tar	72248832	150286	714097152	1532316
5476	14460	AF-0000000211287198	shard_1144_batch_0.tar	165957120	310693	5030827008	7387164
5476	14461	AF-0000000203681901	shard_1090_batch_0.tar	296720896	307771	4891019776	7275927
5476	14951	AF-0000000211287201	shard_1082_batch_0.tar	17278976	282212	3866656256	6061377
5481	14951	AF-0000000211287272	shard_1008_batch_0.tar	64351232	211825	3308873728	3185577
5516	14461	AF-0000000203944922	shard_1016_batch_1.tar	125535232	223255	1532468736	3698844
5530	14097	AF-0000000211287545	shard_1056_batch_0.tar	219528704	244365	1404251136	4085698
5539	14140	AF-0000000211287606	shard_1132_batch_0.tar	49977856	300725	5367824896	6634348
5539	14464	AF-0000000211287607	shard_996_batch_1.tar	144704512	207418	1375816192	3139491
5545	14504	AF-0000000203500479	shard_1090_batch_0.tar	129993728	297851	2270904320	6462756
5589	14273	AF-0000000204474254	shard_362_batch_3.tar	94932992	112400	753359872	863294
5608	14703	AF-0000000205147023	shard_1143_batch_0.tar	40961024	303687	3901353984	6270191
5609	14559	AF-0000000211288081	shard_1182_batch_0.tar	79521280	377489	2778442752	10103366
5638	14986	AF-0000000204620766	shard_1016_batch_2.tar	7510528	217510	692007936	3157782
5651	14888	AF-0000000211288649	shard_1038_batch_2.tar	55533056	236070	1664099328	3908930
5653	14063	AF-0000000203741080	shard_1120_batch_0.tar	10656768	283139	3611136000	5494448
5653	14263	AF-0000000203741118	shard_444_batch_1.tar	4768256	155460	1638976512	1588089
5653	14631	AF-0000000203741097	shard_944_batch_0.tar	32108032	183273	1810441216	2230634
5657	14942	AF-0000000211288771	shard_914_batch_1.tar	36884480	168761	1849232896	1989440
5658	14982	AF-0000000211288826	shard_398_batch_1.tar	87710720	128104	940922368	1099196
5671	14188	AF-0000000211288918	shard_1036_batch_0.tar	207171584	234732	3924774400	3759089
5675	14272	AF-0000000203632100	shard_1026_batch_0.tar	198680576	227304	642824704	3755446
5685	14730	AF-0000000211289137	shard_980_batch_0.tar	56752128	199024	1934704640	2873996
5699	14703	AF-0000000211289258	shard_918_batch_2.tar	1039872	170311	545295360	1942966
5707	14209	AF-0000000204068166	shard_1182_batch_0.tar	27884032	392975	2239767552	11736179
5707	14530	AF-0000000204068165	shard_1184_batch_0.tar	108790272	399176	5506714112	12125759
5728	14461	AF-0000000211289553	shard_1016_batch_1.tar	181702656	226012	611330560	3720476
5729	14324	AF-0000000211289560	shard_402_batch_2.tar	8433152	130001	1407421952	1236266
5731	14829	AF-0000000211289583	shard_922_batch_2.tar	40811520	174797	799667712	2220303
5736	14461	AF-0000000203934690	shard_908_batch_1.tar	67008512	171415	1275221504	2075007
5766	14097	AF-0000000211289803	shard_980_batch_0.tar	183165440	195944	3136178176	2582784
5768	14461	AF-0000000205105663	shard_947_batch_0.tar	104241664	186546	2384443392	2453573
5799	14534	AF-0000000211289979	shard_1114_batch_0.tar	85164544	279061	6117779456	6209630
5799	14595	AF-0000000211289981	shard_1140_batch_0.tar	95178240	302863	6401622016	7159547
5805	14372	AF-0000000211290028	shard_912_batch_2.tar	10998272	167575	738500608	2025541
5808	14568	AF-0000000211290052	shard_1054_batch_0.tar	57179648	248334	4176894464	4395741
5810	14334	AF-0000000211290072	shard_972_batch_0.tar	37540864	199568	1778018304	2892187
5810	14335	AF-0000000211290073	shard_992_batch_0.tar	24521728	209167	3263611904	3092833
5817	14129	AF-0000000205109861	shard_1025_batch_0.tar	198909952	224440	544764416	3664631
5855	14897	AF-0000000211290500	shard_1022_batch_2.tar	42749952	234689	1064126464	3140382
5859	14844	AF-0000000211290505	shard_264_batch_3.tar	8562688	73763	182267904	386121
5878	14603	AF-0000000211290622	shard_426_batch_4.tar	128984064	139405	1653873152	1351441
5879	14534	AF-0000000203923293	shard_1168_batch_0.tar	148111872	345774	1295083008	9316803
5886	14332	AF-0000000204613975	shard_898_batch_2.tar	7366656	164228	309514752	1922982
5898	14182	AF-0000000211290698	shard_1004_batch_0.tar	179654144	215216	2874837504	3009532
5898	14312	AF-0000000203754559	shard_976_batch_0.tar	78716416	198489	1093949952	2753581
5898	14691	AF-0000000203754543	shard_942_batch_0.tar	181248	183729	1590284800	2197713
5907	14736	AF-0000000203941085	shard_420_batch_2.tar	50991104	137407	912134656	1350090
5912	14387	AF-0000000203816905	shard_370_batch_1.tar	63512064	115872	229391872	923700
5912	14388	AF-0000000203816901	shard_356_batch_1.tar	89776640	110305	700707840	829656
5912	14408	AF-0000000211290774	shard_322_batch_1.tar	45395456	95947	373750272	585517
5912	14732	AF-0000000203816885	shard_324_batch_1.tar	44319232	96253	562132992	592005
5912	14733	AF-0000000203816887	shard_334_batch_1.tar	59098624	100179	416022016	649226
5957	14691	AF-0000000203684965	shard_392_batch_0.tar	71186432	124618	1181734912	1125156
6011	14779	AF-0000000205111634	shard_417_batch_0.tar	51894272	140249	520747520	1297032
6012	14779	AF-0000000205104337	shard_372_batch_4.tar	88793088	116986	921050624	889183
6051	14323	AF-0000000211587724	shard_960_batch_2.tar	54733312	189272	243133440	2315161
6073	14982	AF-0000000203769115	shard_358_batch_0.tar	86668800	108354	911907328	783467
6106	14571	AF-0000000211606817	shard_408_batch_1.tar	47173120	135067	1227244032	1258282
6110	14815	AF-0000000211606872	shard_1184_batch_0.tar	93045248	393831	1717820416	10667592
6170	14702	AF-0000000204144872	shard_398_batch_2.tar	25647616	128807	896293376	1177808
6173	14982	AF-0000000211620679	shard_340_batch_0.tar	71390720	105208	602514432	664031
6233	14078	AF-0000000211622010	shard_996_batch_1.tar	174917632	204839	2038840832	2844554
6233	14622	AF-0000000211622011	shard_994_batch_1.tar	40563712	203921	3403805696	2857925
6235	14829	AF-0000000211622045	shard_965_batch_0.tar	30795264	192499	2083181056	2587491
6237	14078	AF-0000000204654736	shard_280_batch_3.tar	69976064	81096	414989312	421839
6237	14622	AF-0000000211622069	shard_280_batch_3.tar	7581184	79953	401221632	417205
6243	14982	AF-0000000211622193	shard_376_batch_1.tar	59647488	119129	280596992	925277
6255	14865	AF-0000000211622302	shard_1187_batch_0.tar	99040256	398111	2765124608	10682158
6273	14867	AF-0000000211622486	shard_322_batch_0.tar	66340352	99000	510966272	606903
6284	14140	AF-0000000204142987	shard_1148_batch_0.tar	47103488	318313	1697251840	7471410
6285	14910	AF-0000000204007167	shard_396_batch_2.tar	19686400	128609	394862592	1213935
6289	14516	AF-0000000211622819	shard_976_batch_2.tar	30621696	200851	274374656	2876270
6302	14133	AF-0000000204811336	shard_915_batch_0.tar	29799424	169143	1805587968	2188817
6315	14569	AF-0000000211626053	shard_1158_batch_0.tar	153787392	323602	4532610048	7458239
6327	14293	AF-0000000211626162	shard_406_batch_4.tar	99009024	131902	963857920	1119452
6327	14925	AF-0000000211626165	shard_1040_batch_2.tar	118062080	236976	1087403008	3751439
6340	14551	AF-0000000211628874	shard_450_batch_2.tar	110979072	157816	878477312	1616530
6344	14743	AF-0000000203636109	shard_1020_batch_0.tar	84940288	222786	1879267840	3636150
6358	14982	AF-0000000203769133	shard_332_batch_0.tar	76017152	99804	663009792	663194
6363	14569	AF-0000000211630130	shard_1074_batch_2.tar	99991552	270180	2714879488	4953422
6373	14046	AF-0000000211630349	shard_1026_batch_0.tar	10254336	228495	3978279424	3761436
6373	14075	AF-0000000211630350	shard_880_batch_0.tar	131627520	151761	462049280	1647401
6373	14158	AF-0000000211630355	shard_262_batch_0.tar	43055104	74067	257481728	357709
6373	14451	AF-0000000211630359	shard_422_batch_1.tar	73172480	140418	994948096	1333315
6373	14526	AF-0000000211630363	shard_208_batch_0.tar	20709888	53655	155824640	181154
6373	14538	AF-0000000211630365	shard_366_batch_1.tar	39033344	113117	310327808	864006
6373	14553	AF-0000000211630367	shard_978_batch_0.tar	154708992	202694	1774975488	2818960
6373	14703	AF-0000000211630371	shard_438_batch_1.tar	99300864	149436	1068636160	1515901
6373	14811	AF-0000000211630374	shard_922_batch_0.tar	139337216	178665	2237434368	2230741
6374	14669	AF-0000000211630396	shard_988_batch_0.tar	134282240	197489	2479760384	2794088
6392	14498	AF-0000000204166703	shard_434_batch_2.tar	97139712	148105	1513443840	1588419
6392	14847	AF-0000000204166749	shard_360_batch_2.tar	75363328	111531	224321024	852158
6394	14944	AF-0000000211630608	shard_1068_batch_1.tar	58777088	260250	1700669440	5017426
6408	14876	AF-0000000203477529	shard_1044_batch_0.tar	103165952	241696	2139913216	4277371
6414	14490	AF-0000000211630801	shard_420_batch_0.tar	119284224	139736	280532480	1392872
6418	14949	AF-0000000203905522	shard_1178_batch_0.tar	10150912	427693	2928294400	13436777
6421	14937	AF-0000000211630867	shard_368_batch_0.tar	103671296	117472	826266624	941462
6436	14944	AF-0000000203906705	shard_988_batch_1.tar	135439360	196142	614598144	3066509
6439	14703	AF-0000000203957796	shard_980_batch_1.tar	11789824	197816	3147286016	2587862
6442	14982	AF-0000000204060887	shard_394_batch_2.tar	73653760	126100	780154880	1079327
6443	14531	AF-0000000204755011	shard_1024_batch_2.tar	26464256	229505	1853489152	3699972
6451	14870	AF-0000000203886736	shard_1092_batch_1.tar	141099520	308503	1117551104	7006427
6461	14338	AF-0000000211631141	shard_998_batch_1.tar	626688	212459	986563584	3236377
6485	14233	AF-0000000211631427	shard_1016_batch_1.tar	193373696	221540	1962577920	3466134
6491	14099	AF-0000000211631465	shard_410_batch_1.tar	10856448	133566	787268096	1240361
6491	14220	AF-0000000203911925	shard_898_batch_1.tar	38936064	159745	343190016	1833234
6496	14669	AF-0000000211631534	shard_988_batch_1.tar	88219648	200188	2567996416	2876309
6497	14622	AF-0000000211631601	shard_376_batch_2.tar	43183104	118240	1170662912	965062
6497	14669	AF-0000000211631602	shard_988_batch_1.tar	131770368	200409	3207898624	2885031
6497	14881	AF-0000000204242256	shard_934_batch_1.tar	3210752	178483	2354291712	2294449
6501	14770	AF-0000000204828599	shard_370_batch_4.tar	15534080	115433	1113088000	934652
6512	14140	AF-0000000203796128	shard_1032_batch_0.tar	58823168	235289	2955692032	3988191
6512	14235	AF-0000000203796050	shard_438_batch_1.tar	139446272	148766	695533056	1645496
6512	14506	AF-0000000203796062	shard_256_batch_0.tar	51717120	69482	362452992	274460
6512	14555	AF-0000000203796126	shard_330_batch_1.tar	3747328	97874	240181248	674086
6513	14506	AF-0000000203798288	shard_172_batch_0.tar	7549952	29072	61891584	43168
6515	14506	AF-0000000203799338	shard_172_batch_0.tar	8026112	28230	90979840	40370
6518	14765	AF-0000000204040225	shard_1176_batch_0.tar	163357696	369340	1210368512	9622669
6532	14951	AF-0000000211631969	shard_444_batch_4.tar	37491712	150489	1154110976	1641383
6538	14684	AF-0000000203597472	shard_404_batch_0.tar	130009600	132321	340544000	1198831
6547	14235	AF-0000000203788761	shard_988_batch_0.tar	170539520	198591	1647005696	2986441
6553	14187	AF-0000000203461993	shard_1038_batch_0.tar	218410496	231129	2387677696	4225989
6560	14703	AF-0000000204625916	shard_960_batch_2.tar	51494400	187021	543066624	2476437
6570	14703	AF-0000000211632257	shard_1056_batch_0.tar	155304448	246105	904205312	4281282
6581	14376	AF-0000000204632790	shard_910_batch_2.tar	32555520	168507	440810496	2041541
6592	14881	AF-0000000211632593	shard_1026_batch_0.tar	138146816	229923	3354981376	3765559
6592	14882	AF-0000000211632594	shard_1010_batch_0.tar	121730560	218048	2104772608	3340967
6592	14951	AF-0000000211632596	shard_1020_batch_0.tar	2228224	221920	3442698240	3576982
6592	14975	AF-0000000211632597	shard_1012_batch_0.tar	88229888	216664	2899070976	3428933
6594	14329	AF-0000000203886675	shard_308_batch_1.tar	4128768	90440	575532032	531115
6604	14951	AF-0000000211632669	shard_1022_batch_0.tar	30733824	221773	2672283136	3477877
6605	14596	AF-0000000211632733	shard_1028_batch_1.tar	19240960	226648	1888153088	3675381
6607	14131	AF-0000000211632805	shard_920_batch_0.tar	126265344	171209	2120776704	2075431
6607	14951	AF-0000000211632815	shard_1038_batch_0.tar	153886208	233198	3220875264	3955857
6628	14765	AF-0000000211632984	shard_1066_batch_0.tar	20489216	255863	3451934720	4810809
6628	14951	AF-0000000211632986	shard_1010_batch_0.tar	114785792	212769	825773056	3296041
6641	14720	AF-0000000204719085	shard_428_batch_4.tar	20711936	143049	1341662208	1493292
6647	14140	AF-0000000211633157	shard_998_batch_1.tar	205581824	212586	527669248	3101501
6647	14448	AF-0000000211633159	shard_384_batch_2.tar	111749632	120826	1138226176	1016570
6657	14567	AF-0000000203588776	shard_948_batch_0.tar	86449152	183511	1993988096	2338690
6659	14148	AF-0000000211633284	shard_398_batch_0.tar	51800064	128594	604116480	1117888
6674	14641	AF-0000000211633378	shard_1130_batch_0.tar	48318976	289910	1637024256	6180810
6683	14981	AF-0000000203749141	shard_1036_batch_0.tar	98955776	231739	649155584	3815427
6684	14981	AF-0000000211633478	shard_1028_batch_0.tar	22842880	230414	2037365760	3729245
6687	14654	AF-0000000204672441	shard_370_batch_3.tar	37104640	115332	552496640	945333
6701	14641	AF-0000000211633707	shard_1040_batch_0.tar	181204480	234259	1056146432	3890922
6742	14329	AF-0000000203886612	shard_392_batch_1.tar	15686656	125087	1051816448	1016344
6742	14330	AF-0000000203886613	shard_392_batch_1.tar	20660224	124873	784314880	1018045
6742	14870	AF-0000000203886621	shard_1110_batch_0.tar	100383744	284481	1527418368	5864661
6743	14026	AF-0000000211634074	shard_952_batch_0.tar	9481216	190498	1827530752	2576665
6745	14230	AF-0000000211634122	shard_396_batch_0.tar	47677952	123517	1156372992	1157228
6755	14562	AF-0000000203930159	shard_422_batch_1.tar	28184576	139122	581320192	1351136
6760	14562	AF-0000000203928867	shard_440_batch_2.tar	52922880	147076	536197632	1533962
6767	14220	AF-0000000204238568	shard_368_batch_2.tar	83130368	110324	854198784	862437
6770	14228	AF-0000000211634326	shard_312_batch_1.tar	8387584	88983	486604800	570244
6781	14095	AF-0000000211634458	shard_450_batch_1.tar	78675456	156115	636541952	1743054
6789	14562	AF-0000000203952789	shard_418_batch_2.tar	118587904	137577	670850560	1314597
6798	14229	AF-0000000204080056	shard_888_batch_1.tar	157254656	157921	1089668608	1871507
6809	14063	AF-0000000211634677	shard_1176_batch_0.tar	63405568	368535	4276094976	9224831
6809	14567	AF-0000000211634679	shard_1138_batch_0.tar	27658752	303847	4003440128	6270429
6809	14631	AF-0000000211634680	shard_1070_batch_0.tar	125577728	268277	4957171200	5008918
6820	14771	AF-0000000211634752	shard_986_batch_1.tar	158738432	201059	1989511680	2893262
6821	14046	AF-0000000211634771	shard_1184_batch_0.tar	64666624	403739	1267660800	11056068
6821	14703	AF-0000000204150274	shard_1096_batch_2.tar	266515968	323878	4155182080	7137824
6832	14703	AF-0000000203925744	shard_1126_batch_0.tar	236755968	296434	721998336	6109136
6836	14046	AF-0000000211635051	shard_1174_batch_0.tar	298849792	364965	2637730304	9807163
6837	14078	AF-0000000211635107	shard_1020_batch_2.tar	5995008	228698	1537598464	3451370
6845	14741	AF-0000000203684372	shard_890_batch_0.tar	158029824	160163	1799656960	1854348
6860	14135	AF-0000000203591388	shard_414_batch_0.tar	39872512	135833	1275924480	1268108
6869	14890	AF-0000000204080673	shard_438_batch_2.tar	753664	144348	1294262272	1483969
6893	14403	AF-0000000211635836	shard_924_batch_2.tar	86342656	166820	377570304	2063115
6893	14618	AF-0000000211635838	shard_1032_batch_2.tar	32001024	225926	1113746944	3617857
6894	14744	AF-0000000204761586	shard_304_batch_3.tar	10744320	88846	310135808	497334
6895	14395	AF-0000000211635874	shard_1056_batch_2.tar	5069312	250441	745975808	4482434
6899	14791	AF-0000000211635946	shard_400_batch_3.tar	16246784	128897	763700224	1091643
6899	14856	AF-0000000211635947	shard_378_batch_3.tar	94622208	120861	852797440	934317
6909	14334	AF-0000000203627370	shard_998_batch_0.tar	65035776	213678	3086367232	3331390
6909	14335	AF-0000000203627372	shard_1014_batch_0.tar	204045312	223409	485857792	3494960
6910	14407	AF-0000000203585966	shard_282_batch_0.tar	57447936	77240	278970368	436475
6917	14569	AF-0000000211636109	shard_1044_batch_1.tar	47316480	240841	1132241408	4040425
6931	14293	AF-0000000203779719	shard_208_batch_0.tar	13653504	53297	179955712	179387
6942	14013	AF-0000000204815079	shard_439_batch_0.tar	17550848	148297	720266240	1483005
6966	14870	AF-0000000205108383	shard_1049_batch_0.tar	11062272	247647	785014272	4493410
6967	14540	AF-0000000204157451	shard_944_batch_1.tar	57425408	183160	498497024	2351995
6973	14703	AF-0000000211637787	shard_896_batch_0.tar	97305600	161590	959076352	1822208
6984	14221	AF-0000000203506308	shard_926_batch_0.tar	82007040	174527	2400168448	2112744
6991	14669	AF-0000000211637996	shard_976_batch_1.tar	91716608	192157	871379456	2653740
6998	14464	AF-0000000204114927	shard_894_batch_1.tar	139009536	165315	2016755712	1851511
6998	14703	AF-0000000204114891	shard_956_batch_1.tar	77637120	189616	671052288	2431974
7005	14482	AF-0000000211638136	shard_336_batch_0.tar	38004224	101745	353778176	649325
7023	14562	AF-0000000211638356	shard_440_batch_2.tar	137317888	147018	1168568320	1541516
7033	14137	AF-0000000204144748	shard_344_batch_2.tar	1035776	103814	342086656	724128
7038	14150	AF-0000000204030297	shard_1064_batch_1.tar	162822656	264536	1150973952	4938476
7038	14483	AF-0000000204030274	shard_1026_batch_1.tar	44835328	232902	2968406016	3951372
7043	14490	AF-0000000203921489	shard_358_batch_1.tar	59897856	109527	273208320	806914
7055	14870	AF-0000000203886705	shard_1064_batch_1.tar	130290176	259788	1688597504	5149326
7079	14134	AF-0000000203829269	shard_270_batch_0.tar	67939840	76910	309707264	322695
7090	14129	AF-0000000203835937	shard_448_batch_1.tar	75205120	156356	880326144	1736257
7095	14927	AF-0000000204825902	shard_445_batch_0.tar	17654784	152753	1517369856	1790691
7112	14924	AF-0000000204810385	shard_1121_batch_0.tar	131914752	284001	4034564608	6167391
7166	14042	AF-0000000211641847	shard_1066_batch_0.tar	161353216	260587	518658048	4808725
7169	14351	AF-0000000205151272	shard_1169_batch_0.tar	159848960	346089	2548218880	8581561
7171	14559	AF-0000000211641875	shard_1182_batch_0.tar	78369792	377727	3898854400	9990829
7184	14126	AF-0000000211642468	shard_966_batch_1.tar	182960128	193618	501377024	2635593
7184	14490	AF-0000000211642472	shard_1002_batch_1.tar	98658816	214669	2455522304	3246192
7218	14369	AF-0000000204167309	shard_1044_batch_1.tar	129807872	234493	551550976	3934669
7226	14600	AF-0000000203598432	shard_1042_batch_0.tar	218007552	242130	1887924736	4001812
7226	14888	AF-0000000211642863	shard_1110_batch_0.tar	249872896	283428	4623761920	5411280
7248	14982	AF-0000000211644028	shard_272_batch_0.tar	69916672	76689	196240896	361625
7270	14461	AF-0000000203945004	shard_1006_batch_1.tar	13970944	219438	2258144768	3444251
7277	14129	AF-0000000203835701	shard_448_batch_1.tar	129534976	156696	1092134912	1738663
7284	14562	AF-0000000203929868	shard_428_batch_2.tar	108515840	141257	1421092352	1414042
7289	14743	AF-0000000205106400	shard_899_batch_0.tar	58781696	163752	576094208	2020317
7295	14234	AF-0000000211645983	shard_938_batch_1.tar	84869120	178427	606527488	2301710
7299	14559	AF-0000000211646665	shard_1142_batch_0.tar	187429888	298334	3877569536	6358198
7309	14867	AF-0000000203808218	shard_342_batch_1.tar	82415104	102511	796835328	733971
7310	14384	AF-0000000211647306	shard_1091_batch_0.tar	143000064	303602	2727427584	6660647
7324	14126	AF-0000000211648405	shard_418_batch_2.tar	38272000	138143	397359104	1319106
7336	14654	AF-0000000211649073	shard_956_batch_2.tar	43972096	186318	482078720	2456253
7344	14129	AF-0000000211649324	shard_1154_batch_0.tar	106873344	325789	1654947840	7519267
7356	14862	AF-0000000211649462	shard_904_batch_0.tar	58715136	168882	1078404608	2052538
7361	14461	AF-0000000204248607	shard_1000_batch_1.tar	123909632	212347	1915919360	3326129
7363	14570	AF-0000000211649617	shard_450_batch_3.tar	129591296	158752	1194161152	1820791
7394	14743	AF-0000000203512587	shard_918_batch_0.tar	113699328	171070	1900240384	2189716
7406	14982	AF-0000000211650616	shard_1038_batch_1.tar	226131968	240938	2558821888	3860386
7430	14046	AF-0000000211651578	shard_1182_batch_0.tar	89970688	388437	426159616	10900931
7459	14744	AF-0000000204617708	shard_392_batch_3.tar	53630976	125385	780510208	1128620
7489	14331	AF-0000000203940787	shard_1044_batch_1.tar	224709120	240844	4236903424	4030801
7496	14523	AF-0000000211652460	shard_1062_batch_0.tar	249179136	256054	4993423360	4455450
7500	14590	AF-0000000204641649	shard_900_batch_2.tar	47669248	162791	358540800	1921541
7500	14656	AF-0000000204641595	shard_436_batch_4.tar	139392000	147353	841579008	1609472
7502	14182	AF-0000000211652505	shard_438_batch_1.tar	98702336	151578	719046144	1567402
7508	14213	AF-0000000211652523	shard_396_batch_0.tar	82014720	128125	900441088	1048505
7508	14873	AF-0000000203495245	shard_420_batch_0.tar	56553472	140151	1267116544	1362598
7522	14982	AF-0000000211652642	shard_418_batch_1.tar	90721792	135584	1272118784	1301505
7538	14056	AF-0000000203454074	shard_420_batch_0.tar	102010368	141855	1035859968	1376920
7552	14829	AF-0000000211653191	shard_394_batch_2.tar	90510848	125551	518643712	1116114
7557	14982	AF-0000000203768687	shard_430_batch_1.tar	77092864	141576	1272672256	1445607
7561	14188	AF-0000000211653251	shard_930_batch_1.tar	10087936	174350	2376315392	2018468
7561	14954	AF-0000000211653253	shard_928_batch_1.tar	21510656	171876	1308926464	2121609
7590	14461	AF-0000000205107188	shard_1041_batch_0.tar	178473984	240599	3809165312	4279479
7612	14182	AF-0000000211653975	shard_1081_batch_0.tar	264698368	283547	2391291904	5486266
7612	14312	AF-0000000205109542	shard_1071_batch_0.tar	132306432	266123	2131587584	5182450
7623	14329	AF-0000000203886915	shard_384_batch_1.tar	48902144	121655	963786240	971518
7623	14330	AF-0000000203886916	shard_384_batch_1.tar	54332928	121758	1123741184	962183
7623	14393	AF-0000000203886914	shard_382_batch_1.tar	65266176	121524	457266688	961579
7623	14870	AF-0000000203886922	shard_1078_batch_1.tar	177074176	280677	2924064256	5807568
7646	14372	AF-0000000211655621	shard_290_batch_3.tar	82302976	83518	181840384	476547
7649	14408	AF-0000000211655831	shard_1010_batch_0.tar	135324672	210335	779276800	3078970
7656	14205	AF-0000000211656055	shard_1018_batch_1.tar	76910592	221296	761951744	3492991
7656	14447	AF-0000000211656061	shard_1058_batch_1.tar	164969984	248846	2910419456	4392861
7656	14559	AF-0000000211656063	shard_1160_batch_0.tar	234034688	320297	6788232704	7057149
7656	14840	AF-0000000211656070	shard_888_batch_1.tar	38775808	157766	717052928	1753633
7659	14562	AF-0000000203930027	shard_962_batch_1.tar	99702784	174503	520985088	2377445
7667	14703	AF-0000000204625947	shard_1006_batch_2.tar	50791424	209976	1402391040	3061110
7675	14331	AF-0000000203744780	shard_376_batch_1.tar	18573824	117551	960854016	956231
7675	14603	AF-0000000203744765	shard_356_batch_0.tar	62348288	109439	504067072	820803
7678	14771	AF-0000000211656620	shard_1150_batch_0.tar	228426240	313019	1106285568	7266546
7682	14461	AF-0000000203944820	shard_1026_batch_1.tar	224182272	227531	3363343360	3927330
7692	14461	AF-0000000203945535	shard_1022_batch_1.tar	49067520	228925	995948032	3801428
7706	14407	AF-0000000203666851	shard_280_batch_0.tar	41787392	76053	375876608	427105
7734	14461	AF-0000000204719903	shard_940_batch_2.tar	75340800	184391	1159054848	2376846
7735	14461	AF-0000000204719875	shard_950_batch_2.tar	30927872	189117	1117009408	2509308
7744	14881	AF-0000000211660458	shard_1014_batch_1.tar	174575104	216230	947713024	3301829
7744	14897	AF-0000000211660459	shard_424_batch_2.tar	124025344	139506	1278835712	1299691
7744	14954	AF-0000000211660460	shard_954_batch_1.tar	2622464	183493	2648022528	2398797
7753	14461	AF-0000000203945724	shard_1020_batch_1.tar	28831232	227109	1776045056	3787290
7757	14318	AF-0000000211660588	shard_962_batch_0.tar	132562432	183155	769091584	2403689
7763	14461	AF-0000000203571426	shard_1096_batch_0.tar	268765696	319236	1882064384	7819970
7763	14983	AF-0000000203571425	shard_1096_batch_0.tar	275465728	320610	7595683328	7879808
7765	14461	AF-0000000203571664	shard_1096_batch_0.tar	69421056	318591	7479157760	7865209
7765	14809	AF-0000000203571665	shard_1148_batch_0.tar	166308864	313817	758472704	7671821
7776	14182	AF-0000000211660814	shard_952_batch_2.tar	89596928	185135	505499648	2379368
7776	14312	AF-0000000204821306	shard_917_batch_0.tar	97630720	169589	1884741632	2042984
7779	14444	AF-0000000204555955	shard_980_batch_1.tar	63429120	195823	2377379328	2789096
7784	14461	AF-0000000204658580	shard_952_batch_2.tar	72014848	188296	394781696	2535819
7784	14770	AF-0000000204658588	shard_324_batch_3.tar	44161024	95808	435575296	620177
7790	14037	AF-0000000204768828	shard_1004_batch_2.tar	83297792	214642	1318849536	3339073
7790	14770	AF-0000000204768818	shard_228_batch_3.tar	22025216	60038	198191616	212402
7790	14975	AF-0000000204768816	shard_390_batch_4.tar	10174464	122041	794070528	1039478
7793	14598	AF-0000000204771058	shard_390_batch_4.tar	11412480	124123	1154409472	1050138
7798	14680	AF-0000000211662554	shard_438_batch_4.tar	133595136	149183	1298249216	1592907
7799	14461	AF-0000000204719842	shard_948_batch_2.tar	36336128	187964	293953024	2484733
7800	14461	AF-0000000204719846	shard_948_batch_2.tar	34106880	188481	553147392	2482477
7818	14006	AF-0000000211663558	shard_306_batch_2.tar	79840256	87895	511841280	516922
7840	14982	AF-0000000203768304	shard_324_batch_0.tar	24272896	94369	324603392	589559
7852	14505	AF-0000000211664003	shard_208_batch_3.tar	52632576	53386	180178432	166152
7861	14996	AF-0000000211664059	shard_296_batch_4.tar	23271424	82432	273846784	483008
7862	14996	AF-0000000211664060	shard_296_batch_4.tar	47576576	82323	432183296	483523
7863	14996	AF-0000000211664061	shard_296_batch_4.tar	76993024	82268	391370240	482159
7864	14996	AF-0000000211664064	shard_296_batch_4.tar	32795648	82557	564776960	483505
7867	14188	AF-0000000211670087	shard_990_batch_0.tar	200377856	202744	2694706688	2794386
7867	14567	AF-0000000211670089	shard_1048_batch_0.tar	114779136	240717	1915107328	4040100
7902	14353	AF-0000000203710609	shard_982_batch_0.tar	602112	197366	1565536768	2706419
7920	14795	AF-0000000211674132	shard_406_batch_0.tar	83475456	129296	1415898112	1230202
7920	14796	AF-0000000211674133	shard_392_batch_0.tar	115921408	122806	1087880192	1136371
7924	14886	AF-0000000203994578	shard_442_batch_2.tar	134664704	151501	1141009408	1579751
7935	14559	AF-0000000211674283	shard_1177_batch_0.tar	93547520	366975	2603475968	9015099
7958	14919	AF-0000000203478756	shard_342_batch_0.tar	8563200	103772	747739648	737002
7967	14982	AF-0000000205106163	shard_294_batch_4.tar	78758400	81296	316029440	476022
7973	14323	AF-0000000211674502	shard_336_batch_0.tar	67230208	99153	654054400	645209
7979	14982	AF-0000000211674580	shard_934_batch_0.tar	106982400	178271	1003536384	2196158
7993	14339	AF-0000000203475305	shard_966_batch_0.tar	58981888	195394	1225083392	2547266
8024	14982	AF-0000000203768237	shard_940_batch_0.tar	72251904	179244	1542020096	2357668
8025	14344	AF-0000000211674741	shard_918_batch_0.tar	131586048	168418	1220376576	2016257
8034	14063	AF-0000000211674819	shard_1090_batch_0.tar	274651136	293323	790024192	6075699
8034	14263	AF-0000000211674822	shard_908_batch_0.tar	48249344	166945	1211099136	1906174
8036	14312	AF-0000000203758048	shard_356_batch_0.tar	105041920	105578	616965120	819335
8088	14567	AF-0000000211674982	shard_1074_batch_0.tar	62150656	265042	783382016	5049878
8089	14895	AF-0000000203768797	shard_438_batch_1.tar	146044416	149431	1578674176	1572035
8089	14982	AF-0000000203768895	shard_332_batch_0.tar	11524608	98577	289501696	639749
8108	14771	AF-0000000211675033	shard_906_batch_1.tar	165872640	162957	1318041600	1817130
8147	14006	AF-0000000211678785	shard_884_batch_2.tar	2690560	159164	935287808	1740494
8165	14461	AF-0000000211678888	shard_1028_batch_1.tar	100584960	232571	748335104	3985023
8189	14829	AF-0000000211679149	shard_972_batch_2.tar	74785280	196614	925551616	2758235
8209	14914	AF-0000000211679345	shard_904_batch_2.tar	77614592	166798	744606720	1915727
8212	14654	AF-0000000204241370	shard_978_batch_1.tar	116357120	197964	2087520256	2908812
8219	14646	AF-0000000204032131	shard_936_batch_1.tar	1972224	182668	2046697472	2177925
8221	14461	AF-0000000203939009	shard_938_batch_1.tar	175457280	182329	1416050176	2335712
8232	14982	AF-0000000203768375	shard_280_batch_0.tar	37352448	79407	496330752	395575
8234	14208	AF-0000000204437056	shard_340_batch_2.tar	92490240	103204	379396608	755862
8252	14360	AF-0000000203499978	shard_1056_batch_0.tar	99401728	250824	1756374528	4680971
8252	14361	AF-0000000203499972	shard_1052_batch_0.tar	30598656	247631	1206498816	4499082
8252	14504	AF-0000000203499970	shard_1170_batch_0.tar	147309568	346528	7369469440	8995113
8278	14063	AF-0000000203741141	shard_1054_batch_0.tar	43401216	246073	493961216	4167020
8278	14263	AF-0000000203741161	shard_374_batch_1.tar	94025216	117740	1106449408	913344
8291	14134	AF-0000000203828926	shard_260_batch_0.tar	58819072	74440	148584960	284473
8316	14372	AF-0000000211680036	shard_260_batch_0.tar	63691776	71961	308254720	346032
8317	14542	AF-0000000203870107	shard_394_batch_1.tar	14581760	123706	639145984	1097502
8320	14464	AF-0000000204802171	shard_1005_batch_0.tar	45224448	211704	1888010240	3140695
8350	14210	AF-0000000204690958	shard_1175_batch_0.tar	271810560	363538	1999394304	9119679
8350	14600	AF-0000000204690952	shard_1149_batch_0.tar	246339584	314141	7306013184	7105510
8361	14329	AF-0000000203886965	shard_256_batch_0.tar	4771840	71643	431182848	314560
8361	14330	AF-0000000203886966	shard_256_batch_0.tar	24278016	71613	290489344	314040
8367	14090	AF-0000000211680382	shard_1168_batch_0.tar	335582720	343362	2976459776	8302630
8372	14293	AF-0000000203936504	shard_328_batch_1.tar	26302976	97411	560985088	675655
8375	14730	AF-0000000211680419	shard_894_batch_2.tar	74685952	163276	615701504	1819495
8382	14329	AF-0000000203886960	shard_394_batch_1.tar	84372992	124374	1109126656	1041566
8382	14870	AF-0000000203886963	shard_1112_batch_0.tar	127826944	283039	3941995520	5895560
8384	14349	AF-0000000203954017	shard_1028_batch_1.tar	177853440	224620	2604047360	3890933
8387	14559	AF-0000000211680454	shard_1162_batch_0.tar	158415872	327422	6715792896	7374095
8398	14495	AF-0000000211680502	shard_903_batch_0.tar	124654592	168106	2038488064	1969735
8401	14567	AF-0000000211680517	shard_1032_batch_0.tar	11143168	230391	3733207040	3610432
8406	14422	AF-0000000203649163	shard_1146_batch_0.tar	307597312	305145	3080158720	6812355
8407	14559	AF-0000000211680543	shard_1174_batch_0.tar	178895360	358577	1968279552	8741581
8407	14571	AF-0000000211680544	shard_1030_batch_0.tar	189228544	234129	2601703424	3766426
8415	14982	AF-0000000203943925	shard_326_batch_1.tar	27765760	97961	716953600	609010
8425	14920	AF-0000000211680660	shard_1184_batch_0.tar	154673664	401248	1958311936	10882534
8427	14399	AF-0000000203967722	shard_414_batch_2.tar	4769792	137193	1049480192	1270286
8445	14514	AF-0000000211680822	shard_380_batch_2.tar	40609792	119070	1075263488	955215
8459	14332	AF-0000000203969799	shard_914_batch_1.tar	163415552	171397	559478272	2038065
8465	14727	AF-0000000204824138	shard_882_batch_2.tar	48454656	154069	179048448	1687727
8474	14090	AF-0000000211681060	shard_1031_batch_0.tar	210733568	227248	1199480320	3660925
8476	14743	AF-0000000203512526	shard_918_batch_0.tar	34852864	171611	1844168704	2186442
8484	14982	AF-0000000204763652	shard_224_batch_3.tar	25607680	59891	318286336	212806
8512	14895	AF-0000000211681222	shard_1090_batch_0.tar	24351744	304837	3850765824	5947987
8514	14496	AF-0000000211681241	shard_1174_batch_0.tar	337079296	363875	3631396864	9453524
8516	14182	AF-0000000211681253	shard_954_batch_1.tar	136455680	189212	1975853056	2281438
8516	14312	AF-0000000204014623	shard_918_batch_1.tar	153390080	172272	1586010112	2045706
8524	14421	AF-0000000211681298	shard_1036_batch_0.tar	78982144	234769	3690040832	3907024
8552	14342	AF-0000000204129533	shard_420_batch_2.tar	56966144	139133	1483705856	1296426
8556	14461	AF-0000000203945342	shard_988_batch_1.tar	41738752	208140	2558758400	3150636
8571	14973	AF-0000000211689739	shard_414_batch_1.tar	92103168	134547	908048896	1301297
8584	14655	AF-0000000204720922	shard_354_batch_3.tar	52144640	109935	693403136	788366
8586	14840	AF-0000000203474174	shard_314_batch_0.tar	34830848	90979	287519744	516165
8601	14567	AF-0000000204058684	shard_986_batch_1.tar	113519104	198944	1478897152	2794919
8621	14323	AF-0000000211690051	shard_352_batch_2.tar	78411776	104899	643968000	726294
8644	14765	AF-0000000204078307	shard_1078_batch_1.tar	263715840	270228	2317431808	5295967
8644	14951	AF-0000000211690155	shard_1032_batch_1.tar	62073344	226379	2813359616	3659808
8655	14046	AF-0000000211690184	shard_1127_batch_0.tar	223621632	293252	1428877312	6179917
8655	14569	AF-0000000211690186	shard_1117_batch_0.tar	102525440	284501	5442579968	5774411
8716	14743	AF-0000000211690528	shard_1034_batch_2.tar	25177088	232555	934862848	4024560
8720	14293	AF-0000000203900327	shard_182_batch_0.tar	35978752	41471	82630656	94645
8737	14982	AF-0000000203769047	shard_332_batch_0.tar	8544768	97695	626043904	619887
8751	14500	AF-0000000211690702	shard_396_batch_4.tar	36027904	123080	1080643584	1065204
8752	14630	AF-0000000204597556	shard_1014_batch_1.tar	95716864	215749	2470371840	3699335
8757	14172	AF-0000000204659341	shard_884_batch_2.tar	68536832	155881	717935104	1917367
8758	14982	AF-0000000203769089	shard_402_batch_1.tar	110412288	129764	1359493120	1111867
8789	14328	AF-0000000203806193	shard_922_batch_0.tar	171501056	173700	2278042112	2055611
8796	14780	AF-0000000211690823	shard_1040_batch_0.tar	155674112	242320	4024073216	4389461
8799	14739	AF-0000000204229367	shard_414_batch_2.tar	28926464	135718	368921600	1280422
8818	14490	AF-0000000204202194	shard_396_batch_2.tar	98706944	126344	601418752	1128677
8823	14973	AF-0000000211690973	shard_1016_batch_0.tar	16508928	223902	643855360	3447908
8838	14869	AF-0000000211691062	shard_388_batch_0.tar	38171648	121692	1083368448	1015612
8859	14982	AF-0000000211691111	shard_396_batch_1.tar	107529728	128080	305418240	1118380
8863	14982	AF-0000000203787139	shard_322_batch_0.tar	37174784	93362	785165312	552989
8864	14053	AF-0000000211691119	shard_1006_batch_0.tar	92279296	213964	2128512000	3150026
8864	14559	AF-0000000211691120	shard_1172_batch_0.tar	300544000	354089	8194213376	8707081
8864	14571	AF-0000000211691121	shard_1028_batch_0.tar	130233344	229938	3736522752	3592973
8870	14078	AF-0000000211691141	shard_1010_batch_2.tar	38187520	207986	1754120192	3038584
8870	14622	AF-0000000211691142	shard_1010_batch_2.tar	87399936	207490	396636672	3020392
8907	14954	AF-0000000211691416	shard_430_batch_1.tar	45445120	143783	978298368	1520196
8914	14461	AF-0000000203938948	shard_920_batch_1.tar	156263424	176259	1547907584	2221512
8921	14428	AF-0000000204715848	shard_932_batch_2.tar	35155968	179898	289307136	2277883
8927	14390	AF-0000000211691494	shard_382_batch_3.tar	7223808	113813	481726464	962874
8937	14982	AF-0000000211691605	shard_338_batch_0.tar	42082816	102761	450391040	684677
8939	14982	AF-0000000211691610	shard_260_batch_0.tar	7705600	74160	457578496	318911
8941	14269	AF-0000000204075847	shard_404_batch_2.tar	109058048	133430	760179712	1157857
8945	14680	AF-0000000211691667	shard_362_batch_0.tar	72484864	109593	269340672	837445
8956	14235	AF-0000000204204687	shard_1066_batch_1.tar	163833344	263303	3880688640	4854964
8979	14394	AF-0000000211691980	shard_902_batch_2.tar	41647616	162446	1028350464	1882115
8990	14501	AF-0000000211692058	shard_1108_batch_0.tar	98717184	281107	4900908032	5472714
8996	14188	AF-0000000211692093	shard_1040_batch_1.tar	143051776	241277	2593797120	3774263
9020	14770	AF-0000000211692231	shard_352_batch_1.tar	32283648	106651	318142464	803256
9036	14703	AF-0000000204625894	shard_990_batch_2.tar	13517312	200605	835890176	2858793
9037	14182	AF-0000000211692305	shard_938_batch_1.tar	179417088	178051	633738240	2303569
9042	14342	AF-0000000204105191	shard_916_batch_1.tar	69521920	166766	2241019392	2097613
9080	14895	AF-0000000211692469	shard_1073_batch_0.tar	210978304	270797	3699461632	5299692
9088	14461	AF-0000000203938935	shard_898_batch_1.tar	11963392	168975	1809972224	1968310
9110	14954	AF-0000000211692666	shard_362_batch_0.tar	104543232	110498	916013568	916321
9111	14181	AF-0000000204010286	shard_376_batch_1.tar	38117376	118790	942701056	987122
9116	14091	AF-0000000211692686	shard_910_batch_1.tar	18549248	164684	1937712640	2003792
9123	14829	AF-0000000211692724	shard_998_batch_2.tar	96697344	209643	1116876800	3113418
9141	14733	AF-0000000204224679	shard_294_batch_1.tar	21768704	84427	453884416	487028
9150	14570	AF-0000000211692836	shard_322_batch_1.tar	50904576	94660	278964736	581453
9164	14461	AF-0000000203945015	shard_1016_batch_1.tar	164930560	225847	1029383680	3680827
9169	14799	AF-0000000203459966	shard_414_batch_0.tar	18928128	135679	448876032	1328805
9190	14461	AF-0000000203945212	shard_1012_batch_1.tar	37993472	221854	3311354880	3608040
9194	14743	AF-0000000203508486	shard_920_batch_0.tar	130225152	171889	1941971968	2192598
9204	14181	AF-0000000211693169	shard_376_batch_1.tar	111690752	119119	725862400	997618
9208	14332	AF-0000000211693225	shard_434_batch_0.tar	23916544	144938	1763383808	1462102
9215	14990	AF-0000000204659222	shard_988_batch_2.tar	82292224	203529	874897408	2948585
9219	14602	AF-0000000211693253	shard_1032_batch_1.tar	226453504	234404	542678528	3884011
9226	14182	AF-0000000211693317	shard_984_batch_2.tar	69908480	204107	1003760640	2910303
9251	14273	AF-0000000204416772	shard_348_batch_2.tar	32037888	106056	742097408	779756
9266	14461	AF-0000000203945544	shard_1014_batch_1.tar	199105024	222736	906800128	3650378
9274	14656	AF-0000000204031711	shard_296_batch_1.tar	7108096	81674	379702784	472966
9274	14657	AF-0000000204031710	shard_304_batch_1.tar	87688704	86551	621841408	502202
9295	14133	AF-0000000204806539	shard_1005_batch_0.tar	182205440	214504	1113515520	3496407
9303	14272	AF-0000000204677140	shard_450_batch_4.tar	146216448	157812	741569024	1771212
9308	14867	AF-0000000203535729	shard_376_batch_0.tar	78449664	115533	644607488	954717
9315	14495	AF-0000000211693823	shard_998_batch_1.tar	5902336	213073	2602960384	3244057
9329	14805	AF-0000000205110674	shard_413_batch_0.tar	76759040	133339	1431276544	1290939
9354	14035	AF-0000000211693970	shard_430_batch_0.tar	14713856	144197	434339328	1559776
9364	14730	AF-0000000211694009	shard_952_batch_2.tar	65504768	187587	747018240	2527509
9384	14600	AF-0000000204780023	shard_918_batch_2.tar	28418560	171449	251553792	2200579
9406	14015	AF-0000000205109440	shard_1049_batch_0.tar	87567872	244339	1684672512	4520787
9410	14118	AF-0000000211694359	shard_944_batch_0.tar	27021312	177826	1017570816	2322894
9432	14730	AF-0000000211694420	shard_1020_batch_2.tar	51570688	222029	1234533888	3690313
9488	14461	AF-0000000211694648	shard_908_batch_0.tar	99986944	171224	1497338880	2081008
9492	14461	AF-0000000211694674	shard_1010_batch_1.tar	180634624	218373	3324968960	3505395
9493	14461	AF-0000000203810582	shard_1016_batch_0.tar	117627392	223358	2995802112	3703159
9494	14293	AF-0000000203937885	shard_326_batch_1.tar	35324928	96936	711769088	675493
9498	14989	AF-0000000203493363	shard_446_batch_0.tar	141799936	157170	1184363008	1796848
9513	14559	AF-0000000211694795	shard_1148_batch_0.tar	96465920	307681	4529506304	6659181
9524	14567	AF-0000000204702291	shard_1048_batch_2.tar	46328320	240735	541147648	4228010
9544	14272	AF-0000000203631720	shard_1038_batch_0.tar	168801280	234794	930420224	4032972
9589	14081	AF-0000000203785039	shard_380_batch_1.tar	103137280	119142	812719104	982571
9589	14082	AF-0000000203785043	shard_382_batch_1.tar	31352832	119191	539808768	1000863
9600	14063	AF-0000000211695188	shard_1092_batch_1.tar	176054272	300128	6472934400	6261856
9600	14551	AF-0000000211695189	shard_922_batch_1.tar	65998848	171146	1771190784	1973179
9630	14982	AF-0000000211695298	shard_422_batch_1.tar	117948416	140852	799998464	1377231
9645	14237	AF-0000000203573858	shard_372_batch_0.tar	68087808	114260	426661376	917275
9663	14693	AF-0000000211695449	shard_356_batch_0.tar	64202240	110140	615346688	797737
9663	14724	AF-0000000211695450	shard_324_batch_0.tar	83099648	95740	669695488	594186
9668	14235	AF-0000000204622834	shard_430_batch_3.tar	32679936	145253	758189056	1525093
9670	14882	AF-0000000211695456	shard_904_batch_0.tar	81223168	167267	974061056	1911077
9670	14982	AF-0000000211695457	shard_334_batch_1.tar	12370944	100583	656352768	625603
9680	14220	AF-0000000204235978	shard_416_batch_3.tar	7598592	133740	394621440	1300912
9699	14037	AF-0000000204790878	shard_1127_batch_0.tar	111590400	291359	838721536	6161707
9734	14662	AF-0000000211695746	shard_992_batch_1.tar	830976	196023	2357113856	2762210
9735	14982	AF-0000000203787219	shard_252_batch_0.tar	24914944	69114	262275584	292189
9761	14042	AF-0000000211695889	shard_1078_batch_1.tar	78512640	279664	4342554624	5399299
9766	14124	AF-0000000204583367	shard_326_batch_3.tar	95048192	97896	663028224	657937
9779	14954	AF-0000000204136575	shard_446_batch_2.tar	37078016	152239	1692864512	1712926
9787	14078	AF-0000000211696004	shard_934_batch_0.tar	127489024	177925	1180812800	2139957
9787	14622	AF-0000000211696007	shard_932_batch_0.tar	147809792	176831	685291008	2116577
9790	14461	AF-0000000203793113	shard_1016_batch_0.tar	90067968	224453	2261378560	3681367
9813	14195	AF-0000000211696098	shard_958_batch_0.tar	77983744	186282	1083519488	2456901
9833	14703	AF-0000000211696220	shard_962_batch_0.tar	35349504	186918	1847659520	2320438
9840	14736	AF-0000000211696274	shard_356_batch_0.tar	10678784	108619	505675776	810195
9848	14461	AF-0000000203679345	shard_920_batch_0.tar	27249152	176917	697171968	2182452
9851	14829	AF-0000000211696340	shard_910_batch_2.tar	18735616	170342	184168960	2069435
9869	14369	AF-0000000211696590	shard_370_batch_2.tar	53798912	115993	875184640	917185
9910	14897	AF-0000000211696683	shard_448_batch_1.tar	138958848	159975	2023808512	1739522
9910	14982	AF-0000000211696684	shard_446_batch_1.tar	16949760	158454	1023654400	1748113
9921	14461	AF-0000000211696753	shard_1040_batch_1.tar	209707520	241489	1913504256	4350561
9923	14730	AF-0000000211696765	shard_344_batch_3.tar	40688128	104242	827384832	753711
9939	14461	AF-0000000203938750	shard_910_batch_1.tar	126734848	172328	1269541888	2072172
9958	14982	AF-0000000205108477	shard_348_batch_4.tar	82611200	105517	790841344	724769
9966	14598	AF-0000000204770932	shard_390_batch_4.tar	73005056	123443	338301440	1037891
9966	14989	AF-0000000204770935	shard_230_batch_3.tar	27251200	61276	229657088	231080
9978	14087	AF-0000000203559662	shard_314_batch_0.tar	20199424	85767	341154816	574218
10010	14865	AF-0000000211697197	shard_1185_batch_0.tar	96963584	392510	881912320	10526063
10011	14097	AF-0000000211697201	shard_1016_batch_1.tar	3520000	216145	1526076928	3152276
10021	14870	AF-0000000203915921	shard_1078_batch_1.tar	16071168	277685	5724671488	5584955
10023	14889	AF-0000000203815613	shard_414_batch_1.tar	89646080	134296	909350912	1344503
10023	14919	AF-0000000203815632	shard_420_batch_1.tar	19319296	143149	489043968	1433096
10023	14995	AF-0000000203815720	shard_408_batch_1.tar	17270784	133614	398509056	1293200
10069	14982	AF-0000000203768743	shard_316_batch_0.tar	47045632	93470	447814144	590056
10072	14459	AF-0000000211697624	shard_432_batch_2.tar	68581376	143535	940511232	1453284
10081	14129	AF-0000000204699100	shard_992_batch_2.tar	22072832	208140	261979136	3016387
10081	14886	AF-0000000204699126	shard_402_batch_4.tar	50247168	132585	755606016	1198588
10091	14272	AF-0000000203631524	shard_1036_batch_0.tar	162612224	236964	3187572736	3917447
10093	14269	AF-0000000211697803	shard_420_batch_1.tar	124848640	140406	506952704	1363156
10094	14482	AF-0000000204641922	shard_350_batch_3.tar	5549056	104295	539505664	741531
10124	14982	AF-0000000203769127	shard_312_batch_0.tar	85464576	89791	492642304	523736
10125	14046	AF-0000000211697949	shard_1182_batch_0.tar	86438400	399411	5004493824	10955696
10125	14703	AF-0000000204150373	shard_1148_batch_0.tar	290626048	320488	6628590592	6778072
10129	14695	AF-0000000211697965	shard_350_batch_0.tar	97935872	103145	510006272	779869
10129	14870	AF-0000000211697966	shard_1052_batch_0.tar	211688960	247260	1761374208	4600041
10136	14042	AF-0000000211698001	shard_1020_batch_1.tar	42217984	222361	3027819520	3585376
10184	14013	AF-0000000203599416	shard_928_batch_0.tar	47507968	175497	1430382080	2084174
10184	14063	AF-0000000203599292	shard_1074_batch_0.tar	185862656	267807	1541186560	4853476
10184	14567	AF-0000000203599301	shard_988_batch_0.tar	120809984	203085	2979010560	2823137
10185	14343	AF-0000000203934835	shard_1016_batch_1.tar	179729408	216331	2804699136	3441278
10186	14022	AF-0000000203464411	shard_398_batch_0.tar	124676096	125790	698145792	1098287
10186	14747	AF-0000000203464406	shard_920_batch_0.tar	58477568	172058	996925440	2189819
10189	14461	AF-0000000203945446	shard_1016_batch_1.tar	80940544	222181	1681261056	3638493
10193	14741	AF-0000000203732925	shard_946_batch_0.tar	24746496	185300	1960551424	2444409
10197	14421	AF-0000000211728875	shard_402_batch_1.tar	110940672	130227	1273002496	1219600
10197	14422	AF-0000000203963457	shard_438_batch_2.tar	86622720	150280	1073340928	1622185
10247	14074	AF-0000000211729178	shard_932_batch_0.tar	98715648	174877	1253333504	2166749
10260	14218	AF-0000000211729248	shard_988_batch_0.tar	183339008	203140	394201088	3006569
10271	14490	AF-0000000203933362	shard_888_batch_1.tar	47118336	161716	382743040	1843024
10273	14384	AF-0000000203871141	shard_1072_batch_1.tar	208766464	266921	3815744512	5520528
10274	14461	AF-0000000203679233	shard_926_batch_0.tar	120185344	177843	1868709376	2256528
10278	14562	AF-0000000203952724	shard_418_batch_2.tar	85136896	137881	1011879424	1316165
10283	14351	AF-0000000205103924	shard_1073_batch_0.tar	162466304	269330	4371303936	5189302
10330	14052	AF-0000000204058654	shard_998_batch_1.tar	200120320	206953	836685312	3267642
10330	14053	AF-0000000204058655	shard_996_batch_1.tar	139473408	205192	526235136	3231386
10331	14916	AF-0000000211729566	shard_1032_batch_1.tar	229016576	229840	2489857024	4026438
10331	14917	AF-0000000211729567	shard_1016_batch_1.tar	93745152	218439	2414040064	3649289
10385	14097	AF-0000000211729742	shard_1034_batch_1.tar	127974912	228333	3433253376	3497013
10385	14641	AF-0000000211729745	shard_988_batch_1.tar	156623872	199446	1266312192	2822677
10396	14982	AF-0000000211729801	shard_972_batch_0.tar	87730176	197673	1613138944	2680435
10400	14461	AF-0000000211729816	shard_1002_batch_0.tar	146484736	212772	3384336896	3370409
10403	14369	AF-0000000211729922	shard_380_batch_3.tar	56842752	123410	352290304	1021722
10413	14013	AF-0000000204118442	shard_930_batch_1.tar	10979328	174521	836514304	2077532
10413	14263	AF-0000000204118440	shard_418_batch_2.tar	80988160	138917	764027904	1298375
10413	14551	AF-0000000204118426	shard_416_batch_2.tar	3574272	137229	688740352	1280751
10446	14210	AF-0000000211730177	shard_1176_batch_0.tar	331127296	373200	3315461120	9753700
10448	14422	AF-0000000203491994	shard_1034_batch_0.tar	122581504	232327	3645059072	3706777
10460	14982	AF-0000000203768207	shard_274_batch_0.tar	37340160	75690	303181824	363360
10461	14133	AF-0000000204433472	shard_880_batch_1.tar	12513280	152616	485868032	1755375
10465	14343	AF-0000000203937321	shard_1086_batch_1.tar	21062656	283271	5043808768	5920591
10468	14569	AF-0000000211730241	shard_1086_batch_0.tar	162665984	287588	5108280320	5841791
10469	14569	AF-0000000211730245	shard_1130_batch_0.tar	17782784	295338	2825340416	6035449
10470	14006	AF-0000000204031102	shard_928_batch_1.tar	35660288	173771	2060027392	2184320
10483	14895	AF-0000000211730312	shard_428_batch_0.tar	75289088	144730	1367150592	1490231
10488	14741	AF-0000000203965869	shard_312_batch_1.tar	57598464	89723	330883584	555722
10493	14205	AF-0000000211730380	shard_938_batch_1.tar	79069696	183424	1955468800	2416740
10493	14916	AF-0000000211730381	shard_1034_batch_1.tar	107944960	232790	1076783616	4076743
10494	14598	AF-0000000203706162	shard_420_batch_1.tar	130831360	139593	1089506816	1369459
10512	14046	AF-0000000211730450	shard_1120_batch_0.tar	203950080	289303	4460323328	5752288
10513	14870	AF-0000000203908549	shard_1126_batch_0.tar	218276352	296779	5877856768	6318074
10521	14899	AF-0000000211730473	shard_996_batch_0.tar	7725568	183613	2870102016	2842923
10524	14042	AF-0000000211730493	shard_1066_batch_0.tar	24156672	262013	4620889600	5008884
10524	14452	AF-0000000203510723	shard_1040_batch_0.tar	209713664	237634	2067453952	4021526
10530	14884	AF-0000000204757810	shard_932_batch_2.tar	41184256	173460	896872448	2150058
10531	14884	AF-0000000204757785	shard_928_batch_2.tar	26522624	173011	812840448	2121137
10532	14884	AF-0000000211730537	shard_938_batch_2.tar	10096128	176705	1155779072	2252366
10548	14916	AF-0000000211730635	shard_1036_batch_1.tar	14337536	233727	3483895808	4129063
10551	14167	AF-0000000204619410	shard_904_batch_2.tar	66810368	165771	677088768	1780880
10551	14746	AF-0000000204619443	shard_934_batch_2.tar	76923904	176003	487690752	2089296
10552	14659	AF-0000000211730661	shard_1152_batch_0.tar	2873344	321682	2929991168	7780752
10565	14855	AF-0000000203616769	shard_992_batch_0.tar	109815808	206760	453472768	2985366
10582	14864	AF-0000000203802935	shard_436_batch_1.tar	76492288	151849	646977536	1644632
10596	14368	AF-0000000211744229	shard_906_batch_1.tar	2504192	165988	2079351808	1967490
10596	14423	AF-0000000211744230	shard_920_batch_1.tar	11548672	170793	1059004928	2066027
10636	14938	AF-0000000211744510	shard_432_batch_1.tar	46979072	138842	1125652480	1445806
10638	14325	AF-0000000211744542	shard_408_batch_4.tar	26571264	132398	378084352	1230495
10638	14886	AF-0000000211744546	shard_398_batch_4.tar	54966272	129322	1175083520	1153524
10677	14188	AF-0000000211744705	shard_428_batch_4.tar	140396032	143564	1643051008	1398967
10677	14840	AF-0000000204672126	shard_326_batch_3.tar	38679552	95786	645480448	609427
10680	14164	AF-0000000211744720	shard_388_batch_3.tar	52666880	121379	871933952	1054647
10697	14793	AF-0000000211744758	shard_890_batch_2.tar	23881216	162170	875704320	1890224
10709	14500	AF-0000000211744801	shard_904_batch_0.tar	53069824	158969	323845632	1787180
10714	14982	AF-0000000211744806	shard_440_batch_2.tar	39965184	147720	1018820608	1511556
10717	14272	AF-0000000203631617	shard_1030_batch_0.tar	163900416	230891	1328916480	3787858
10719	14844	AF-0000000204743781	shard_264_batch_3.tar	56022528	74709	244816384	389806
10779	14037	AF-0000000211745170	shard_1081_batch_0.tar	226983936	278556	681674752	5754338
10779	14680	AF-0000000211745176	shard_436_batch_4.tar	29486080	142926	1544093696	1488464
10779	14755	AF-0000000211745178	shard_976_batch_2.tar	10655744	186756	967064064	2646084
10780	14640	AF-0000000211745190	shard_966_batch_0.tar	123643904	192918	1507124224	2530577
10797	14188	AF-0000000211745266	shard_1028_batch_0.tar	162978816	223679	3469266944	3447588
10808	14272	AF-0000000203631902	shard_998_batch_0.tar	65250304	208648	3369177600	3284529
10815	14567	AF-0000000211745345	shard_966_batch_0.tar	63222784	191921	1858309120	2572930
10816	14312	AF-0000000204074702	shard_980_batch_1.tar	2607104	200105	1877896192	2863488
10816	14691	AF-0000000204074678	shard_946_batch_1.tar	21248512	185548	463996928	2333160
10830	14459	AF-0000000211745432	shard_388_batch_2.tar	27612672	118601	531242496	980674
10831	14344	AF-0000000211745445	shard_396_batch_3.tar	16489984	125936	453163520	1130594
10838	14567	AF-0000000203860075	shard_928_batch_0.tar	174984192	174333	2071367680	2060944
10843	14026	AF-0000000203909279	shard_388_batch_1.tar	11280896	124746	348593152	1080419
10845	14220	AF-0000000204101210	shard_944_batch_1.tar	42103808	179721	2246314496	2385871
10852	14002	AF-0000000211745505	shard_888_batch_0.tar	29520896	160022	901056000	1700359
10868	14779	AF-0000000204100241	shard_282_batch_1.tar	10439680	77625	283340800	420217
10882	14452	AF-0000000204270099	shard_438_batch_3.tar	88499200	148355	1742562304	1624263
10888	14318	AF-0000000211745620	shard_410_batch_0.tar	42908672	131463	1267687424	1211238
10891	14840	AF-0000000203476278	shard_314_batch_0.tar	17457152	91719	406930432	526893
10898	14134	AF-0000000203828838	shard_260_batch_0.tar	8863744	74353	380394496	285727
10905	14421	AF-0000000211745831	shard_900_batch_0.tar	63147008	164276	2228983296	1987997
10912	14461	AF-0000000205131504	shard_1043_batch_0.tar	118977536	244420	2758090240	4161901
10915	14982	AF-0000000211751149	shard_428_batch_1.tar	113580032	143737	801584640	1422136
10937	14698	AF-0000000204135231	shard_410_batch_2.tar	107025920	133387	1202462720	1285798
10941	14461	AF-0000000203938846	shard_896_batch_1.tar	20877824	166571	1111147008	1966481
10957	14220	AF-0000000204041835	shard_950_batch_1.tar	172186624	181069	2745219072	2408224
10959	14797	AF-0000000203832699	shard_912_batch_0.tar	77617152	171877	2270616064	2032286
10966	14551	AF-0000000203991929	shard_446_batch_2.tar	64987648	154290	670648320	1734097
10966	14606	AF-0000000211751303	shard_980_batch_1.tar	160489984	200534	1185436672	2764530
10989	14461	AF-0000000203944860	shard_1018_batch_1.tar	199239168	225050	3766725120	3683828
10992	14924	AF-0000000211751362	shard_930_batch_1.tar	174873088	176140	1626667520	2128369
11013	14562	AF-0000000203929636	shard_430_batch_2.tar	97781248	142457	610125312	1426578
11018	14451	AF-0000000203950263	shard_924_batch_1.tar	109451264	172266	1408700416	2134083
11041	14208	AF-0000000204725712	shard_376_batch_4.tar	26948096	116499	939392000	980899
11041	14886	AF-0000000204725705	shard_356_batch_4.tar	81090048	108973	707667968	846712
11044	14068	AF-0000000204600416	shard_412_batch_3.tar	95063040	134304	1280093184	1243952
11048	14767	AF-0000000211751521	shard_954_batch_2.tar	42487808	184884	303907328	2552209
11049	14483	AF-0000000211751527	shard_304_batch_0.tar	45977600	89513	518243328	537613
11062	14490	AF-0000000204200043	shard_1024_batch_1.tar	78761472	224270	817103872	3764914
11071	14895	AF-0000000211751602	shard_430_batch_4.tar	115814400	144347	706854400	1500082
11079	14348	AF-0000000211751660	shard_340_batch_2.tar	9926656	100817	771648512	721815
11079	14349	AF-0000000204270442	shard_344_batch_2.tar	3011072	102769	647243776	751954
11110	14323	AF-0000000211751753	shard_326_batch_3.tar	82337280	93821	383013376	610419
11120	14739	AF-0000000211751802	shard_412_batch_3.tar	67645440	135442	388049920	1323763
11133	14381	AF-0000000204255903	shard_398_batch_3.tar	23838720	126435	1079844864	1141534
11133	14536	AF-0000000204255941	shard_1036_batch_1.tar	124301824	233600	1799949824	4145601
11133	14721	AF-0000000211751835	shard_996_batch_1.tar	173443584	207033	2347190784	2949210
11142	14332	AF-0000000203753574	shard_408_batch_1.tar	131139072	132865	1096052736	1246770
11148	14780	AF-0000000211751869	shard_1044_batch_0.tar	90097152	244725	787418112	4453081
11231	14330	AF-0000000203908570	shard_230_batch_0.tar	5948416	61388	144471040	241776
11250	14464	AF-0000000204649597	shard_940_batch_2.tar	12851712	176649	879848960	2289299
11256	14422	AF-0000000211752120	shard_1160_batch_0.tar	159672832	330123	6680821248	7562339
11270	14452	AF-0000000211752199	shard_1000_batch_1.tar	92710912	206843	3277430784	3017822
11278	14273	AF-0000000204071598	shard_980_batch_1.tar	57634304	201320	768657408	2961205
11317	14006	AF-0000000203997928	shard_410_batch_2.tar	83050496	132485	1112438272	1218549
11331	14954	AF-0000000204763925	shard_1052_batch_2.tar	81272320	247211	2391954944	4764052
11336	14461	AF-0000000204266841	shard_1044_batch_1.tar	174439936	245204	962266112	4415942
11344	14483	AF-0000000203934372	shard_346_batch_1.tar	51918848	104457	787016192	757452
11347	14323	AF-0000000211763771	shard_348_batch_1.tar	86435840	104896	604045312	769546
11356	14324	AF-0000000211763790	shard_420_batch_2.tar	22878208	139680	1183262208	1401370
11398	14571	AF-0000000211763982	shard_394_batch_0.tar	33564160	127374	1146020864	1135810
11408	14090	AF-0000000211764016	shard_1128_batch_0.tar	190528512	290993	3002324992	6020632
11414	14982	AF-0000000203787180	shard_280_batch_0.tar	5941760	78600	226640896	387016
11454	14793	AF-0000000211764135	shard_426_batch_1.tar	87685120	143094	935015424	1454960
11458	14799	AF-0000000211764179	shard_418_batch_0.tar	126164480	137445	781792768	1309394
11472	14305	AF-0000000211764210	shard_917_batch_0.tar	89939456	168206	1719819776	2132397
11472	14437	AF-0000000211764211	shard_328_batch_4.tar	71795712	95351	351405056	658430
11485	14343	AF-0000000211764272	shard_930_batch_0.tar	53781504	173644	1101878784	2142349
11485	14664	AF-0000000211764284	shard_430_batch_0.tar	46843904	143764	1606143488	1433976
11486	14606	AF-0000000211764311	shard_1008_batch_0.tar	135074304	217407	3491015680	3230794
11497	14730	AF-0000000211764336	shard_410_batch_4.tar	3371008	131214	809038848	1291079
11501	14579	AF-0000000204633222	shard_962_batch_2.tar	14275584	191086	614289408	2624142
11501	14969	AF-0000000204633230	shard_966_batch_2.tar	94731776	193373	567566848	2754663
11507	14569	AF-0000000211764351	shard_1044_batch_0.tar	104835584	239795	4303095296	3864984
11517	14844	AF-0000000203819500	shard_356_batch_1.tar	36633600	104786	253706752	776443
11519	14755	AF-0000000204855928	shard_435_batch_0.tar	33911808	139960	551140352	1423398
11520	14011	AF-0000000203465366	shard_902_batch_0.tar	34198528	167609	2009957376	2015543
11520	14035	AF-0000000203465371	shard_886_batch_0.tar	45557760	160466	2073990656	1827218
11520	14858	AF-0000000203465363	shard_898_batch_0.tar	152307712	167468	1981557248	1982996
11538	14231	AF-0000000204847877	shard_316_batch_4.tar	78754304	90127	707688960	569898
11538	14654	AF-0000000204847873	shard_312_batch_4.tar	5129216	89498	663166976	564805
11557	14771	AF-0000000211764435	shard_1010_batch_1.tar	179335168	211410	1612041728	3246923
11569	14847	AF-0000000211764481	shard_292_batch_0.tar	71815168	84156	376877056	482595
11582	14188	AF-0000000211764492	shard_1030_batch_0.tar	10385408	229091	559510528	3477462
11582	14567	AF-0000000211764493	shard_1072_batch_0.tar	5127680	267151	3092656128	4874707
11592	14318	AF-0000000211764518	shard_352_batch_4.tar	11173888	103854	811133952	769678
11592	14656	AF-0000000204817614	shard_440_batch_4.tar	91795968	146164	1505225216	1591362
11592	14657	AF-0000000204817613	shard_444_batch_4.tar	106117120	151547	305286144	1678732
11603	14035	AF-0000000211764598	shard_428_batch_0.tar	83638272	143462	1123910656	1543527
11628	14656	AF-0000000204765000	shard_398_batch_4.tar	69893120	126378	1130019840	1142625
11628	14657	AF-0000000204764999	shard_404_batch_4.tar	90307584	131935	1013194240	1204262
11632	14483	AF-0000000203934342	shard_306_batch_1.tar	40201728	88230	620176896	535852
11633	14285	AF-0000000211764733	shard_1064_batch_1.tar	237679104	250113	1254347776	4522135
11634	14332	AF-0000000211764739	shard_300_batch_2.tar	76097024	84729	302799360	489768
11646	14806	AF-0000000204763026	shard_364_batch_4.tar	3148800	110223	735085056	829011
11673	14210	AF-0000000204025989	shard_1058_batch_1.tar	4571648	250599	1930710528	4459475
11718	14571	AF-0000000211764947	shard_1032_batch_0.tar	189149184	235400	2142425088	3669043
11719	14567	AF-0000000204654413	shard_1082_batch_2.tar	114726912	284826	1415863296	5609747
11743	14771	AF-0000000211765019	shard_896_batch_1.tar	19418624	158097	358527488	1796677
11750	14408	AF-0000000211765060	shard_908_batch_0.tar	2703872	169983	1463795712	1892705
11753	14739	AF-0000000204227087	shard_412_batch_3.tar	111826432	134459	1309243904	1293385
11763	14395	AF-0000000211765433	shard_1044_batch_2.tar	88499200	238231	955660288	4261235
11779	14590	AF-0000000203823112	shard_422_batch_1.tar	22715392	137636	1192336384	1329476
11787	14935	AF-0000000211765595	shard_1150_batch_0.tar	195585024	316757	4837604864	6749470
11805	14331	AF-0000000204709606	shard_434_batch_4.tar	145095168	146304	729736704	1444357
11809	14213	AF-0000000211765662	shard_434_batch_0.tar	34226688	148500	951412224	1484402
11824	14567	AF-0000000203812406	shard_992_batch_0.tar	199759360	201697	1145152512	2891233
11836	14436	AF-0000000211765721	shard_1068_batch_1.tar	27002880	265435	2898583552	4912467
11836	14888	AF-0000000211765722	shard_1066_batch_1.tar	256098304	263714	2951463936	4785455
11837	14562	AF-0000000203930791	shard_902_batch_1.tar	54115840	160349	1286476288	1860941
11837	14819	AF-0000000203930799	shard_938_batch_1.tar	7737344	172574	463973376	2152150
11881	14606	AF-0000000211766095	shard_1018_batch_1.tar	186358272	218053	2903395840	3204854
11885	14228	AF-0000000203465921	shard_288_batch_0.tar	81395200	81814	280131584	449803
11887	14881	AF-0000000211766162	shard_988_batch_1.tar	179834880	205007	2146054144	2968320
11919	14862	AF-0000000211767170	shard_898_batch_0.tar	26099712	166491	2075490304	1990959
11960	14989	AF-0000000203682650	shard_316_batch_0.tar	32743936	91987	578928640	569218
11965	14013	AF-0000000211791390	shard_440_batch_0.tar	36307456	150358	1402612224	1584877
11965	14274	AF-0000000211791395	shard_432_batch_0.tar	101917184	146574	1278708224	1453816
11965	14567	AF-0000000211791396	shard_934_batch_0.tar	39557632	178129	642616320	2186450
11974	14721	AF-0000000211791463	shard_968_batch_1.tar	94327808	192771	1528105984	2442362
11981	14521	AF-0000000211791486	shard_404_batch_2.tar	51505664	132632	1320753152	1212423
11982	14461	AF-0000000211791493	shard_1024_batch_1.tar	222703616	230105	3658060800	3910289
11985	14568	AF-0000000211791508	shard_378_batch_1.tar	78638080	119184	245437952	971302
11990	14656	AF-0000000211791528	shard_446_batch_4.tar	43089408	152968	1150179328	1755045
11993	14459	AF-0000000204023981	shard_394_batch_2.tar	111475200	123172	276663296	1037029
11998	14045	AF-0000000203962535	shard_370_batch_1.tar	16516096	116661	596274688	937099
12003	14779	AF-0000000204101946	shard_394_batch_2.tar	61604352	127209	894577152	1088802
12005	14026	AF-0000000204739353	shard_412_batch_4.tar	105072128	135399	492777472	1264527
12017	14215	AF-0000000211791599	shard_1040_batch_0.tar	47348736	234588	1207816704	4111617
12017	14599	AF-0000000211791601	shard_1022_batch_0.tar	141080064	221474	2907889664	3689864
12017	14743	AF-0000000211791602	shard_1022_batch_0.tar	68179968	221466	2431125504	3703156
12054	14459	AF-0000000211791760	shard_900_batch_0.tar	73715200	158526	1993649664	1870349
12078	14134	AF-0000000203829356	shard_270_batch_0.tar	6246912	76896	185272320	320909
12088	14188	AF-0000000211791974	shard_442_batch_2.tar	72213504	152388	996233728	1624496
12088	14886	AF-0000000203987526	shard_408_batch_2.tar	49783808	133296	1323893248	1206317
12090	14806	AF-0000000203692026	shard_358_batch_0.tar	30218240	105771	1008027648	791785
12108	14269	AF-0000000204073194	shard_910_batch_1.tar	48176640	171335	1592055296	2041157
12119	14461	AF-0000000203464267	shard_984_batch_0.tar	23174144	205304	1973619712	3084003
12128	14381	AF-0000000204699383	shard_288_batch_3.tar	46257664	81718	276062720	472176
12132	14886	AF-0000000203983697	shard_368_batch_1.tar	25707008	114039	594676224	896278
12145	14022	AF-0000000204054754	shard_190_batch_0.tar	24029696	47204	149032448	131854
12156	14217	AF-0000000211792249	shard_962_batch_1.tar	129007616	184449	2785381376	2539085
12156	14703	AF-0000000204039589	shard_926_batch_1.tar	166408704	174041	509929472	2093572
12192	14919	AF-0000000203566035	shard_334_batch_0.tar	19396608	101399	558413824	693009
12192	14937	AF-0000000203566040	shard_202_batch_0.tar	16668672	50447	229547008	160495
12197	14899	AF-0000000211792386	shard_1028_batch_0.tar	66845696	203337	1968685568	3394651
12199	14399	AF-0000000203808374	shard_1010_batch_0.tar	183553536	215019	3054354944	3186182
12206	14536	AF-0000000204019728	shard_1118_batch_0.tar	22925824	285128	4530320384	6326653
12206	14897	AF-0000000204019714	shard_948_batch_1.tar	84167168	183212	2257088000	2441058
12210	14495	AF-0000000211792439	shard_1158_batch_0.tar	143987712	330746	2163110912	7892230
12222	14482	AF-0000000211792454	shard_236_batch_0.tar	42319360	64283	226048512	255885
12230	14301	AF-0000000211792491	shard_986_batch_1.tar	28737024	207759	3296391168	2943420
12232	14708	AF-0000000203951469	shard_386_batch_1.tar	21089280	118868	538150912	1007452
12233	14006	AF-0000000211792501	shard_416_batch_4.tar	49525248	137954	855410176	1301110
12235	14534	AF-0000000211792516	shard_1072_batch_1.tar	128872960	267748	3271367168	5312068
12236	14452	AF-0000000203967571	shard_934_batch_1.tar	11918848	176851	652064768	2202792
12237	14006	AF-0000000204694255	shard_404_batch_4.tar	10481152	129449	694752256	1168923
12242	14894	AF-0000000204423864	shard_280_batch_2.tar	55853568	79994	185469952	411733
12251	14558	AF-0000000211792748	shard_972_batch_1.tar	158354432	187417	845992448	2476329
12251	14621	AF-0000000204125109	shard_380_batch_2.tar	94430208	118205	941208576	962865
12255	14037	AF-0000000204791014	shard_1113_batch_0.tar	93462528	279984	3121341440	5808295
12255	14293	AF-0000000204790984	shard_362_batch_4.tar	104403968	106966	354823680	804233
12255	14390	AF-0000000204790899	shard_899_batch_0.tar	136684032	154347	778540544	1805206
12255	14901	AF-0000000204790954	shard_408_batch_4.tar	40494592	127609	1433390080	1202864
12260	14443	AF-0000000211792780	shard_394_batch_2.tar	105337344	126579	400514048	1114482
12287	14414	AF-0000000203495760	shard_450_batch_0.tar	11059712	151814	1672468992	1671553
12288	14982	AF-0000000203463478	shard_412_batch_0.tar	92160512	135181	644498432	1301815
12289	14599	AF-0000000211792882	shard_926_batch_0.tar	64347136	173777	2049639936	2268601
12289	14743	AF-0000000203512516	shard_926_batch_0.tar	86735872	174464	1340123648	2277888
12293	14659	AF-0000000211792901	shard_1143_batch_0.tar	260402176	307118	4773441024	7255938
12303	14567	AF-0000000204724366	shard_936_batch_2.tar	73098752	176393	429152768	2210768
12304	14982	AF-0000000204792435	shard_264_batch_3.tar	63788544	73743	462810624	362028
12311	14724	AF-0000000211792969	shard_224_batch_0.tar	33120768	59359	182844928	234736
12312	14562	AF-0000000203929533	shard_424_batch_1.tar	59670016	140729	485132288	1351190
12314	14188	AF-0000000211792983	shard_420_batch_1.tar	74134016	137097	1253553664	1306426
12314	14954	AF-0000000203915176	shard_418_batch_1.tar	106745856	134815	598307840	1372135
12317	14390	AF-0000000203538695	shard_948_batch_0.tar	107980800	178245	2420972544	2409827
12317	14621	AF-0000000203538703	shard_932_batch_0.tar	63533568	174825	345123840	2187384
12319	14516	AF-0000000203544153	shard_414_batch_0.tar	91381248	134291	1535176192	1278094
12319	14951	AF-0000000211793003	shard_914_batch_0.tar	31057920	165282	2243856384	2002506
12320	14567	AF-0000000211793010	shard_1062_batch_0.tar	128879616	250569	4894747648	4480029
12326	14996	AF-0000000211805336	shard_296_batch_4.tar	60348928	82653	246645760	481131
12331	14660	AF-0000000204749095	shard_298_batch_3.tar	19889664	81840	606480384	495913
12350	14982	AF-0000000203768551	shard_304_batch_0.tar	58329600	89748	433740288	514516
12360	14728	AF-0000000211805531	shard_374_batch_1.tar	53051392	116920	919497728	890019
12391	14982	AF-0000000211805635	shard_232_batch_0.tar	1804288	62901	235241472	236565
12396	14461	AF-0000000211805645	shard_1062_batch_1.tar	244982784	262161	1097695744	5100242
12398	14037	AF-0000000204779885	shard_1018_batch_2.tar	30650880	224083	741538816	3655406
12398	14598	AF-0000000204779868	shard_380_batch_4.tar	95408128	118395	440413696	926732
12398	14770	AF-0000000204779874	shard_252_batch_3.tar	64511488	69279	188106240	288923
12398	14975	AF-0000000204779873	shard_408_batch_4.tar	1057280	131401	319314432	1190670
12400	14942	AF-0000000211805671	shard_394_batch_3.tar	61870080	124177	698293248	1067802
12406	14578	AF-0000000204038902	shard_206_batch_0.tar	1914880	52774	142842880	165619
12415	14022	AF-0000000205109291	shard_208_batch_3.tar	21749248	54013	149836800	174737
12426	14461	AF-0000000204784131	shard_448_batch_4.tar	119432192	158475	401443328	1754592
12452	14470	AF-0000000204228072	shard_376_batch_2.tar	97647616	117920	1155536896	934405
12452	14937	AF-0000000204228075	shard_236_batch_1.tar	43260928	62953	209397760	255483
12461	14942	AF-0000000211805867	shard_406_batch_0.tar	9622016	129938	336296448	1204600
12465	14682	AF-0000000204409325	shard_260_batch_2.tar	47883776	70885	241425920	363054
12469	14603	AF-0000000204580688	shard_296_batch_3.tar	11996160	85577	232217600	483057
12471	14844	AF-0000000211805907	shard_270_batch_3.tar	34823168	76958	170650624	410975
12477	14293	AF-0000000204356628	shard_184_batch_0.tar	14823936	41982	138744320	106393
12490	14895	AF-0000000211805988	shard_372_batch_2.tar	88156672	113460	363776000	897956
12498	14369	AF-0000000204423398	shard_306_batch_2.tar	75824128	90277	246811136	529988
12518	14986	AF-0000000204857390	shard_358_batch_4.tar	91044352	109629	362535424	831886
12519	14720	AF-0000000204166879	shard_356_batch_2.tar	35629056	110095	470027776	816803
12521	14107	AF-0000000204074610	shard_326_batch_1.tar	37737984	97154	618077696	619552
12526	14454	AF-0000000204607557	shard_326_batch_3.tar	4280320	93964	321333760	667207
12540	14060	AF-0000000211806156	shard_932_batch_1.tar	94825984	172268	1614510080	2070057
12570	14744	AF-0000000204454356	shard_302_batch_2.tar	64328704	88332	368771072	527255
12572	14188	AF-0000000211806262	shard_372_batch_4.tar	54321152	117200	598830080	928459
12617	14172	AF-0000000204572215	shard_378_batch_3.tar	98170368	117076	1078222336	1026367
12651	14461	AF-0000000204647713	shard_1000_batch_2.tar	59565568	215391	1154794496	3090281
12651	14567	AF-0000000204647707	shard_988_batch_2.tar	20575232	204215	356933120	2842230
12651	14578	AF-0000000204647759	shard_366_batch_3.tar	80030208	112974	796444672	790906
12651	14631	AF-0000000204647780	shard_904_batch_2.tar	74953728	168023	1093504000	1814531
12657	14461	AF-0000000204266900	shard_1020_batch_1.tar	90641920	226747	605335040	3681270
12657	14829	AF-0000000204266915	shard_410_batch_3.tar	121568768	135058	694325248	1269204
12694	14390	AF-0000000204199672	shard_360_batch_2.tar	57453568	105429	560022528	825481
12704	14513	AF-0000000203975465	shard_254_batch_0.tar	67355648	68632	295025152	322517
12724	14220	AF-0000000204100289	shard_404_batch_2.tar	108139008	127317	410645504	1150256
12732	14747	AF-0000000203616352	shard_396_batch_0.tar	123559936	129011	899328000	1112435
12745	14788	AF-0000000204624550	shard_386_batch_3.tar	72169984	118943	549920256	1043057
12748	14328	AF-0000000203806124	shard_892_batch_0.tar	88677376	161057	1341184512	1838304
12767	14575	AF-0000000211806711	shard_336_batch_0.tar	98132480	99766	603018240	668950
12769	14844	AF-0000000204743783	shard_266_batch_3.tar	68678144	75154	504643072	389783
12771	14829	AF-0000000204710096	shard_428_batch_4.tar	27040256	144803	1199897600	1420287
12775	14693	AF-0000000211806735	shard_394_batch_3.tar	31152128	127341	251840512	1037025
12786	14506	AF-0000000203797463	shard_172_batch_0.tar	27401216	27506	98329600	39855
12794	14129	AF-0000000203995854	shard_448_batch_2.tar	107335168	157846	1725399552	1724330
12794	14701	AF-0000000211806758	shard_284_batch_1.tar	75839488	80935	477212672	455410
12795	14172	AF-0000000203731670	shard_374_batch_1.tar	41289728	114162	865065472	973881
12801	14293	AF-0000000204293577	shard_190_batch_1.tar	6205952	46066	177516032	118083
12811	14693	AF-0000000204004422	shard_274_batch_1.tar	16066560	78641	451623424	408883
12812	14655	AF-0000000204720953	shard_332_batch_3.tar	97591808	101731	189032448	663929
12821	14107	AF-0000000211806872	shard_388_batch_1.tar	103173632	119032	1269369856	1022424
12832	14899	AF-0000000211806953	shard_954_batch_0.tar	161363968	174109	1883254784	2371447
12837	14269	AF-0000000204475561	shard_364_batch_3.tar	20128768	113523	615293952	869534
12850	14318	AF-0000000211806977	shard_344_batch_0.tar	45900288	102191	928439296	741087
12850	14656	AF-0000000203571766	shard_434_batch_0.tar	131423744	144690	394177024	1569367
12850	14657	AF-0000000203571765	shard_440_batch_0.tar	120929792	149627	880401408	1633042
12871	14273	AF-0000000204663606	shard_426_batch_4.tar	9832960	140515	1187257856	1398464
12871	14312	AF-0000000204663558	shard_412_batch_4.tar	48093184	131764	516629504	1233222
12872	14693	AF-0000000211807100	shard_308_batch_0.tar	18311680	91199	233806848	561891
12882	14592	AF-0000000204227146	shard_432_batch_3.tar	13767168	145255	765940224	1550012
12882	14739	AF-0000000204227147	shard_420_batch_3.tar	76023808	139526	1224467968	1408550
12891	14053	AF-0000000203494238	shard_448_batch_0.tar	86622208	155026	1198727680	1736495
12893	14293	AF-0000000204301970	shard_200_batch_1.tar	46641152	51592	237454848	152653
12897	14298	AF-0000000203794313	shard_914_batch_0.tar	110268416	168196	1108488704	2124318
12905	14660	AF-0000000204742754	shard_364_batch_4.tar	54240768	108193	844268032	884559
12918	14982	AF-0000000211807201	shard_338_batch_1.tar	48294400	100074	631388160	651294
12923	14691	AF-0000000211807219	shard_412_batch_1.tar	58296320	136126	1182004736	1303466
12933	14091	AF-0000000211807252	shard_376_batch_0.tar	37914112	118007	536184320	938130
12949	14504	AF-0000000203517203	shard_1002_batch_0.tar	2936832	208543	1591819776	3184325
12950	14856	AF-0000000211807302	shard_290_batch_3.tar	35769856	85479	230669824	452216
12959	14551	AF-0000000204696501	shard_388_batch_4.tar	30044672	122148	352180736	1036473
12959	14886	AF-0000000204696495	shard_402_batch_4.tar	48425984	130285	1057378816	1188217
12965	14746	AF-0000000204067187	shard_380_batch_2.tar	24850944	118337	541323776	939681
12983	14147	AF-0000000203758874	shard_384_batch_1.tar	31259136	119042	943604224	1016577
12987	14566	AF-0000000203713570	shard_234_batch_0.tar	34561536	62974	160481280	257799
12994	14227	AF-0000000204427559	shard_306_batch_2.tar	22411776	92058	646647808	546457
13018	14398	AF-0000000204796078	shard_314_batch_4.tar	68520960	90613	535248384	594908
13027	14660	AF-0000000204749613	shard_260_batch_3.tar	67933184	69196	373203456	338161
13043	14844	AF-0000000211807572	shard_262_batch_3.tar	36152832	72896	288972288	366141
13044	14235	AF-0000000211807577	shard_412_batch_0.tar	85530112	133764	1027201024	1283436
13051	14172	AF-0000000204018078	shard_440_batch_2.tar	89671680	147589	1057134592	1620303
13058	14375	AF-0000000204051679	shard_234_batch_0.tar	32283648	63495	358943744	252740
13065	14361	AF-0000000204057289	shard_368_batch_1.tar	84631040	112761	546318336	920342
13072	14500	AF-0000000211807625	shard_412_batch_3.tar	58700800	129921	627442176	1207718
13077	14746	AF-0000000211807675	shard_302_batch_2.tar	50956800	86489	316181504	500466
13079	14922	AF-0000000211807703	shard_968_batch_1.tar	110154240	187241	2920373760	2605226
13105	14047	AF-0000000204752087	shard_242_batch_3.tar	19362304	66216	213717504	295201
13136	14844	AF-0000000204743258	shard_260_batch_3.tar	51889152	72796	384168448	366415
13156	14562	AF-0000000203929502	shard_426_batch_1.tar	108060672	141799	1339595776	1383749
13158	14679	AF-0000000204415175	shard_364_batch_3.tar	107684864	112081	384556032	854810
13158	14683	AF-0000000204415182	shard_340_batch_2.tar	49076224	102619	417862144	706717
13175	14006	AF-0000000204676957	shard_300_batch_3.tar	23240192	87508	666727424	520310
13205	14982	AF-0000000203768311	shard_392_batch_1.tar	33982976	123851	378673152	1088624
13209	14603	AF-0000000211807956	shard_438_batch_0.tar	119470080	153626	1822747648	1525871
13226	14780	AF-0000000211807979	shard_1038_batch_0.tar	145346048	241255	4315716608	4323792
13235	14075	AF-0000000211807992	shard_1072_batch_0.tar	252559360	266187	3520103424	4768429
13235	14422	AF-0000000211807993	shard_1068_batch_0.tar	210684928	264360	2021178880	4613696
13235	14459	AF-0000000211807994	shard_1052_batch_0.tar	157616128	244436	3770503680	3890592
13240	14037	AF-0000000205111413	shard_1073_batch_0.tar	28835328	270077	3940774912	5318283
13240	14293	AF-0000000205111398	shard_330_batch_4.tar	17110528	95314	400838144	607419
13282	14430	AF-0000000211808091	shard_1092_batch_1.tar	106412032	302599	6571929088	6637047
13289	14461	AF-0000000203944638	shard_1018_batch_1.tar	32107520	226132	2830234112	3745747
13289	14983	AF-0000000203944637	shard_1020_batch_1.tar	150070272	227250	2829155840	3810896
13290	14913	AF-0000000211808101	shard_948_batch_0.tar	67842048	186700	2425752064	2497523
13290	14989	AF-0000000203661722	shard_434_batch_0.tar	66211840	150246	765470208	1574720
13297	14461	AF-0000000211808105	shard_1022_batch_1.tar	74953216	229144	3076307968	3873487
13301	14562	AF-0000000203951875	shard_414_batch_1.tar	27550208	135436	557111296	1283682
13309	14459	AF-0000000203517766	shard_888_batch_0.tar	103887872	155369	1410382848	1771015
13312	14068	AF-0000000204600460	shard_424_batch_3.tar	100026368	141388	1563022336	1396160
13321	14184	AF-0000000203904479	shard_432_batch_1.tar	15171584	145461	1230514176	1494841
13328	14106	AF-0000000211808146	shard_320_batch_4.tar	68214272	94534	505551360	573735
13339	14343	AF-0000000203566430	shard_930_batch_0.tar	21708288	173051	1989872128	2126026
13339	14821	AF-0000000203566411	shard_1012_batch_0.tar	23122944	216098	2713786368	3566203
13344	14331	AF-0000000204710466	shard_442_batch_4.tar	37006848	150478	1881683456	1575310
13344	14896	AF-0000000204710469	shard_442_batch_4.tar	22034432	151362	905226752	1583881
13355	14026	AF-0000000203909273	shard_394_batch_1.tar	19975168	127920	641347072	1131895
13358	14098	AF-0000000211808245	shard_442_batch_3.tar	88367104	151101	916508160	1600453
13358	14954	AF-0000000204440816	shard_944_batch_1.tar	127275520	181091	2279456768	2383905
13362	14710	AF-0000000204086808	shard_1054_batch_1.tar	86508544	242704	2111358464	4108272
13362	14934	AF-0000000204086818	shard_332_batch_1.tar	11144704	99582	297260032	660407
13368	14895	AF-0000000203988762	shard_376_batch_1.tar	66202624	117431	1050130944	948574
13368	14985	AF-0000000211808255	shard_442_batch_2.tar	89836032	155679	1088053760	1525955
13370	14293	AF-0000000203675877	shard_174_batch_0.tar	20043776	34431	87449088	63349
13373	14369	AF-0000000204402497	shard_354_batch_2.tar	86348288	107452	395503104	817144
13385	14304	AF-0000000204081512	shard_200_batch_0.tar	18751488	50341	146993152	143756
13417	14269	AF-0000000211808354	shard_264_batch_2.tar	62748672	75724	449455616	359438
13430	14976	AF-0000000203936228	shard_184_batch_0.tar	26640896	42790	100554240	106075
13442	14188	AF-0000000211808405	shard_426_batch_0.tar	108235264	144307	1173199360	1411505
13454	14192	AF-0000000203926081	shard_340_batch_1.tar	19437568	102084	701672448	729668
13462	14822	AF-0000000211808455	shard_404_batch_0.tar	25009152	127827	1189562880	1164716
13473	14172	AF-0000000204384063	shard_416_batch_3.tar	5248512	136106	1243520512	1387406
13476	14218	AF-0000000203688373	shard_888_batch_0.tar	125737984	161734	1242724864	1849332
13479	14679	AF-0000000211808512	shard_318_batch_2.tar	45545472	93379	220666368	585190
13482	14743	AF-0000000203509632	shard_1024_batch_0.tar	116892672	222864	1932404736	3710037
13496	14126	AF-0000000211808545	shard_332_batch_0.tar	10429440	98175	278321152	654067
13506	14107	AF-0000000203716726	shard_412_batch_1.tar	11597824	134781	594376704	1258600
13510	14716	AF-0000000203921052	shard_246_batch_0.tar	17112576	66394	276514816	283627
13513	14557	AF-0000000211808565	shard_336_batch_3.tar	46999552	103160	410574848	605373
13530	14603	AF-0000000203642266	shard_294_batch_0.tar	62994944	85368	210132992	482170
13534	14881	AF-0000000203983049	shard_422_batch_2.tar	94211584	140029	839131136	1394367
13545	14954	AF-0000000203674931	shard_374_batch_0.tar	86009856	115827	428802048	992239
13566	14129	AF-0000000204623812	shard_944_batch_2.tar	27021312	183069	912611840	2380893
13571	14282	AF-0000000211808625	shard_412_batch_4.tar	96968192	134829	606453248	1260727
13587	14318	AF-0000000211808647	shard_200_batch_0.tar	24399872	48224	185913344	144050
13600	14461	AF-0000000204266816	shard_1038_batch_1.tar	215426048	239538	559456256	4247282
13608	14495	AF-0000000211808681	shard_908_batch_0.tar	132278272	170437	953826816	2039891
13610	14942	AF-0000000211808683	shard_406_batch_0.tar	63415296	129393	553814528	1199771
13613	14867	AF-0000000211808685	shard_250_batch_3.tar	50289152	70773	227473920	335440
13618	14603	AF-0000000211808690	shard_336_batch_0.tar	9582592	101077	420948480	686220
13621	14845	AF-0000000211808702	shard_294_batch_1.tar	11599872	82972	266405376	447729
13637	14372	AF-0000000211808717	shard_318_batch_3.tar	92467712	92782	377017856	610882
13642	14326	AF-0000000203532539	shard_348_batch_0.tar	62303232	105910	264826880	795947
13650	14269	AF-0000000204858976	shard_270_batch_4.tar	40594944	76592	520907776	386127
13671	14646	AF-0000000204032176	shard_936_batch_1.tar	707584	182752	2302567424	2209533
13682	14691	AF-0000000204655554	shard_938_batch_2.tar	56553984	181592	1248430592	2222124
13686	14360	AF-0000000211808789	shard_1020_batch_0.tar	116242944	222652	726013952	3742199
13686	14361	AF-0000000211808790	shard_1014_batch_0.tar	63704576	218215	2065556992	3402467
13692	14844	AF-0000000203964977	shard_322_batch_1.tar	59073024	95119	538116608	619067
13694	14195	AF-0000000203540251	shard_996_batch_0.tar	40427008	203778	2358866944	3179834
13698	14778	AF-0000000204772448	shard_948_batch_2.tar	6617088	183730	564911104	2482368
13710	14823	AF-0000000203486136	shard_1008_batch_0.tar	43288576	211540	1122358784	3150997
13717	14583	AF-0000000211808838	shard_1002_batch_0.tar	36589568	212654	2505406976	3082379
13718	14090	AF-0000000211808842	shard_1146_batch_0.tar	196747776	308591	2572748288	6800953
13719	14897	AF-0000000211808845	shard_384_batch_2.tar	14170112	119631	328115712	968490
13746	14119	AF-0000000211808888	shard_1072_batch_1.tar	227063808	264463	2147259392	4822496
13758	14408	AF-0000000211808909	shard_322_batch_1.tar	32334848	96056	603038720	583076
13758	14732	AF-0000000203815363	shard_324_batch_1.tar	71095296	96149	668180480	590821
13758	14733	AF-0000000203815366	shard_334_batch_1.tar	91312640	100095	215431680	646650
13763	14982	AF-0000000211808913	shard_354_batch_0.tar	73137664	109659	316881408	769072
13766	14126	AF-0000000211808919	shard_348_batch_3.tar	23967232	104140	950905344	749677
13766	14227	AF-0000000204573251	shard_286_batch_3.tar	12838400	83791	215829504	460718
13768	14182	AF-0000000211808928	shard_360_batch_3.tar	1995776	109171	497900032	815855
13769	14273	AF-0000000203553101	shard_400_batch_0.tar	85009920	130910	792342528	1175937
13771	14567	AF-0000000211808931	shard_414_batch_1.tar	33252352	133608	573812736	1219136
13773	14716	AF-0000000203921064	shard_256_batch_0.tar	13178880	70060	389014528	324939
13777	14746	AF-0000000204689079	shard_956_batch_2.tar	10353664	192483	229902336	2543577
13779	14588	AF-0000000211808945	shard_234_batch_0.tar	15179264	63261	270061056	234200
13792	14022	AF-0000000204048796	shard_216_batch_0.tar	41540096	57593	228890112	204225
13801	14806	AF-0000000203828697	shard_338_batch_1.tar	8617472	99967	318951936	654210
13811	14504	AF-0000000203499749	shard_992_batch_0.tar	15245312	202668	2879895040	3024399
13821	14117	AF-0000000204406184	shard_312_batch_2.tar	81219584	90829	249272832	582142
13821	14182	AF-0000000211809004	shard_396_batch_3.tar	118251520	126935	886633472	1092566
13821	14336	AF-0000000204406328	shard_330_batch_2.tar	82046976	99382	460016640	687629
13826	14562	AF-0000000203931315	shard_432_batch_2.tar	73520640	144673	1740951040	1464599
13828	14146	AF-0000000203755722	shard_366_batch_0.tar	12762112	110028	817216000	822232
13860	14095	AF-0000000203775125	shard_258_batch_0.tar	61218304	72033	350631936	324133
13863	14599	AF-0000000211809094	shard_996_batch_0.tar	46666752	206123	2392735744	3165466
13866	14126	AF-0000000211809109	shard_416_batch_3.tar	42075648	136603	1038538752	1340499
13867	14434	AF-0000000211809120	shard_1049_batch_0.tar	6612992	245475	2628290048	4489168
13874	14583	AF-0000000203468863	shard_1020_batch_0.tar	141093888	223682	2536725504	3326237
13910	14273	AF-0000000204134279	shard_898_batch_1.tar	74545152	167139	980081664	1981158
13928	14730	AF-0000000211809207	shard_887_batch_0.tar	75760128	162505	1952187904	1758471
13928	14829	AF-0000000204813967	shard_894_batch_2.tar	29292544	166427	794280448	1909816
13929	14208	AF-0000000211809209	shard_376_batch_4.tar	93255168	116590	619447296	987970
13930	14407	AF-0000000205103312	shard_286_batch_4.tar	35955712	78183	431620096	452868
13930	14525	AF-0000000205103307	shard_274_batch_4.tar	27438080	75510	259246080	399709
13931	14680	AF-0000000211809226	shard_340_batch_2.tar	100353024	101462	565310976	721641
13943	14411	AF-0000000211809244	shard_1006_batch_1.tar	92099584	213152	2913420800	3122900
13947	14416	AF-0000000203764870	shard_1158_batch_0.tar	224303616	327724	5767558144	8362535
13950	14348	AF-0000000211809257	shard_350_batch_2.tar	65451008	103629	533492224	762173
13950	14349	AF-0000000204270212	shard_354_batch_2.tar	49515520	105608	417802240	812956
13950	14409	AF-0000000211809258	shard_1014_batch_1.tar	187518976	216333	612248576	3523658
13955	14378	AF-0000000204106696	shard_330_batch_1.tar	19876864	90191	292979200	608046
13977	14349	AF-0000000211809287	shard_336_batch_2.tar	95426048	99364	292731904	685086
13988	14272	AF-0000000204645439	shard_436_batch_4.tar	69366272	147890	1802726400	1588637
13988	14633	AF-0000000204645446	shard_406_batch_3.tar	12967424	133207	495891456	1242893
13998	14973	AF-0000000211809334	shard_986_batch_1.tar	18236416	199061	2050582528	2890507
14001	1866	AF-0000000204675764	shard_1058_batch_2.tar	29714432	248748	1476761088	4562221
14001	2851	AF-0000000204675745	shard_1022_batch_2.tar	40726016	221589	856913920	3469318
14001	4039	AF-0000000210992562	shard_1054_batch_2.tar	23482880	243017	1549680640	4432516
14001	6437	AF-0000000204675744	shard_992_batch_2.tar	14645760	206979	335398400	2867964
14001	7577	AF-0000000204675753	shard_904_batch_2.tar	61130752	165079	661621248	1883316
14001	9521	AF-0000000211694841	shard_1066_batch_2.tar	90637312	261192	2094273024	4902370
14001	11109	AF-0000000204675752	shard_900_batch_2.tar	81051648	163432	1043495936	1896925
14001	12628	AF-0000000211806394	shard_916_batch_2.tar	22143488	168809	215558656	2017628
14002	8838	AF-0000000211691059	shard_380_batch_2.tar	49919488	119036	278939648	899171
14006	12234	AF-0000000211792503	shard_962_batch_1.tar	1722368	191035	1651407360	2468486
14009	13553	AF-0000000204272900	shard_1032_batch_1.tar	94364160	232263	1432662528	3769512
14010	1595	AF-0000000204829751	shard_1042_batch_2.tar	107593728	241230	1361383936	4423603
14010	1596	AF-0000000204829752	shard_1042_batch_2.tar	74046976	241130	1263366656	4446575
14010	1597	AF-0000000204829754	shard_1047_batch_0.tar	94121984	243720	2816843776	4387994
14010	3803	AF-0000000204829750	shard_1045_batch_0.tar	137212928	241858	2077315072	4425917
14010	4279	AF-0000000204829762	shard_967_batch_0.tar	159437824	194890	1882792448	2802504
14010	5140	AF-0000000204829773	shard_967_batch_0.tar	98627584	194763	1267303936	2696277
14010	6491	AF-0000000204829753	shard_1047_batch_0.tar	62359552	244201	3114624512	4447016
14010	6767	AF-0000000204829761	shard_967_batch_0.tar	162528256	194724	1485446144	2689998
14010	10612	AF-0000000204829749	shard_1055_batch_0.tar	238006784	249665	2455144448	4712935
14011	656	AF-0000000203465672	shard_446_batch_0.tar	12303872	155737	1730556416	1782536
14011	1210	AF-0000000203465671	shard_886_batch_0.tar	155816448	162247	1411435008	1913393
14011	1918	AF-0000000203465662	shard_948_batch_0.tar	1477120	184348	1206374400	2477065
14011	2287	AF-0000000203465667	shard_904_batch_0.tar	19829248	168625	770421760	2083802
14011	2481	AF-0000000203465666	shard_896_batch_0.tar	136094720	166324	998689280	1997731
14011	2880	AF-0000000203465668	shard_894_batch_0.tar	69777920	163258	1866030080	1961734
14011	3674	AF-0000000203465664	shard_898_batch_0.tar	127562240	165343	614804480	1985983
14011	5214	AF-0000000211194817	shard_450_batch_0.tar	16753152	160984	1051096064	1863850
14011	9059	AF-0000000211692370	shard_450_batch_0.tar	41298944	160741	1704518144	1844737
14011	10846	AF-0000000203465665	shard_894_batch_0.tar	59879936	164415	1567680512	1969950
14011	10857	AF-0000000203465661	shard_896_batch_0.tar	5555712	165600	1236963840	1965620
14011	14858	AF-0000000203465663	shard_894_batch_0.tar	107974656	165409	578086912	1949844
14013	370	AF-0000000205106998	shard_991_batch_0.tar	106207744	202830	690728960	2766080
14013	433	AF-0000000209941028	shard_1133_batch_0.tar	95878144	296654	3919547392	5933632
14013	443	AF-0000000209941308	shard_1035_batch_0.tar	149174784	225929	3629004800	3761010
14013	527	AF-0000000205106986	shard_1021_batch_0.tar	139161088	225788	2763161088	3342898
14013	568	AF-0000000210024372	shard_1117_batch_0.tar	208216064	287699	5634125824	5885260
14013	752	AF-0000000205107002	shard_925_batch_0.tar	99625472	167031	1379985408	1988492
14013	1161	AF-0000000205106956	shard_1123_batch_0.tar	24321024	288071	630209024	5575573
14013	1412	AF-0000000205106993	shard_362_batch_4.tar	23769088	109805	546982400	821952
14013	1446	AF-0000000205106965	shard_955_batch_0.tar	177561088	184382	2623647744	2361468
14013	1785	AF-0000000205106952	shard_1065_batch_0.tar	48874496	249387	1509042176	4447521
14013	2092	AF-0000000205106954	shard_1113_batch_0.tar	231130112	274197	6007310848	5303759
14013	3157	AF-0000000205107010	shard_427_batch_0.tar	119305728	139236	1556448256	1367011
14013	3201	AF-0000000205106959	shard_925_batch_0.tar	44906496	168034	2454518272	2000672
14013	3376	AF-0000000205106958	shard_973_batch_0.tar	101775872	197474	1051980288	2684326
14013	3775	AF-0000000210960218	shard_1121_batch_0.tar	40118272	281263	6117641728	5573020
14013	4213	AF-0000000205107014	shard_431_batch_0.tar	124880896	142268	602729984	1447855
14013	4253	AF-0000000205107008	shard_386_batch_4.tar	88126464	120748	276398080	994691
14013	4387	AF-0000000205106973	shard_368_batch_4.tar	102468608	112601	496058880	851977
14013	5401	AF-0000000211286402	shard_1147_batch_0.tar	218520576	301385	7060477952	6449405
14013	6036	AF-0000000211582410	shard_929_batch_0.tar	125879808	174104	448254464	2071220
14013	6085	AF-0000000211606696	shard_1053_batch_0.tar	222144512	247258	4149320704	4057697
14013	7195	AF-0000000205106982	shard_945_batch_0.tar	145228800	178246	796987904	2232290
14013	7561	AF-0000000211653250	shard_959_batch_0.tar	78062080	184746	1025074176	2324013
14013	8034	AF-0000000211674818	shard_993_batch_0.tar	132416000	203080	846114816	2872545
14013	8166	AF-0000000211678920	shard_1059_batch_0.tar	244695552	248902	2140442112	4273941
14013	8278	AF-0000000205106964	shard_445_batch_0.tar	154624	153137	672827904	1631511
14013	8996	AF-0000000211692092	shard_1055_batch_0.tar	118702592	251012	4689299456	4189261
14013	9142	AF-0000000211692792	shard_911_batch_0.tar	148649984	166405	367854080	1873163
14013	9787	AF-0000000211696003	shard_1015_batch_0.tar	68148224	216683	3237223424	3179725
14013	9815	AF-0000000205106966	shard_1005_batch_0.tar	18082816	212009	1338083328	2978769
14013	9861	AF-0000000211696427	shard_1057_batch_0.tar	57560576	249301	2104283136	4185040
14013	10064	AF-0000000211697513	shard_921_batch_0.tar	101307904	172847	1197282816	2071919
14013	10783	AF-0000000205107016	shard_374_batch_4.tar	67598336	115638	550074368	895842
14013	12198	AF-0000000205106949	shard_453_batch_0.tar	56557568	156887	625976832	1754900
14013	12487	AF-0000000205106988	shard_431_batch_0.tar	47969792	143821	1423300096	1431945
14013	13621	AF-0000000211808696	shard_392_batch_4.tar	103789568	122169	960828416	1023886
14013	14063	AF-0000000205106955	shard_1077_batch_0.tar	267204096	267139	1140012032	5043919
14013	14263	AF-0000000205107015	shard_423_batch_0.tar	26145792	139279	612092928	1317281
14013	14567	AF-0000000205106962	shard_993_batch_0.tar	130348544	202713	3299332608	2891585
14013	14621	AF-0000000205106960	shard_439_batch_0.tar	111391744	146742	768658944	1475886
14013	14954	AF-0000000205107000	shard_901_batch_0.tar	69704704	162515	2023975936	1932908
14013	15416	AF-0000000205106948	shard_453_batch_0.tar	106205184	157719	1297067008	1784325
14016	2683	AF-0000000210701479	shard_266_batch_0.tar	36753920	71934	193270272	365183
14016	4737	AF-0000000211068974	shard_386_batch_1.tar	45547520	119136	760646656	1057919
14017	6276	AF-0000000211622542	shard_1066_batch_2.tar	29450240	253972	1099374080	4509583
14019	3024	AF-0000000204859594	shard_424_batch_4.tar	138102784	135455	1007033856	1332669
14019	4236	AF-0000000204859590	shard_378_batch_4.tar	48860160	114235	974934528	887467
14019	6006	AF-0000000204859567	shard_416_batch_4.tar	2752000	133234	452306944	1227767
14021	1007	AF-0000000210204205	shard_1000_batch_1.tar	77257728	212584	3214872576	3040953
14021	2432	AF-0000000210606873	shard_432_batch_2.tar	53216768	145916	1652994560	1404903
14021	2696	AF-0000000210704264	shard_880_batch_1.tar	141197824	153448	1443383808	1535031
14021	2841	AF-0000000210734411	shard_1032_batch_1.tar	109245952	222836	1011728384	3431421
14021	4313	AF-0000000211032317	shard_394_batch_2.tar	44256256	125266	309961216	1093219
14021	5616	AF-0000000211288213	shard_964_batch_1.tar	52971520	190234	1587069440	2318953
14021	8534	AF-0000000211681434	shard_970_batch_1.tar	70371328	190464	1323963392	2504606
14021	10845	AF-0000000211745478	shard_896_batch_1.tar	36226560	163755	1472936960	1986023
14021	11408	AF-0000000211764015	shard_422_batch_2.tar	34968576	138439	1185737728	1363051
14021	12875	AF-0000000211807112	shard_370_batch_1.tar	59735040	114154	401909248	901471
14022	1140	AF-0000000204049641	shard_286_batch_1.tar	48154624	82659	585056256	448478
14022	10472	AF-0000000204049626	shard_234_batch_0.tar	4481024	63371	181830144	255145
14025	12558	AF-0000000211806213	shard_904_batch_1.tar	105706496	169411	882348032	1996380
14027	7649	AF-0000000211655829	shard_1049_batch_0.tar	199887872	236047	1416225792	4055234
14027	9354	AF-0000000211693969	shard_407_batch_0.tar	87171072	131114	1335003648	1300401
14027	11603	AF-0000000211764597	shard_405_batch_0.tar	37635072	130412	1225817600	1279238
14028	4340	AF-0000000211033339	shard_294_batch_1.tar	66914816	84266	581898240	451712
14028	7937	AF-0000000204166972	shard_290_batch_1.tar	53650944	82504	538923520	444000
14029	4548	AF-0000000211055502	shard_308_batch_4.tar	85088256	88426	657303552	515779
14031	4371	AF-0000000211037307	shard_1032_batch_1.tar	131316224	230783	1274387456	3925839
14031	6239	AF-0000000204144624	shard_1166_batch_0.tar	166949376	351701	8819110912	8846768
14037	2888	AF-0000000204780052	shard_1008_batch_2.tar	56813568	217027	1799548416	3422826
14037	4159	AF-0000000204780048	shard_1005_batch_0.tar	88867328	215174	1666725376	3334675
14037	4282	AF-0000000204780047	shard_1005_batch_0.tar	124350976	215267	2727915008	3336451
14037	11281	AF-0000000204780042	shard_1074_batch_2.tar	53526528	275040	1011078144	5488845
14037	11416	AF-0000000204780054	shard_1054_batch_2.tar	51003392	248577	1092516352	4579474
14037	12426	AF-0000000204780053	shard_1016_batch_2.tar	107062272	220725	493588992	3544479
14037	14332	AF-0000000204780050	shard_1042_batch_2.tar	116682752	241148	689191424	4245037
14041	3915	AF-0000000203783192	shard_372_batch_1.tar	113409536	112165	358064640	885344
14042	2939	AF-0000000210756349	shard_1082_batch_0.tar	234164736	282041	3839246336	5619943
14042	5393	AF-0000000211286312	shard_1128_batch_0.tar	231823360	293488	1037299200	5995682
14042	6521	AF-0000000211631893	shard_1028_batch_0.tar	198684672	228165	1227983872	3774743
14045	1892	AF-0000000204122902	shard_412_batch_2.tar	86402048	136038	268883968	1322238
14045	3045	AF-0000000204122897	shard_992_batch_1.tar	102177280	204159	585151488	3141886
14045	3512	AF-0000000204122910	shard_1026_batch_1.tar	61875712	227320	3725144576	3857766
14045	4524	AF-0000000204122925	shard_388_batch_2.tar	96044544	120486	802740224	1041310
14045	6623	AF-0000000211632905	shard_1004_batch_1.tar	86493696	210982	2759975424	3343824
14045	6747	AF-0000000211634163	shard_1036_batch_1.tar	195024896	236557	4219007488	4037088
14045	6866	AF-0000000211635393	shard_414_batch_2.tar	4502016	135388	336796160	1277530
14045	6940	AF-0000000211636344	shard_1028_batch_1.tar	176472064	229793	2500114432	3834668
14045	7119	AF-0000000204122898	shard_988_batch_1.tar	5297664	203336	922429440	3066892
14045	11270	AF-0000000211752196	shard_448_batch_2.tar	62425600	155475	1970614784	1668289
14045	11542	AF-0000000204122913	shard_376_batch_2.tar	100233728	119102	257306112	976165
14046	14751	AF-0000000211809391	shard_1066_batch_2.tar	79094272	260815	1525809664	4948680
14047	5966	AF-0000000204753240	shard_252_batch_3.tar	50533888	69974	320275456	319147
14047	6188	AF-0000000204753241	shard_236_batch_3.tar	44400128	64434	381800448	239359
14047	12434	AF-0000000204753243	shard_256_batch_3.tar	24539136	70357	244123136	345676
14048	1804	AF-0000000204010015	shard_340_batch_1.tar	9710080	100866	233046016	713991
14049	12221	AF-0000000205111602	shard_284_batch_4.tar	13362176	77496	524140544	420794
14051	1084	AF-0000000210204809	shard_1145_batch_0.tar	272598016	303723	7388453888	6496013
14051	8144	AF-0000000211678784	shard_1018_batch_2.tar	51485696	221085	1921304576	3400242
14051	8282	AF-0000000211679896	shard_1127_batch_0.tar	230632448	286490	3866241536	5892445
14051	9027	AF-0000000211692275	shard_1074_batch_2.tar	110880768	271668	1074483712	5082012
14051	9838	AF-0000000211696233	shard_1065_batch_0.tar	173322752	258197	4426466304	4619412
14051	10487	AF-0000000211730330	shard_1008_batch_2.tar	36561408	215435	1502984704	3202778
14051	10792	AF-0000000211745243	shard_1061_batch_0.tar	98612224	252601	1970265600	4377999
14051	15226	AF-0000000211809394	shard_1099_batch_0.tar	164640256	332130	7665376768	7484086
14052	8414	AF-0000000204058541	shard_1064_batch_1.tar	67613184	252241	1439098368	4625718
14055	6604	AF-0000000204159238	shard_948_batch_1.tar	147492864	182719	2041136128	2279224
14057	11585	AF-0000000204596045	shard_966_batch_1.tar	30862848	188949	2774291456	2640684
14058	14392	AF-0000000203759914	shard_896_batch_0.tar	49531904	162521	577670144	1935866
14060	12279	AF-0000000211792858	shard_1164_batch_0.tar	145615360	328822	1714322944	7346955
14063	349	AF-0000000203481565	shard_1078_batch_0.tar	268022272	270358	4515481088	5165599
14063	568	AF-0000000210024373	shard_1180_batch_0.tar	40887808	379761	1307126784	9750120
14063	1446	AF-0000000203481569	shard_1082_batch_0.tar	222752768	276096	3548176896	5240480
14063	2160	AF-0000000203481566	shard_1076_batch_0.tar	194666496	267529	2224455680	5058002
14063	3775	AF-0000000210960219	shard_1180_batch_0.tar	187918336	372667	3642892800	9944319
14063	3906	AF-0000000203481577	shard_1038_batch_0.tar	95708160	231641	807144960	3671011
14063	4118	AF-0000000203481572	shard_984_batch_0.tar	29624832	195273	1079520256	2669779
14063	4726	AF-0000000203481580	shard_1032_batch_0.tar	201508352	226305	1400292864	3628802
14063	7380	AF-0000000203481586	shard_1186_batch_0.tar	153793536	392451	3532493312	10962779
14063	9673	AF-0000000211695506	shard_1106_batch_0.tar	261024768	273775	1128161280	5329579
14063	14567	AF-0000000203481567	shard_1090_batch_0.tar	196705792	294490	2881657344	6067192
14068	2095	AF-0000000210500101	shard_418_batch_0.tar	14666752	138812	944111616	1324914
14074	7995	AF-0000000211674644	shard_1058_batch_0.tar	108795904	247937	913542656	4716048
14075	8742	AF-0000000204658255	shard_974_batch_2.tar	83150336	191044	1450307072	2550020
14075	10897	AF-0000000204658254	shard_992_batch_2.tar	98984448	201602	1000628224	2810178
14075	12156	AF-0000000204658249	shard_932_batch_2.tar	14738432	176238	888076288	2247616
14078	433	AF-0000000209941029	shard_1060_batch_1.tar	112487936	258080	2170427904	4409465
14078	620	AF-0000000203915438	shard_1044_batch_1.tar	151337984	242737	794347520	4002393
14078	1255	AF-0000000210245155	shard_1010_batch_1.tar	64199680	218233	2491563520	3284540
14078	2283	AF-0000000203915446	shard_364_batch_1.tar	42842112	112543	656481792	868486
14078	4139	AF-0000000210999166	shard_354_batch_1.tar	46610944	109910	875742720	792093
14078	4387	AF-0000000203915441	shard_260_batch_0.tar	33625600	73376	335323136	345939
14078	6412	AF-0000000203915439	shard_364_batch_1.tar	4916224	115138	736316928	870371
14078	9157	AF-0000000203915449	shard_340_batch_1.tar	34254848	104905	282644480	688489
14078	9538	AF-0000000203915440	shard_932_batch_1.tar	77289472	178091	2040623104	2125421
14078	11219	AF-0000000211751965	shard_360_batch_1.tar	35933696	110335	1036807680	835041
14079	12977	AF-0000000204610091	shard_914_batch_2.tar	53658624	164228	710002176	1896815
14081	1454	AF-0000000203774181	shard_442_batch_1.tar	141695488	153969	441542144	1689567
14081	2747	AF-0000000210715023	shard_908_batch_0.tar	109085184	168718	2098409472	1987463
14081	2911	AF-0000000210750453	shard_908_batch_0.tar	102872064	168831	2136241152	2066787
14081	3370	AF-0000000210851374	shard_1054_batch_0.tar	76197376	252678	3630159360	4473158
14081	6781	AF-0000000211634456	shard_900_batch_0.tar	55050752	163408	2072437248	1923320
14082	2747	AF-0000000210715024	shard_910_batch_0.tar	42368512	168462	1995994112	2075679
14082	2911	AF-0000000210750454	shard_910_batch_0.tar	100994048	168943	523687424	2003910
14082	3350	AF-0000000203774815	shard_1034_batch_0.tar	99320832	223590	1012342272	3580650
14082	6781	AF-0000000211634457	shard_900_batch_0.tar	83603968	163868	755064320	1924491
14082	11462	AF-0000000203774811	shard_376_batch_1.tar	59412480	115989	1120986112	965242
14083	6636	AF-0000000203870096	shard_978_batch_1.tar	102664704	194319	519824384	2851098
14088	369	AF-0000000209940041	shard_302_batch_0.tar	16657920	88257	276196352	527097
14088	5353	AF-0000000211285830	shard_402_batch_0.tar	97324032	129151	831960576	1108829
14088	6496	AF-0000000211631530	shard_374_batch_0.tar	93221888	117717	255971328	941663
14088	6497	AF-0000000211631599	shard_374_batch_0.tar	83436544	117624	463800320	942437
14088	9663	AF-0000000211695444	shard_368_batch_0.tar	3978240	115578	479498240	869668
14088	10319	AF-0000000211729489	shard_904_batch_0.tar	92397056	169241	1034692608	2067814
14088	12332	AF-0000000211805354	shard_312_batch_0.tar	3115008	93050	558875136	565479
14088	12433	AF-0000000211805791	shard_274_batch_0.tar	3343872	78520	507198464	396801
14088	14693	AF-0000000211809410	shard_302_batch_0.tar	4122112	89150	239073792	538336
14089	293	AF-0000000204757873	shard_434_batch_4.tar	52664320	146453	428894208	1541105
14089	294	AF-0000000204757874	shard_434_batch_4.tar	82145792	146227	868395008	1539906
14089	4159	AF-0000000204757868	shard_432_batch_4.tar	141010432	145092	1568549376	1501844
14089	4162	AF-0000000204757872	shard_444_batch_4.tar	20819456	152897	511690752	1739900
14089	4282	AF-0000000204757867	shard_432_batch_4.tar	31070208	145227	1652416512	1505351
14089	11419	AF-0000000204757869	shard_444_batch_4.tar	8186368	152467	470381568	1749899
14090	2056	AF-0000000210499198	shard_1144_batch_0.tar	62031872	306014	2364368896	6571033
14090	2359	AF-0000000210576329	shard_1072_batch_1.tar	50796032	263469	2750710272	4884948
14090	5416	AF-0000000211286512	shard_1064_batch_1.tar	121458688	255292	4848726528	4631136
14090	6570	AF-0000000211632247	shard_1170_batch_0.tar	325342720	344565	1554583040	8423594
14091	3397	AF-0000000210873392	shard_390_batch_3.tar	80801792	120323	468291072	1038214
14091	6462	AF-0000000204612437	shard_396_batch_3.tar	61693440	126864	702332416	1142036
14091	8482	AF-0000000211681093	shard_944_batch_2.tar	57671168	180443	705946624	2323297
14091	11619	AF-0000000204612416	shard_266_batch_3.tar	63430144	72706	186132480	367387
14091	12069	AF-0000000204612422	shard_330_batch_3.tar	26604032	97075	710376960	660181
14091	13844	AF-0000000211809041	shard_1020_batch_2.tar	82589696	220144	1815193088	3331682
14094	1455	AF-0000000203711631	shard_422_batch_1.tar	32660992	138869	1300435456	1405707
14094	15037	AF-0000000203711630	shard_420_batch_1.tar	134026240	137704	1491211264	1371195
14094	15283	AF-0000000211809422	shard_422_batch_1.tar	121869824	138800	1493707776	1413028
14097	1890	AF-0000000210455266	shard_1158_batch_0.tar	261651968	326113	7168465920	7051533
14098	964	AF-0000000210203835	shard_1006_batch_1.tar	111661056	214792	2900691968	3071615
14098	1977	AF-0000000210473687	shard_304_batch_2.tar	73145856	87681	609256960	542431
14098	3684	AF-0000000210946937	shard_296_batch_1.tar	7784960	84632	433672192	497367
14099	11754	AF-0000000211765289	shard_380_batch_0.tar	54521344	119300	908794368	952048
14100	1935	AF-0000000210472982	shard_908_batch_1.tar	21026304	165522	1635966976	1888928
14100	2712	AF-0000000210709668	shard_1004_batch_1.tar	60492800	208299	483805184	2995095
14100	2948	AF-0000000210757622	shard_916_batch_1.tar	34864640	164389	1449262080	1940084
14100	4928	AF-0000000211100267	shard_996_batch_1.tar	84873216	201582	422372864	2904313
14100	11058	AF-0000000211751545	shard_888_batch_0.tar	25830400	158489	1219146240	1734834
14100	14944	AF-0000000211809439	shard_1066_batch_1.tar	85554176	253192	3611082752	4856364
14101	1492	AF-0000000210385726	shard_1090_batch_0.tar	43340800	297272	2308519424	6047125
14101	2477	AF-0000000210616123	shard_1072_batch_0.tar	37401600	263338	4767710208	4679610
14101	2861	AF-0000000210740849	shard_1132_batch_0.tar	225765888	295509	1688363008	5703880
14101	3005	AF-0000000210767401	shard_1090_batch_0.tar	273748480	294629	6501806592	5905955
14101	3528	AF-0000000210922396	shard_1182_batch_0.tar	156965376	378705	1318822912	10034251
14101	4187	AF-0000000211006327	shard_1052_batch_0.tar	187905536	245322	1757273600	4099837
14101	4213	AF-0000000211010704	shard_1078_batch_0.tar	247062016	272484	5518474240	5191418
14101	5727	AF-0000000211289504	shard_1096_batch_0.tar	146772480	314075	6770829824	6641591
14101	5845	AF-0000000211290441	shard_1180_batch_0.tar	81139200	374139	2763547136	9541934
14101	6340	AF-0000000211628871	shard_1098_batch_0.tar	238679040	326391	7375424512	6987994
14101	6888	AF-0000000211635589	shard_1126_batch_0.tar	65407488	288524	5722949632	5655745
14101	7353	AF-0000000211649449	shard_1182_batch_0.tar	18549760	375408	4501000192	9920169
14101	7867	AF-0000000211670084	shard_1168_batch_0.tar	104642560	343020	7231302656	8068656
14101	8034	AF-0000000211674820	shard_1164_batch_0.tar	86393344	332994	5606330880	7602073
14101	9270	AF-0000000211693643	shard_1124_batch_0.tar	68284928	288602	585313280	5668139
14101	9296	AF-0000000211693730	shard_1178_batch_0.tar	16905216	433923	932580352	12816555
14101	10384	AF-0000000211729735	shard_1164_batch_0.tar	79293952	331476	2820549632	7568382
14101	11582	AF-0000000211764491	shard_1176_batch_0.tar	147988480	369882	5165649408	9313520
14101	11819	AF-0000000211765676	shard_1096_batch_0.tar	174087680	314682	5493195776	6820480
14101	11965	AF-0000000211791392	shard_1082_batch_0.tar	211691008	280282	4159682560	5411642
14101	12572	AF-0000000211806261	shard_1066_batch_0.tar	143245312	258356	4796417536	4513664
14101	12712	AF-0000000211806572	shard_1126_batch_0.tar	271293440	288768	2571613184	5761956
14101	14063	AF-0000000211809399	shard_1186_batch_0.tar	70054912	397780	628312064	10913602
14101	14188	AF-0000000211809442	shard_1134_batch_0.tar	298881024	296274	4482813440	5840135
14101	14567	AF-0000000211809445	shard_1164_batch_0.tar	121264128	333997	5348872192	7646616
14103	8717	AF-0000000211690531	shard_370_batch_0.tar	83933696	113908	372199936	946165
14107	1545	AF-0000000210426803	shard_918_batch_0.tar	159739392	170329	594861568	2041802
14107	5684	AF-0000000203697325	shard_896_batch_0.tar	131849216	160573	470075904	1830068
14107	8630	AF-0000000203697321	shard_432_batch_1.tar	112651264	146829	1455429120	1502217
14107	10938	AF-0000000203697351	shard_914_batch_0.tar	150236672	168310	1195467776	2045408
14107	11150	AF-0000000211751906	shard_1002_batch_0.tar	14576640	208895	2159888896	3206678
14107	12629	AF-0000000203697327	shard_360_batch_0.tar	18460672	110753	681195008	842371
14107	14847	AF-0000000203697353	shard_364_batch_0.tar	56215040	112481	267390976	859830
14108	14190	AF-0000000211809458	shard_1162_batch_0.tar	218746880	335105	3896812544	7812479
14108	14446	AF-0000000211809459	shard_1176_batch_0.tar	69433344	375980	8638611968	9659343
14111	4162	AF-0000000211002927	shard_266_batch_2.tar	30937600	73734	399245312	365992
14113	9421	AF-0000000204754412	shard_360_batch_4.tar	100483584	108631	886303232	818046
14113	13374	AF-0000000204754402	shard_292_batch_3.tar	68358656	82289	625531392	449021
14113	15011	AF-0000000211809460	shard_320_batch_4.tar	82577408	92133	434360832	572944
14115	15222	AF-0000000211809467	shard_270_batch_0.tar	1297408	71521	225328128	391101
14118	842	AF-0000000210198861	shard_1042_batch_0.tar	143161344	231318	2976159744	3928450
14118	3037	AF-0000000210780760	shard_1034_batch_0.tar	110004736	231860	875369984	3783724
14118	4361	AF-0000000211036360	shard_984_batch_0.tar	154167296	196641	2291839488	2816252
14118	4430	AF-0000000211048092	shard_1148_batch_0.tar	245850112	314306	1159136768	7245299
14118	5110	AF-0000000211135540	shard_978_batch_0.tar	25885184	193570	1603115520	2700093
14118	5182	AF-0000000211179009	shard_1168_batch_0.tar	170258944	345710	5638425600	8529619
14118	5206	AF-0000000211194428	shard_1096_batch_0.tar	176891392	311197	2365663744	6634870
14118	6300	AF-0000000211622961	shard_1144_batch_0.tar	277028864	302863	2707427328	6370126
14118	7260	AF-0000000211644518	shard_1172_batch_0.tar	108695552	349923	8758694400	8714238
14118	8282	AF-0000000211679897	shard_1118_batch_0.tar	53031424	276114	4948534784	5808840
14118	10895	AF-0000000211745688	shard_1060_batch_0.tar	101332480	249940	4199826432	4549091
14118	14150	AF-0000000211809475	shard_978_batch_0.tar	192218112	193346	2331067392	2715652
14119	5739	AF-0000000211289676	shard_1176_batch_0.tar	194112000	367537	1712004608	9400960
14123	9205	AF-0000000211693175	shard_1024_batch_1.tar	52275200	223513	3062641664	3492219
14125	3277	AF-0000000210834031	shard_432_batch_4.tar	113647616	146818	1670615040	1528691
14125	4693	AF-0000000204738483	shard_260_batch_3.tar	50128384	73246	234978816	351714
14126	4300	AF-0000000211028363	shard_298_batch_4.tar	46904832	85655	464632832	491976
14126	5762	AF-0000000211289759	shard_302_batch_4.tar	26958336	86520	177277952	494028
14126	7786	AF-0000000211661755	shard_330_batch_2.tar	58926080	98020	813027328	641473
14126	11056	AF-0000000211751542	shard_1067_batch_0.tar	72370688	263356	2194592768	4941672
14128	720	AF-0000000210037699	shard_444_batch_2.tar	125114368	154231	820388864	1689090
14128	805	AF-0000000203933152	shard_980_batch_1.tar	68003840	201896	1684418560	2872203
14128	2965	AF-0000000203933142	shard_1028_batch_1.tar	83610112	231543	714555904	3881784
14128	3635	AF-0000000210939324	shard_1040_batch_1.tar	233998848	237561	1610802176	3830992
14128	4387	AF-0000000203933031	shard_446_batch_2.tar	51721216	155984	1866904064	1692029
14128	4466	AF-0000000203933121	shard_1008_batch_1.tar	89260032	215513	3340875264	3230832
14128	4542	AF-0000000203933072	shard_1146_batch_0.tar	107612672	313489	4354350080	7077950
14128	5023	AF-0000000203933007	shard_1040_batch_1.tar	70374400	232534	1087856640	4099284
14128	5401	AF-0000000211286403	shard_1170_batch_0.tar	192914944	344647	8631148032	8319391
14128	6518	AF-0000000203933062	shard_1172_batch_0.tar	353384960	354918	4628450816	8679078
14128	6889	AF-0000000203933109	shard_1042_batch_1.tar	78374400	236137	3526030848	3973785
14128	7344	AF-0000000211649323	shard_1152_batch_0.tar	26534912	323985	6254329856	7476892
14128	7867	AF-0000000211670085	shard_1064_batch_1.tar	75673088	256709	3707341312	4591056
14128	10027	AF-0000000203933150	shard_444_batch_2.tar	4931072	154583	1093843456	1670375
14128	10081	AF-0000000203933100	shard_988_batch_1.tar	15109120	205995	2384664576	2964962
14129	788	AF-0000000203932431	shard_1012_batch_1.tar	145324032	216802	1880059392	3356786
14129	4542	AF-0000000203932457	shard_1148_batch_0.tar	231695872	315411	4763793408	7191654
14129	5401	AF-0000000211286404	shard_1170_batch_0.tar	173457408	346638	4654594048	8427012
14129	6889	AF-0000000203932466	shard_1046_batch_1.tar	60606464	238275	2904925184	4101410
14131	3851	AF-0000000210973092	shard_902_batch_0.tar	47629824	162653	1227188224	1856155
14133	11550	AF-0000000205104092	shard_441_batch_0.tar	67018752	149927	607492608	1674009
14133	12456	AF-0000000205104091	shard_439_batch_0.tar	10483712	149829	890826752	1677145
14134	1031	AF-0000000203870024	shard_262_batch_0.tar	62567424	74100	232476672	294439
14134	1684	AF-0000000203870016	shard_260_batch_0.tar	52451840	74384	367351296	283219
14134	2565	AF-0000000203870015	shard_262_batch_0.tar	17050112	74186	287573504	292703
14134	2670	AF-0000000203870014	shard_262_batch_0.tar	15137280	74456	389494272	297814
14134	2837	AF-0000000203870018	shard_256_batch_0.tar	21857280	71640	293053440	273530
14134	6567	AF-0000000203870019	shard_272_batch_1.tar	13676032	77189	296505344	322827
14134	7469	AF-0000000203870023	shard_262_batch_0.tar	23895040	74262	365262848	297867
14134	13247	AF-0000000203870020	shard_270_batch_0.tar	14094848	77658	341601792	325997
14134	15141	AF-0000000203870021	shard_260_batch_0.tar	43877376	72810	438300160	291398
14135	14531	AF-0000000203975510	shard_894_batch_1.tar	134470656	165609	1415715840	1900155
14136	8699	AF-0000000203577629	shard_262_batch_0.tar	71145472	70437	226141696	343151
14138	3627	AF-0000000210937535	shard_382_batch_2.tar	66994688	120041	731332608	1032324
14138	3628	AF-0000000204248591	shard_378_batch_2.tar	111706112	119361	1162235392	999824
14138	4371	AF-0000000211037308	shard_380_batch_2.tar	79969280	119407	441658880	1021545
14139	3627	AF-0000000210937536	shard_400_batch_3.tar	88994304	128346	1221448704	1187218
14139	3628	AF-0000000210937656	shard_396_batch_3.tar	73742848	127839	675552256	1156008
14140	2353	AF-0000000210575101	shard_1068_batch_1.tar	240866816	267129	3730783232	5218898
14140	2394	AF-0000000204148518	shard_998_batch_1.tar	161094656	213863	2230550528	3144288
14140	4220	AF-0000000204148538	shard_1002_batch_1.tar	192306176	216059	2152110592	3206784
14140	4290	AF-0000000204148521	shard_1032_batch_1.tar	229478912	236184	1247439360	3956228
14141	15101	AF-0000000211856033	shard_948_batch_2.tar	57106432	185710	1048742400	2434464
14142	4418	AF-0000000203578053	shard_354_batch_0.tar	28536832	110101	791906304	765496
14143	14215	AF-0000000203636767	shard_956_batch_0.tar	52761088	188384	402119680	2676476
14143	14599	AF-0000000211856036	shard_928_batch_0.tar	34319360	174580	919599104	2287407
14143	14743	AF-0000000203636770	shard_928_batch_0.tar	146286592	175048	1194939904	2296033
14146	3526	AF-0000000203925056	shard_420_batch_1.tar	60497920	136073	689017344	1235280
14147	8036	AF-0000000203759201	shard_378_batch_1.tar	81464832	116581	346317312	1003640
14147	9662	AF-0000000203759247	shard_982_batch_0.tar	29433344	199116	1810763264	2925499
14147	10914	AF-0000000203759200	shard_386_batch_1.tar	373248	120414	654460928	1051835
14147	11766	AF-0000000203759202	shard_368_batch_1.tar	47825920	111445	1099387904	881762
14147	12627	AF-0000000203759203	shard_366_batch_0.tar	28382208	110371	349603840	854262
14147	12650	AF-0000000203759230	shard_1024_batch_0.tar	71492608	225927	3947822592	3909604
14147	13369	AF-0000000203759205	shard_380_batch_1.tar	30161920	116801	395826688	979382
14155	5033	AF-0000000211111339	shard_418_batch_2.tar	102845440	137880	1217746432	1270081
14156	3316	AF-0000000210847239	shard_398_batch_2.tar	75335680	128938	1169335808	1145270
14158	3053	AF-0000000210783434	shard_442_batch_2.tar	33637888	155046	1423064064	1644703
14158	4775	AF-0000000211069673	shard_402_batch_2.tar	127974912	126612	560670208	1145720
14159	2358	AF-0000000210576184	shard_1032_batch_1.tar	207879168	232111	3578540032	3776559
14159	3050	AF-0000000210781734	shard_1086_batch_1.tar	111962624	293876	6047712256	6217083
14159	3472	AF-0000000210903724	shard_1026_batch_1.tar	81450496	232729	2415814144	3738817
14159	3548	AF-0000000210928540	shard_414_batch_2.tar	72934400	132949	1300448256	1252523
14159	4062	AF-0000000210993366	shard_418_batch_2.tar	27791872	136956	1273477120	1329884
14159	4515	AF-0000000211049248	shard_372_batch_2.tar	58895360	113307	970729984	900634
14159	12475	AF-0000000211805933	shard_276_batch_1.tar	65768448	76184	219312128	399524
14159	14827	AF-0000000211856068	shard_418_batch_2.tar	103812608	134037	1415039488	1247357
14165	2108	AF-0000000203974246	shard_190_batch_0.tar	1607680	44262	165586944	107642
14165	7331	AF-0000000203974259	shard_296_batch_1.tar	55157760	85569	211742720	490128
14165	8353	AF-0000000203974258	shard_270_batch_1.tar	37656576	76105	386328576	362405
14165	9941	AF-0000000203974247	shard_182_batch_0.tar	33253888	40638	165387776	93968
14165	12026	AF-0000000211791639	shard_306_batch_1.tar	21088768	87119	201589248	545259
14165	13071	AF-0000000203974248	shard_180_batch_0.tar	9660928	38931	129803264	83133
14167	115	AF-0000000203663241	shard_908_batch_0.tar	158353920	171046	739878912	1867245
14167	118	AF-0000000203663237	shard_908_batch_0.tar	20697600	171087	541213696	1860681
14167	122	AF-0000000203663244	shard_910_batch_0.tar	92403200	171048	2207174656	1873410
14167	215	AF-0000000203663134	shard_1040_batch_0.tar	59054592	242095	3025594368	4092160
14167	422	AF-0000000203663280	shard_246_batch_0.tar	54762496	67665	342827520	288160
14167	1306	AF-0000000210259115	shard_334_batch_0.tar	52725760	97541	805492736	664776
14167	3051	AF-0000000203663226	shard_376_batch_0.tar	12792832	117856	266938368	932997
14167	3191	AF-0000000203663179	shard_270_batch_0.tar	37820416	75469	265734144	374671
14167	3192	AF-0000000203663169	shard_1072_batch_0.tar	149169664	271150	4823757312	4694423
14167	4027	AF-0000000203663138	shard_932_batch_0.tar	147987456	176682	1893262336	2349043
14167	4187	AF-0000000203663164	shard_242_batch_0.tar	24168960	67164	376904704	283789
14167	6132	AF-0000000203663137	shard_434_batch_0.tar	75232768	149948	1666169856	1488252
14167	7226	AF-0000000203663126	shard_908_batch_0.tar	94255616	171169	2207555584	1868905
14167	10210	AF-0000000203663220	shard_350_batch_0.tar	73281536	106187	359892480	716305
14167	11838	AF-0000000203663175	shard_390_batch_0.tar	116899840	123361	315862528	1054000
14167	12406	AF-0000000203663166	shard_246_batch_0.tar	9228800	68296	214859264	292768
14167	12574	AF-0000000203663180	shard_338_batch_0.tar	25197568	100513	845751808	685141
14167	12700	AF-0000000203663128	shard_404_batch_0.tar	78842368	132818	1208821248	1198540
14167	13031	AF-0000000203663223	shard_284_batch_0.tar	78432768	83171	404666880	439395
14167	13139	AF-0000000211807796	shard_232_batch_0.tar	27620352	61938	232500224	240436
14167	13315	AF-0000000203663187	shard_314_batch_0.tar	85320704	93185	716193792	561352
14167	13335	AF-0000000211808194	shard_248_batch_0.tar	59496960	68610	165974016	292710
14167	13777	AF-0000000203663222	shard_930_batch_0.tar	78273536	182344	1194298368	2217226
14167	13987	AF-0000000203663224	shard_924_batch_0.tar	48480256	178229	1889071104	2029750
14167	14746	AF-0000000203663181	shard_310_batch_0.tar	52801536	89831	300603392	535342
14169	6658	AF-0000000211633265	shard_364_batch_0.tar	68184576	112256	808990720	869485
14172	1096	AF-0000000204616656	shard_440_batch_3.tar	123372032	147954	1788139008	1590638
14173	1740	AF-0000000203489278	shard_902_batch_0.tar	120110080	161058	337586688	1697268
14173	3003	AF-0000000203489276	shard_902_batch_0.tar	137543680	160836	1067013120	1696556
14173	6839	AF-0000000203489277	shard_908_batch_0.tar	80628224	163829	1983465984	1777684
14173	12907	AF-0000000203489279	shard_908_batch_0.tar	164399616	164793	2024914432	1774118
14174	25	AF-0000000203908481	shard_356_batch_1.tar	36739072	107365	846236672	784704
14174	3468	AF-0000000203908476	shard_994_batch_1.tar	8472064	209908	980530176	2994212
14174	3804	AF-0000000203908473	shard_1072_batch_1.tar	127528960	275448	2336729088	5403034
14174	14040	AF-0000000203908470	shard_366_batch_1.tar	453120	111759	515611648	824653
14179	7926	AF-0000000203544684	shard_900_batch_0.tar	149248512	161788	1096601600	1829667
14180	6113	AF-0000000211606992	shard_438_batch_4.tar	141649920	150260	355568640	1635626
14180	11122	AF-0000000211751809	shard_430_batch_4.tar	28628480	147853	1736794624	1503296
14180	11795	AF-0000000211765610	shard_380_batch_3.tar	63909376	120042	564996096	1014359
14181	1661	AF-0000000204674371	shard_978_batch_2.tar	57087488	196591	1019606528	2729532
14181	6113	AF-0000000211606993	shard_436_batch_4.tar	36737024	148626	733479936	1619726
14181	9069	AF-0000000204674378	shard_410_batch_4.tar	85344256	136749	710521344	1315563
14181	11122	AF-0000000204674379	shard_428_batch_4.tar	125255680	146345	1429996544	1463257
14181	11795	AF-0000000211765611	shard_376_batch_4.tar	34397696	118915	1000276992	984741
14181	12183	AF-0000000211792369	shard_416_batch_4.tar	56246272	137937	355174400	1365416
14181	14180	AF-0000000211856087	shard_888_batch_2.tar	10761216	162434	858708480	1931744
14182	4230	AF-0000000211014042	shard_366_batch_3.tar	29588480	114168	770147840	859926
14182	7686	AF-0000000211656763	shard_412_batch_3.tar	67917824	135258	1339752960	1221208
14182	8327	AF-0000000211680075	shard_402_batch_3.tar	50971648	127388	727886848	1154577
14182	8630	AF-0000000211690092	shard_422_batch_3.tar	29378048	140721	301014016	1330778
14183	7995	AF-0000000211674645	shard_1018_batch_0.tar	21066752	220377	1514894848	3578073
14184	7562	AF-0000000211653390	shard_892_batch_1.tar	131545088	159978	1165556736	1817249
14188	433	AF-0000000209941030	shard_1116_batch_0.tar	128962048	286650	2757242880	5371867
14188	443	AF-0000000209941309	shard_1018_batch_0.tar	45723136	215157	3886918656	3360956
14188	4213	AF-0000000211010734	shard_408_batch_1.tar	4003328	131977	1377075712	1227823
14188	4753	AF-0000000211069173	shard_384_batch_0.tar	82676224	121207	432236032	997406
14188	5401	AF-0000000211286405	shard_1134_batch_0.tar	100761088	291057	5409563648	5930238
14188	5475	AF-0000000211287149	shard_384_batch_0.tar	61750784	121092	876627456	989519
14188	7158	AF-0000000211641750	shard_924_batch_0.tar	55428608	171488	1204682752	1977657
14188	9142	AF-0000000211692793	shard_446_batch_1.tar	114052608	156180	771111936	1648442
14188	9994	AF-0000000211697100	shard_430_batch_1.tar	101381120	144713	1433792512	1506204
14188	10064	AF-0000000211697517	shard_888_batch_0.tar	70813184	162376	2096758272	1819827
14188	10384	AF-0000000211729736	shard_968_batch_0.tar	159811584	191196	502268416	2504136
14188	10759	AF-0000000211745067	shard_934_batch_0.tar	115531776	178511	2109653504	2271262
14188	12198	AF-0000000211792396	shard_434_batch_1.tar	129482240	145735	1290517504	1527396
14188	12487	AF-0000000211805969	shard_408_batch_1.tar	32273920	133672	406027264	1218250
14188	13778	AF-0000000211808938	shard_904_batch_0.tar	34529280	164824	2119081472	1840856
14188	15126	AF-0000000211856107	shard_892_batch_0.tar	39754240	164215	1614245888	1821296
14188	15402	AF-0000000211856108	shard_444_batch_1.tar	113928704	156303	1807399424	1656573
14196	4813	AF-0000000211085706	shard_928_batch_0.tar	78204928	172096	535275008	2080163
14196	13331	AF-0000000211808181	shard_416_batch_0.tar	54273024	134502	409823232	1269963
14197	7800	AF-0000000203945428	shard_942_batch_1.tar	106966016	179957	1158055936	2391526
14197	9164	AF-0000000203945427	shard_1012_batch_1.tar	142488576	217339	1890010624	3473098
14197	9727	AF-0000000203945424	shard_1016_batch_1.tar	148845568	218451	1945090048	3591932
14197	10670	AF-0000000211744696	shard_996_batch_1.tar	154289664	206149	1369352704	3215996
14199	6408	AF-0000000203477239	shard_1038_batch_0.tar	212963328	234450	3442943488	4037433
14200	3876	AF-0000000204062765	shard_902_batch_1.tar	107158016	165928	595540992	1942307
14200	3877	AF-0000000204062766	shard_924_batch_1.tar	93624320	171199	1033682944	2160406
14200	5562	AF-0000000204062764	shard_896_batch_1.tar	50132992	166470	1328431104	1957769
14208	7568	AF-0000000204725565	shard_980_batch_2.tar	71741952	198536	858843136	2978483
14208	13669	AF-0000000204725574	shard_444_batch_4.tar	116434944	154830	1904810496	1802201
14209	6458	AF-0000000203546382	shard_1158_batch_0.tar	265891840	335275	7320046592	8152399
14211	6832	AF-0000000204625024	shard_1080_batch_2.tar	204382208	283400	2286725632	5718084
14211	7430	AF-0000000204625026	shard_1134_batch_0.tar	256223744	295269	4647350272	6334332
14212	2337	AF-0000000204761037	shard_190_batch_3.tar	10725376	45215	211314176	115785
14212	10129	AF-0000000211697964	shard_296_batch_3.tar	64892928	82713	410351104	466934
14213	15071	AF-0000000211856153	shard_396_batch_0.tar	66571776	124124	352990720	1094831
14214	2599	AF-0000000204632681	shard_430_batch_4.tar	85714432	140548	1725033472	1548678
14214	2776	AF-0000000210721492	shard_434_batch_3.tar	31532032	143816	1223403008	1576331
14214	4266	AF-0000000204632677	shard_344_batch_3.tar	52991488	102682	452861952	763739
14215	2151	AF-0000000210501085	shard_950_batch_0.tar	79555072	184638	1896785920	2610976
14215	4172	AF-0000000203635728	shard_948_batch_0.tar	3861504	184255	380318720	2594082
14215	4207	AF-0000000203635746	shard_946_batch_0.tar	7335936	183669	969067008	2555591
14215	4587	AF-0000000203635726	shard_948_batch_0.tar	177322496	184270	1309656064	2591024
14215	5285	AF-0000000203635731	shard_952_batch_0.tar	161094144	185909	418667008	2648217
14215	6344	AF-0000000203635743	shard_1038_batch_0.tar	98534912	235350	1431175168	4157402
14215	7420	AF-0000000203635730	shard_946_batch_0.tar	154486784	182688	1774886400	2570422
14215	9194	AF-0000000203635727	shard_948_batch_0.tar	81292288	184273	1615987712	2586829
14215	10118	AF-0000000203635741	shard_1168_batch_0.tar	231438848	350364	2906891264	9147322
14215	12409	AF-0000000211805709	shard_978_batch_0.tar	157882368	197756	1385500160	2979891
14215	13043	AF-0000000211807568	shard_962_batch_0.tar	111021056	190196	1298004992	2783981
14215	14599	AF-0000000211856157	shard_1124_batch_0.tar	1170432	291809	3371218944	6624651
14215	14743	AF-0000000203635745	shard_1126_batch_0.tar	232084480	291896	856426496	6619804
14215	15182	AF-0000000211856158	shard_1048_batch_0.tar	103287296	243754	2393041408	4570714
14216	4379	AF-0000000204030894	shard_428_batch_2.tar	70552064	142405	1534254080	1445832
14217	9654	AF-0000000211695408	shard_1016_batch_1.tar	34140160	212570	2811741696	3401306
14218	334	AF-0000000209939468	shard_968_batch_0.tar	7711232	191653	2796413440	2736423
14218	848	AF-0000000210199015	shard_976_batch_0.tar	89969664	196496	2149796352	2752410
14218	5091	AF-0000000211134147	shard_996_batch_0.tar	112857600	207887	1037370368	3009866
14218	5403	AF-0000000211286446	shard_952_batch_0.tar	9672704	186814	2693312000	2486004
14218	6955	AF-0000000203582668	shard_414_batch_0.tar	85643776	135861	472268800	1318226
14218	7590	AF-0000000203582718	shard_1008_batch_0.tar	168899072	215619	1822145024	3287909
14218	8037	AF-0000000203582664	shard_988_batch_0.tar	81993216	206309	1125285376	3027480
14218	8556	AF-0000000203582700	shard_944_batch_0.tar	176528384	183239	1552442368	2389360
14218	8625	AF-0000000203582672	shard_416_batch_0.tar	54816768	136176	1055040000	1355218
14218	8763	AF-0000000203582651	shard_446_batch_0.tar	65190912	154794	613223936	1703554
14218	9364	AF-0000000211694007	shard_1060_batch_0.tar	152121856	257819	4469293056	4770281
14218	9382	AF-0000000211694189	shard_960_batch_0.tar	153135616	188148	1033387520	2562753
14218	9403	AF-0000000203582667	shard_414_batch_0.tar	32939008	137232	797944320	1293846
14218	9758	AF-0000000203582692	shard_930_batch_0.tar	83752960	175733	978952192	2241458
14218	9790	AF-0000000203582691	shard_978_batch_0.tar	99102208	199195	1797180928	2843019
14218	10189	AF-0000000203582701	shard_976_batch_0.tar	37674496	197723	1331512320	2762757
14218	10795	AF-0000000203582670	shard_422_batch_0.tar	17259520	139372	1003207168	1408317
14218	11694	AF-0000000203582652	shard_934_batch_0.tar	7851008	176749	2226813952	2255342
14218	11695	AF-0000000203582663	shard_440_batch_0.tar	23169536	149717	926245376	1618285
14218	11982	AF-0000000211791492	shard_990_batch_0.tar	26688512	205726	590522880	2990599
14218	12381	AF-0000000203582669	shard_414_batch_0.tar	78561792	135711	1201683456	1286270
14218	12395	AF-0000000211805642	shard_446_batch_0.tar	112867328	155052	1258396160	1707707
14218	13366	AF-0000000203582653	shard_882_batch_0.tar	147717632	152336	1034511872	1644289
14218	14461	AF-0000000203582677	shard_1022_batch_0.tar	149584896	229177	1807847936	3579260
14218	15438	AF-0000000203582695	shard_986_batch_0.tar	6471168	202443	1223590912	2962433
14220	3803	AF-0000000204100615	shard_894_batch_1.tar	126659072	156813	1591625728	1806802
14222	5033	AF-0000000211111341	shard_418_batch_2.tar	5107712	139005	1464308224	1283778
14223	8583	AF-0000000211689822	shard_1000_batch_0.tar	143528960	209243	774445056	3271837
14225	24	AF-0000000208981282	shard_190_batch_3.tar	5296128	45347	187847680	125819
14225	2518	AF-0000000204855906	shard_437_batch_0.tar	94667264	149323	1195245568	1500825
14225	4308	AF-0000000204855905	shard_220_batch_3.tar	17738240	58639	174572032	215302
14225	4309	AF-0000000204855904	shard_210_batch_3.tar	51659776	54137	219948032	183594
14227	8473	AF-0000000204579946	shard_260_batch_3.tar	68003328	74888	232617984	347499
14227	8947	AF-0000000204579947	shard_350_batch_3.tar	54237184	108971	672681984	756716
14227	12354	AF-0000000204579930	shard_236_batch_3.tar	38332928	65534	206146048	265380
14227	13983	AF-0000000211809296	shard_340_batch_3.tar	28577280	105061	387559424	708743
14228	1402	AF-0000000203586557	shard_300_batch_0.tar	62816256	86740	396980224	507077
14228	3568	AF-0000000203586561	shard_300_batch_0.tar	780800	86822	172496384	521706
14228	3771	AF-0000000203586560	shard_290_batch_0.tar	42689024	83875	238045696	462015
14228	8517	AF-0000000203586565	shard_288_batch_0.tar	24951296	82694	183873024	469049
14228	15063	AF-0000000203586562	shard_296_batch_0.tar	29201408	85075	265499136	497337
14228	15164	AF-0000000203586563	shard_290_batch_0.tar	5099008	83235	482446848	471852
14229	12475	AF-0000000204065562	shard_350_batch_1.tar	93159424	103210	718298624	766873
14231	12744	AF-0000000211806685	shard_324_batch_4.tar	88246272	92697	280567296	607602
14233	6903	AF-0000000211635975	shard_358_batch_1.tar	24835584	108943	351441408	840669
14233	10515	AF-0000000211730456	shard_372_batch_1.tar	48629760	114800	441228288	957853
14233	10565	AF-0000000211738455	shard_918_batch_0.tar	42403840	171841	1869056512	2014392
14233	14212	AF-0000000211856145	shard_352_batch_1.tar	12991488	107052	501513728	800904
14235	879	AF-0000000203788318	shard_392_batch_1.tar	27362816	124303	1132477952	1104092
14235	3164	AF-0000000203788304	shard_438_batch_1.tar	135550976	148579	980376064	1557237
14235	4290	AF-0000000203788303	shard_438_batch_1.tar	112777216	148956	540028416	1614001
14235	6452	AF-0000000203788300	shard_1002_batch_0.tar	49109504	206897	3437874688	3030535
14235	6529	AF-0000000203788301	shard_996_batch_0.tar	33746432	205523	2939809280	2933829
14235	13331	AF-0000000211808182	shard_380_batch_1.tar	18703360	118498	531395072	982277
14237	14992	AF-0000000211856182	shard_236_batch_0.tar	52105216	63842	121606144	251860
14238	3178	AF-0000000204745431	shard_450_batch_4.tar	65337344	158086	773300736	1850305
14240	11314	AF-0000000211763690	shard_1170_batch_0.tar	91950080	350316	2443696640	9642809
14242	2485	AF-0000000210617590	shard_898_batch_0.tar	154459136	165336	2116926464	1969030
14242	2965	AF-0000000203706313	shard_938_batch_0.tar	130004992	181437	1835527680	2438565
14242	6362	AF-0000000203706311	shard_946_batch_0.tar	148229632	180757	2574858240	2327457
14243	255	AF-0000000204636128	shard_1126_batch_0.tar	110967296	288306	569695744	5739273
14243	3547	AF-0000000204636120	shard_1004_batch_2.tar	75834880	217550	1276616192	3271516
14243	4474	AF-0000000204636123	shard_434_batch_3.tar	43460096	147533	435686400	1541796
14243	4687	AF-0000000204636125	shard_434_batch_3.tar	45227520	147690	799528960	1588736
14243	6819	AF-0000000204636118	shard_900_batch_2.tar	68711936	164407	488143872	1960156
14243	6924	AF-0000000211636189	shard_434_batch_3.tar	84885504	147995	1796544512	1594496
14243	8035	AF-0000000211674854	shard_1024_batch_2.tar	4741120	224091	762407936	3764228
14243	12665	AF-0000000204636127	shard_958_batch_2.tar	71915008	191083	599363584	2564298
14244	927	AF-0000000204237747	shard_984_batch_1.tar	18132992	200835	2189497856	3010551
14244	4899	AF-0000000204237740	shard_920_batch_1.tar	164525056	170844	927091200	2101796
14244	5837	AF-0000000211290259	shard_440_batch_3.tar	16892416	148192	495998976	1621568
14244	6848	AF-0000000204237743	shard_422_batch_3.tar	16752640	142594	774256128	1363574
14244	7374	AF-0000000204237746	shard_434_batch_3.tar	142730240	148035	1203844096	1525747
14244	7613	AF-0000000204237739	shard_440_batch_3.tar	103295488	151775	1740344832	1615520
14244	13233	AF-0000000204237738	shard_948_batch_1.tar	31118336	184861	2273718272	2378254
14245	412	AF-0000000209940543	shard_274_batch_0.tar	42763776	76720	380574720	380620
14245	4213	AF-0000000203746983	shard_268_batch_0.tar	61240832	73591	509462528	357246
14245	5563	AF-0000000203746939	shard_178_batch_0.tar	34830848	37504	112135168	76446
14245	15282	AF-0000000203746954	shard_212_batch_0.tar	36144128	55284	227965440	191291
14246	48	AF-0000000209343035	shard_1108_batch_0.tar	244859904	280099	839644160	5242598
14246	864	AF-0000000210202829	shard_1108_batch_0.tar	4221952	279983	5660646912	5241372
14246	1719	AF-0000000210430355	shard_1128_batch_0.tar	165822976	293911	1117561344	5715986
14246	4635	AF-0000000211067578	shard_1110_batch_0.tar	149256192	279432	4293991936	5232567
14246	11347	AF-0000000211763770	shard_1108_batch_0.tar	152427520	279516	3253523968	5222326
14248	2359	AF-0000000204148772	shard_390_batch_2.tar	97415168	121585	494115840	976340
14254	2073	AF-0000000205104593	shard_316_batch_4.tar	91419648	92688	640429056	564641
14254	3581	AF-0000000205104594	shard_354_batch_4.tar	7062528	106254	746391552	787140
14254	6356	AF-0000000211630034	shard_1065_batch_0.tar	111707648	263274	2610540544	4626753
14257	3174	AF-0000000203536342	shard_290_batch_0.tar	46431232	84986	397947904	439488
14258	14508	AF-0000000203559080	shard_368_batch_0.tar	53867008	115937	790580224	866645
14259	2054	AF-0000000210499137	shard_438_batch_4.tar	121004032	150039	458872320	1491537
14259	4889	AF-0000000211095188	shard_1030_batch_2.tar	113718272	225052	2055300608	3282501
14259	7732	AF-0000000211658860	shard_1024_batch_2.tar	92144128	222578	722724352	3322088
14259	8848	AF-0000000211691093	shard_1078_batch_2.tar	91535872	283879	1457207808	4824125
14260	4381	AF-0000000211045431	shard_900_batch_1.tar	36678144	164358	560904192	1862740
14261	4711	AF-0000000203780685	shard_1124_batch_0.tar	117511168	292816	4753510400	6211920
14261	5847	AF-0000000211290458	shard_1096_batch_0.tar	103156224	318963	2272983552	6994557
14261	7272	AF-0000000211645225	shard_1076_batch_0.tar	63015936	275341	1343700480	5488555
14261	8191	AF-0000000211679181	shard_1176_batch_0.tar	378368	387060	8873393664	10242918
14261	11465	AF-0000000211764197	shard_1074_batch_0.tar	51538432	274006	2231595520	5337992
14263	267	AF-0000000204854264	shard_308_batch_4.tar	24889344	88909	638435328	543873
14263	6036	AF-0000000211582413	shard_418_batch_4.tar	70653952	138142	696359424	1266119
14263	11719	AF-0000000204854271	shard_1015_batch_0.tar	129301504	221528	1999387136	3349850
14263	12717	AF-0000000204854265	shard_437_batch_0.tar	37773312	150092	971951104	1605492
14265	2920	AF-0000000210751138	shard_1042_batch_0.tar	83635200	234836	2339409920	4414222
14266	234	AF-0000000209938091	shard_1006_batch_0.tar	77993472	211842	2761671680	3182938
14266	922	AF-0000000203596221	shard_1148_batch_0.tar	287502848	316474	2441361920	7340801
14266	1376	AF-0000000203596209	shard_386_batch_0.tar	110574592	119528	655717888	975232
14266	1453	AF-0000000203596188	shard_1054_batch_0.tar	46400000	250918	3551342080	4327494
14266	1885	AF-0000000210455102	shard_916_batch_0.tar	135749632	168098	2229229056	2027964
14266	1904	AF-0000000203596183	shard_420_batch_0.tar	53767680	138548	1583876608	1372543
14266	2864	AF-0000000203596237	shard_422_batch_0.tar	94363136	137161	282747904	1357686
14266	3016	AF-0000000203596195	shard_442_batch_0.tar	130506752	150728	1796944896	1633436
14266	3185	AF-0000000203596196	shard_434_batch_0.tar	41290752	146713	1598632960	1532670
14266	3222	AF-0000000203596260	shard_1054_batch_0.tar	220704768	249190	3643819520	4622462
14266	3792	AF-0000000203596194	shard_440_batch_0.tar	13320192	149905	294471168	1611881
14266	4632	AF-0000000203596225	shard_1020_batch_0.tar	672256	223120	669437440	3581483
14266	5014	AF-0000000203596236	shard_938_batch_0.tar	38816256	179406	416999936	2391764
14266	6656	AF-0000000203596193	shard_440_batch_0.tar	43556352	150321	652581888	1602122
14266	7489	AF-0000000203596226	shard_1054_batch_0.tar	84700672	248533	1638885376	4273119
14266	8089	AF-0000000203596217	shard_440_batch_0.tar	33722880	149230	1248909312	1583284
14266	8512	AF-0000000211681221	shard_1138_batch_0.tar	194711552	305051	2826069504	6028745
14266	8727	AF-0000000211690584	shard_934_batch_0.tar	78104064	178859	1408381952	2321003
14266	9890	AF-0000000203596216	shard_950_batch_0.tar	181834240	183080	610616320	2288244
14266	10277	AF-0000000203596218	shard_432_batch_0.tar	57098752	146012	1669628416	1477401
14266	12251	AF-0000000203596235	shard_422_batch_0.tar	77676032	139085	1607092736	1351980
14266	12490	AF-0000000211805987	shard_374_batch_0.tar	11282432	113866	728388096	893165
14266	12775	AF-0000000211806734	shard_902_batch_0.tar	71510528	165482	584250880	1850054
14266	13368	AF-0000000203596231	shard_378_batch_0.tar	91886592	118064	407903232	965742
14266	13929	AF-0000000211809210	shard_408_batch_0.tar	104182784	131103	987501056	1228771
14266	14985	AF-0000000211856231	shard_976_batch_0.tar	139499520	198781	607535104	2577072
14266	15107	AF-0000000203596189	shard_414_batch_0.tar	8308736	135877	534614016	1264303
14266	15241	AF-0000000211856232	shard_442_batch_0.tar	29144064	150436	1769413632	1653253
14266	15282	AF-0000000203596230	shard_376_batch_0.tar	29349888	116877	1155168768	968753
14266	15324	AF-0000000203596187	shard_1054_batch_0.tar	142949376	249663	1528321536	4344726
14269	85	AF-0000000209591473	shard_392_batch_3.tar	9240576	126988	777216512	1105821
14271	8837	AF-0000000204669896	shard_252_batch_3.tar	56436224	69246	313235456	323693
14271	12074	AF-0000000211791889	shard_294_batch_3.tar	53385216	83536	614426112	457578
14272	2231	AF-0000000203632217	shard_424_batch_0.tar	29926400	141411	1404512768	1433914
14273	72	AF-0000000204819841	shard_344_batch_4.tar	97167872	103544	403387904	751963
14273	3586	AF-0000000204819792	shard_330_batch_4.tar	77760000	97025	581442048	651179
14273	3926	AF-0000000210987130	shard_440_batch_4.tar	56486400	149054	1754034176	1572768
14273	4295	AF-0000000204819793	shard_312_batch_4.tar	75693056	90535	683885056	545358
14273	6044	AF-0000000211587358	shard_1013_batch_0.tar	143688704	219872	3047170048	3489801
14273	7615	AF-0000000204819750	shard_896_batch_2.tar	73772544	163327	454654464	1962381
14273	7946	AF-0000000204819821	shard_398_batch_4.tar	36555264	128783	1134606848	1163071
14273	8516	AF-0000000204819757	shard_938_batch_2.tar	59437568	181937	417555968	2246736
14273	8596	AF-0000000204819769	shard_352_batch_4.tar	24175104	107681	503205376	788927
14273	11609	AF-0000000204819824	shard_952_batch_2.tar	82918912	184336	1109506048	2392517
14273	12629	AF-0000000204819762	shard_328_batch_4.tar	62958080	96782	370578944	624293
14273	13000	AF-0000000204819761	shard_318_batch_4.tar	66366976	92535	601979904	573367
14273	15091	AF-0000000204819766	shard_961_batch_0.tar	35457024	190642	999299584	2614446
14274	1632	AF-0000000210428611	shard_440_batch_0.tar	11046400	147554	878808576	1592262
14274	4486	AF-0000000211048990	shard_420_batch_0.tar	52651008	137536	1144053760	1340162
14274	4927	AF-0000000211100260	shard_950_batch_0.tar	110259200	184383	2219494400	2353929
14274	5148	AF-0000000211161606	shard_1096_batch_0.tar	214914048	315647	2836647424	6851113
14274	5683	AF-0000000211289122	shard_430_batch_0.tar	31578112	144141	637039616	1435165
14274	7012	AF-0000000211638247	shard_420_batch_0.tar	17084416	138612	489242112	1330936
14275	1464	AF-0000000203824105	shard_404_batch_1.tar	111358976	130235	680705024	1236968
14275	4323	AF-0000000211032770	shard_404_batch_1.tar	39298048	130685	621162496	1243552
14275	4734	AF-0000000211068922	shard_1060_batch_0.tar	99294208	253315	676909056	4621998
14275	5808	AF-0000000211290049	shard_1060_batch_0.tar	86989312	251086	3917107200	4637128
14275	8436	AF-0000000203824106	shard_402_batch_1.tar	68556288	129233	689449984	1220433
14275	9405	AF-0000000211694347	shard_414_batch_1.tar	50633728	134435	379890688	1208953
14275	14559	AF-0000000211856247	shard_1068_batch_0.tar	78714880	254624	3023272448	4549742
14275	14571	AF-0000000211856248	shard_404_batch_1.tar	9797632	130267	721336320	1239130
14277	3311	AF-0000000204272949	shard_356_batch_2.tar	16094208	110034	816749568	793743
14279	11021	AF-0000000204731560	shard_342_batch_4.tar	68800512	101259	221802496	693651
14281	3135	AF-0000000204078029	shard_316_batch_1.tar	5473792	92719	480815104	587125
14281	3780	AF-0000000204078030	shard_344_batch_1.tar	86976000	102604	214188032	739916
14281	7857	AF-0000000204078031	shard_310_batch_1.tar	36999168	89682	607751168	551444
14282	6245	AF-0000000211622213	shard_396_batch_3.tar	99780608	126630	442939904	1112755
14282	8263	AF-0000000211679711	shard_932_batch_2.tar	71788032	175539	307000320	2036292
14282	8924	AF-0000000211691467	shard_962_batch_2.tar	91735040	189216	561053696	2427254
14282	13308	AF-0000000211808116	shard_1014_batch_2.tar	90053632	217813	1504866304	3198996
14283	11754	AF-0000000211765301	shard_914_batch_1.tar	135217152	171263	1371138048	2051687
14285	2054	AF-0000000210499138	shard_1030_batch_2.tar	73610752	224624	1135992832	3546903
14289	8947	AF-0000000204070438	shard_940_batch_1.tar	176755712	181372	1224466432	2434603
14289	12459	AF-0000000204070433	shard_410_batch_2.tar	37124608	133799	1389300736	1303240
14289	13016	AF-0000000204070436	shard_426_batch_2.tar	104327168	142053	1024455680	1474252
14289	14269	AF-0000000204070423	shard_896_batch_1.tar	156457984	163677	2114852352	1895563
14290	6141	AF-0000000211617942	shard_208_batch_2.tar	8641536	53644	157706752	168112
14290	7065	AF-0000000204431810	shard_208_batch_2.tar	5187072	53419	149618176	168889
14293	179	AF-0000000204356727	shard_286_batch_2.tar	11683328	83629	373739520	437108
14293	414	AF-0000000204356642	shard_332_batch_2.tar	52087808	98935	814766080	698241
14293	757	AF-0000000204356740	shard_174_batch_1.tar	8850944	34481	93116416	64450
14293	1878	AF-0000000204356671	shard_174_batch_1.tar	19815424	35645	81199104	61736
14293	3374	AF-0000000204356658	shard_186_batch_1.tar	17537024	42676	89111040	110224
14293	4295	AF-0000000204356669	shard_176_batch_1.tar	26205696	35704	70204416	69056
14293	4375	AF-0000000204356664	shard_178_batch_1.tar	22998528	38307	100249600	80639
14293	7785	AF-0000000204527121	shard_172_batch_1.tar	11848192	31046	56010240	49142
14293	10518	AF-0000000204356630	shard_254_batch_2.tar	51639296	71185	148640256	320685
14294	10744	AF-0000000203506052	shard_332_batch_0.tar	96989696	95248	192324608	650121
14295	2943	AF-0000000210756711	shard_412_batch_2.tar	20921856	135623	910091776	1304265
14295	3103	AF-0000000210793069	shard_410_batch_2.tar	115573760	134519	693724160	1295461
14296	4548	AF-0000000203954997	shard_388_batch_1.tar	8591872	121110	1011165184	1017280
14298	3056	AF-0000000204693497	shard_908_batch_2.tar	11104768	168870	615731712	1983620
14298	9967	AF-0000000204693496	shard_454_batch_4.tar	38587392	162584	859817984	1829472
14300	1545	AF-0000000210426805	shard_982_batch_1.tar	36713984	196943	644406784	2822680
14300	1679	AF-0000000204158325	shard_958_batch_1.tar	164761600	185606	2122178048	2592549
14300	3806	AF-0000000204158324	shard_1120_batch_0.tar	75334144	286407	2109015552	6291518
14300	11741	AF-0000000204158339	shard_1144_batch_0.tar	64440320	305264	2700798976	6627633
14300	13906	AF-0000000204158326	shard_956_batch_1.tar	20905472	183866	2087709184	2477397
14301	1526	AF-0000000210426483	shard_978_batch_0.tar	50641408	202789	2984216576	2821429
14301	2747	AF-0000000210715027	shard_910_batch_0.tar	10458112	167875	1207892480	2019826
14301	2911	AF-0000000210750456	shard_910_batch_0.tar	104203776	168112	1728365568	2026507
14301	6781	AF-0000000211634461	shard_900_batch_0.tar	122860032	163023	1741784064	1933230
14302	12977	AF-0000000204610090	shard_912_batch_2.tar	81832960	163748	360253440	1895233
14302	14079	AF-0000000204610089	shard_912_batch_2.tar	83703808	163638	903418368	1910861
14303	13674	AF-0000000203578142	shard_898_batch_0.tar	18199040	163398	1646521344	1885442
14304	8944	AF-0000000211691655	shard_260_batch_0.tar	19972096	72964	447848448	328583
14304	12304	AF-0000000203626886	shard_228_batch_0.tar	60847104	60223	122776576	226263
14305	2168	AF-0000000210501505	shard_1002_batch_1.tar	150183936	209505	2864398848	3101408
14305	2283	AF-0000000210544867	shard_904_batch_1.tar	108382208	163364	1255771648	1867850
14305	9509	AF-0000000211694785	shard_1054_batch_1.tar	36226560	249219	4800679424	4360122
14308	2545	AF-0000000203519003	shard_294_batch_0.tar	30556672	83029	353511936	437426
14308	2731	AF-0000000210712809	shard_414_batch_0.tar	101304832	130323	591225856	1168830
14308	6410	AF-0000000211630716	shard_420_batch_0.tar	19043328	135687	828218368	1222147
14308	6621	AF-0000000211632878	shard_430_batch_0.tar	53218816	141182	1037621248	1334313
14312	4270	AF-0000000204249127	shard_346_batch_2.tar	9846784	103722	869523968	761832
14312	6981	AF-0000000211637959	shard_950_batch_1.tar	78709248	185126	440148480	2379337
14313	3876	AF-0000000204139502	shard_392_batch_2.tar	15862272	122395	1075229696	1033933
14313	5842	AF-0000000204139496	shard_962_batch_1.tar	114749952	193675	2453602304	2572419
14313	6362	AF-0000000204139504	shard_902_batch_1.tar	70369280	163404	1358643712	1866010
14313	8380	AF-0000000204139498	shard_344_batch_2.tar	39685632	102696	243400704	695743
14313	12201	AF-0000000211792420	shard_988_batch_1.tar	64310784	205648	1857978368	2900555
14315	13791	AF-0000000203646726	shard_312_batch_0.tar	16165376	91187	252150784	543576
14318	3416	AF-0000000210889481	shard_342_batch_2.tar	8564736	100672	598665216	731407
14318	4136	AF-0000000210998848	shard_302_batch_1.tar	43740672	85942	352616448	451797
14318	4361	AF-0000000211036362	shard_302_batch_1.tar	55821824	85924	602691072	453427
14318	4889	AF-0000000211095189	shard_444_batch_3.tar	43245056	147619	1447807488	1544545
14318	4951	AF-0000000211102808	shard_1062_batch_1.tar	101809152	256372	729192960	4403559
14318	5148	AF-0000000211161607	shard_1066_batch_1.tar	227043328	257314	5241924096	4529514
14318	5673	AF-0000000211288943	shard_996_batch_1.tar	119506432	203329	883504128	2869869
14318	6450	AF-0000000211631061	shard_224_batch_0.tar	16035328	57971	134477824	220475
14318	8742	AF-0000000211690636	shard_352_batch_2.tar	93896192	103523	296207360	742274
14318	9275	AF-0000000211693659	shard_438_batch_3.tar	83094016	145170	1050859008	1541765
14318	9844	AF-0000000211696308	shard_924_batch_1.tar	151287808	167191	2215197184	1942040
14318	12198	AF-0000000211792397	shard_324_batch_2.tar	91947008	93482	455788032	568973
14318	14872	AF-0000000211856285	shard_276_batch_1.tar	26473984	75932	186106880	407898
14319	2980	AF-0000000203585035	shard_982_batch_0.tar	32048640	199721	2072579072	2890949
14319	2981	AF-0000000210763904	shard_974_batch_0.tar	27890176	196614	839462912	2765558
14319	8642	AF-0000000203585022	shard_946_batch_0.tar	182927360	182817	583730688	2414054
14319	14916	AF-0000000211856287	shard_980_batch_0.tar	69152768	197060	3080242176	2866102
14319	15434	AF-0000000203585037	shard_980_batch_0.tar	115004928	200197	1920438784	2863758
14319	15435	AF-0000000203585036	shard_976_batch_0.tar	134355456	199052	1282041856	2790298
14320	9043	AF-0000000203584863	shard_992_batch_0.tar	138215936	206550	2011347456	3086541
14323	48	AF-0000000209343036	shard_348_batch_0.tar	17406976	105091	637871104	779020
14323	864	AF-0000000210202830	shard_348_batch_0.tar	10461184	105197	840731136	781056
14323	11086	AF-0000000211751684	shard_354_batch_0.tar	49582592	107717	840527872	813481
14323	11243	AF-0000000211752087	shard_422_batch_0.tar	131122688	138566	1635716608	1388102
14323	15308	AF-0000000211856299	shard_354_batch_0.tar	63292416	107904	365394432	823538
14324	10477	AF-0000000211730272	shard_428_batch_2.tar	31194624	143538	295452672	1511073
14324	15303	AF-0000000211856303	shard_888_batch_1.tar	9490944	162749	591041024	1947739
14325	24	AF-0000000204767086	shard_274_batch_3.tar	53470720	76451	288785408	393370
14325	2518	AF-0000000204767084	shard_938_batch_2.tar	60887552	179278	726716928	2249025
14325	4210	AF-0000000204767082	shard_282_batch_3.tar	22054400	79461	374448128	420104
14328	6356	AF-0000000211630037	shard_1162_batch_0.tar	38847488	337363	6534179328	7832562
14328	7451	AF-0000000203684045	shard_1090_batch_0.tar	145030656	302426	5778454528	6674001
14330	8382	AF-0000000203908499	shard_394_batch_1.tar	71424512	124351	498435072	1038523
14331	4384	AF-0000000204706769	shard_434_batch_4.tar	110941184	146066	1752329728	1438557
14331	7913	AF-0000000204706765	shard_434_batch_4.tar	71990784	146419	1348672512	1431050
14331	12685	AF-0000000204706766	shard_434_batch_4.tar	140979712	146399	1566590976	1434386
14331	13318	AF-0000000204706768	shard_434_batch_4.tar	91808768	145988	422945280	1429212
14331	13992	AF-0000000204706767	shard_436_batch_4.tar	95566848	146606	919011840	1451713
14333	6356	AF-0000000211630038	shard_1056_batch_1.tar	62966272	253427	4609526272	4327217
14335	851	AF-0000000203627447	shard_1096_batch_0.tar	269051392	322921	5947538432	7154190
14335	14334	AF-0000000203627446	shard_1006_batch_0.tar	55275520	218396	777324544	3366634
14336	3082	AF-0000000204202533	shard_372_batch_2.tar	67094016	117332	888349696	978128
14336	7218	AF-0000000204202518	shard_1034_batch_1.tar	84871168	226934	1338847744	3661371
14336	7779	AF-0000000204202581	shard_290_batch_1.tar	17544704	84070	607689728	473229
14336	7787	AF-0000000204202532	shard_258_batch_1.tar	35863552	72695	143346688	339653
14336	10424	AF-0000000204202563	shard_314_batch_2.tar	79107584	93308	635112960	587957
14336	12240	AF-0000000204202585	shard_382_batch_2.tar	111719424	120397	340519424	1027955
14336	12247	AF-0000000204202539	shard_352_batch_2.tar	39101440	107612	310286848	803872
14336	12248	AF-0000000204202538	shard_348_batch_2.tar	80841216	104903	254382592	791391
14336	12382	AF-0000000204202550	shard_298_batch_1.tar	81434112	87428	495699456	525980
14336	12971	AF-0000000204202513	shard_308_batch_2.tar	36240384	90984	545143808	571666
14336	13793	AF-0000000204202479	shard_292_batch_1.tar	73420800	84818	222752768	481748
14336	14098	AF-0000000211809424	shard_318_batch_2.tar	58271232	93466	430798848	575547
14336	14459	AF-0000000204202486	shard_426_batch_3.tar	138078208	138939	1108545536	1362550
14338	4623	AF-0000000211067513	shard_1064_batch_1.tar	150849536	264275	3425419264	5016628
14338	5088	AF-0000000211134090	shard_1062_batch_1.tar	114931712	258316	2919836672	4826555
14338	9995	AF-0000000211697120	shard_1086_batch_1.tar	179235328	300064	1669250560	6120298
14343	959	AF-0000000203937409	shard_1054_batch_1.tar	25715200	244790	2637307904	4067910
14343	7704	AF-0000000203937408	shard_926_batch_1.tar	60656128	171355	1065726464	2081958
14343	8331	AF-0000000211680104	shard_1132_batch_0.tar	20808704	290835	2297761280	5791332
14343	11417	AF-0000000203937400	shard_1056_batch_1.tar	134968832	244615	1542924288	4189032
14346	640	AF-0000000205105204	shard_421_batch_0.tar	68602368	138212	697046528	1333160
14346	1243	AF-0000000205105201	shard_407_batch_0.tar	114926592	130351	1368450560	1177778
14346	1372	AF-0000000205105195	shard_419_batch_0.tar	91705344	137808	1446061568	1299214
14346	1534	AF-0000000205105196	shard_439_batch_0.tar	101813248	147730	1282456064	1535148
14346	2058	AF-0000000210499212	shard_437_batch_0.tar	82778112	144888	1118802944	1503652
14346	2226	AF-0000000205105203	shard_443_batch_0.tar	139261952	151082	1757713920	1645924
14346	3800	AF-0000000205105194	shard_447_batch_0.tar	46666752	154575	1110991360	1727645
14346	4602	AF-0000000205105192	shard_425_batch_0.tar	91753472	141673	1611693568	1464432
14346	4679	AF-0000000211068064	shard_443_batch_0.tar	90980352	150599	1736608768	1598587
14346	5282	AF-0000000205105199	shard_437_batch_0.tar	119227904	147025	1646102528	1509396
14346	5304	AF-0000000205105197	shard_413_batch_0.tar	125827584	132374	839045120	1231118
14346	7698	AF-0000000205105202	shard_435_batch_0.tar	57639424	146568	1581370368	1500638
14346	7829	AF-0000000205105205	shard_881_batch_0.tar	12411904	149783	1287768576	1638219
14346	9277	AF-0000000211693668	shard_913_batch_0.tar	149159936	167715	405779968	1946761
14346	10706	AF-0000000205105200	shard_437_batch_0.tar	17993728	147387	327757824	1557466
14346	15424	AF-0000000205105198	shard_410_batch_4.tar	35706368	130413	1154192384	1221405
14348	4141	AF-0000000210999571	shard_322_batch_1.tar	28720640	93783	604856832	620094
14348	5350	AF-0000000211285771	shard_1024_batch_1.tar	27584512	225204	2848958464	3770740
14348	5362	AF-0000000211286069	shard_330_batch_2.tar	74371072	97016	611766272	664669
14348	6820	AF-0000000211634751	shard_450_batch_2.tar	120188928	158914	1792718848	1801431
14348	14349	AF-0000000211856329	shard_392_batch_2.tar	45913088	123400	453564416	1127922
14348	14422	AF-0000000211856330	shard_916_batch_1.tar	47996928	171880	971009024	2081744
14348	15245	AF-0000000211856331	shard_380_batch_2.tar	83676672	116658	931229184	1023254
14349	5350	AF-0000000204121685	shard_1026_batch_1.tar	174581760	227093	557448192	3816510
14349	6820	AF-0000000204121684	shard_452_batch_2.tar	146951680	161001	1401558528	1866034
14349	12649	AF-0000000211806426	shard_1060_batch_1.tar	201350144	252701	5076848640	4396962
14349	14422	AF-0000000204121687	shard_920_batch_1.tar	30364160	173927	1191884800	2157667
14351	3870	AF-0000000204007660	shard_1064_batch_1.tar	210907648	258870	1601332224	5044155
14351	5456	AF-0000000211286990	shard_1132_batch_0.tar	72660480	292111	1149441536	6014234
14351	6299	AF-0000000204007650	shard_1144_batch_0.tar	69123072	309046	3116871680	6792481
14351	7211	AF-0000000211642749	shard_1116_batch_0.tar	133273088	282607	2490190848	5840022
14351	8244	AF-0000000211679650	shard_1170_batch_0.tar	296765952	353984	4601084416	9327523
14351	14714	AF-0000000204007649	shard_1062_batch_1.tar	192920576	254000	3894857216	4511286
14352	2984	AF-0000000203883624	shard_240_batch_0.tar	54275584	65072	374864384	279752
14352	3329	AF-0000000203883630	shard_238_batch_0.tar	11785216	63022	308354048	261173
14352	6111	AF-0000000203883629	shard_234_batch_0.tar	52090368	61574	323745280	259296
14352	12311	AF-0000000211792967	shard_242_batch_0.tar	30161408	65509	249733120	290305
14352	14724	AF-0000000203883628	shard_230_batch_0.tar	25867776	60966	305008128	250600
14353	1728	AF-0000000210430515	shard_966_batch_1.tar	148901888	189364	923416064	2490106
14353	1867	AF-0000000204133621	shard_1004_batch_1.tar	46679552	210053	2669956608	2978223
14353	3918	AF-0000000210982362	shard_934_batch_1.tar	72867328	178651	1929848320	2171294
14353	3922	AF-0000000210983831	shard_928_batch_1.tar	125439488	176236	803318784	2092662
14353	3923	AF-0000000210983839	shard_932_batch_1.tar	4782592	178547	2380146176	2156171
14353	6674	AF-0000000204133620	shard_986_batch_1.tar	85992448	198887	1409486848	2771706
14354	1551	AF-0000000203937366	shard_968_batch_1.tar	64933376	190751	1274755584	2745922
14354	3348	AF-0000000203937362	shard_944_batch_1.tar	51973120	182055	1681021952	2466417
14354	3799	AF-0000000203937358	shard_944_batch_1.tar	76394496	181836	2076168704	2472601
14354	3800	AF-0000000203937363	shard_950_batch_1.tar	106473984	183421	2483064832	2542752
14354	7704	AF-0000000203937392	shard_418_batch_1.tar	41786368	136427	839355392	1363419
14354	10185	AF-0000000203937359	shard_946_batch_1.tar	112863744	180898	2507489280	2486061
14354	10465	AF-0000000203937364	shard_1056_batch_1.tar	80841728	248666	4422886400	4650579
14354	11485	AF-0000000211764273	shard_422_batch_1.tar	32800768	138537	840296448	1411038
14354	13339	AF-0000000203937353	shard_420_batch_1.tar	28202496	137481	797420032	1395050
14354	14343	AF-0000000203937365	shard_1066_batch_1.tar	107796992	257357	1639488000	4936756
14354	14483	AF-0000000203937355	shard_420_batch_1.tar	131245056	137453	1172928000	1385210
14354	15454	AF-0000000211856335	shard_1036_batch_1.tar	166112256	231583	3425606656	4043838
14356	24	AF-0000000204792252	shard_212_batch_3.tar	53158400	55219	181090816	155411
14356	2517	AF-0000000204792249	shard_312_batch_4.tar	32457728	91424	483864064	554243
14356	2518	AF-0000000204792250	shard_450_batch_4.tar	135108608	158207	375988736	1753971
14356	3171	AF-0000000204792243	shard_214_batch_3.tar	41408000	55387	108252672	162044
14356	4308	AF-0000000204792245	shard_246_batch_3.tar	66918912	67982	216038400	272755
14356	4309	AF-0000000204792244	shard_234_batch_3.tar	1402880	63453	361969664	233934
14356	4474	AF-0000000204792246	shard_372_batch_4.tar	46189056	116203	1115681792	962454
14358	45	AF-0000000203586456	shard_186_batch_0.tar	2208768	41829	176199680	115671
14358	1752	AF-0000000203586431	shard_290_batch_0.tar	43436544	83388	572653056	474138
14358	3321	AF-0000000203586438	shard_288_batch_0.tar	36681216	81377	587552256	459136
14358	3568	AF-0000000203586432	shard_296_batch_0.tar	76631552	84703	478595072	502935
14358	3767	AF-0000000203586426	shard_286_batch_0.tar	69812224	81824	592197120	438141
14358	3769	AF-0000000203586428	shard_288_batch_0.tar	63183872	82920	577638912	442669
14358	3770	AF-0000000203586429	shard_288_batch_0.tar	15606272	82417	291480064	452148
14358	3771	AF-0000000203586430	shard_284_batch_0.tar	12696064	81727	276605440	436952
14358	3772	AF-0000000203586427	shard_294_batch_0.tar	38668288	84653	213020672	477611
14358	3962	AF-0000000203586433	shard_284_batch_0.tar	9703424	80801	380386816	448217
14358	4525	AF-0000000211049618	shard_288_batch_0.tar	77100032	81286	468534272	459394
14358	8517	AF-0000000203586437	shard_284_batch_0.tar	54647296	80674	504272384	449438
14358	14407	AF-0000000203586425	shard_288_batch_0.tar	53102592	79223	603198976	456812
14358	14825	AF-0000000203586449	shard_270_batch_0.tar	27867136	76277	223394816	398252
14358	15063	AF-0000000203586434	shard_292_batch_0.tar	63492096	83126	209328128	479175
14358	15164	AF-0000000203586435	shard_284_batch_0.tar	66863616	80939	479616512	447312
14360	1766	AF-0000000203500103	shard_1068_batch_0.tar	106760704	264259	1996239360	5207284
14360	2072	AF-0000000203500096	shard_982_batch_0.tar	178663936	198821	2246748672	2912523
14360	2599	AF-0000000203500125	shard_424_batch_0.tar	111170560	138436	1501287424	1422008
14360	2947	AF-0000000203500095	shard_992_batch_0.tar	31540736	203013	3251454464	3054807
14360	4979	AF-0000000211104724	shard_956_batch_0.tar	50695680	187820	1704679936	2459356
14360	5510	AF-0000000203500108	shard_906_batch_0.tar	156126208	161810	2279914496	1963060
14360	5545	AF-0000000203500113	shard_988_batch_0.tar	73438720	201371	546707456	3093915
14360	8395	AF-0000000211680488	shard_450_batch_0.tar	98869248	157847	1143230464	1821847
14360	13065	AF-0000000203500128	shard_380_batch_0.tar	42586112	117050	853900800	998833
14360	15095	AF-0000000203500109	shard_966_batch_0.tar	188459008	191709	1470113280	2681040
14360	15328	AF-0000000203500101	shard_1054_batch_0.tar	176964096	247314	1519448576	4632221
14367	7149	AF-0000000211640463	shard_260_batch_0.tar	62516224	73864	362194944	349483
14367	8072	AF-0000000211674894	shard_260_batch_0.tar	35298816	74081	311907328	354886
14367	14848	AF-0000000211856345	shard_262_batch_0.tar	28170752	74636	409133056	362448
14367	15404	AF-0000000211856346	shard_264_batch_0.tar	68257280	75970	262796800	372865
14368	84	AF-0000000204057350	shard_392_batch_2.tar	24852480	123472	574213120	1065028
14368	3264	AF-0000000210822887	shard_914_batch_1.tar	7334400	168011	1196633088	2039720
14368	4605	AF-0000000204057346	shard_396_batch_2.tar	106529280	125272	371693568	1091933
14368	7998	AF-0000000204057344	shard_944_batch_1.tar	26970112	185893	2373147648	2245623
14368	8318	AF-0000000204057347	shard_404_batch_2.tar	122047488	129171	1273368576	1189624
14368	10518	AF-0000000204057340	shard_420_batch_2.tar	103951872	140617	1598707200	1363145
14368	12264	AF-0000000211792793	shard_1130_batch_0.tar	201332224	296674	2170322432	5872390
14369	4235	AF-0000000204425151	shard_292_batch_2.tar	22688768	83463	262896640	468242
14369	8473	AF-0000000204425159	shard_312_batch_2.tar	11353600	92989	428796416	562896
14369	12248	AF-0000000204425143	shard_364_batch_3.tar	105213952	112858	567835136	892132
14369	13479	AF-0000000211808505	shard_302_batch_2.tar	79176704	88721	434960896	517064
14371	3627	AF-0000000210937538	shard_396_batch_3.tar	66381312	127149	973726720	1157818
14371	3628	AF-0000000204248595	shard_392_batch_2.tar	110841856	126317	254301696	1115078
14371	4371	AF-0000000211037310	shard_394_batch_2.tar	23521280	126258	442939392	1144582
14372	1365	AF-0000000210382905	shard_284_batch_3.tar	24280064	81702	164440064	449012
14372	1990	AF-0000000210473948	shard_250_batch_3.tar	49100288	69792	168877056	319291
14372	2043	AF-0000000210499048	shard_290_batch_3.tar	39459328	84376	611304960	472108
14372	2231	AF-0000000210502655	shard_284_batch_3.tar	22491136	81981	564022272	442689
14372	3140	AF-0000000210796258	shard_318_batch_3.tar	81554944	93188	449891840	616566
14372	4326	AF-0000000211032881	shard_248_batch_3.tar	21637632	67828	400115200	299532
14372	4445	AF-0000000211048203	shard_286_batch_3.tar	2290688	81965	508139520	462868
14372	9303	AF-0000000211693761	shard_330_batch_3.tar	8987648	98664	684231168	653764
14372	10091	AF-0000000211697729	shard_926_batch_2.tar	68979200	177290	866867712	2200625
14372	10308	AF-0000000211729443	shard_342_batch_3.tar	18825216	102448	544488448	739030
14372	10491	AF-0000000211730376	shard_1026_batch_2.tar	97451008	227084	1528636928	3811111
14372	10679	AF-0000000211744718	shard_258_batch_3.tar	11781632	71210	468965376	342107
14372	11076	AF-0000000211751634	shard_334_batch_3.tar	67678208	100911	297418240	674135
14372	14829	AF-0000000211856349	shard_278_batch_3.tar	23126016	78804	421852160	415049
14372	15417	AF-0000000211856351	shard_234_batch_3.tar	48318976	63164	242599424	261603
14376	3627	AF-0000000210937539	shard_388_batch_0.tar	85475840	123397	515190272	1101599
14376	3628	AF-0000000203614787	shard_384_batch_0.tar	89465856	122412	1004222976	1059830
14378	2731	AF-0000000210712810	shard_438_batch_2.tar	115861504	140147	933041664	1435145
14378	3437	AF-0000000204106662	shard_250_batch_1.tar	32098816	65717	406177280	299664
14378	6621	AF-0000000211632879	shard_450_batch_2.tar	41439232	151139	478081024	1613598
14379	125	AF-0000000209697661	shard_896_batch_1.tar	6199296	149155	635421696	1905626
14379	6734	AF-0000000211634055	shard_434_batch_2.tar	15754752	139294	1524062208	1533899
14379	11645	AF-0000000211764759	shard_912_batch_1.tar	95944192	160378	1615749120	2019175
14381	1095	AF-0000000203705586	shard_966_batch_0.tar	182708736	176998	2605081088	2423879
14381	4481	AF-0000000203705561	shard_288_batch_0.tar	41634304	81567	425218560	439148
14381	5401	AF-0000000211286407	shard_1054_batch_0.tar	177959424	240992	938907648	4128082
14381	6889	AF-0000000203705578	shard_414_batch_1.tar	35296256	131627	664514560	1231115
14381	7093	AF-0000000203705556	shard_198_batch_0.tar	1086464	48867	221532672	149128
14381	7368	AF-0000000203705580	shard_250_batch_0.tar	65385472	67743	405002240	295783
14381	10257	AF-0000000203705574	shard_236_batch_0.tar	59411456	60375	257481216	262059
14381	11108	AF-0000000203705575	shard_212_batch_0.tar	24055808	54326	169335808	194278
14381	11269	AF-0000000203705581	shard_256_batch_0.tar	16944128	69798	225783808	322455
14381	11500	AF-0000000203705560	shard_218_batch_0.tar	31733248	56532	233001472	209466
14381	12397	AF-0000000203705552	shard_194_batch_0.tar	22066176	46339	212801024	136173
14381	12917	AF-0000000203705573	shard_320_batch_0.tar	11516928	93293	566161408	614934
14381	14382	AF-0000000203705547	shard_200_batch_0.tar	14568960	49209	239232512	150195
14382	4345	AF-0000000203615754	shard_224_batch_0.tar	2865152	58289	227950080	221040
14385	826	AF-0000000210187954	shard_934_batch_1.tar	146355712	171252	964631552	2144958
14385	6300	AF-0000000211622963	shard_1118_batch_0.tar	230942208	279643	3583591424	5319413
14385	14119	AF-0000000211809484	shard_1164_batch_0.tar	83351040	328494	4263373824	7710100
14385	14216	AF-0000000211856160	shard_976_batch_1.tar	174193152	191931	764442624	2569377
14385	14322	AF-0000000211856294	shard_890_batch_1.tar	8086016	155739	554010112	1755184
14386	157	AF-0000000209733738	shard_374_batch_1.tar	38048256	116134	1087763456	882594
14386	4364	AF-0000000203850813	shard_316_batch_1.tar	27843072	91774	604247040	532520
14386	4370	AF-0000000203850806	shard_328_batch_1.tar	50945024	96952	304089088	585143
14386	4603	AF-0000000203850755	shard_348_batch_1.tar	74946048	104694	450103296	724268
14386	10313	AF-0000000203850848	shard_1044_batch_0.tar	169670656	241763	2070365696	4133240
14386	12209	AF-0000000203850847	shard_1058_batch_0.tar	249022976	252606	1690347520	4487068
14389	1891	AF-0000000210455325	shard_394_batch_2.tar	76678656	125616	684472320	1063367
14389	4528	AF-0000000211049670	shard_404_batch_1.tar	101961728	131173	1385357824	1155704
14390	24	AF-0000000203479600	shard_290_batch_0.tar	49190912	77609	588827648	440507
14390	3105	AF-0000000203479573	shard_348_batch_0.tar	61885440	98727	570849792	768531
14390	3876	AF-0000000203479578	shard_398_batch_0.tar	11144704	121410	270412288	1086636
14390	4308	AF-0000000203479581	shard_322_batch_0.tar	63392256	90683	512156672	582841
14390	4309	AF-0000000203479579	shard_312_batch_0.tar	2479616	86122	581770240	549214
14390	5171	AF-0000000203479594	shard_904_batch_0.tar	12678656	160082	1872673280	1830277
14390	9699	AF-0000000203479593	shard_922_batch_0.tar	101919232	164940	1912096768	2008170
14390	10779	AF-0000000211745172	shard_892_batch_0.tar	120263680	152400	1374844416	1766573
14390	11416	AF-0000000203479590	shard_404_batch_0.tar	113266176	122900	839621120	1141965
14390	13240	AF-0000000203479601	shard_440_batch_0.tar	71543296	143053	1722403840	1517140
14390	14755	AF-0000000203479592	shard_914_batch_0.tar	159963136	159467	642046464	1961234
14390	15054	AF-0000000211856371	shard_388_batch_0.tar	30313472	118334	679199744	1045358
14390	15107	AF-0000000203479558	shard_386_batch_0.tar	80966656	117757	1249001472	1015034
14392	15146	AF-0000000203759899	shard_1060_batch_0.tar	175665664	256833	1886224384	4926718
14393	1068	AF-0000000210204663	shard_290_batch_1.tar	60369408	82875	507982848	454483
14394	1058	AF-0000000203506695	shard_944_batch_0.tar	146578432	180127	1157463552	2352155
14394	7184	AF-0000000211642471	shard_906_batch_0.tar	27478528	169120	1064936448	1910982
14394	9649	AF-0000000211695388	shard_422_batch_0.tar	66556416	140846	1572220416	1464777
14395	10173	AF-0000000211706273	shard_954_batch_2.tar	66821632	185515	569929728	2534341
14396	2257	AF-0000000210541008	shard_398_batch_0.tar	48855552	127133	1078394880	1120041
14396	2977	AF-0000000210763785	shard_902_batch_0.tar	52624896	164835	703251456	1860124
14396	6213	AF-0000000211621593	shard_974_batch_0.tar	185848320	199796	436807168	2671382
14396	6981	AF-0000000211637961	shard_998_batch_0.tar	166132736	210017	1143978496	3007113
14396	7261	AF-0000000211644572	shard_994_batch_0.tar	150297088	207661	1476513792	2949894
14396	8351	AF-0000000211680267	shard_398_batch_0.tar	42463232	128273	474881536	1117268
14396	8516	AF-0000000211681254	shard_972_batch_0.tar	64877568	197086	2108890624	2611000
14396	8630	AF-0000000211690093	shard_436_batch_0.tar	48428544	149551	324716032	1548607
14396	9662	AF-0000000211695431	shard_1006_batch_0.tar	114993152	213513	2911254528	3358476
14396	10131	AF-0000000211697971	shard_410_batch_0.tar	26679808	132529	1370247168	1221668
14396	10357	AF-0000000211729657	shard_1054_batch_0.tar	69685760	250112	1464581632	4615830
14396	13051	AF-0000000211807591	shard_424_batch_0.tar	126195200	140319	1598305792	1374137
14396	13666	AF-0000000211808762	shard_418_batch_0.tar	107855872	138206	807267328	1312866
14396	14312	AF-0000000211856278	shard_434_batch_0.tar	86290944	145915	1407397376	1555559
14396	15183	AF-0000000211856378	shard_954_batch_0.tar	151808000	185554	1376043008	2474330
14397	5639	AF-0000000211288459	shard_1066_batch_1.tar	205621760	255193	4438230528	4586478
14398	15379	AF-0000000204796115	shard_316_batch_4.tar	33267200	92063	609743360	576059
14399	2383	AF-0000000203628502	shard_882_batch_0.tar	114978816	152689	1400743936	1638654
14400	930	AF-0000000203861947	shard_1046_batch_0.tar	176669696	242403	4009505280	3930865
14400	3473	AF-0000000210904322	shard_1148_batch_0.tar	17245696	310121	709262336	6432396
14400	3681	AF-0000000203861934	shard_1054_batch_1.tar	146296320	249096	1143838208	4103162
14400	6047	AF-0000000203861929	shard_1180_batch_0.tar	35552768	386455	2619691008	9511372
14400	7436	AF-0000000203861928	shard_1170_batch_0.tar	51381760	357101	8648313856	7786082
14400	8302	AF-0000000203861949	shard_1046_batch_0.tar	25090560	242052	1537721344	3976888
14400	11040	AF-0000000203861935	shard_1162_batch_0.tar	280006656	332188	5783571456	7686127
14401	2851	AF-0000000205109646	shard_937_batch_0.tar	138534400	178609	1950073856	2230916
14403	5037	AF-0000000204669246	shard_354_batch_3.tar	17321472	105250	310154752	796499
14403	11071	AF-0000000211751598	shard_346_batch_3.tar	24858112	102848	533871616	760297
14406	10269	AF-0000000203537123	shard_998_batch_0.tar	194195456	202006	2725156864	2996224
14406	14060	AF-0000000211809396	shard_1040_batch_0.tar	13798400	231173	2412227584	3829780
14407	45	AF-0000000203589552	shard_288_batch_0.tar	22390784	78368	276989440	453507
14407	353	AF-0000000203589550	shard_308_batch_0.tar	20732416	88039	291685376	547560
14407	1178	AF-0000000203589545	shard_276_batch_0.tar	3540480	75590	523548672	412951
14407	1984	AF-0000000203589533	shard_284_batch_0.tar	69053952	77625	203947520	438724
14407	2218	AF-0000000210502476	shard_278_batch_0.tar	49362432	75950	286364160	415665
14407	2548	AF-0000000210672909	shard_276_batch_0.tar	22779392	75263	348431872	409415
14407	2581	AF-0000000203589540	shard_280_batch_0.tar	29348352	75948	437444096	427458
14407	2816	AF-0000000203589541	shard_292_batch_0.tar	65912320	81056	218294784	479135
14407	4599	AF-0000000203589530	shard_294_batch_0.tar	34343424	81391	238632960	480047
14407	4608	AF-0000000203589532	shard_294_batch_0.tar	44689408	81306	276216320	479923
14407	9354	AF-0000000211693974	shard_402_batch_0.tar	4274176	127017	777222656	1248186
14407	14228	AF-0000000203589534	shard_294_batch_0.tar	59437056	81275	357371904	475853
14407	15335	AF-0000000211856382	shard_290_batch_0.tar	51686400	79732	305275392	454349
14408	2829	AF-0000000210732769	shard_322_batch_2.tar	40158208	95399	372471808	586456
14409	366	AF-0000000209939972	shard_1168_batch_0.tar	325455360	347876	5884209152	9114952
14409	4136	AF-0000000210998849	shard_1038_batch_0.tar	139195392	234497	1566020096	4038219
14409	4141	AF-0000000210999574	shard_996_batch_0.tar	84354560	205360	3397959680	3081715
14409	4361	AF-0000000211036364	shard_1038_batch_0.tar	77336576	234387	562815488	4050522
14409	4592	AF-0000000211060582	shard_996_batch_0.tar	204396544	205611	1269935104	3092073
14409	7739	AF-0000000211660410	shard_1164_batch_0.tar	112816128	339788	3691742208	8662396
14409	9118	AF-0000000211692716	shard_1168_batch_0.tar	330012672	347257	2714105344	8442443
14409	14318	AF-0000000211856279	shard_982_batch_0.tar	132605952	197456	2820748800	2835787
14414	15344	AF-0000000211856396	shard_442_batch_3.tar	133680640	145646	1188665344	1509525
14415	12531	AF-0000000203811766	shard_242_batch_0.tar	31357952	65712	359162368	272902
14416	2668	AF-0000000203764309	shard_1186_batch_0.tar	53098496	403500	5927801856	11844117
14416	3468	AF-0000000203764320	shard_1168_batch_0.tar	85512704	352668	8239931904	8851037
14416	5696	AF-0000000211289232	shard_1066_batch_0.tar	101159936	259530	4050597376	5146553
14416	7457	AF-0000000211652179	shard_1186_batch_0.tar	33299456	408166	1197167616	11732026
14419	9175	AF-0000000211692982	shard_282_batch_0.tar	12367360	81076	301927424	446326
14420	6743	AF-0000000211634076	shard_384_batch_1.tar	65944576	124167	647211008	1055075
14422	10577	AF-0000000211744148	shard_404_batch_2.tar	9534464	131082	971239424	1183393
14422	15245	AF-0000000211856400	shard_904_batch_1.tar	18858496	167083	1554442240	2004992
14423	3264	AF-0000000210822888	shard_928_batch_1.tar	4534272	173252	2108168192	2151556
14423	4605	AF-0000000211061777	shard_406_batch_2.tar	58426368	130647	561016832	1172886
14423	10238	AF-0000000211729165	shard_448_batch_2.tar	93891072	155722	375123968	1732222
14423	10518	AF-0000000211730466	shard_430_batch_2.tar	49171456	145541	1202091008	1452270
14423	12264	AF-0000000211792795	shard_1090_batch_1.tar	202099200	301018	5985301504	6078273
14423	14368	AF-0000000211856347	shard_922_batch_1.tar	139635200	172524	2295996416	2107889
14425	1417	AF-0000000210384135	shard_396_batch_4.tar	108124160	123957	996585984	1045045
14425	1920	AF-0000000210472680	shard_332_batch_3.tar	90020352	95236	244263424	625174
14425	4981	AF-0000000211105151	shard_356_batch_4.tar	102619648	106489	901037568	783336
14425	6477	AF-0000000211631296	shard_348_batch_3.tar	97803776	101166	316912640	714388
14426	2756	AF-0000000210716496	shard_932_batch_0.tar	170834432	179644	1477180928	2274378
14426	8805	AF-0000000203803018	shard_936_batch_0.tar	125627904	181560	1818959360	2293220
14431	1426	AF-0000000210384516	shard_1066_batch_2.tar	117180416	259468	2469152256	4589463
14431	14665	AF-0000000211856413	shard_928_batch_2.tar	46047232	173146	474674688	2172525
14435	13263	AF-0000000211808066	shard_432_batch_4.tar	66590208	147295	888583168	1477709
14437	2744	AF-0000000203964330	shard_208_batch_0.tar	35808256	51469	273232896	174308
14438	3557	AF-0000000210931708	shard_902_batch_0.tar	57953792	160693	1035684864	1741510
14438	3559	AF-0000000210931714	shard_886_batch_0.tar	147981824	156574	1649074176	1717312
14438	12907	AF-0000000211807172	shard_902_batch_0.tar	135549440	162064	991133696	1728887
14438	13683	AF-0000000211808777	shard_910_batch_0.tar	103031296	164529	1511013888	1943523
14441	3757	AF-0000000203563115	shard_938_batch_0.tar	69751808	179779	1263042048	2290759
14447	931	AF-0000000210203664	shard_1162_batch_0.tar	297084928	334662	6070282752	7926778
14447	1267	AF-0000000210252734	shard_1024_batch_0.tar	9964032	224972	2590244864	3703535
14447	1852	AF-0000000210454588	shard_434_batch_0.tar	53660160	144879	382209024	1519160
14447	2139	AF-0000000210500959	shard_994_batch_0.tar	4593664	204095	2915567104	2949232
14447	4452	AF-0000000211048373	shard_1000_batch_0.tar	100502016	207808	2281422848	3079346
14448	2707	AF-0000000203824175	shard_1140_batch_0.tar	248847360	309334	2700576256	6817721
14448	3266	AF-0000000210828570	shard_384_batch_1.tar	104637440	121496	880979456	1019628
14451	809	AF-0000000203592358	shard_1058_batch_0.tar	163424768	250426	3824856576	4242846
14451	2939	AF-0000000203592295	shard_1054_batch_0.tar	80700928	246106	1677437952	4230748
14451	3564	AF-0000000203592293	shard_442_batch_0.tar	145253888	150533	745875456	1617745
14451	3566	AF-0000000210932685	shard_438_batch_0.tar	86849536	148834	986590208	1552525
14451	4109	AF-0000000203592320	shard_1064_batch_0.tar	107397632	255042	4891529216	4628452
14451	4361	AF-0000000203592287	shard_900_batch_0.tar	157139968	163839	1038542848	1885122
14451	5393	AF-0000000211286313	shard_1064_batch_0.tar	209277440	257536	3948831744	4578259
14451	5771	AF-0000000211289855	shard_1124_batch_0.tar	196967424	290887	1127216128	5575885
14451	6136	AF-0000000203592318	shard_928_batch_0.tar	82775040	175138	1945035776	2181830
14451	6300	AF-0000000211622964	shard_1076_batch_0.tar	157706240	270960	4743369216	4798797
14451	6363	AF-0000000203592328	shard_966_batch_0.tar	183847936	191135	2361253888	2363745
14451	6570	AF-0000000211632249	shard_1046_batch_0.tar	84420608	237929	3376663040	4013818
14451	6874	AF-0000000203592327	shard_1146_batch_0.tar	14613504	316010	674682880	6973376
14451	7833	AF-0000000203592308	shard_438_batch_0.tar	58659840	146091	963085312	1462301
14451	10690	AF-0000000203592314	shard_890_batch_0.tar	23134208	158161	1505395712	1715643
14451	12127	AF-0000000203592325	shard_934_batch_0.tar	130536960	174027	1911452672	2080660
14451	12597	AF-0000000203592339	shard_442_batch_0.tar	20057088	151384	779828736	1618240
14451	13118	AF-0000000211807748	shard_1098_batch_0.tar	168605696	328633	1225220608	7643721
14451	14046	AF-0000000211809389	shard_1126_batch_0.tar	212411392	292517	5623683584	5921643
14451	14569	AF-0000000211856438	shard_1116_batch_0.tar	206942720	283277	4142484480	5526761
14452	668	AF-0000000203809506	shard_1148_batch_0.tar	219754496	313471	2257787392	6706801
14452	704	AF-0000000203809508	shard_1138_batch_0.tar	113417216	301868	4159628288	6201968
14452	3290	AF-0000000210837927	shard_1110_batch_0.tar	46383104	282753	1139491328	5625739
14452	6521	AF-0000000211631894	shard_990_batch_0.tar	112884224	203705	3246752768	3002149
14452	6866	AF-0000000211635396	shard_960_batch_0.tar	12922368	186573	948366848	2501551
14452	9201	AF-0000000203809501	shard_1148_batch_0.tar	179524608	313603	639527936	6610361
14452	12156	AF-0000000203809502	shard_930_batch_0.tar	68212736	176507	814057472	2224771
14452	14042	AF-0000000211809377	shard_1056_batch_0.tar	67488768	251844	3204899328	4457174
14454	4121	AF-0000000204599781	shard_316_batch_3.tar	14692864	90037	359333888	602500
14455	6621	AF-0000000211632880	shard_440_batch_4.tar	64480256	144996	1870764032	1446164
14459	29	AF-0000000208981858	shard_892_batch_0.tar	73608192	156557	855026688	1797264
14459	2780	AF-0000000203537947	shard_974_batch_0.tar	169333760	190882	1966147584	2726591
14459	2801	AF-0000000203537945	shard_976_batch_0.tar	144834560	191871	2365422592	2786845
14459	3397	AF-0000000210873396	shard_936_batch_0.tar	105379840	173782	1369867776	2038394
14459	4094	AF-0000000203537979	shard_950_batch_0.tar	42000384	179028	2701329408	2281020
14459	4288	AF-0000000203537963	shard_378_batch_0.tar	25003008	114367	246326784	883911
14459	4729	AF-0000000211068884	shard_418_batch_0.tar	92059136	132731	572297728	1274894
14459	6111	AF-0000000203537949	shard_388_batch_0.tar	95173632	118487	1180521984	995022
14459	6242	AF-0000000211622171	shard_930_batch_0.tar	47605248	170721	1190119424	2081411
14459	6732	AF-0000000203537944	shard_976_batch_0.tar	186675200	191354	1365101568	2771145
14459	7954	AF-0000000203537973	shard_438_batch_0.tar	39924224	145831	1448150016	1466193
14459	7992	AF-0000000203537914	shard_892_batch_0.tar	484864	157984	1634605056	1766851
14459	8482	AF-0000000211681097	shard_1040_batch_0.tar	143055872	233218	1675091968	3722642
14459	8614	AF-0000000211690001	shard_452_batch_0.tar	15110656	154927	493293056	1683804
14459	10448	AF-0000000203537911	shard_1012_batch_0.tar	202220032	212742	2070109696	2924827
14459	10689	AF-0000000203537925	shard_414_batch_0.tar	129216512	132574	1429367296	1229150
14459	12129	AF-0000000211792092	shard_430_batch_0.tar	12250112	138627	754908160	1385818
14459	14352	AF-0000000203537951	shard_398_batch_0.tar	99357184	124165	664475136	1062531
14459	14724	AF-0000000203537948	shard_386_batch_0.tar	76467200	118022	529982976	968901
14460	308	AF-0000000209939123	shard_1163_batch_0.tar	318459392	332095	5650247168	7936684
14460	15297	AF-0000000211856444	shard_1012_batch_2.tar	65876992	220603	229995520	3569282
14461	3	AF-0000000208968694	shard_436_batch_0.tar	41481216	150501	880188416	1599534
14461	22	AF-0000000203660779	shard_946_batch_0.tar	19050496	187505	2531927040	2472825
14461	136	AF-0000000203660772	shard_908_batch_0.tar	149765632	171103	1234919936	2063299
14461	925	AF-0000000203660776	shard_1004_batch_0.tar	185845760	215951	1026067456	3378801
14461	2527	AF-0000000203660766	shard_948_batch_0.tar	75391488	188622	1488650240	2479402
14461	2528	AF-0000000203660765	shard_948_batch_0.tar	66358784	188598	2186724864	2475832
14461	4288	AF-0000000203660763	shard_436_batch_0.tar	47838720	149809	1172155392	1572876
14461	5763	AF-0000000203660782	shard_900_batch_0.tar	146275840	167841	2076417536	2015796
14461	9758	AF-0000000203660756	shard_978_batch_0.tar	61352960	199783	1048622080	2964792
14461	10746	AF-0000000203660761	shard_1014_batch_0.tar	215012864	222530	2141065728	3648080
14461	12798	AF-0000000203660750	shard_898_batch_0.tar	11943936	167431	2012229632	1981309
14461	15438	AF-0000000203660760	shard_1022_batch_0.tar	207542272	227745	3642570240	3823784
14463	5033	AF-0000000211111342	shard_416_batch_2.tar	134541312	137391	762054656	1264864
14464	3	AF-0000000208968695	shard_362_batch_3.tar	43708416	109783	640998912	847306
14464	565	AF-0000000204649563	shard_346_batch_3.tar	21716992	102705	788518912	733335
14464	2882	AF-0000000210746018	shard_408_batch_3.tar	43802112	132201	301597184	1192223
14464	2939	AF-0000000204649548	shard_1034_batch_2.tar	7455232	229602	1218382848	3792700
14464	6570	AF-0000000211632250	shard_1026_batch_2.tar	12313600	221767	1066330624	3496134
14469	1667	AF-0000000210429332	shard_1018_batch_1.tar	101081600	218313	2588121600	3288483
14469	4210	AF-0000000204143735	shard_338_batch_2.tar	11377664	99786	430592512	680880
14469	4352	AF-0000000204143734	shard_340_batch_1.tar	99761664	100845	691182592	693686
14469	4366	AF-0000000204143737	shard_362_batch_2.tar	90967552	109485	978960384	839381
14469	6605	AF-0000000211632730	shard_974_batch_1.tar	94952960	196626	1244105216	2776050
14469	9339	AF-0000000211693897	shard_1056_batch_1.tar	96226304	252103	3489841664	4605284
14469	10064	AF-0000000211697519	shard_904_batch_1.tar	43864576	166338	786430464	1998010
14469	10483	AF-0000000211730307	shard_432_batch_2.tar	49272320	146234	1430643200	1536638
14469	15269	AF-0000000211856454	shard_344_batch_2.tar	37104640	102376	453133312	714038
14470	1647	AF-0000000210428818	shard_1014_batch_1.tar	132131840	222484	839352832	3178593
14470	2518	AF-0000000204230087	shard_978_batch_1.tar	99861504	200323	1476390912	2763011
14470	3312	AF-0000000204230077	shard_370_batch_2.tar	54837248	115920	655562240	881470
14470	3314	AF-0000000204230073	shard_372_batch_2.tar	77290496	117485	855922688	896274
14470	3315	AF-0000000204230071	shard_376_batch_2.tar	86232064	118100	1080562688	940823
14470	3318	AF-0000000204230072	shard_384_batch_2.tar	32476672	121669	601150464	983346
14470	3931	AF-0000000204230075	shard_378_batch_2.tar	40593408	119239	845352448	948749
14470	4308	AF-0000000204230083	shard_356_batch_2.tar	57529344	110518	506788352	820489
14470	4309	AF-0000000204230082	shard_344_batch_2.tar	44258816	105812	730916352	756959
14470	7552	AF-0000000211653190	shard_916_batch_1.tar	124972032	172237	1126018560	2150139
14470	7613	AF-0000000204230062	shard_972_batch_1.tar	114024960	197996	1892594176	2745338
14470	9525	AF-0000000204230093	shard_1006_batch_1.tar	168823808	213626	3662376448	3179331
14470	11455	AF-0000000211764139	shard_914_batch_1.tar	17026560	171732	425080832	1979862
14470	11687	AF-0000000204230076	shard_376_batch_2.tar	64122880	118473	991252992	929163
14470	11753	AF-0000000204230074	shard_370_batch_2.tar	77259776	115318	1119515136	890925
14471	10970	AF-0000000204088139	shard_262_batch_1.tar	62938624	73767	310606848	299090
14473	1866	AF-0000000210454724	shard_1160_batch_0.tar	156005376	331603	6935542784	7544436
14474	1408	AF-0000000203505422	shard_214_batch_0.tar	38441984	55272	219235840	202573
14474	1882	AF-0000000203505430	shard_200_batch_0.tar	34350080	50745	116648960	153312
14474	2555	AF-0000000210675348	shard_226_batch_0.tar	7541760	59573	225422336	235591
14474	4609	AF-0000000211067430	shard_268_batch_0.tar	228352	72233	479297024	359760
14474	5004	AF-0000000203505421	shard_200_batch_0.tar	35161088	50635	133867008	154354
14474	5070	AF-0000000203505431	shard_184_batch_0.tar	2663936	42824	169353728	112542
14474	5938	AF-0000000203505429	shard_200_batch_0.tar	44280320	50801	244469248	153604
14475	6446	AF-0000000204748229	shard_348_batch_3.tar	21325312	103483	666369024	753651
14475	13497	AF-0000000211808546	shard_352_batch_4.tar	23530496	104354	213100032	776348
14476	1578	AF-0000000203648108	shard_358_batch_0.tar	34711040	109354	322887680	862478
14476	1790	AF-0000000203648116	shard_362_batch_0.tar	78139904	111310	821939712	889636
14476	2309	AF-0000000210556193	shard_356_batch_0.tar	86412800	107354	863749632	839937
14476	2331	AF-0000000203648111	shard_364_batch_0.tar	114688	111671	590099968	889182
14476	2809	AF-0000000203648105	shard_356_batch_0.tar	30905344	107740	753419264	850319
14476	3759	AF-0000000203648095	shard_346_batch_0.tar	97839104	104203	429922304	757962
14476	10044	AF-0000000203648122	shard_356_batch_0.tar	43205120	108118	473516544	831771
14476	10471	AF-0000000203648096	shard_360_batch_0.tar	30296064	109117	912650752	871839
14476	14463	AF-0000000211856450	shard_356_batch_0.tar	52235776	107183	574899712	841729
14479	2037	AF-0000000203934705	shard_392_batch_1.tar	101596160	125984	1294345728	1127303
14479	2174	AF-0000000203934703	shard_392_batch_1.tar	1748480	125395	597039104	1128429
14479	3630	AF-0000000210937976	shard_408_batch_1.tar	59907072	134584	1151980544	1285471
14479	3631	AF-0000000203934708	shard_398_batch_1.tar	1664512	128055	526209024	1190861
14479	3800	AF-0000000203934707	shard_414_batch_1.tar	22387200	135938	1346936320	1341788
14479	4359	AF-0000000203934706	shard_430_batch_2.tar	140347904	145247	1020124672	1507149
14479	6831	AF-0000000211634978	shard_938_batch_1.tar	122310656	179805	2112465408	2298429
14479	8524	AF-0000000211681299	shard_996_batch_1.tar	115968000	207845	1529321984	3006567
14479	15446	AF-0000000203934704	shard_406_batch_1.tar	127756800	133574	591645696	1277894
14481	3441	AF-0000000204663942	shard_882_batch_2.tar	39518720	144851	421417472	1505372
14481	5109	AF-0000000211135494	shard_442_batch_4.tar	103534080	142056	515485184	1514301
14481	6965	AF-0000000211637658	shard_904_batch_2.tar	43472896	155894	721728512	1775694
14481	8858	AF-0000000204663984	shard_424_batch_4.tar	23340544	134118	1253162496	1313693
14481	10562	AF-0000000204663997	shard_386_batch_3.tar	68144640	116516	289389056	965856
14481	11300	AF-0000000211752301	shard_1032_batch_2.tar	100958208	220010	516941312	3485246
14482	5812	AF-0000000203516904	shard_938_batch_0.tar	14713856	178337	2341457408	2255528
14482	12010	AF-0000000203516888	shard_336_batch_0.tar	86461952	101728	332221952	641694
14483	851	AF-0000000203568487	shard_1040_batch_0.tar	12596224	236293	3434699264	3710017
14483	1078	AF-0000000210204784	shard_420_batch_0.tar	47059968	137671	1506425344	1268614
14483	1432	AF-0000000203568499	shard_428_batch_0.tar	140563968	144128	679067136	1479059
14483	1991	AF-0000000203568550	shard_412_batch_0.tar	131968000	133378	422809088	1347706
14483	2322	AF-0000000210560154	shard_252_batch_0.tar	61909504	68695	300908544	308274
14483	2429	AF-0000000203568510	shard_344_batch_0.tar	36447232	103054	311413248	727150
14483	2611	AF-0000000210686272	shard_348_batch_0.tar	1583616	106221	830827520	777877
14483	5102	AF-0000000203568562	shard_1016_batch_0.tar	157550592	217878	3694667776	3673952
14483	7630	AF-0000000211654346	shard_356_batch_0.tar	86953472	109361	315208704	826604
14483	8412	AF-0000000211680566	shard_1060_batch_0.tar	136551424	257327	2304293376	4865563
14483	9441	AF-0000000211694451	shard_1036_batch_0.tar	225738240	236232	3362665472	3917282
14483	9520	AF-0000000211694823	shard_388_batch_0.tar	5641728	120593	273952256	1041062
14483	10924	AF-0000000203568517	shard_358_batch_0.tar	71543808	108032	538278400	847060
14483	13646	AF-0000000203568536	shard_318_batch_0.tar	39539200	94947	331972608	616120
14483	13868	AF-0000000203568558	shard_904_batch_0.tar	41514496	166533	541361152	1973693
14483	14343	AF-0000000203568516	shard_930_batch_0.tar	14812672	172672	2011789824	2098922
14483	14821	AF-0000000203568479	shard_1012_batch_0.tar	83645952	215612	2498524672	3565095
14490	24	AF-0000000204785116	shard_326_batch_4.tar	14663168	96720	748489216	604197
14490	2518	AF-0000000204785109	shard_978_batch_2.tar	6168064	199903	426571776	2775716
14490	3876	AF-0000000204785103	shard_424_batch_4.tar	23897600	140083	596156416	1389978
14490	4288	AF-0000000204785107	shard_348_batch_4.tar	86219264	104754	394502656	738854
14490	4308	AF-0000000204785106	shard_356_batch_4.tar	8048640	109743	452356096	807274
14490	4309	AF-0000000204785105	shard_346_batch_4.tar	41845760	104995	238838272	736766
14490	15099	AF-0000000204785092	shard_888_batch_2.tar	22542848	162026	334909440	1845727
14491	705	AF-0000000210031826	shard_412_batch_4.tar	48629760	132608	1455941120	1168736
14495	3371	AF-0000000210851618	shard_1040_batch_1.tar	13808128	240662	2533126144	4092841
14495	4213	AF-0000000211010736	shard_970_batch_1.tar	102857728	195390	386175488	2818682
14495	6675	AF-0000000211633387	shard_1056_batch_1.tar	16883712	251333	611239936	4670869
14495	12680	AF-0000000211806501	shard_902_batch_1.tar	130389504	167456	1989256192	1956239
14496	2605	AF-0000000210685550	shard_1174_batch_0.tar	257805312	366705	7724110336	9510223
14496	8513	AF-0000000211681230	shard_1172_batch_0.tar	227174400	362229	4563592704	9288441
14498	2780	AF-0000000203701362	shard_908_batch_0.tar	89204736	166772	1441786880	2077609
14498	2801	AF-0000000203701360	shard_912_batch_0.tar	103368704	167832	909057536	2106968
14498	4324	AF-0000000203701356	shard_406_batch_0.tar	52735488	131417	313025024	1275621
14498	6732	AF-0000000203701359	shard_912_batch_0.tar	121994240	167490	1516445696	2115225
14500	15107	AF-0000000211856478	shard_414_batch_4.tar	89614336	131897	543604736	1213195
14503	821	AF-0000000203616051	shard_370_batch_0.tar	88973312	118595	448939520	882764
14503	3426	AF-0000000210894573	shard_964_batch_0.tar	58050048	191803	2289954816	2434895
14504	2785	AF-0000000210724017	shard_1158_batch_0.tar	109260288	323384	6429067776	7865199
14504	2947	AF-0000000203499283	shard_1090_batch_0.tar	139359232	300261	808920064	6788096
14504	4214	AF-0000000203499284	shard_982_batch_0.tar	126185984	199373	849500160	2918800
14504	4266	AF-0000000203499287	shard_978_batch_0.tar	58377728	197110	2068521472	2787473
14504	7925	AF-0000000203499286	shard_982_batch_0.tar	129986048	198599	2095135744	2882719
14504	10756	AF-0000000203499289	shard_1044_batch_0.tar	5538816	239029	2419667968	4244651
14504	14361	AF-0000000203499288	shard_1044_batch_0.tar	202518528	238888	3386465280	4300421
14504	15152	AF-0000000211856479	shard_1046_batch_0.tar	174736896	240448	3765291520	4248588
14505	137	AF-0000000204751976	shard_1058_batch_2.tar	89705472	255123	2311387136	4914068
14505	662	AF-0000000210026370	shard_992_batch_2.tar	93203968	209264	1124198912	3190197
14505	1811	AF-0000000210453743	shard_880_batch_2.tar	51543552	150573	339086848	1532463
14505	1843	AF-0000000204751973	shard_218_batch_3.tar	31310848	57161	303907840	192422
14505	5455	AF-0000000211286777	shard_996_batch_2.tar	94470656	209667	286746112	3250351
14505	5966	AF-0000000204751969	shard_218_batch_3.tar	16563200	57792	297924096	201777
14505	12434	AF-0000000204751975	shard_220_batch_3.tar	47284224	58183	187188224	216810
14505	13105	AF-0000000204751970	shard_208_batch_3.tar	39635456	53743	251623936	170685
14506	159	AF-0000000203798083	shard_172_batch_0.tar	15982080	27484	81570304	39871
14506	4294	AF-0000000211026994	shard_280_batch_0.tar	66842624	78272	241635840	382966
14507	1269	AF-0000000203718885	shard_292_batch_0.tar	69369344	83129	280673280	445459
14507	4286	AF-0000000203718853	shard_196_batch_0.tar	20612608	47909	170152448	141181
14507	13051	AF-0000000203718779	shard_290_batch_0.tar	77607424	81603	300704768	430029
14510	10217	AF-0000000211729057	shard_196_batch_0.tar	9611776	47395	122098176	141569
14511	4619	AF-0000000211067473	shard_1041_batch_0.tar	83292160	231749	3701222400	3786929
14514	14982	AF-0000000203769143	shard_326_batch_0.tar	81434624	97152	384918016	595843
14516	6529	AF-0000000203933904	shard_948_batch_1.tar	108876800	181263	2467784704	2348565
14516	10847	AF-0000000203933902	shard_968_batch_1.tar	123482624	190445	842833920	2583594
14517	1238	AF-0000000203979822	shard_336_batch_1.tar	92421120	101175	347957248	694578
14517	5882	AF-0000000203979821	shard_334_batch_1.tar	46647296	100425	690869760	675899
14517	9995	AF-0000000211697121	shard_1004_batch_1.tar	88629760	221664	1104677376	3212109
14518	1477	AF-0000000210385436	shard_892_batch_0.tar	77180416	159985	748388864	1894502
14519	2485	AF-0000000210617592	shard_1016_batch_1.tar	1750016	221226	775272960	3485500
14519	2804	AF-0000000210727422	shard_942_batch_1.tar	36772864	180068	562913280	2350169
14519	4308	AF-0000000211030785	shard_900_batch_1.tar	143444992	164771	2192327168	1865479
14519	12966	AF-0000000211807353	shard_968_batch_1.tar	72653312	193472	1389636096	2681550
14519	13368	AF-0000000211808253	shard_922_batch_1.tar	65651200	173873	474348032	2133620
14519	14587	AF-0000000211868583	shard_1030_batch_1.tar	120221184	228369	2859471360	3813844
14523	1064	AF-0000000210204627	shard_406_batch_3.tar	36742144	129480	929482240	1208734
14523	1438	AF-0000000204268280	shard_1034_batch_1.tar	3286528	231878	664958976	3797973
14523	2107	AF-0000000204268343	shard_388_batch_2.tar	25546752	122072	898838016	1078141
14523	3532	AF-0000000204268275	shard_248_batch_1.tar	3919872	68303	300631552	289662
14523	3693	AF-0000000210950529	shard_314_batch_2.tar	30451712	89305	405889536	545185
14523	3803	AF-0000000204268312	shard_382_batch_2.tar	33140224	118536	313387008	1003512
14523	4438	AF-0000000211048158	shard_950_batch_1.tar	5005824	182823	1730196480	2565860
14523	4473	AF-0000000204268294	shard_282_batch_1.tar	68808192	77257	568681472	422942
14523	4979	AF-0000000211104725	shard_436_batch_3.tar	96994304	148697	555456000	1525450
14523	4994	AF-0000000211107269	shard_938_batch_1.tar	24459776	180623	1167577600	2384392
14523	5151	AF-0000000211161646	shard_406_batch_3.tar	108535296	130731	713632768	1223451
14523	6136	AF-0000000204268362	shard_350_batch_2.tar	67895808	107329	567516160	781396
14523	6468	AF-0000000211631212	shard_964_batch_1.tar	112936448	192369	859712512	2535817
14523	6504	AF-0000000204268393	shard_922_batch_1.tar	44737024	176318	1180999680	2191459
14523	6541	AF-0000000204268366	shard_418_batch_3.tar	84903424	136986	283683840	1393428
14523	6601	AF-0000000211632634	shard_942_batch_1.tar	9392640	180551	1529142784	2328686
14523	6706	AF-0000000204268296	shard_250_batch_1.tar	7721984	68992	147385344	283385
14523	6843	AF-0000000204268297	shard_260_batch_1.tar	28171264	72541	224036864	330488
14523	6978	AF-0000000204268325	shard_1010_batch_1.tar	104716800	218107	650765312	3291827
14523	7139	AF-0000000211640360	shard_990_batch_1.tar	26339840	202934	1426027520	2857881
14523	7282	AF-0000000211645935	shard_1018_batch_1.tar	219898880	220352	1320815104	3345278
14523	7739	AF-0000000211660411	shard_978_batch_1.tar	166805504	200576	1739123200	2845079
14523	8168	AF-0000000211678936	shard_1060_batch_1.tar	31423488	257853	807986176	4459325
14523	8190	AF-0000000211679158	shard_992_batch_1.tar	101160960	203849	2492810752	2961097
14523	8191	AF-0000000211679184	shard_1002_batch_1.tar	36465664	215437	1222953984	3145531
14523	9118	AF-0000000211692717	shard_992_batch_1.tar	57743872	208050	3261998592	2969272
14523	9366	AF-0000000204268367	shard_430_batch_3.tar	103933952	144677	1313136640	1522906
14523	9739	AF-0000000204268377	shard_310_batch_2.tar	35723264	87975	645218304	528266
14523	10370	AF-0000000204268262	shard_1004_batch_1.tar	50908672	209548	1619230208	2996784
14523	11516	AF-0000000211764377	shard_380_batch_3.tar	10491392	119764	450375680	968922
14523	11653	AF-0000000204268376	shard_988_batch_1.tar	179017728	206123	2490439168	2861044
14523	12313	AF-0000000204268295	shard_250_batch_1.tar	29305856	69749	403447808	287241
14523	12710	AF-0000000211806556	shard_410_batch_3.tar	71736320	132347	1227794944	1228447
14523	13690	AF-0000000204268386	shard_216_batch_1.tar	9897472	56126	115456000	183430
14523	13984	AF-0000000204268332	shard_228_batch_1.tar	18487808	60532	325051392	231220
14523	14409	AF-0000000211856388	shard_996_batch_1.tar	31642624	206968	3314417664	3099754
14523	15345	AF-0000000211868592	shard_404_batch_3.tar	17871872	131347	992848384	1174082
14523	15346	AF-0000000204268281	shard_1016_batch_1.tar	39886336	223797	1039766528	3487434
14525	2581	AF-0000000203465780	shard_268_batch_0.tar	57927680	72996	376635392	376190
14525	2789	AF-0000000203465782	shard_266_batch_0.tar	74432000	73208	477721088	375425
14525	2816	AF-0000000203465781	shard_280_batch_0.tar	45520384	77984	333342208	426454
14526	510	AF-0000000210019510	shard_262_batch_0.tar	30669312	70550	203601408	347965
14528	2640	AF-0000000210691086	shard_960_batch_0.tar	84219904	186055	604045824	2477406
14531	30	AF-0000000204740655	shard_930_batch_2.tar	31961088	180224	505896448	2268860
14531	866	AF-0000000210202897	shard_1066_batch_2.tar	2107392	262028	276615168	4814901
14531	2098	AF-0000000204740639	shard_994_batch_2.tar	103109632	211660	1154967040	3124189
14531	3408	AF-0000000204740729	shard_984_batch_2.tar	34493440	203461	1330918400	2900275
14531	4163	AF-0000000204740732	shard_890_batch_2.tar	22749696	164322	524219392	1889888
14531	6864	AF-0000000204740640	shard_1034_batch_2.tar	66958848	237462	711661056	3942312
14531	8207	AF-0000000204740718	shard_1056_batch_2.tar	10607616	250984	1119911936	4526874
14531	8921	AF-0000000204740719	shard_924_batch_2.tar	27332096	177172	407217152	2174294
14531	11350	AF-0000000204740662	shard_964_batch_2.tar	85441536	192239	532979712	2740152
14531	11351	AF-0000000211763776	shard_954_batch_2.tar	46049280	189652	455182336	2577442
14531	12005	AF-0000000204740721	shard_926_batch_2.tar	42409472	176847	417168384	2223880
14531	14428	AF-0000000204740725	shard_1074_batch_2.tar	109240320	277424	868506112	5419715
14532	1782	AF-0000000210453257	shard_318_batch_4.tar	27960832	92581	260557824	593084
14532	14996	AF-0000000211868602	shard_296_batch_3.tar	25201664	82597	282669568	482833
14533	6810	AF-0000000211634683	shard_1066_batch_1.tar	18876928	269166	1624580096	5277716
14534	1929	AF-0000000203922794	shard_1016_batch_1.tar	122663424	218322	3045314560	3558897
14535	1593	AF-0000000210427809	shard_286_batch_3.tar	21536256	81304	577398272	449094
14535	2442	AF-0000000210610514	shard_370_batch_3.tar	47906816	114125	439026176	888357
14535	4850	AF-0000000211090091	shard_894_batch_2.tar	47667712	162963	275936256	1845420
14535	5929	AF-0000000211292655	shard_286_batch_3.tar	3766784	81280	556590592	441646
14535	8812	AF-0000000211690890	shard_366_batch_3.tar	110148608	112766	417275904	876507
14536	2668	AF-0000000204019864	shard_1092_batch_1.tar	115894272	308577	5441963520	7313265
14536	3500	AF-0000000204019863	shard_1112_batch_0.tar	67336704	282034	3782433280	6293732
14536	14351	AF-0000000204019862	shard_1060_batch_1.tar	228456960	254745	4005306880	4942730
14537	787	AF-0000000204185424	shard_890_batch_1.tar	50062848	158444	568735744	1731475
14537	1743	AF-0000000204185387	shard_304_batch_1.tar	43887616	86007	608689664	541150
14537	2845	AF-0000000210736007	shard_346_batch_2.tar	56761856	103783	475282944	737947
14537	4299	AF-0000000204185412	shard_292_batch_1.tar	36403712	82462	267534336	485217
14537	4416	AF-0000000204185392	shard_306_batch_1.tar	43330560	86764	682451456	541510
14537	11281	AF-0000000204185372	shard_394_batch_2.tar	19106816	127935	250149888	1143858
14537	14903	AF-0000000204185381	shard_300_batch_1.tar	57688064	86077	166807040	498370
14537	15394	AF-0000000204185373	shard_394_batch_2.tar	8671744	127248	1060892672	1129487
14538	2939	AF-0000000203547476	shard_1018_batch_0.tar	115511808	217492	997458944	3332049
14538	3032	AF-0000000203547477	shard_898_batch_0.tar	117040128	162207	1810562048	1762576
14538	5778	AF-0000000203547492	shard_340_batch_0.tar	14551552	101855	219505152	643175
14538	6821	AF-0000000203547489	shard_1110_batch_0.tar	134912000	287109	3769114112	5576443
14538	12156	AF-0000000203547488	shard_416_batch_0.tar	83693056	137872	1368577536	1296415
14539	5033	AF-0000000211111343	shard_412_batch_2.tar	28227072	136286	1126333440	1214489
14540	2133	AF-0000000210500664	shard_994_batch_2.tar	48122368	207004	577257984	3012905
14540	2474	AF-0000000204740490	shard_1111_batch_0.tar	169558016	285369	4755569664	5761816
14540	2573	AF-0000000204740485	shard_954_batch_2.tar	52039680	186963	374404608	2570867
14540	2748	AF-0000000204740512	shard_916_batch_2.tar	3919360	169981	518806528	2092078
14540	2930	AF-0000000210754506	shard_928_batch_2.tar	38660096	178831	585088512	2236433
14540	3018	AF-0000000204740549	shard_982_batch_2.tar	79805440	201958	1538428416	2961198
14540	8207	AF-0000000204740535	shard_1048_batch_2.tar	78910464	242749	617161216	4128662
14540	8575	AF-0000000211689770	shard_1024_batch_2.tar	45971456	223788	1914216448	3485128
14540	10489	AF-0000000211730348	shard_1087_batch_0.tar	100752384	291231	3910906880	6407328
14540	12005	AF-0000000204740538	shard_906_batch_2.tar	60535808	168237	786411008	2000625
14540	13877	AF-0000000204740542	shard_1058_batch_2.tar	73456640	258973	2450191360	4853702
14540	13893	AF-0000000204740546	shard_1058_batch_2.tar	91748864	259352	2504855040	4854950
14540	14848	AF-0000000204740488	shard_894_batch_2.tar	65385984	165051	857917440	1900612
14541	5658	AF-0000000211288820	shard_446_batch_1.tar	86029824	156051	1768132096	1727061
14541	10337	AF-0000000203697463	shard_410_batch_0.tar	23595008	129563	1162183168	1255607
14542	6636	AF-0000000203870085	shard_982_batch_0.tar	60792832	198078	2917569536	2944178
14543	2438	AF-0000000210609789	shard_1008_batch_2.tar	35269632	218065	383228928	3385065
14543	6527	AF-0000000211631934	shard_1113_batch_0.tar	207587840	287469	1291325952	6093804
14543	14573	AF-0000000211868613	shard_1147_batch_0.tar	243127808	314866	7107904512	7255368
14545	545	AF-0000000204145719	shard_320_batch_1.tar	28270080	89854	263050240	551331
14545	1019	AF-0000000204145706	shard_1022_batch_1.tar	70694400	226684	3120011264	3593612
14545	2306	AF-0000000204145701	shard_348_batch_2.tar	63230976	101496	913515520	738383
14545	4775	AF-0000000211069678	shard_390_batch_2.tar	37967360	120628	615864832	1045475
14545	7007	AF-0000000211638217	shard_412_batch_2.tar	107792384	130519	610933248	1220090
14547	3851	AF-0000000210973094	shard_946_batch_0.tar	118686720	178617	2348288000	2279672
14547	4135	AF-0000000210998294	shard_446_batch_1.tar	82758144	152089	1059388416	1645147
14547	4853	AF-0000000203860216	shard_326_batch_1.tar	18299904	91806	382155776	604142
14547	6523	AF-0000000203860221	shard_320_batch_1.tar	56709120	90099	406730240	584764
14547	7016	AF-0000000203860220	shard_320_batch_1.tar	78241792	90282	393618944	586091
14547	8078	AF-0000000203860222	shard_330_batch_1.tar	91916288	94640	836611072	623184
14547	13737	AF-0000000203860224	shard_362_batch_1.tar	52193792	105974	246713344	813403
14547	15103	AF-0000000203860223	shard_352_batch_1.tar	30794240	102017	404341760	755645
14550	9944	AF-0000000204266672	shard_424_batch_3.tar	34630656	137504	1336486912	1317783
14552	2658	AF-0000000204008268	shard_234_batch_0.tar	22367744	63235	242823168	267779
14553	1831	AF-0000000210454167	shard_1158_batch_0.tar	187554816	331329	7944813056	7651073
14553	2204	AF-0000000210502218	shard_1098_batch_0.tar	1004032	330971	3289228800	7539681
14553	2363	AF-0000000203763919	shard_1048_batch_0.tar	115264512	248285	747542528	4354319
14553	3367	AF-0000000203763946	shard_1116_batch_0.tar	224924160	288304	4971329024	5735692
14553	3370	AF-0000000210851379	shard_1176_batch_0.tar	172350464	379074	5773432832	9901101
14553	3412	AF-0000000210884644	shard_1052_batch_0.tar	38554624	252391	3174320128	4468870
14553	4828	AF-0000000203763928	shard_1172_batch_0.tar	240133632	359164	5468569088	9054859
14553	5049	AF-0000000211112946	shard_1086_batch_0.tar	212356096	291255	1054113792	5878853
14553	6570	AF-0000000211632254	shard_1090_batch_0.tar	274043904	299238	4496676864	6294662
14553	6684	AF-0000000211633476	shard_1174_batch_0.tar	302866944	374547	1336530944	9712447
14553	6866	AF-0000000211635397	shard_1038_batch_0.tar	50078720	237627	1284931072	3967830
14553	7047	AF-0000000203763894	shard_1056_batch_0.tar	206681600	250213	3966822912	4534420
14553	7731	AF-0000000211658854	shard_1118_batch_0.tar	187860992	292162	1534104576	5811707
14553	7894	AF-0000000211673750	shard_1148_batch_0.tar	196141056	315939	1116491264	6884487
14553	10230	AF-0000000203763944	shard_1090_batch_0.tar	14730752	304419	6666327040	6559934
14553	11270	AF-0000000211752203	shard_1062_batch_0.tar	28202496	258073	5176241664	4627878
14553	12236	AF-0000000203763920	shard_1022_batch_0.tar	178339840	228099	3770795520	3596585
14553	14569	AF-0000000211868625	shard_1166_batch_0.tar	29522944	345359	3125996032	8140912
14555	4294	AF-0000000211026995	shard_352_batch_2.tar	59999744	106649	237188096	806740
14556	1492	AF-0000000203565120	shard_1022_batch_0.tar	153192448	223491	932231168	3456645
14556	1921	AF-0000000203565102	shard_1036_batch_0.tar	7019520	235497	2513512960	3774078
14556	2082	AF-0000000203565087	shard_1008_batch_0.tar	214101504	213559	1739639296	3155177
14556	2083	AF-0000000203565088	shard_1004_batch_0.tar	38623744	211821	2737679360	3073330
14556	2187	AF-0000000210501984	shard_1170_batch_0.tar	316820480	349218	6062905344	8426193
14556	2340	AF-0000000203565072	shard_992_batch_0.tar	61785600	202067	2143497728	2832989
14556	2952	AF-0000000203565099	shard_1172_batch_0.tar	15823360	369679	4764371968	8521494
14556	3500	AF-0000000203565131	shard_1130_batch_0.tar	24025600	293288	3397266944	6210236
14556	4213	AF-0000000203565169	shard_984_batch_0.tar	139291136	198551	1199702528	2752520
14556	4448	AF-0000000203565121	shard_1024_batch_0.tar	209117696	223906	3657008640	3466186
14556	5898	AF-0000000203565113	shard_1110_batch_0.tar	66667520	282360	3964771840	5254385
14556	6024	AF-0000000203565073	shard_1148_batch_0.tar	176390656	306244	5344173568	7053927
14556	6496	AF-0000000203565146	shard_1010_batch_0.tar	51546624	214160	3157603328	3237041
14556	6497	AF-0000000203565147	shard_1008_batch_0.tar	176911872	214207	2262010880	3210486
14556	6733	AF-0000000211634016	shard_1082_batch_0.tar	171357696	281641	5550358528	5699750
14556	7767	AF-0000000203565127	shard_1082_batch_0.tar	266316800	276940	1780702720	5565441
14556	8651	AF-0000000203565094	shard_990_batch_0.tar	131082240	203074	3199328256	2885477
14556	8813	AF-0000000203565111	shard_1166_batch_0.tar	291739136	341385	7071180288	8062020
14556	8942	AF-0000000203565119	shard_1022_batch_0.tar	59877888	223115	536353792	3447547
14556	8946	AF-0000000203565148	shard_1030_batch_0.tar	44683264	225666	1655691264	3635889
14556	9238	AF-0000000211693455	shard_1068_batch_0.tar	49116672	263445	5399071232	4994071
14556	11466	AF-0000000203565106	shard_990_batch_0.tar	127825920	202685	662027264	2859266
14556	12988	AF-0000000203565077	shard_1042_batch_0.tar	30630400	235773	2769840640	3912192
14556	13679	AF-0000000203565141	shard_1098_batch_0.tar	76168192	311867	2947468800	7056457
14556	13714	AF-0000000211808834	shard_1144_batch_0.tar	57105408	307037	2463737344	6450292
14556	14328	AF-0000000203565095	shard_1078_batch_0.tar	197160960	275219	1558318592	5245249
14556	15235	AF-0000000211868629	shard_1048_batch_0.tar	209410560	241063	3089110528	4217955
14558	2976	AF-0000000210763638	shard_968_batch_1.tar	159137280	185099	1154782208	2461528
14558	5649	AF-0000000211288573	shard_938_batch_1.tar	21778944	173382	1799348224	2105964
14558	6976	AF-0000000211637850	shard_1132_batch_0.tar	7159296	279986	3896414208	5813195
14558	7406	AF-0000000211650613	shard_1166_batch_0.tar	27801600	340702	5843641856	7867230
14558	7524	AF-0000000211652879	shard_1168_batch_0.tar	167140864	340113	5548049920	8024904
14558	9223	AF-0000000211693295	shard_932_batch_1.tar	91980288	171193	2332859904	2063970
14558	10067	AF-0000000211697592	shard_1126_batch_0.tar	202753536	277920	3597429248	5648150
14558	10354	AF-0000000211729639	shard_1054_batch_1.tar	122301440	242484	3836035072	4207736
14558	10600	AF-0000000211744249	shard_940_batch_1.tar	139837440	174266	1134175232	2159882
14558	11754	AF-0000000211765312	shard_998_batch_1.tar	21006848	201492	2762499072	2955611
14558	11768	AF-0000000211765451	shard_926_batch_1.tar	56122880	166203	1975037440	1995254
14558	12487	AF-0000000211805971	shard_966_batch_1.tar	116585472	184644	2843052544	2440666
14558	14895	AF-0000000211868633	shard_1010_batch_1.tar	127233536	208930	3321861632	3106384
14558	14982	AF-0000000211868634	shard_902_batch_1.tar	67396096	158364	1490189824	1813889
14558	15284	AF-0000000211868637	shard_1026_batch_1.tar	89430016	217747	3882994176	3492543
14559	934	AF-0000000210203688	shard_1187_batch_0.tar	59791872	400291	2525787648	10921172
14559	1477	AF-0000000210385437	shard_1136_batch_0.tar	58718720	292667	2957658624	6217563
14559	3871	AF-0000000210976907	shard_1078_batch_2.tar	59140608	270661	1658432512	5131064
14559	4145	AF-0000000210999866	shard_1130_batch_0.tar	20463104	288934	4022850048	5663277
14559	5319	AF-0000000211285460	shard_1052_batch_2.tar	27852800	239952	1069444096	4083057
14559	5808	AF-0000000211290051	shard_1183_batch_0.tar	28030464	378504	977346560	10313222
14559	7180	AF-0000000211642399	shard_1173_batch_0.tar	94605312	355775	9634015232	8848666
14559	7319	AF-0000000211648308	shard_1164_batch_0.tar	224045056	326480	4453049856	7449305
14559	8149	AF-0000000211678797	shard_1168_batch_0.tar	132418560	342842	5182052864	8206097
14559	8194	AF-0000000211679194	shard_1175_batch_0.tar	99184640	360226	4389529600	9130343
14559	11081	AF-0000000211751665	shard_1096_batch_2.tar	51547136	308645	5829727744	6826884
14559	12712	AF-0000000211806573	shard_1072_batch_2.tar	125879808	262227	2201076736	4914150
14559	14042	AF-0000000211809378	shard_1163_batch_0.tar	219939840	330141	4085044736	7539520
14559	14117	AF-0000000211809472	shard_1044_batch_2.tar	19844096	232817	1473700352	3741092
14560	3247	AF-0000000210815765	shard_366_batch_0.tar	68762112	110687	989523968	902605
14561	206	AF-0000000209936631	shard_1186_batch_0.tar	169160704	415653	5384333824	12709078
14561	5707	AF-0000000203546336	shard_1182_batch_0.tar	59684352	391610	2828692480	11733707
14562	533	AF-0000000203929115	shard_436_batch_1.tar	50292736	147089	1028510720	1518228
14562	2285	AF-0000000210547176	shard_898_batch_1.tar	512	154084	764448768	1786489
14562	5385	AF-0000000203929111	shard_434_batch_1.tar	82655232	144648	1617835520	1474951
14562	5933	AF-0000000203929114	shard_432_batch_1.tar	114985984	143935	1391408640	1457458
14562	6649	AF-0000000203929110	shard_432_batch_1.tar	131504640	142211	1395820544	1446552
14562	6846	AF-0000000203929113	shard_418_batch_1.tar	96230400	138115	1547213312	1320847
14562	7285	AF-0000000203929112	shard_440_batch_2.tar	100374016	149924	605067776	1544501
14565	1154	AF-0000000205110904	shard_336_batch_4.tar	13740544	102433	369265152	721916
14565	1616	AF-0000000205110899	shard_306_batch_4.tar	37113344	89071	646915584	535887
14565	2316	AF-0000000205110869	shard_302_batch_4.tar	7578624	88647	417493504	520851
14565	2325	AF-0000000210561546	shard_308_batch_4.tar	77504000	90191	692149248	564542
14565	2691	AF-0000000205110870	shard_302_batch_4.tar	14009856	88307	602711040	524419
14565	2990	AF-0000000210765573	shard_258_batch_4.tar	59444736	72297	259429888	343633
14565	3361	AF-0000000205110856	shard_302_batch_4.tar	22734848	86976	617592832	519497
14565	5247	AF-0000000205110895	shard_302_batch_4.tar	22470144	87061	587843072	520743
14565	5789	AF-0000000205110900	shard_312_batch_4.tar	40617472	91573	362381824	571411
14565	6087	AF-0000000205110881	shard_1057_batch_0.tar	186807808	249755	4460127232	4320676
14567	3906	AF-0000000203589456	shard_908_batch_0.tar	109254656	166796	1141053440	1940389
14567	5688	AF-0000000211289161	shard_1022_batch_0.tar	69772288	221185	2352713728	3375234
14570	7709	AF-0000000211658455	shard_368_batch_2.tar	6127616	113728	545265152	899010
14570	8424	AF-0000000211680651	shard_962_batch_1.tar	117977600	190840	2215695872	2362325
14570	9045	AF-0000000211692333	shard_924_batch_1.tar	152849920	170150	1498565632	2129744
14570	10458	AF-0000000211730205	shard_304_batch_2.tar	15613440	88419	508201984	513878
14570	10554	AF-0000000211730663	shard_320_batch_2.tar	53907456	94317	661027840	584514
14570	11673	AF-0000000211764835	shard_416_batch_3.tar	26401792	137622	380224512	1339521
14570	14714	AF-0000000211868674	shard_942_batch_1.tar	120208384	179265	1009031168	2233417
14570	15174	AF-0000000211868678	shard_364_batch_2.tar	55315456	109949	657850368	852312
14571	4587	AF-0000000211060237	shard_330_batch_0.tar	50508288	99701	376958976	667272
14571	9194	AF-0000000211693102	shard_330_batch_0.tar	40071680	99812	642985472	668986
14573	6527	AF-0000000211631935	shard_1113_batch_0.tar	173020160	287191	5590151680	6049848
14573	6572	AF-0000000204759009	shard_1091_batch_0.tar	202820608	308516	6280078848	6982583
14574	5633	AF-0000000211288380	shard_254_batch_0.tar	5793280	72891	180136960	315063
14575	4028	AF-0000000210992366	shard_396_batch_1.tar	121823232	127665	312044032	1144715
14577	3224	AF-0000000210810697	shard_422_batch_3.tar	109502976	138453	739701760	1354301
14577	6410	AF-0000000211630717	shard_894_batch_1.tar	161200640	156582	1843162624	1703515
14577	6621	AF-0000000211632881	shard_908_batch_1.tar	19344384	162347	2203113984	1835494
14578	849	AF-0000000203972176	shard_190_batch_0.tar	15308800	45767	132149248	124634
14578	3068	AF-0000000203972133	shard_238_batch_0.tar	54789632	60576	308105728	247554
14578	4010	AF-0000000203972137	shard_248_batch_0.tar	36434944	67455	146298368	298634
14578	4108	AF-0000000203972143	shard_194_batch_0.tar	39590912	47987	103036928	139059
14578	4241	AF-0000000203972138	shard_184_batch_0.tar	2961408	42284	149153792	102259
14578	4243	AF-0000000203972139	shard_180_batch_0.tar	29879808	39560	131483648	87553
14578	4244	AF-0000000203972116	shard_186_batch_0.tar	24452096	43716	100202496	111886
14578	4245	AF-0000000203972118	shard_182_batch_0.tar	6660608	40455	98324992	94945
14578	4247	AF-0000000203972144	shard_192_batch_0.tar	18055168	46215	180517376	129131
14578	4249	AF-0000000203972117	shard_184_batch_0.tar	4036608	41415	149910528	100476
14578	4351	AF-0000000203972134	shard_242_batch_0.tar	65643008	62180	358611968	260260
14578	5530	AF-0000000211287548	shard_380_batch_1.tar	59607040	116026	648215552	951465
14578	7778	AF-0000000203972120	shard_186_batch_0.tar	16628736	42049	135336448	106623
14578	9486	AF-0000000203972158	shard_254_batch_0.tar	31365632	69530	372869120	314937
14578	10668	AF-0000000211744689	shard_400_batch_1.tar	76009472	127866	472015360	1031126
14578	10951	AF-0000000203972115	shard_198_batch_0.tar	2270208	48731	104553984	143093
14578	12515	AF-0000000203972119	shard_188_batch_0.tar	15673856	43653	107549184	110889
14578	13139	AF-0000000211807797	shard_194_batch_0.tar	39447040	46382	192036352	134736
14579	2576	AF-0000000210679666	shard_902_batch_0.tar	18091520	163519	734638080	2002158
14581	2647	AF-0000000203709854	shard_348_batch_0.tar	16675840	105245	444887552	826239
14581	4240	AF-0000000203709861	shard_302_batch_0.tar	67699200	87629	649633280	551563
14581	5346	AF-0000000211285745	shard_404_batch_1.tar	69563904	130837	716483584	1223681
14581	7786	AF-0000000203709821	shard_328_batch_0.tar	31954944	98163	616262144	686825
14581	9328	AF-0000000203709828	shard_412_batch_1.tar	35225600	134378	863358976	1330824
14581	12335	AF-0000000203709825	shard_316_batch_0.tar	75797504	93664	376546304	622374
14581	12494	AF-0000000203709889	shard_340_batch_0.tar	14343680	102500	243898880	762537
14581	13432	AF-0000000203709846	shard_280_batch_0.tar	12938752	78665	555836928	439576
14585	9454	AF-0000000203962413	shard_1118_batch_0.tar	199680000	282800	3207107584	5502185
14585	11305	AF-0000000203962408	shard_438_batch_2.tar	28353024	145573	1376856064	1513961
14585	11329	AF-0000000203962414	shard_952_batch_1.tar	37376512	177298	2438987264	2271414
14585	11594	AF-0000000203962407	shard_924_batch_1.tar	115375104	167875	2020990464	2066040
14586	1477	AF-0000000210385439	shard_976_batch_0.tar	5499904	195205	401396224	2812462
14587	881	AF-0000000210202940	shard_886_batch_0.tar	14046208	156697	1423955968	1857970
14587	2965	AF-0000000203706240	shard_964_batch_0.tar	17224704	191492	1055883264	2769247
14587	9213	AF-0000000203706230	shard_1042_batch_0.tar	71428096	240523	3539417600	4149735
14588	3413	AF-0000000210884689	shard_252_batch_3.tar	12663296	68916	177421312	310284
14588	4132	AF-0000000210997324	shard_234_batch_3.tar	20245504	63131	133513728	238321
14588	10826	AF-0000000211745401	shard_234_batch_3.tar	26603008	63471	285878272	234305
14588	14545	AF-0000000211868623	shard_254_batch_3.tar	5082112	69848	247331328	310303
14590	3371	AF-0000000210851619	shard_952_batch_2.tar	79048704	183524	744579584	2438002
14590	5463	AF-0000000211287068	shard_942_batch_2.tar	34845696	175842	247734272	2230484
14590	7368	AF-0000000204711304	shard_400_batch_4.tar	24310784	124823	1266462208	1146854
14590	8804	AF-0000000204711306	shard_914_batch_2.tar	38160384	164862	813598720	2046236
14590	10738	AF-0000000211744925	shard_952_batch_2.tar	49694720	180735	627152896	2424014
14590	14129	AF-0000000204711293	shard_1014_batch_2.tar	3061248	216419	1871012352	3404810
14592	1744	AF-0000000204236389	shard_434_batch_3.tar	92690432	145396	1241839616	1567786
14592	3312	AF-0000000204236385	shard_424_batch_3.tar	59128320	139964	526498816	1380758
14592	3313	AF-0000000204236358	shard_436_batch_3.tar	56167936	146773	602349568	1601252
14592	3314	AF-0000000204236359	shard_426_batch_3.tar	131897344	141731	553564672	1478859
14592	3315	AF-0000000204236353	shard_430_batch_3.tar	87811584	143058	1469226496	1521765
14592	3316	AF-0000000204236354	shard_428_batch_3.tar	56763904	141825	461804544	1476349
14592	3318	AF-0000000204236357	shard_434_batch_3.tar	439296	145654	373592064	1580893
14592	3741	AF-0000000204236377	shard_428_batch_3.tar	36744704	142216	687010816	1485948
14592	4186	AF-0000000204236376	shard_428_batch_3.tar	4042240	141994	293527552	1481832
14592	4278	AF-0000000204236370	shard_434_batch_3.tar	109016576	145515	696696832	1542237
14592	4315	AF-0000000204236368	shard_432_batch_3.tar	117300736	144419	911682048	1513202
14592	6972	AF-0000000204236364	shard_442_batch_3.tar	71041024	150489	1572852224	1671905
14592	8799	AF-0000000204236381	shard_426_batch_3.tar	73756672	141266	834821120	1413594
14592	9802	AF-0000000204236366	shard_880_batch_1.tar	37319168	151252	1704371200	1696967
14592	11120	AF-0000000211751800	shard_426_batch_3.tar	12144128	141033	714689536	1465621
14592	11753	AF-0000000204236363	shard_424_batch_3.tar	9925120	139651	799333376	1420847
14592	14156	AF-0000000211856059	shard_980_batch_1.tar	74003456	200201	2057591296	2937518
14592	14829	AF-0000000204236380	shard_426_batch_3.tar	30694912	141475	570828800	1427107
14593	11071	AF-0000000211751599	shard_932_batch_0.tar	85748224	177405	2436484096	2321702
14594	720	AF-0000000210037701	shard_284_batch_3.tar	9188864	79110	168799744	441612
14594	1267	AF-0000000204738606	shard_888_batch_2.tar	36229120	160011	227025920	1872522
14594	1545	AF-0000000210426806	shard_430_batch_4.tar	66589696	143278	848509440	1451891
14594	2516	AF-0000000210656703	shard_428_batch_4.tar	9036800	134073	1236012544	1329805
14594	2804	AF-0000000204738588	shard_338_batch_3.tar	25933824	99898	633214976	709726
14594	4988	AF-0000000204738597	shard_362_batch_4.tar	35614720	108673	406780416	859771
14594	6117	AF-0000000211607113	shard_394_batch_4.tar	53228544	122625	1044983808	1065830
14594	10420	AF-0000000204738598	shard_382_batch_4.tar	59337216	119904	1086199808	1027923
14594	11955	AF-0000000204738595	shard_376_batch_4.tar	86573568	115545	268445696	968960
14594	12521	AF-0000000204738586	shard_254_batch_3.tar	29153280	70037	269283328	319292
14594	13906	AF-0000000204738555	shard_408_batch_4.tar	103867392	130246	789394944	1191799
14595	1947	AF-0000000210473227	shard_1148_batch_0.tar	212835328	312251	1849172480	7751358
14595	2357	AF-0000000210575813	shard_1174_batch_0.tar	213732864	367878	895026688	10178491
14595	2453	AF-0000000210611631	shard_1148_batch_0.tar	215040512	312013	5617635328	7627743
14595	2989	AF-0000000210765432	shard_1176_batch_0.tar	32269312	369748	7989384192	10161608
14595	4124	AF-0000000210996027	shard_1034_batch_1.tar	194982912	231078	1223604224	4076811
14595	4199	AF-0000000203923485	shard_1176_batch_0.tar	41640448	376222	6864329728	10434578
14595	5918	AF-0000000203923486	shard_1176_batch_0.tar	54399488	373472	2222674432	10368334
14595	6747	AF-0000000211634166	shard_1172_batch_0.tar	215717888	360521	5873113088	9628557
14595	7037	AF-0000000203923493	shard_1032_batch_1.tar	35371520	233495	3082254848	3936283
14595	10252	AF-0000000203923482	shard_1068_batch_1.tar	121871872	265273	2785376768	5222090
14595	15224	AF-0000000203923491	shard_1146_batch_0.tar	244782080	309661	4535514624	7551487
14597	14743	AF-0000000203511973	shard_942_batch_0.tar	128524800	181704	1266780160	2459374
14598	24	AF-0000000204234060	shard_332_batch_2.tar	84882432	98659	820637184	636044
14598	4134	AF-0000000204234045	shard_366_batch_2.tar	32899584	111930	358697472	846330
14598	4159	AF-0000000204234043	shard_358_batch_2.tar	40378880	109837	393692672	793846
14598	4162	AF-0000000204234052	shard_378_batch_2.tar	114076160	117596	673111552	934896
14598	4163	AF-0000000204234053	shard_360_batch_2.tar	32281088	110345	622722048	811965
14598	4282	AF-0000000204234042	shard_358_batch_2.tar	70512640	109727	686350336	799878
14598	4308	AF-0000000204234039	shard_362_batch_2.tar	17010176	111451	466699264	811114
14598	4309	AF-0000000204234038	shard_352_batch_2.tar	4384256	106624	371737088	752584
14598	4366	AF-0000000204234049	shard_362_batch_2.tar	25131008	111571	597399552	835457
14598	4377	AF-0000000204234047	shard_362_batch_2.tar	7098368	111242	923626496	816432
14598	5571	AF-0000000204234057	shard_426_batch_3.tar	105740288	139699	400951808	1397370
14598	7743	AF-0000000204234054	shard_1118_batch_0.tar	274834944	282831	4369027584	6016782
14598	7790	AF-0000000204234041	shard_358_batch_2.tar	17385984	109559	498629632	793412
14598	11087	AF-0000000204234056	shard_360_batch_2.tar	65619968	110306	775025664	812602
14598	11419	AF-0000000204234044	shard_378_batch_2.tar	79642624	117229	922448384	918880
14598	13037	AF-0000000204234051	shard_370_batch_2.tar	113381376	114006	440829440	874901
14598	14332	AF-0000000204234046	shard_414_batch_3.tar	55172608	135504	721936384	1249817
14598	14778	AF-0000000204234048	shard_360_batch_2.tar	101772288	111009	470752256	807664
14599	2151	AF-0000000210501087	shard_920_batch_0.tar	28813824	171916	564664832	2200136
14599	4172	AF-0000000211004142	shard_918_batch_0.tar	145489920	171361	2187706368	2182694
14599	4173	AF-0000000211004151	shard_922_batch_0.tar	136733696	172901	2100173312	2232718
14599	4175	AF-0000000211004251	shard_926_batch_0.tar	19068928	174327	1269367808	2262030
14599	4207	AF-0000000211009656	shard_916_batch_0.tar	66244608	170365	380162048	2163773
14599	4277	AF-0000000211022949	shard_928_batch_0.tar	93838336	174270	1953783808	2319800
14599	4587	AF-0000000211060238	shard_918_batch_0.tar	104759296	171620	855701504	2179975
14599	8716	AF-0000000211690527	shard_1034_batch_0.tar	112333824	232706	2806038016	4008290
14599	9194	AF-0000000211693103	shard_918_batch_0.tar	150801920	171536	796192256	2188982
14599	13246	AF-0000000211808042	shard_916_batch_0.tar	28075008	171039	1250961408	2187471
14599	13482	AF-0000000211808533	shard_1022_batch_0.tar	59654144	223036	3131781120	3704012
14599	13916	AF-0000000211809198	shard_1072_batch_0.tar	213160448	267676	2475197952	5257557
14600	6857	AF-0000000203645964	shard_450_batch_0.tar	82852352	158334	944781312	1804345
14601	9469	AF-0000000204069853	shard_326_batch_1.tar	35715072	96330	388364800	630107
14602	3479	AF-0000000210905259	shard_436_batch_4.tar	126032384	149332	854069248	1559787
14602	4813	AF-0000000211085709	shard_396_batch_3.tar	1275904	124145	1310710784	1051911
14602	4905	AF-0000000211096553	shard_896_batch_2.tar	37469184	165259	375513088	1901185
14607	1755	AF-0000000205111430	shard_252_batch_3.tar	6601728	70358	164731904	310735
14611	1831	AF-0000000210454170	shard_1110_batch_0.tar	108251648	277380	2135414272	5214647
14611	1890	AF-0000000210455273	shard_1116_batch_0.tar	92071936	282601	6069579264	5248068
14611	4187	AF-0000000211006330	shard_422_batch_1.tar	101495296	137759	425226240	1291585
14611	13324	AF-0000000211808141	shard_418_batch_1.tar	107849728	134122	409892864	1224739
14611	13587	AF-0000000211808649	shard_420_batch_1.tar	72631296	134492	1593573376	1239744
14611	14318	AF-0000000211856283	shard_420_batch_1.tar	73183232	134824	1155256320	1249818
14611	14568	AF-0000000211868670	shard_920_batch_0.tar	55560192	170116	737085440	1910365
14616	31	AF-0000000203907706	shard_246_batch_0.tar	2711552	66378	356364288	295106
14616	6903	AF-0000000203907701	shard_226_batch_0.tar	28444160	59254	331825664	229069
14616	10515	AF-0000000203907700	shard_242_batch_0.tar	42584576	65047	268325888	279303
14616	11231	AF-0000000203907703	shard_230_batch_0.tar	4333056	61700	133565952	241105
14617	15229	AF-0000000211868711	shard_432_batch_0.tar	106468352	146230	1302608384	1552036
14619	10503	AF-0000000211730430	shard_300_batch_1.tar	47349760	87143	557540352	508798
14619	14374	AF-0000000211856359	shard_306_batch_1.tar	47064576	88620	459019264	528671
14621	349	AF-0000000203579634	shard_880_batch_0.tar	114335744	149845	704390144	1546774
14621	1885	AF-0000000210455105	shard_438_batch_0.tar	127568896	146712	1554796544	1457164
14621	1980	AF-0000000203579643	shard_946_batch_0.tar	136869888	179988	1703329792	2315325
14621	2477	AF-0000000210616126	shard_350_batch_0.tar	37553664	104122	601194496	693681
14621	2976	AF-0000000203579665	shard_376_batch_0.tar	112762368	115129	628573184	912396
14621	3031	AF-0000000203579644	shard_370_batch_0.tar	72001536	113455	271154688	868996
14621	4480	AF-0000000211048822	shard_940_batch_0.tar	65551360	180671	1601736704	2361610
14621	5017	AF-0000000211109313	shard_316_batch_0.tar	32836608	92832	191536640	565263
14621	5649	AF-0000000211288574	shard_344_batch_0.tar	90383360	103628	420707840	710383
14621	6497	AF-0000000203579670	shard_404_batch_0.tar	12967424	129273	389157888	1199808
14621	8339	AF-0000000211680201	shard_1038_batch_0.tar	137324544	226410	1111590912	3621861
14621	9223	AF-0000000211693296	shard_338_batch_0.tar	44931072	101583	283450368	670210
14621	9238	AF-0000000211693457	shard_938_batch_0.tar	86307328	178164	2142858240	2333115
14621	9850	AF-0000000203579698	shard_956_batch_0.tar	53327360	187931	1707140096	2328957
14621	9858	AF-0000000203579673	shard_334_batch_0.tar	16306176	97090	852786688	615575
14621	10064	AF-0000000211697522	shard_428_batch_0.tar	61625856	144488	1260864512	1460472
14621	10600	AF-0000000203579664	shard_346_batch_0.tar	88948736	104315	525639680	732148
14621	11073	AF-0000000203579646	shard_306_batch_0.tar	74549760	87324	385700864	506717
14621	11305	AF-0000000203579656	shard_338_batch_0.tar	33121280	100638	604083200	697357
14621	11853	AF-0000000211765813	shard_936_batch_0.tar	63036416	174292	1733906944	2169075
14621	12141	AF-0000000211792191	shard_314_batch_0.tar	17004544	89744	430662656	522222
14621	12487	AF-0000000203579672	shard_374_batch_0.tar	58726400	115203	266266112	901616
14621	13368	AF-0000000203579663	shard_326_batch_0.tar	86271488	96411	335424000	636431
14621	13741	AF-0000000203579645	shard_400_batch_0.tar	116850176	124483	997123584	1080153
14621	13793	AF-0000000203579635	shard_322_batch_0.tar	65860096	95020	307863552	559631
14621	14895	AF-0000000203579658	shard_422_batch_0.tar	34073600	138782	1202783232	1359374
14621	14982	AF-0000000203579674	shard_308_batch_0.tar	13204480	87798	344236032	530196
14622	620	AF-0000000210026077	shard_1042_batch_0.tar	165923840	242509	3354682368	3972805
14622	1255	AF-0000000210245157	shard_1010_batch_1.tar	150248960	217544	2517777920	3257602
14622	4139	AF-0000000210999168	shard_354_batch_1.tar	39059968	108946	943038464	788138
14622	4387	AF-0000000211046613	shard_258_batch_0.tar	63961088	72452	327345664	343230
14622	4596	AF-0000000211061170	shard_260_batch_0.tar	46134272	72373	449222656	341622
14622	4597	AF-0000000211061260	shard_258_batch_0.tar	50358784	72367	336125952	340151
14622	9538	AF-0000000211694946	shard_932_batch_1.tar	85074432	177423	1025319936	2089421
14622	14188	AF-0000000211856097	shard_390_batch_1.tar	28057600	125410	561955840	1046220
14623	2939	AF-0000000204661317	shard_980_batch_2.tar	61383168	195005	467290112	2654692
14623	3305	AF-0000000210845979	shard_438_batch_4.tar	56120832	149830	1714496512	1617801
14623	5393	AF-0000000211286315	shard_998_batch_2.tar	97955328	206663	883843584	2925261
14624	2939	AF-0000000204661257	shard_978_batch_2.tar	92421120	194045	354843136	2670107
14625	14982	AF-0000000211868717	shard_374_batch_1.tar	41058816	115703	491653120	928174
14626	5363	AF-0000000211286143	shard_1000_batch_0.tar	78982656	207989	3293176832	3249741
14626	14982	AF-0000000211868720	shard_388_batch_1.tar	85628416	123066	790702592	1024520
14627	2576	AF-0000000210679667	shard_920_batch_1.tar	136943616	169593	1808381952	2196316
14627	11501	AF-0000000203955888	shard_976_batch_1.tar	3568640	197322	605961216	2910536
14628	1476	AF-0000000203925411	shard_1060_batch_1.tar	164334592	253019	1255089664	4654507
14628	6417	AF-0000000203925405	shard_1168_batch_0.tar	124717056	346924	8205115904	8553037
14628	14125	AF-0000000203925421	shard_1032_batch_1.tar	230402560	230782	1766789632	3761541
14628	14196	AF-0000000203925404	shard_1140_batch_0.tar	295202304	298844	2806031360	6439841
14629	14776	AF-0000000211868724	shard_218_batch_0.tar	34435072	56384	123545600	200333
14631	4132	AF-0000000204099682	shard_338_batch_1.tar	67964928	102037	693020160	675766
14631	6036	AF-0000000211582416	shard_902_batch_1.tar	41154560	165967	1530573824	1866524
14631	6128	AF-0000000211607286	shard_962_batch_1.tar	5117952	188161	1972756992	2380064
14631	12492	AF-0000000204099701	shard_350_batch_1.tar	41104384	106587	695872000	744502
14631	13000	AF-0000000204099686	shard_342_batch_1.tar	5564416	102832	852797952	679987
14631	14013	AF-0000000204099703	shard_908_batch_1.tar	5383680	167436	1932219904	1891353
14632	1446	AF-0000000204860756	shard_1047_batch_0.tar	153745920	239657	2078622720	4094714
14632	1734	AF-0000000210430654	shard_1167_batch_0.tar	329824256	336029	7502297600	8002294
14632	1821	AF-0000000204860750	shard_945_batch_0.tar	172672000	178019	2332332544	2314319
14632	3216	AF-0000000204860753	shard_1129_batch_0.tar	233286656	292647	1353832448	6056483
14632	5919	AF-0000000211290820	shard_1169_batch_0.tar	245577728	344151	7136984576	8571700
14633	15138	AF-0000000203729989	shard_924_batch_0.tar	73570304	175096	923832832	2303600
14634	13920	AF-0000000204828660	shard_956_batch_2.tar	6219264	190613	291245568	2625338
14635	6339	AF-0000000211628412	shard_430_batch_2.tar	100391936	144590	1590181888	1458991
14635	10986	AF-0000000211751344	shard_364_batch_2.tar	92874240	110329	1042460672	892844
14635	11541	AF-0000000204136082	shard_378_batch_2.tar	31853056	119193	704629248	1023966
14636	5795	AF-0000000204081043	shard_900_batch_1.tar	89961984	159734	1669470720	1890978
14636	9778	AF-0000000211695949	shard_418_batch_2.tar	136156672	136141	725165568	1280374
14638	1972	AF-0000000204794944	shard_1161_batch_0.tar	99360256	321043	2220552704	7667964
14638	4132	AF-0000000204794933	shard_956_batch_2.tar	91790336	183430	1110512128	2421534
14638	7436	AF-0000000204794927	shard_1169_batch_0.tar	127840256	347363	8217023488	7606019
14638	10705	AF-0000000204794918	shard_986_batch_2.tar	72863744	199096	1624930304	2857610
14638	10826	AF-0000000204794932	shard_956_batch_2.tar	3583488	183834	652754944	2406829
14638	10847	AF-0000000204794928	shard_1123_batch_0.tar	242433024	281228	993971200	5728082
14638	11381	AF-0000000204794934	shard_956_batch_2.tar	8852992	184234	561418240	2410665
14638	11602	AF-0000000211764577	shard_1054_batch_2.tar	8016896	243054	1536624128	4303876
14638	12540	AF-0000000204794935	shard_958_batch_2.tar	58719744	184362	408059904	2444146
14638	13779	AF-0000000204794931	shard_956_batch_2.tar	5657600	183986	672716800	2399820
14640	7578	AF-0000000211653527	shard_930_batch_0.tar	117142016	177578	2057829888	2260836
14641	4400	AF-0000000211047647	shard_1014_batch_1.tar	206379520	215499	2945784832	3355334
14641	11940	AF-0000000211788705	shard_930_batch_1.tar	18738688	171406	1598425088	2156261
14641	15248	AF-0000000211868735	shard_996_batch_1.tar	67330048	203755	2229565952	2982122
14642	6458	AF-0000000211631131	shard_925_batch_0.tar	10801152	173494	2336550400	2086346
14646	9378	AF-0000000211694064	shard_972_batch_1.tar	6846976	198113	1646885376	2691833
14650	4085	AF-0000000204078660	shard_1162_batch_0.tar	62183936	336265	1983810560	8309206
14650	4460	AF-0000000204078679	shard_972_batch_1.tar	1179648	190293	2183197184	2712899
14650	5874	AF-0000000211290537	shard_942_batch_1.tar	68331520	180493	2570467328	2307995
14650	6570	AF-0000000211632256	shard_1056_batch_1.tar	121886208	247590	3656601600	4352391
14650	14764	AF-0000000204078647	shard_888_batch_1.tar	63800320	162341	1265849344	1874185
14653	2681	AF-0000000204745011	shard_344_batch_3.tar	58821120	103075	610239488	722874
14653	13176	AF-0000000204745006	shard_302_batch_3.tar	74441728	86905	307779584	520703
14653	15027	AF-0000000204744994	shard_348_batch_3.tar	6852608	105591	502536192	757807
14654	1742	AF-0000000204803672	shard_1042_batch_2.tar	104012288	234150	1467104768	4194789
14654	1836	AF-0000000204803662	shard_334_batch_4.tar	96419328	98265	420620800	717139
14654	1852	AF-0000000210454594	shard_244_batch_3.tar	45421568	64719	349713408	279087
14654	3879	AF-0000000204803661	shard_432_batch_4.tar	49960448	147173	622825984	1487370
14654	4906	AF-0000000204803665	shard_936_batch_2.tar	75064320	177475	349168128	2173584
14654	5424	AF-0000000211286591	shard_360_batch_4.tar	108900352	108863	1004559360	822605
14654	5644	AF-0000000204803674	shard_378_batch_4.tar	90182656	116860	1038160384	966020
14654	6208	AF-0000000204803670	shard_954_batch_2.tar	58416128	185281	1287838208	2465458
14654	6339	AF-0000000211628413	shard_392_batch_4.tar	39491584	123337	562711552	1035888
14654	8936	AF-0000000211691599	shard_418_batch_4.tar	103574528	136118	392919040	1331044
14654	9420	AF-0000000211694379	shard_972_batch_2.tar	8389632	196874	359008256	2636440
14654	11559	AF-0000000211764442	shard_968_batch_2.tar	95662080	194411	1487861248	2783227
14654	13720	AF-0000000204803669	shard_936_batch_2.tar	15895552	179303	543673344	2245590
14654	13789	AF-0000000204803675	shard_288_batch_3.tar	48490496	81879	597712384	456528
14654	13926	AF-0000000211809204	shard_426_batch_4.tar	56611328	144200	947284480	1460977
14656	3416	AF-0000000203466814	shard_434_batch_0.tar	94828544	142503	1481841152	1559614
14656	14840	AF-0000000203466817	shard_330_batch_0.tar	31229440	96463	230570496	668979
14657	2824	AF-0000000203466708	shard_340_batch_0.tar	65444352	101734	429337088	684120
14657	3416	AF-0000000203466707	shard_438_batch_0.tar	102248960	147986	1228696576	1621101
14657	14840	AF-0000000203466710	shard_340_batch_0.tar	3590656	101726	831091200	707633
14659	3561	AF-0000000210931734	shard_1096_batch_0.tar	20507648	318707	4665894400	7747124
14660	589	AF-0000000210024506	shard_258_batch_3.tar	70392832	68549	450995200	333047
14660	12506	AF-0000000204749242	shard_268_batch_3.tar	61325312	71029	480726528	375081
14662	2283	AF-0000000210544875	shard_950_batch_0.tar	13461504	175774	923921920	2254876
14662	2359	AF-0000000210576330	shard_930_batch_0.tar	18707456	166084	2121108992	2014476
14662	2851	AF-0000000210738331	shard_1012_batch_0.tar	97355776	208328	2080095232	3110124
14663	12198	AF-0000000211792399	shard_948_batch_0.tar	105043968	182287	1606432768	2470931
14663	14665	AF-0000000211868755	shard_1032_batch_0.tar	230027776	228100	2263091712	3783325
14663	15416	AF-0000000211868757	shard_948_batch_0.tar	97125376	183227	1762088448	2474690
14665	6733	AF-0000000211634017	shard_1060_batch_0.tar	193349120	253500	3560807424	4745492
14665	14664	AF-0000000211868758	shard_1036_batch_0.tar	129245184	231159	2906206720	3871492
14666	1595	AF-0000000203543975	shard_380_batch_0.tar	72697856	118090	414285824	950822
14666	2545	AF-0000000203543976	shard_304_batch_0.tar	14174208	85337	653934080	496789
14666	3127	AF-0000000210795864	shard_234_batch_0.tar	25022976	62551	175735296	240317
14666	3437	AF-0000000203543973	shard_222_batch_0.tar	34103296	58285	320207872	216025
14666	3851	AF-0000000210973096	shard_890_batch_0.tar	58002944	158777	2052504576	1767071
14666	6628	AF-0000000211632981	shard_438_batch_0.tar	66021376	146506	543194112	1518621
14667	3280	AF-0000000204811142	shard_977_batch_0.tar	152049152	200065	715021312	2840277
14668	4859	AF-0000000204149396	shard_994_batch_1.tar	184108032	203281	1837722112	2972641
14669	3660	AF-0000000210941636	shard_1030_batch_0.tar	155129856	224198	1795479040	3600997
14671	10091	AF-0000000203818759	shard_1054_batch_0.tar	224961024	250454	533286400	4229419
14671	14272	AF-0000000203818762	shard_1018_batch_0.tar	172726784	221088	3286303232	3281500
14676	1238	AF-0000000203979719	shard_956_batch_1.tar	22594560	187089	2592630784	2382772
14676	5882	AF-0000000203979702	shard_954_batch_1.tar	183265280	186365	1010565120	2336994
14676	13362	AF-0000000203979710	shard_914_batch_1.tar	56420352	168781	680238080	1987382
14676	13844	AF-0000000211809055	shard_1144_batch_0.tar	33598464	306493	7003061248	6352311
14677	584	AF-0000000204745836	shard_356_batch_4.tar	30826496	106041	880990208	811152
14677	1571	AF-0000000210427325	shard_320_batch_4.tar	13813248	93294	432547840	587751
14677	1807	AF-0000000204745825	shard_292_batch_3.tar	65739264	82356	207503360	462576
14677	2380	AF-0000000204745826	shard_286_batch_3.tar	55756288	79910	387340288	432619
14677	2462	AF-0000000204745827	shard_270_batch_3.tar	72901632	74682	186652160	370294
14677	3019	AF-0000000204745832	shard_378_batch_4.tar	5928960	114619	597594624	939148
14677	3072	AF-0000000210788843	shard_308_batch_3.tar	2163712	88873	603265536	540245
14677	3074	AF-0000000204745821	shard_296_batch_3.tar	24947200	84708	367562240	489169
14677	3440	AF-0000000204745828	shard_316_batch_3.tar	88349184	89151	676035072	556706
14677	3708	AF-0000000204745833	shard_358_batch_4.tar	1314304	107121	782230528	804061
14677	8318	AF-0000000204745831	shard_302_batch_3.tar	87522304	86320	448008704	517142
14677	15011	AF-0000000211868768	shard_316_batch_3.tar	29691904	91427	249346048	563528
14678	2854	AF-0000000203702263	shard_954_batch_0.tar	66710016	186417	1165692928	2604144
14678	3401	AF-0000000203702275	shard_962_batch_0.tar	17136640	187664	1816633344	2667302
14678	3636	AF-0000000210939440	shard_1008_batch_0.tar	181431808	216759	3566362624	3418280
14678	4318	AF-0000000203702274	shard_950_batch_0.tar	57901056	183878	1506781184	2536213
14678	6626	AF-0000000203702273	shard_1008_batch_0.tar	187209728	215863	1125510656	3367242
14678	6732	AF-0000000203702270	shard_948_batch_0.tar	179894784	183286	554881536	2549417
14678	10573	AF-0000000203702266	shard_926_batch_0.tar	120715776	174311	2017334784	2227841
14681	2854	AF-0000000203701817	shard_430_batch_1.tar	33430528	143750	573740032	1479309
14681	3401	AF-0000000203701821	shard_436_batch_1.tar	104923136	145786	833465856	1573311
14681	4280	AF-0000000203701824	shard_236_batch_0.tar	28298752	63391	332452352	266688
14681	13158	AF-0000000203701828	shard_302_batch_0.tar	33582080	88619	419077632	522819
14682	7798	AF-0000000211662556	shard_410_batch_0.tar	75585536	135347	593925632	1305367
14684	2780	AF-0000000203701293	shard_916_batch_0.tar	154004480	168174	1136696320	2101563
14684	2801	AF-0000000203701291	shard_918_batch_0.tar	81245696	169071	817126912	2161731
14684	4324	AF-0000000203701281	shard_410_batch_0.tar	56770560	133263	469968384	1313921
14684	6732	AF-0000000203701290	shard_918_batch_0.tar	84495872	169037	659276800	2160595
14684	14498	AF-0000000203701282	shard_410_batch_0.tar	96120320	133290	1365167616	1317063
14685	1695	AF-0000000203701420	shard_364_batch_0.tar	38151680	113137	676649472	876698
14685	2768	AF-0000000203701407	shard_888_batch_0.tar	142124544	158780	1863048704	1894713
14685	3397	AF-0000000210873398	shard_426_batch_1.tar	83252224	140383	1532346368	1370435
14685	4318	AF-0000000203701412	shard_890_batch_0.tar	101002240	159012	1210913280	1911963
14685	6732	AF-0000000203701405	shard_888_batch_0.tar	10891264	158078	342981632	1863793
14689	230	AF-0000000209937959	shard_436_batch_3.tar	75622400	151718	1109814272	1590895
14689	4163	AF-0000000204432539	shard_212_batch_2.tar	25288192	55059	179206144	182192
14689	12665	AF-0000000204432537	shard_432_batch_3.tar	3210752	147704	620197888	1523336
14691	1424	AF-0000000210384357	shard_944_batch_0.tar	103159296	183293	796423680	2263610
14691	6250	AF-0000000203464229	shard_414_batch_0.tar	115849728	134482	1374780928	1256473
14691	13865	AF-0000000211809104	shard_362_batch_0.tar	30067200	110492	221804544	805008
14692	2147	AF-0000000210501027	shard_448_batch_3.tar	71939584	155395	1346051072	1709715
14692	2847	AF-0000000204432162	shard_406_batch_3.tar	113584640	124157	725774848	1174402
14692	6521	AF-0000000211631896	shard_402_batch_3.tar	63169024	129246	398085120	1199557
14692	8185	AF-0000000211679133	shard_420_batch_3.tar	121967616	141518	1182473216	1315883
14692	9233	AF-0000000204432168	shard_412_batch_3.tar	113037824	133203	881875968	1284234
14692	10222	AF-0000000211729069	shard_416_batch_3.tar	80790528	139871	440914432	1324260
14692	11614	AF-0000000204432173	shard_1078_batch_2.tar	12508672	281375	2532819456	5374039
14693	10319	AF-0000000203606639	shard_890_batch_0.tar	59137024	163701	1420118016	1929273
14694	6684	AF-0000000211633477	shard_1072_batch_2.tar	17563648	270924	929800192	5142902
14695	1782	AF-0000000210453258	shard_330_batch_1.tar	77451776	98290	769461248	662041
14696	233	AF-0000000209938002	shard_388_batch_0.tar	88283648	126649	1166907904	999145
14696	270	AF-0000000209938333	shard_902_batch_0.tar	32543232	165094	1604269056	1769928
14696	4477	AF-0000000211048770	shard_422_batch_0.tar	106385920	142958	1264480256	1253773
14696	5650	AF-0000000211288586	shard_976_batch_0.tar	195366912	201903	782177280	2559472
14696	14855	AF-0000000211868776	shard_944_batch_0.tar	65862144	183694	2113859072	2349016
14697	1477	AF-0000000210385440	shard_926_batch_0.tar	153737216	173074	411899392	2201434
14698	1477	AF-0000000210385441	shard_934_batch_0.tar	63256576	176057	1288726528	2265164
14699	1973	AF-0000000204825184	shard_899_batch_0.tar	82475520	162919	2088561664	1918171
14699	2941	AF-0000000204825192	shard_380_batch_4.tar	31664128	117593	589611520	1003552
14699	2943	AF-0000000204825193	shard_382_batch_4.tar	49838592	119359	782503424	1036668
14699	6544	AF-0000000204825186	shard_436_batch_4.tar	78844416	147323	950994432	1593505
14699	6547	AF-0000000204825189	shard_917_batch_0.tar	69263360	165261	2328916480	2075807
14699	7252	AF-0000000211644047	shard_436_batch_4.tar	14503424	150193	1721304576	1629242
14699	9668	AF-0000000204825190	shard_366_batch_4.tar	43167232	112615	415310848	934020
14699	13919	AF-0000000204825187	shard_446_batch_4.tar	84238848	152942	1628588544	1741954
14700	3561	AF-0000000203825409	shard_1116_batch_0.tar	19409920	288319	4572344832	6403491
14700	5158	AF-0000000203825406	shard_1108_batch_0.tar	9560064	280371	4337937408	6146978
14700	5808	AF-0000000211290053	shard_1160_batch_0.tar	101100544	330182	1208750080	8363561
14700	6189	AF-0000000203825407	shard_1108_batch_0.tar	130657280	278930	3119589376	6178894
14700	7153	AF-0000000203825408	shard_1118_batch_0.tar	3429888	288661	4003339264	6432996
14700	7157	AF-0000000211641742	shard_1118_batch_0.tar	146266112	287585	1452495360	6402104
14702	12788	AF-0000000204144948	shard_430_batch_2.tar	140639744	146383	881857536	1542576
14704	2568	AF-0000000203887158	shard_264_batch_0.tar	56931840	73792	487304704	368485
14704	10142	AF-0000000203887155	shard_228_batch_0.tar	27008512	59219	137504256	236196
14704	14026	AF-0000000203887159	shard_386_batch_1.tar	51028992	122379	964291584	1064623
14705	2989	AF-0000000210765433	shard_1012_batch_0.tar	93650432	216595	3693593600	3526798
14705	6228	AF-0000000211621908	shard_400_batch_1.tar	85897728	126635	475353600	1189905
14706	12741	AF-0000000211806680	shard_886_batch_2.tar	45123072	154348	685735424	1709751
14707	7064	AF-0000000211638794	shard_392_batch_0.tar	52239872	119099	1117393408	963682
14708	10337	AF-0000000203697454	shard_382_batch_0.tar	80092160	115633	1155403264	985868
14710	1426	AF-0000000210384520	shard_1186_batch_0.tar	17091072	396982	4839057408	10416507
14711	2133	AF-0000000210500665	shard_396_batch_4.tar	107747328	124889	844700160	1096366
14711	2860	AF-0000000204748667	shard_254_batch_3.tar	25164288	68902	343197696	327362
14711	4132	AF-0000000204748665	shard_248_batch_3.tar	6618624	68207	146531328	311236
14711	6065	AF-0000000204748675	shard_454_batch_4.tar	9592832	159049	1024386560	1733806
14711	6242	AF-0000000211622173	shard_402_batch_4.tar	92361216	126995	283471360	1148286
14711	12030	AF-0000000204748674	shard_450_batch_4.tar	150024192	155958	1326960640	1675358
14711	12540	AF-0000000204748671	shard_252_batch_3.tar	36896768	69262	167244288	324563
14714	5456	AF-0000000211286994	shard_1144_batch_0.tar	216305664	302591	1552858624	6419730
14715	8072	AF-0000000203619969	shard_274_batch_0.tar	57893888	78312	507596288	399918
14719	1368	AF-0000000210383057	shard_400_batch_3.tar	31959040	127753	768312832	1125597
14719	4548	AF-0000000204630234	shard_312_batch_3.tar	64895488	89034	679820288	545953
14719	4706	AF-0000000211068388	shard_394_batch_3.tar	68278784	123968	893612544	1075660
14719	4731	AF-0000000211068899	shard_418_batch_3.tar	133391360	135619	926121472	1287990
14719	14963	AF-0000000204630238	shard_312_batch_3.tar	9396224	89508	480222720	559628
14719	15278	AF-0000000204630233	shard_424_batch_4.tar	120540672	138762	939961856	1333537
14720	4700	AF-0000000203905371	shard_356_batch_1.tar	67621888	110057	223107584	812274
14722	3737	AF-0000000210954362	shard_326_batch_3.tar	5160960	100173	254535168	605118
14723	8228	AF-0000000211679478	shard_906_batch_2.tar	73869312	166812	258363392	1955964
14723	10379	AF-0000000211729719	shard_446_batch_4.tar	83618816	156279	773016576	1666873
14724	1842	AF-0000000203883409	shard_228_batch_0.tar	17170432	59873	340134400	236343
14724	1852	AF-0000000210454595	shard_208_batch_0.tar	26400768	51387	227737088	176624
14726	2499	AF-0000000204166156	shard_446_batch_3.tar	98143232	152008	849549312	1727476
14726	13237	AF-0000000211808012	shard_1010_batch_1.tar	19526144	218628	1127294464	3394495
14726	15360	AF-0000000204166157	shard_952_batch_1.tar	151105536	183554	2794828800	2451456
14727	209	AF-0000000209937786	shard_980_batch_0.tar	86879232	202151	2663256576	2884881
14727	13237	AF-0000000211808013	shard_898_batch_0.tar	147064832	168964	1878894080	1984033
14727	13562	AF-0000000203679170	shard_236_batch_0.tar	34031616	64647	172617216	253477
14727	14461	AF-0000000203679169	shard_908_batch_0.tar	15808512	171323	1310172160	2064730
14729	6717	AF-0000000211633801	shard_416_batch_1.tar	10387456	138724	289268224	1371171
14732	627	AF-0000000204259876	shard_324_batch_2.tar	33970688	95890	799555584	589870
14732	2829	AF-0000000210732771	shard_324_batch_2.tar	93377024	95628	474553856	591658
14733	2829	AF-0000000210732772	shard_334_batch_2.tar	44804608	99648	737254912	646466
14733	14408	AF-0000000211856385	shard_274_batch_1.tar	8767488	77075	323655168	380280
14734	10680	AF-0000000211744721	shard_936_batch_1.tar	84868608	175875	856337920	2156200
14735	2228	AF-0000000203513389	shard_412_batch_0.tar	50342912	134775	1310153216	1233872
14735	2696	AF-0000000203513390	shard_898_batch_0.tar	54381056	164044	364980736	1858994
14735	3416	AF-0000000203513357	shard_432_batch_0.tar	106913280	143983	1714603520	1539043
14735	4136	AF-0000000203513340	shard_404_batch_0.tar	28426240	129904	789625344	1174879
14735	4168	AF-0000000203513347	shard_404_batch_0.tar	40349696	131185	938870272	1159497
14735	4265	AF-0000000203513339	shard_406_batch_0.tar	58822656	130238	775776768	1185058
14735	4362	AF-0000000203513342	shard_404_batch_0.tar	523264	130119	1121501184	1220712
14735	4376	AF-0000000203513341	shard_406_batch_0.tar	130966528	130499	532060160	1234705
14735	4379	AF-0000000203513344	shard_406_batch_0.tar	8697856	130396	1425556992	1206080
14735	4460	AF-0000000203513404	shard_882_batch_0.tar	1379840	147604	1394126336	1653692
14735	6758	AF-0000000203513382	shard_958_batch_0.tar	103247360	189808	2525428736	2691197
14735	7551	AF-0000000211653172	shard_1066_batch_0.tar	135176192	257305	1721683968	4683355
14735	9840	AF-0000000211696273	shard_430_batch_0.tar	27955200	145600	1629628928	1495979
14735	10891	AF-0000000203513346	shard_404_batch_0.tar	92068352	130822	1423851520	1167443
14735	12850	AF-0000000203513358	shard_434_batch_0.tar	128185856	145674	633694720	1535117
14735	15080	AF-0000000203513350	shard_404_batch_0.tar	17781760	128826	1427454976	1173292
14735	15237	AF-0000000203513367	shard_338_batch_0.tar	49800704	100781	361535488	718442
14736	187	AF-0000000209934637	shard_394_batch_0.tar	112856064	126565	888744448	1034696
14736	4186	AF-0000000203680528	shard_248_batch_0.tar	63194112	67413	355059200	269846
14736	15023	AF-0000000203680514	shard_240_batch_0.tar	10188288	63508	374048256	245882
14737	6527	AF-0000000211631936	shard_1077_batch_0.tar	179564544	277191	5709902336	5659459
14737	6572	AF-0000000204758955	shard_1129_batch_0.tar	74515456	297837	4595783168	6636275
14737	6714	AF-0000000204758944	shard_1143_batch_0.tar	271500800	309374	3621719040	6925164
14737	7931	AF-0000000211674272	shard_1165_batch_0.tar	317891584	341119	1370965504	8935621
14737	14543	AF-0000000211868614	shard_1091_batch_0.tar	159239168	305533	5864497664	6740016
14737	14573	AF-0000000204758954	shard_1091_batch_0.tar	26569728	304720	4212032000	6828626
14738	1440	AF-0000000204829210	shard_1073_batch_0.tar	223371264	272440	4834394624	5498124
14738	3358	AF-0000000204829212	shard_1161_batch_0.tar	245987840	333215	5053061120	7884376
14738	3500	AF-0000000204829230	shard_1131_batch_0.tar	248849408	296617	2579539456	6580232
14738	3661	AF-0000000204829211	shard_1077_batch_0.tar	76044288	275822	3768680960	5512720
14738	3954	AF-0000000204829202	shard_906_batch_2.tar	55862272	167476	223293952	2060037
14738	6052	AF-0000000204829209	shard_998_batch_2.tar	72388096	208489	340678144	3289582
14738	6345	AF-0000000204829216	shard_1065_batch_0.tar	208173056	263426	2382878720	5075890
14738	6861	AF-0000000204829240	shard_967_batch_0.tar	150391808	192882	1912180736	2772092
14738	7014	AF-0000000211638309	shard_967_batch_0.tar	97475072	194116	2134272512	2773493
14738	8817	AF-0000000204829220	shard_950_batch_2.tar	14471168	185714	1353677824	2591043
14738	8932	AF-0000000204829208	shard_1042_batch_2.tar	25622016	239773	2005986816	4286002
14738	13256	AF-0000000204829228	shard_1023_batch_0.tar	186020864	226047	696994304	3763937
14738	15174	AF-0000000204829236	shard_1003_batch_0.tar	86260736	210401	2548725248	3286122
14739	9802	AF-0000000204236513	shard_432_batch_3.tar	82882560	145669	1057222656	1546310
14739	14156	AF-0000000211856060	shard_966_batch_1.tar	129247744	194213	2370544128	2745844
14739	14829	AF-0000000204236521	shard_414_batch_3.tar	11735040	135982	311137280	1273474
14741	2563	AF-0000000210677167	shard_386_batch_1.tar	96625152	122669	518526464	1022016
14741	4144	AF-0000000203738489	shard_386_batch_1.tar	12928000	122353	1235064832	1024601
14742	5699	AF-0000000211289259	shard_406_batch_0.tar	57766400	132824	678921728	1160683
14743	4173	AF-0000000203636407	shard_924_batch_0.tar	6107136	172566	1823073792	2238164
14743	4175	AF-0000000203636406	shard_926_batch_0.tar	89379328	173680	2217881088	2275079
14743	4587	AF-0000000203636403	shard_920_batch_0.tar	99037184	171302	1259216896	2193169
14743	5285	AF-0000000203636405	shard_924_batch_0.tar	6621696	172778	2317690368	2233813
14743	13246	AF-0000000203636408	shard_918_batch_0.tar	102864384	170750	632220672	2187981
14744	2381	AF-0000000204761546	shard_304_batch_3.tar	18430464	85405	351250432	498045
14746	718	AF-0000000204164980	shard_388_batch_2.tar	64522240	124876	608617472	997764
14746	2886	AF-0000000204164976	shard_322_batch_2.tar	34812928	95555	752678400	613307
14746	5413	AF-0000000204165009	shard_448_batch_2.tar	6128128	155718	1114649088	1708447
14746	6306	AF-0000000204164982	shard_374_batch_2.tar	61951488	116020	359769600	889924
14746	10424	AF-0000000204164993	shard_318_batch_2.tar	40032256	94584	236163072	595262
14746	13756	AF-0000000204164989	shard_430_batch_2.tar	118399488	145293	1268286464	1432027
14750	6570	AF-0000000211632258	shard_1074_batch_0.tar	246663680	267371	3957372416	4965424
14750	13443	AF-0000000211808418	shard_900_batch_0.tar	164080128	164142	2217582592	1838391
14752	2227	AF-0000000204272832	shard_450_batch_3.tar	114386432	158112	362378752	1772991
14752	6458	AF-0000000204272850	shard_952_batch_1.tar	156846080	185775	1300796416	2383802
14752	8207	AF-0000000204272853	shard_976_batch_1.tar	141254656	192307	525886464	2656316
14752	11961	AF-0000000204272827	shard_396_batch_3.tar	28422656	126915	1060525568	1120908
14752	13147	AF-0000000211807818	shard_448_batch_3.tar	3143168	156698	1052166144	1756814
14753	24	AF-0000000204785467	shard_354_batch_4.tar	85312512	106481	697717760	744395
14753	2518	AF-0000000204785466	shard_1001_batch_0.tar	173731328	209002	2753729536	3054990
14753	4309	AF-0000000204785465	shard_372_batch_4.tar	47938048	114995	725949952	878315
14755	21	AF-0000000204790705	shard_914_batch_2.tar	80239104	159700	372647424	1958479
14755	24	AF-0000000204790706	shard_380_batch_4.tar	33823232	113076	856441344	923685
14755	920	AF-0000000204790731	shard_900_batch_2.tar	49643520	158777	226852864	1911964
14755	1040	AF-0000000204790699	shard_1071_batch_0.tar	55443968	264530	3145799168	5182946
14755	1420	AF-0000000210384201	shard_1047_batch_0.tar	147181568	239644	1746208256	4211653
14755	1567	AF-0000000210427223	shard_902_batch_2.tar	17435136	157076	972909056	1847444
14755	2139	AF-0000000210500963	shard_958_batch_2.tar	79837696	180646	1051939840	2356725
14755	3079	AF-0000000204790663	shard_1030_batch_2.tar	31143424	222544	1070931456	3730896
14755	4308	AF-0000000204790685	shard_406_batch_4.tar	34583552	126048	605480960	1144196
14755	4309	AF-0000000204790679	shard_396_batch_4.tar	50883584	121223	303441920	1081315
14755	4452	AF-0000000204790692	shard_966_batch_2.tar	82657280	184088	1332828672	2459846
14755	7444	AF-0000000204790701	shard_938_batch_2.tar	42838016	173453	513612288	2159452
14755	8273	AF-0000000211679782	shard_974_batch_2.tar	43063808	184444	936672256	2538874
14755	10080	AF-0000000211697675	shard_980_batch_2.tar	12120576	189582	551486464	2619430
14755	12531	AF-0000000204790645	shard_408_batch_4.tar	47836160	126459	1334484992	1196951
14755	14037	AF-0000000204790700	shard_1123_batch_0.tar	18258432	285483	2828120064	6084618
14755	14293	AF-0000000204790678	shard_378_batch_4.tar	11378176	112147	853740544	906303
14755	15160	AF-0000000211868819	shard_936_batch_2.tar	2685952	172826	1218791936	2196132
14756	3862	AF-0000000203705815	shard_1072_batch_0.tar	138411520	270426	4188964352	5505294
14757	2069	AF-0000000203620108	shard_336_batch_0.tar	22810624	99363	220169728	685917
14757	3480	AF-0000000210905637	shard_1004_batch_0.tar	19608576	215285	2801459712	3290395
14758	584	AF-0000000204754028	shard_404_batch_4.tar	7203328	127715	642146816	1178724
14758	2690	AF-0000000204754011	shard_352_batch_4.tar	36867584	105520	441803264	792734
14758	3018	AF-0000000204754023	shard_418_batch_4.tar	122268672	135618	912456192	1298289
14758	3025	AF-0000000204754024	shard_378_batch_4.tar	20003840	118370	832600576	940749
14758	3731	AF-0000000204754020	shard_364_batch_4.tar	77919744	112338	512028672	869965
14759	14982	AF-0000000211868823	shard_274_batch_0.tar	23306240	77998	447821824	379348
14761	14982	AF-0000000211868825	shard_336_batch_1.tar	36267520	102277	458201088	684518
14762	14982	AF-0000000211868826	shard_426_batch_1.tar	69298176	137687	1211308544	1365809
14762	14983	AF-0000000211868827	shard_1040_batch_0.tar	130671104	236733	2356571136	4094495
14764	14982	AF-0000000203768960	shard_278_batch_0.tar	14119936	80500	334054912	398562
14765	1315	AF-0000000204078298	shard_1072_batch_1.tar	214161408	264862	2198626816	4874094
14765	1424	AF-0000000210384358	shard_1116_batch_0.tar	193828864	280644	4826867712	5576702
14765	5233	AF-0000000211196525	shard_1046_batch_1.tar	46751744	237257	3882490880	4148672
14765	14951	AF-0000000211868831	shard_1054_batch_1.tar	195970048	244350	3121887232	4418867
14766	11290	AF-0000000204799784	shard_300_batch_4.tar	79242752	85038	563557888	501223
14767	719	AF-0000000210037603	shard_296_batch_0.tar	56804352	81556	341732352	501742
14767	720	AF-0000000210037704	shard_296_batch_0.tar	48594432	81453	338280448	501978
14767	1545	AF-0000000210426807	shard_438_batch_1.tar	83012096	144973	1768656896	1549907
14767	1564	AF-0000000210427068	shard_298_batch_1.tar	53498368	83209	448418304	503940
14767	2071	AF-0000000210499623	shard_980_batch_0.tar	171064832	197285	1883913216	2815767
14767	2493	AF-0000000210651463	shard_296_batch_1.tar	36065280	80671	434649600	498790
14767	2577	AF-0000000210679707	shard_294_batch_0.tar	33599488	81111	166131712	486387
14767	2578	AF-0000000210679723	shard_294_batch_0.tar	24309760	80969	498399232	486227
14767	3083	AF-0000000210789889	shard_302_batch_1.tar	30674432	83104	299794432	525060
14767	4273	AF-0000000211022629	shard_284_batch_0.tar	24679936	77141	322272768	447094
14767	4387	AF-0000000211046614	shard_298_batch_1.tar	77833728	83174	527308800	498850
14767	4538	AF-0000000211049783	shard_294_batch_0.tar	79165952	81137	571067904	487183
14767	4596	AF-0000000211061171	shard_298_batch_1.tar	80577024	83357	292221952	498468
14767	4597	AF-0000000211061261	shard_298_batch_1.tar	15787520	82914	402819584	496615
14767	5046	AF-0000000211112247	shard_928_batch_0.tar	53658624	173968	1510888448	2155338
14767	5342	AF-0000000211285679	shard_296_batch_1.tar	32476672	80685	465233408	497721
14767	7080	AF-0000000211638839	shard_294_batch_0.tar	68665856	80976	230617088	489717
14767	7081	AF-0000000211638861	shard_294_batch_0.tar	16691712	80893	586258944	489026
14767	7090	AF-0000000211638913	shard_296_batch_0.tar	46294528	81207	205974016	503230
14767	7091	AF-0000000211638930	shard_296_batch_0.tar	61082112	81189	559645184	500002
14767	7092	AF-0000000211638955	shard_294_batch_0.tar	60191744	81056	336384000	490459
14767	7093	AF-0000000211638978	shard_294_batch_0.tar	33848320	80973	479268352	484161
14767	7277	AF-0000000211645255	shard_296_batch_0.tar	59717632	81439	266984448	499390
14767	7784	AF-0000000211661704	shard_390_batch_1.tar	118342144	120508	1206800896	1067796
14767	7792	AF-0000000211661839	shard_294_batch_0.tar	51133952	81031	268620800	489073
14767	8567	AF-0000000211689730	shard_296_batch_1.tar	39316480	81444	331876864	500012
14767	9820	AF-0000000211696109	shard_298_batch_1.tar	39389696	82521	357784064	506126
14767	9862	AF-0000000211696439	shard_388_batch_1.tar	110762496	117616	976416768	1061758
14767	10025	AF-0000000211697273	shard_294_batch_0.tar	15080448	80957	291955200	483996
14767	10026	AF-0000000211697313	shard_294_batch_0.tar	63335936	81042	431995904	488715
14767	10028	AF-0000000211697339	shard_296_batch_0.tar	76717056	81473	163610624	499091
14767	10029	AF-0000000211697349	shard_296_batch_0.tar	27237376	81550	526883840	498895
14767	10701	AF-0000000211744771	shard_296_batch_1.tar	50868736	81284	435611136	501712
14767	13140	AF-0000000211807801	shard_294_batch_0.tar	8229888	81084	613014016	484394
14767	13563	AF-0000000211808618	shard_294_batch_0.tar	23040000	81332	326925824	473569
14767	13583	AF-0000000211808643	shard_334_batch_1.tar	19169792	97571	732517376	661252
14768	293	AF-0000000204432618	shard_342_batch_3.tar	83106304	102650	437734912	688557
14768	294	AF-0000000209938929	shard_342_batch_3.tar	74938368	102587	571109888	691809
14768	3811	AF-0000000204432616	shard_362_batch_3.tar	30713856	110276	793262080	793431
14768	4159	AF-0000000204432615	shard_338_batch_2.tar	41905664	101618	613117952	674239
14768	4282	AF-0000000204432614	shard_338_batch_2.tar	41496064	101501	568156160	668894
14768	4377	AF-0000000204432617	shard_342_batch_3.tar	94791680	103060	522569728	696955
14768	7557	AF-0000000204432611	shard_962_batch_1.tar	94557696	187255	1993068544	2562637
14768	7790	AF-0000000204432613	shard_338_batch_2.tar	70683136	101491	627093504	671257
14770	4159	AF-0000000204432722	shard_226_batch_2.tar	48450560	59863	233478656	211623
14771	1811	AF-0000000210453745	shard_1034_batch_1.tar	231906816	227423	1158478336	3606915
14771	2785	AF-0000000210724018	shard_1066_batch_1.tar	113547776	256982	2413318656	4883212
14771	2939	AF-0000000210756352	shard_1056_batch_1.tar	50370560	246721	1610023936	4371275
14771	6476	AF-0000000211631291	shard_1054_batch_1.tar	127284736	244553	4043601408	4022555
14771	12475	AF-0000000211805934	shard_398_batch_2.tar	124219392	123386	1127560192	1020733
14772	9965	AF-0000000211696949	shard_1018_batch_2.tar	35741184	225851	536334848	3492198
14774	6549	AF-0000000211632077	shard_1124_batch_0.tar	234256384	291230	4410980864	6046757
14774	8114	AF-0000000211675044	shard_1146_batch_0.tar	37741056	306227	6450437120	6750136
14774	8300	AF-0000000211679967	shard_1098_batch_1.tar	85891584	322615	1020837376	7403485
14774	9160	AF-0000000211692911	shard_1098_batch_1.tar	247248384	319984	7241372160	7186414
14775	422	AF-0000000209940763	shard_902_batch_2.tar	69640192	162459	182431232	1890516
14775	2353	AF-0000000210575120	shard_1022_batch_2.tar	21626880	222392	750128128	3571829
14775	6300	AF-0000000211622967	shard_1142_batch_0.tar	128180224	302937	4470938112	6304081
14775	6570	AF-0000000211632259	shard_1078_batch_2.tar	129009152	270931	2923920896	5156400
14776	4664	AF-0000000211067985	shard_212_batch_0.tar	15279104	54682	235140096	180949
14776	15122	AF-0000000211868860	shard_214_batch_0.tar	26298368	55139	232309248	189095
14777	6739	AF-0000000211634064	shard_382_batch_2.tar	99824640	121729	846776320	991806
14778	6681	AF-0000000204770511	shard_404_batch_4.tar	78620672	131744	1163288064	1182488
14778	9208	AF-0000000211693227	shard_384_batch_4.tar	71799808	120577	248131072	981909
14778	9509	AF-0000000204770514	shard_926_batch_2.tar	53403136	177079	696496640	2123706
14778	9761	AF-0000000211695895	shard_904_batch_2.tar	37471232	169996	595621376	1968117
14778	13691	AF-0000000204770515	shard_906_batch_2.tar	73699840	168633	911285248	1974828
14778	15160	AF-0000000211868864	shard_344_batch_4.tar	35414528	103337	838449152	753454
14778	15297	AF-0000000204770502	shard_378_batch_4.tar	58112512	119548	370243584	988683
14779	4216	AF-0000000204102293	shard_196_batch_0.tar	37755392	48775	177614848	128321
14779	5697	AF-0000000211289243	shard_202_batch_0.tar	15172096	51263	170733056	143439
14779	8142	AF-0000000204102295	shard_394_batch_2.tar	112612352	129734	1090643968	1106876
14782	545	AF-0000000210024197	shard_384_batch_4.tar	106002432	115825	979006976	959504
14785	3603	AF-0000000203532966	shard_932_batch_0.tar	89995776	172592	894188032	2284543
14785	4813	AF-0000000211085710	shard_1006_batch_0.tar	195505152	209380	1326113792	3277935
14785	5087	AF-0000000203532964	shard_1074_batch_0.tar	197230592	267707	3574255616	5362331
14788	8588	AF-0000000203890429	shard_346_batch_1.tar	5670912	102705	941213696	740541
14790	5707	AF-0000000203546368	shard_1182_batch_0.tar	7351808	392938	2566194176	11718694
14790	6458	AF-0000000203546369	shard_1158_batch_0.tar	11460096	334714	4674637312	8204210
14790	14260	AF-0000000203546366	shard_1168_batch_0.tar	171299328	350673	5580778496	8895024
14792	2278	AF-0000000203493811	shard_422_batch_0.tar	135892992	143705	718343168	1415422
14792	5973	AF-0000000203493819	shard_422_batch_0.tar	108777472	143120	972786176	1395590
14793	24	AF-0000000208981284	shard_382_batch_0.tar	39577088	120308	902112768	994551
14793	4134	AF-0000000210997735	shard_410_batch_0.tar	50843648	133877	629152256	1279086
14793	4162	AF-0000000211002929	shard_420_batch_0.tar	80537600	139414	1022138880	1370464
14793	8661	AF-0000000211690207	shard_436_batch_0.tar	97650176	147683	1342560256	1569119
14795	12846	AF-0000000204097714	shard_402_batch_2.tar	107652096	127385	1195329024	1194489
14795	14796	AF-0000000204097715	shard_336_batch_1.tar	46757888	96022	322654720	666868
14798	4352	AF-0000000203540622	shard_382_batch_0.tar	89923072	119202	470835200	1046482
14799	1825	AF-0000000203459720	shard_338_batch_0.tar	68191232	101861	776290816	707932
14799	6118	AF-0000000203459721	shard_416_batch_0.tar	129393152	137908	966698496	1355988
14799	8675	AF-0000000211690259	shard_394_batch_0.tar	2638336	124855	365508608	1090570
14799	13504	AF-0000000203459722	shard_292_batch_0.tar	48054784	84209	210296832	482041
14799	13676	AF-0000000203459727	shard_356_batch_0.tar	59187712	109040	980635136	853121
14801	5456	AF-0000000211286996	shard_1018_batch_1.tar	194565120	217496	671836672	3327269
14804	4382	AF-0000000203860599	shard_936_batch_0.tar	129395712	175921	524656640	2334750
14804	7413	AF-0000000203860580	shard_1006_batch_0.tar	74365440	210569	1872088064	3226286
14804	14331	AF-0000000203860600	shard_936_batch_0.tar	147497984	176079	422851584	2316178
14805	10391	AF-0000000204711531	shard_348_batch_3.tar	17736704	105547	951655936	738358
14806	1477	AF-0000000210385442	shard_902_batch_1.tar	49627136	162762	1463387136	1888140
14806	3590	AF-0000000204135634	shard_896_batch_1.tar	12898816	162249	1048800768	1849373
14806	9654	AF-0000000211695414	shard_444_batch_2.tar	97831424	152134	643490304	1638026
14808	15116	AF-0000000211868888	shard_384_batch_4.tar	71678464	120475	1189323264	1017791
14810	1482	AF-0000000210385499	shard_244_batch_0.tar	18776576	66549	246626304	298558
14810	1550	AF-0000000210426895	shard_246_batch_0.tar	36718080	68564	377094144	293080
14810	1864	AF-0000000210454694	shard_208_batch_0.tar	12467712	53911	205910016	180175
14810	4445	AF-0000000211048204	shard_248_batch_0.tar	61204480	68873	292274176	310588
14810	6326	AF-0000000211626090	shard_238_batch_0.tar	9446912	62879	223170048	262088
14810	7646	AF-0000000211655623	shard_252_batch_0.tar	62684160	70339	351697920	323172
14810	8316	AF-0000000211680037	shard_222_batch_0.tar	51280384	59234	313665536	220054
14810	10598	AF-0000000211744240	shard_234_batch_0.tar	32348160	63764	215974400	258099
14810	10707	AF-0000000211744791	shard_280_batch_0.tar	42025472	81325	183169024	433255
14810	10885	AF-0000000211745611	shard_332_batch_0.tar	62906880	99177	536695808	680229
14810	11076	AF-0000000211751637	shard_300_batch_0.tar	84211712	87682	351004672	492344
14810	11127	AF-0000000211751813	shard_246_batch_0.tar	12488704	66723	380916224	297640
14810	11507	AF-0000000211764352	shard_306_batch_0.tar	69384704	89672	555825664	519510
14810	12689	AF-0000000211806521	shard_216_batch_0.tar	54857728	56590	191480320	201503
14810	13175	AF-0000000211807867	shard_278_batch_0.tar	27060224	80064	368744960	414023
14810	13988	AF-0000000211809323	shard_266_batch_0.tar	48473600	75206	470453760	375429
14811	2353	AF-0000000210575121	shard_1021_batch_0.tar	100744704	227271	3714259456	3707072
14811	2363	AF-0000000210584679	shard_1014_batch_2.tar	45361152	224323	498362368	3571587
14811	4775	AF-0000000211069682	shard_1030_batch_2.tar	19604480	230508	1499052032	3805157
14811	4921	AF-0000000211099802	shard_1023_batch_0.tar	148647936	228440	1498475520	3727590
14811	4982	AF-0000000211105762	shard_1026_batch_2.tar	57645056	229729	1599391232	3651797
14811	6439	AF-0000000211630966	shard_1021_batch_0.tar	77468160	226537	2832786432	3481448
14811	6821	AF-0000000211634774	shard_1167_batch_0.tar	210990080	353994	4381227008	8869277
14811	12156	AF-0000000211792253	shard_978_batch_2.tar	50925568	202527	1325129216	2887311
14811	14538	AF-0000000211868609	shard_1001_batch_0.tar	75758080	213696	497178624	3143559
14812	3450	AF-0000000204152452	shard_1038_batch_1.tar	181074432	238696	829023744	4158938
14812	3585	AF-0000000204152458	shard_912_batch_1.tar	55199744	171883	1056425472	2015965
14812	5230	AF-0000000211196182	shard_1090_batch_1.tar	217199616	292717	4212269568	6391845
14812	14809	AF-0000000204152455	shard_1040_batch_1.tar	165144576	244369	1231574016	4212038
14812	14813	AF-0000000204152454	shard_1038_batch_1.tar	32986112	242647	2279328768	4160849
14813	4947	AF-0000000211102586	shard_1068_batch_1.tar	198118400	254295	1992382976	4816725
14813	14809	AF-0000000204152291	shard_1038_batch_1.tar	62738432	242433	941230080	4148080
14814	4952	AF-0000000203634539	shard_1076_batch_0.tar	263945216	267857	4711904768	5391582
14814	10995	AF-0000000203634522	shard_968_batch_0.tar	25920512	190308	998268928	2650331
14814	15329	AF-0000000203634540	shard_1078_batch_0.tar	265594368	269903	1569063424	5285383
14817	13874	AF-0000000211809151	shard_1016_batch_0.tar	113430528	220026	3687950848	3242174
14817	14583	AF-0000000211868686	shard_1010_batch_0.tar	81626624	217813	1333477888	3070429
14819	152	AF-0000000203931107	shard_920_batch_1.tar	97316352	167605	2026391552	1999309
14819	945	AF-0000000203931104	shard_1060_batch_1.tar	169165312	244218	2343069184	4370662
14819	957	AF-0000000203931105	shard_898_batch_1.tar	16393216	160414	1020507136	1815114
14819	2310	AF-0000000203931085	shard_958_batch_1.tar	78330368	178327	1957204992	2338666
14819	2405	AF-0000000203931086	shard_916_batch_1.tar	62857728	165078	1097610752	1976409
14819	2607	AF-0000000203931095	shard_902_batch_1.tar	140499968	162741	1707928576	1848129
14819	3719	AF-0000000203931087	shard_928_batch_1.tar	151277056	169005	872953856	2046786
14819	4758	AF-0000000203931099	shard_900_batch_1.tar	32414720	160464	1579181056	1822962
14819	5089	AF-0000000203931094	shard_452_batch_2.tar	91301888	157091	733512704	1727485
14819	5398	AF-0000000203931082	shard_980_batch_1.tar	158310400	185348	667186688	2613530
14819	5793	AF-0000000203931083	shard_942_batch_1.tar	175551488	174164	2149959168	2189045
14819	7284	AF-0000000203931081	shard_448_batch_2.tar	21214720	154689	586558464	1702355
14819	7286	AF-0000000203931084	shard_934_batch_1.tar	11571712	172141	2272739328	2124736
14819	7287	AF-0000000203931106	shard_928_batch_1.tar	52018176	170189	1861833728	2044609
14819	7290	AF-0000000203931089	shard_914_batch_1.tar	138629632	165444	782721024	1960951
14819	7349	AF-0000000203931090	shard_922_batch_1.tar	157507072	168154	2363457536	2019178
14819	8728	AF-0000000203931091	shard_926_batch_1.tar	98037760	170521	475547136	2055099
14819	9171	AF-0000000211692962	shard_434_batch_1.tar	54913536	144446	1392321536	1387594
14819	11128	AF-0000000203931092	shard_920_batch_1.tar	58649600	167114	2055020032	1991697
14819	12159	AF-0000000203931098	shard_946_batch_1.tar	133617664	177605	2618142720	2233443
14819	12160	AF-0000000203931097	shard_912_batch_1.tar	62493696	166145	951417856	1963924
14819	13826	AF-0000000203931093	shard_888_batch_1.tar	19927552	157103	904779776	1744877
14819	13994	AF-0000000203931096	shard_898_batch_1.tar	117181952	159667	1606922752	1825664
14819	15453	AF-0000000203931088	shard_930_batch_1.tar	32674816	171162	2208950784	2075729
14822	8507	AF-0000000211681208	shard_388_batch_1.tar	97661440	120131	386240512	1004921
14823	1492	AF-0000000203488480	shard_944_batch_0.tar	64039424	181218	2125836288	2317399
14827	8163	AF-0000000204158029	shard_1096_batch_2.tar	168049664	313685	2463844352	6729133
14829	6705	AF-0000000211633757	shard_354_batch_2.tar	51359232	109266	897724928	799330
14832	2224	AF-0000000204693530	shard_372_batch_3.tar	17354752	115553	847174656	958849
14832	7911	AF-0000000211674086	shard_918_batch_2.tar	64635392	171243	433113088	2165969
14833	1691	AF-0000000204693506	shard_940_batch_2.tar	54898688	177635	173185536	2254846
14833	14836	AF-0000000211868912	shard_910_batch_2.tar	76497408	168888	717919744	1990130
14833	14837	AF-0000000204693507	shard_902_batch_2.tar	55909376	167435	358810112	1927916
14836	1691	AF-0000000210429768	shard_936_batch_2.tar	55247360	175598	634275840	2213259
14837	1691	AF-0000000204693954	shard_928_batch_2.tar	74299904	173705	341947392	2140165
14837	14836	AF-0000000211868914	shard_896_batch_2.tar	7518208	164971	403936256	1881132
14839	7704	AF-0000000204636365	shard_218_batch_3.tar	21715456	56778	183172608	207389
14840	759	AF-0000000203689582	shard_312_batch_0.tar	71677440	91087	504859648	560720
14840	4500	AF-0000000203689578	shard_356_batch_0.tar	33853952	107394	780814848	830678
14840	5049	AF-0000000211112947	shard_450_batch_1.tar	119112192	157051	1727733248	1699145
14841	717	AF-0000000204605432	shard_234_batch_3.tar	40075776	63741	333533184	247455
14841	7780	AF-0000000204605437	shard_234_batch_3.tar	33212928	63772	131979776	249710
14841	12843	AF-0000000204605436	shard_254_batch_3.tar	28730880	70573	335112704	338011
14842	24	AF-0000000204792133	shard_210_batch_3.tar	20824576	53678	103580160	149843
14842	2518	AF-0000000204792132	shard_448_batch_4.tar	75923968	156466	1172429824	1730204
14842	4308	AF-0000000204792129	shard_244_batch_3.tar	57200128	66316	384236544	261947
14842	4309	AF-0000000204792128	shard_232_batch_3.tar	2652160	61614	327647232	225509
14842	4654	AF-0000000204792126	shard_284_batch_3.tar	61470208	81328	254768128	453442
14843	1378	AF-0000000210383406	shard_990_batch_2.tar	22120448	206782	1506406400	3116093
14843	7034	AF-0000000211638492	shard_990_batch_2.tar	54461952	205338	471036416	3062829
14843	12275	AF-0000000211792840	shard_432_batch_4.tar	79003136	146754	1223285248	1514991
14843	14006	AF-0000000211809344	shard_434_batch_4.tar	128477184	147291	1256566272	1528285
14844	771	AF-0000000204743469	shard_264_batch_3.tar	65640448	73878	255197696	381525
14844	7838	AF-0000000204743466	shard_262_batch_3.tar	65479168	73982	282627584	378886
14844	10308	AF-0000000211729446	shard_320_batch_4.tar	54494208	93637	393945088	611231
14844	11076	AF-0000000211751638	shard_312_batch_3.tar	46804992	92145	683735552	561643
14844	11565	AF-0000000204743462	shard_986_batch_2.tar	512	200714	1416580096	2755455
14844	12039	AF-0000000204743467	shard_268_batch_3.tar	28647936	75869	344599552	403678
14844	12409	AF-0000000211805714	shard_284_batch_3.tar	17693696	80856	566665728	455055
14845	5456	AF-0000000211286997	shard_1022_batch_1.tar	154231808	218772	3570962432	3427947
14845	6233	AF-0000000211622012	shard_998_batch_1.tar	180857856	204487	1277959168	2939769
14845	6356	AF-0000000211630048	shard_1056_batch_1.tar	197657088	254900	548549632	4349235
14845	7561	AF-0000000211653252	shard_436_batch_2.tar	31268864	145510	483088384	1456188
14845	13231	AF-0000000204010067	shard_348_batch_1.tar	8540160	104204	222470656	771327
14845	14078	AF-0000000204010068	shard_326_batch_1.tar	41313792	96951	467437568	621466
14845	14622	AF-0000000211868715	shard_324_batch_1.tar	80813568	96167	266374144	614766
14846	4117	AF-0000000203507134	shard_312_batch_0.tar	61737472	92164	531893248	535254
14846	4711	AF-0000000203507150	shard_440_batch_0.tar	40382976	149205	1831596032	1610233
14846	5613	AF-0000000211288200	shard_1054_batch_0.tar	158694912	240936	4683265536	4412675
14846	12362	AF-0000000203507135	shard_306_batch_0.tar	69919744	87669	195416064	496415
14846	13450	AF-0000000203507130	shard_306_batch_0.tar	60130816	88737	674849280	509377
14846	15080	AF-0000000203507128	shard_390_batch_0.tar	39138816	122328	786497024	994273
14847	894	AF-0000000204720821	shard_1062_batch_2.tar	39003648	257268	755752448	4353962
14847	1632	AF-0000000210428613	shard_322_batch_3.tar	61899264	93835	587019776	618861
14847	7054	AF-0000000204720804	shard_344_batch_3.tar	58716160	104036	310426112	749178
14847	11291	AF-0000000204720811	shard_950_batch_2.tar	92225024	181793	739499520	2311962
14848	15404	AF-0000000203619997	shard_268_batch_0.tar	75016192	76352	309453312	367174
14851	2261	AF-0000000203502719	shard_176_batch_0.tar	29069824	35662	125963264	72845
14851	11853	AF-0000000211765816	shard_412_batch_0.tar	125033472	131090	1227669504	1227502
14851	15075	AF-0000000203502716	shard_276_batch_0.tar	23798784	77068	149018624	404431
14852	2623	AF-0000000204008957	shard_414_batch_2.tar	131909120	136659	1540853760	1307258
14854	1782	AF-0000000210453259	shard_318_batch_3.tar	57421312	92171	534611456	595021
14855	270	AF-0000000209938334	shard_1008_batch_1.tar	167461888	212892	2941888512	3271732
14855	4477	AF-0000000211048771	shard_960_batch_1.tar	109748224	190395	2867801600	2535875
14855	6458	AF-0000000203907182	shard_1018_batch_1.tar	124857344	224004	1306732032	3537581
14855	9761	AF-0000000211695896	shard_1058_batch_1.tar	183537664	258552	2153484288	4690808
14856	4381	AF-0000000211045434	shard_300_batch_3.tar	82691072	88009	512250880	493472
14856	7562	AF-0000000211653397	shard_300_batch_3.tar	34541056	88294	229412352	497830
14857	12198	AF-0000000205106204	shard_897_batch_0.tar	155309568	163294	1184343552	1833363
14857	14188	AF-0000000211856103	shard_915_batch_0.tar	63839744	171396	1011944448	1944170
14858	656	AF-0000000203465482	shard_444_batch_0.tar	132014080	155282	1356684800	1748155
14858	1918	AF-0000000203465476	shard_944_batch_0.tar	33570304	183963	1294689280	2428516
14858	2287	AF-0000000203465479	shard_902_batch_0.tar	85899264	168492	589796864	2074140
14858	2481	AF-0000000203465478	shard_894_batch_0.tar	11080704	165847	669671936	1956582
14858	2880	AF-0000000203465480	shard_890_batch_0.tar	100040704	163142	1429164544	1921126
14858	5214	AF-0000000211194818	shard_448_batch_0.tar	152221696	160639	1323012096	1830361
14858	9059	AF-0000000211692371	shard_448_batch_0.tar	66849280	160461	947948032	1812921
14858	10846	AF-0000000203465477	shard_892_batch_0.tar	67620864	164047	1428624384	1936515
14858	10857	AF-0000000203465475	shard_892_batch_0.tar	95474176	165441	2156673024	1941959
14859	4301	AF-0000000211028912	shard_308_batch_1.tar	12574208	87899	371522048	558142
14859	8467	AF-0000000211681014	shard_218_batch_0.tar	14080512	56494	201766400	209271
14859	9588	AF-0000000211695137	shard_1004_batch_1.tar	21105152	216363	1500716032	3236473
14859	10966	AF-0000000211751305	shard_424_batch_2.tar	50317824	140990	1497321984	1479543
14859	12869	AF-0000000211807056	shard_262_batch_1.tar	24628736	72080	402645504	324317
14859	13505	AF-0000000211808558	shard_298_batch_1.tar	11641856	85516	654095360	507343
14859	13649	AF-0000000211808742	shard_306_batch_1.tar	69053952	88487	267301888	535159
14861	723	AF-0000000210038183	shard_1044_batch_1.tar	209711104	238982	2554381312	4089832
14861	3288	AF-0000000210837299	shard_972_batch_1.tar	42987520	194099	591961088	2627172
14862	7714	AF-0000000211658610	shard_906_batch_0.tar	128484352	167582	1349844992	2068111
14864	355	AF-0000000203802191	shard_1020_batch_0.tar	106871808	225013	1769010688	3416325
14864	2756	AF-0000000210716497	shard_440_batch_1.tar	16298496	152637	1110609408	1676372
14864	2940	AF-0000000210756617	shard_444_batch_1.tar	143987712	158169	601866752	1748738
14864	3039	AF-0000000203802178	shard_440_batch_1.tar	109294080	152884	1484714496	1651194
14864	3040	AF-0000000203802179	shard_448_batch_1.tar	3289600	158790	363258368	1832289
14864	3086	AF-0000000203802184	shard_880_batch_0.tar	135470080	156785	1031574528	1730728
14864	3728	AF-0000000203802182	shard_444_batch_1.tar	115016192	156855	1099608064	1755825
14864	8805	AF-0000000203802181	shard_442_batch_1.tar	37839872	154689	1403979776	1716602
14864	10826	AF-0000000203802185	shard_330_batch_1.tar	6211584	101532	345609728	668613
14864	13317	AF-0000000203802180	shard_902_batch_0.tar	134216192	166403	1072541696	2007174
14866	3370	AF-0000000210851381	shard_1168_batch_0.tar	99759104	348171	812324864	8410344
14866	4504	AF-0000000203563494	shard_1064_batch_0.tar	182245888	260103	2081516544	4903604
14866	4612	AF-0000000203563507	shard_1066_batch_0.tar	155588096	260880	1117464064	5059569
14866	4786	AF-0000000211070180	shard_1118_batch_0.tar	131009024	282520	4611568128	5678524
14866	6890	AF-0000000211635645	shard_1022_batch_0.tar	204408320	225463	1885731328	3740461
14866	7073	AF-0000000203563525	shard_1158_batch_0.tar	195761664	330326	7160760832	7704516
14866	12264	AF-0000000211792797	shard_1166_batch_0.tar	4807168	345459	3231528960	8076103
14870	1706	AF-0000000204767123	shard_1024_batch_2.tar	25781248	227157	1533980160	3823857
14870	3063	AF-0000000204767122	shard_1161_batch_0.tar	47311872	332671	5037107200	8019152
14875	10495	AF-0000000211730390	shard_1034_batch_0.tar	73909248	233658	3461827072	4109990
14876	10495	AF-0000000211730391	shard_1046_batch_0.tar	100675072	243904	899059712	4439677
14878	9040	AF-0000000203577604	shard_248_batch_0.tar	56829952	66996	345661440	309239
14878	14136	AF-0000000203577603	shard_248_batch_0.tar	6788608	66110	223546368	297464
14879	10699	AF-0000000203493831	shard_358_batch_0.tar	66273280	110924	1003021824	831984
14880	1754	AF-0000000210452899	shard_418_batch_1.tar	31028224	133305	768869888	1301922
14880	11264	AF-0000000203718368	shard_358_batch_0.tar	46336512	107578	978067968	820406
14881	1492	AF-0000000204022680	shard_954_batch_1.tar	120704512	187197	2819013120	2482432
14881	2640	AF-0000000204022685	shard_992_batch_1.tar	98477568	201449	1325960192	3008401
14881	5828	AF-0000000204022693	shard_434_batch_2.tar	13403136	147222	1194928128	1522175
14881	6496	AF-0000000204022687	shard_934_batch_1.tar	119586816	178228	1612202496	2278202
14881	10511	AF-0000000204022684	shard_1020_batch_1.tar	138039296	223944	3505670656	3558692
14881	11754	AF-0000000211765337	shard_940_batch_1.tar	37746688	181494	1483023872	2403331
14881	12227	AF-0000000204022674	shard_438_batch_2.tar	98422272	150301	1703433728	1564942
14882	723	AF-0000000210038184	shard_932_batch_0.tar	85570048	177224	2552051200	2268549
14882	1595	AF-0000000203649562	shard_942_batch_0.tar	131240448	180350	1259770368	2361216
14882	1597	AF-0000000203649563	shard_946_batch_0.tar	47499776	183440	952551936	2430186
14882	8587	AF-0000000211689854	shard_906_batch_0.tar	71652864	168069	350986752	1962068
14882	13983	AF-0000000211809308	shard_888_batch_0.tar	86073856	162003	1857496064	1824761
14883	4421	AF-0000000211048039	shard_1098_batch_1.tar	290767872	317531	4309629952	7235236
14883	7510	AF-0000000204060210	shard_442_batch_2.tar	118283264	147268	308961792	1578883
14884	334	AF-0000000209939472	shard_1000_batch_0.tar	183374848	205235	575894528	3191766
14884	9403	AF-0000000203634959	shard_880_batch_0.tar	143393280	150662	725556224	1660387
14886	4178	AF-0000000204703236	shard_282_batch_3.tar	18253312	81099	541747200	432147
14886	4213	AF-0000000204703258	shard_366_batch_3.tar	54369280	112335	1057231872	878622
14886	6532	AF-0000000204703257	shard_356_batch_3.tar	12833280	108352	646902272	801290
14886	10257	AF-0000000204703245	shard_322_batch_3.tar	25774080	91979	753378816	610025
14886	11269	AF-0000000204703252	shard_340_batch_3.tar	84837376	101250	736118784	720568
14886	11851	AF-0000000204703240	shard_264_batch_3.tar	27895808	75358	257735680	372279
14886	13505	AF-0000000204703243	shard_350_batch_3.tar	92142080	106592	972719104	787523
14886	14954	AF-0000000204703239	shard_408_batch_4.tar	71633920	132924	1171987968	1296052
14888	6873	AF-0000000211635452	shard_940_batch_1.tar	33585152	179392	1554672128	2194450
14888	8289	AF-0000000211679945	shard_1124_batch_0.tar	250592768	292771	2381591552	5964514
14888	13163	AF-0000000211807852	shard_970_batch_1.tar	18872832	196784	750533632	2592161
14888	14997	AF-0000000211868949	shard_906_batch_1.tar	161688576	167413	1637953536	1881130
14889	7649	AF-0000000211655837	shard_1058_batch_0.tar	141076992	242773	4011234304	4290821
14890	1492	AF-0000000203783432	shard_948_batch_0.tar	114058752	179700	2169776128	2333310
14890	2368	AF-0000000210587467	shard_1034_batch_0.tar	28208128	224882	2200502272	3570897
14890	2851	AF-0000000203783424	shard_986_batch_0.tar	72523776	196276	1170967040	2691386
14890	4234	AF-0000000203783416	shard_438_batch_1.tar	122685952	144197	1569214464	1521877
14895	6656	AF-0000000203788950	shard_438_batch_1.tar	139145728	149930	921722880	1569458
14895	6976	AF-0000000211637852	shard_1044_batch_0.tar	18584576	231045	3617670656	3899247
14895	8727	AF-0000000211690589	shard_932_batch_0.tar	136491520	178440	1966425088	2326889
14895	9975	AF-0000000211697057	shard_450_batch_1.tar	90184704	154741	785474048	1676842
14895	11269	AF-0000000204703832	shard_394_batch_1.tar	42895360	123271	1215180800	1071790
14895	11756	AF-0000000211765410	shard_930_batch_0.tar	173304320	172803	2333593088	2171770
14897	6362	AF-0000000203608148	shard_408_batch_0.tar	28256768	130823	920848896	1202651
14897	9629	AF-0000000203608147	shard_430_batch_0.tar	16317952	145644	598264832	1532177
14898	12683	AF-0000000211806504	shard_1006_batch_1.tar	96809984	214486	1824580096	3385629
14898	15113	AF-0000000211868961	shard_1106_batch_0.tar	245113856	280419	557955584	5787418
14900	8818	AF-0000000204184365	shard_310_batch_1.tar	35004928	89450	405500416	562189
14900	14424	AF-0000000211856403	shard_1030_batch_1.tar	75567616	230877	1019685888	3928546
14900	15426	AF-0000000204184355	shard_298_batch_1.tar	69820928	85030	437516800	495780
14902	14900	AF-0000000204190150	shard_280_batch_1.tar	29069824	79680	527981056	433348
14903	1977	AF-0000000204182552	shard_304_batch_1.tar	20916736	87239	543056384	500468
14903	8818	AF-0000000204182566	shard_310_batch_1.tar	15542272	89523	493855232	571457
14903	10779	AF-0000000211745180	shard_420_batch_2.tar	73843200	134935	793316352	1343110
14903	15426	AF-0000000204182554	shard_298_batch_1.tar	42141696	85138	460330496	496252
14905	4124	AF-0000000210996028	shard_266_batch_1.tar	39683072	72241	165797888	380258
14907	11117	AF-0000000204803835	shard_354_batch_4.tar	95163904	106819	337806848	823428
14907	11511	AF-0000000211764369	shard_936_batch_2.tar	49526272	176326	426853888	2298079
14907	12844	AF-0000000204803818	shard_410_batch_4.tar	67909632	133530	1287573504	1299351
14907	14133	AF-0000000204803837	shard_998_batch_2.tar	26341888	209541	1417457664	3253643
14908	1678	AF-0000000210429478	shard_384_batch_1.tar	98961408	119146	1026280448	1020296
14908	4528	AF-0000000211049671	shard_400_batch_1.tar	112028672	127577	644393984	1119851
14909	293	AF-0000000204757889	shard_434_batch_4.tar	28966912	144948	371951104	1574408
14909	294	AF-0000000204757890	shard_434_batch_4.tar	106663424	145503	882096640	1594933
14909	4159	AF-0000000204757886	shard_432_batch_4.tar	22472192	144422	1759953920	1550323
14909	4162	AF-0000000204757888	shard_444_batch_4.tar	84226560	151846	602237952	1740179
14909	4282	AF-0000000204757885	shard_432_batch_4.tar	25679360	144488	1080826880	1563799
14909	7790	AF-0000000204757884	shard_432_batch_4.tar	103575040	144545	700328960	1495868
14910	139	AF-0000000203536510	shard_1062_batch_0.tar	64019968	265282	1011819520	4813981
14910	5647	AF-0000000203536487	shard_244_batch_0.tar	46360576	65633	247790592	283367
14912	9880	AF-0000000203571074	shard_992_batch_0.tar	178127872	205277	1187406336	3084113
14912	12741	AF-0000000203571071	shard_962_batch_0.tar	147002880	191073	2698939904	2647592
14913	9939	AF-0000000211696837	shard_344_batch_3.tar	7804416	102477	631628800	744315
14913	15291	AF-0000000211868979	shard_890_batch_1.tar	155675136	158589	1015229952	1812946
14914	154	AF-0000000209730790	shard_406_batch_3.tar	58025984	133767	1395314688	1254705
14914	1874	AF-0000000210454783	shard_426_batch_4.tar	49736192	145370	498628608	1525935
14914	9597	AF-0000000211695166	shard_426_batch_4.tar	112150528	143752	501611520	1477981
14914	9707	AF-0000000211695662	shard_432_batch_3.tar	21972992	147990	955270656	1550675
14914	10060	AF-0000000211697456	shard_426_batch_4.tar	18546688	144036	469023744	1471009
14914	13210	AF-0000000211807958	shard_392_batch_3.tar	120089600	125642	267044352	1116603
14914	13581	AF-0000000211808631	shard_426_batch_4.tar	15544832	144275	1477333504	1493477
14915	14205	AF-0000000211856136	shard_1008_batch_0.tar	213670912	214606	3044910080	3498841
14916	545	AF-0000000210024200	shard_998_batch_0.tar	117780480	202805	1215213056	3045872
14916	11261	AF-0000000211752131	shard_1006_batch_0.tar	97609216	207040	1335965696	3276058
14916	14205	AF-0000000211856137	shard_1036_batch_0.tar	22788096	235102	2750177280	4134294
14917	14205	AF-0000000211856138	shard_1020_batch_0.tar	192356352	224189	506700288	3746990
14917	14876	AF-0000000211868939	shard_1060_batch_0.tar	249990656	254445	3059927040	4766815
14918	4163	AF-0000000211003094	shard_418_batch_3.tar	113190400	140615	799304704	1326315
14919	7649	AF-0000000211655838	shard_1062_batch_0.tar	237596672	251523	1341375488	4487049
14919	14937	AF-0000000203569760	shard_342_batch_0.tar	98585600	104407	807302656	743352
14919	15051	AF-0000000203569761	shard_358_batch_0.tar	77797376	110310	819982848	839982
14920	5088	AF-0000000211134092	shard_1161_batch_0.tar	62218752	333982	3042883584	7940250
14920	11429	AF-0000000211764065	shard_1040_batch_2.tar	105687040	240913	1959936512	4090885
14924	274	AF-0000000204810481	shard_1069_batch_0.tar	52559360	263638	4523096064	4688991
14924	2243	AF-0000000210530714	shard_1131_batch_0.tar	258316288	293893	5611929088	5990780
14924	2430	AF-0000000204810468	shard_444_batch_4.tar	76823040	156056	722155008	1594902
14924	2832	AF-0000000210733082	shard_968_batch_2.tar	82880512	192036	1405551104	2539946
14924	11250	AF-0000000204810480	shard_1003_batch_0.tar	192505856	209512	1159996928	3065046
14924	14451	AF-0000000204810465	shard_1018_batch_2.tar	37295616	220538	668035584	3227108
14925	1545	AF-0000000210426808	shard_998_batch_1.tar	18919424	206625	1213219840	2901853
14925	1726	AF-0000000210430461	shard_980_batch_1.tar	74801664	199630	2197739520	2601494
14925	3016	AF-0000000204036415	shard_964_batch_1.tar	57185280	189660	1977742848	2569202
14925	3023	AF-0000000204036416	shard_916_batch_1.tar	74967552	169190	878585344	1959565
14925	4163	AF-0000000204036450	shard_436_batch_2.tar	5494272	147632	372425216	1466032
14925	5382	AF-0000000204036455	shard_962_batch_1.tar	114175488	192308	671211520	2430345
14925	6605	AF-0000000211632736	shard_1036_batch_1.tar	44408832	234587	519227392	3765609
14925	6656	AF-0000000204036414	shard_962_batch_1.tar	42913792	189833	453881344	2490678
14925	8368	AF-0000000204036447	shard_1004_batch_1.tar	202123776	213215	3039372288	2933437
14925	8424	AF-0000000204036418	shard_1068_batch_1.tar	143791616	263628	2282263040	4484645
14925	9677	AF-0000000204036438	shard_932_batch_1.tar	47005696	173892	1649682432	2032656
14925	15360	AF-0000000204036417	shard_998_batch_1.tar	137193472	208856	639208960	3023575
14926	1982	AF-0000000204728071	shard_382_batch_4.tar	68836352	118184	387620864	1003582
14926	3851	AF-0000000210973100	shard_990_batch_2.tar	18044416	200951	986961920	2811244
14926	4217	AF-0000000204728070	shard_382_batch_4.tar	1800704	118690	378568704	998386
14926	4234	AF-0000000204728069	shard_384_batch_4.tar	19915776	119567	516680704	1024640
14926	5043	AF-0000000211112050	shard_896_batch_2.tar	36006912	160819	638642688	1822564
14926	6628	AF-0000000211632985	shard_966_batch_2.tar	66873856	188507	941513728	2522560
14926	6977	AF-0000000211637867	shard_916_batch_2.tar	35331072	165749	377090560	1989747
14926	7331	AF-0000000204728089	shard_422_batch_4.tar	7446528	139536	372581376	1386596
14926	8353	AF-0000000204728088	shard_404_batch_4.tar	27506688	130235	1177225216	1188008
14926	13071	AF-0000000204728086	shard_324_batch_3.tar	4127232	93183	577039872	604013
14927	2942	AF-0000000210756702	shard_450_batch_1.tar	127028736	156047	631113728	1844301
14927	2943	AF-0000000203788812	shard_446_batch_1.tar	133011456	153352	762782720	1766597
14927	3103	AF-0000000203788813	shard_444_batch_1.tar	108229120	152612	511831552	1745373
14927	3634	AF-0000000203788811	shard_444_batch_1.tar	138873344	152394	486037504	1739739
14927	6545	AF-0000000203788808	shard_1000_batch_0.tar	166688256	207900	464701440	3151957
14929	6416	AF-0000000203940150	shard_404_batch_1.tar	67610112	128322	1042872832	1155950
14930	1658	AF-0000000203548420	shard_1036_batch_0.tar	29625344	233647	1830039040	3801587
14930	2893	AF-0000000203548419	shard_416_batch_0.tar	97567744	138871	755457536	1386262
14930	3388	AF-0000000203548417	shard_442_batch_0.tar	113563136	153126	1117387776	1640122
14930	3489	AF-0000000203548422	shard_440_batch_0.tar	48561152	150591	423768576	1628311
14930	15086	AF-0000000203548421	shard_422_batch_0.tar	58128896	140823	970040832	1417801
14931	516	AF-0000000210019760	shard_418_batch_4.tar	122404864	135919	1544815104	1410742
14931	824	AF-0000000210187940	shard_454_batch_4.tar	59304448	158898	405962752	1961578
14931	1175	AF-0000000210221329	shard_416_batch_4.tar	81647104	135753	784896512	1364630
14931	1517	AF-0000000210410534	shard_416_batch_4.tar	75043328	134957	368224256	1378698
14931	2277	AF-0000000210543085	shard_404_batch_4.tar	46601216	129233	659177472	1249221
14931	2278	AF-0000000210543097	shard_416_batch_4.tar	135374336	134499	731043328	1372643
14931	2366	AF-0000000210585548	shard_414_batch_4.tar	33586688	134501	664661504	1361764
14931	2413	AF-0000000210602373	shard_938_batch_2.tar	50045952	177420	259384832	2440290
14931	2460	AF-0000000210612069	shard_884_batch_2.tar	954368	157163	415156736	1917607
14931	2687	AF-0000000210702473	shard_406_batch_4.tar	25692160	130000	973398016	1267175
14931	2920	AF-0000000210751139	shard_968_batch_2.tar	67380224	188312	1093274624	2849519
14931	3104	AF-0000000210793149	shard_388_batch_4.tar	73695744	119361	515842560	1093689
14931	3379	AF-0000000210856644	shard_960_batch_2.tar	11412992	185612	395094016	2749652
14931	5108	AF-0000000211135479	shard_392_batch_4.tar	76396032	122701	819220992	1138501
14931	5246	AF-0000000211196894	shard_408_batch_4.tar	69903360	129964	423413248	1268724
14931	5973	AF-0000000211578717	shard_414_batch_4.tar	74233856	133534	1164104704	1341456
14934	1238	AF-0000000205103707	shard_374_batch_4.tar	113422848	117663	255531520	934314
14934	5781	AF-0000000211289879	shard_300_batch_4.tar	31556096	86574	403136000	487413
14935	12010	AF-0000000211791579	shard_1040_batch_1.tar	117313024	243515	2219438080	4218540
14937	4290	AF-0000000204237889	shard_292_batch_1.tar	78386688	82789	245056512	444471
14938	1579	AF-0000000210427556	shard_880_batch_1.tar	57358336	145975	477658624	1580192
14938	3797	AF-0000000210961335	shard_978_batch_1.tar	40887808	196073	1800243200	2611012
14938	9729	AF-0000000211695715	shard_902_batch_1.tar	55760384	163096	1503694848	1910672
14938	13478	AF-0000000211808477	shard_382_batch_1.tar	65388544	116631	635507712	985441
14940	1755	AF-0000000205111847	shard_260_batch_4.tar	12625920	72994	326154752	332812
14940	8467	AF-0000000205111850	shard_230_batch_3.tar	58163200	61468	215660544	250788
14942	5509	AF-0000000211287451	shard_948_batch_0.tar	116085760	180545	881786880	2290560
14942	7767	AF-0000000211660716	shard_1034_batch_0.tar	202313216	228821	3695294464	3915219
14942	9032	AF-0000000211692291	shard_1132_batch_0.tar	203787776	286748	6747405312	5889661
14942	13271	AF-0000000211808081	shard_934_batch_0.tar	56673792	175936	716260352	2139291
14942	13983	AF-0000000211809310	shard_888_batch_0.tar	28720640	160422	1067515392	1841367
14943	9416	AF-0000000203821433	shard_972_batch_0.tar	4695040	194119	3001982464	2734277
14943	10444	AF-0000000211730144	shard_918_batch_0.tar	157341696	171006	2093239296	2044268
14944	15395	AF-0000000204061165	shard_1012_batch_1.tar	198453248	208935	1750824448	3440780
14945	5786	AF-0000000211289907	shard_426_batch_4.tar	117988352	143385	511771136	1416697
14945	6118	AF-0000000211607131	shard_894_batch_2.tar	74356224	164498	172805632	1931115
14945	9169	AF-0000000211692957	shard_890_batch_2.tar	58056704	162411	987371008	1909295
14945	10546	AF-0000000211730631	shard_422_batch_4.tar	66800128	140929	1213726208	1374258
14945	11081	AF-0000000211751666	shard_966_batch_2.tar	56643584	189718	530982400	2584274
14946	1294	AF-0000000210259002	shard_884_batch_2.tar	13061632	158777	922742272	1896908
14948	1240	AF-0000000210223314	shard_384_batch_2.tar	15385600	121090	882878464	991720
14948	6705	AF-0000000211633758	shard_360_batch_2.tar	18679296	110151	406995968	833147
14948	8256	AF-0000000204226928	shard_380_batch_2.tar	41561600	121176	443667968	963281
14948	8375	AF-0000000204226924	shard_908_batch_1.tar	53106176	166472	429385216	1955868
14948	8951	AF-0000000211691763	shard_908_batch_1.tar	92534272	167413	721114112	1989390
14948	10889	AF-0000000211745641	shard_384_batch_2.tar	60085248	122060	609382400	977279
14948	12111	AF-0000000204226914	shard_340_batch_2.tar	72334848	100109	294428160	720712
14948	12434	AF-0000000204226927	shard_252_batch_1.tar	8294400	69123	298539520	306816
14948	13298	AF-0000000204226921	shard_424_batch_3.tar	27676672	138375	1045453824	1358245
14948	15261	AF-0000000211876108	shard_366_batch_2.tar	22968832	111228	874741760	893468
14949	1758	AF-0000000203916663	shard_1118_batch_0.tar	59079680	285351	3259637248	6056227
14949	3350	AF-0000000203916656	shard_1186_batch_0.tar	129180160	393978	739107840	10876756
14949	15239	AF-0000000203916658	shard_1184_batch_0.tar	23652864	392999	3370087936	10847760
14951	3437	AF-0000000210898258	shard_396_batch_0.tar	94313472	124577	508428288	1133505
14953	1774	AF-0000000204060924	shard_414_batch_2.tar	128220160	133977	649565696	1203304
14953	2254	AF-0000000204060920	shard_912_batch_1.tar	25237504	165728	845910528	1866310
14953	2359	AF-0000000204060923	shard_894_batch_1.tar	131873280	158582	816409088	1688013
14953	3889	AF-0000000210979513	shard_908_batch_1.tar	124467712	162190	1920473600	1842319
14953	6771	AF-0000000204060925	shard_412_batch_2.tar	86807552	133305	660684288	1186022
14953	14951	AF-0000000211876110	shard_998_batch_1.tar	24144384	205371	2356489728	2981324
14955	11723	AF-0000000203808297	shard_358_batch_1.tar	1961984	111142	711593472	780959
14956	1417	AF-0000000210384136	shard_1060_batch_2.tar	51459584	247309	867608576	4349025
14956	2177	AF-0000000210501707	shard_1076_batch_2.tar	44497408	260584	2662831104	4975629
14956	2255	AF-0000000210538414	shard_1060_batch_2.tar	50431488	245887	1597044736	4385024
14956	5477	AF-0000000211287224	shard_1173_batch_0.tar	322106368	347625	2240879616	8749931
14956	7268	AF-0000000211645153	shard_1181_batch_0.tar	25619968	372985	543656960	10534609
14958	2939	AF-0000000204661358	shard_974_batch_2.tar	46202368	191784	1266497024	2616969
14958	3266	AF-0000000210828580	shard_292_batch_3.tar	31265792	82072	314000384	476056
14958	5393	AF-0000000211286316	shard_994_batch_2.tar	42739712	204418	899325952	2894106
14959	4922	AF-0000000204656635	shard_330_batch_3.tar	44661760	97313	298743296	643816
14960	3216	AF-0000000203563718	shard_1080_batch_0.tar	61665280	277898	5655277056	5368946
14960	4612	AF-0000000203563716	shard_1064_batch_0.tar	1042944	255659	2923279360	4695689
14964	13445	AF-0000000204737460	shard_322_batch_3.tar	93557248	93426	763743744	634150
14964	15230	AF-0000000204737458	shard_244_batch_3.tar	34583552	63340	377033728	285401
14964	15231	AF-0000000204737457	shard_244_batch_3.tar	19440640	62759	368980480	285180
14965	2623	AF-0000000204008891	shard_410_batch_2.tar	60035072	135696	424494080	1286444
14965	12121	AF-0000000204008889	shard_404_batch_2.tar	88073216	133516	374860800	1215542
14966	7794	AF-0000000211662022	shard_1060_batch_2.tar	32991744	258698	1513660416	4992493
14967	1532	AF-0000000203978195	shard_1178_batch_0.tar	119273472	422530	4208786944	13475750
14969	2576	AF-0000000210679668	shard_908_batch_2.tar	33492480	166198	906552832	2084599
14971	8129	AF-0000000204806287	shard_324_batch_4.tar	55305728	96443	700729344	621367
14971	13269	AF-0000000204806291	shard_228_batch_3.tar	27569152	61743	294257664	240274
14971	13791	AF-0000000204806283	shard_272_batch_3.tar	59891200	75590	321437184	383096
14973	10643	AF-0000000211744554	shard_418_batch_2.tar	102018560	136011	1152409088	1293450
14974	24	AF-0000000204785195	shard_272_batch_3.tar	57349632	77782	369638400	366508
14974	4308	AF-0000000204785191	shard_306_batch_4.tar	30847488	90582	685475328	523824
14974	4309	AF-0000000204785190	shard_294_batch_3.tar	77196288	86432	184622080	470410
14974	7043	AF-0000000204785186	shard_310_batch_3.tar	31466496	90625	695646208	522243
14975	2925	AF-0000000204432556	shard_432_batch_3.tar	146149376	144110	1422259200	1474971
14975	4159	AF-0000000204432552	shard_390_batch_3.tar	63181312	122126	756376064	1038052
14975	4282	AF-0000000204432551	shard_390_batch_3.tar	95799808	122123	1141428224	1046632
14975	11419	AF-0000000204432553	shard_408_batch_3.tar	34893312	129568	1425226752	1191714
14978	5043	AF-0000000211112051	shard_420_batch_4.tar	43078656	137436	377836544	1261917
14978	6977	AF-0000000211637868	shard_432_batch_4.tar	4075520	141313	365050880	1410354
14980	4702	AF-0000000204173733	shard_366_batch_2.tar	107012096	109567	465845760	880964
14982	3793	AF-0000000210960652	shard_444_batch_4.tar	6323712	152895	582574592	1625229
14982	5542	AF-0000000204632334	shard_370_batch_3.tar	25135104	113445	991196160	863947
14982	6267	AF-0000000211622436	shard_968_batch_2.tar	85005824	197344	595891712	2695846
14982	7319	AF-0000000204632333	shard_912_batch_2.tar	78766592	163730	1150423040	1939106
14982	8587	AF-0000000211689855	shard_336_batch_3.tar	46297600	101335	506188800	645345
14982	8916	AF-0000000204632332	shard_438_batch_4.tar	71532544	147198	660097536	1569067
14982	11053	AF-0000000211751535	shard_404_batch_3.tar	90746880	133720	1212135936	1191161
14982	13148	AF-0000000204632331	shard_306_batch_3.tar	86768128	90575	296518144	509921
14982	13741	AF-0000000204632315	shard_328_batch_3.tar	92583424	94520	342766592	650884
14982	13895	AF-0000000204632335	shard_292_batch_3.tar	13565440	84240	182657024	433266
14982	14332	AF-0000000204632364	shard_288_batch_3.tar	10707456	81745	301110272	467762
14982	14760	AF-0000000204632330	shard_296_batch_3.tar	18329600	86564	257067008	466115
14983	22	AF-0000000203660386	shard_950_batch_0.tar	79740416	188889	1993525248	2514748
14983	136	AF-0000000203660345	shard_910_batch_0.tar	113952256	172449	1786328576	2097609
14983	798	AF-0000000203660360	shard_432_batch_0.tar	45518336	148236	1521854976	1551007
14983	844	AF-0000000203660361	shard_948_batch_0.tar	161619968	188695	569105408	2494162
14983	847	AF-0000000203660416	shard_942_batch_0.tar	80027136	185533	2417398784	2420812
14983	2527	AF-0000000203660319	shard_952_batch_0.tar	63825408	189379	891104256	2534347
14983	2528	AF-0000000203660318	shard_950_batch_0.tar	175890432	189763	2204662272	2544377
14983	4288	AF-0000000203660313	shard_438_batch_0.tar	17336320	150846	1057305600	1600302
14983	4470	AF-0000000211048644	shard_1164_batch_0.tar	47422976	351119	5324470784	8130437
14983	5209	AF-0000000211194691	shard_960_batch_0.tar	24888832	193947	1709351936	2664009
14983	5378	AF-0000000203660256	shard_994_batch_0.tar	6666752	211033	1115302400	3110428
14983	5763	AF-0000000203660399	shard_904_batch_0.tar	64722944	169358	1567789568	2064196
14983	7478	AF-0000000203660294	shard_444_batch_0.tar	99213824	156615	378647040	1725927
14983	7734	AF-0000000203660323	shard_942_batch_0.tar	137412608	185508	1097259008	2424345
14983	7735	AF-0000000203660322	shard_952_batch_0.tar	141521408	190331	2676191232	2563278
14983	7765	AF-0000000203660221	shard_1096_batch_0.tar	104936960	320383	7679657472	7932787
14983	7784	AF-0000000203660317	shard_954_batch_0.tar	175346176	190280	1552467456	2586735
14983	7799	AF-0000000203660320	shard_950_batch_0.tar	122256896	189723	2412805120	2528891
14983	7800	AF-0000000203660321	shard_950_batch_0.tar	169441280	189184	1249652736	2536421
14983	9488	AF-0000000211694650	shard_910_batch_0.tar	164371968	172408	513494016	2112464
14983	9848	AF-0000000203660241	shard_924_batch_0.tar	148679680	177709	902173184	2223516
14983	10077	AF-0000000211697650	shard_1042_batch_0.tar	65428992	245664	2262217728	4164231
14983	10274	AF-0000000203660240	shard_928_batch_0.tar	78722048	178815	2201592320	2290010
14983	11976	AF-0000000203660324	shard_972_batch_0.tar	65861632	198864	1896699904	2725699
14983	12296	AF-0000000211792905	shard_1072_batch_0.tar	201289728	271349	3683516928	5099260
14983	12798	AF-0000000203660242	shard_902_batch_0.tar	133380608	168657	318323200	2009454
14983	14567	AF-0000000203660226	shard_1044_batch_0.tar	109917696	243933	3232544768	4090180
14983	14727	AF-0000000203660239	shard_910_batch_0.tar	76218880	172174	1587226112	2102741
14983	14895	AF-0000000203660271	shard_992_batch_0.tar	31331328	208545	1175218176	3051900
14983	14982	AF-0000000203660315	shard_444_batch_0.tar	138202112	156590	1510055424	1731612
14983	14989	AF-0000000203660304	shard_432_batch_0.tar	104988672	148438	1201199104	1552307
14983	15241	AF-0000000211876136	shard_970_batch_0.tar	102867968	198436	1118999552	2843524
14983	15297	AF-0000000203660220	shard_1008_batch_0.tar	147134464	219625	2095605248	3321414
14985	1753	AF-0000000210452895	shard_1044_batch_1.tar	137540096	244825	655157760	4055355
14985	15282	AF-0000000211876138	shard_440_batch_2.tar	55335936	155127	1481602560	1519663
14986	433	AF-0000000209941039	shard_1118_batch_0.tar	254161920	288262	1418115584	5371918
14986	5843	AF-0000000211290413	shard_894_batch_1.tar	37414400	163601	640494592	1772669
14986	11294	AF-0000000204127559	shard_340_batch_1.tar	64683520	101874	198451200	711158
14986	13161	AF-0000000211807848	shard_412_batch_2.tar	121823232	136746	1280752640	1260688
14986	15310	AF-0000000211876141	shard_916_batch_1.tar	102104576	166960	1052593664	1967592
14988	165	AF-0000000204800446	shard_192_batch_3.tar	17578496	47317	200634368	129057
14988	2015	AF-0000000204800443	shard_214_batch_3.tar	50473984	55088	248397824	193322
14988	15001	AF-0000000204800444	shard_214_batch_3.tar	49008640	55855	277301248	192786
14989	209	AF-0000000209937794	shard_930_batch_1.tar	68685824	178204	1918117888	2190586
14989	501	AF-0000000204247925	shard_200_batch_1.tar	13369344	49812	181630976	153217
14989	4289	AF-0000000204247890	shard_184_batch_0.tar	9543168	42344	153144832	111448
14989	4366	AF-0000000204247919	shard_198_batch_1.tar	39075840	49247	135024128	139420
14989	4377	AF-0000000204247917	shard_196_batch_1.tar	19884544	49070	138092032	137324
14989	12814	AF-0000000204247915	shard_210_batch_1.tar	52454912	53659	146216448	166873
14989	13237	AF-0000000211808017	shard_424_batch_3.tar	33487872	145081	839873536	1444426
14989	14332	AF-0000000204247916	shard_266_batch_1.tar	42973696	73321	152635392	347378
14989	14461	AF-0000000204247884	shard_430_batch_3.tar	141943296	147892	1607707648	1512277
14991	13339	AF-0000000203543020	shard_202_batch_0.tar	41319936	51229	165126656	159507
14994	6416	AF-0000000211630830	shard_404_batch_1.tar	16449536	128298	1180748288	1155038
14995	7649	AF-0000000211655840	shard_1055_batch_0.tar	21487616	242539	4654199296	4228726
14998	1477	AF-0000000210385444	shard_900_batch_0.tar	155494912	163261	651119104	1963055
15012	14384	AF-0000000211856367	shard_1134_batch_0.tar	65490944	295693	6779317760	6523904
15027	14037	AF-0000000203611843	shard_1040_batch_0.tar	143762432	239940	1072071168	4117814
15027	14847	AF-0000000203611833	shard_280_batch_0.tar	54441472	81064	284638720	439752
15036	14038	AF-0000000211809373	shard_366_batch_1.tar	106104320	110316	252729344	855044
15038	14338	AF-0000000211856315	shard_452_batch_2.tar	74821632	161754	1354652160	1886218
15044	14944	AF-0000000203977953	shard_1128_batch_0.tar	161415168	287106	3487378432	6047261
15050	14855	AF-0000000204711116	shard_1034_batch_2.tar	54811136	235584	2104751616	3968716
15052	14919	AF-0000000204237971	shard_342_batch_2.tar	74402304	104483	411933184	728506
15067	14338	AF-0000000211856316	shard_954_batch_1.tar	98619904	191197	1141340672	2625416
15069	14722	AF-0000000211868797	shard_278_batch_3.tar	67819520	80788	342124032	400334
15076	14559	AF-0000000211868651	shard_1170_batch_0.tar	196797440	347067	2811046400	8366713
15076	14659	AF-0000000211868749	shard_1098_batch_1.tar	197257216	326953	3855950848	8053454
15085	14605	AF-0000000211868702	shard_981_batch_0.tar	103304192	199620	675201536	2775851
15085	14654	AF-0000000204803641	shard_294_batch_3.tar	58745344	83501	609651712	472184
15095	14361	AF-0000000203499894	shard_956_batch_0.tar	58199040	188261	1272616960	2557656
15095	14504	AF-0000000203499893	shard_1124_batch_0.tar	79123456	288109	969382912	6247116
15107	14895	AF-0000000203556094	shard_412_batch_0.tar	130065920	135442	1334238720	1241029
15115	14543	AF-0000000211868616	shard_1127_batch_0.tar	62739456	299428	3872134656	6528684
15115	14737	AF-0000000204759031	shard_1083_batch_0.tar	143346688	287924	3664766976	6181036
15125	14213	AF-0000000211856154	shard_886_batch_0.tar	481792	157743	1712394240	1855018
15131	14973	AF-0000000211876125	shard_948_batch_1.tar	48776192	181560	630426624	2410408
15135	14316	AF-0000000203646693	shard_274_batch_0.tar	67030528	77324	473333248	361981
15136	14749	AF-0000000203766811	shard_340_batch_0.tar	41593856	101457	632548352	736226
15142	14504	AF-0000000203500283	shard_978_batch_0.tar	68714496	195766	1702898176	2842579
15144	14240	AF-0000000211856189	shard_1166_batch_0.tar	305474560	341135	4028757504	9176848
15147	14525	AF-0000000203668479	shard_296_batch_0.tar	21760512	85058	502266880	502257
15153	14210	AF-0000000204121217	shard_1072_batch_1.tar	258266112	266160	3707579904	4910516
15158	14154	AF-0000000211856057	shard_306_batch_1.tar	70668800	88992	591021056	531791
15172	14935	AF-0000000211876097	shard_986_batch_0.tar	28165120	208141	2858565120	2993586
15182	14721	AF-0000000211868794	shard_978_batch_0.tar	184270848	197769	1611340800	2724140
15186	14973	AF-0000000211876126	shard_358_batch_0.tar	66712576	109797	632367616	839840
15212	14656	AF-0000000211868745	shard_396_batch_4.tar	20333568	125374	388524544	1159497
15212	14657	AF-0000000211868747	shard_404_batch_4.tar	120704512	131039	643326464	1212644
15219	14115	AF-0000000211809464	shard_268_batch_0.tar	22077440	72453	285446656	379027
15224	14534	AF-0000000203924224	shard_1124_batch_0.tar	120421888	285128	1992814080	6525697
15227	14206	AF-0000000204597210	shard_894_batch_1.tar	6000640	157837	973851136	1981631
15228	14267	AF-0000000211856235	shard_442_batch_1.tar	105417216	151672	509959168	1670381
15229	14267	AF-0000000211856236	shard_436_batch_2.tar	35554304	148216	1798613504	1598706
15232	14445	AF-0000000211856425	shard_420_batch_4.tar	6854656	134119	1283191808	1292910
15232	14517	AF-0000000204747308	shard_354_batch_4.tar	50791424	104472	330694144	792891
15232	14991	AF-0000000204747289	shard_320_batch_4.tar	57053184	91941	198346240	596729
15237	14657	AF-0000000203680435	shard_348_batch_0.tar	77912576	105050	704885248	748411
15241	14461	AF-0000000211856447	shard_968_batch_2.tar	2298368	197769	637904896	2770990
15241	14982	AF-0000000211876133	shard_332_batch_3.tar	44886016	98971	645293056	635351
15254	14407	AF-0000000203587383	shard_278_batch_0.tar	13254144	76357	377293312	423281
15257	14407	AF-0000000204150721	shard_282_batch_1.tar	10836480	76590	175019520	438062
15257	14525	AF-0000000204150718	shard_270_batch_1.tar	11939840	73762	196892672	391963
15266	14815	AF-0000000211868901	shard_1184_batch_0.tar	169688064	388912	3520983552	10326077
15266	14942	AF-0000000211876104	shard_1130_batch_0.tar	107405312	290744	5900518400	6047580
15268	14272	AF-0000000203631220	shard_1064_batch_0.tar	232399360	258362	1895330304	5015385
15269	14770	AF-0000000211868842	shard_212_batch_3.tar	2053632	54614	165028864	183806
15285	14741	AF-0000000203736986	shard_354_batch_0.tar	8330752	107748	969853952	808213
15289	14944	AF-0000000203906589	shard_974_batch_1.tar	115367936	192042	2058856960	2844339
15290	14797	AF-0000000203832637	shard_926_batch_0.tar	134003712	176185	861007872	2155491
15292	14133	AF-0000000204805145	shard_976_batch_2.tar	77681664	198558	252638720	2958642
15298	14989	AF-0000000203511169	shard_340_batch_0.tar	33184768	103844	208759808	725763
15307	14721	AF-0000000211868795	shard_1044_batch_1.tar	140938240	242549	580080640	4000243
15311	14445	AF-0000000211856426	shard_1006_batch_1.tar	197953024	209783	1324980224	3293603
15315	14879	AF-0000000203493838	shard_426_batch_0.tar	118062080	144116	416669184	1393833
15323	14996	AF-0000000211876147	shard_296_batch_4.tar	69354496	82406	422974464	486566
15324	14895	AF-0000000203555578	shard_1052_batch_0.tar	181707776	248827	2355781632	4248661
15325	14521	AF-0000000211868587	shard_1024_batch_0.tar	30971904	228760	3110127616	3718128
15326	14914	AF-0000000211868982	shard_402_batch_3.tar	10510848	131306	625223168	1199727
15328	14361	AF-0000000203499204	shard_1048_batch_0.tar	16395264	243319	3178896896	4403411
15356	14598	AF-0000000204778439	shard_360_batch_4.tar	1659904	110387	638230016	804609
15356	14989	AF-0000000204778442	shard_196_batch_3.tar	37125632	48212	220919296	128930
15359	14632	AF-0000000203621002	shard_946_batch_0.tar	33196032	179247	2155065856	2341492
15386	14351	AF-0000000203983310	shard_1004_batch_1.tar	166515712	213049	2968245760	3024803
15387	14881	AF-0000000211868945	shard_446_batch_2.tar	18979840	156628	684391424	1725101
15388	14881	AF-0000000211868946	shard_930_batch_1.tar	12739072	172318	1681711104	2178496
15399	14332	AF-0000000211856311	shard_940_batch_2.tar	77874176	178722	1088060416	2315826
15407	14623	AF-0000000203779255	shard_262_batch_0.tar	3532288	71808	208519168	344125
15412	14562	AF-0000000203929020	shard_436_batch_1.tar	30622720	145457	1712299008	1494110
15416	14188	AF-0000000211856109	shard_434_batch_0.tar	85994496	146897	1678391296	1535801
15416	14318	AF-0000000211856286	shard_326_batch_0.tar	7451648	93959	270162432	581345
15419	14336	AF-0000000204425553	shard_294_batch_2.tar	46498816	86101	292485632	494737
15420	14914	AF-0000000211868983	shard_408_batch_3.tar	118276096	134623	324766208	1278472
15434	14320	AF-0000000203824608	shard_976_batch_0.tar	147403776	198179	610113024	2803221
15435	14320	AF-0000000203824573	shard_972_batch_0.tar	156680704	197438	2953329664	2748967
15440	14568	AF-0000000211868671	shard_382_batch_1.tar	92426752	120914	407787008	991938
15450	14562	AF-0000000203929733	shard_430_batch_2.tar	39049728	142496	1018690048	1433954
15450	14819	AF-0000000203929742	shard_452_batch_2.tar	25019392	155010	737214976	1730112
15452	14137	AF-0000000203704287	shard_180_batch_0.tar	31173632	40996	163375104	98975
