a	b	entity	tar	cif_off	cif_len	pae_off	pae_len
71	15269	AF-0000000209492332	shard_230_batch_3.tar	57171968	61100	184602112	236397
201	15450	AF-0000000203929583	shard_448_batch_2.tar	65887744	150630	2009036800	1672458
234	15282	AF-0000000209938102	shard_908_batch_0.tar	52602368	167750	913660928	1996972
273	15438	AF-0000000209938379	shard_980_batch_1.tar	512	201297	2313565696	3006537
293	15021	AF-0000000205104217	shard_362_batch_4.tar	60961792	111252	465698816	861250
309	15440	AF-0000000209939130	shard_924_batch_1.tar	154052096	169910	1539152384	2036512
318	15167	AF-0000000209939273	shard_932_batch_0.tar	21641216	176031	2278644224	2084890
349	15116	AF-0000000209939617	shard_896_batch_0.tar	87806976	162366	1572146688	1838332
349	15126	AF-0000000209939618	shard_934_batch_0.tar	22440960	177785	2543496192	2163395
353	15063	AF-0000000205129383	shard_310_batch_4.tar	32747520	91709	454995456	572154
376	15224	AF-0000000209940181	shard_1130_batch_0.tar	163227136	293135	2604857344	6748174
401	15438	AF-0000000203945230	shard_980_batch_1.tar	96696832	199439	2263179776	3003414
478	15412	AF-0000000203929799	shard_880_batch_0.tar	130867200	148601	1496407552	1579069
478	15450	AF-0000000203929808	shard_438_batch_2.tar	38792704	145679	1185720320	1537564
545	15087	AF-0000000205141947	shard_411_batch_0.tar	35257344	129213	833215488	1225266
554	15435	AF-0000000203824872	shard_1086_batch_1.tar	263258112	292632	5826683392	6427161
579	15072	AF-0000000203940219	shard_1162_batch_0.tar	186910720	340342	1137062912	7877266
627	15164	AF-0000000203814900	shard_378_batch_1.tar	61258240	119189	753236480	986483
627	15227	AF-0000000203814933	shard_386_batch_1.tar	2202112	121862	416076288	1061250
627	15402	AF-0000000203814930	shard_414_batch_1.tar	116989952	138185	382389760	1300052
627	15469	AF-0000000203814938	shard_298_batch_0.tar	38046720	87108	562391040	463832
640	15424	AF-0000000205104874	shard_356_batch_4.tar	77277184	105112	661320192	828964
665	15471	AF-0000000205104691	shard_1173_batch_0.tar	246896640	356096	1341072896	8988538
674	15308	AF-0000000205111170	shard_382_batch_4.tar	74381312	120920	655041536	1014638
697	15091	AF-0000000205106753	shard_993_batch_0.tar	162687488	203926	3176899584	3019349
702	15224	AF-0000000203923253	shard_1124_batch_0.tar	209531904	287759	5076559872	6610618
719	15011	AF-0000000210037604	shard_270_batch_0.tar	33252352	74181	275999744	376575
752	15307	AF-0000000204602247	shard_1014_batch_1.tar	18387968	215080	2013659648	3298153
787	15160	AF-0000000210187681	shard_973_batch_0.tar	119391744	192450	2801985024	2567901
788	15282	AF-0000000203591640	shard_382_batch_0.tar	365568	119851	819179520	1022200
830	15269	AF-0000000210187967	shard_340_batch_4.tar	91698176	102855	496157696	667269
848	15438	AF-0000000210199021	shard_974_batch_1.tar	129283072	195011	2989989376	2880008
896	15458	AF-0000000210203435	shard_372_batch_3.tar	46041088	116535	786240000	948389
905	15269	AF-0000000210203463	shard_332_batch_4.tar	87948800	99839	672104960	640098
957	15453	AF-0000000205109618	shard_915_batch_0.tar	101860352	164174	1853035520	1919922
1007	15148	AF-0000000203941176	shard_1058_batch_1.tar	43456512	256014	1695795712	4388573
1044	15277	AF-0000000210204412	shard_1006_batch_1.tar	182112768	207818	3318512128	3068274
1113	15063	AF-0000000205129015	shard_284_batch_4.tar	54632960	80783	383124480	448230
1113	15335	AF-0000000210220393	shard_182_batch_3.tar	26398208	41172	129654272	104928
1119	15282	AF-0000000205137169	shard_917_batch_0.tar	34249728	166768	2138492928	1935465
1173	15470	AF-0000000205104158	shard_417_batch_0.tar	124626432	134978	1278337024	1284881
1178	15063	AF-0000000205104387	shard_280_batch_4.tar	56840192	79510	345958400	427957
1178	15164	AF-0000000205104388	shard_274_batch_4.tar	74902016	77535	165270016	401570
1204	15181	AF-0000000210223092	shard_340_batch_4.tar	74516992	100366	608594432	713619
1207	15131	AF-0000000210223146	shard_949_batch_0.tar	99859968	181714	1119728128	2436976
1207	15186	AF-0000000205173541	shard_360_batch_4.tar	86198272	109910	1002031616	852194
1217	15279	AF-0000000205111309	shard_1045_batch_0.tar	13071872	232097	3345120768	3893160
1231	15269	AF-0000000210223277	shard_342_batch_4.tar	18811392	103376	914944000	688863
1243	15424	AF-0000000203937145	shard_338_batch_1.tar	22416384	97211	276512768	706771
1248	15438	AF-0000000205109970	shard_1005_batch_0.tar	137801728	212794	1489053184	3417259
1271	15472	AF-0000000205171178	shard_396_batch_4.tar	117796352	127943	1077334016	1153518
1359	15129	AF-0000000203493902	shard_898_batch_0.tar	161217024	167090	1049664000	1849831
1365	15340	AF-0000000210382909	shard_962_batch_2.tar	81618432	189083	1300978688	2530885
1370	15004	AF-0000000210383081	shard_964_batch_0.tar	73183232	187423	2866534400	2442456
1371	15395	AF-0000000203754024	shard_426_batch_1.tar	95948288	136053	930725376	1394254
1372	15424	AF-0000000203936981	shard_354_batch_1.tar	56645120	104928	922375680	803993
1374	15308	AF-0000000210383233	shard_368_batch_4.tar	75972096	112654	663990784	903327
1391	15072	AF-0000000203942204	shard_1058_batch_1.tar	19806720	252127	3456295936	4503701
1438	15346	AF-0000000203694350	shard_1182_batch_0.tar	92287488	385451	888217088	10489224
1441	15199	AF-0000000210384890	shard_370_batch_1.tar	75556864	111676	1074139648	876709
1449	15044	AF-0000000203546605	shard_1052_batch_0.tar	48494080	244704	4152750080	4315235
1453	15107	AF-0000000203555877	shard_1020_batch_0.tar	191020544	225570	2431446528	3433603
1453	15324	AF-0000000203555876	shard_1162_batch_0.tar	142647296	338728	7954911232	7581048
1454	15158	AF-0000000204116183	shard_440_batch_2.tar	33010176	152021	1513547776	1609542
1472	15240	AF-0000000204040389	shard_1128_batch_0.tar	152304128	289189	2119910912	5868003
1477	15059	AF-0000000210385445	shard_908_batch_1.tar	7237632	166647	2226673664	2022842
1482	15361	AF-0000000210385500	shard_230_batch_3.tar	57416704	59442	270581760	245199
1495	15037	AF-0000000210385783	shard_378_batch_2.tar	82462208	119721	916755456	1019342
1495	15162	AF-0000000210385784	shard_954_batch_1.tar	74860032	184002	889128448	2525411
1495	15283	AF-0000000210385786	shard_378_batch_2.tar	24864768	119833	745678336	1010062
1497	15037	AF-0000000203711949	shard_908_batch_0.tar	145213952	160641	651896320	1957441
1497	15283	AF-0000000203711951	shard_908_batch_0.tar	38487552	161753	2275286016	1979596
1502	15408	AF-0000000210385841	shard_1152_batch_0.tar	213640192	312438	4284579328	7068558
1506	15141	AF-0000000203828957	shard_278_batch_0.tar	63157248	78728	381837312	354005
1521	15181	AF-0000000210426385	shard_266_batch_0.tar	54757888	70470	178274816	371941
1521	15218	AF-0000000203620870	shard_274_batch_0.tar	2177024	73475	340272640	400984
1521	15222	AF-0000000203620875	shard_264_batch_0.tar	32594432	69714	152006144	374580
1522	15072	AF-0000000203941691	shard_1060_batch_1.tar	247337984	256689	2563054592	4689613
1536	15199	AF-0000000210426615	shard_346_batch_1.tar	84174848	101693	226006016	727376
1539	15313	AF-0000000203558505	shard_186_batch_0.tar	14818304	42297	110916608	114617
1551	15229	AF-0000000203937443	shard_946_batch_1.tar	66182144	181960	1716223488	2508408
1551	15454	AF-0000000210426902	shard_988_batch_1.tar	138496000	200606	1734764032	3010611
1552	15454	AF-0000000210426904	shard_982_batch_1.tar	156951040	199768	2022573568	2904640
1557	15164	AF-0000000204827815	shard_392_batch_4.tar	68641280	122374	546567680	1051075
1564	15456	AF-0000000203606407	shard_190_batch_0.tar	27118080	46498	124333056	127730
1564	15457	AF-0000000203606405	shard_190_batch_0.tar	26517504	46331	197304320	127960
1564	15460	AF-0000000203606406	shard_190_batch_0.tar	36926976	46312	182514688	129696
1566	15229	AF-0000000210427112	shard_1118_batch_0.tar	18880512	283140	3676652032	5862303
1571	15011	AF-0000000210427326	shard_346_batch_3.tar	84465152	103762	673928192	730512
1589	15444	AF-0000000204069557	shard_390_batch_2.tar	121401856	122872	1086472704	1074955
1596	15343	AF-0000000210427917	shard_416_batch_1.tar	11487232	135403	327614464	1304052
1626	15256	AF-0000000210428517	shard_976_batch_0.tar	99435008	192423	470145024	2467523
1634	15173	AF-0000000203455993	shard_364_batch_0.tar	103995904	113990	447235584	838704
1643	15352	AF-0000000210428716	shard_428_batch_0.tar	97601024	145306	353130496	1429163
1643	15431	AF-0000000210428717	shard_420_batch_0.tar	96436736	139329	359131136	1366681
1644	15417	AF-0000000204677714	shard_248_batch_3.tar	56782336	68258	406116864	315592
1661	15269	AF-0000000210429119	shard_422_batch_0.tar	71191552	137538	1174224896	1329987
1664	15415	AF-0000000204155349	shard_298_batch_1.tar	66907648	86973	523802624	491090
1667	15087	AF-0000000210429343	shard_994_batch_0.tar	84272128	205405	1324576256	3045592
1675	15095	AF-0000000203496879	shard_1072_batch_0.tar	199123456	267519	1932877312	5378097
1675	15142	AF-0000000203496881	shard_932_batch_0.tar	35295232	175500	418817536	2230033
1675	15152	AF-0000000210429453	shard_1016_batch_0.tar	100857344	219264	3347928064	3583951
1675	15328	AF-0000000203496871	shard_1158_batch_0.tar	245877760	322853	2828808704	7784294
1702	15438	AF-0000000203744544	shard_974_batch_0.tar	81086976	197136	2976756224	2931883
1712	15355	AF-0000000210430105	shard_438_batch_3.tar	136968704	139872	907900416	1496608
1721	15230	AF-0000000204737676	shard_346_batch_3.tar	74613760	103557	902237696	767671
1721	15231	AF-0000000204737675	shard_346_batch_3.tar	91696128	103254	631881216	769912
1729	15063	AF-0000000203586474	shard_302_batch_0.tar	79377408	87898	371683840	517005
1734	15155	AF-0000000210430657	shard_1186_batch_0.tar	200348160	393652	706251264	10781026
1738	15324	AF-0000000204058452	shard_1044_batch_1.tar	80939520	242665	4422656512	4022818
1752	15335	AF-0000000210452878	shard_290_batch_0.tar	7998976	83981	189001728	470826
1756	15342	AF-0000000210452977	shard_286_batch_1.tar	21883392	82225	390626304	426411
1757	15269	AF-0000000210453014	shard_388_batch_2.tar	104865792	119959	920808960	1023955
1766	15095	AF-0000000203499347	shard_1144_batch_0.tar	236456960	309909	5725368320	7260806
1766	15142	AF-0000000203499348	shard_1010_batch_0.tar	21196800	217704	2999981056	3377393
1766	15152	AF-0000000210453097	shard_1064_batch_0.tar	227991552	262858	1165612544	4929528
1766	15328	AF-0000000203499340	shard_1174_batch_0.tar	153193984	365155	801319424	9787790
1779	15303	AF-0000000204113075	shard_888_batch_1.tar	133313024	162803	1306203136	1972874
1807	15011	AF-0000000210453662	shard_320_batch_4.tar	23372800	92999	473166336	580756
1819	15037	AF-0000000203549346	shard_370_batch_0.tar	66379776	117125	689951232	948701
1821	15181	AF-0000000210453924	shard_270_batch_0.tar	40260608	71562	515772928	378700
1821	15218	AF-0000000203620929	shard_278_batch_0.tar	1655808	75012	460704256	417732
1821	15221	AF-0000000210453925	shard_274_batch_0.tar	26415616	73796	203726336	403387
1821	15222	AF-0000000203620937	shard_268_batch_0.tar	5094912	70919	436407808	376426
1821	15226	AF-0000000203620946	shard_1020_batch_0.tar	26318336	222685	2630505472	3370864
1821	15357	AF-0000000203620936	shard_272_batch_0.tar	71293952	73550	327673344	389656
1829	15004	AF-0000000210454087	shard_900_batch_0.tar	71086080	160589	1616504320	1819376
1840	15037	AF-0000000210454307	shard_418_batch_2.tar	43100672	140013	815849472	1391825
1840	15162	AF-0000000210454308	shard_994_batch_1.tar	32686592	204270	2087226368	3074939
1840	15283	AF-0000000210454309	shard_418_batch_2.tar	7747584	140805	1476537856	1402904
1850	15063	AF-0000000203668370	shard_288_batch_0.tar	69537792	81684	526962688	462317
1850	15164	AF-0000000203668374	shard_280_batch_0.tar	5147648	79641	535695360	427517
1850	15257	AF-0000000203668388	shard_180_batch_0.tar	33980416	39003	117357568	95665
1864	15361	AF-0000000210454696	shard_194_batch_0.tar	27195392	47459	116063232	142995
1873	15213	AF-0000000210454767	shard_352_batch_3.tar	98859520	106696	271864320	791231
1873	15387	AF-0000000210454769	shard_270_batch_3.tar	34284544	76187	521045504	383118
1891	15033	AF-0000000210455331	shard_398_batch_1.tar	117470208	127733	1073833472	1103757
1895	15324	AF-0000000204224877	shard_1020_batch_1.tar	17632256	221078	428735488	3422468
1904	15007	AF-0000000210472212	shard_978_batch_0.tar	28640768	200254	1010287616	2574303
1942	15199	AF-0000000210473034	shard_244_batch_1.tar	58089984	63911	161373696	270884
1945	15337	AF-0000000210473125	shard_1168_batch_0.tar	319220736	331390	8265370624	7966494
1979	15402	AF-0000000203817076	shard_416_batch_1.tar	92267520	138938	1200178176	1288353
1979	15469	AF-0000000203817085	shard_300_batch_0.tar	14949376	87992	632667136	466595
1982	15127	AF-0000000203453218	shard_392_batch_0.tar	84792320	119873	603425280	1078783
1982	15128	AF-0000000203453217	shard_440_batch_0.tar	92711424	143965	1418580480	1550237
1984	15063	AF-0000000203590501	shard_286_batch_0.tar	32865792	81413	290902016	456633
1984	15164	AF-0000000203586168	shard_280_batch_0.tar	38615552	79619	213773312	429767
2004	15346	AF-0000000203694428	shard_1172_batch_0.tar	26615296	364111	1113141760	9473559
2037	15446	AF-0000000210498876	shard_404_batch_1.tar	19320832	133629	1302159360	1264804
2041	15069	AF-0000000210498950	shard_274_batch_3.tar	39880704	79219	537639936	382182
2051	15063	AF-0000000203586394	shard_280_batch_0.tar	2846720	79389	324224000	429739
2051	15164	AF-0000000203586396	shard_272_batch_0.tar	6608896	77196	157886976	393618
2056	15023	AF-0000000203943528	shard_404_batch_1.tar	81714688	127954	443031552	1219913
2057	15250	AF-0000000204673142	shard_278_batch_3.tar	41240064	76733	384820736	411825
2058	15424	AF-0000000210499213	shard_376_batch_1.tar	77615616	111961	472183808	959792
2062	15011	AF-0000000210499260	shard_294_batch_3.tar	22339584	83317	538618368	462063
2070	15385	AF-0000000210499549	shard_1022_batch_0.tar	94763520	221031	2370218496	3428283
2072	15152	AF-0000000210499650	shard_974_batch_0.tar	141248512	196729	2708535808	2804581
2084	15133	AF-0000000203654274	shard_374_batch_0.tar	106040832	116704	547125760	963122
2085	15181	AF-0000000210499802	shard_266_batch_0.tar	54685696	71515	180101120	375216
2085	15218	AF-0000000203620602	shard_274_batch_0.tar	27505664	74407	329683456	403286
2085	15222	AF-0000000203620613	shard_266_batch_0.tar	30482944	70549	204242944	371792
2085	15357	AF-0000000203620612	shard_268_batch_0.tar	50091520	73490	250429952	382596
2085	15359	AF-0000000203620611	shard_266_batch_0.tar	2464256	71502	483528704	372781
2086	15181	AF-0000000210499806	shard_274_batch_0.tar	46405632	73563	378199040	407584
2086	15218	AF-0000000203620817	shard_282_batch_0.tar	61070848	76485	455612416	436549
2086	15221	AF-0000000210499807	shard_280_batch_0.tar	46958592	75863	336766976	424391
2086	15222	AF-0000000203620821	shard_274_batch_0.tar	74484224	73101	293588992	405798
2086	15226	AF-0000000203620823	shard_1024_batch_0.tar	28500992	224519	3969664000	3486914
2088	15294	AF-0000000210499909	shard_968_batch_1.tar	956416	187844	443082240	2622200
2099	15087	AF-0000000203584645	shard_390_batch_0.tar	121253888	122328	530782720	1066854
2099	15155	AF-0000000210500243	shard_1062_batch_0.tar	174995968	254825	657149952	4496273
2099	15434	AF-0000000203584640	shard_978_batch_0.tar	101677056	199190	2781111296	2841507
2099	15435	AF-0000000203584639	shard_974_batch_0.tar	56725504	198041	1630418944	2778295
2124	15067	AF-0000000204108742	shard_426_batch_2.tar	118477824	146144	391326720	1473084
2124	15307	AF-0000000204108741	shard_992_batch_1.tar	162341376	208635	660470784	3022262
2125	15041	AF-0000000210500608	shard_450_batch_0.tar	30043136	154576	873048576	1689743
2170	15269	AF-0000000210501534	shard_396_batch_2.tar	89692672	124380	385927168	1076466
2174	15446	AF-0000000203934854	shard_406_batch_1.tar	61777408	133196	366088192	1268434
2181	15081	AF-0000000210501892	shard_394_batch_1.tar	29640704	125184	1048692224	1144724
2189	15417	AF-0000000204678642	shard_226_batch_3.tar	58527232	59836	263582208	238885
2196	15152	AF-0000000210502099	shard_1120_batch_0.tar	41509376	288676	3160153088	5944145
2209	15307	AF-0000000203598914	shard_1024_batch_0.tar	151296000	226295	3940611584	3610227
2218	15063	AF-0000000210502478	shard_282_batch_0.tar	25077248	79673	164792320	433159
2221	15325	AF-0000000203823816	shard_942_batch_0.tar	86396416	183722	2176777216	2351022
2254	15240	AF-0000000203782394	shard_414_batch_1.tar	2718208	133854	624437760	1253780
2255	15240	AF-0000000210538421	shard_434_batch_2.tar	121545728	146942	998379008	1501076
2255	15392	AF-0000000210538424	shard_338_batch_1.tar	19358208	100787	538793472	670634
2315	15086	AF-0000000204730787	shard_412_batch_4.tar	79213056	136095	1354119680	1351845
2315	15245	AF-0000000210558741	shard_386_batch_4.tar	117499904	121270	414220288	1066873
2324	15192	AF-0000000204825284	shard_1011_batch_0.tar	81428992	211852	602003968	3504576
2343	15087	AF-0000000210570688	shard_398_batch_1.tar	106361344	128710	775311360	1172549
2343	15090	AF-0000000210570689	shard_394_batch_1.tar	39817216	126258	370157568	1126412
2343	15236	AF-0000000210570692	shard_1042_batch_1.tar	41785344	236843	3554318848	4041565
2353	15368	AF-0000000210575140	shard_934_batch_2.tar	44775424	180020	638820864	2310084
2380	15011	AF-0000000210591846	shard_314_batch_3.tar	54166016	90869	506180608	551861
2427	15015	AF-0000000204650127	shard_264_batch_3.tar	24783872	69951	453841920	333017
2430	15193	AF-0000000210606269	shard_1068_batch_1.tar	57981440	265128	1240514560	5274849
2434	15362	AF-0000000204240377	shard_890_batch_1.tar	30839808	161572	583541760	1848494
2437	15412	AF-0000000210609739	shard_436_batch_1.tar	62439936	144710	847350784	1488251
2437	15450	AF-0000000210609740	shard_432_batch_1.tar	5103616	141609	743098368	1441352
2438	15164	AF-0000000203814970	shard_378_batch_1.tar	85593600	119288	1093016576	994939
2438	15227	AF-0000000203815015	shard_386_batch_1.tar	110526464	122162	509187072	1062489
2438	15402	AF-0000000203815010	shard_416_batch_1.tar	106393088	138323	1067000832	1284353
2438	15469	AF-0000000203815026	shard_300_batch_0.tar	607744	87216	642184704	462438
2451	15323	AF-0000000203921561	shard_220_batch_0.tar	42457088	55067	131313152	194088
2462	15011	AF-0000000210612839	shard_302_batch_3.tar	27849216	85348	507494912	490231
2466	15337	AF-0000000210613572	shard_1062_batch_1.tar	177752576	246638	2868942848	4497381
2482	15158	AF-0000000203657729	shard_262_batch_0.tar	66453504	73670	471741440	370913
2517	15021	AF-0000000204772762	shard_410_batch_4.tar	1076736	135019	1006940160	1282867
2517	15054	AF-0000000210658027	shard_350_batch_4.tar	60375040	106956	816257024	792972
2517	15160	AF-0000000210658030	shard_398_batch_4.tar	61993984	126938	266657280	1166970
2518	15054	AF-0000000210658203	shard_922_batch_2.tar	69145600	174216	1134460928	2163209
2518	15160	AF-0000000210658205	shard_970_batch_2.tar	85002240	193465	192337920	2753174
2518	15297	AF-0000000204777238	shard_996_batch_2.tar	5445120	210161	274381824	3052550
2535	15454	AF-0000000210670734	shard_438_batch_0.tar	30788608	147805	1515548160	1568811
2548	15063	AF-0000000210672912	shard_280_batch_0.tar	9838080	78714	429489152	425425
2548	15164	AF-0000000210672913	shard_272_batch_0.tar	38124544	76728	300142592	397968
2549	15063	AF-0000000203586749	shard_304_batch_0.tar	80495104	87505	607634944	532873
2549	15164	AF-0000000203586753	shard_298_batch_0.tar	12055552	85760	325411840	492860
2549	15254	AF-0000000203586737	shard_188_batch_0.tar	30247936	44638	128817152	124678
2549	15335	AF-0000000210672976	shard_198_batch_0.tar	9719296	47828	237762560	145872
2563	15039	AF-0000000210677168	shard_358_batch_1.tar	6216192	109513	804131840	853686
2565	15141	AF-0000000203828458	shard_270_batch_0.tar	17216000	76058	181946880	341744
2576	15299	AF-0000000210679670	shard_912_batch_0.tar	19654656	166476	1558527488	2099661
2577	15456	AF-0000000203840639	shard_188_batch_0.tar	17837568	44236	120882688	113012
2577	15457	AF-0000000203840637	shard_188_batch_0.tar	30022656	44173	196932608	113375
2577	15460	AF-0000000203840638	shard_188_batch_0.tar	43042816	44045	116169216	115030
2579	15063	AF-0000000203586952	shard_280_batch_0.tar	34413056	79029	393025024	419822
2579	15164	AF-0000000203586955	shard_272_batch_0.tar	16822272	77213	467518976	390420
2581	15063	AF-0000000203666758	shard_284_batch_0.tar	49451008	79731	523845120	444651
2600	15128	AF-0000000203600514	shard_450_batch_0.tar	4260864	153295	1841580544	1737625
2600	15352	AF-0000000203600485	shard_376_batch_0.tar	30295552	118809	949361152	893605
2600	15431	AF-0000000203600488	shard_366_batch_0.tar	35753984	113236	552187904	855550
2601	15027	AF-0000000203874907	shard_908_batch_1.tar	150854144	170937	1249398784	2056663
2609	15224	AF-0000000203923108	shard_1128_batch_0.tar	209106432	289638	4359911936	6734433
2618	15043	AF-0000000203593090	shard_266_batch_0.tar	8453120	74369	154213888	376407
2621	15027	AF-0000000210688352	shard_926_batch_0.tar	144989184	175428	590968320	2178587
2621	15095	AF-0000000210688355	shard_1046_batch_0.tar	130792960	242565	964380672	4279918
2621	15102	AF-0000000210688356	shard_1074_batch_0.tar	37160448	270588	4484350464	5114121
2621	15131	AF-0000000210688358	shard_1040_batch_0.tar	231452160	234656	3403422208	3898585
2621	15323	AF-0000000210688363	shard_902_batch_0.tar	95887872	163638	1677605888	1936747
2628	15018	AF-0000000210689581	shard_1056_batch_1.tar	13604864	245268	3238440448	4470043
2643	15063	AF-0000000203825702	shard_282_batch_0.tar	79830016	79078	204719104	435246
2658	15069	AF-0000000204747026	shard_238_batch_3.tar	37204992	65767	141430784	268012
2664	15158	AF-0000000210696771	shard_388_batch_1.tar	96310272	121956	842031104	1084699
2664	15335	AF-0000000210696773	shard_360_batch_1.tar	19514368	109169	850749440	870550
2673	15078	AF-0000000203522387	shard_1010_batch_0.tar	137890816	217073	614948864	3573559
2674	15063	AF-0000000203587046	shard_280_batch_0.tar	5465600	78946	227028480	420729
2674	15164	AF-0000000203587047	shard_272_batch_0.tar	67845632	77029	391788032	397810
2677	15283	AF-0000000204498616	shard_302_batch_3.tar	87256576	88247	475408896	501709
2684	15078	AF-0000000203522522	shard_1006_batch_0.tar	76489216	214791	3100282880	3512831
2689	15152	AF-0000000210702488	shard_408_batch_1.tar	61371904	135473	1412648960	1310316
2694	15133	AF-0000000204200408	shard_436_batch_3.tar	594944	150676	819455488	1637670
2712	15395	AF-0000000204251911	shard_910_batch_1.tar	167213568	163933	1006496256	1917021
2719	15145	AF-0000000204107508	shard_438_batch_2.tar	101410816	150543	1464250368	1636923
2724	15439	AF-0000000210711552	shard_398_batch_0.tar	3985920	127259	781322752	1117062
2763	15454	AF-0000000210717282	shard_986_batch_1.tar	167860736	202044	2423564288	2999456
2768	15027	AF-0000000203872025	shard_444_batch_1.tar	10202112	154004	1793870336	1753782
2774	15037	AF-0000000210720987	shard_422_batch_0.tar	129724928	137732	651686912	1331955
2774	15162	AF-0000000210720989	shard_998_batch_0.tar	146250752	202080	3378735616	2957339
2774	15283	AF-0000000210720991	shard_422_batch_0.tar	131820032	138718	1137888768	1332962
2778	15086	AF-0000000204730995	shard_418_batch_4.tar	17257984	139728	1175794176	1430320
2786	15095	AF-0000000203497994	shard_1072_batch_0.tar	102768640	267613	1044570624	5474372
2786	15142	AF-0000000203497996	shard_930_batch_0.tar	115211264	175243	1582917632	2180563
2786	15328	AF-0000000203497986	shard_1098_batch_0.tar	29184000	323222	2925006848	7674376
2789	15063	AF-0000000203668108	shard_282_batch_0.tar	22092800	79658	278529024	440708
2789	15335	AF-0000000210724508	shard_182_batch_0.tar	22091776	40236	166971392	100065
2792	15309	AF-0000000204825616	shard_376_batch_4.tar	37222400	118055	1153707520	993098
2815	15176	AF-0000000210729932	shard_970_batch_1.tar	162698240	195138	2252029440	2800723
2833	15187	AF-0000000210733164	shard_1034_batch_1.tar	6536704	230127	3110383616	3598854
2833	15450	AF-0000000203929356	shard_422_batch_1.tar	112039936	137850	294521856	1351751
2835	15143	AF-0000000203493457	shard_1124_batch_0.tar	80903168	290170	4302420480	5715355
2851	15240	AF-0000000203754983	shard_914_batch_0.tar	126275584	168974	352452608	2010544
2873	15075	AF-0000000203816586	shard_384_batch_1.tar	91471360	121406	429963776	1060044
2873	15401	AF-0000000210744810	shard_404_batch_1.tar	36019200	133436	665369600	1193426
2873	15402	AF-0000000203816644	shard_414_batch_1.tar	20348416	138223	1370187776	1278172
2873	15469	AF-0000000203816660	shard_298_batch_0.tar	82181120	86628	508690432	454937
2881	15069	AF-0000000204746948	shard_230_batch_3.tar	2237440	61131	271552000	248482
2888	15160	AF-0000000210746555	shard_346_batch_4.tar	46981632	103302	262668800	758417
2892	15086	AF-0000000203548531	shard_414_batch_0.tar	21370368	136471	832661504	1353607
2894	15281	AF-0000000210747357	shard_1058_batch_0.tar	207627264	257207	3923585536	4726204
2894	15469	AF-0000000203814024	shard_302_batch_0.tar	17013248	89283	659877888	471893
2895	15075	AF-0000000203816120	shard_388_batch_1.tar	19991552	124260	684009472	1087634
2895	15281	AF-0000000210747391	shard_1058_batch_0.tar	113864192	257358	3423867392	4714375
2895	15469	AF-0000000203816246	shard_302_batch_1.tar	58890240	89524	394944000	474666
2901	15010	AF-0000000204825460	shard_366_batch_4.tar	87212032	112136	721112064	911142
2947	15152	AF-0000000210757608	shard_984_batch_0.tar	197521920	201497	3128795136	2948325
2954	15337	AF-0000000210758369	shard_930_batch_0.tar	82344448	169042	661956096	2100068
2954	15385	AF-0000000210758370	shard_362_batch_0.tar	6034944	108307	522868736	801100
2971	15143	AF-0000000203920210	shard_1012_batch_1.tar	51274240	220700	2851243520	3385218
2980	15435	AF-0000000203824514	shard_1118_batch_0.tar	240101888	289307	4470085632	6205358
2981	15435	AF-0000000210763912	shard_1082_batch_0.tar	138304000	285077	4314060288	6125284
3005	15245	AF-0000000210767402	shard_414_batch_2.tar	68156416	133325	1548553728	1292366
3008	15152	AF-0000000210767491	shard_374_batch_1.tar	2576384	117994	780097024	947939
3023	15241	AF-0000000210771205	shard_382_batch_0.tar	64953856	119578	630240768	984172
3025	15087	AF-0000000204747790	shard_390_batch_4.tar	92081152	123913	549584384	1088412
3027	15147	AF-0000000204738264	shard_246_batch_3.tar	56738304	67561	381639168	296864
3028	15395	AF-0000000210779119	shard_1028_batch_1.tar	60942336	221529	648572416	3829563
3030	15368	AF-0000000210779996	shard_926_batch_1.tar	63794176	178211	2335250432	2238890
3045	15037	AF-0000000203657819	shard_992_batch_0.tar	186153984	203969	3381432320	3143630
3053	15158	AF-0000000204115763	shard_442_batch_2.tar	103688192	154382	1046076928	1595138
3071	15010	AF-0000000204825531	shard_362_batch_4.tar	28022272	110538	243165696	898976
3072	15044	AF-0000000210788847	shard_980_batch_2.tar	35424768	196443	447475200	2694539
3074	15011	AF-0000000210789041	shard_326_batch_0.tar	26550272	95398	244686848	608702
3077	15207	AF-0000000210789089	shard_970_batch_0.tar	121124352	194706	801522176	2760421
3077	15227	AF-0000000203814207	shard_394_batch_1.tar	16343552	127241	980975104	1152907
3077	15402	AF-0000000203814202	shard_422_batch_1.tar	105712640	143736	1208913920	1425806
3077	15469	AF-0000000203814221	shard_310_batch_1.tar	52573184	92437	355821056	525409
3078	15075	AF-0000000203814392	shard_394_batch_1.tar	111358976	127229	656761856	1152181
3078	15227	AF-0000000203814454	shard_394_batch_1.tar	102323712	127304	1095843328	1152748
3078	15469	AF-0000000203814465	shard_310_batch_1.tar	21955584	92619	570264576	523129
3090	15063	AF-0000000203587266	shard_290_batch_0.tar	14331392	83254	579589632	470400
3090	15164	AF-0000000203587268	shard_284_batch_0.tar	5816320	81145	513408000	443756
3104	15426	AF-0000000204191776	shard_304_batch_1.tar	78060544	86509	411505152	533332
3125	15037	AF-0000000203711806	shard_386_batch_0.tar	65593856	119800	1151260672	1021514
3138	15326	AF-0000000210796237	shard_416_batch_3.tar	56520192	138927	331364864	1336039
3138	15420	AF-0000000210796238	shard_420_batch_3.tar	42937344	142674	1525310464	1409199
3144	15066	AF-0000000210796321	shard_942_batch_2.tar	65146880	178600	383887360	2176828
3144	15240	AF-0000000204594035	shard_438_batch_3.tar	49270272	148099	1687305728	1531089
3145	15240	AF-0000000210796406	shard_450_batch_3.tar	119149568	154423	904125440	1712664
3146	15240	AF-0000000204594236	shard_438_batch_3.tar	30425088	147626	628753408	1518112
3154	15349	AF-0000000203706437	shard_1056_batch_0.tar	129136640	256558	2190648832	4450385
3162	15327	AF-0000000210799753	shard_988_batch_1.tar	146642944	203303	672966656	2891015
3171	15269	AF-0000000210802268	shard_176_batch_0.tar	32162304	36578	140201472	76062
3174	15439	AF-0000000203954646	shard_302_batch_1.tar	15672320	87516	551490560	480036
3182	15141	AF-0000000203828503	shard_270_batch_0.tar	22092288	75776	518827008	341951
3185	15324	AF-0000000203588074	shard_1034_batch_0.tar	149438976	234205	3496814592	3865694
3188	15352	AF-0000000203601028	shard_378_batch_0.tar	107351552	118928	788546560	933634
3188	15431	AF-0000000203601031	shard_368_batch_0.tar	54900736	112812	600024576	880484
3201	15284	AF-0000000203578562	shard_928_batch_0.tar	145943552	169036	857883136	2108790
3202	15281	AF-0000000210807017	shard_1056_batch_0.tar	43069952	255977	1439992320	4679071
3202	15469	AF-0000000203814618	shard_300_batch_0.tar	1747456	88670	222550016	464821
3203	15281	AF-0000000210807026	shard_1060_batch_0.tar	127320064	259485	4135132672	4793587
3203	15469	AF-0000000203814730	shard_308_batch_1.tar	64112128	91266	444920832	509785
3210	15063	AF-0000000203587121	shard_280_batch_0.tar	32283648	78886	527782912	425380
3210	15164	AF-0000000203587125	shard_272_batch_0.tar	49032192	76914	463653376	396729
3216	15226	AF-0000000210809558	shard_1162_batch_0.tar	143654400	335820	2986842112	7677393
3242	15087	AF-0000000203488631	shard_436_batch_0.tar	14862336	149772	533550592	1600246
3242	15128	AF-0000000203488621	shard_954_batch_0.tar	59446272	183259	2530701824	2411093
3242	15236	AF-0000000203488699	shard_1064_batch_0.tar	223312896	258559	2932612096	4748012
3245	15037	AF-0000000204012037	shard_394_batch_2.tar	50665984	125117	289989120	1160164
3245	15044	AF-0000000204012027	shard_1008_batch_1.tar	54822912	211833	1593697792	3354554
3245	15162	AF-0000000210813996	shard_970_batch_1.tar	59462656	190050	2480085504	2738051
3266	15362	AF-0000000210828583	shard_890_batch_1.tar	2735616	161681	624185856	1863020
3321	15335	AF-0000000210847317	shard_288_batch_0.tar	76347904	81852	228602368	466351
3330	15240	AF-0000000204163619	shard_432_batch_2.tar	140822016	145257	542094848	1469381
3335	15435	AF-0000000210847778	shard_1124_batch_0.tar	39427072	295525	4478209536	6531280
3346	15199	AF-0000000210848264	shard_1010_batch_1.tar	15604224	214552	559800832	3432431
3348	15446	AF-0000000203936669	shard_420_batch_1.tar	79855616	141389	1523863552	1442672
3348	15454	AF-0000000210848369	shard_966_batch_1.tar	38593536	192245	446304256	2724021
3355	15095	AF-0000000203497358	shard_958_batch_0.tar	88332288	190010	934057984	2535927
3363	15101	AF-0000000203594772	shard_942_batch_0.tar	161176064	182239	941173760	2369906
3381	15055	AF-0000000204603221	shard_344_batch_3.tar	40482304	102211	207914496	744285
3383	15086	AF-0000000203549030	shard_448_batch_0.tar	20594688	157072	800845824	1765283
3388	15086	AF-0000000203476850	shard_882_batch_0.tar	66484736	153785	1389076992	1692053
3391	15240	AF-0000000210862458	shard_446_batch_3.tar	52792320	156252	1680115712	1683596
3399	15379	AF-0000000204796114	shard_272_batch_3.tar	3069952	75823	483192320	391417
3415	15176	AF-0000000210885827	shard_912_batch_2.tar	67757056	169804	712194048	2089101
3422	15101	AF-0000000203595251	shard_938_batch_0.tar	7750144	181627	1602192384	2319350
3424	15092	AF-0000000204809601	shard_340_batch_4.tar	59189248	102420	816542720	684308
3424	15128	AF-0000000204809623	shard_422_batch_4.tar	17559552	135069	977606144	1274854
3434	15011	AF-0000000210897662	shard_332_batch_4.tar	49042944	98227	645430272	644066
3440	15011	AF-0000000210898290	shard_344_batch_3.tar	75977728	100261	536056320	702072
3448	15043	AF-0000000203651855	shard_374_batch_0.tar	56530432	117211	303724032	984708
3458	15202	AF-0000000204204334	shard_376_batch_2.tar	43064832	117506	398272000	961559
3463	15158	AF-0000000210902164	shard_300_batch_0.tar	69511680	87297	413185536	510289
3466	15420	AF-0000000204618378	shard_384_batch_3.tar	62157824	123156	769785856	1066240
3470	15143	AF-0000000204672752	shard_1072_batch_2.tar	123994624	273263	606764544	5346539
3489	15086	AF-0000000203804769	shard_440_batch_1.tar	65341952	150708	995791872	1660194
3512	15224	AF-0000000203923415	shard_1126_batch_0.tar	246404096	288910	1635251712	6542251
3515	15335	AF-0000000210910418	shard_276_batch_1.tar	60531200	78779	274818560	423037
3516	15043	AF-0000000204746516	shard_272_batch_3.tar	46720000	77074	526261248	400134
3518	15240	AF-0000000203866771	shard_382_batch_1.tar	95804928	118061	340883968	987464
3522	15240	AF-0000000204081186	shard_898_batch_1.tar	64031744	165054	1039326208	1885512
3532	15352	AF-0000000203603957	shard_338_batch_0.tar	12395008	102345	800134144	674668
3568	15335	AF-0000000210932825	shard_296_batch_0.tar	10328064	85127	217152000	498700
3572	15213	AF-0000000210932926	shard_1060_batch_0.tar	129385984	248689	2917938688	4355117
3575	15161	AF-0000000210933033	shard_410_batch_2.tar	88388096	134730	1419233792	1320176
3577	15018	AF-0000000210933304	shard_1056_batch_1.tar	107301376	244710	1310153728	4482445
3582	15270	AF-0000000203966791	shard_916_batch_1.tar	27684864	168856	1782562304	2147589
3595	15464	AF-0000000204376634	shard_308_batch_2.tar	16115200	90480	582265344	545548
3608	15226	AF-0000000210935556	shard_1096_batch_0.tar	232352768	322928	2244448256	7271168
3610	15063	AF-0000000203585873	shard_282_batch_0.tar	14937600	79939	518116352	440768
3610	15164	AF-0000000203585876	shard_276_batch_0.tar	5411840	78023	380388864	404535
3610	15335	AF-0000000210935916	shard_182_batch_0.tar	37577216	40421	124382208	97163
3624	15343	AF-0000000210937230	shard_350_batch_3.tar	48062976	102816	675758592	725617
3629	15199	AF-0000000210937941	shard_268_batch_0.tar	65679360	73015	472634368	349479
3630	15446	AF-0000000210937980	shard_420_batch_1.tar	29310464	141389	889590784	1428337
3631	15446	AF-0000000203936951	shard_410_batch_1.tar	51354624	135678	731216384	1330116
3632	15446	AF-0000000203936864	shard_418_batch_1.tar	112266240	140025	1247987712	1412174
3648	15069	AF-0000000204747099	shard_252_batch_3.tar	1125888	69907	153690624	311629
3659	15011	AF-0000000210940666	shard_338_batch_0.tar	66868224	100285	672281600	670752
3662	15037	AF-0000000203981697	shard_392_batch_1.tar	105725440	125852	266601472	1132222
3662	15162	AF-0000000210941751	shard_968_batch_1.tar	76517888	190455	1768125952	2667999
3662	15283	AF-0000000203981699	shard_392_batch_1.tar	11346432	126606	427882496	1136681
3676	15431	AF-0000000203601311	shard_364_batch_0.tar	41625600	111993	523326464	835852
3689	15464	AF-0000000210948715	shard_280_batch_0.tar	43288576	78989	310922752	426132
3693	15352	AF-0000000210950535	shard_392_batch_0.tar	4609024	123272	968115200	1024150
3699	15402	AF-0000000203816797	shard_414_batch_1.tar	106497536	138354	1229245440	1293752
3699	15469	AF-0000000203816803	shard_298_batch_0.tar	46153216	87040	248538112	464466
3704	15064	AF-0000000204067593	shard_402_batch_2.tar	21790208	124065	1084837376	1115752
3705	15335	AF-0000000210951751	shard_192_batch_0.tar	20315136	44975	200611840	131581
3725	15116	AF-0000000210952801	shard_360_batch_1.tar	109213184	110087	374403584	838599
3738	15078	AF-0000000203527132	shard_1006_batch_0.tar	53555200	214677	926811648	3528640
3741	15051	AF-0000000204228809	shard_250_batch_1.tar	48865792	68766	314582016	302886
3748	15281	AF-0000000210957660	shard_1182_batch_0.tar	146493440	392737	2027132416	10681015
3756	15303	AF-0000000204112984	shard_894_batch_1.tar	111231488	165328	464474624	2002916
3766	15063	AF-0000000203587424	shard_292_batch_0.tar	60566016	84187	412311040	482464
3767	15335	AF-0000000210959231	shard_286_batch_0.tar	20520960	82485	473704960	441778
3771	15335	AF-0000000210959327	shard_286_batch_0.tar	67838464	82191	535294464	447112
3792	15241	AF-0000000210960631	shard_420_batch_0.tar	85004288	139016	391789568	1371915
3799	15446	AF-0000000203934796	shard_420_batch_1.tar	10591232	141233	639942144	1441796
3799	15454	AF-0000000210962288	shard_966_batch_1.tar	94467072	192214	2832289792	2710063
3800	15446	AF-0000000203936815	shard_426_batch_1.tar	138252800	143591	1683700224	1495151
3800	15454	AF-0000000210962302	shard_972_batch_1.tar	187237376	194120	3062557696	2797296
3810	15160	AF-0000000210964235	shard_358_batch_4.tar	7914496	108251	947197440	844883
3810	15297	AF-0000000204770201	shard_392_batch_4.tar	48228864	124569	281220608	1088606
3811	15160	AF-0000000210964253	shard_364_batch_4.tar	5416448	110813	249428992	873971
3827	15064	AF-0000000203646445	shard_924_batch_0.tar	29404160	173476	851351040	2153310
3843	15066	AF-0000000210971184	shard_898_batch_0.tar	154955264	161139	2122712064	1732071
3845	15091	AF-0000000210971269	shard_1120_batch_0.tar	20193792	291323	4973245952	6012496
3873	15136	AF-0000000203741389	shard_1000_batch_0.tar	46327296	179123	828591616	2973594
3876	15054	AF-0000000210978427	shard_372_batch_2.tar	99929088	114159	235472896	959232
3876	15160	AF-0000000210978428	shard_416_batch_3.tar	56659968	133962	872918016	1302733
3876	15269	AF-0000000210978430	shard_286_batch_1.tar	3758080	79838	527337984	426466
3877	15160	AF-0000000210978691	shard_430_batch_3.tar	41813504	139373	1547528704	1451526
3883	15437	AF-0000000204180051	shard_356_batch_2.tar	106792448	107674	462709248	805944
3889	15438	AF-0000000210979514	shard_894_batch_1.tar	96440320	157667	1975855616	1891177
3896	15334	AF-0000000210980142	shard_1068_batch_2.tar	114649088	260066	2661189120	5137925
3916	15205	AF-0000000203564756	shard_1060_batch_0.tar	247191040	255503	3316562944	4676763
3926	15091	AF-0000000210987134	shard_984_batch_1.tar	30223872	200924	3184097280	2827019
3951	15027	AF-0000000203505819	shard_328_batch_0.tar	61383680	96289	566850048	658979
3972	15269	AF-0000000210988814	shard_310_batch_3.tar	4353536	89072	181965824	529845
3991	15183	AF-0000000203759499	shard_1046_batch_0.tar	15828992	243555	3949547520	4180949
4036	15087	AF-0000000204205612	shard_390_batch_2.tar	64168448	122989	1081195520	1061875
4063	15430	AF-0000000203803927	shard_1154_batch_0.tar	84356096	319681	2558396416	6838303
4077	15269	AF-0000000210993649	shard_392_batch_3.tar	76496384	125104	701398016	1027210
4079	15224	AF-0000000203772541	shard_1038_batch_0.tar	113198080	234418	3312468480	4113645
4091	15438	AF-0000000203945641	shard_986_batch_1.tar	167460352	201546	1986408448	3102629
4115	15128	AF-0000000204629862	shard_898_batch_2.tar	63832576	157112	349719040	1835364
4129	15337	AF-0000000210996239	shard_988_batch_1.tar	14302720	193026	1591755264	2829283
4132	15291	AF-0000000203802828	shard_394_batch_1.tar	65168384	124077	915770880	1151593
4136	15090	AF-0000000210998854	shard_400_batch_0.tar	38524416	127996	495368192	1176976
4136	15248	AF-0000000203474314	shard_424_batch_0.tar	24695296	140016	338665472	1451770
4140	15346	AF-0000000204231943	shard_1016_batch_1.tar	136305152	220930	3806970880	3446400
4141	15148	AF-0000000210999591	shard_412_batch_0.tar	105556480	133725	1274708480	1246231
4141	15234	AF-0000000210999594	shard_226_batch_0.tar	54987776	58328	159134720	228086
4141	15245	AF-0000000210999595	shard_312_batch_0.tar	84640256	88953	577835520	567580
4141	15346	AF-0000000210999598	shard_1016_batch_0.tar	141940736	220996	1282118144	3493140
4144	15039	AF-0000000210999849	shard_358_batch_1.tar	40166912	109027	587735552	846412
4147	15417	AF-0000000211000507	shard_214_batch_3.tar	13124096	54606	219970560	194689
4153	15353	AF-0000000204166068	shard_172_batch_0.tar	4742144	29001	65338880	44344
4160	15027	AF-0000000204769817	shard_276_batch_3.tar	28308992	78162	374835712	409518
4163	15160	AF-0000000211003095	shard_344_batch_4.tar	78726144	102612	862600192	750192
4163	15297	AF-0000000204779104	shard_376_batch_4.tar	50782720	119160	906236416	988755
4167	15212	AF-0000000211003478	shard_390_batch_0.tar	20786688	124267	812046848	1083325
4199	15224	AF-0000000203922635	shard_1148_batch_0.tar	106190336	315257	7325437952	7673396
4201	15001	AF-0000000204137010	shard_230_batch_0.tar	49246720	61642	291652096	243445
4205	15087	AF-0000000203594251	shard_384_batch_0.tar	73114112	119396	1199133184	1009732
4212	15277	AF-0000000211010482	shard_450_batch_1.tar	12802560	157522	780125696	1759681
4221	15104	AF-0000000204736622	shard_176_batch_2.tar	4787712	36278	94302720	70453
4221	15105	AF-0000000204736627	shard_174_batch_2.tar	27012096	34881	114002944	62007
4221	15106	AF-0000000204736625	shard_176_batch_2.tar	35986944	36012	91560960	71024
4222	15104	AF-0000000204736791	shard_176_batch_2.tar	20559360	36640	101097984	79669
4222	15106	AF-0000000204736795	shard_176_batch_2.tar	31279104	36335	116929024	72716
4223	15106	AF-0000000204737947	shard_174_batch_2.tar	29529600	34580	111159808	63769
4238	15210	AF-0000000204530307	shard_308_batch_3.tar	55239168	87614	228346880	542422
4244	15448	AF-0000000203971772	shard_438_batch_2.tar	29249024	148833	1032840704	1442861
4267	15345	AF-0000000211020827	shard_404_batch_3.tar	117977088	131535	648539648	1185940
4267	15346	AF-0000000204268913	shard_1016_batch_1.tar	37007360	223894	1155213312	3510766
4270	15017	AF-0000000204548799	shard_418_batch_3.tar	128261632	138667	266255360	1383902
4280	15228	AF-0000000211023502	shard_406_batch_3.tar	10449408	130109	1379417088	1205731
4281	15325	AF-0000000204238956	shard_452_batch_3.tar	155921920	161654	1544046592	1813353
4306	15416	AF-0000000204174882	shard_326_batch_2.tar	28818432	94296	642123264	572658
4308	15012	AF-0000000211030788	shard_906_batch_1.tar	48079872	165713	1429839872	2056563
4308	15021	AF-0000000204524796	shard_362_batch_3.tar	70117376	111562	1019209216	860306
4308	15054	AF-0000000211030790	shard_290_batch_3.tar	49635840	84135	171735040	460944
4308	15149	AF-0000000204524742	shard_382_batch_3.tar	95370240	119058	947973632	982941
4308	15160	AF-0000000211030791	shard_346_batch_3.tar	77862912	103733	260103680	777125
4309	15054	AF-0000000211030882	shard_278_batch_2.tar	40778752	79359	166397440	410189
4309	15160	AF-0000000211030883	shard_334_batch_2.tar	55418368	99265	233069568	716074
4313	15072	AF-0000000211032322	shard_970_batch_1.tar	21220352	197091	2407616512	2708723
4317	15105	AF-0000000211032541	shard_302_batch_1.tar	21988352	86694	557071360	498148
4318	15027	AF-0000000203879431	shard_446_batch_1.tar	137985536	154587	435288064	1771236
4333	15248	AF-0000000203898923	shard_376_batch_1.tar	69160448	117604	847781888	961958
4337	15293	AF-0000000211033169	shard_894_batch_2.tar	8942592	162910	1072848384	2007618
4342	15087	AF-0000000203453496	shard_362_batch_0.tar	49229312	110811	600522752	879631
4342	15127	AF-0000000203453488	shard_392_batch_0.tar	102233600	119662	941273088	1072975
4346	15228	AF-0000000211034068	shard_956_batch_1.tar	57359872	187289	1638972416	2612690
4348	15027	AF-0000000204778602	shard_278_batch_3.tar	2920960	79112	272849408	418418
4352	15291	AF-0000000204680326	shard_388_batch_4.tar	44666368	121013	261659136	1088494
4359	15228	AF-0000000211036218	shard_956_batch_1.tar	116751872	187537	1718437376	2554863
4359	15446	AF-0000000203936728	shard_440_batch_2.tar	98408448	152232	829083648	1656478
4366	15269	AF-0000000211036864	shard_198_batch_3.tar	32507392	48901	142751744	134299
4380	15087	AF-0000000211044690	shard_398_batch_1.tar	64389632	128848	638158848	1172509
4387	15167	AF-0000000211046618	shard_370_batch_1.tar	85327360	110916	1048835584	872861
4387	15456	AF-0000000203843768	shard_190_batch_0.tar	43416576	46308	134558208	127986
4387	15457	AF-0000000203843765	shard_190_batch_0.tar	23797248	46204	207623168	128585
4387	15460	AF-0000000203843767	shard_190_batch_0.tar	5449216	46072	184322048	129552
4389	15127	AF-0000000203452578	shard_392_batch_0.tar	70939136	120449	409929728	1073965
4389	15128	AF-0000000203452577	shard_440_batch_0.tar	24980480	144825	804427776	1551543
4406	15278	AF-0000000204630211	shard_1008_batch_2.tar	8787456	203614	1038710784	3053399
4417	15044	AF-0000000211047996	shard_1040_batch_2.tar	39249408	235031	1587194368	3896091
4417	15289	AF-0000000211048002	shard_420_batch_4.tar	132523520	139811	922833920	1360778
4428	15037	AF-0000000204012407	shard_374_batch_1.tar	98238976	117172	598727168	975504
4428	15162	AF-0000000211048077	shard_950_batch_1.tar	175500288	181633	1464092672	2464017
4428	15283	AF-0000000204012409	shard_374_batch_1.tar	27087872	117997	726833664	990131
4449	15102	AF-0000000211048314	shard_1022_batch_0.tar	147781632	223675	2044545536	3582715
4454	15440	AF-0000000211048393	shard_918_batch_2.tar	34083328	173002	862304256	1914895
4484	15064	AF-0000000211048926	shard_1130_batch_0.tar	94713344	290504	3372857344	5883874
4484	15240	AF-0000000211048929	shard_1138_batch_0.tar	300315648	296402	3224085504	6115091
4486	15343	AF-0000000211048994	shard_352_batch_0.tar	62937088	105363	682354688	788826
4513	15143	AF-0000000203920135	shard_1020_batch_1.tar	34203136	224876	3463450624	3410799
4515	15364	AF-0000000211049259	shard_364_batch_2.tar	71657472	111244	849784320	881347
4533	15153	AF-0000000204762578	shard_402_batch_4.tar	93264384	129141	370981376	1148829
4538	15456	AF-0000000203839793	shard_188_batch_0.tar	22930944	44560	139514368	113847
4538	15457	AF-0000000203839791	shard_188_batch_0.tar	15628800	44506	177637888	114385
4538	15460	AF-0000000203839792	shard_188_batch_0.tar	26912256	44405	167625728	116218
4563	15256	AF-0000000211056087	shard_404_batch_0.tar	43345920	127187	718136832	1066493
4575	15475	AF-0000000204102342	shard_956_batch_1.tar	14515712	185031	2717309952	2477196
4588	15045	AF-0000000203509061	shard_236_batch_0.tar	60361216	64024	171575296	257624
4591	15095	AF-0000000203498343	shard_962_batch_0.tar	59198976	191006	2859131904	2638018
4591	15328	AF-0000000203498335	shard_1052_batch_0.tar	32078848	246382	3247701504	4541624
4592	15346	AF-0000000204269689	shard_1016_batch_1.tar	201071104	222085	2010503680	3484794
4592	15366	AF-0000000211060626	shard_990_batch_1.tar	104200192	208445	3042146816	3031602
4595	15436	AF-0000000211061133	shard_330_batch_3.tar	9388032	97483	477817856	637345
4605	15158	AF-0000000204736310	shard_274_batch_3.tar	11351040	76646	277446656	398955
4608	15164	AF-0000000211061831	shard_292_batch_0.tar	81335808	83164	434431488	469231
4638	15346	AF-0000000204269523	shard_1020_batch_1.tar	56540160	225272	2398553088	3566771
4653	15078	AF-0000000203522569	shard_1002_batch_0.tar	7392768	212534	3533171712	3440809
4657	15128	AF-0000000211067885	shard_904_batch_0.tar	144018432	160096	1848979968	1917165
4657	15352	AF-0000000211067895	shard_392_batch_0.tar	52359680	125501	813821952	1036819
4657	15431	AF-0000000211067898	shard_382_batch_0.tar	10707456	119811	443133952	1002753
4668	15454	AF-0000000211068020	shard_1030_batch_1.tar	52605952	229179	1525932032	3889560
4686	15091	AF-0000000203549984	shard_1040_batch_0.tar	60486144	240401	2432052224	4064640
4692	15039	AF-0000000211068193	shard_276_batch_3.tar	27291136	76636	436177408	400963
4693	15199	AF-0000000211068203	shard_260_batch_1.tar	60026880	70541	209040896	327105
4701	15128	AF-0000000204635750	shard_978_batch_2.tar	13521920	190920	725722624	2611944
4701	15241	AF-0000000211068277	shard_884_batch_2.tar	1748480	158246	728890368	1808641
4704	15282	AF-0000000211068375	shard_338_batch_0.tar	58857984	102430	693305856	713602
4734	15052	AF-0000000211068929	shard_1012_batch_0.tar	38375424	217437	3050655232	3375670
4737	15199	AF-0000000211068978	shard_372_batch_1.tar	53836288	111835	358950912	895368
4822	15264	AF-0000000204794232	shard_1125_batch_0.tar	68543488	290582	3777961472	5964786
4827	15435	AF-0000000204068880	shard_1176_batch_0.tar	259789312	379588	1926383104	9979705
4835	15027	AF-0000000203728773	shard_1046_batch_0.tar	124227072	243509	2162725888	4263394
4845	15097	AF-0000000204045711	shard_226_batch_0.tar	724480	59320	202597888	207690
4845	15098	AF-0000000204045707	shard_218_batch_0.tar	9477632	57491	210393088	181044
4852	15356	AF-0000000204771645	shard_974_batch_2.tar	2964992	196207	1285370880	2774794
4858	15043	AF-0000000204127439	shard_312_batch_1.tar	10852352	90538	413245952	545467
4858	15158	AF-0000000204127431	shard_292_batch_1.tar	34048000	83508	262806528	465503
4859	15004	AF-0000000211091468	shard_1076_batch_0.tar	203404800	265424	5006802944	5189752
4859	15205	AF-0000000203658059	shard_1058_batch_0.tar	210151424	250741	1545243648	4514180
4859	15294	AF-0000000203658294	shard_1016_batch_0.tar	118514176	212934	898788864	3184111
4859	15311	AF-0000000203658185	shard_1074_batch_0.tar	54271488	265858	1145539584	5386696
4860	15294	AF-0000000204149550	shard_1008_batch_1.tar	202644480	207398	1396383744	3047146
4860	15416	AF-0000000204149478	shard_962_batch_1.tar	71129088	187293	2024084480	2595041
4862	15000	AF-0000000204652467	shard_1173_batch_0.tar	87396352	368149	5344084480	9341189
4879	15245	AF-0000000211094158	shard_444_batch_2.tar	2311680	153097	1335844864	1717098
4898	15164	AF-0000000203587322	shard_276_batch_0.tar	40495104	78145	335452160	404381
4898	15335	AF-0000000211096016	shard_182_batch_0.tar	5484544	40395	137302528	101234
4900	15434	AF-0000000204069284	shard_1170_batch_0.tar	280886272	349129	2071255552	8987198
4900	15435	AF-0000000204069283	shard_1170_batch_0.tar	332775424	348149	8578435584	8867830
4907	15228	AF-0000000211096992	shard_1002_batch_1.tar	168162816	208447	943324160	3293452
4907	15229	AF-0000000203936037	shard_994_batch_1.tar	58139136	204846	1224686592	3172230
4910	15001	AF-0000000204137299	shard_202_batch_0.tar	25765376	50650	241856512	154430
4912	15395	AF-0000000211098456	shard_894_batch_2.tar	26031104	157510	418695168	1822688
4912	15398	AF-0000000211098457	shard_972_batch_2.tar	8781312	191821	668847616	2746985
4917	15353	AF-0000000211099409	shard_172_batch_0.tar	13447168	31391	54645760	56024
4920	15352	AF-0000000211099793	shard_436_batch_0.tar	118124544	149064	1606109184	1506249
4920	15431	AF-0000000211099794	shard_428_batch_0.tar	118231040	143587	1645735424	1442680
4928	15395	AF-0000000204251853	shard_898_batch_1.tar	59432960	157470	1521279488	1857338
4935	15352	AF-0000000203600124	shard_422_batch_0.tar	46620160	143643	371038720	1375508
4935	15431	AF-0000000203600126	shard_416_batch_0.tar	129669120	137328	972042752	1312959
4941	15148	AF-0000000204231441	shard_412_batch_3.tar	2575872	134328	1059026944	1239864
4941	15245	AF-0000000211101228	shard_312_batch_2.tar	22567936	89127	393625600	556850
4941	15346	AF-0000000204231409	shard_1016_batch_1.tar	58438656	221190	2941718016	3479849
4951	15346	AF-0000000211102810	shard_1178_batch_0.tar	6366720	419356	4233981440	11590460
4960	15282	AF-0000000211103154	shard_952_batch_1.tar	142546432	186221	791755264	2532686
4979	15362	AF-0000000211104733	shard_1046_batch_0.tar	229855744	242721	1744144384	4373862
4992	15201	AF-0000000203804925	shard_416_batch_1.tar	80224768	139233	1035459072	1377939
4996	15459	AF-0000000204861228	shard_1031_batch_0.tar	138132480	230038	2199847936	3589886
5005	15323	AF-0000000203491559	shard_336_batch_0.tar	87769600	98348	752739840	702080
5023	15282	AF-0000000203699845	shard_426_batch_1.tar	9261568	137998	791908864	1507227
5067	15087	AF-0000000204791518	shard_392_batch_4.tar	76271104	124072	1239186944	1107838
5088	15182	AF-0000000211134093	shard_1034_batch_1.tar	120737280	231361	1780999168	3857143
5108	15152	AF-0000000211135480	shard_378_batch_4.tar	45414912	120007	744446464	1030600
5111	15123	AF-0000000211135562	shard_266_batch_1.tar	7027712	74484	368681472	356527
5126	15100	AF-0000000211161401	shard_964_batch_1.tar	188698112	190830	427520512	2456879
5171	15160	AF-0000000211161983	shard_926_batch_2.tar	50778624	172903	1201871872	2061930
5217	15087	AF-0000000203828057	shard_438_batch_1.tar	50690560	144652	1817948160	1581843
5282	15424	AF-0000000203937052	shard_378_batch_1.tar	109513216	114186	911548928	985023
5310	15241	AF-0000000211285416	shard_966_batch_0.tar	167142912	196102	2872712704	2733890
5340	15410	AF-0000000203830940	shard_956_batch_0.tar	115631616	184534	1539118080	2646390
5345	15291	AF-0000000204127721	shard_984_batch_1.tar	24795136	200139	3169384960	3062252
5356	15436	AF-0000000211285870	shard_432_batch_0.tar	86092800	145118	950425600	1431954
5362	15148	AF-0000000211286087	shard_419_batch_0.tar	69871104	136670	1161641984	1310716
5362	15346	AF-0000000211286090	shard_1021_batch_0.tar	65631744	224317	1009418240	3575514
5362	15362	AF-0000000211286091	shard_901_batch_0.tar	6447104	164129	1926282240	2000367
5371	15126	AF-0000000211286172	shard_906_batch_1.tar	43271168	166129	532444672	1826761
5398	15453	AF-0000000203930302	shard_992_batch_1.tar	61270528	189881	1299136512	2741110
5460	15021	AF-0000000204754908	shard_412_batch_4.tar	93161472	135107	1260256256	1280660
5510	15152	AF-0000000211287458	shard_894_batch_0.tar	75638784	159183	2149838848	1908711
5516	15438	AF-0000000203944926	shard_978_batch_1.tar	139189760	197322	439070208	2942884
5545	15095	AF-0000000203500484	shard_1052_batch_0.tar	105290752	247604	3340016640	4654621
5609	15146	AF-0000000211288083	shard_1162_batch_0.tar	120540672	336301	1927325184	8074349
5613	15102	AF-0000000211288202	shard_1164_batch_0.tar	293605888	325389	5751826432	7790114
5650	15066	AF-0000000211288587	shard_1036_batch_2.tar	25157120	239039	1295389696	3545268
5651	15448	AF-0000000211288653	shard_1004_batch_2.tar	28568064	212746	386995712	3056095
5657	15269	AF-0000000211288772	shard_322_batch_1.tar	6187520	95123	785618432	610319
5659	15087	AF-0000000204119748	shard_938_batch_1.tar	21601280	176709	878295040	2249952
5668	15269	AF-0000000211288900	shard_971_batch_0.tar	76704256	189763	968446976	2520849
5689	15037	AF-0000000211289168	shard_392_batch_1.tar	26866688	125007	1234051072	1126606
5689	15162	AF-0000000211289169	shard_968_batch_1.tar	138201088	189611	2550149120	2693025
5689	15283	AF-0000000211289170	shard_392_batch_1.tar	52152320	125840	946937344	1129929
5691	15282	AF-0000000211289193	shard_968_batch_0.tar	33444352	193419	2134010880	2632347
5728	15438	AF-0000000211289557	shard_978_batch_1.tar	194927104	199976	1433926656	3013618
5729	15303	AF-0000000204113023	shard_892_batch_1.tar	135089664	164931	360117248	1996434
5766	15039	AF-0000000211289806	shard_294_batch_1.tar	64117760	83924	393111040	479937
5768	15438	AF-0000000205105664	shard_889_batch_0.tar	149927424	161172	1971837440	1898658
5817	15282	AF-0000000205109862	shard_401_batch_0.tar	21174784	128006	973027328	1200878
5822	15297	AF-0000000211290194	shard_920_batch_1.tar	125224448	174065	713737216	2207132
5825	15398	AF-0000000205106648	shard_955_batch_0.tar	120117248	186934	1955439616	2626704
5879	15224	AF-0000000203923298	shard_1146_batch_0.tar	74842112	308049	1923856896	7559990
5909	15352	AF-0000000211290760	shard_418_batch_0.tar	97187328	139156	1490887680	1307394
5912	15075	AF-0000000203816855	shard_386_batch_1.tar	58562560	121830	568928768	1070414
5912	15469	AF-0000000203816915	shard_300_batch_0.tar	59511296	87183	280805376	463596
5918	15187	AF-0000000211290808	shard_1170_batch_0.tar	310856704	352701	3935486976	8846493
5955	15360	AF-0000000204151899	shard_952_batch_1.tar	151849984	184734	2309250560	2469213
5958	15106	AF-0000000204735172	shard_176_batch_2.tar	20939264	37218	102715904	79004
5973	15152	AF-0000000211578718	shard_403_batch_0.tar	10915328	131069	691210752	1223400
6040	15308	AF-0000000211582534	shard_1018_batch_2.tar	25317376	221118	949515264	3284264
6044	15091	AF-0000000211587361	shard_1072_batch_1.tar	30882816	271469	3451572736	5072651
6079	15389	AF-0000000211606234	shard_408_batch_2.tar	40615424	130309	730574848	1169727
6135	15202	AF-0000000204610785	shard_322_batch_3.tar	52654592	95521	232665088	630565
6235	15268	AF-0000000211622046	shard_1147_batch_0.tar	282458624	312126	5460396032	7115108
6272	15472	AF-0000000203910378	shard_394_batch_1.tar	71929856	125025	854696960	1107278
6302	15293	AF-0000000211623038	shard_916_batch_2.tar	27951104	172937	1092867584	2216850
6327	15269	AF-0000000211626166	shard_418_batch_4.tar	23338496	137325	1029580288	1243508
6330	15011	AF-0000000211626224	shard_322_batch_3.tar	89566208	93407	541429760	579705
6349	15305	AF-0000000211629283	shard_1034_batch_1.tar	135217664	239140	3571381248	3773608
6377	15240	AF-0000000211630434	shard_880_batch_1.tar	7634944	153500	903024128	1621517
6378	15240	AF-0000000204080912	shard_432_batch_2.tar	591360	145354	1250684928	1456886
6391	15240	AF-0000000204080903	shard_904_batch_1.tar	45871616	165293	1376302592	1945626
6393	15224	AF-0000000203923363	shard_1146_batch_0.tar	209879552	308866	6829227008	7502854
6418	15239	AF-0000000203905526	shard_1186_batch_0.tar	108550144	407033	2245725184	11378852
6421	15051	AF-0000000211630868	shard_382_batch_0.tar	83080192	122673	738929664	1044147
6442	15087	AF-0000000204060879	shard_904_batch_1.tar	153842176	164893	448475136	1939055
6442	15240	AF-0000000204060885	shard_914_batch_1.tar	161385984	169716	529168384	1993726
6442	15438	AF-0000000204060882	shard_978_batch_1.tar	30777856	196903	752857088	2704311
6449	15087	AF-0000000203489060	shard_436_batch_0.tar	51698688	149623	916015104	1618293
6458	15438	AF-0000000204272803	shard_994_batch_1.tar	134585344	208368	598094336	3060558
6461	15067	AF-0000000204108524	shard_900_batch_1.tar	147062272	168264	2178866176	1981813
6461	15307	AF-0000000204108522	shard_1028_batch_1.tar	186760192	231058	927157248	3648915
6474	15343	AF-0000000211631230	shard_366_batch_0.tar	97714688	110331	233392128	865541
6479	15283	AF-0000000211631312	shard_426_batch_2.tar	25802752	139987	1612828160	1395282
6481	15009	AF-0000000204808209	shard_418_batch_4.tar	3602944	135327	1558162944	1348612
6483	15435	AF-0000000203824760	shard_1078_batch_0.tar	138821632	280726	4922486272	5822431
6491	15038	AF-0000000203911926	shard_406_batch_1.tar	113812992	131184	476202496	1232257
6491	15343	AF-0000000211631467	shard_422_batch_1.tar	122425856	138413	1193666560	1363934
6510	15226	AF-0000000211631772	shard_1072_batch_2.tar	99785728	269239	1011822080	5135225
6518	15064	AF-0000000204040197	shard_1134_batch_0.tar	97481216	292265	2832766976	5960027
6518	15240	AF-0000000204040230	shard_1140_batch_0.tar	109450240	298756	2282711040	6226677
6540	15161	AF-0000000211632025	shard_926_batch_1.tar	163963392	175744	1348968960	2220843
6551	15161	AF-0000000211632112	shard_1006_batch_1.tar	2137088	211624	1775801344	3222963
6576	15324	AF-0000000203454249	shard_1048_batch_0.tar	101103104	246881	705417728	4135537
6622	15086	AF-0000000203476812	shard_442_batch_0.tar	78968320	152545	464524288	1656259
6626	15027	AF-0000000203878200	shard_952_batch_0.tar	162579968	186861	2761912320	2499241
6627	15278	AF-0000000211632971	shard_1022_batch_2.tar	66080256	215302	373225984	3252318
6645	15236	AF-0000000204127808	shard_1172_batch_0.tar	255589888	350514	4056354304	8888239
6647	15325	AF-0000000211633174	shard_888_batch_1.tar	145853952	161629	1093405696	1831856
6647	15362	AF-0000000211633175	shard_890_batch_1.tar	86060544	161105	1605647360	1860128
6650	15118	AF-0000000211633184	shard_1056_batch_0.tar	195095552	248712	4740432896	4576508
6652	15228	AF-0000000211633198	shard_1002_batch_1.tar	14638080	210515	2556919808	3277479
6665	15337	AF-0000000211633332	shard_1004_batch_2.tar	1704960	202693	1703086080	3053470
6667	15207	AF-0000000211633345	shard_974_batch_0.tar	60087808	193384	812680192	2759553
6671	15155	AF-0000000211633358	shard_1096_batch_0.tar	214272512	314012	3311987712	6918454
6681	15438	AF-0000000204757297	shard_988_batch_2.tar	28704768	204427	645072384	3011871
6687	15085	AF-0000000204672440	shard_372_batch_3.tar	74168320	116849	578946048	960416
6692	15282	AF-0000000204234293	shard_418_batch_3.tar	66624512	139123	465075200	1276300
6701	15157	AF-0000000211633714	shard_1012_batch_0.tar	176919552	215715	788676608	3158182
6715	15434	AF-0000000203824972	shard_1090_batch_1.tar	50876416	300048	4025227776	6853514
6715	15435	AF-0000000203824971	shard_1134_batch_0.tar	3287552	299221	1787510784	6737382
6716	15435	AF-0000000203824666	shard_1138_batch_0.tar	241119744	304755	6049422336	6983891
6731	15173	AF-0000000203455928	shard_364_batch_0.tar	71322624	113917	475751936	859690
6754	15228	AF-0000000211634217	shard_988_batch_1.tar	74545664	201529	2684950016	3034490
6754	15229	AF-0000000211634218	shard_980_batch_1.tar	39460864	197662	1196718080	2904397
6755	15450	AF-0000000203930165	shard_426_batch_1.tar	92394496	140712	1032181760	1394358
6760	15412	AF-0000000203928866	shard_446_batch_2.tar	140533760	151495	1704773120	1647372
6760	15450	AF-0000000203928874	shard_880_batch_0.tar	31498752	148627	1494822912	1583858
6814	15162	AF-0000000211634706	shard_882_batch_1.tar	18584576	150187	1427655168	1631923
6836	15143	AF-0000000211635055	shard_1154_batch_0.tar	149342720	324911	3125233152	7732379
6837	15430	AF-0000000211635115	shard_1170_batch_0.tar	330641920	351509	2150329856	8330505
6842	15345	AF-0000000211635158	shard_404_batch_3.tar	128079872	131471	761547776	1174131
6842	15346	AF-0000000204269275	shard_1016_batch_1.tar	22493696	222885	748127232	3501050
6845	15285	AF-0000000203684370	shard_888_batch_0.tar	7043584	158184	689752576	1825709
6845	15337	AF-0000000211635197	shard_1054_batch_0.tar	180452864	242550	908358656	4334405
6852	15405	AF-0000000204617355	shard_950_batch_2.tar	14657536	183151	570743808	2454603
6870	15278	AF-0000000204630114	shard_436_batch_4.tar	87280640	145061	370139136	1445162
6891	15152	AF-0000000211635660	shard_400_batch_4.tar	79180288	127310	1200120832	1109767
6893	15251	AF-0000000211635843	shard_1032_batch_2.tar	54969344	229966	1255318016	3662394
6893	15252	AF-0000000211635844	shard_1042_batch_2.tar	13876736	235881	1997919232	3850964
6893	15343	AF-0000000211635849	shard_954_batch_2.tar	32204800	179121	1186099712	2323664
6895	15152	AF-0000000211635875	shard_966_batch_2.tar	11532800	194629	1194012160	2650060
6905	15152	AF-0000000211635998	shard_356_batch_4.tar	55130624	107785	728719872	802534
6910	15063	AF-0000000203585975	shard_284_batch_0.tar	3238912	81206	368184320	451318
6910	15164	AF-0000000203585976	shard_278_batch_0.tar	19248128	79354	282623488	413683
6910	15254	AF-0000000203585965	shard_178_batch_0.tar	1212416	38133	123672576	83005
6922	15065	AF-0000000203673917	shard_254_batch_0.tar	25920000	69499	215047168	308240
6926	15112	AF-0000000211636225	shard_1052_batch_2.tar	43960320	238548	1534076416	4180053
6927	15112	AF-0000000204740163	shard_1052_batch_2.tar	75815936	239403	1664130560	4256875
6939	15224	AF-0000000203922911	shard_1148_batch_0.tar	126507008	309563	1001880576	7640336
6965	15283	AF-0000000211637663	shard_430_batch_2.tar	93880320	142808	1181718016	1447885
6969	15177	AF-0000000203729558	shard_890_batch_0.tar	70926848	156382	1329242112	1896451
6974	15343	AF-0000000211637804	shard_348_batch_2.tar	80208896	101198	844183552	713964
6998	15158	AF-0000000204114895	shard_360_batch_2.tar	88526336	114236	809359360	852648
7001	15352	AF-0000000211638108	shard_422_batch_4.tar	113606656	140365	991140864	1391750
7012	15352	AF-0000000203601690	shard_386_batch_0.tar	90928640	123274	950674432	998782
7030	15330	AF-0000000211638426	shard_1073_batch_0.tar	150596096	260593	3487772672	4766690
7031	15248	AF-0000000204853596	shard_910_batch_2.tar	41681408	164351	1008260096	1953619
7038	15405	AF-0000000204030279	shard_1058_batch_1.tar	193724416	258036	3528276992	4701123
7040	15033	AF-0000000211638551	shard_928_batch_2.tar	44827648	172002	569820160	2071905
7041	15438	AF-0000000211638627	shard_924_batch_2.tar	29605888	171177	1167204864	2162496
7047	15339	AF-0000000203727784	shard_914_batch_0.tar	127807488	161466	2108087808	1945258
7079	15141	AF-0000000203829270	shard_278_batch_0.tar	69253632	78549	543250944	342619
7080	15456	AF-0000000203839986	shard_188_batch_0.tar	30202880	44248	116899328	113006
7080	15457	AF-0000000203839984	shard_188_batch_0.tar	37348864	44195	204867584	113299
7080	15460	AF-0000000203839985	shard_188_batch_0.tar	31110656	44171	157303296	114424
7092	15456	AF-0000000203841884	shard_188_batch_0.tar	36668928	44370	111671808	112775
7092	15457	AF-0000000203841882	shard_188_batch_0.tar	23156224	44187	186871808	113289
7092	15460	AF-0000000203841883	shard_188_batch_0.tar	35805696	44123	203579392	114805
7093	15456	AF-0000000203841549	shard_188_batch_0.tar	41691648	44214	103542784	112935
7093	15457	AF-0000000203841547	shard_188_batch_0.tar	33095680	44044	168220672	113215
7093	15460	AF-0000000203841548	shard_188_batch_0.tar	7199232	43947	146805248	115002
7106	15352	AF-0000000211639096	shard_1038_batch_1.tar	42915840	238740	4399692288	4103896
7112	15339	AF-0000000204810381	shard_1053_batch_0.tar	61112320	241704	4094150144	4651848
7133	15297	AF-0000000205109159	shard_913_batch_0.tar	106123264	171128	493959168	2131759
7218	15464	AF-0000000204167221	shard_1022_batch_1.tar	103923712	217208	2658321920	3402263
7302	15152	AF-0000000211646716	shard_358_batch_0.tar	17420800	109067	1003854336	843469
7338	15152	AF-0000000211649092	shard_1006_batch_1.tar	130499072	219776	2381963776	3357791
7355	15349	AF-0000000203706326	shard_1062_batch_0.tar	122423296	260992	4082999808	4686042
7356	15002	AF-0000000211649463	shard_958_batch_0.tar	36282880	190719	1640416256	2624082
7363	15040	AF-0000000204233784	shard_912_batch_1.tar	13383680	168346	469235712	2109381
7363	15174	AF-0000000204233781	shard_928_batch_1.tar	162564608	173575	1708174336	2241930
7396	15160	AF-0000000211650249	shard_382_batch_4.tar	105419264	119226	1222582784	1029625
7402	15269	AF-0000000211650556	shard_965_batch_0.tar	122314240	186186	2840929792	2477867
7441	15346	AF-0000000204829556	shard_1173_batch_0.tar	138909184	362113	8548902912	9180621
7452	15347	AF-0000000211652081	shard_296_batch_1.tar	19229696	84616	480362496	480162
7452	15348	AF-0000000211652082	shard_292_batch_1.tar	50583040	83740	258147328	445489
7457	15269	AF-0000000211652180	shard_984_batch_2.tar	61059584	201132	1133829632	2792139
7472	15096	AF-0000000204648573	shard_442_batch_4.tar	43861504	152786	1085853696	1667193
7485	15072	AF-0000000203940885	shard_1168_batch_0.tar	117406208	353263	6262543872	8185554
7489	15148	AF-0000000203940781	shard_1072_batch_1.tar	87642624	269148	4396251648	4966013
7502	15183	AF-0000000203677668	shard_924_batch_0.tar	85933056	174867	1869809152	2181740
7545	15324	AF-0000000203454164	shard_1054_batch_0.tar	63407616	251158	2615004160	4251126
7561	15126	AF-0000000211653254	shard_950_batch_1.tar	52964352	183736	797467136	2314243
7588	15072	AF-0000000203940391	shard_1066_batch_1.tar	61198336	260582	3004121600	4746755
7588	15213	AF-0000000211653750	shard_1004_batch_1.tar	192316416	210850	3277289984	3246598
7608	15095	AF-0000000203693169	shard_1162_batch_0.tar	326176256	337299	4372948992	8564242
7619	15363	AF-0000000211654109	shard_1135_batch_0.tar	258759168	294307	6327796224	5869537
7632	15228	AF-0000000211654363	shard_436_batch_2.tar	67133952	149097	357182976	1583876
7635	15054	AF-0000000211654566	shard_1066_batch_1.tar	199074304	254268	4701664768	4673464
7637	15176	AF-0000000211654726	shard_1072_batch_1.tar	59385856	272736	798217216	5372313
7656	15071	AF-0000000211656081	shard_974_batch_1.tar	54813696	189952	2091908608	2496005
7656	15440	AF-0000000211656095	shard_966_batch_1.tar	50317824	190118	2924382720	2469114
7659	15187	AF-0000000211656202	shard_1118_batch_0.tar	244154880	269554	5415907840	5320462
7675	15389	AF-0000000211656504	shard_432_batch_1.tar	47410688	144664	515997184	1402365
7706	15063	AF-0000000203666859	shard_284_batch_0.tar	41936896	79779	257743360	444845
7735	15438	AF-0000000204719878	shard_894_batch_2.tar	58596864	163554	708616192	1942636
7753	15438	AF-0000000203945728	shard_984_batch_1.tar	107090432	201015	2048496640	3045852
7779	15464	AF-0000000204555956	shard_264_batch_3.tar	60013568	73918	172631552	365453
7787	15091	AF-0000000204346337	shard_428_batch_3.tar	98537984	144747	774286336	1435768
7789	15210	AF-0000000203892108	shard_404_batch_1.tar	30913024	128536	1369892864	1229678
7789	15422	AF-0000000203892097	shard_880_batch_0.tar	82520064	153574	379490304	1702498
7790	15021	AF-0000000204768810	shard_358_batch_4.tar	16359936	110204	261109760	837841
7792	15456	AF-0000000203840320	shard_188_batch_0.tar	33871872	44250	162502144	113110
7792	15457	AF-0000000203840318	shard_188_batch_0.tar	6880768	44118	121490432	113528
7792	15460	AF-0000000203840319	shard_188_batch_0.tar	2900992	44107	95428096	114880
7800	15438	AF-0000000204719848	shard_890_batch_2.tar	49202688	162774	311043584	1922949
7830	15271	AF-0000000203454906	shard_928_batch_0.tar	131388416	175467	1717960704	2239123
7833	15012	AF-0000000211663896	shard_950_batch_1.tar	77967360	180907	1577223168	2440465
7841	15059	AF-0000000211663938	shard_378_batch_0.tar	78441984	116171	546084352	927911
7926	15087	AF-0000000203675128	shard_964_batch_0.tar	140975616	185437	1802923520	2522240
7963	15271	AF-0000000203455095	shard_934_batch_0.tar	101819392	176167	402660864	2294838
7989	15383	AF-0000000204023897	shard_1028_batch_1.tar	154996224	231579	1725234688	3733332
8000	15398	AF-0000000205110319	shard_957_batch_0.tar	41710592	187468	644997632	2624175
8005	15043	AF-0000000211674702	shard_368_batch_2.tar	77358080	112164	638686720	904226
8043	15031	AF-0000000204361514	shard_318_batch_2.tar	29939200	92020	668626432	585614
8077	15087	AF-0000000203491639	shard_1054_batch_0.tar	129696256	244020	3095226880	4238274
8077	15438	AF-0000000203491640	shard_1110_batch_0.tar	266186752	276512	4189457920	5278367
8122	15283	AF-0000000211675097	shard_434_batch_4.tar	55183360	148086	1617858048	1521446
8124	15269	AF-0000000211675110	shard_1028_batch_1.tar	25655296	218416	2951592448	3398870
8139	15293	AF-0000000211678771	shard_968_batch_2.tar	45694464	197208	1471587328	2848320
8156	15378	AF-0000000211678817	shard_1012_batch_1.tar	195397120	222598	909916672	3431269
8165	15438	AF-0000000211678892	shard_994_batch_1.tar	44874240	206921	1269615616	3233337
8180	15475	AF-0000000211679086	shard_1166_batch_0.tar	94962688	339653	1400714240	8063630
8182	15155	AF-0000000211679105	shard_1096_batch_0.tar	182283264	311278	2934354432	6821782
8191	15346	AF-0000000211679185	shard_1174_batch_0.tar	212625408	370339	8186500608	9235137
8199	15284	AF-0000000204683902	shard_1000_batch_2.tar	21896192	207970	821336064	3127727
8199	15355	AF-0000000211679280	shard_984_batch_2.tar	68703232	196163	1425572352	2808758
8205	15334	AF-0000000204825025	shard_1083_batch_0.tar	55399936	277004	5492563968	5531964
8209	15420	AF-0000000211679348	shard_446_batch_3.tar	116369408	157480	538304000	1695399
8219	15470	AF-0000000204032166	shard_906_batch_1.tar	53252608	170573	1868169216	1965730
8234	15241	AF-0000000211679547	shard_350_batch_2.tar	14276096	107084	921650176	778907
8247	15294	AF-0000000205131675	shard_893_batch_0.tar	41845248	151445	1384236032	1660203
8252	15095	AF-0000000203499977	shard_1132_batch_0.tar	100861440	296775	832203776	6586151
8252	15142	AF-0000000203499979	shard_990_batch_0.tar	35896832	204419	1706089984	2973066
8252	15152	AF-0000000211679689	shard_1052_batch_0.tar	30846976	248307	1371461632	4589999
8252	15328	AF-0000000203499969	shard_1170_batch_0.tar	124720128	352338	6567311360	9173939
8350	15153	AF-0000000204690974	shard_1144_batch_0.tar	152328192	306826	4282785280	6580363
8363	15361	AF-0000000211680366	shard_216_batch_0.tar	44989952	55267	234907136	198422
8408	15475	AF-0000000203761728	shard_994_batch_0.tar	184250368	203977	3094003712	3094553
8411	15334	AF-0000000211680555	shard_1092_batch_1.tar	135880704	295134	5469126656	6398082
8464	15464	AF-0000000204568384	shard_248_batch_3.tar	32372736	68935	291152384	309399
8540	15116	AF-0000000211681463	shard_412_batch_2.tar	38248960	134915	882189312	1278147
8549	15152	AF-0000000211684112	shard_392_batch_4.tar	81511424	127157	855871488	1139022
8583	15260	AF-0000000211689827	shard_970_batch_2.tar	23368192	195519	989951488	2797011
8602	15133	AF-0000000204197485	shard_406_batch_2.tar	82036224	132490	725353984	1281231
8607	15099	AF-0000000203953135	shard_954_batch_1.tar	117518336	185804	546403840	2460715
8686	15087	AF-0000000211690289	shard_322_batch_1.tar	59740160	93682	412698624	586770
8744	15279	AF-0000000204605870	shard_376_batch_3.tar	30269440	115874	1133050880	908124
8753	15035	AF-0000000211690724	shard_1000_batch_0.tar	110406656	206737	2092492800	3150333
8839	15091	AF-0000000204071979	shard_990_batch_1.tar	149636096	206827	982931968	3046545
9093	15229	AF-0000000204041036	shard_412_batch_2.tar	116546560	135465	392086016	1293885
9101	15470	AF-0000000203980967	shard_316_batch_1.tar	47140864	91401	663147520	571288
9112	15360	AF-0000000203766756	shard_912_batch_0.tar	154731008	168420	1915341312	2038195
9116	15027	AF-0000000211692693	shard_942_batch_1.tar	179377152	179749	2394124288	2278624
9118	15346	AF-0000000211692718	shard_1172_batch_0.tar	322458112	362503	8895613952	9026712
9140	15148	AF-0000000204257996	shard_990_batch_1.tar	47005184	204484	840835072	2765438
9141	15402	AF-0000000204224680	shard_384_batch_2.tar	102667264	122364	239548928	1027034
9150	15174	AF-0000000211692841	shard_364_batch_1.tar	42955264	109898	642618368	854132
9164	15438	AF-0000000203945021	shard_978_batch_1.tar	91309568	199478	1847374336	2945204
9187	15061	AF-0000000211693074	shard_426_batch_0.tar	83335168	142758	1198380032	1367943
9197	15361	AF-0000000211693126	shard_384_batch_2.tar	116112384	123941	758881280	971205
9227	15389	AF-0000000211693360	shard_416_batch_0.tar	26691584	135926	384619008	1284081
9251	15097	AF-0000000204416567	shard_248_batch_2.tar	46178816	68897	269907456	310435
9260	15448	AF-0000000204766024	shard_448_batch_4.tar	64780800	155462	372256256	1594000
9262	15269	AF-0000000211693581	shard_954_batch_2.tar	62526976	185989	907284480	2323009
9263	15307	AF-0000000203969890	shard_1042_batch_1.tar	59012096	240235	3216525824	4203557
9266	15438	AF-0000000203945549	shard_974_batch_1.tar	107710976	196664	1512054784	2883344
9295	15293	AF-0000000211693707	shard_1007_batch_0.tar	18635264	217554	1998329856	3526926
9331	15208	AF-0000000203909170	shard_278_batch_1.tar	26661888	78621	431524352	419764
9354	15164	AF-0000000211693986	shard_398_batch_0.tar	96932864	128452	1161673216	1219321
9405	15100	AF-0000000211694353	shard_890_batch_1.tar	66696192	161671	314879488	1719545
9465	15054	AF-0000000211694527	shard_1074_batch_0.tar	163306496	265825	4953854464	4936203
9492	15438	AF-0000000211694678	shard_968_batch_1.tar	167625728	192148	1060325376	2796915
9494	15454	AF-0000000211694694	shard_990_batch_1.tar	80821760	202936	2093470208	3055409
9496	15464	AF-0000000204079506	shard_338_batch_1.tar	34510336	102025	827935744	724795
9526	15017	AF-0000000204689715	shard_934_batch_2.tar	50319872	178556	636586496	2233611
9553	15269	AF-0000000211695015	shard_961_batch_0.tar	1511424	191487	2414877184	2568064
9645	15324	AF-0000000203573848	shard_1046_batch_0.tar	11681792	242214	4404496896	4044443
9652	15402	AF-0000000204000999	shard_1072_batch_1.tar	228681728	271129	3041271296	4885566
9668	15028	AF-0000000204622841	shard_362_batch_3.tar	2990080	110167	885547520	884732
9680	15324	AF-0000000204235966	shard_1028_batch_1.tar	158873088	229777	2789649920	3661220
9682	15269	AF-0000000211695540	shard_386_batch_2.tar	616960	119787	1261047296	1009749
9689	15308	AF-0000000211695620	shard_1010_batch_0.tar	159088640	218555	1708307456	3192203
9699	15160	AF-0000000211695641	shard_944_batch_2.tar	77520384	178054	1285080576	2246512
9714	15045	AF-0000000203609093	shard_308_batch_0.tar	79691776	89881	283683328	520489
9783	15033	AF-0000000211695979	shard_441_batch_0.tar	49331712	149138	1119820288	1550707
9790	15438	AF-0000000203793119	shard_978_batch_0.tar	104838144	198163	1816479232	2958379
9813	15001	AF-0000000211696100	shard_390_batch_1.tar	52298752	123893	1159970304	978111
9826	15282	AF-0000000204820987	shard_376_batch_4.tar	60682752	116974	535636480	963295
9840	15023	AF-0000000211696275	shard_358_batch_0.tar	103949824	110199	757334016	858446
9863	15230	AF-0000000211696451	shard_260_batch_3.tar	52326400	71557	344227840	338350
9863	15231	AF-0000000211696452	shard_258_batch_3.tar	23021056	71244	344412672	336734
9868	15153	AF-0000000211696516	shard_444_batch_2.tar	98139136	151884	1586577408	1655651
9914	15361	AF-0000000211696714	shard_372_batch_0.tar	63805952	118272	1086641152	886861
9949	15168	AF-0000000211696880	shard_964_batch_0.tar	109791232	192488	1095256064	2761997
9952	15096	AF-0000000204648664	shard_888_batch_2.tar	19798528	161084	853067264	1865329
9975	15283	AF-0000000211697064	shard_418_batch_2.tar	38961664	136664	450715648	1338823
10003	15295	AF-0000000211697176	shard_1158_batch_0.tar	168571904	331586	4607772160	7131492
10006	15398	AF-0000000204166225	shard_938_batch_1.tar	118160896	176876	599516160	2332422
10021	15143	AF-0000000203915920	shard_1036_batch_1.tar	223752704	237296	572924416	3756621
10025	15456	AF-0000000203840894	shard_188_batch_0.tar	7334400	44212	144008192	113113
10025	15457	AF-0000000203840892	shard_188_batch_0.tar	30838784	44122	149117952	113243
10025	15460	AF-0000000203840893	shard_188_batch_0.tar	22522880	44017	195602944	114893
10026	15456	AF-0000000211697322	shard_188_batch_0.tar	9052160	44349	190739456	113164
10026	15457	AF-0000000211697323	shard_188_batch_0.tar	25690112	44330	99310080	113193
10026	15460	AF-0000000211697324	shard_188_batch_0.tar	21210112	44166	93127680	114905
10037	15085	AF-0000000203563209	shard_444_batch_0.tar	146706944	153488	1645910016	1537726
10065	15153	AF-0000000204854122	shard_1061_batch_0.tar	25374720	250854	759255040	4410377
10082	15213	AF-0000000211697690	shard_372_batch_4.tar	7211008	116388	942327296	952547
10083	15209	AF-0000000203730287	shard_966_batch_0.tar	187685376	190339	1235344896	2830026
10083	15210	AF-0000000203730288	shard_968_batch_0.tar	66377728	190750	2496034304	2829798
10086	15387	AF-0000000211697700	shard_438_batch_2.tar	50172416	145346	1286370816	1517571
10086	15388	AF-0000000211697701	shard_914_batch_1.tar	42137600	161714	1973640704	1927227
10093	15091	AF-0000000211697807	shard_996_batch_0.tar	90384384	209238	1510321664	3063966
10112	15224	AF-0000000203772571	shard_1038_batch_0.tar	134242304	235575	977917440	4081255
10117	15269	AF-0000000211697894	shard_908_batch_2.tar	27084800	160211	554923520	1901931
10127	15209	AF-0000000211697958	shard_410_batch_0.tar	52052992	133067	762567680	1289475
10127	15210	AF-0000000211697959	shard_410_batch_0.tar	76121088	132905	852647936	1288931
10172	15152	AF-0000000211706269	shard_401_batch_0.tar	86910464	129931	694609920	1219478
10185	15454	AF-0000000211728840	shard_968_batch_1.tar	2309632	190968	848129024	2739341
10187	15160	AF-0000000211728843	shard_930_batch_1.tar	163959808	175805	2354179584	2312426
10189	15438	AF-0000000203945455	shard_976_batch_1.tar	56937472	196518	2684740096	2894231
10238	15158	AF-0000000205108261	shard_340_batch_4.tar	7911424	102085	350364672	732191
10247	15352	AF-0000000211729181	shard_442_batch_0.tar	67986944	153830	671526400	1603583
10271	15099	AF-0000000203933358	shard_452_batch_2.tar	37568000	161032	692894208	1867220
10273	15319	AF-0000000203871144	shard_1144_batch_0.tar	232104448	308573	6084136448	7353264
10301	15224	AF-0000000204796803	shard_1034_batch_2.tar	14685184	232769	1779344896	3946675
10370	15148	AF-0000000203494446	shard_1108_batch_0.tar	17151488	276606	856076800	5296598
10370	15346	AF-0000000203494441	shard_1174_batch_0.tar	6589952	362535	2136628224	8923238
10407	15141	AF-0000000203829075	shard_280_batch_0.tar	24801792	80309	305525248	364964
10445	15091	AF-0000000203683782	shard_1026_batch_0.tar	198451712	228146	1297062400	3756542
10461	15293	AF-0000000211730214	shard_882_batch_1.tar	17198080	155589	779091968	1764149
10465	15454	AF-0000000211730235	shard_1066_batch_1.tar	31693824	259212	2553597440	4941895
10468	15405	AF-0000000203703623	shard_886_batch_0.tar	46989312	157468	1710577152	1816408
10477	15303	AF-0000000211730273	shard_928_batch_1.tar	60986368	177892	729596928	2348843
10538	15153	AF-0000000204820880	shard_1149_batch_0.tar	69494784	311332	5376262144	6533124
10597	15319	AF-0000000203485252	shard_1058_batch_0.tar	241680896	254177	2625287680	4772227
10643	15283	AF-0000000203524014	shard_400_batch_0.tar	81284096	127647	770337792	1127039
10652	15241	AF-0000000211744604	shard_408_batch_0.tar	77272576	131832	1055344640	1223317
10681	15228	AF-0000000211744722	shard_994_batch_1.tar	136245248	204466	1465371136	3175753
10740	15419	AF-0000000204575570	shard_230_batch_3.tar	18511872	62907	299731968	237346
10761	15324	AF-0000000211745102	shard_1026_batch_2.tar	49443328	227489	1844216832	3597968
10769	15340	AF-0000000211745108	shard_1016_batch_0.tar	204217344	218803	2692185088	3388535
10779	15160	AF-0000000211745186	shard_916_batch_2.tar	26747392	165118	375091200	1998665
10786	15282	AF-0000000203595953	shard_414_batch_0.tar	92605952	138677	840324096	1313019
10797	15416	AF-0000000211745271	shard_1020_batch_0.tar	110232576	216415	1354588672	3425585
10826	15066	AF-0000000211745403	shard_396_batch_1.tar	35328512	127361	928847872	1032104
10826	15291	AF-0000000203802264	shard_394_batch_1.tar	31651840	124716	426977792	1141607
10836	15378	AF-0000000211745461	shard_970_batch_0.tar	149314048	195223	2408986624	2722854
10845	15233	AF-0000000211745479	shard_1158_batch_0.tar	136804864	331667	3274998784	8091599
10852	15038	AF-0000000203604782	shard_412_batch_0.tar	22885376	133386	438397440	1271782
10852	15067	AF-0000000203604781	shard_892_batch_0.tar	32745472	162699	1675945984	1893975
10852	15241	AF-0000000211745509	shard_888_batch_0.tar	143410688	158607	1397566464	1838328
10867	15172	AF-0000000211745546	shard_446_batch_4.tar	97952768	157742	1230256640	1821753
10882	15346	AF-0000000204270088	shard_1018_batch_1.tar	170171904	224288	692597760	3576016
10885	15361	AF-0000000211745612	shard_318_batch_3.tar	38446080	92493	503498240	613907
10888	15121	AF-0000000203461111	shard_956_batch_0.tar	123112960	188150	1648964608	2322253
10894	15186	AF-0000000211745685	shard_988_batch_1.tar	169059840	204609	2140199936	3128256
10920	15291	AF-0000000204794673	shard_963_batch_0.tar	120123904	189132	1387012096	2548403
10927	15282	AF-0000000203742906	shard_936_batch_0.tar	34385920	174283	938877440	2286541
10976	15344	AF-0000000211751325	shard_296_batch_2.tar	60531200	82250	600935424	483161
10989	15438	AF-0000000203944862	shard_980_batch_1.tar	131394560	198247	1650372096	2943771
11031	15152	AF-0000000211751456	shard_980_batch_2.tar	29030912	195284	813787648	2861356
11035	15039	AF-0000000211751467	shard_316_batch_0.tar	77655552	89454	679266816	563023
11042	15123	AF-0000000211751506	shard_268_batch_1.tar	23756288	75517	144306688	358500
11064	15353	AF-0000000203522253	shard_942_batch_0.tar	142121472	179077	1122598400	2512515
11079	15245	AF-0000000211751662	shard_330_batch_2.tar	42198528	95424	591746048	678166
11095	15381	AF-0000000211751702	shard_994_batch_1.tar	140608000	210788	2184903168	3030843
11095	15382	AF-0000000211751703	shard_958_batch_1.tar	132419072	192431	1952272384	2409429
11123	15421	AF-0000000211751811	shard_274_batch_1.tar	3327488	76374	514991616	392231
11127	15361	AF-0000000211751814	shard_232_batch_0.tar	57839616	59849	198562304	247471
11133	15174	AF-0000000204255967	shard_902_batch_1.tar	164503552	162859	1354647552	1983886
11150	15343	AF-0000000211751918	shard_940_batch_0.tar	136966144	176809	383566336	2249259
11151	15054	AF-0000000211751926	shard_392_batch_1.tar	104221184	124039	625060352	1095545
11151	15126	AF-0000000211751927	shard_444_batch_1.tar	128978944	155003	954502656	1653777
11237	15240	AF-0000000211752072	shard_1036_batch_1.tar	101956096	232255	2854884352	3741568
11263	15435	AF-0000000203585185	shard_958_batch_0.tar	159156224	190841	2780140544	2532149
11278	15091	AF-0000000204071534	shard_1054_batch_1.tar	63209984	253949	2514283520	4571849
11304	15281	AF-0000000211763671	shard_1181_batch_0.tar	131709952	385842	4611863040	10271627
11318	15293	AF-0000000211763700	shard_915_batch_0.tar	24535040	171184	1583580160	2209793
11334	15324	AF-0000000205173392	shard_1069_batch_0.tar	53086720	265957	4759885824	4878068
11337	15202	AF-0000000204204381	shard_360_batch_2.tar	62634496	111068	611830784	849914
11356	15303	AF-0000000204113056	shard_916_batch_1.tar	80764416	174330	655536128	2219761
11361	15096	AF-0000000204648741	shard_942_batch_2.tar	7267328	181469	460267520	2382032
11367	15308	AF-0000000204168100	shard_372_batch_2.tar	47997440	117640	292647424	919925
11376	15459	AF-0000000204860058	shard_965_batch_0.tar	86640128	192551	2502696448	2495443
11385	15269	AF-0000000211763937	shard_234_batch_1.tar	24432640	62909	312943616	256837
11397	15385	AF-0000000211763981	shard_1056_batch_1.tar	54407168	249199	2170175488	4508305
11404	15202	AF-0000000204738688	shard_180_batch_2.tar	16403968	39650	158462976	96860
11410	15341	AF-0000000203649887	shard_954_batch_0.tar	27649536	185750	1965026816	2481821
11419	15160	AF-0000000211764041	shard_362_batch_4.tar	32940032	109788	290145280	855943
11426	15282	AF-0000000203502196	shard_900_batch_0.tar	139019776	167455	1660241920	2016634
11432	15021	AF-0000000211764076	shard_432_batch_4.tar	24364032	142800	506880000	1513181
11432	15339	AF-0000000211764081	shard_424_batch_4.tar	75808256	134775	772477952	1365782
11445	15072	AF-0000000203940345	shard_1072_batch_1.tar	175943680	272378	735547904	5084888
11445	15187	AF-0000000211764124	shard_1144_batch_0.tar	279817728	307806	2713798144	6411995
11501	15258	AF-0000000204633226	shard_970_batch_2.tar	4674560	194309	1327771648	2806658
11501	15299	AF-0000000204633231	shard_968_batch_2.tar	33476096	194085	929797632	2805344
11507	15361	AF-0000000211764354	shard_292_batch_0.tar	40681472	82936	237027840	457677
11605	15096	AF-0000000204648453	shard_884_batch_2.tar	19738624	160347	896102400	1799252
11609	15091	AF-0000000204473917	shard_1038_batch_1.tar	23722496	237035	3556173824	3884481
11630	15306	AF-0000000211764721	shard_1044_batch_1.tar	23860736	245191	3149174784	4118954
11630	15448	AF-0000000211764723	shard_1108_batch_0.tar	160304640	280567	2250337792	5458017
11649	15308	AF-0000000211764786	shard_390_batch_4.tar	48705024	124675	992714240	1051923
11699	15435	AF-0000000204068494	shard_1138_batch_0.tar	157436416	300569	2238747136	6766720
11710	15269	AF-0000000211764907	shard_374_batch_3.tar	35576320	118173	893195264	889680
11754	15436	AF-0000000211765391	shard_424_batch_1.tar	139253760	140918	1102095360	1408531
11768	15282	AF-0000000204779688	shard_264_batch_3.tar	72461824	73332	347669504	366239
11809	15125	AF-0000000211765664	shard_950_batch_0.tar	157581312	182169	2548988416	2453648
11815	15101	AF-0000000204761188	shard_936_batch_2.tar	65806336	179173	927648768	2301775
11837	15453	AF-0000000203930798	shard_952_batch_1.tar	98104832	177157	2261281792	2289080
11853	15167	AF-0000000211765828	shard_996_batch_2.tar	92804096	201094	1702925312	2986288
11885	15335	AF-0000000211766154	shard_284_batch_0.tar	37313024	80345	244441600	436852
11887	15387	AF-0000000211766168	shard_428_batch_2.tar	49124352	145435	481016832	1464607
11887	15388	AF-0000000211766169	shard_898_batch_1.tar	50237952	161335	1660589568	1851172
11891	15334	AF-0000000211766170	shard_1076_batch_2.tar	49146368	269892	2249827328	5398013
11894	15470	AF-0000000204561733	shard_276_batch_3.tar	59958784	76584	269298688	398276
11896	15021	AF-0000000211766209	shard_1058_batch_1.tar	245028352	253674	3864823296	4586694
11917	15394	AF-0000000204432660	shard_916_batch_1.tar	151253504	170896	2376320000	2093730
11955	15040	AF-0000000204257762	shard_378_batch_2.tar	103289344	116666	339116544	1025902
11970	15282	AF-0000000203783645	shard_350_batch_1.tar	81487872	105766	203055104	787264
11972	15121	AF-0000000204117883	shard_438_batch_2.tar	123628544	151445	359466496	1556332
11978	15076	AF-0000000211791471	shard_1140_batch_0.tar	65571840	306609	4819685888	6854483
11980	15133	AF-0000000204201079	shard_396_batch_2.tar	31224320	129299	837733376	1169406
11981	15325	AF-0000000204239038	shard_452_batch_3.tar	3846656	161884	1596084736	1818464
11982	15438	AF-0000000211791498	shard_988_batch_1.tar	147875840	204061	852712960	3148657
11999	15221	AF-0000000211791540	shard_316_batch_0.tar	37863424	90544	501731328	607957
12048	15237	AF-0000000203680310	shard_332_batch_0.tar	75713536	97832	461274112	655364
12062	15233	AF-0000000211791849	shard_1062_batch_1.tar	35352064	258945	3041142272	4975524
12085	15293	AF-0000000211791965	shard_990_batch_2.tar	85561344	209005	877199872	3187370
12159	15453	AF-0000000203952162	shard_960_batch_1.tar	52728832	181406	697117184	2354919
12160	15453	AF-0000000203952070	shard_928_batch_1.tar	72745472	170686	1736497664	2042697
12172	15160	AF-0000000211792282	shard_1030_batch_2.tar	83571712	225570	999766528	3643264
12173	15078	AF-0000000211792289	shard_1022_batch_0.tar	207316480	225049	3495838208	3832607
12217	15240	AF-0000000211792444	shard_1002_batch_1.tar	61912576	209559	2768009216	3024365
12255	15160	AF-0000000211792758	shard_920_batch_2.tar	13801984	167021	211365888	2028700
12255	15320	AF-0000000204790905	shard_1081_batch_0.tar	12622848	264560	2264067584	5327802
12256	15448	AF-0000000204620407	shard_1162_batch_0.tar	44215296	335261	6667914240	7949333
12291	15126	AF-0000000211792899	shard_956_batch_1.tar	45116928	188231	2425554944	2453307
12303	15292	AF-0000000204724438	shard_394_batch_4.tar	122660864	125430	1103223808	1101115
12312	15412	AF-0000000203929532	shard_432_batch_2.tar	134671872	145373	1654400000	1445361
12312	15450	AF-0000000203929540	shard_426_batch_1.tar	73129472	142338	1434437120	1396606
12317	15284	AF-0000000203538719	shard_996_batch_0.tar	85605888	204510	2674876416	3076746
12317	15355	AF-0000000211792990	shard_980_batch_0.tar	175233024	193227	456686592	2735945
12360	15296	AF-0000000211805535	shard_350_batch_0.tar	77318656	103136	960098304	732508
12362	15080	AF-0000000203517119	shard_306_batch_0.tar	8192000	87114	580391424	496747
12398	15027	AF-0000000204779856	shard_300_batch_3.tar	29664768	86955	341544448	519601
12426	15160	AF-0000000211805773	shard_358_batch_4.tar	29527552	107241	501227008	829843
12431	15085	AF-0000000203778346	shard_252_batch_0.tar	350208	69473	422208000	314249
12450	15055	AF-0000000204603352	shard_344_batch_3.tar	95542272	102182	573658112	748164
12452	15051	AF-0000000204228076	shard_254_batch_1.tar	854528	69196	437496832	311976
12452	15052	AF-0000000204228077	shard_236_batch_1.tar	27353600	62906	346928640	262391
12461	15337	AF-0000000211805868	shard_936_batch_0.tar	27222016	172524	404603392	2186662
12461	15451	AF-0000000203519353	shard_924_batch_0.tar	50723840	174245	1557973504	2193362
12465	15464	AF-0000000204409314	shard_262_batch_2.tar	57583104	71833	153008640	348777
12469	15098	AF-0000000204580686	shard_198_batch_3.tar	21852672	50002	117812736	148702
12540	15291	AF-0000000204008013	shard_396_batch_2.tar	7998976	125942	902201856	1166412
12542	15087	AF-0000000211806184	shard_362_batch_0.tar	16174592	110920	957694976	879393
12542	15127	AF-0000000211806185	shard_392_batch_0.tar	31984128	120307	279431680	1072642
12549	15394	AF-0000000203903277	shard_354_batch_1.tar	48777216	109323	995884032	801850
12567	15054	AF-0000000211806239	shard_318_batch_2.tar	58552832	93470	179365888	603832
12607	15410	AF-0000000204793268	shard_388_batch_4.tar	69873152	118601	1077530112	1050167
12610	15011	AF-0000000211806359	shard_270_batch_3.tar	23046144	73970	375141376	373949
12620	15095	AF-0000000204057177	shard_902_batch_1.tar	139507712	163976	2223958528	1969667
12623	15345	AF-0000000211806384	shard_405_batch_0.tar	512	131188	1390572032	1171792
12651	15343	AF-0000000211806442	shard_422_batch_3.tar	22346752	140148	1550661120	1271592
12672	15160	AF-0000000211806480	shard_412_batch_0.tar	33292800	135409	1139897856	1336421
12674	15167	AF-0000000211806487	shard_1112_batch_0.tar	1986560	286454	5174368256	5748741
12683	15113	AF-0000000204106863	shard_390_batch_2.tar	90244096	123880	496172544	1047858
12689	15361	AF-0000000211806522	shard_202_batch_0.tar	33663488	50209	155061760	157160
12696	15099	AF-0000000203952854	shard_404_batch_1.tar	85371392	132503	636781056	1159518
12702	15001	AF-0000000204136762	shard_200_batch_0.tar	35517440	50456	102991872	148043
12711	15167	AF-0000000211806568	shard_442_batch_4.tar	120568832	146774	687120384	1582635
12716	15279	AF-0000000211806576	shard_412_batch_3.tar	67242496	131802	1213908480	1216646
12755	15343	AF-0000000211806695	shard_344_batch_2.tar	100561408	97582	333237248	716500
12759	15325	AF-0000000203824036	shard_902_batch_0.tar	158751232	167522	1282072576	1960449
12803	15337	AF-0000000211806793	shard_996_batch_1.tar	150333440	200581	2440851456	2996356
12803	15343	AF-0000000211806794	shard_376_batch_1.tar	27319808	114753	854351872	926594
12817	15308	AF-0000000211806829	shard_366_batch_0.tar	67972096	111519	1075296768	872039
12837	15091	AF-0000000204475527	shard_940_batch_1.tar	87814144	182379	2114813952	2286203
12893	15228	AF-0000000211807145	shard_424_batch_3.tar	100308992	143099	332516352	1408269
12933	15027	AF-0000000211807261	shard_404_batch_0.tar	50306560	133045	1409599488	1175626
12963	15279	AF-0000000204042439	shard_912_batch_1.tar	17452544	169526	2306129920	1838411
12973	15421	AF-0000000203512145	shard_262_batch_0.tar	14182912	73281	205026816	333957
13005	15436	AF-0000000211807474	shard_330_batch_2.tar	79391232	96442	682298368	661211
13018	15379	AF-0000000204796076	shard_304_batch_4.tar	26344448	88391	190051328	549043
13053	15340	AF-0000000211807599	shard_958_batch_1.tar	133360128	185876	1549485056	2485993
13061	15136	AF-0000000211807614	shard_374_batch_1.tar	72567296	116635	947146240	975531
13065	15095	AF-0000000204057291	shard_898_batch_1.tar	70771712	162269	1736692736	1933662
13065	15152	AF-0000000211807621	shard_370_batch_2.tar	3675648	114510	849761280	920664
13066	15308	AF-0000000204603659	shard_352_batch_3.tar	32530944	106951	281223680	786560
13131	15417	AF-0000000204812081	shard_374_batch_4.tar	93661184	116937	451877376	920388
13140	15456	AF-0000000203842070	shard_188_batch_0.tar	10049536	44329	186411520	112950
13140	15457	AF-0000000203842068	shard_188_batch_0.tar	3174400	44304	166779904	113001
13140	15460	AF-0000000203842069	shard_188_batch_0.tar	43765248	44101	163949568	114640
13145	15353	AF-0000000203787592	shard_174_batch_0.tar	15603200	33663	98583040	69778
13152	15072	AF-0000000203940855	shard_1030_batch_1.tar	40199168	230609	886636544	3777088
13158	15464	AF-0000000204415174	shard_306_batch_2.tar	46323712	89152	648244224	539613
13237	15297	AF-0000000211808021	shard_1000_batch_0.tar	28465664	215433	2749092864	3289327
13240	15160	AF-0000000211808030	shard_453_batch_0.tar	117628416	156050	1055072768	1733988
13339	15193	AF-0000000211808210	shard_1058_batch_0.tar	61414400	254957	4757357056	4761070
13339	15454	AF-0000000211808212	shard_438_batch_0.tar	49369600	147870	1609485312	1571814
13368	15324	AF-0000000203988747	shard_990_batch_1.tar	137136640	205494	1996899840	2910013
13373	15419	AF-0000000204402498	shard_302_batch_2.tar	57367552	87293	278416384	520608
13374	15011	AF-0000000211808270	shard_318_batch_3.tar	64655872	91877	610245632	567786
13376	15438	AF-0000000211808274	shard_984_batch_1.tar	129128448	201521	1804833280	3079684
13389	15012	AF-0000000211808294	shard_936_batch_0.tar	12029952	176864	1423876096	2326830
13407	15464	AF-0000000204566727	shard_346_batch_3.tar	12496384	105531	634172416	748515
13411	15296	AF-0000000203921123	shard_348_batch_1.tar	13404160	102320	633647616	720260
13452	15012	AF-0000000211808428	shard_934_batch_0.tar	81318912	174660	1426338816	2295412
13469	15399	AF-0000000211808463	shard_904_batch_0.tar	143357952	165781	1878480384	2024100
13473	15091	AF-0000000204384000	shard_892_batch_1.tar	28965376	164271	757889536	1830268
13474	15416	AF-0000000211808472	shard_442_batch_2.tar	60226048	150414	1599737856	1660311
13494	15133	AF-0000000204197626	shard_416_batch_2.tar	30876160	139211	1433351680	1339404
13527	15468	AF-0000000205108117	shard_224_batch_3.tar	59317760	58984	119523840	217315
13532	15045	AF-0000000204131937	shard_262_batch_1.tar	28449280	72818	384823296	352359
13589	15343	AF-0000000211808652	shard_374_batch_4.tar	25563648	113139	1076647424	863179
13621	15126	AF-0000000211808704	shard_384_batch_2.tar	11262464	121394	374720512	1010711
13641	15334	AF-0000000211808723	shard_434_batch_0.tar	123447808	144859	936047104	1518658
13641	15433	AF-0000000211808724	shard_396_batch_0.tar	107956736	128203	855726592	1081957
13665	15448	AF-0000000204821892	shard_959_batch_0.tar	144824320	185956	1414464000	2391427
13686	15095	AF-0000000211808795	shard_1072_batch_0.tar	191885824	267646	4818351104	5405611
13686	15142	AF-0000000211808796	shard_930_batch_0.tar	5108224	176022	1845386752	2186029
13686	15152	AF-0000000211808797	shard_1014_batch_0.tar	166264320	220283	1402343936	3535569
13686	15328	AF-0000000211808799	shard_1098_batch_0.tar	245957632	323784	3449451008	7708530
13718	15023	AF-0000000203943637	shard_410_batch_1.tar	125459968	131142	833016832	1281107
13742	15343	AF-0000000211808868	shard_960_batch_1.tar	140671488	186827	2262242304	2563413
13747	15463	AF-0000000204208594	shard_1068_batch_1.tar	66402304	267183	2597507072	4722302
13756	15308	AF-0000000204176001	shard_898_batch_1.tar	98329088	166203	1876492288	1921946
13758	15075	AF-0000000203815263	shard_386_batch_1.tar	14764544	121954	1094312960	1063517
13758	15164	AF-0000000203815277	shard_378_batch_1.tar	4254720	119404	865352192	989378
13758	15198	AF-0000000203815380	shard_388_batch_1.tar	36921344	122298	485729792	1091822
13758	15227	AF-0000000203815379	shard_386_batch_1.tar	35256832	121988	1223691264	1055920
13758	15402	AF-0000000203815370	shard_414_batch_1.tar	75102208	138493	387583488	1298635
13758	15469	AF-0000000203815401	shard_300_batch_0.tar	42234368	87306	484567040	462038
13779	15291	AF-0000000203801873	shard_394_batch_1.tar	74953728	124666	508051968	1142843
13779	15396	AF-0000000203801824	shard_224_batch_0.tar	54234624	58697	182428672	220988
13798	15087	AF-0000000203919038	shard_348_batch_1.tar	27441664	103872	277682176	752960
13805	15337	AF-0000000211808979	shard_970_batch_1.tar	62773248	187796	2958416896	2628291
13811	15095	AF-0000000203499754	shard_880_batch_0.tar	10087424	152042	1741390848	1694461
13816	15313	AF-0000000204053638	shard_242_batch_0.tar	512	66446	243488256	286487
13821	15458	AF-0000000204406574	shard_330_batch_2.tar	75154432	97373	405411328	640952
13855	15269	AF-0000000211809076	shard_366_batch_3.tar	109246976	113838	797236224	841634
13885	15248	AF-0000000211809172	shard_1064_batch_1.tar	200008192	256488	4895853568	4850369
13902	15282	AF-0000000211809191	shard_310_batch_1.tar	39801856	89963	213526528	556726
13930	15257	AF-0000000205103337	shard_182_batch_3.tar	33575936	39816	103009280	96989
13950	15245	AF-0000000211809259	shard_340_batch_2.tar	72235008	98953	773769728	714760
13959	15390	AF-0000000211809268	shard_1090_batch_0.tar	268034560	302252	1965116928	6678677
13969	15012	AF-0000000211809280	shard_1060_batch_0.tar	160604672	253549	1676517376	5015767
13973	15085	AF-0000000204109722	shard_944_batch_1.tar	27887104	183400	1129612800	2316990
13976	15308	AF-0000000211809284	shard_414_batch_1.tar	4897280	136077	889020928	1265914
13988	15138	AF-0000000204645445	shard_406_batch_3.tar	99936768	132613	1284935168	1249915
13988	15417	AF-0000000204645486	shard_236_batch_3.tar	28998656	63698	289112064	271105
13998	15283	AF-0000000203926562	shard_970_batch_1.tar	109651456	190857	769078784	2665505
14013	15416	AF-0000000205106948	shard_453_batch_0.tar	106205184	157719	1297067008	1784325
14051	15226	AF-0000000211809394	shard_1099_batch_0.tar	164640256	332130	7665376768	7484086
14094	15037	AF-0000000203711630	shard_420_batch_1.tar	134026240	137704	1491211264	1371195
14094	15283	AF-0000000211809422	shard_422_batch_1.tar	121869824	138800	1493707776	1413028
14113	15011	AF-0000000211809460	shard_320_batch_4.tar	82577408	92133	434360832	572944
14115	15222	AF-0000000211809467	shard_270_batch_0.tar	1297408	71521	225328128	391101
14134	15141	AF-0000000203870021	shard_260_batch_0.tar	43877376	72810	438300160	291398
14141	15101	AF-0000000211856033	shard_948_batch_2.tar	57106432	185710	1048742400	2434464
14188	15126	AF-0000000211856107	shard_892_batch_0.tar	39754240	164215	1614245888	1821296
14188	15402	AF-0000000211856108	shard_444_batch_1.tar	113928704	156303	1807399424	1656573
14213	15071	AF-0000000211856153	shard_396_batch_0.tar	66571776	124124	352990720	1094831
14215	15182	AF-0000000211856158	shard_1048_batch_0.tar	103287296	243754	2393041408	4570714
14218	15438	AF-0000000203582695	shard_986_batch_0.tar	6471168	202443	1223590912	2962433
14228	15063	AF-0000000203586562	shard_296_batch_0.tar	29201408	85075	265499136	497337
14228	15164	AF-0000000203586563	shard_290_batch_0.tar	5099008	83235	482446848	471852
14245	15282	AF-0000000203746954	shard_212_batch_0.tar	36144128	55284	227965440	191291
14266	15107	AF-0000000203596189	shard_414_batch_0.tar	8308736	135877	534614016	1264303
14266	15241	AF-0000000211856232	shard_442_batch_0.tar	29144064	150436	1769413632	1653253
14266	15282	AF-0000000203596230	shard_376_batch_0.tar	29349888	116877	1155168768	968753
14266	15324	AF-0000000203596187	shard_1054_batch_0.tar	142949376	249663	1528321536	4344726
14273	15091	AF-0000000204819766	shard_961_batch_0.tar	35457024	190642	999299584	2614446
14319	15434	AF-0000000203585037	shard_980_batch_0.tar	115004928	200197	1920438784	2863758
14319	15435	AF-0000000203585036	shard_976_batch_0.tar	134355456	199052	1282041856	2790298
14323	15308	AF-0000000211856299	shard_354_batch_0.tar	63292416	107904	365394432	823538
14324	15303	AF-0000000211856303	shard_888_batch_1.tar	9490944	162749	591041024	1947739
14346	15424	AF-0000000205105198	shard_410_batch_4.tar	35706368	130413	1154192384	1221405
14348	15245	AF-0000000211856331	shard_380_batch_2.tar	83676672	116658	931229184	1023254
14354	15454	AF-0000000211856335	shard_1036_batch_1.tar	166112256	231583	3425606656	4043838
14358	15063	AF-0000000203586434	shard_292_batch_0.tar	63492096	83126	209328128	479175
14358	15164	AF-0000000203586435	shard_284_batch_0.tar	66863616	80939	479616512	447312
14360	15095	AF-0000000203500109	shard_966_batch_0.tar	188459008	191709	1470113280	2681040
14360	15328	AF-0000000203500101	shard_1054_batch_0.tar	176964096	247314	1519448576	4632221
14367	15404	AF-0000000211856346	shard_264_batch_0.tar	68257280	75970	262796800	372865
14372	15417	AF-0000000211856351	shard_234_batch_3.tar	48318976	63164	242599424	261603
14390	15054	AF-0000000211856371	shard_388_batch_0.tar	30313472	118334	679199744	1045358
14390	15107	AF-0000000203479558	shard_386_batch_0.tar	80966656	117757	1249001472	1015034
14392	15146	AF-0000000203759899	shard_1060_batch_0.tar	175665664	256833	1886224384	4926718
14396	15183	AF-0000000211856378	shard_954_batch_0.tar	151808000	185554	1376043008	2474330
14398	15379	AF-0000000204796115	shard_316_batch_4.tar	33267200	92063	609743360	576059
14407	15335	AF-0000000211856382	shard_290_batch_0.tar	51686400	79732	305275392	454349
14414	15344	AF-0000000211856396	shard_442_batch_3.tar	133680640	145646	1188665344	1509525
14422	15245	AF-0000000211856400	shard_904_batch_1.tar	18858496	167083	1554442240	2004992
14460	15297	AF-0000000211856444	shard_1012_batch_2.tar	65876992	220603	229995520	3569282
14461	15438	AF-0000000203660760	shard_1022_batch_0.tar	207542272	227745	3642570240	3823784
14469	15269	AF-0000000211856454	shard_344_batch_2.tar	37104640	102376	453133312	714038
14479	15446	AF-0000000203934704	shard_406_batch_1.tar	127756800	133574	591645696	1277894
14490	15099	AF-0000000204785092	shard_888_batch_2.tar	22542848	162026	334909440	1845727
14500	15107	AF-0000000211856478	shard_414_batch_4.tar	89614336	131897	543604736	1213195
14504	15152	AF-0000000211856479	shard_1046_batch_0.tar	174736896	240448	3765291520	4248588
14523	15345	AF-0000000211868592	shard_404_batch_3.tar	17871872	131347	992848384	1174082
14523	15346	AF-0000000204268281	shard_1016_batch_1.tar	39886336	223797	1039766528	3487434
14537	15394	AF-0000000204185373	shard_394_batch_2.tar	8671744	127248	1060892672	1129487
14547	15103	AF-0000000203860223	shard_352_batch_1.tar	30794240	102017	404341760	755645
14556	15235	AF-0000000211868629	shard_1048_batch_0.tar	209410560	241063	3089110528	4217955
14558	15284	AF-0000000211868637	shard_1026_batch_1.tar	89430016	217747	3882994176	3492543
14570	15174	AF-0000000211868678	shard_364_batch_2.tar	55315456	109949	657850368	852312
14595	15224	AF-0000000203923491	shard_1146_batch_0.tar	244782080	309661	4535514624	7551487
14617	15229	AF-0000000211868711	shard_432_batch_0.tar	106468352	146230	1302608384	1552036
14633	15138	AF-0000000203729989	shard_924_batch_0.tar	73570304	175096	923832832	2303600
14641	15248	AF-0000000211868735	shard_996_batch_1.tar	67330048	203755	2229565952	2982122
14653	15027	AF-0000000204744994	shard_348_batch_3.tar	6852608	105591	502536192	757807
14663	15416	AF-0000000211868757	shard_948_batch_0.tar	97125376	183227	1762088448	2474690
14677	15011	AF-0000000211868768	shard_316_batch_3.tar	29691904	91427	249346048	563528
14719	15278	AF-0000000204630233	shard_424_batch_4.tar	120540672	138762	939961856	1333537
14726	15360	AF-0000000204166157	shard_952_batch_1.tar	151105536	183554	2794828800	2451456
14735	15080	AF-0000000203513350	shard_404_batch_0.tar	17781760	128826	1427454976	1173292
14735	15237	AF-0000000203513367	shard_338_batch_0.tar	49800704	100781	361535488	718442
14736	15023	AF-0000000203680514	shard_240_batch_0.tar	10188288	63508	374048256	245882
14738	15174	AF-0000000204829236	shard_1003_batch_0.tar	86260736	210401	2548725248	3286122
14755	15160	AF-0000000211868819	shard_936_batch_2.tar	2685952	172826	1218791936	2196132
14776	15122	AF-0000000211868860	shard_214_batch_0.tar	26298368	55139	232309248	189095
14778	15160	AF-0000000211868864	shard_344_batch_4.tar	35414528	103337	838449152	753454
14778	15297	AF-0000000204770502	shard_378_batch_4.tar	58112512	119548	370243584	988683
14808	15116	AF-0000000211868888	shard_384_batch_4.tar	71678464	120475	1189323264	1017791
14814	15329	AF-0000000203634540	shard_1078_batch_0.tar	265594368	269903	1569063424	5285383
14819	15453	AF-0000000203931088	shard_930_batch_1.tar	32674816	171162	2208950784	2075729
14846	15080	AF-0000000203507128	shard_390_batch_0.tar	39138816	122328	786497024	994273
14848	15404	AF-0000000203619997	shard_268_batch_0.tar	75016192	76352	309453312	367174
14851	15075	AF-0000000203502716	shard_276_batch_0.tar	23798784	77068	149018624	404431
14898	15113	AF-0000000211868961	shard_1106_batch_0.tar	245113856	280419	557955584	5787418
14900	15426	AF-0000000204184355	shard_298_batch_1.tar	69820928	85030	437516800	495780
14903	15426	AF-0000000204182554	shard_298_batch_1.tar	42141696	85138	460330496	496252
14913	15291	AF-0000000211868979	shard_890_batch_1.tar	155675136	158589	1015229952	1812946
14919	15051	AF-0000000203569761	shard_358_batch_0.tar	77797376	110310	819982848	839982
14925	15360	AF-0000000204036417	shard_998_batch_1.tar	137193472	208856	639208960	3023575
14930	15086	AF-0000000203548421	shard_422_batch_0.tar	58128896	140823	970040832	1417801
14944	15395	AF-0000000204061165	shard_1012_batch_1.tar	198453248	208935	1750824448	3440780
14948	15261	AF-0000000211876108	shard_366_batch_2.tar	22968832	111228	874741760	893468
14949	15239	AF-0000000203916658	shard_1184_batch_0.tar	23652864	392999	3370087936	10847760
14964	15230	AF-0000000204737458	shard_244_batch_3.tar	34583552	63340	377033728	285401
14964	15231	AF-0000000204737457	shard_244_batch_3.tar	19440640	62759	368980480	285180
14983	15241	AF-0000000211876136	shard_970_batch_0.tar	102867968	198436	1118999552	2843524
14983	15297	AF-0000000203660220	shard_1008_batch_0.tar	147134464	219625	2095605248	3321414
14985	15282	AF-0000000211876138	shard_440_batch_2.tar	55335936	155127	1481602560	1519663
14986	15310	AF-0000000211876141	shard_916_batch_1.tar	102104576	166960	1052593664	1967592
14988	15001	AF-0000000204800444	shard_214_batch_3.tar	49008640	55855	277301248	192786
15000	6874	AF-0000000204205125	shard_1172_batch_0.tar	119819776	364375	3474199040	9163879
15002	2103	AF-0000000210500295	shard_988_batch_2.tar	94967808	205662	293507072	2839270
15002	6588	AF-0000000204609887	shard_1010_batch_2.tar	63976960	217309	617372672	3449898
15003	6588	AF-0000000204609937	shard_1014_batch_2.tar	5884928	220361	358556160	3580680
15003	7356	AF-0000000211649464	shard_964_batch_2.tar	67405824	193865	1024825344	2782972
15003	15002	AF-0000000204609938	shard_998_batch_2.tar	56677888	211646	1623213568	3238440
15006	4893	AF-0000000203532747	shard_1054_batch_0.tar	123945472	247215	4421309440	4632442
15006	12942	AF-0000000211807280	shard_1148_batch_0.tar	21017088	309977	6802814976	7246288
15007	2054	AF-0000000210499139	shard_956_batch_1.tar	178160128	190237	1146601984	2348493
15007	4084	AF-0000000210994202	shard_988_batch_1.tar	71093248	204783	3281027072	2757688
15007	4704	AF-0000000211068370	shard_992_batch_1.tar	146646528	207899	3153833984	2818108
15007	6864	AF-0000000211635377	shard_1042_batch_0.tar	34713600	242475	2915231232	3833274
15007	8838	AF-0000000211691063	shard_960_batch_1.tar	125693440	190779	2359581696	2226346
15007	9020	AF-0000000211692232	shard_1006_batch_1.tar	21282304	214624	1373911552	3032716
15009	7085	AF-0000000211638880	shard_940_batch_0.tar	91433984	176904	1128186368	2386102
15009	9706	AF-0000000203811266	shard_938_batch_0.tar	101072384	175223	1378632704	2351896
15010	1939	AF-0000000204622938	shard_376_batch_3.tar	40065024	117100	739641856	973384
15010	2942	AF-0000000210756703	shard_372_batch_3.tar	115132416	115219	749250560	960810
15010	2943	AF-0000000204622939	shard_366_batch_3.tar	512	111802	278145024	909018
15010	3633	AF-0000000210938922	shard_376_batch_3.tar	115708416	116616	352471552	1002337
15010	3634	AF-0000000204622937	shard_362_batch_3.tar	37808128	110589	268206592	900206
15010	15028	AF-0000000204622940	shard_362_batch_3.tar	13772800	110319	659666432	888826
15012	2939	AF-0000000210756353	shard_1116_batch_0.tar	23985152	280587	2333857280	5609635
15012	4309	AF-0000000211030881	shard_894_batch_1.tar	134637056	161108	1340751360	1956296
15012	14384	AF-0000000211856367	shard_1134_batch_0.tar	65490944	295693	6779317760	6523904
15015	1511	AF-0000000203590595	shard_308_batch_0.tar	12130304	85982	454249472	523205
15015	2909	AF-0000000203590592	shard_294_batch_0.tar	44519424	83153	599619072	498715
15021	2518	AF-0000000203868834	shard_984_batch_0.tar	27194880	202316	2205929472	2814956
15021	4159	AF-0000000203868832	shard_358_batch_1.tar	73824768	110294	1013661696	831465
15021	4282	AF-0000000203868831	shard_358_batch_1.tar	62755328	110358	520403456	843942
15021	4377	AF-0000000203868833	shard_360_batch_1.tar	42658816	111518	368489984	853042
15021	9089	AF-0000000211692512	shard_880_batch_0.tar	82061312	151734	1103990784	1655716
15021	10475	AF-0000000203868828	shard_934_batch_1.tar	28098048	179020	544099328	2110693
15023	4632	AF-0000000203680669	shard_928_batch_0.tar	114699264	174819	1482134016	2170109
15027	293	AF-0000000203611847	shard_278_batch_0.tar	33049088	79366	248125440	424260
15027	294	AF-0000000203611850	shard_278_batch_0.tar	41166336	79292	474705408	423895
15027	2409	AF-0000000203611812	shard_912_batch_0.tar	56916480	172670	1727915520	2107695
15027	2518	AF-0000000203611839	shard_912_batch_0.tar	136374784	169693	1508458496	1984358
15027	2780	AF-0000000203611813	shard_882_batch_0.tar	130494976	152725	1788537856	1722223
15027	2801	AF-0000000203611811	shard_444_batch_0.tar	37678080	153552	1679441920	1761436
15027	3636	AF-0000000210939446	shard_952_batch_0.tar	40570368	186831	662967808	2493822
15027	4159	AF-0000000203611838	shard_276_batch_0.tar	73633280	78230	469603840	408892
15027	4163	AF-0000000203611840	shard_278_batch_0.tar	25631232	78879	486278144	418911
15027	4210	AF-0000000203611830	shard_252_batch_0.tar	10641920	70310	433512448	328112
15027	4282	AF-0000000203611837	shard_276_batch_0.tar	5256704	78183	485627392	410735
15027	5041	AF-0000000211111880	shard_438_batch_0.tar	15240192	147859	1279262208	1507001
15027	6090	AF-0000000211606745	shard_994_batch_0.tar	149249536	211813	3282614272	2850913
15027	6732	AF-0000000203611810	shard_444_batch_0.tar	20216320	153468	1468018688	1743257
15027	6733	AF-0000000211634025	shard_958_batch_0.tar	150654464	189714	788130304	2549280
15027	7790	AF-0000000203611836	shard_276_batch_0.tar	24266752	78136	222101504	411603
15027	8982	AF-0000000203611834	shard_974_batch_0.tar	32582144	195335	1003522560	2775872
15027	11276	AF-0000000203611829	shard_386_batch_0.tar	2322432	117952	277722624	1008073
15027	12584	AF-0000000203611816	shard_294_batch_0.tar	49006080	84315	553329152	497154
15027	12901	AF-0000000211807167	shard_352_batch_0.tar	22596096	108600	433358848	815449
15027	14037	AF-0000000203611843	shard_1040_batch_0.tar	143762432	239940	1072071168	4117814
15027	14847	AF-0000000203611833	shard_280_batch_0.tar	54441472	81064	284638720	439752
15028	7252	AF-0000000211644049	shard_432_batch_4.tar	19701248	147315	494772736	1581203
15029	9941	AF-0000000204079296	shard_288_batch_1.tar	43822080	82695	388411904	475933
15029	11293	AF-0000000204079299	shard_446_batch_2.tar	129306624	156314	984792064	1739589
15033	4528	AF-0000000211049674	shard_410_batch_1.tar	47856640	133287	490549760	1202396
15034	4163	AF-0000000204757122	shard_354_batch_4.tar	14966272	109167	477702656	814692
15036	1543	AF-0000000204004686	shard_348_batch_1.tar	51703296	101294	359335936	702979
15036	4221	AF-0000000204004693	shard_218_batch_0.tar	7929344	55473	306664448	203134
15036	7611	AF-0000000204004689	shard_920_batch_1.tar	81935360	169416	1359347200	2104804
15036	14038	AF-0000000211809373	shard_366_batch_1.tar	106104320	110316	252729344	855044
15037	1381	AF-0000000204005668	shard_404_batch_2.tar	52820992	131875	1086236672	1249123
15037	6479	AF-0000000211631310	shard_424_batch_2.tar	117101056	139224	712183808	1390501
15037	6623	AF-0000000211632911	shard_1004_batch_1.tar	138383360	211824	3016722432	3337344
15037	6963	AF-0000000204005669	shard_396_batch_2.tar	19815936	126961	1017060352	1171995
15037	6965	AF-0000000211637660	shard_430_batch_2.tar	1889792	141462	979424256	1437118
15037	7529	AF-0000000204005673	shard_906_batch_1.tar	56429056	165864	1376359936	1968242
15037	9878	AF-0000000211696607	shard_414_batch_2.tar	33431552	136797	1523040256	1347970
15037	9975	AF-0000000211697058	shard_418_batch_2.tar	58611712	136115	284633088	1324298
15038	1597	AF-0000000204109012	shard_406_batch_2.tar	118442496	130810	624644608	1226040
15038	14338	AF-0000000211856315	shard_452_batch_2.tar	74821632	161754	1354652160	1886218
15040	3356	AF-0000000210848665	shard_1040_batch_1.tar	123522048	237052	3029134848	4147542
15040	8885	AF-0000000204257310	shard_1004_batch_1.tar	15147008	212292	2081183232	3377598
15040	12966	AF-0000000204257345	shard_370_batch_2.tar	101258752	113878	289632768	949278
15041	3967	AF-0000000210988669	shard_451_batch_0.tar	150928384	156461	1361516032	1704599
15044	1807	AF-0000000203977956	shard_968_batch_1.tar	140124160	189767	500498432	2601396
15044	6864	AF-0000000203977943	shard_1054_batch_1.tar	222151680	248099	843069952	4383640
15044	6963	AF-0000000203977952	shard_1010_batch_1.tar	147642368	213437	2484743168	3377119
15044	14944	AF-0000000203977953	shard_1128_batch_0.tar	161415168	287106	3487378432	6047261
15045	1012	AF-0000000210204261	shard_440_batch_0.tar	104175104	153434	1415355392	1529906
15045	1855	AF-0000000203512344	shard_224_batch_0.tar	58634240	59172	124648448	193980
15045	6984	AF-0000000203512336	shard_340_batch_0.tar	65849856	102391	627540480	700140
15045	7856	AF-0000000211664029	shard_212_batch_0.tar	26147840	54907	203273216	189458
15045	9411	AF-0000000203512337	shard_244_batch_0.tar	23808512	66901	263631872	279581
15045	9658	AF-0000000211695423	shard_268_batch_0.tar	64543232	74826	384392192	345584
15045	10630	AF-0000000203512340	shard_412_batch_0.tar	27075584	133669	378361344	1256760
15045	11000	AF-0000000203512376	shard_306_batch_0.tar	77483008	88431	364090880	515710
15045	13479	AF-0000000211808523	shard_234_batch_0.tar	2022912	63506	369754624	258313
15045	13768	AF-0000000203512368	shard_240_batch_0.tar	12755968	63981	324772352	261533
15045	13864	AF-0000000211809099	shard_310_batch_0.tar	23404544	89816	319236608	490411
15045	15421	AF-0000000203512381	shard_262_batch_0.tar	33383936	73249	163503104	330169
15048	9916	AF-0000000203637595	shard_380_batch_0.tar	46397440	119757	422237184	973994
15048	15047	AF-0000000203637588	shard_448_batch_0.tar	153652224	156278	475586560	1682374
15049	15409	AF-0000000211876188	shard_400_batch_4.tar	25213952	122719	344116224	1094453
15049	15410	AF-0000000204679160	shard_410_batch_4.tar	37596160	127231	1380302848	1171335
15050	270	AF-0000000209938335	shard_1010_batch_2.tar	72003072	215553	1855959040	3305007
15050	2533	AF-0000000204711111	shard_1012_batch_2.tar	96840192	219925	805786112	3398717
15050	4477	AF-0000000211048772	shard_964_batch_2.tar	60898304	194079	634518016	2543585
15050	10475	AF-0000000204711130	shard_1002_batch_2.tar	13793792	214728	1546201600	3195414
15050	14855	AF-0000000204711116	shard_1034_batch_2.tar	54811136	235584	2104751616	3968716
15051	4256	AF-0000000204237918	shard_254_batch_1.tar	6376448	70127	413150720	325147
15052	6421	AF-0000000211630869	shard_368_batch_2.tar	3064320	117258	399177216	936655
15052	7531	AF-0000000204237978	shard_444_batch_3.tar	104826368	151733	325186048	1563194
15052	14919	AF-0000000204237971	shard_342_batch_2.tar	74402304	104483	411933184	728506
15054	21	AF-0000000208981157	shard_386_batch_4.tar	71515136	118542	828590080	1039810
15054	24	AF-0000000208981286	shard_256_batch_3.tar	67039232	71004	238173184	312835
15062	4339	AF-0000000203952252	shard_932_batch_1.tar	56565248	180144	871360512	2409864
15062	6957	AF-0000000203952253	shard_942_batch_1.tar	25708032	182582	2315176960	2487223
15062	8322	AF-0000000203952254	shard_1054_batch_1.tar	79762944	254332	2641376768	4613852
15063	45	AF-0000000203590505	shard_290_batch_0.tar	76940288	82348	184402944	472640
15063	4599	AF-0000000203580523	shard_298_batch_0.tar	38828544	85169	645792768	498538
15063	4608	AF-0000000203590500	shard_298_batch_0.tar	1033728	85121	170826240	500989
15063	15335	AF-0000000211876198	shard_292_batch_0.tar	4198912	83669	275509760	478368
15066	2088	AF-0000000210499907	shard_988_batch_2.tar	63315456	201426	812672000	2881212
15066	2098	AF-0000000210500184	shard_934_batch_2.tar	47465472	180236	1179052032	2137524
15066	8178	AF-0000000211678985	shard_1062_batch_2.tar	59643904	257210	708075520	4492619
15067	2209	AF-0000000204108846	shard_894_batch_1.tar	73784832	164054	1499515392	1935493
15067	5088	AF-0000000204108849	shard_1004_batch_1.tar	204041216	213936	1907334656	3157466
15067	14338	AF-0000000211856316	shard_954_batch_1.tar	98619904	191197	1141340672	2625416
15067	15038	AF-0000000204108854	shard_374_batch_2.tar	24279552	117354	1032193536	981633
15069	2836	AF-0000000204747011	shard_230_batch_3.tar	35695104	61705	209300992	252574
15069	3737	AF-0000000210954363	shard_292_batch_3.tar	66407424	85763	228256256	445300
15069	14722	AF-0000000211868797	shard_278_batch_3.tar	67819520	80788	342124032	400334
15072	87	AF-0000000203942121	shard_1114_batch_0.tar	143406592	284393	3680552448	5607219
15072	899	AF-0000000203942120	shard_1060_batch_1.tar	200827392	257861	4249048064	4825529
15072	1523	AF-0000000203942110	shard_1090_batch_1.tar	225880576	302814	4546804224	6455350
15072	3149	AF-0000000203942114	shard_1042_batch_1.tar	196446720	242807	3706162176	4131496
15072	8534	AF-0000000211681440	shard_1068_batch_1.tar	45537280	261664	3443105280	4800369
15072	12315	AF-0000000203942109	shard_1116_batch_0.tar	272580096	286749	2980648960	5662650
15073	12591	AF-0000000203494190	shard_356_batch_0.tar	48202240	107667	623438336	848069
15075	627	AF-0000000203503284	shard_386_batch_0.tar	7432192	121628	521610240	1068325
15075	2438	AF-0000000203503285	shard_386_batch_0.tar	57170432	121997	448123904	1063959
15075	2829	AF-0000000210732776	shard_386_batch_0.tar	38496768	121505	1059012096	1062920
15075	3699	AF-0000000203503286	shard_386_batch_0.tar	24129536	121604	254860800	1065401
15076	1920	AF-0000000210472681	shard_984_batch_0.tar	81093632	200178	2633442304	2852594
15076	2447	AF-0000000210611304	shard_964_batch_0.tar	130271744	191018	1183973376	2655345
15076	4734	AF-0000000211068930	shard_1166_batch_0.tar	145661952	344385	3067792384	8752416
15076	4981	AF-0000000211105152	shard_1002_batch_0.tar	44682240	212245	3031324672	3119999
15076	7531	AF-0000000211652933	shard_1110_batch_0.tar	242560000	280354	752249856	5570031
15076	8149	AF-0000000211678799	shard_1138_batch_0.tar	106784256	305995	3488918016	6959499
15076	14559	AF-0000000211868651	shard_1170_batch_0.tar	196797440	347067	2811046400	8366713
15076	14659	AF-0000000211868749	shard_1098_batch_1.tar	197257216	326953	3855950848	8053454
15079	1116	AF-0000000203507647	shard_1078_batch_0.tar	191869440	276372	2029963776	5320076
15079	7899	AF-0000000211673991	shard_1068_batch_0.tar	50433536	272485	2480231936	5244674
15080	4117	AF-0000000203507306	shard_314_batch_0.tar	66110464	91275	230485504	540719
15080	13450	AF-0000000203507302	shard_308_batch_0.tar	70184960	87747	427036672	504173
15081	2182	AF-0000000210501916	shard_392_batch_2.tar	6236160	123259	1268549120	1110189
15081	8524	AF-0000000211681306	shard_1036_batch_1.tar	144756736	233646	487214592	3909701
15081	10197	AF-0000000211728876	shard_402_batch_2.tar	110994944	129111	942871552	1221402
15085	3587	AF-0000000210934188	shard_328_batch_4.tar	40599552	94905	460720128	615785
15085	4832	AF-0000000204803616	shard_1065_batch_0.tar	186337280	232526	2510899712	4500440
15085	5267	AF-0000000211283188	shard_918_batch_2.tar	27554304	169266	441369088	2120784
15085	5424	AF-0000000211286593	shard_362_batch_4.tar	107191808	110191	859164160	832711
15085	5644	AF-0000000204803633	shard_382_batch_4.tar	55735808	118194	1191861248	967002
15085	6197	AF-0000000204803632	shard_344_batch_4.tar	64124416	102681	833372160	731917
15085	6208	AF-0000000204803628	shard_956_batch_2.tar	21235712	186305	1050908672	2494059
15085	6339	AF-0000000211628414	shard_394_batch_4.tar	39859712	124268	269091328	1050157
15085	8212	AF-0000000204803630	shard_981_batch_0.tar	183211520	198991	1746348544	2930806
15085	8936	AF-0000000211691600	shard_420_batch_4.tar	58520064	136943	1514200576	1344678
15085	9420	AF-0000000211694380	shard_974_batch_2.tar	87460352	198003	920262144	2664856
15085	9916	AF-0000000204803625	shard_294_batch_3.tar	21230592	84745	548559872	486247
15085	11508	AF-0000000204803629	shard_350_batch_4.tar	14283776	104852	943627264	785525
15085	11559	AF-0000000211764443	shard_971_batch_0.tar	162551808	196304	904191488	2755187
15085	11646	AF-0000000204803637	shard_314_batch_4.tar	14388736	91772	274644480	577026
15085	13720	AF-0000000204803627	shard_938_batch_2.tar	63038464	180245	1307493376	2294659
15085	13789	AF-0000000204803635	shard_290_batch_3.tar	56998400	83097	288126976	468060
15085	13926	AF-0000000211809205	shard_428_batch_4.tar	53391360	144933	685755392	1481398
15085	14605	AF-0000000211868702	shard_981_batch_0.tar	103304192	199620	675201536	2775851
15085	14654	AF-0000000204803641	shard_294_batch_3.tar	58745344	83501	609651712	472184
15087	4381	AF-0000000211045438	shard_362_batch_1.tar	14008832	110917	863850496	880505
15087	10847	AF-0000000203828131	shard_970_batch_0.tar	167382016	188779	1183217664	2666355
15089	1477	AF-0000000210385446	shard_880_batch_0.tar	61597184	150174	1401431552	1663751
15089	10472	AF-0000000203687100	shard_298_batch_0.tar	692224	84191	348653056	501848
15091	4369	AF-0000000204071217	shard_430_batch_2.tar	46859776	145046	1180274176	1442868
15092	3	AF-0000000208968710	shard_322_batch_0.tar	72425472	93693	529862144	551188
15094	3	AF-0000000208968711	shard_284_batch_0.tar	46702592	79433	489552384	415899
15095	461	AF-0000000203499904	shard_1130_batch_0.tar	258820608	299938	5508711936	6550285
15095	2785	AF-0000000210724019	shard_1076_batch_0.tar	268046336	273041	2792465920	5597060
15095	2947	AF-0000000203499888	shard_1054_batch_0.tar	49163264	249252	2372127744	4660058
15095	4214	AF-0000000203499889	shard_434_batch_0.tar	72868864	147946	1018055680	1542067
15095	4266	AF-0000000203499892	shard_430_batch_0.tar	122370048	145859	690064896	1512282
15095	4587	AF-0000000203499900	shard_440_batch_0.tar	35851776	151316	1581506560	1624329
15095	5160	AF-0000000211161727	shard_1164_batch_0.tar	56573952	341620	2498396672	8585384
15095	5510	AF-0000000203499897	shard_1002_batch_0.tar	21114880	207469	1403547136	3243377
15095	7925	AF-0000000203499891	shard_432_batch_0.tar	83005440	148191	1691799552	1532693
15095	9206	AF-0000000203499896	shard_880_batch_0.tar	129950208	152808	1311823872	1702400
15095	10756	AF-0000000203499895	shard_956_batch_0.tar	37766144	188085	2455338496	2529951
15095	13652	AF-0000000203499890	shard_434_batch_0.tar	132163584	148510	946701312	1530980
15095	14361	AF-0000000203499894	shard_956_batch_0.tar	58199040	188261	1272616960	2557656
15095	14504	AF-0000000203499893	shard_1124_batch_0.tar	79123456	288109	969382912	6247116
15095	15152	AF-0000000211876212	shard_958_batch_0.tar	161627648	189679	382081536	2518437
15096	5612	AF-0000000211288128	shard_922_batch_2.tar	49463808	173927	996219392	2146876
15096	5996	AF-0000000204648194	shard_934_batch_2.tar	65327616	179901	1120414720	2301999
15096	8462	AF-0000000204648193	shard_442_batch_4.tar	58454528	152824	320369664	1636984
15096	11688	AF-0000000204648191	shard_950_batch_2.tar	7971840	183527	696295936	2437142
15096	12699	AF-0000000204648192	shard_914_batch_2.tar	83659264	169134	962318336	2058636
15096	13491	AF-0000000204648195	shard_442_batch_4.tar	101238784	152800	635459584	1659347
15097	2722	AF-0000000204046023	shard_226_batch_0.tar	30858240	59264	258035200	207405
15098	935	AF-0000000204045091	shard_268_batch_1.tar	70595072	75788	171217408	375863
15098	2722	AF-0000000204045024	shard_218_batch_0.tar	27419648	57288	270649344	180172
15098	12238	AF-0000000211792606	shard_262_batch_1.tar	14959104	73394	428570624	351626
15098	15097	AF-0000000204045025	shard_232_batch_0.tar	4107776	61983	337054208	233163
15101	8928	AF-0000000203784034	shard_942_batch_0.tar	133061120	183688	539720704	2365453
15101	10804	AF-0000000203784033	shard_942_batch_0.tar	147544064	182152	1234194944	2353755
15102	10905	AF-0000000211745838	shard_1020_batch_0.tar	128319488	220619	3530702336	3396506
15102	12359	AF-0000000211805498	shard_1172_batch_0.tar	49664000	360341	8848964608	9055110
15103	2858	AF-0000000210740280	shard_282_batch_0.tar	54071808	76423	336182272	424506
15103	4606	AF-0000000203860177	shard_250_batch_0.tar	66138112	66473	282535424	306352
15103	6523	AF-0000000203860174	shard_304_batch_1.tar	5315584	85057	314408960	514299
15103	13737	AF-0000000203860175	shard_346_batch_1.tar	6500352	100998	631403520	719540
15106	15104	AF-0000000204737929	shard_176_batch_2.tar	19282944	37475	86960640	82405
15106	15105	AF-0000000204737931	shard_176_batch_2.tar	36777984	36246	69245440	70211
15107	6656	AF-0000000203556091	shard_390_batch_0.tar	20285440	124873	482888704	1032254
15107	9174	AF-0000000211692978	shard_1064_batch_0.tar	119861248	255963	4161153024	4572788
15107	11984	AF-0000000203556093	shard_258_batch_0.tar	37731328	71610	141462528	313147
15107	14895	AF-0000000203556094	shard_412_batch_0.tar	130065920	135442	1334238720	1241029
15111	2477	AF-0000000210616127	shard_282_batch_1.tar	13636096	79201	398747136	414874
15112	1462	AF-0000000204740099	shard_998_batch_2.tar	13593088	197927	475643392	2908080
15112	5021	AF-0000000211109641	shard_1052_batch_2.tar	37746176	238773	2325776384	4229218
15113	4042	AF-0000000210992640	shard_996_batch_2.tar	44450816	207420	1448525824	2892092
15113	10653	AF-0000000204740184	shard_954_batch_2.tar	43429376	186783	543412224	2496692
15114	3691	AF-0000000210949308	shard_226_batch_0.tar	9537536	60647	192394240	240363
15114	3758	AF-0000000203575271	shard_216_batch_0.tar	54459904	56226	144879616	204017
15114	13339	AF-0000000203575268	shard_214_batch_0.tar	51838976	55279	165664768	194143
15115	6572	AF-0000000204759032	shard_1119_batch_0.tar	233057792	292021	5106074624	6362887
15115	14543	AF-0000000211868616	shard_1127_batch_0.tar	62739456	299428	3872134656	6528684
15115	14737	AF-0000000204759031	shard_1083_batch_0.tar	143346688	287924	3664766976	6181036
15116	9965	AF-0000000211696953	shard_1032_batch_2.tar	59152384	235929	890798080	3826081
15116	13995	AF-0000000211809329	shard_442_batch_3.tar	131103232	154666	1523897856	1658359
15117	10149	AF-0000000211698041	shard_1048_batch_2.tar	3698688	239733	1089223168	4548655
15117	10622	AF-0000000211744464	shard_1080_batch_2.tar	97304576	280010	6116840448	5940650
15120	12607	AF-0000000203484987	shard_284_batch_0.tar	41127424	81374	418470400	424862
15120	13814	AF-0000000203484968	shard_242_batch_0.tar	24031744	69006	389934592	287549
15121	6718	AF-0000000204117867	shard_442_batch_2.tar	48217600	154046	1005742592	1601363
15122	4664	AF-0000000211067986	shard_202_batch_0.tar	13370368	51099	141384192	151445
15123	3097	AF-0000000210790934	shard_270_batch_0.tar	21864960	76339	201910784	378394
15125	1667	AF-0000000210429344	shard_1038_batch_0.tar	65007104	233311	3900796416	3868445
15125	2851	AF-0000000210738332	shard_972_batch_0.tar	19388928	192286	1114268672	2703430
15125	14213	AF-0000000211856154	shard_886_batch_0.tar	481792	157743	1712394240	1855018
15126	443	AF-0000000209941312	shard_1030_batch_1.tar	214856704	224868	3457753600	3722235
15126	6356	AF-0000000211630052	shard_1120_batch_0.tar	146476032	293547	5603361792	5734379
15127	4234	AF-0000000203783585	shard_394_batch_1.tar	24997888	121780	416080384	1097451
15127	4381	AF-0000000211045439	shard_392_batch_1.tar	53398528	119877	752756224	1079555
15128	2851	AF-0000000203783557	shard_992_batch_0.tar	134116352	198412	2870910464	2779274
15128	4381	AF-0000000211045440	shard_440_batch_1.tar	6947328	144165	1696065024	1558452
15128	6449	AF-0000000203783552	shard_956_batch_0.tar	38142464	183464	2567389184	2419530
15128	15116	AF-0000000211876216	shard_938_batch_0.tar	150361088	174080	2179433984	2174151
15129	4877	AF-0000000203494023	shard_1066_batch_0.tar	14697984	263868	668993536	4848048
15129	4984	AF-0000000203494022	shard_1068_batch_0.tar	56505856	262861	4171476480	4877480
15130	12069	AF-0000000203766856	shard_408_batch_1.tar	101206528	133901	1328687104	1252605
15130	13870	AF-0000000211809146	shard_1030_batch_0.tar	229338112	230533	1196653056	3891462
15131	2295	AF-0000000210553292	shard_906_batch_1.tar	95544832	164396	391114240	1986755
15131	6773	AF-0000000211634414	shard_962_batch_1.tar	151648256	187506	2391286784	2571648
15131	14973	AF-0000000211876125	shard_948_batch_1.tar	48776192	181560	630426624	2410408
15131	15283	AF-0000000211876226	shard_926_batch_1.tar	84931072	173854	520603648	2189979
15132	2764	AF-0000000210717431	shard_1066_batch_1.tar	49473536	254511	1678243328	4866731
15133	1567	AF-0000000210427231	shard_392_batch_2.tar	50518016	123093	1044906496	1078660
15133	3054	AF-0000000204197751	shard_374_batch_2.tar	58439168	116966	604402688	971048
15133	12749	AF-0000000204197752	shard_384_batch_2.tar	35508224	121609	950682112	1058080
15133	13787	AF-0000000204197718	shard_388_batch_2.tar	45947904	119713	831001088	1065614
15135	14316	AF-0000000203646693	shard_274_batch_0.tar	67030528	77324	473333248	361981
15136	14749	AF-0000000203766811	shard_340_batch_0.tar	41593856	101457	632548352	736226
15138	13298	AF-0000000203729897	shard_964_batch_0.tar	67245056	189891	922699264	2586411
15138	13939	AF-0000000203729889	shard_926_batch_0.tar	75900928	176809	1122119168	2317047
15141	1031	AF-0000000203978701	shard_270_batch_1.tar	6399488	75921	245194752	336706
15141	2670	AF-0000000203978694	shard_270_batch_1.tar	70958592	76131	427838464	337243
15141	2837	AF-0000000203978696	shard_264_batch_1.tar	19641856	73238	385766912	302424
15141	6567	AF-0000000203978697	shard_278_batch_1.tar	49342976	78886	544990720	348231
15141	7469	AF-0000000203978700	shard_270_batch_1.tar	11863040	75933	407300096	340791
15142	2072	AF-0000000203500277	shard_882_batch_0.tar	27212800	151920	1502389760	1621842
15142	2785	AF-0000000210724021	shard_944_batch_0.tar	58023936	180346	2674532864	2403988
15142	2947	AF-0000000203500276	shard_450_batch_0.tar	132173824	156463	596746240	1718245
15142	5510	AF-0000000203500288	shard_380_batch_0.tar	101121024	115357	1195509760	955836
15142	8375	AF-0000000203500297	shard_448_batch_0.tar	104839168	156898	939229184	1712834
15142	14504	AF-0000000203500283	shard_978_batch_0.tar	68714496	195766	1702898176	2842579
15142	15095	AF-0000000203500289	shard_430_batch_0.tar	94510080	144968	467030016	1460169
15142	15328	AF-0000000203500282	shard_986_batch_0.tar	189081088	200147	1854858240	2908260
15143	607	AF-0000000204672568	shard_1078_batch_2.tar	83211776	280996	1154202624	5570844
15143	2396	AF-0000000204672543	shard_940_batch_2.tar	55440896	183113	585869312	2321634
15143	3468	AF-0000000204672557	shard_1072_batch_2.tar	74728448	274516	1939640832	5352695
15143	3469	AF-0000000210903002	shard_1074_batch_2.tar	6789120	275234	1588924416	5337004
15143	3471	AF-0000000204672556	shard_1076_batch_2.tar	129104896	278579	633884672	5603000
15143	3816	AF-0000000204672558	shard_1110_batch_0.tar	188685824	283277	4099045888	5803762
15143	6587	AF-0000000204672549	shard_1006_batch_2.tar	92380160	216056	1670785536	3225123
15143	6690	AF-0000000211633597	shard_1125_batch_0.tar	281063936	281801	3505881088	5609743
15143	6993	AF-0000000204672537	shard_1022_batch_2.tar	46802432	229753	1315217920	3689180
15144	11314	AF-0000000211763691	shard_1170_batch_0.tar	66199552	349719	1143547904	9604468
15144	14240	AF-0000000211856189	shard_1166_batch_0.tar	305474560	341135	4028757504	9176848
15145	2111	AF-0000000203825097	shard_428_batch_1.tar	102107136	142037	1035743232	1476996
15145	2868	AF-0000000203825091	shard_450_batch_1.tar	19742720	158491	1697267200	1845936
15147	1752	AF-0000000203668486	shard_312_batch_0.tar	69680128	92137	271700992	569725
15147	2047	AF-0000000203668493	shard_312_batch_0.tar	81448960	90312	719588352	566908
15147	2623	AF-0000000203668507	shard_240_batch_0.tar	53621248	65148	309930496	283997
15147	2789	AF-0000000203668496	shard_196_batch_0.tar	33953280	48199	176464384	147963
15147	3321	AF-0000000203668492	shard_308_batch_0.tar	49388544	89727	428656128	550179
15147	4816	AF-0000000203668476	shard_330_batch_0.tar	50608640	97901	804894208	668425
15147	8517	AF-0000000203668491	shard_304_batch_0.tar	27872256	89103	546828800	538118
15147	9991	AF-0000000203668504	shard_910_batch_0.tar	39516672	170656	1563094016	2112758
15147	14525	AF-0000000203668479	shard_296_batch_0.tar	21760512	85058	502266880	502257
15149	2518	AF-0000000203502592	shard_1000_batch_0.tar	158891520	208929	1752124928	3122743
15151	7808	AF-0000000211662829	shard_430_batch_0.tar	12104192	145250	1634008064	1446859
15151	9235	AF-0000000203459494	shard_422_batch_0.tar	27760128	139726	767651840	1347347
15153	807	AF-0000000210187861	shard_452_batch_2.tar	4920320	159014	1778906112	1810111
15153	6924	AF-0000000211636200	shard_940_batch_1.tar	118163456	180739	2492148736	2344432
15153	13433	AF-0000000211808394	shard_978_batch_1.tar	161233920	197204	1031574528	2720965
15153	14210	AF-0000000204121217	shard_1072_batch_1.tar	258266112	266160	3707579904	4910516
15154	56	AF-0000000209491503	shard_1170_batch_0.tar	248394752	359397	1502722048	7946722
15155	6844	AF-0000000211635169	shard_1166_batch_0.tar	289677824	340920	2897504256	8170297
15155	9654	AF-0000000211695415	shard_1128_batch_0.tar	192304640	292305	3400675328	6123354
15157	3371	AF-0000000210851631	shard_996_batch_0.tar	113066496	205656	477879808	2922648
15157	6463	AF-0000000203787501	shard_1020_batch_0.tar	148644352	217904	2093909504	3271078
15157	7031	AF-0000000203787529	shard_976_batch_0.tar	128222208	191264	1554870272	2616584
15157	11402	AF-0000000211764002	shard_1028_batch_0.tar	173509632	225518	3700654080	3411054
15157	11754	AF-0000000211765359	shard_942_batch_0.tar	10529792	179690	1043655168	2295957
15158	4807	AF-0000000211085305	shard_298_batch_1.tar	34727936	87117	326928896	505373
15158	6552	AF-0000000203889448	shard_388_batch_1.tar	11035648	124814	1105952256	1077403
15158	14154	AF-0000000211856057	shard_306_batch_1.tar	70668800	88992	591021056	531791
15160	24	AF-0000000208981287	shard_314_batch_1.tar	87562240	90528	262577152	569269
15160	4377	AF-0000000211044272	shard_344_batch_2.tar	58635776	103409	650205696	763244
15160	11416	AF-0000000211764033	shard_420_batch_2.tar	30403072	135839	1355413504	1361453
15161	1455	AF-0000000210385133	shard_412_batch_2.tar	130230272	136000	1364913664	1337039
15161	3839	AF-0000000210970135	shard_1144_batch_0.tar	239561728	303423	5800692224	6742087
15161	4339	AF-0000000211033212	shard_408_batch_2.tar	130906112	134252	937967616	1319045
15161	5800	AF-0000000211289993	shard_1024_batch_1.tar	114711040	227101	2736351744	3583458
15161	6539	AF-0000000211632018	shard_924_batch_1.tar	17075712	173926	1957318656	2210260
15161	6685	AF-0000000211633488	shard_960_batch_1.tar	4536320	191489	1098724352	2632465
15161	6957	AF-0000000211637561	shard_416_batch_2.tar	1509888	137000	1014098432	1391064
15161	7442	AF-0000000211651766	shard_908_batch_1.tar	9255424	168435	977584640	2120228
15161	8402	AF-0000000211680522	shard_894_batch_1.tar	101478912	162249	572771840	1936662
15161	15037	AF-0000000211876180	shard_410_batch_2.tar	36854272	135018	1472226816	1334615
15161	15162	AF-0000000211876241	shard_988_batch_1.tar	125659136	199391	940116480	3026291
15161	15283	AF-0000000211876242	shard_412_batch_2.tar	85450752	135889	675764224	1343622
15162	1381	AF-0000000210383432	shard_982_batch_1.tar	93991936	196506	1704851968	2877431
15162	6479	AF-0000000211631311	shard_1000_batch_1.tar	186857472	203647	1928891392	3014158
15162	6965	AF-0000000211637662	shard_1004_batch_1.tar	173973504	206213	2893989376	3089605
15162	9878	AF-0000000211696608	shard_990_batch_1.tar	185672192	201119	2891042816	2984704
15162	9975	AF-0000000211697060	shard_994_batch_1.tar	188442112	200897	497953792	2912486
15162	10643	AF-0000000211744555	shard_976_batch_1.tar	79651840	191067	1034189824	2656524
15166	2892	AF-0000000203615823	shard_1010_batch_0.tar	199340544	211326	2307873792	3495823
15166	2893	AF-0000000203615824	shard_1014_batch_0.tar	44011008	214325	1654717952	3622159
15166	4772	AF-0000000203615822	shard_1144_batch_0.tar	2158592	305111	7022341120	7246699
15166	13843	AF-0000000203615829	shard_960_batch_0.tar	147808256	183737	2595764736	2635549
15167	4597	AF-0000000211061264	shard_370_batch_0.tar	9162752	110839	809664512	867565
15170	4270	AF-0000000203536249	shard_346_batch_0.tar	39525376	104377	586470400	776340
15171	1813	AF-0000000210453811	shard_246_batch_0.tar	18265088	68113	342534144	292808
15171	1842	AF-0000000203535737	shard_242_batch_0.tar	55676416	66768	227373568	279968
15172	3693	AF-0000000210950532	shard_314_batch_0.tar	64729088	89531	593856512	543356
15172	14935	AF-0000000211876097	shard_986_batch_0.tar	28165120	208141	2858565120	2993586
15174	2283	AF-0000000204235579	shard_400_batch_2.tar	72420352	126552	940787200	1183396
15174	2516	AF-0000000210656705	shard_440_batch_3.tar	25799680	139709	708088832	1496680
15174	3414	AF-0000000204235567	shard_398_batch_3.tar	99724800	124529	914250240	1179035
15174	4115	AF-0000000204235588	shard_382_batch_2.tar	37227520	117649	1121182720	996892
15174	7709	AF-0000000204235582	shard_404_batch_2.tar	43118592	128466	1225445376	1224125
15174	8424	AF-0000000204235563	shard_994_batch_1.tar	121980416	205675	2190991360	2900018
15174	10458	AF-0000000204235586	shard_346_batch_2.tar	2931712	103406	491083776	748784
15174	10554	AF-0000000204235572	shard_362_batch_2.tar	31132160	109374	441890816	844056
15174	12267	AF-0000000204235576	shard_436_batch_3.tar	69824000	146200	1537674240	1584991
15176	8322	AF-0000000211680045	shard_1070_batch_0.tar	168497152	267102	5307408384	5235641
15177	2800	AF-0000000203809302	shard_414_batch_1.tar	122293760	133032	338607104	1310686
15177	3299	AF-0000000203809295	shard_406_batch_1.tar	108155392	128110	579412992	1241475
15177	3370	AF-0000000210851383	shard_1072_batch_0.tar	54612480	271036	4945748480	5121669
15177	4633	AF-0000000203809305	shard_988_batch_0.tar	100502016	202341	1986762752	2962566
15177	4827	AF-0000000203809304	shard_1086_batch_0.tar	268121600	289427	3324079616	5905464
15177	5071	AF-0000000211117347	shard_404_batch_1.tar	46897664	131843	679472640	1231494
15177	6852	AF-0000000203809309	shard_956_batch_0.tar	76796416	185918	2138323456	2544573
15177	6999	AF-0000000203809310	shard_960_batch_0.tar	1335808	187083	2506856960	2578498
15177	7038	AF-0000000203809303	shard_1060_batch_0.tar	169550336	259562	1302122496	4813209
15177	7087	AF-0000000203809308	shard_400_batch_1.tar	119633408	121990	1076647424	1069575
15177	7139	AF-0000000211640361	shard_1026_batch_0.tar	73323008	223849	3563919872	3499732
15177	10468	AF-0000000203809299	shard_894_batch_0.tar	135979008	160675	2074628608	1862473
15177	11667	AF-0000000203809313	shard_422_batch_1.tar	127064576	140620	809730560	1409736
15181	11927	AF-0000000211767186	shard_276_batch_0.tar	59631104	75827	374409216	414577
15181	15222	AF-0000000211877158	shard_268_batch_0.tar	42046464	71225	205179392	383668
15182	14721	AF-0000000211868794	shard_978_batch_0.tar	184270848	197769	1611340800	2724140
15183	2325	AF-0000000210561552	shard_436_batch_4.tar	142939136	146966	1056652800	1502018
15183	6981	AF-0000000211637962	shard_1023_batch_0.tar	121068032	224198	1177539072	3539953
15183	7261	AF-0000000204821600	shard_1021_batch_0.tar	155253760	221902	2770018816	3468940
15183	7776	AF-0000000204821609	shard_1001_batch_0.tar	202857472	208890	1448799744	3165371
15183	8516	AF-0000000204821550	shard_1001_batch_0.tar	141113344	211870	591304192	3023519
15183	9242	AF-0000000204821561	shard_1053_batch_0.tar	200801792	247810	2969202688	4595229
15183	10742	AF-0000000204821595	shard_1021_batch_0.tar	48471552	219864	3229101568	3320611
15183	10816	AF-0000000204821556	shard_1042_batch_2.tar	87032320	239609	1304087552	3964512
15183	10901	AF-0000000211745789	shard_1083_batch_0.tar	221532160	284676	4049202688	5744247
15183	11019	AF-0000000204821607	shard_977_batch_0.tar	23280640	200503	2559761920	2902861
15183	11796	AF-0000000204821547	shard_408_batch_4.tar	95344128	133872	764634112	1259645
15183	13766	AF-0000000204821592	shard_430_batch_4.tar	4815872	143988	1650414592	1507608
15184	3102	AF-0000000210793053	shard_368_batch_3.tar	111520768	111796	448141312	895433
15184	4714	AF-0000000211068553	shard_1042_batch_2.tar	12681216	239779	1072488960	3889856
15184	7184	AF-0000000211642489	shard_972_batch_2.tar	90570752	197982	1488685056	2730738
15184	7551	AF-0000000211653176	shard_1062_batch_2.tar	15269376	254406	1076446720	4427476
15184	11974	AF-0000000211791467	shard_438_batch_4.tar	90082304	150836	344774656	1536731
15186	1708	AF-0000000203541000	shard_278_batch_0.tar	9862144	77566	500357632	422968
15186	3601	AF-0000000203540990	shard_424_batch_0.tar	129866240	142190	445400064	1442499
15186	4052	AF-0000000203540981	shard_986_batch_0.tar	118124544	202157	2274367488	2685084
15186	5223	AF-0000000211196019	shard_922_batch_0.tar	50942976	173257	366745088	2144661
15186	8774	AF-0000000203540993	shard_966_batch_0.tar	83769856	192765	2699738112	2797392
15186	10141	AF-0000000211698023	shard_1022_batch_0.tar	71790080	229183	2979829760	3330104
15186	11603	AF-0000000211764610	shard_354_batch_0.tar	61990912	107418	592357376	844701
15186	14973	AF-0000000211876126	shard_358_batch_0.tar	66712576	109797	632367616	839840
15187	11	AF-0000000208968806	shard_1184_batch_0.tar	85624320	394233	1739697664	10551499
15187	9174	AF-0000000211692979	shard_1176_batch_0.tar	77259264	364724	4476376064	9085165
15192	2994	AF-0000000204250945	shard_1004_batch_1.tar	31099392	208644	448139776	3430544
15194	2899	AF-0000000203804680	shard_272_batch_0.tar	27241472	75231	416647680	382447
15194	7671	AF-0000000211656447	shard_374_batch_1.tar	59023872	114488	594006016	919105
15198	627	AF-0000000204597228	shard_388_batch_3.tar	53898240	121830	449735680	1091823
15198	2438	AF-0000000204597229	shard_388_batch_3.tar	118224896	122190	822729728	1101114
15198	2829	AF-0000000210732778	shard_388_batch_3.tar	117612544	121518	1155953664	1094225
15201	3063	AF-0000000203548456	shard_996_batch_0.tar	186238976	208316	687317504	3062646
15201	3384	AF-0000000203548453	shard_434_batch_0.tar	74641408	148783	757714432	1535578
15202	3164	AF-0000000204204528	shard_276_batch_1.tar	6795776	76568	265120256	400715
15204	2257	AF-0000000203945828	shard_296_batch_1.tar	42822144	83468	196688384	498144
15204	3258	AF-0000000203945818	shard_382_batch_1.tar	40110080	118642	594829824	1025802
15204	7977	AF-0000000203945819	shard_412_batch_2.tar	47963136	121988	920210944	1220006
15205	3216	AF-0000000203563680	shard_1106_batch_0.tar	25079808	278245	5411414528	5228260
15205	6216	AF-0000000203563672	shard_1060_batch_0.tar	31755264	256334	4836169216	4717023
15205	6623	AF-0000000211632912	shard_1110_batch_0.tar	227366400	278197	831096832	5695022
15208	4491	AF-0000000203886879	shard_246_batch_0.tar	67381248	67506	234604544	286285
15209	4093	AF-0000000203893636	shard_436_batch_1.tar	135343104	146020	929374720	1642012
15209	7789	AF-0000000203893631	shard_404_batch_1.tar	75837440	128568	1431288320	1221575
15209	9050	AF-0000000203893689	shard_1068_batch_1.tar	2913280	265962	4135829504	5420615
15209	12082	AF-0000000203893632	shard_408_batch_1.tar	13966336	130913	448364544	1259779
15210	4093	AF-0000000203893811	shard_436_batch_1.tar	31801856	146087	1220218368	1631431
15210	12082	AF-0000000203893808	shard_408_batch_1.tar	91639296	130851	627708928	1259818
15211	3846	AF-0000000210971491	shard_382_batch_2.tar	1679360	117414	877627392	1007466
15212	335	AF-0000000209939495	shard_372_batch_4.tar	9768960	114808	875551744	952976
15212	3566	AF-0000000210932701	shard_348_batch_4.tar	97968640	105306	486576128	803459
15212	4265	AF-0000000211020760	shard_384_batch_4.tar	18091008	120354	630519296	1028838
15212	4361	AF-0000000211036369	shard_382_batch_4.tar	89769472	120073	462549504	1025449
15212	4376	AF-0000000211044253	shard_384_batch_4.tar	67070976	120449	727418880	1039066
15212	4379	AF-0000000211044618	shard_384_batch_4.tar	85259264	120549	792269312	1027395
15212	6033	AF-0000000211580753	shard_352_batch_4.tar	58999296	106758	753081856	806729
15212	8586	AF-0000000211689850	shard_384_batch_4.tar	112782848	120796	697053696	1030416
15212	9404	AF-0000000211694292	shard_380_batch_4.tar	954880	118769	1190508544	1000629
15212	9994	AF-0000000211697102	shard_396_batch_4.tar	52399104	126201	281180160	1148736
15212	10891	AF-0000000211745653	shard_384_batch_4.tar	48990208	121162	422757376	1034228
15212	13288	AF-0000000211808098	shard_1054_batch_2.tar	16527872	245856	1989913600	4284390
15212	13537	AF-0000000211808589	shard_384_batch_4.tar	24986624	120817	1034570752	1036525
15212	13540	AF-0000000211808594	shard_384_batch_4.tar	102359040	120060	1168020480	1040200
15212	14656	AF-0000000211868745	shard_396_batch_4.tar	20333568	125374	388524544	1159497
15212	14657	AF-0000000211868747	shard_404_batch_4.tar	120704512	131039	643326464	1212644
15213	7726	AF-0000000211658742	shard_990_batch_2.tar	8401920	199943	1167437312	2918790
15213	15087	AF-0000000211876211	shard_436_batch_4.tar	23557120	147951	459496960	1623487
15214	5993	AF-0000000211579676	shard_1168_batch_0.tar	25353216	353326	4087986688	8575140
15214	7219	AF-0000000203851926	shard_1160_batch_0.tar	170587648	332785	1710896128	7832846
15217	1891	AF-0000000210455332	shard_400_batch_1.tar	87568384	128178	1315166720	1126284
15217	2651	AF-0000000203961768	shard_378_batch_1.tar	2349568	113455	416802816	919003
15217	4528	AF-0000000211049675	shard_412_batch_2.tar	13642752	133873	869533696	1218718
15218	358	AF-0000000203620389	shard_276_batch_0.tar	52362752	75302	291544576	410171
15218	11927	AF-0000000203620381	shard_286_batch_0.tar	43494912	78974	404097024	450866
15218	15181	AF-0000000211877154	shard_278_batch_0.tar	77709312	75174	440406528	421961
15219	1521	AF-0000000203620351	shard_262_batch_0.tar	41739776	70833	222217728	364420
15219	1821	AF-0000000203620352	shard_266_batch_0.tar	40111104	71754	212959744	372026
15219	2085	AF-0000000203620347	shard_262_batch_0.tar	59265536	71509	433295360	359694
15219	2086	AF-0000000203620350	shard_270_batch_0.tar	50685440	73847	170975744	397498
15219	9401	AF-0000000203620346	shard_268_batch_0.tar	28945408	74043	249312768	388671
15219	13386	AF-0000000203620349	shard_300_batch_0.tar	33885184	85011	435261440	502026
15219	14115	AF-0000000211809464	shard_268_batch_0.tar	22077440	72453	285446656	379027
15219	15181	AF-0000000211877155	shard_266_batch_0.tar	62605824	72283	420089344	375932
15219	15218	AF-0000000203620343	shard_274_batch_0.tar	41991168	75433	534951424	408428
15219	15222	AF-0000000203620356	shard_266_batch_0.tar	47879680	71549	160434688	374205
15219	15357	AF-0000000203620355	shard_268_batch_0.tar	69230080	74341	497908224	384679
15219	15358	AF-0000000203620354	shard_262_batch_0.tar	44368896	70782	339404288	357333
15219	15359	AF-0000000203620353	shard_266_batch_0.tar	44515328	72375	220294144	374958
15222	11927	AF-0000000203621216	shard_276_batch_0.tar	5335552	75412	330967552	411206
15224	916	AF-0000000203924237	shard_1146_batch_0.tar	250051072	306977	1338799104	7394881
15224	2357	AF-0000000210575817	shard_1144_batch_0.tar	244818432	307216	5172369920	7459594
15224	2989	AF-0000000210765434	shard_1146_batch_0.tar	221740544	308122	6836730880	7398370
15224	4810	AF-0000000203924225	shard_1124_batch_0.tar	213633536	289567	3456156160	6634739
15224	5480	AF-0000000203924253	shard_1154_batch_0.tar	265500672	318221	6960433152	7970887
15224	5918	AF-0000000203924223	shard_1148_batch_0.tar	147780096	311693	5754370048	7625817
15224	6746	AF-0000000211634147	shard_1148_batch_0.tar	13784064	309873	4979747328	7432332
15224	6747	AF-0000000211634169	shard_1134_batch_0.tar	78630912	298977	1541327360	6915223
15224	6940	AF-0000000211636350	shard_1128_batch_0.tar	181744128	291395	6577447936	6661386
15224	13997	AF-0000000203924234	shard_954_batch_1.tar	81039872	180542	2280515584	2567153
15224	14534	AF-0000000203924224	shard_1124_batch_0.tar	120421888	285128	1992814080	6525697
15227	14206	AF-0000000204597210	shard_894_batch_1.tar	6000640	157837	973851136	1981631
15228	4037	AF-0000000210992524	shard_1044_batch_1.tar	51937792	236505	1717796864	4038319
15228	4906	AF-0000000211096976	shard_1046_batch_1.tar	233409536	241827	1384110080	4271088
15228	5031	AF-0000000211111020	shard_1132_batch_0.tar	101757952	297128	1563945984	6509826
15228	14267	AF-0000000211856235	shard_442_batch_1.tar	105417216	151672	509959168	1670381
15228	15454	AF-0000000211877185	shard_1026_batch_1.tar	86005760	226398	2993459200	3742722
15229	4037	AF-0000000203936158	shard_1038_batch_1.tar	32282624	232409	3155494400	3908129
15229	4280	AF-0000000203936162	shard_398_batch_1.tar	92315136	126057	856045056	1128837
15229	4906	AF-0000000203936157	shard_1042_batch_1.tar	120825344	237914	1854836736	4123582
15229	7355	AF-0000000203936154	shard_1030_batch_1.tar	82502144	231936	3777594368	3689432
15229	7632	AF-0000000211654364	shard_430_batch_2.tar	142818816	145024	1469619712	1530016
15229	14267	AF-0000000211856236	shard_436_batch_2.tar	35554304	148216	1798613504	1598706
15229	15228	AF-0000000211877183	shard_996_batch_1.tar	180556288	206852	2869823488	3191037
15229	15454	AF-0000000211877186	shard_1022_batch_1.tar	3817984	222812	3821438976	3623201
15230	4133	AF-0000000204734714	shard_190_batch_3.tar	26716160	43540	183891456	125605
15231	4133	AF-0000000204734629	shard_190_batch_3.tar	16336896	43173	194208256	129283
15232	1969	AF-0000000204747322	shard_392_batch_4.tar	100914688	121087	247825920	1058401
15232	2042	AF-0000000204747301	shard_966_batch_2.tar	763904	191350	1178211328	2692742
15232	2257	AF-0000000204747313	shard_364_batch_4.tar	39961600	108858	827046912	851355
15232	2862	AF-0000000204747317	shard_370_batch_4.tar	38112768	111976	641676288	880771
15232	2891	AF-0000000210746995	shard_366_batch_4.tar	70444544	110079	1018536960	869308
15232	3021	AF-0000000204747311	shard_392_batch_4.tar	79755264	122152	1046363136	1057502
15232	3336	AF-0000000204747335	shard_1062_batch_2.tar	5437952	252052	1507739648	4751135
15232	3373	AF-0000000204747337	shard_1111_batch_0.tar	3660288	282401	3492101632	5595755
15232	4234	AF-0000000204747286	shard_368_batch_4.tar	2295296	110872	252788736	892171
15232	5460	AF-0000000204747334	shard_388_batch_4.tar	102143488	119291	620955136	1015302
15232	6961	AF-0000000204747320	shard_426_batch_4.tar	33894400	139309	595442688	1380369
15232	8514	AF-0000000211681244	shard_1072_batch_2.tar	97082880	267527	1216007680	5209984
15232	11748	AF-0000000211765055	shard_986_batch_2.tar	89242112	200648	1213894144	2756456
15232	12339	AF-0000000204747316	shard_376_batch_4.tar	55024128	114947	773425152	942489
15232	14445	AF-0000000211856425	shard_420_batch_4.tar	6854656	134119	1283191808	1292910
15232	14517	AF-0000000204747308	shard_354_batch_4.tar	50791424	104472	330694144	792891
15232	14991	AF-0000000204747289	shard_320_batch_4.tar	57053184	91941	198346240	596729
15233	2798	AF-0000000210726165	shard_1056_batch_1.tar	167181824	254081	1111681024	4724787
15235	11118	AF-0000000211751788	shard_392_batch_0.tar	109583360	121966	491842560	1067856
15237	187	AF-0000000209934639	shard_396_batch_0.tar	79866368	127337	810987008	1037532
15237	1007	AF-0000000203680460	shard_950_batch_0.tar	127422464	187656	1215508480	2327471
15237	1426	AF-0000000210384528	shard_1038_batch_0.tar	192627200	234464	3095151616	3622452
15237	2055	AF-0000000203680466	shard_384_batch_0.tar	86432768	121532	277916160	1043996
15237	7334	AF-0000000203680473	shard_944_batch_0.tar	8016384	183375	772901376	2192260
15237	8837	AF-0000000203680456	shard_280_batch_0.tar	28478464	79616	482044416	419753
15237	8969	AF-0000000211691861	shard_318_batch_0.tar	77118464	92912	293434880	602110
15237	10584	AF-0000000211744169	shard_394_batch_0.tar	38083584	128506	536203776	1087383
15237	11068	AF-0000000203680447	shard_938_batch_0.tar	142255104	180406	1572781056	2298653
15237	14657	AF-0000000203680435	shard_348_batch_0.tar	77912576	105050	704885248	748411
15238	6810	AF-0000000211634685	shard_1066_batch_1.tar	142342656	269801	2563352576	5297183
15239	2707	AF-0000000203920829	shard_1186_batch_0.tar	175650816	406503	1458724864	11445952
15240	1958	AF-0000000210473467	shard_984_batch_1.tar	129330688	201877	2584001536	2716354
15240	3231	AF-0000000204080946	shard_432_batch_2.tar	20615168	142761	1067164672	1456955
15240	3275	AF-0000000210832143	shard_438_batch_2.tar	47763968	148620	1295747072	1570465
15241	209	AF-0000000209937796	shard_1022_batch_2.tar	21172736	227277	934727680	3708562
15241	2098	AF-0000000210500186	shard_428_batch_4.tar	50231808	145494	1635834880	1459407
15241	5041	AF-0000000211111883	shard_908_batch_2.tar	45110784	165406	1029344256	1954081
15241	6656	AF-0000000211633238	shard_420_batch_4.tar	57396224	139781	751458304	1388356
15241	6657	AF-0000000211633249	shard_416_batch_3.tar	19260416	138760	1390424576	1349631
15241	14461	AF-0000000211856447	shard_968_batch_2.tar	2298368	197769	637904896	2770990
15241	14982	AF-0000000211876133	shard_332_batch_3.tar	44886016	98971	645293056	635351
15241	15352	AF-0000000211877194	shard_416_batch_3.tar	101002240	138315	1481597952	1321593
15243	2359	AF-0000000203944523	shard_400_batch_1.tar	113586176	126779	1328953344	1061881
15245	6820	AF-0000000211634753	shard_444_batch_2.tar	79925248	154116	1907776512	1731238
15245	7562	AF-0000000211653402	shard_336_batch_2.tar	85833728	97824	245495808	688699
15247	433	AF-0000000209941041	shard_1066_batch_1.tar	247714304	262789	4282390016	4495763
15247	1873	AF-0000000203863502	shard_284_batch_1.tar	404480	81224	208999424	443521
15247	6237	AF-0000000203863507	shard_296_batch_1.tar	12999168	85933	586262528	489296
15247	7744	AF-0000000211660461	shard_898_batch_1.tar	123939840	162622	1137805312	1768682
15247	7767	AF-0000000203863489	shard_960_batch_0.tar	103781376	186178	2855670272	2621471
15247	7926	AF-0000000203863485	shard_926_batch_0.tar	28353024	170455	346519552	2029427
15247	9734	AF-0000000203863498	shard_418_batch_1.tar	62339072	137927	345799168	1282144
15247	9779	AF-0000000203863494	shard_408_batch_1.tar	114134528	130571	895037440	1176603
15247	9955	AF-0000000203863497	shard_406_batch_1.tar	59542528	130009	1231733248	1173238
15247	12227	AF-0000000203863483	shard_322_batch_1.tar	46830080	95934	719278080	607881
15247	13753	AF-0000000211808903	shard_362_batch_1.tar	59501568	111940	875813376	835694
15248	6076	AF-0000000204672850	shard_962_batch_2.tar	2666496	188787	1105990144	2466373
15248	6239	AF-0000000204672849	shard_1080_batch_2.tar	34000384	283938	1506380288	5784110
15250	4341	AF-0000000203791627	shard_220_batch_0.tar	54153728	57172	143158784	216768
15250	4793	AF-0000000211084220	shard_930_batch_0.tar	69817344	170079	1889309696	2124202
15253	13852	AF-0000000204758563	shard_368_batch_4.tar	102581760	113405	777976832	860017
15254	1402	AF-0000000203587379	shard_286_batch_0.tar	36797440	82327	276187136	445724
15254	1752	AF-0000000203587389	shard_280_batch_0.tar	51104768	80821	424892928	433848
15254	2047	AF-0000000203587397	shard_280_batch_0.tar	1495552	79237	442877440	428722
15254	2548	AF-0000000210672914	shard_176_batch_0.tar	32238080	36147	110344704	73985
15254	3090	AF-0000000203587381	shard_180_batch_0.tar	23584256	40080	87099392	92511
15254	3321	AF-0000000203587396	shard_278_batch_0.tar	15456256	78414	342712832	421502
15254	3568	AF-0000000203587390	shard_286_batch_0.tar	67098624	81720	349146624	456598
15254	3767	AF-0000000203587384	shard_276_batch_0.tar	23401984	79149	502888960	401834
15254	3768	AF-0000000203587380	shard_276_batch_0.tar	76912640	78962	460328448	415023
15254	3769	AF-0000000203587386	shard_278_batch_0.tar	21295104	80232	487552512	416096
15254	3770	AF-0000000203587387	shard_278_batch_0.tar	15065600	79623	316006912	416911
15254	3771	AF-0000000203587388	shard_276_batch_0.tar	77230080	78809	310245888	398482
15254	3772	AF-0000000203587385	shard_284_batch_0.tar	2915840	81874	562458624	440002
15254	8517	AF-0000000203587395	shard_274_batch_0.tar	29968896	77856	300815872	409804
15254	14407	AF-0000000203587383	shard_278_batch_0.tar	13254144	76357	377293312	423281
15254	15063	AF-0000000203587392	shard_282_batch_0.tar	33017344	80086	419629568	435206
15254	15164	AF-0000000203587394	shard_274_batch_0.tar	15335936	78177	431286272	403230
15254	15335	AF-0000000211877198	shard_182_batch_0.tar	12443136	40439	91838976	98029
15256	1095	AF-0000000210204887	shard_1056_batch_0.tar	247010304	234009	913200128	4038000
15256	2774	AF-0000000210720990	shard_898_batch_0.tar	121813504	159621	1540710400	1701886
15256	4831	AF-0000000211087561	shard_420_batch_0.tar	61861888	135423	626728448	1224221
15256	4981	AF-0000000211105153	shard_426_batch_0.tar	48115200	139789	1318887936	1300186
15256	6766	AF-0000000211634294	shard_442_batch_0.tar	12451840	149298	750826496	1460659
15256	8749	AF-0000000211690680	shard_912_batch_0.tar	61168640	166476	2061620736	1837954
15256	10321	AF-0000000211729501	shard_428_batch_0.tar	135112704	141417	1464576512	1294509
15256	11552	AF-0000000211764430	shard_894_batch_0.tar	26875392	159336	491049984	1675054
15256	13107	AF-0000000211807730	shard_432_batch_0.tar	5877248	143724	1620624384	1350294
15257	2047	AF-0000000204150736	shard_284_batch_1.tar	40286720	79584	394529280	451375
15257	2581	AF-0000000204150731	shard_178_batch_0.tar	13163520	37403	105003520	86983
15257	2643	AF-0000000204150740	shard_178_batch_0.tar	16530432	36869	96225280	83751
15257	2789	AF-0000000204150739	shard_178_batch_0.tar	3003392	37439	100867072	86880
15257	3321	AF-0000000204150735	shard_280_batch_1.tar	24853504	78947	502122496	430273
15257	3419	AF-0000000210890412	shard_178_batch_0.tar	3875840	37167	129488384	82974
15257	7706	AF-0000000204150732	shard_178_batch_0.tar	13437952	37336	139784192	87036
15257	8517	AF-0000000204150734	shard_278_batch_1.tar	74416128	78202	383947264	422612
15257	14407	AF-0000000204150721	shard_282_batch_1.tar	10836480	76590	175019520	438062
15257	14525	AF-0000000204150718	shard_270_batch_1.tar	11939840	73762	196892672	391963
15258	2576	AF-0000000210679669	shard_912_batch_1.tar	128653312	166747	1886841856	2112466
15258	12964	AF-0000000203955859	shard_908_batch_1.tar	101116416	165623	623336448	2003643
15260	12106	AF-0000000203867576	shard_966_batch_0.tar	8249344	192037	2253509632	2743433
15261	3537	AF-0000000210924526	shard_368_batch_0.tar	16406016	112611	507802112	903297
15261	4256	AF-0000000211019855	shard_368_batch_0.tar	41812480	112430	1068060160	904754
15262	377	AF-0000000209940199	shard_976_batch_2.tar	98624000	193883	1173729792	2826777
15262	5801	AF-0000000204557969	shard_980_batch_1.tar	55847936	193778	2461616640	2904087
15262	6190	AF-0000000211620737	shard_916_batch_2.tar	9042432	168528	749042688	1879264
15262	6256	AF-0000000211622312	shard_964_batch_1.tar	68711936	186115	1311604736	2397912
15263	2942	AF-0000000210756705	shard_1006_batch_1.tar	19991552	211684	2485428736	3275529
15264	2942	AF-0000000210756706	shard_1004_batch_1.tar	131542528	211210	2644337664	3197791
15264	6544	AF-0000000204434476	shard_1040_batch_1.tar	184666112	236450	1287939584	3964136
15266	261	AF-0000000209938276	shard_1186_batch_0.tar	119849472	395475	1244341248	10860583
15266	621	AF-0000000210026081	shard_1176_batch_0.tar	158075392	365252	8225908736	9228444
15266	1020	AF-0000000210204287	shard_1186_batch_0.tar	53502976	401689	4224224256	10896910
15266	1797	AF-0000000210453539	shard_1072_batch_0.tar	178236416	264963	3984211968	5125197
15266	1885	AF-0000000210455111	shard_1086_batch_0.tar	9581056	283603	3473544192	5678365
15266	2070	AF-0000000210499548	shard_1168_batch_0.tar	175142912	341342	6604811776	8318596
15266	2071	AF-0000000210499624	shard_1164_batch_0.tar	137153536	334501	8163543552	7940701
15266	2954	AF-0000000210758368	shard_1034_batch_0.tar	214862336	228219	1933950976	3700416
15266	4585	AF-0000000211059647	shard_1034_batch_0.tar	80205312	229064	3991624192	3724690
15266	4863	AF-0000000211091865	shard_1130_batch_0.tar	83800064	292209	5951279616	6025725
15266	5430	AF-0000000211286648	shard_1164_batch_0.tar	147299328	334513	4468625920	7659931
15266	6110	AF-0000000211606876	shard_1186_batch_0.tar	41759744	396817	616643584	11667695
15266	6686	AF-0000000211633529	shard_1074_batch_0.tar	58892288	266170	1556461056	5075342
15266	6730	AF-0000000211633924	shard_1036_batch_0.tar	14085120	229701	3619111936	3767036
15266	7767	AF-0000000211660719	shard_1164_batch_0.tar	66795008	328695	8277810176	7900891
15266	8199	AF-0000000211679279	shard_1096_batch_0.tar	139748864	314469	6562823680	6996759
15266	8999	AF-0000000211692102	shard_1132_batch_0.tar	19041280	289573	5262828032	5873167
15266	13271	AF-0000000211808082	shard_1082_batch_0.tar	95330304	277289	1962340864	5409600
15266	14815	AF-0000000211868901	shard_1184_batch_0.tar	169688064	388912	3520983552	10326077
15266	14942	AF-0000000211876104	shard_1130_batch_0.tar	107405312	290744	5900518400	6047580
15268	4141	AF-0000000210999597	shard_962_batch_0.tar	49845248	188145	2485282304	2605293
15268	4186	AF-0000000203631227	shard_966_batch_0.tar	174266880	191779	1564469760	2662504
15268	9731	AF-0000000211695732	shard_1076_batch_0.tar	106346496	273442	1777391616	5382588
15268	9851	AF-0000000211696341	shard_1086_batch_0.tar	167924224	290590	3784708096	6014983
15268	10091	AF-0000000203631215	shard_1120_batch_0.tar	110699520	289259	2341359616	6035625
15268	10717	AF-0000000203631216	shard_1082_batch_0.tar	46970880	281994	684002816	5869123
15268	11772	AF-0000000203631214	shard_1076_batch_0.tar	186450944	273717	5443614208	5627650
15268	13988	AF-0000000203631231	shard_984_batch_0.tar	142725120	200276	1419503104	2915942
15268	14272	AF-0000000203631220	shard_1064_batch_0.tar	232399360	258362	1895330304	5015385
15269	7360	AF-0000000211649472	shard_424_batch_4.tar	17672192	144210	1606590464	1311790
15269	14770	AF-0000000211868842	shard_212_batch_3.tar	2053632	54614	165028864	183806
15270	15130	AF-0000000203966790	shard_972_batch_0.tar	86942208	194195	1162920960	2793495
15272	15148	AF-0000000204625983	shard_998_batch_2.tar	34510848	209905	272785408	3212943
15277	692	AF-0000000210031415	shard_998_batch_0.tar	139970048	203695	1333326848	2972636
15278	6871	AF-0000000203759964	shard_438_batch_1.tar	121948160	145804	1615089152	1500269
15279	5714	AF-0000000211289395	shard_1067_batch_0.tar	73158656	255891	1085690368	4633283
15279	9424	AF-0000000205105328	shard_374_batch_4.tar	8316416	114375	437822464	898707
15282	3832	AF-0000000203988570	shard_216_batch_0.tar	43456000	55820	222285824	198921
15282	13829	AF-0000000203988571	shard_288_batch_1.tar	30533120	82886	237388800	444665
15282	15149	AF-0000000203988567	shard_398_batch_2.tar	53488128	127183	923485696	1109635
15284	6592	AF-0000000211632603	shard_1000_batch_1.tar	54899712	210510	2809837056	3196295
15284	11754	AF-0000000211765372	shard_896_batch_1.tar	140267008	162593	1425852928	1885274
15285	2563	AF-0000000210677169	shard_384_batch_1.tar	44416512	121112	1124704256	1044112
15285	2647	AF-0000000203737018	shard_332_batch_0.tar	80984064	98633	486020608	657595
15285	2681	AF-0000000203737052	shard_344_batch_0.tar	23502848	102811	310694912	717774
15285	4125	AF-0000000203736983	shard_396_batch_1.tar	1380352	128861	1276903424	1152971
15285	4144	AF-0000000203736998	shard_384_batch_1.tar	20387328	120586	1119668736	1026156
15285	4238	AF-0000000203737039	shard_242_batch_0.tar	53617152	65716	379197440	273557
15285	4286	AF-0000000203737035	shard_268_batch_0.tar	6673408	74666	287691264	365628
15285	6933	AF-0000000211636321	shard_978_batch_0.tar	80445952	198554	3009327616	2718491
15285	7578	AF-0000000211653528	shard_440_batch_1.tar	48601600	150629	839322624	1550556
15285	7789	AF-0000000203736993	shard_350_batch_0.tar	54458368	106351	308075008	777464
15285	7831	AF-0000000211663741	shard_394_batch_1.tar	56528384	125884	1130027008	1120760
15285	8646	AF-0000000203737000	shard_880_batch_0.tar	90633216	152171	1271009280	1495235
15285	10193	AF-0000000203736980	shard_944_batch_0.tar	24450048	184425	501661696	2371662
15285	11107	AF-0000000203737011	shard_382_batch_0.tar	108260352	120015	613386240	984477
15285	11347	AF-0000000203736999	shard_386_batch_1.tar	33907200	121763	1232937472	1046488
15285	11754	AF-0000000211765373	shard_396_batch_1.tar	43291136	126728	724879360	1109784
15285	12002	AF-0000000203736988	shard_372_batch_0.tar	5684736	116101	681557504	935003
15285	12082	AF-0000000203736994	shard_356_batch_0.tar	3044352	109611	504888832	786101
15285	13131	AF-0000000203737066	shard_440_batch_1.tar	119070208	150987	1608236544	1589022
15285	13729	AF-0000000203737051	shard_358_batch_0.tar	73954816	109752	814318080	767538
15285	14741	AF-0000000203736986	shard_354_batch_0.tar	8330752	107748	969853952	808213
15289	2712	AF-0000000203906595	shard_436_batch_1.tar	104630272	146737	1441688576	1496693
15289	3028	AF-0000000210779118	shard_996_batch_1.tar	205326848	204236	2232548864	3202381
15289	4912	AF-0000000211098454	shard_426_batch_1.tar	26036224	140368	809206784	1401126
15289	4928	AF-0000000203906594	shard_428_batch_1.tar	52967936	140731	927790080	1433086
15289	6394	AF-0000000211630616	shard_920_batch_1.tar	96451584	173854	893742080	2184688
15289	6442	AF-0000000203906588	shard_438_batch_1.tar	144102400	148674	366072320	1531331
15289	7041	AF-0000000211638622	shard_394_batch_1.tar	114002432	123007	934661120	1090818
15289	7115	AF-0000000211639254	shard_406_batch_1.tar	104461824	132236	1286347776	1217321
15289	9946	AF-0000000211696876	shard_882_batch_0.tar	120053248	152084	1098245632	1691312
15289	14944	AF-0000000203906589	shard_974_batch_1.tar	115367936	192042	2058856960	2844339
15289	15395	AF-0000000203906568	shard_396_batch_1.tar	4031488	122557	491536896	1096198
15290	2359	AF-0000000203832641	shard_926_batch_0.tar	167163392	173494	2163702272	2175429
15290	10959	AF-0000000203832639	shard_1032_batch_0.tar	175476224	235958	2553199104	4063983
15290	14797	AF-0000000203832637	shard_926_batch_0.tar	134003712	176185	861007872	2155491
15291	4210	AF-0000000204601745	shard_386_batch_3.tar	18187264	119977	824005120	1069391
15291	4366	AF-0000000204601750	shard_406_batch_3.tar	112921600	130251	937834496	1254432
15291	15269	AF-0000000211877202	shard_390_batch_3.tar	66421760	122203	879963136	1117681
15292	8129	AF-0000000204805124	shard_416_batch_4.tar	120813568	139207	393227264	1364205
15292	14133	AF-0000000204805145	shard_976_batch_2.tar	77681664	198558	252638720	2958642
15293	11550	AF-0000000211764428	shard_440_batch_4.tar	25611264	153242	1131405824	1702017
15293	12456	AF-0000000211805858	shard_440_batch_4.tar	129447936	153321	1554526208	1694564
15296	413	AF-0000000204061360	shard_440_batch_2.tar	20966912	146206	1025184768	1671409
15296	1739	AF-0000000204061356	shard_362_batch_1.tar	79014912	109310	316994560	830495
15296	3538	AF-0000000204061352	shard_356_batch_1.tar	19473920	105136	701538304	787231
15296	10355	AF-0000000204061359	shard_318_batch_1.tar	73470976	91876	248064512	545908
15297	4377	AF-0000000203511083	shard_378_batch_0.tar	50472448	119951	1126963200	986031
15298	3810	AF-0000000203511171	shard_370_batch_0.tar	42079744	116389	936279040	901241
15298	3811	AF-0000000203511172	shard_374_batch_0.tar	37196288	118201	475098624	943672
15298	4163	AF-0000000203511174	shard_354_batch_0.tar	102571520	110264	334332928	818742
15298	4308	AF-0000000203511170	shard_356_batch_0.tar	86190592	111104	354311680	847857
15298	4377	AF-0000000203511173	shard_354_batch_0.tar	6610944	110711	796623872	815829
15298	14989	AF-0000000203511169	shard_340_batch_0.tar	33184768	103844	208759808	725763
15302	10645	AF-0000000211744571	shard_1064_batch_0.tar	206689792	259876	2704462848	5008617
15304	3572	AF-0000000203952367	shard_1060_batch_1.tar	26088960	248132	2878644736	4300849
15306	422	AF-0000000204251235	shard_380_batch_2.tar	89651712	120487	790027264	954525
15306	1208	AF-0000000204251212	shard_1062_batch_1.tar	164136448	262302	4485964800	4786657
15306	5356	AF-0000000204251154	shard_906_batch_1.tar	156159488	170599	1359117824	1885074
15306	5638	AF-0000000204251195	shard_1032_batch_1.tar	98102272	233141	823973376	3472690
15306	5651	AF-0000000211288651	shard_924_batch_1.tar	77990912	177319	1685859328	2161658
15306	5953	AF-0000000211575846	shard_426_batch_3.tar	716800	147794	1005963264	1330359
15306	7767	AF-0000000204251163	shard_1026_batch_1.tar	75534336	227199	2290094080	3653953
15306	7778	AF-0000000204251171	shard_358_batch_2.tar	91376640	111037	280182272	770097
15306	8891	AF-0000000204251200	shard_444_batch_3.tar	38609408	158127	1436115456	1566594
15306	9105	AF-0000000204251161	shard_428_batch_3.tar	46833664	148090	677012480	1376187
15306	10585	AF-0000000204251164	shard_368_batch_2.tar	37660672	116286	416267776	839843
15306	11754	AF-0000000211765377	shard_894_batch_1.tar	156601856	166856	416532480	1864471
15306	12256	AF-0000000204251194	shard_1132_batch_0.tar	229652992	299506	3181976064	6426543
15306	12482	AF-0000000204251188	shard_402_batch_3.tar	44071936	132291	1385379840	1090913
15306	13443	AF-0000000211808420	shard_390_batch_2.tar	49088512	125369	338121728	1005033
15306	13628	AF-0000000204251181	shard_928_batch_1.tar	116323840	178034	2121492480	2188056
15306	13756	AF-0000000204251179	shard_950_batch_1.tar	24273408	187722	2587758592	2335560
15307	11754	AF-0000000211765378	shard_994_batch_1.tar	189264384	208814	622252032	3097708
15307	14721	AF-0000000211868795	shard_1044_batch_1.tar	140938240	242549	580080640	4000243
15308	2	AF-0000000203712835	shard_364_batch_0.tar	17289728	112154	630001152	879596
15308	156	AF-0000000203712834	shard_364_batch_0.tar	77051904	112323	908636160	871306
15308	940	AF-0000000203712833	shard_380_batch_0.tar	5949952	119861	1177717248	1010243
15308	1323	AF-0000000203712832	shard_380_batch_0.tar	100635136	119820	674894848	999735
15308	1349	AF-0000000203712830	shard_370_batch_0.tar	86124544	116100	967723520	943316
15308	1350	AF-0000000203712831	shard_372_batch_0.tar	11942912	116579	996100096	952660
15308	7373	AF-0000000204853960	shard_977_batch_0.tar	40284160	194922	3056497664	2697274
15309	1939	AF-0000000204622922	shard_388_batch_3.tar	29423616	123231	619021824	1053820
15309	2324	AF-0000000204622921	shard_382_batch_3.tar	86574080	119688	1103088640	1037926
15309	2901	AF-0000000204622923	shard_378_batch_3.tar	19084800	118836	1167950336	995831
15309	2941	AF-0000000204622925	shard_376_batch_3.tar	91352576	117233	1024992256	986337
15311	2974	AF-0000000203961265	shard_1012_batch_1.tar	142273536	214220	2238678528	3368541
15311	5225	AF-0000000203961270	shard_966_batch_1.tar	69576704	190396	1413515776	2727302
15311	8565	AF-0000000203961269	shard_954_batch_1.tar	31642624	185484	1188431872	2586633
15311	8903	AF-0000000211691409	shard_948_batch_1.tar	6804480	182116	2530201088	2515725
15311	10855	AF-0000000211745525	shard_1034_batch_1.tar	68096512	231118	4209255424	4142082
15311	14445	AF-0000000211856426	shard_1006_batch_1.tar	197953024	209783	1324980224	3293603
15311	15262	AF-0000000203961268	shard_962_batch_1.tar	151460352	187261	1331309568	2659226
15313	2295	AF-0000000204048618	shard_266_batch_1.tar	51269120	74092	176029696	368249
15313	13764	AF-0000000204048601	shard_292_batch_1.tar	77966848	83436	381238784	468847
15315	3613	AF-0000000203493845	shard_422_batch_0.tar	110183424	139560	636555776	1381350
15315	14879	AF-0000000203493838	shard_426_batch_0.tar	118062080	144116	416669184	1393833
15318	545	AF-0000000203621736	shard_350_batch_0.tar	98467840	101801	314278400	757983
15318	8465	AF-0000000203621732	shard_440_batch_0.tar	57331200	150278	548443648	1656145
15319	1931	AF-0000000204694531	shard_1042_batch_2.tar	66390528	238833	238659072	4197567
15319	7174	AF-0000000204694548	shard_1167_batch_0.tar	41631232	345423	1219662336	8708029
15319	13475	AF-0000000204694532	shard_1076_batch_2.tar	115091968	273710	2683353088	5497675
15320	2888	AF-0000000203538085	shard_1002_batch_0.tar	184813056	201825	1741962240	3076478
15320	4990	AF-0000000203538078	shard_1030_batch_0.tar	103194112	218636	600137216	3651401
15320	5320	AF-0000000211285517	shard_1062_batch_0.tar	111872512	249095	3645849088	4507169
15320	11611	AF-0000000203538081	shard_1038_batch_0.tar	108234240	224586	2534985728	3843387
15320	11842	AF-0000000203538087	shard_1034_batch_0.tar	124691456	223322	1918390784	3731571
15320	12426	AF-0000000203538086	shard_1010_batch_0.tar	6260224	205808	2505348096	3233683
15320	12531	AF-0000000203538073	shard_1006_batch_0.tar	155672576	202014	2536793088	3190326
15320	12955	AF-0000000203538080	shard_1036_batch_0.tar	130651136	224312	2352189952	3809338
15320	13059	AF-0000000211807606	shard_1040_batch_0.tar	158795264	227010	2951146496	3912349
15320	15235	AF-0000000211877189	shard_1082_batch_0.tar	187128832	269748	4529762304	5638929
15323	1782	AF-0000000210453261	shard_318_batch_4.tar	56956416	92066	583053312	596449
15323	2407	AF-0000000205109449	shard_360_batch_4.tar	46322688	108085	628835328	863604
15323	14996	AF-0000000211876147	shard_296_batch_4.tar	69354496	82406	422974464	486566
15324	788	AF-0000000203555567	shard_1056_batch_0.tar	233391104	252287	3594390016	4450928
15324	3016	AF-0000000203555565	shard_1040_batch_0.tar	55227392	238226	1807510016	4020657
15324	4632	AF-0000000203555582	shard_1144_batch_0.tar	273951744	310369	2416875520	6572501
15324	4714	AF-0000000211068555	shard_1166_batch_0.tar	173115904	343077	8200990208	7807946
15324	4969	AF-0000000211103212	shard_1132_batch_0.tar	167574016	296979	1249203200	6220544
15324	5052	AF-0000000211112978	shard_1020_batch_0.tar	70423552	224150	2543278592	3454786
15324	5568	AF-0000000211287804	shard_1046_batch_0.tar	242245120	244333	1728018432	4157582
15324	6506	AF-0000000211631687	shard_1058_batch_0.tar	94083072	255797	2091764224	4438830
15324	7538	AF-0000000203555554	shard_1052_batch_0.tar	242042368	249336	4304861696	4219937
15324	9238	AF-0000000211693465	shard_1118_batch_0.tar	17448960	286519	2956149760	5907164
15324	10786	AF-0000000203555568	shard_1072_batch_0.tar	97361920	270781	3815971328	4916834
15324	12531	AF-0000000203555575	shard_976_batch_0.tar	68671488	197469	2171893248	2713389
15324	12811	AF-0000000203555585	shard_988_batch_0.tar	140203008	204622	999512064	2831461
15324	14895	AF-0000000203555578	shard_1052_batch_0.tar	181707776	248827	2355781632	4248661
15324	15095	AF-0000000203555555	shard_1118_batch_0.tar	96091136	288230	6131227648	5750509
15324	15107	AF-0000000203555563	shard_1020_batch_0.tar	65507840	223525	3336178688	3474661
15324	15149	AF-0000000203555558	shard_1064_batch_0.tar	98284032	259412	4179445760	4632242
15324	15282	AF-0000000203555584	shard_988_batch_0.tar	89710592	204514	632402944	2890768
15325	14521	AF-0000000211868587	shard_1024_batch_0.tar	30971904	228760	3110127616	3718128
15326	154	AF-0000000209730791	shard_380_batch_3.tar	22321664	121016	891492864	1014211
15326	1874	AF-0000000210454784	shard_402_batch_3.tar	92581888	132625	297948672	1221920
15326	3466	AF-0000000210902511	shard_378_batch_3.tar	30591488	119986	950475264	1002555
15326	3467	AF-0000000210902519	shard_380_batch_3.tar	63547904	120752	497892352	1025044
15326	8209	AF-0000000211679347	shard_880_batch_1.tar	105858560	153852	1719287808	1623590
15326	9597	AF-0000000211695167	shard_402_batch_3.tar	82165760	131309	858463232	1189536
15326	9707	AF-0000000211695663	shard_408_batch_3.tar	124563456	135107	1120675840	1258373
15326	10060	AF-0000000211697457	shard_400_batch_3.tar	101096960	131433	1349647360	1188213
15326	13210	AF-0000000211807959	shard_362_batch_3.tar	46718464	112549	888115200	886366
15326	13581	AF-0000000211808632	shard_400_batch_3.tar	55782400	131923	1065674240	1213413
15326	14914	AF-0000000211868982	shard_402_batch_3.tar	10510848	131306	625223168	1199727
15326	15420	AF-0000000211877212	shard_382_batch_3.tar	110664704	121849	417728512	1031301
15327	1454	AF-0000000203791695	shard_1022_batch_0.tar	169123328	222979	1594461696	3421134
15327	2221	AF-0000000203791675	shard_890_batch_0.tar	123384832	160679	529039872	1759751
15327	2353	AF-0000000210575138	shard_970_batch_0.tar	113956352	193365	1558400000	2615728
15327	3030	AF-0000000210779995	shard_964_batch_0.tar	153222656	191558	1901246976	2602498
15327	3053	AF-0000000203791694	shard_1022_batch_0.tar	43728896	225428	1821977088	3454277
15327	3305	AF-0000000210845990	shard_988_batch_0.tar	86252032	203827	2576031232	2906705
15327	3593	AF-0000000203791653	shard_450_batch_1.tar	62251008	156874	315403264	1709930
15327	3601	AF-0000000203791687	shard_998_batch_0.tar	94962688	208730	1517302784	3072843
15327	3617	AF-0000000203791677	shard_414_batch_1.tar	97258496	135867	915790336	1192869
15327	4342	AF-0000000203791651	shard_438_batch_1.tar	37246976	147478	392816640	1503006
15327	4775	AF-0000000211069690	shard_984_batch_0.tar	102030848	197143	584885760	2709071
15327	5699	AF-0000000211289260	shard_906_batch_0.tar	47708160	166006	624048640	1844571
15327	6373	AF-0000000211630391	shard_430_batch_1.tar	51222016	144846	1349565440	1427785
15327	6773	AF-0000000211634415	shard_946_batch_0.tar	102011392	182197	1098414080	2328860
15327	6874	AF-0000000203791704	shard_1096_batch_0.tar	135734784	318493	5529552384	7042725
15327	6973	AF-0000000211637792	shard_450_batch_1.tar	53864448	156097	509268992	1727063
15327	6998	AF-0000000203791693	shard_946_batch_0.tar	143857152	185238	683313152	2293995
15327	7237	AF-0000000203791701	shard_1010_batch_0.tar	23803392	214251	1929574400	2981170
15327	10125	AF-0000000203791700	shard_1144_batch_0.tar	154828800	315107	6425869312	6546794
15328	2072	AF-0000000203499198	shard_1138_batch_0.tar	14912512	299916	5053479936	6719773
15328	2785	AF-0000000210724023	shard_1160_batch_0.tar	81190912	328225	6268892160	8067250
15328	2947	AF-0000000203499197	shard_1142_batch_0.tar	259910656	305175	5755180032	6920101
15328	4214	AF-0000000203499199	shard_990_batch_0.tar	108384256	203455	2058286080	3004255
15328	4587	AF-0000000203499214	shard_996_batch_0.tar	103061504	206828	1725337600	3039875
15328	5510	AF-0000000203499208	shard_1072_batch_0.tar	66953216	263298	4117277184	5042410
15328	7619	AF-0000000211654108	shard_1182_batch_0.tar	193090560	381066	3824990208	9816133
15328	8899	AF-0000000211691364	shard_1060_batch_0.tar	68819456	253835	3302508032	4768789
15328	9015	AF-0000000203499227	shard_1090_batch_0.tar	10989568	300162	5560864768	6597933
15328	10756	AF-0000000203499205	shard_1048_batch_0.tar	181473792	243404	3797739008	4238614
15328	12949	AF-0000000203499215	shard_1008_batch_0.tar	166302208	213494	1898348544	3263766
15328	13811	AF-0000000203499206	shard_998_batch_0.tar	136822784	207784	1903976960	3106961
15328	14361	AF-0000000203499204	shard_1048_batch_0.tar	16395264	243319	3178896896	4403411
15328	15095	AF-0000000203499209	shard_1128_batch_0.tar	267643904	293184	2343074304	6326050
15329	4952	AF-0000000204761826	shard_1143_batch_0.tar	206583296	300551	3371587072	6580057
15331	8038	AF-0000000203804598	shard_886_batch_0.tar	52604928	157653	1003569152	1874339
15331	10646	AF-0000000203804597	shard_448_batch_1.tar	143966208	152899	1455879168	1819137
15333	2673	AF-0000000203522139	shard_1010_batch_0.tar	71671808	216658	3276499456	3594803
15333	3738	AF-0000000203522140	shard_1008_batch_0.tar	37690368	214631	920405504	3551654
15334	3895	AF-0000000204674328	shard_1112_batch_0.tar	275914752	275796	1271471104	5679170
15334	4973	AF-0000000204674327	shard_434_batch_4.tar	100039168	146165	1063097344	1534947
15335	1402	AF-0000000210383885	shard_296_batch_0.tar	81169408	85613	646833152	492356
15335	8517	AF-0000000211681258	shard_284_batch_0.tar	9052160	81285	582485504	450656
15335	15164	AF-0000000211877147	shard_286_batch_0.tar	50839040	81808	264141312	450789
15337	3624	AF-0000000210937229	shard_976_batch_1.tar	129829888	188323	2070372352	2631024
15337	12082	AF-0000000211791909	shard_980_batch_1.tar	179444224	192317	2731479552	2682699
15337	12208	AF-0000000211792433	shard_1160_batch_0.tar	258893824	323679	6525965312	7504434
15337	15343	AF-0000000211877214	shard_974_batch_1.tar	110062592	188603	1711432192	2613526
15338	4095	AF-0000000210994554	shard_1072_batch_0.tar	92496896	272572	1482221056	5072110
15338	7811	AF-0000000211663432	shard_1116_batch_0.tar	64583680	286605	4602246144	5934254
15338	12859	AF-0000000203597845	shard_396_batch_0.tar	84792320	129069	1141793792	1098027
15339	5049	AF-0000000211112951	shard_996_batch_2.tar	90512384	202466	1521368064	2856663
15340	1744	AF-0000000210430781	shard_966_batch_2.tar	24981504	191118	1312128000	2643786
15340	3309	AF-0000000210847170	shard_960_batch_2.tar	58340864	187660	829626368	2499427
15340	3317	AF-0000000210847247	shard_963_batch_0.tar	134825984	188976	2098617344	2535769
15340	3603	AF-0000000210934926	shard_942_batch_2.tar	10907648	178560	334985216	2295690
15340	4277	AF-0000000211022974	shard_958_batch_2.tar	19254272	186430	392785920	2499309
15340	4667	AF-0000000211067994	shard_1032_batch_2.tar	111383552	230511	1580867584	3799757
15340	7450	AF-0000000211652074	shard_1163_batch_0.tar	11698688	335297	3349525504	7462744
15340	8744	AF-0000000211690649	shard_990_batch_2.tar	64452608	203800	1215117312	2919449
15340	9424	AF-0000000211694390	shard_990_batch_2.tar	79419904	202451	1185088000	2885434
15340	9893	AF-0000000211696637	shard_1034_batch_2.tar	7685632	232043	288196608	3882210
15340	9998	AF-0000000211697145	shard_960_batch_2.tar	93499904	187578	611343872	2502526
15340	11517	AF-0000000211764381	shard_1026_batch_2.tar	15267328	221081	1459254272	3529455
15341	12736	AF-0000000204675684	shard_288_batch_3.tar	27439104	80576	576026112	437679
15342	1755	AF-0000000205109001	shard_262_batch_4.tar	10694656	73899	161252352	345551
15342	2801	AF-0000000205109000	shard_433_batch_0.tar	16147456	144383	1663950336	1500431
15343	1595	AF-0000000210427908	shard_416_batch_1.tar	19150336	135595	451261440	1303745
15343	3051	AF-0000000210782209	shard_404_batch_1.tar	68390400	128973	380304896	1171644
15343	15071	AF-0000000211876203	shard_376_batch_1.tar	73389056	113673	746902016	882388
15345	9452	AF-0000000211694497	shard_408_batch_0.tar	119626240	133784	1321080832	1231247
15346	9452	AF-0000000203694445	shard_1020_batch_0.tar	34790400	225443	2335829504	3575344
15348	15347	AF-0000000204208488	shard_298_batch_1.tar	30689792	85882	504094208	484679
15350	10809	AF-0000000203536142	shard_402_batch_0.tar	123778560	131789	627807232	1146127
15352	3413	AF-0000000203588854	shard_322_batch_0.tar	85187072	95879	496942080	609054
15352	5037	AF-0000000211111485	shard_412_batch_0.tar	73607168	135004	1358127104	1294755
15353	3456	AF-0000000210900216	shard_182_batch_0.tar	8165888	41605	98922496	99913
15355	24	AF-0000000208981289	shard_330_batch_0.tar	93521920	92603	378920448	605536
15356	3222	AF-0000000204778452	shard_974_batch_2.tar	72366592	195702	944748544	2797832
15356	4210	AF-0000000204778451	shard_190_batch_3.tar	36082176	45604	148033536	114453
15356	4308	AF-0000000204778445	shard_212_batch_3.tar	28985856	55756	134567424	185756
15356	5503	AF-0000000204778422	shard_956_batch_2.tar	76201472	187997	534173184	2325362
15356	6090	AF-0000000211606748	shard_946_batch_2.tar	77886976	187700	577792000	2209551
15356	9208	AF-0000000211693228	shard_384_batch_4.tar	77494784	120104	1023701504	989038
15356	9748	AF-0000000204778453	shard_972_batch_2.tar	15794688	195583	431839744	2770828
15356	13698	AF-0000000204778454	shard_946_batch_2.tar	68732416	182359	777943552	2510572
15356	14598	AF-0000000204778439	shard_360_batch_4.tar	1659904	110387	638230016	804609
15356	14989	AF-0000000204778442	shard_196_batch_3.tar	37125632	48212	220919296	128930
15356	15027	AF-0000000204778424	shard_278_batch_3.tar	39489536	79268	301450240	421126
15357	11927	AF-0000000203621191	shard_280_batch_0.tar	20589568	77829	478704640	416748
15357	15181	AF-0000000211877160	shard_272_batch_0.tar	18735616	73829	363367936	392937
15357	15222	AF-0000000203621195	shard_272_batch_0.tar	27620352	73546	360578048	391948
15358	1521	AF-0000000203621114	shard_262_batch_0.tar	19043328	69268	386357760	358653
15358	1821	AF-0000000203621115	shard_266_batch_0.tar	25253888	70394	252098048	367594
15358	2085	AF-0000000203621110	shard_262_batch_0.tar	5595136	69994	149364224	355993
15358	8702	AF-0000000203621132	shard_308_batch_0.tar	69022720	87578	248022528	576972
15358	11999	AF-0000000203621121	shard_308_batch_0.tar	32453632	87091	588511744	567405
15358	15222	AF-0000000203621118	shard_264_batch_0.tar	62644736	70230	290682880	369095
15358	15226	AF-0000000203621144	shard_1020_batch_0.tar	167352320	221210	492769792	3341971
15358	15357	AF-0000000203621117	shard_268_batch_0.tar	63498752	72687	386955776	381959
15358	15359	AF-0000000203621116	shard_266_batch_0.tar	10253824	70584	192156672	373207
15359	1821	AF-0000000203620996	shard_268_batch_0.tar	43843072	71571	432677376	377848
15359	2086	AF-0000000203620994	shard_274_batch_0.tar	9293824	73662	536506368	404990
15359	6431	AF-0000000203620987	shard_264_batch_0.tar	1930752	70438	455220736	368151
15359	11927	AF-0000000203620990	shard_276_batch_0.tar	15504896	75938	235384320	414006
15359	14632	AF-0000000203621002	shard_946_batch_0.tar	33196032	179247	2155065856	2341492
15359	15181	AF-0000000211877162	shard_270_batch_0.tar	27794432	71938	519169536	383152
15359	15218	AF-0000000203620988	shard_278_batch_0.tar	22164992	75222	409656320	416251
15359	15222	AF-0000000203620998	shard_268_batch_0.tar	36014080	71248	242182656	379523
15359	15357	AF-0000000203620997	shard_272_batch_0.tar	25094656	74188	434653184	396028
15360	10526	AF-0000000211730518	shard_986_batch_0.tar	144902656	201738	1084164608	2906418
15361	13509	AF-0000000211808564	shard_222_batch_3.tar	9263104	58423	175221760	217970
15365	2804	AF-0000000210727424	shard_1106_batch_0.tar	181958144	283348	3187901440	5432221
15365	3157	AF-0000000210797893	shard_1118_batch_0.tar	6003200	290858	1246899200	5839469
15365	4714	AF-0000000211068556	shard_1186_batch_0.tar	29255680	414521	2506284032	11345520
15365	7607	AF-0000000211653934	shard_1186_batch_0.tar	155416576	412063	1815340544	11479562
15365	7850	AF-0000000211663990	shard_1086_batch_0.tar	152786944	293905	6231065088	5938340
15365	8093	AF-0000000211675012	shard_1184_batch_0.tar	102856704	397807	1246123008	10573880
15365	8388	AF-0000000211680456	shard_1098_batch_0.tar	111032320	334022	3005278208	7585530
15365	11705	AF-0000000211764897	shard_1186_batch_0.tar	178057728	412066	932053504	11627323
15372	2930	AF-0000000210754518	shard_438_batch_1.tar	70915072	152085	676679168	1532323
15372	6552	AF-0000000203886882	shard_954_batch_1.tar	92995072	191220	1722227712	2649475
15375	7789	AF-0000000203714660	shard_1030_batch_0.tar	206946304	230596	753671680	3775095
15377	15383	AF-0000000204023842	shard_1002_batch_1.tar	135971328	213407	1836652032	3173101
15379	6573	AF-0000000211632294	shard_378_batch_4.tar	107673088	117928	1117994496	993558
15379	8413	AF-0000000211680569	shard_312_batch_4.tar	82838016	90901	565240832	549351
15381	10368	AF-0000000211729681	shard_1130_batch_0.tar	35600896	299127	3979108352	6227228
15381	11564	AF-0000000211764459	shard_1130_batch_0.tar	33554432	297765	1011474944	6157520
15381	15382	AF-0000000204023884	shard_972_batch_1.tar	53778944	199029	477699072	2609289
15383	8156	AF-0000000211678818	shard_1022_batch_1.tar	218856448	227755	1904767488	3619118
15385	2071	AF-0000000210499625	shard_1010_batch_1.tar	185408512	214423	898967040	3179278
15385	4585	AF-0000000211059649	shard_364_batch_1.tar	22701056	108812	755032064	809970
15385	6730	AF-0000000211633926	shard_366_batch_1.tar	114176	109860	815694336	821844
15385	10320	AF-0000000211729492	shard_890_batch_1.tar	51185664	159595	1234776576	1822812
15386	14351	AF-0000000203983310	shard_1004_batch_1.tar	166515712	213049	2968245760	3024803
15387	4082	AF-0000000210993705	shard_890_batch_1.tar	12439040	161601	1462811648	1853850
15387	6412	AF-0000000211630767	shard_366_batch_1.tar	90079744	114339	360770048	894660
15387	6855	AF-0000000211635238	shard_952_batch_1.tar	23977984	187383	1637490688	2376211
15387	9955	AF-0000000211696919	shard_396_batch_2.tar	116525568	124792	279012352	1104068
15387	10511	AF-0000000211730447	shard_896_batch_1.tar	19899904	164437	729496576	1871268
15387	11255	AF-0000000211752118	shard_430_batch_2.tar	98070528	143456	354635776	1424188
15387	14881	AF-0000000211868945	shard_446_batch_2.tar	18979840	156628	684391424	1725101
15387	15167	AF-0000000211877149	shard_418_batch_2.tar	96637952	134640	1106917376	1310755
15388	10511	AF-0000000211730448	shard_946_batch_1.tar	78986240	180132	1216784896	2337620
15388	11255	AF-0000000211752119	shard_900_batch_1.tar	118878720	158413	2052196352	1823817
15388	14881	AF-0000000211868946	shard_930_batch_1.tar	12739072	172318	1681711104	2178496
15389	673	AF-0000000210026478	shard_1072_batch_1.tar	157926400	265578	1086472704	4955603
15394	1269	AF-0000000204103188	shard_420_batch_2.tar	6975488	141346	741963776	1357805
15394	2679	AF-0000000204103134	shard_400_batch_2.tar	47938560	132213	1270756352	1189883
15394	9382	AF-0000000211694203	shard_916_batch_1.tar	22532608	171409	1023057920	2134076
15394	11281	AF-0000000204103079	shard_904_batch_1.tar	111704064	171274	906175488	2036306
15395	3468	AF-0000000203541367	shard_970_batch_0.tar	129277440	193507	1737383424	2679777
15396	1617	AF-0000000210428278	shard_266_batch_0.tar	32426496	72546	433025024	362578
15396	1842	AF-0000000203549319	shard_254_batch_0.tar	10037248	69234	291504640	303333
15396	4132	AF-0000000203549324	shard_224_batch_0.tar	11799040	58735	247904256	224366
15396	10826	AF-0000000203549323	shard_224_batch_0.tar	5851648	59047	325157888	220763
15396	11381	AF-0000000203549325	shard_226_batch_0.tar	55288832	59357	265081856	231976
15396	12540	AF-0000000203549326	shard_228_batch_0.tar	51999232	59834	190773760	238997
15397	3	AF-0000000208968717	shard_396_batch_1.tar	84072960	125072	704804352	1091126
15397	6048	AF-0000000203771321	shard_402_batch_1.tar	75698688	128280	1368605696	1167004
15397	8000	AF-0000000203771377	shard_946_batch_0.tar	179628544	184904	1341274624	2481435
15397	9565	AF-0000000203771339	shard_994_batch_0.tar	41452544	205194	3390483968	3233186
15397	9848	AF-0000000203771333	shard_440_batch_1.tar	26118656	151772	1238878720	1648886
15397	9933	AF-0000000203771337	shard_984_batch_0.tar	122630144	200360	2656181248	3057552
15397	13237	AF-0000000211808023	shard_1018_batch_0.tar	3118592	224815	1271591424	3714039
15397	15398	AF-0000000203771338	shard_994_batch_0.tar	65892864	205317	957410816	3228175
15398	3	AF-0000000208968718	shard_404_batch_1.tar	914944	127523	935140864	1164765
15398	1341	AF-0000000203781518	shard_948_batch_0.tar	125638144	185002	2174612480	2532077
15398	5922	AF-0000000203781479	shard_388_batch_1.tar	56566784	121030	845237760	1038194
15398	8520	AF-0000000203781498	shard_950_batch_0.tar	137745408	185069	418434560	2590146
15398	9848	AF-0000000203781482	shard_444_batch_1.tar	126674432	154537	1273026048	1734072
15398	13237	AF-0000000211808024	shard_1024_batch_0.tar	190587904	227557	514975744	3894679
15399	3549	AF-0000000210929126	shard_1044_batch_1.tar	211147776	242546	1227525632	4208558
15399	7918	AF-0000000211674120	shard_1036_batch_1.tar	64575488	235853	2982415872	4173298
15399	9084	AF-0000000211692496	shard_908_batch_2.tar	29938688	167757	665292800	2064462
15399	10379	AF-0000000211729722	shard_1036_batch_1.tar	134437376	235219	3049142272	4001036
15399	11142	AF-0000000211751856	shard_992_batch_2.tar	54231040	206581	401186304	3106425
15399	11953	AF-0000000211791295	shard_914_batch_2.tar	81599488	169961	423505408	2078803
15399	13739	AF-0000000211808864	shard_1024_batch_1.tar	48204800	223845	474247168	3709168
15399	13862	AF-0000000211809080	shard_1150_batch_0.tar	292761600	315291	7098423808	7871726
15399	14332	AF-0000000211856311	shard_940_batch_2.tar	77874176	178722	1088060416	2315826
15401	1979	AF-0000000210473761	shard_406_batch_3.tar	125105664	134610	923545088	1218862
15401	2438	AF-0000000210609791	shard_406_batch_2.tar	66867200	134000	352485376	1210981
15401	3699	AF-0000000210951419	shard_406_batch_3.tar	93568512	133503	503258624	1208294
15401	4294	AF-0000000211027007	shard_418_batch_3.tar	76731904	138826	1102660096	1360814
15401	5121	AF-0000000211160970	shard_368_batch_2.tar	66017280	112872	615488000	904908
15401	9141	AF-0000000211692772	shard_374_batch_2.tar	19496960	117632	880018944	952730
15402	2829	AF-0000000210732781	shard_414_batch_3.tar	113210368	138046	1064697344	1285202
15402	4294	AF-0000000211027008	shard_426_batch_3.tar	6308864	143573	817470976	1374199
15403	2014	AF-0000000210474427	shard_1086_batch_0.tar	106104320	290102	620359680	5919088
15403	3137	AF-0000000210796219	shard_1096_batch_0.tar	137816064	322414	7019198464	7491632
15403	4141	AF-0000000210999599	shard_926_batch_0.tar	172778496	173082	403302912	2137147
15403	4449	AF-0000000211048316	shard_1012_batch_0.tar	202002432	216595	2799588352	3375225
15403	5436	AF-0000000211286681	shard_948_batch_0.tar	138758144	182872	2416241152	2340554
15403	5613	AF-0000000211288205	shard_1158_batch_0.tar	306825216	319066	2722902528	7404133
15403	6127	AF-0000000211607263	shard_1004_batch_0.tar	44792320	209484	1862464512	3065706
15403	9448	AF-0000000211694487	shard_1076_batch_0.tar	72589824	272036	3803516416	5140184
15403	10905	AF-0000000211745841	shard_1008_batch_0.tar	153413120	213387	927233536	3178635
15403	12229	AF-0000000211792485	shard_992_batch_0.tar	45740544	204011	1774244352	2930961
15403	15102	AF-0000000211876214	shard_1086_batch_0.tar	18568192	286947	3263575040	5874762
15404	10211	AF-0000000203619979	shard_278_batch_0.tar	42118656	80675	408827904	417460
15405	4793	AF-0000000211084221	shard_982_batch_0.tar	9999360	193484	3141916672	2703552
15405	6999	AF-0000000203809381	shard_954_batch_0.tar	169581056	184237	2805689344	2451500
15406	157	AF-0000000203960375	shard_906_batch_1.tar	28419584	167163	783243776	2052032
15407	1058	AF-0000000203779257	shard_906_batch_0.tar	121604096	164744	1318348288	1961857
15407	3388	AF-0000000203779220	shard_344_batch_1.tar	57257984	103627	697266688	736528
15407	8651	AF-0000000203779229	shard_282_batch_0.tar	51583488	79024	200897024	402863
15407	14623	AF-0000000203779255	shard_262_batch_0.tar	3532288	71808	208519168	344125
15410	7906	AF-0000000204679237	shard_340_batch_3.tar	13656576	100772	533358080	724114
15412	201	AF-0000000203929024	shard_888_batch_1.tar	51603968	153532	962685952	1726872
15412	533	AF-0000000203929038	shard_444_batch_2.tar	97525248	151516	1321063424	1618363
15412	2285	AF-0000000210547178	shard_912_batch_1.tar	34220544	159258	1070633984	1896507
15412	2360	AF-0000000203929021	shard_434_batch_1.tar	39358976	144779	1789640704	1463832
15412	2833	AF-0000000203929022	shard_428_batch_1.tar	114158592	140685	1668432896	1399446
15412	3473	AF-0000000210904334	shard_1016_batch_1.tar	108769280	216521	1460803584	3158826
15412	3719	AF-0000000203929033	shard_906_batch_1.tar	80515584	161333	2030157312	1867271
15412	5385	AF-0000000203929026	shard_880_batch_0.tar	2298880	149551	1282319360	1580461
15412	5933	AF-0000000203929037	shard_442_batch_1.tar	134109696	148411	854471680	1563122
15412	6649	AF-0000000203929019	shard_440_batch_2.tar	54885376	146821	824364032	1546385
15412	6755	AF-0000000203929031	shard_432_batch_1.tar	17068032	143910	946490368	1443243
15412	6789	AF-0000000203929040	shard_428_batch_1.tar	98931200	141718	979796992	1412538
15412	6846	AF-0000000203929032	shard_428_batch_1.tar	68460032	143196	1088219648	1416637
15412	7023	AF-0000000211638357	shard_448_batch_2.tar	92662272	151242	721774592	1655655
15412	7284	AF-0000000203929029	shard_438_batch_2.tar	75732992	146032	1242147328	1512638
15412	7285	AF-0000000203929028	shard_446_batch_2.tar	138982912	153686	1986281472	1640713
15412	7659	AF-0000000203929030	shard_974_batch_1.tar	61906432	178798	1129162752	2525771
15412	10278	AF-0000000203929039	shard_428_batch_1.tar	121045504	142984	584478208	1412265
15412	11013	AF-0000000203929025	shard_438_batch_2.tar	135309824	146938	618748416	1530992
15412	13156	AF-0000000203929023	shard_436_batch_1.tar	32679936	146357	622060032	1481246
15412	13301	AF-0000000203929036	shard_424_batch_1.tar	123689984	140272	1507582464	1377302
15412	13826	AF-0000000203929035	shard_442_batch_1.tar	47865344	149010	997388288	1564086
15412	14562	AF-0000000203929020	shard_436_batch_1.tar	30622720	145457	1712299008	1494110
15412	15450	AF-0000000203929027	shard_440_batch_2.tar	61513728	146889	855000576	1539384
15412	15453	AF-0000000203929034	shard_910_batch_1.tar	93051904	162612	1503855616	1891966
15416	94	AF-0000000203466115	shard_330_batch_0.tar	44818944	96540	783716352	606889
15416	349	AF-0000000203466033	shard_896_batch_0.tar	113037824	160398	564439040	1836199
15416	752	AF-0000000203466098	shard_446_batch_0.tar	104286208	149151	1625990144	1658904
15416	2774	AF-0000000210720992	shard_440_batch_0.tar	54326272	146318	1040539136	1557340
15416	2824	AF-0000000203466055	shard_336_batch_0.tar	27345408	99140	304899584	648362
15416	2857	AF-0000000210740271	shard_288_batch_0.tar	6013952	80823	446046720	414093
15416	3523	AF-0000000203466056	shard_336_batch_0.tar	78120960	99418	718878720	650306
15416	4460	AF-0000000203466108	shard_446_batch_0.tar	81854976	148784	1167387648	1693172
15416	4753	AF-0000000211069176	shard_370_batch_0.tar	2173952	114079	777783808	913839
15416	5109	AF-0000000211135495	shard_422_batch_0.tar	117607424	136869	1130951680	1360466
15416	5727	AF-0000000203466050	shard_906_batch_0.tar	153446400	165456	1667410944	1996537
15416	7184	AF-0000000211642492	shard_986_batch_0.tar	201468416	203176	1954381312	2954107
15416	7791	AF-0000000203466106	shard_286_batch_0.tar	71441408	80156	511030784	402354
15416	9861	AF-0000000211696432	shard_1032_batch_0.tar	110806016	230962	3812116480	3721083
15416	11151	AF-0000000203466072	shard_422_batch_0.tar	88764928	137878	694962688	1382011
15416	11592	AF-0000000203466107	shard_442_batch_0.tar	137354240	148880	497362432	1616185
15416	13587	AF-0000000203466089	shard_324_batch_0.tar	49507840	93941	254949376	578205
15416	14188	AF-0000000211856109	shard_434_batch_0.tar	85994496	146897	1678391296	1535801
15416	14318	AF-0000000211856286	shard_326_batch_0.tar	7451648	93959	270162432	581345
15417	1482	AF-0000000204802989	shard_214_batch_3.tar	35549696	54838	278644224	199827
15417	6430	AF-0000000211630926	shard_372_batch_4.tar	86351872	117003	589585408	932983
15419	85	AF-0000000204425718	shard_358_batch_3.tar	50868736	111580	889602048	806295
15419	179	AF-0000000204425674	shard_342_batch_3.tar	19131904	105802	308954624	740410
15419	262	AF-0000000204425651	shard_376_batch_3.tar	51843072	119095	1100530176	995807
15419	697	AF-0000000204425665	shard_386_batch_3.tar	23057920	119839	268605952	1024570
15419	771	AF-0000000204425654	shard_266_batch_2.tar	28539392	75612	410436096	369758
15419	1008	AF-0000000204425548	shard_376_batch_3.tar	54198272	119361	798329856	996435
15419	1269	AF-0000000204425658	shard_316_batch_2.tar	40344576	93614	408459776	562534
15419	1333	AF-0000000204425681	shard_384_batch_3.tar	73766400	122883	421906944	1068149
15419	2325	AF-0000000210561560	shard_290_batch_2.tar	60595712	84833	408335872	439547
15419	2842	AF-0000000204425560	shard_256_batch_2.tar	50795520	72816	180123136	334334
15419	4146	AF-0000000204425608	shard_220_batch_2.tar	37001728	58968	205579264	212463
15419	4231	AF-0000000204425605	shard_224_batch_2.tar	14639104	60606	196877312	225203
15419	5164	AF-0000000204425554	shard_432_batch_3.tar	133120512	148895	1294965760	1543305
15419	5825	AF-0000000204425664	shard_374_batch_3.tar	77075456	120015	854668288	970469
15419	5999	AF-0000000204425662	shard_374_batch_3.tar	28831232	118619	911873536	969587
15419	6219	AF-0000000204425694	shard_376_batch_3.tar	105823744	119056	581495808	992996
15419	6731	AF-0000000204425502	shard_328_batch_2.tar	5400064	98784	450427392	647803
15419	6756	AF-0000000204425501	shard_330_batch_2.tar	33612800	98659	317724672	649131
15419	9869	AF-0000000211696592	shard_320_batch_3.tar	2829312	95050	591862272	598638
15419	10200	AF-0000000204425596	shard_260_batch_2.tar	31346176	73726	409468416	337430
15419	12241	AF-0000000204425593	shard_248_batch_2.tar	62382080	68791	194355712	299741
15419	12336	AF-0000000211805447	shard_298_batch_2.tar	13933056	87081	480753152	486395
15419	12465	AF-0000000204425572	shard_252_batch_2.tar	5742080	69713	324574720	326503
15419	12498	AF-0000000204425588	shard_250_batch_2.tar	44263424	70086	241614848	299618
15419	12807	AF-0000000204425636	shard_250_batch_2.tar	57583616	69243	404443648	309295
15419	12870	AF-0000000211807094	shard_224_batch_2.tar	38268928	60866	155432448	221513
15419	13016	AF-0000000204425633	shard_242_batch_2.tar	34244608	68323	232484352	283840
15419	13931	AF-0000000204425594	shard_292_batch_2.tar	48706048	85364	589849088	467212
15419	14336	AF-0000000204425553	shard_294_batch_2.tar	46498816	86101	292485632	494737
15419	15097	AF-0000000204425546	shard_248_batch_2.tar	48245760	69274	175977984	306257
15420	154	AF-0000000209730792	shard_386_batch_3.tar	2324992	124365	1235744768	1077551
15420	1874	AF-0000000204618379	shard_408_batch_3.tar	95485952	136037	651542016	1290577
15420	3467	AF-0000000204618377	shard_386_batch_3.tar	33666560	124246	641615872	1091059
15420	9597	AF-0000000211695168	shard_408_batch_3.tar	123895808	135015	1124285440	1272281
15420	9707	AF-0000000211695664	shard_414_batch_3.tar	5317120	138825	364080640	1344025
15420	10060	AF-0000000211697458	shard_406_batch_3.tar	63577088	134818	1247230976	1264215
15420	13210	AF-0000000204618389	shard_370_batch_3.tar	30878720	116505	294932992	947664
15420	13581	AF-0000000204618376	shard_406_batch_3.tar	32488960	135091	561133056	1291688
15420	14914	AF-0000000211868983	shard_408_batch_3.tar	118276096	134623	324766208	1278472
15424	1534	AF-0000000203937040	shard_380_batch_1.tar	109814784	114812	440582144	997916
15424	4679	AF-0000000211068065	shard_386_batch_1.tar	62329344	117608	747120640	1043175
15424	5304	AF-0000000203937041	shard_346_batch_1.tar	44392960	99518	327556608	754723
15424	7698	AF-0000000203937043	shard_374_batch_1.tar	11783168	113728	1046786560	975058
15424	7829	AF-0000000203937044	shard_388_batch_1.tar	2091008	117325	930421248	1091661
15424	9277	AF-0000000211693669	shard_420_batch_1.tar	137917440	134837	1398738432	1343818
15424	10706	AF-0000000203937042	shard_378_batch_1.tar	36968960	114551	943293952	992044
15425	1632	AF-0000000210428616	shard_356_batch_2.tar	59495424	106930	915651072	828419
15426	787	AF-0000000204184925	shard_888_batch_1.tar	30246912	157813	626150912	1713930
15426	8608	AF-0000000204184911	shard_314_batch_1.tar	2395136	90231	485689856	593394
15429	7560	AF-0000000203857832	shard_1068_batch_0.tar	118116864	258524	3589925888	4912446
15429	10709	AF-0000000203857831	shard_1072_batch_0.tar	50852864	261751	2387916288	5092849
15430	1982	AF-0000000203857593	shard_1016_batch_0.tar	101299200	214223	2971767808	3317489
15430	4136	AF-0000000203857597	shard_1042_batch_0.tar	10321920	233835	1692749312	3895765
15430	4381	AF-0000000211045444	shard_1014_batch_0.tar	18414080	213381	670814208	3325152
15430	4448	AF-0000000203857667	shard_1062_batch_0.tar	59639296	252505	684078080	4496178
15430	4639	AF-0000000203857697	shard_1128_batch_0.tar	9976832	287863	3852517888	5869850
15430	5942	AF-0000000211293690	shard_1090_batch_1.tar	161245184	292684	4186714624	6080792
15430	7166	AF-0000000203857636	shard_1090_batch_1.tar	251760128	294636	5606393344	6187881
15430	11961	AF-0000000203857603	shard_1022_batch_0.tar	133215232	221128	2037574144	3389533
15430	12651	AF-0000000203857714	shard_1068_batch_0.tar	165767168	260621	2755524608	4690462
15431	5909	AF-0000000211290761	shard_410_batch_0.tar	97193984	133443	325767168	1248403
15431	7012	AF-0000000203589274	shard_376_batch_0.tar	77512192	117217	251739136	949957
15431	10247	AF-0000000211729182	shard_436_batch_0.tar	5049344	148534	539763200	1536314
15433	4973	AF-0000000204674182	shard_398_batch_4.tar	56110080	128920	563341312	1096246
15433	11109	AF-0000000204674185	shard_352_batch_3.tar	44973056	108309	212256768	805219
15433	11992	AF-0000000204674189	shard_420_batch_4.tar	60745216	138665	1243006464	1405031
15433	12043	AF-0000000204674188	shard_424_batch_4.tar	38589440	140801	1616506368	1456090
15434	317	AF-0000000209939259	shard_1098_batch_1.tar	185887744	327812	1869645824	7763228
15434	554	AF-0000000203824622	shard_1124_batch_0.tar	287297024	294178	4539141120	6512388
15434	2980	AF-0000000203824618	shard_1086_batch_0.tar	102938112	290143	4075485184	6338136
15434	2981	AF-0000000210763911	shard_1116_batch_0.tar	244586496	285819	3813479936	6200510
15434	3334	AF-0000000203824627	shard_1176_batch_0.tar	63025152	379406	1664023552	10047698
15434	3335	AF-0000000210847777	shard_1128_batch_0.tar	109934592	295928	3043982336	6634943
15434	3406	AF-0000000210882907	shard_1086_batch_0.tar	5803520	291653	4403252224	6462108
15434	4304	AF-0000000203824610	shard_964_batch_0.tar	143461888	191932	1673373696	2614663
15434	4827	AF-0000000203824628	shard_1176_batch_0.tar	104534016	380539	772787712	10115043
15434	4828	AF-0000000203824629	shard_1164_batch_0.tar	324710912	339238	6008951808	8455644
15434	6483	AF-0000000203824621	shard_1106_batch_0.tar	231137792	281475	3914187264	5909602
15434	6714	AF-0000000203824620	shard_1140_batch_0.tar	173447168	306786	6217762304	7059986
15434	9043	AF-0000000203824623	shard_1132_batch_0.tar	48206848	297846	4948845056	6732221
15434	11261	AF-0000000203824611	shard_1006_batch_0.tar	66211840	209448	3197594624	3297677
15434	11263	AF-0000000203824609	shard_962_batch_0.tar	51938816	191820	1367478784	2606774
15434	11699	AF-0000000203824626	shard_1140_batch_0.tar	134781952	301480	2484632064	7000737
15434	14320	AF-0000000203824608	shard_976_batch_0.tar	147403776	198179	610113024	2803221
15434	15435	AF-0000000203824619	shard_1118_batch_0.tar	245290496	288468	3235674624	6252104
15435	317	AF-0000000209939260	shard_1154_batch_0.tar	120687104	327030	6253368832	7679420
15435	3334	AF-0000000203824583	shard_1176_batch_0.tar	81765376	378022	6468908544	9891792
15435	3406	AF-0000000210882908	shard_1118_batch_0.tar	241838592	290687	2089442304	6376284
15435	4304	AF-0000000203824574	shard_958_batch_0.tar	161240576	191180	1778654208	2546673
15435	4828	AF-0000000203824584	shard_1164_batch_0.tar	295270400	337922	6017408000	8460964
15435	6714	AF-0000000203824579	shard_1138_batch_0.tar	205038592	306029	3275869184	6953645
15435	6823	AF-0000000203824585	shard_1000_batch_0.tar	199985664	213562	695247360	3208613
15435	9043	AF-0000000203824580	shard_1128_batch_0.tar	49213952	297269	3568960512	6631170
15435	11261	AF-0000000203824575	shard_1002_batch_0.tar	66679808	209106	1240913920	3212904
15435	14320	AF-0000000203824573	shard_972_batch_0.tar	156680704	197438	2953329664	2748967
15438	925	AF-0000000203939556	shard_962_batch_1.tar	97412608	190027	885807616	2683477
15438	2527	AF-0000000203939555	shard_890_batch_1.tar	134157824	162285	1923870720	1923858
15438	2528	AF-0000000203939554	shard_892_batch_1.tar	120516608	162543	1093469696	1922311
15438	10746	AF-0000000203939551	shard_974_batch_1.tar	3729408	196677	860569088	2912465
15438	10896	AF-0000000211745712	shard_1062_batch_1.tar	94855168	261323	2115219968	5017172
15440	2663	AF-0000000210696644	shard_1040_batch_0.tar	85495296	234467	1430556672	4001566
15440	8444	AF-0000000211680714	shard_1128_batch_0.tar	95190016	289940	3252529152	5627623
15440	11985	AF-0000000211791510	shard_382_batch_1.tar	47758848	120178	293972992	984838
15440	13203	AF-0000000211807941	shard_1014_batch_0.tar	4370944	218065	2756037632	3175178
15440	14568	AF-0000000211868671	shard_382_batch_1.tar	92426752	120914	407787008	991938
15443	3576	AF-0000000210933269	shard_1020_batch_0.tar	104634880	223663	2819461120	3720482
15444	3127	AF-0000000210795871	shard_334_batch_1.tar	35838464	98521	561839616	613008
15447	10866	AF-0000000203616514	shard_926_batch_0.tar	108452352	176980	1054629888	2198234
15447	10867	AF-0000000211745547	shard_444_batch_0.tar	147476992	157166	1386824704	1761185
15448	3	AF-0000000208968720	shard_444_batch_4.tar	89321472	152671	589256192	1544990
15448	849	AF-0000000204647544	shard_440_batch_4.tar	148320256	149922	902634496	1475937
15448	2647	AF-0000000204647504	shard_926_batch_2.tar	11703296	174024	629840384	2027178
15448	4241	AF-0000000204647512	shard_434_batch_4.tar	130698240	146994	1224920576	1413821
15448	4249	AF-0000000204647493	shard_434_batch_4.tar	29995008	145870	894334464	1408315
15448	6857	AF-0000000204647519	shard_934_batch_2.tar	21214208	176344	1244090368	2066869
15448	7616	AF-0000000211654099	shard_446_batch_4.tar	149357056	155585	1335898112	1597863
15448	11754	AF-0000000211765392	shard_984_batch_2.tar	64282624	201750	1308369408	2771582
15450	533	AF-0000000203929746	shard_440_batch_2.tar	129627648	148635	515756032	1554477
15450	2285	AF-0000000210547179	shard_904_batch_1.tar	26190848	155904	904322560	1852312
15450	2360	AF-0000000203929734	shard_428_batch_1.tar	99216384	141080	454003200	1414782
15450	5385	AF-0000000203929737	shard_438_batch_2.tar	31332864	146828	617215488	1532110
15450	5933	AF-0000000203929745	shard_436_batch_2.tar	16758784	146009	1561149952	1500929
15450	6649	AF-0000000203929732	shard_436_batch_2.tar	43873792	144104	1383631360	1490188
15450	6789	AF-0000000203929750	shard_422_batch_1.tar	45987840	138702	1114981888	1359678
15450	6846	AF-0000000203929741	shard_422_batch_1.tar	8130560	139521	452889600	1360970
15450	7023	AF-0000000211638358	shard_882_batch_0.tar	9850880	148960	1536871936	1588163
15450	7284	AF-0000000203929739	shard_432_batch_2.tar	94846464	143135	519380480	1454966
15450	7285	AF-0000000203929738	shard_442_batch_1.tar	101005312	151104	357638144	1591656
15450	7291	AF-0000000203929748	shard_444_batch_2.tar	101513216	151059	863867904	1630059
15450	7659	AF-0000000203929740	shard_968_batch_1.tar	59139072	176114	1287999488	2449124
15450	10278	AF-0000000203929749	shard_422_batch_1.tar	124398080	139566	1398574592	1358221
15450	11013	AF-0000000203929736	shard_434_batch_1.tar	134649344	143640	1645149184	1487618
15450	12160	AF-0000000203929747	shard_450_batch_2.tar	141716992	154557	558272000	1679584
15450	13156	AF-0000000203929735	shard_430_batch_2.tar	139473920	143539	629302272	1430744
15450	13301	AF-0000000203929744	shard_418_batch_1.tar	58749952	137044	1433553920	1323705
15450	13826	AF-0000000203929743	shard_436_batch_2.tar	61784064	146202	1226915328	1515991
15450	14562	AF-0000000203929733	shard_430_batch_2.tar	39049728	142496	1018690048	1433954
15450	14819	AF-0000000203929742	shard_452_batch_2.tar	25019392	155010	737214976	1730112
15451	7811	AF-0000000211663434	shard_1161_batch_0.tar	86098944	331464	3981083648	8228138
15451	11402	AF-0000000211764004	shard_1062_batch_2.tar	1552896	257582	1617158656	4771195
15451	11892	AF-0000000204750740	shard_992_batch_2.tar	4937728	207081	746487296	3104344
15451	13232	AF-0000000204750739	shard_1040_batch_2.tar	116399104	237434	859454976	4129369
15452	14137	AF-0000000203704287	shard_180_batch_0.tar	31173632	40996	163375104	98975
15453	152	AF-0000000203930995	shard_934_batch_1.tar	162524160	171856	1188851712	2120989
15453	945	AF-0000000203930993	shard_1066_batch_1.tar	29861888	248721	4687502848	4576816
15453	2310	AF-0000000203930981	shard_970_batch_1.tar	175296512	182068	410094592	2478829
15453	2405	AF-0000000203930982	shard_932_batch_1.tar	11533824	169062	1851116032	2086814
15453	2607	AF-0000000203930990	shard_918_batch_1.tar	25889792	166917	1384933376	1969520
15453	3719	AF-0000000203930983	shard_942_batch_1.tar	43140096	173103	1269806080	2210985
15453	4758	AF-0000000203930992	shard_916_batch_1.tar	124638208	164772	1187894272	1944794
15453	5089	AF-0000000203930989	shard_902_batch_1.tar	131876352	161787	1511486976	1834818
15453	5793	AF-0000000203930979	shard_956_batch_1.tar	86654976	179149	2475437568	2321917
15453	7286	AF-0000000203930980	shard_948_batch_1.tar	20244480	176721	1255693312	2241716
15453	7287	AF-0000000203930994	shard_942_batch_1.tar	175015936	175060	1169933824	2186279
15453	7290	AF-0000000203930984	shard_930_batch_1.tar	141031936	169751	477622784	2075681
15453	7349	AF-0000000203930985	shard_936_batch_1.tar	65034752	173233	2278389760	2140191
15453	8728	AF-0000000203930986	shard_942_batch_1.tar	165772800	173974	2338418176	2174797
15453	11128	AF-0000000203930987	shard_934_batch_1.tar	34187776	171550	1965941760	2113531
15453	13826	AF-0000000203930988	shard_904_batch_1.tar	50350592	161681	456337920	1862209
15453	13994	AF-0000000203930991	shard_914_batch_1.tar	129606144	164336	2361586688	1929471
15454	4906	AF-0000000211096977	shard_1064_batch_1.tar	192740352	257262	4976762368	4778341
15454	7704	AF-0000000211658438	shard_434_batch_1.tar	6639616	146814	515608064	1543959
15456	7081	AF-0000000211638863	shard_188_batch_3.tar	11520512	44320	99017728	113245
15457	7081	AF-0000000211638864	shard_188_batch_3.tar	11067392	44217	174008832	113432
15460	7081	AF-0000000211638865	shard_188_batch_3.tar	14016512	44027	165713408	115092
15469	2829	AF-0000000210732782	shard_300_batch_4.tar	77849088	86615	428413440	462814
15469	7649	AF-0000000211655848	shard_997_batch_0.tar	171949056	201312	2816362496	2834386
15470	157	AF-0000000205107480	shard_274_batch_4.tar	50313728	76653	233393152	391679
15470	757	AF-0000000205107471	shard_196_batch_3.tar	42109440	47638	182025216	141604
15470	7606	AF-0000000211653918	shard_222_batch_3.tar	15794176	58170	249914880	211766
