a	b	entity	tar	cif_off	cif_len	pae_off	pae_len
5004	7052	AF-0000000211107555	shard_254_batch_0.tar	65593344	70923	348059648	340115
5004	11994	AF-0000000203535806	shard_296_batch_0.tar	81769472	86094	491259904	492850
5005	6796	AF-0000000203491545	shard_340_batch_0.tar	53244416	101377	861646848	729250
5005	10032	AF-0000000203491560	shard_338_batch_0.tar	84837376	100575	420861952	713875
5005	10033	AF-0000000203491543	shard_336_batch_0.tar	3523584	99407	634207232	716338
5005	12326	AF-0000000203491554	shard_336_batch_0.tar	69946880	98438	834147840	689728
5005	14532	AF-0000000203491551	shard_336_batch_0.tar	71252480	98122	358493184	685379
5005	15323	AF-0000000203491559	shard_336_batch_0.tar	87769600	98348	752739840	702080
5007	8282	AF-0000000211107685	shard_1180_batch_0.tar	99131904	353896	3470508544	9489346
5007	9740	AF-0000000211107687	shard_1162_batch_0.tar	13327360	307688	7222438400	7312412
5007	10521	AF-0000000211107691	shard_1096_batch_0.tar	77083136	289658	6534331904	6659886
5007	11846	AF-0000000211107694	shard_1098_batch_0.tar	180498944	313915	4534587392	6951725
5007	12197	AF-0000000211107695	shard_1164_batch_0.tar	68826624	309372	6526626304	7581710
5007	14899	AF-0000000211107702	shard_1170_batch_0.tar	56691712	319914	2238082048	8199563
5008	6939	AF-0000000203630410	shard_1132_batch_0.tar	189551104	282552	2661138944	6407460
5010	5929	AF-0000000211107979	shard_308_batch_0.tar	59336192	90743	500726784	528951
5012	10527	AF-0000000211108011	shard_968_batch_0.tar	79319040	187309	2848900096	2620339
5014	6047	AF-0000000204151353	shard_1146_batch_0.tar	67065856	313824	797471744	6562439
5014	8209	AF-0000000211108465	shard_966_batch_1.tar	47453184	192969	901955072	2655096
5014	9663	AF-0000000211108474	shard_902_batch_1.tar	74031104	166143	1622276608	1941116
5014	14895	AF-0000000204151369	shard_934_batch_1.tar	155223552	178798	1266430464	2333235
5015	8913	AF-0000000211108795	shard_990_batch_1.tar	13195776	192678	1390894080	2830584
5016	5608	AF-0000000203760966	shard_1138_batch_0.tar	254166016	302654	6695924224	6401948
5016	8754	AF-0000000203760963	shard_1024_batch_0.tar	31429120	229863	529944576	3772772
5017	5041	AF-0000000211109258	shard_406_batch_2.tar	120561152	129056	989315072	1110098
5017	10067	AF-0000000211109291	shard_960_batch_1.tar	22611456	182903	2737723392	2346043
5023	5886	AF-0000000203699848	shard_1014_batch_0.tar	40738304	213268	925410304	3565936
5023	10786	AF-0000000203699837	shard_996_batch_0.tar	29795840	204033	921479168	3226217
5023	13541	AF-0000000211110305	shard_910_batch_0.tar	79077376	164994	1884525568	2059134
5023	13929	AF-0000000211110306	shard_884_batch_0.tar	47938048	152459	1255004160	1832769
5023	15282	AF-0000000203699845	shard_426_batch_1.tar	9261568	137998	791908864	1507227
5024	8464	AF-0000000203976086	shard_316_batch_1.tar	3517952	93531	246536704	571881
5025	9677	AF-0000000204235136	shard_366_batch_2.tar	31537152	108916	249667072	849642
5026	10142	AF-0000000203565997	shard_278_batch_0.tar	69727744	79163	190377472	413492
5026	14908	AF-0000000211110428	shard_350_batch_0.tar	64792576	106063	770155008	784893
5027	6832	AF-0000000211110439	shard_1081_batch_0.tar	154922496	286386	845639168	5763266
5027	14175	AF-0000000211110442	shard_912_batch_2.tar	21988864	169673	208699392	2161034
5027	14870	AF-0000000211110443	shard_1123_batch_0.tar	212021248	291800	3698959360	6286374
5028	11754	AF-0000000211110463	shard_430_batch_1.tar	30824960	139223	513227264	1466628
5028	12487	AF-0000000203794101	shard_400_batch_1.tar	54551040	122189	569521152	1114934
5029	10064	AF-0000000211110471	shard_448_batch_4.tar	117066752	158859	428997632	1784182
5029	10262	AF-0000000211110472	shard_969_batch_0.tar	132764160	190196	2427789312	2506487
5029	12169	AF-0000000211110473	shard_921_batch_0.tar	45210112	172739	1117676032	2045236
5030	12524	AF-0000000211110804	shard_198_batch_3.tar	18707456	48672	149270528	153224
5033	11678	AF-0000000211111331	shard_1016_batch_1.tar	180821504	213633	758440448	3293912
5033	14870	AF-0000000211111344	shard_1118_batch_0.tar	275966976	289758	2404270592	6139811
5034	5311	AF-0000000203748435	shard_982_batch_0.tar	91569152	200238	2911813120	2837122
5034	6033	AF-0000000203748451	shard_940_batch_0.tar	115451392	180037	737508352	2286466
5034	8282	AF-0000000211111357	shard_1106_batch_0.tar	141738496	272779	1150030336	5441108
5034	9043	AF-0000000203748456	shard_1082_batch_0.tar	102785536	284052	1203424256	5647840
5034	12895	AF-0000000211111370	shard_984_batch_0.tar	170530816	200535	2880607744	2731900
5034	14119	AF-0000000211111372	shard_1170_batch_0.tar	133544960	347915	1135006720	8540401
5035	6135	AF-0000000204615880	shard_330_batch_3.tar	37945344	98299	525615104	668825
5041	10005	AF-0000000211111856	shard_1078_batch_2.tar	16682496	273407	865607168	5142769
5042	13877	AF-0000000203592692	shard_990_batch_0.tar	52457472	208229	1577548288	3177915
5043	6977	AF-0000000211112042	shard_936_batch_1.tar	124979200	173819	452372992	2182859
5046	5760	AF-0000000211112168	shard_936_batch_2.tar	43246080	182609	300375040	2266174
5046	7277	AF-0000000211112181	shard_418_batch_4.tar	99272192	138529	746852352	1359000
5046	14567	AF-0000000211112245	shard_1030_batch_2.tar	6687744	231006	588226560	3707857
5053	5771	AF-0000000211113085	shard_1056_batch_1.tar	138241024	253801	3869245440	4244407
5053	6363	AF-0000000204039425	shard_882_batch_1.tar	12135424	154377	699892224	1579035
5053	8264	AF-0000000211113091	shard_958_batch_1.tar	118261248	190677	1476674560	2502775
5053	9576	AF-0000000211113093	shard_990_batch_1.tar	3522560	200070	2350244352	2822811
5053	9833	AF-0000000211113094	shard_428_batch_2.tar	96861184	141945	615123456	1385669
5053	10151	AF-0000000211113095	shard_888_batch_1.tar	28144128	164261	1360971264	1914029
5053	10152	AF-0000000211113096	shard_418_batch_2.tar	26414080	137907	1330543104	1350960
5053	14924	AF-0000000204039429	shard_944_batch_1.tar	77489664	184587	879461376	2267506
5062	13304	AF-0000000203628089	shard_944_batch_0.tar	108459008	179658	2245853696	2405610
5065	10231	AF-0000000211116283	shard_1163_batch_0.tar	93716992	340172	2326936576	8595927
5067	15087	AF-0000000204791518	shard_392_batch_4.tar	76271104	124072	1239186944	1107838
5071	7649	AF-0000000211117343	shard_1060_batch_0.tar	243365376	250389	3097286656	4469511
5074	10003	AF-0000000204648864	shard_1164_batch_0.tar	59282432	337809	5437511168	7341339
5078	8951	AF-0000000211133969	shard_910_batch_1.tar	43144704	166526	506768896	2035358
5079	10847	AF-0000000203675141	shard_1022_batch_0.tar	216487424	213263	967631872	3349893
5080	7200	AF-0000000203989236	shard_1118_batch_0.tar	166668800	282961	5128954880	6123396
5084	6893	AF-0000000211134071	shard_1077_batch_0.tar	251257856	267510	572099584	4991341
5087	5480	AF-0000000203924387	shard_1152_batch_0.tar	153737728	315735	6822348800	7720431
5087	5879	AF-0000000203924351	shard_1144_batch_0.tar	171835904	304922	7340918784	7334377
5087	5918	AF-0000000203924346	shard_1146_batch_0.tar	104481792	309138	4832071168	7379962
5087	6746	AF-0000000211134074	shard_1146_batch_0.tar	126651904	306563	5905289216	7134817
5087	6747	AF-0000000211134075	shard_1132_batch_0.tar	145246720	295556	6459314688	6545946
5087	6939	AF-0000000203924348	shard_1146_batch_0.tar	241659392	307230	4251779584	7462121
5087	6940	AF-0000000211134076	shard_1124_batch_0.tar	54009856	288406	2005540352	6390020
5087	10112	AF-0000000203924343	shard_1034_batch_1.tar	65527296	233130	3333908992	3962350
5087	10301	AF-0000000203924365	shard_1030_batch_1.tar	82270208	231073	2708581888	3843515
5087	14534	AF-0000000203924347	shard_1120_batch_0.tar	169300992	282992	5496955904	6127773
5087	14595	AF-0000000203924353	shard_1144_batch_0.tar	94499328	306704	1999889408	7305452
5088	7774	AF-0000000211134082	shard_1146_batch_0.tar	56143360	310240	7362873856	7043063
5088	10378	AF-0000000203985094	shard_970_batch_1.tar	111004672	191305	851917824	2697836
5088	11853	AF-0000000211134088	shard_1064_batch_1.tar	70486528	254976	3543815680	4724279
5088	15182	AF-0000000211134093	shard_1034_batch_1.tar	120737280	231361	1780999168	3857143
5089	5793	AF-0000000203931329	shard_916_batch_1.tar	153805824	164892	1817654784	1944377
5089	6649	AF-0000000203931328	shard_436_batch_2.tar	34671616	146122	798736896	1507136
5089	7286	AF-0000000203931330	shard_906_batch_1.tar	64616448	162707	383415808	1864498
5090	6051	AF-0000000211134099	shard_1140_batch_0.tar	273218048	303169	2958943232	6095168
5090	13976	AF-0000000211134116	shard_1014_batch_1.tar	19041792	215892	1204721664	3110248
5091	5233	AF-0000000211134118	shard_984_batch_0.tar	43121152	198663	2581891072	2860402
5091	14951	AF-0000000211134150	shard_998_batch_0.tar	141859328	205447	1423554560	3118379
5103	11860	AF-0000000211134289	shard_1182_batch_0.tar	178360832	368589	3637201408	9827656
5108	13652	AF-0000000205109838	shard_272_batch_4.tar	65780224	78364	256255488	409872
5108	15152	AF-0000000211135480	shard_378_batch_4.tar	45414912	120007	744446464	1030600
5109	12198	AF-0000000211135491	shard_420_batch_2.tar	70489600	135654	672736768	1353213
5110	10338	AF-0000000211135538	shard_408_batch_2.tar	61759488	132225	609783808	1267224
5111	15123	AF-0000000211135562	shard_266_batch_1.tar	7027712	74484	368681472	356527
5122	9798	AF-0000000211160982	shard_1146_batch_0.tar	138776576	306322	1938536448	6834149
5124	8796	AF-0000000203523296	shard_1062_batch_0.tar	25143808	263691	870066688	5154076
5124	11148	AF-0000000203523295	shard_1064_batch_0.tar	87871488	265732	4109025792	5218846
5126	6517	AF-0000000211161379	shard_394_batch_2.tar	53302784	126491	344774656	1039341
5126	8534	AF-0000000211161384	shard_1040_batch_1.tar	70847488	233777	1147359744	3701795
5126	9405	AF-0000000211161388	shard_918_batch_1.tar	24512512	172891	1836408320	1907063
5126	10821	AF-0000000204004058	shard_912_batch_1.tar	168915968	171299	2130013184	1843522
5126	11074	AF-0000000204004069	shard_882_batch_1.tar	42514944	154876	1165287424	1557211
5126	12806	AF-0000000204004067	shard_996_batch_1.tar	37460480	210009	1795542016	3101812
5126	13321	AF-0000000204004064	shard_398_batch_2.tar	59109376	128042	930314752	1036516
5126	15100	AF-0000000211161401	shard_964_batch_1.tar	188698112	190830	427520512	2456879
5132	13479	AF-0000000211161441	shard_320_batch_0.tar	69277696	94022	691134464	593633
5136	7716	AF-0000000204722512	shard_882_batch_2.tar	24623616	158643	692147712	1780443
5136	9227	AF-0000000211161463	shard_352_batch_3.tar	38117888	110685	639154688	819636
5136	11808	AF-0000000204722511	shard_428_batch_4.tar	50378240	149480	609566208	1569610
5136	13618	AF-0000000211161469	shard_356_batch_4.tar	40633856	111331	224071168	822909
5139	14374	AF-0000000211161473	shard_296_batch_1.tar	29042688	85042	599895040	479748
5140	5904	AF-0000000205109426	shard_358_batch_4.tar	13278720	107772	860513280	807207
5140	6767	AF-0000000205109417	shard_266_batch_4.tar	70548992	74731	290799616	381628
5140	7412	AF-0000000211161474	shard_951_batch_0.tar	18364928	184925	1061615104	2332599
5140	7441	AF-0000000205109424	shard_997_batch_0.tar	14164480	211558	2039056384	2969789
5140	8583	AF-0000000211161476	shard_943_batch_0.tar	81161728	181897	1435835392	2347568
5140	8883	AF-0000000205109420	shard_1007_batch_0.tar	194044928	214400	1123217920	3436328
5140	8950	AF-0000000211161477	shard_1003_batch_0.tar	56541184	212301	661096960	3302082
5140	10243	AF-0000000211161479	shard_965_batch_0.tar	55533056	190458	2804185600	2640046
5140	11100	AF-0000000205109419	shard_352_batch_4.tar	17841664	104210	319606784	736153
5140	11277	AF-0000000205109409	shard_1001_batch_0.tar	180054528	207139	2630726656	3276627
5140	11877	AF-0000000211161481	shard_1029_batch_0.tar	193390592	230120	3293357056	3714694
5140	11908	AF-0000000211161482	shard_1011_batch_0.tar	122202624	219093	2454138880	3326786
5140	12106	AF-0000000205109423	shard_939_batch_0.tar	175000576	180435	633508864	2298664
5140	12642	AF-0000000205109425	shard_965_batch_0.tar	53599232	193697	2579701248	2734002
5140	14220	AF-0000000205109414	shard_368_batch_4.tar	46508032	110318	276240384	859592
5141	8885	AF-0000000203678308	shard_1016_batch_0.tar	121157632	221737	2381304832	3455558
5141	12374	AF-0000000211161488	shard_362_batch_0.tar	44745216	110877	898934784	854820
5142	12064	AF-0000000211161500	shard_352_batch_3.tar	46047744	105091	800350208	772116
5142	14117	AF-0000000211161515	shard_332_batch_3.tar	98590720	98123	340146176	691615
5144	5882	AF-0000000205111104	shard_388_batch_4.tar	65174528	125835	1029476352	1039282
5145	12667	AF-0000000211161520	shard_1183_batch_0.tar	75022336	395986	4306840576	10233322
5147	12247	AF-0000000211161537	shard_926_batch_1.tar	108547072	176008	1587432960	2196284
5148	6656	AF-0000000211161565	shard_1090_batch_0.tar	226283520	301965	7020715008	6229242
5148	6873	AF-0000000211161567	shard_1068_batch_0.tar	210425344	258781	4191510016	4562571
5148	13999	AF-0000000211161601	shard_1118_batch_0.tar	281429504	282953	4617247232	5584494
5148	14567	AF-0000000211161609	shard_1170_batch_0.tar	22172160	346968	3177760768	8268181
5185	5029	AF-0000000211110468	shard_949_batch_0.tar	2415616	184072	1539860480	2323196
5356	5149	AF-0000000203664163	shard_408_batch_0.tar	23600128	133764	312757248	1196317
5398	5089	AF-0000000203930308	shard_958_batch_1.tar	65497600	176556	521075712	2316568
5692	5093	AF-0000000211134152	shard_310_batch_1.tar	36365824	89349	497164800	511638
5727	5048	AF-0000000203551688	shard_436_batch_0.tar	123618816	146919	843250176	1474236
5731	5075	AF-0000000211117356	shard_1175_batch_0.tar	171192832	367852	9936580608	9429941
5840	5110	AF-0000000203754846	shard_1014_batch_0.tar	11184128	214065	2103319552	3440432
5845	5148	AF-0000000211161561	shard_1184_batch_0.tar	192924672	388067	5214185472	10297444
5848	5037	AF-0000000203984974	shard_404_batch_1.tar	10058240	127799	1285773312	1185694
6036	5148	AF-0000000211161562	shard_1096_batch_0.tar	32887808	318902	7784305664	6958125
6044	5063	AF-0000000211116081	shard_1174_batch_0.tar	16827392	360731	7114007040	8936626
6061	5037	AF-0000000211111464	shard_958_batch_1.tar	62110208	181081	925219840	2417264
6069	5037	AF-0000000203715176	shard_992_batch_0.tar	135536128	200613	829673472	2802206
6161	5058	AF-0000000203803832	shard_426_batch_1.tar	2985472	146003	1576340992	1344684
6163	5075	AF-0000000211117357	shard_1173_batch_0.tar	105047552	369403	5695571968	9598010
6278	5033	AF-0000000211111320	shard_417_batch_0.tar	31430656	137952	772664832	1267678
6393	5087	AF-0000000203923364	shard_1144_batch_0.tar	233972224	307002	6554157568	7218530
6444	5040	AF-0000000203998757	shard_1072_batch_1.tar	200170496	267111	5454975488	5106208
6448	5029	AF-0000000204853347	shard_985_batch_0.tar	93659648	198404	396554752	2789216
6468	5034	AF-0000000211111351	shard_1086_batch_0.tar	204529664	289968	2430490624	5764403
6518	5091	AF-0000000211134121	shard_1164_batch_0.tar	117881344	329850	7233730560	7661118
6591	5000	AF-0000000204760327	shard_396_batch_4.tar	113468416	126393	1032019456	1071585
6607	5043	AF-0000000211112040	shard_1016_batch_0.tar	110127616	217921	1247549440	3340183
6607	5091	AF-0000000211134122	shard_1044_batch_0.tar	83113472	239534	3732980224	4086056
6628	5091	AF-0000000211134124	shard_1018_batch_0.tar	219692544	217459	2055274496	3412750
6656	5037	AF-0000000203587811	shard_416_batch_0.tar	39601664	136074	657998336	1302005
6657	5037	AF-0000000203588783	shard_412_batch_0.tar	79986688	135105	663724032	1260210
6658	5148	AF-0000000211161566	shard_1086_batch_0.tar	145637888	287639	2366742528	5582909
6677	5037	AF-0000000203714830	shard_418_batch_1.tar	97894912	135238	818066944	1351651
6678	5037	AF-0000000203715049	shard_390_batch_1.tar	52051456	121169	443565056	1068536
6686	5033	AF-0000000211111321	shard_914_batch_0.tar	1698816	169261	1329725952	2001302
6754	5031	AF-0000000211110952	shard_1086_batch_1.tar	236895744	288714	4294829568	6205914
6771	5000	AF-0000000203979342	shard_308_batch_1.tar	62759424	88834	396871680	539933
6785	5025	AF-0000000203698797	shard_368_batch_0.tar	4209664	111099	785160192	923390
6809	5135	AF-0000000211161450	shard_1052_batch_0.tar	198806016	249047	4746674688	4430645
6832	5033	AF-0000000211111322	shard_1106_batch_0.tar	129461248	283741	3705988096	5548893
6842	5151	AF-0000000211161639	shard_406_batch_3.tar	130262528	131136	1233947648	1216153
6858	5018	AF-0000000211109364	shard_1162_batch_0.tar	152711680	334875	691610624	8316364
6881	5135	AF-0000000211161451	shard_326_batch_1.tar	30670848	95535	689651200	631316
6899	5148	AF-0000000211161568	shard_1144_batch_0.tar	213849088	306677	5470632960	6242779
6926	5021	AF-0000000211109629	shard_1052_batch_2.tar	35541504	239700	761554432	4275768
6927	5021	AF-0000000211109630	shard_1052_batch_2.tar	108839424	240503	1969335808	4314251
6964	5015	AF-0000000211108793	shard_890_batch_1.tar	50222080	151001	446973440	1679217
6996	5017	AF-0000000211109270	shard_336_batch_3.tar	46598144	98485	596697088	644001
6996	5041	AF-0000000211111840	shard_902_batch_1.tar	21397504	160198	471521280	1807461
7001	5037	AF-0000000211111471	shard_424_batch_4.tar	132850688	138650	727036416	1394041
7106	5037	AF-0000000211111472	shard_1040_batch_1.tar	13571584	235688	1582581760	4147537
7112	5049	AF-0000000211112927	shard_1135_batch_0.tar	64376832	292789	6717931008	6409956
7113	5041	AF-0000000211111844	shard_940_batch_2.tar	70081024	177487	367939584	2185238
7287	5089	AF-0000000205110037	shard_899_batch_0.tar	9420288	161475	1352951296	1803908
7290	5089	AF-0000000203931113	shard_452_batch_2.tar	8097280	156386	1257774592	1708528
7344	5065	AF-0000000211116279	shard_1184_batch_0.tar	89907200	405084	478676480	11470979
7349	5089	AF-0000000203931124	shard_892_batch_1.tar	83607040	159176	865337856	1770462
7430	5049	AF-0000000211112929	shard_1158_batch_0.tar	88331776	325210	6951125504	7515112
7443	5037	AF-0000000211111473	shard_914_batch_1.tar	108663296	168570	784682496	2022202
7500	5048	AF-0000000204641620	shard_404_batch_3.tar	38351360	130912	1134696960	1225003
7627	5129	AF-0000000205104181	shard_999_batch_0.tar	4845568	204594	3277491712	3123907
7660	5032	AF-0000000211111208	shard_1046_batch_0.tar	29241856	244892	2999854592	4386751
7668	5037	AF-0000000211111474	shard_1004_batch_0.tar	109777920	208803	3054955008	2955465
7733	5098	AF-0000000211134242	shard_1146_batch_0.tar	87628288	315303	4556338688	6512013
7811	5088	AF-0000000211134083	shard_1162_batch_0.tar	252546048	332447	5428780544	7992739
7854	5033	AF-0000000211111325	shard_419_batch_0.tar	42895360	138148	669240320	1266489
7926	5079	AF-0000000203675125	shard_1016_batch_0.tar	197388288	209100	3013244928	3216168
8034	5046	AF-0000000211112186	shard_1030_batch_0.tar	10615296	230595	3271965184	3721984
8034	5148	AF-0000000211161570	shard_1170_batch_0.tar	218687488	347077	1214504448	8261705
8359	5034	AF-0000000211111359	shard_954_batch_0.tar	77019648	188243	2340124160	2469791
8575	5049	AF-0000000211112933	shard_1028_batch_1.tar	80406016	223994	737281536	3426005
8625	5091	AF-0000000211134128	shard_424_batch_0.tar	137077760	140316	1240724992	1454912
8728	5089	AF-0000000203931220	shard_898_batch_1.tar	154681856	160925	1570813952	1802069
8806	5148	AF-0000000211161575	shard_1160_batch_0.tar	14257152	329100	802457600	7160613
8837	5098	AF-0000000203852251	shard_882_batch_0.tar	52531200	153673	1168777216	1663052
8891	5149	AF-0000000204644856	shard_382_batch_3.tar	50739200	120737	385017856	952107
8954	5065	AF-0000000203905257	shard_1092_batch_1.tar	197565440	311765	1729476096	6882047
8954	5126	AF-0000000203905256	shard_978_batch_1.tar	87365632	199900	1741968896	2553479
8973	5034	AF-0000000211111362	shard_1014_batch_0.tar	63268352	217664	3662061056	3354483
9007	5151	AF-0000000211161641	shard_418_batch_3.tar	84628480	136791	710837760	1368078
9080	5065	AF-0000000211116280	shard_1185_batch_0.tar	176835584	404134	2513421312	11688954
9375	5129	AF-0000000203752014	shard_924_batch_0.tar	165166592	171988	677594112	2193209
9448	5080	AF-0000000204068047	shard_1116_batch_0.tar	195829760	283519	4228210176	6102691
9470	5021	AF-0000000211109634	shard_1169_batch_0.tar	195834368	333978	6169072128	8104000
9610	5111	AF-0000000203619890	shard_266_batch_0.tar	14973440	73747	188209152	356542
9618	5014	AF-0000000204630365	shard_902_batch_2.tar	80107520	164862	901674496	1959689
9622	5142	AF-0000000211161491	shard_912_batch_1.tar	150126592	167917	1201694208	2062493
9673	5148	AF-0000000211161576	shard_1158_batch_0.tar	70038528	327272	4909568512	7249076
9815	5046	AF-0000000211112197	shard_1040_batch_0.tar	217126400	239805	1799598592	3846590
9858	5037	AF-0000000204594423	shard_352_batch_3.tar	6857728	104603	231167488	761620
9862	5046	AF-0000000211112198	shard_928_batch_0.tar	106813952	175248	2387788288	2177961
9969	5032	AF-0000000211111214	shard_441_batch_0.tar	144333312	151591	1789683712	1641541
9985	5146	AF-0000000211161522	shard_1132_batch_0.tar	291338752	300383	4670228480	6725304
10023	5143	AF-0000000203815767	shard_376_batch_1.tar	60930048	118772	1002568704	969130
10044	5033	AF-0000000211111326	shard_417_batch_0.tar	63161344	137699	1383834624	1260411
10045	5033	AF-0000000211111327	shard_417_batch_0.tar	52726272	137793	1350164992	1244388
10046	5033	AF-0000000211111328	shard_424_batch_2.tar	42266624	142821	926767616	1346176
10142	5004	AF-0000000203647180	shard_234_batch_0.tar	34818048	63152	258184704	257585
10142	5070	AF-0000000203647195	shard_216_batch_0.tar	18216960	55803	148880896	205919
10180	5034	AF-0000000211111365	shard_998_batch_1.tar	17251840	211830	3052993024	3151726
10275	5012	AF-0000000211108010	shard_1010_batch_0.tar	97705984	211517	1932556288	3182254
10298	5090	AF-0000000211134109	shard_962_batch_1.tar	133162496	187335	1452484608	2500801
10359	5073	AF-0000000211117350	shard_982_batch_2.tar	63357440	199348	394413568	2617159
10503	5139	AF-0000000211161472	shard_290_batch_1.tar	4760576	83425	204542464	456272
10560	5039	AF-0000000203984850	shard_202_batch_0.tar	32628224	51050	151367168	150050
10571	5148	AF-0000000211161582	shard_1078_batch_0.tar	207081984	275704	3670268416	5146208
10636	5037	AF-0000000203715016	shard_412_batch_1.tar	8216576	131775	1304231936	1273203
10638	5023	AF-0000000211110301	shard_934_batch_2.tar	52115456	172846	856348160	2312024
10658	5088	AF-0000000211134085	shard_976_batch_2.tar	40527360	195573	1308194816	2726888
10776	5075	AF-0000000211117359	shard_1181_batch_0.tar	176925696	386632	4436442624	10534454
10866	5069	AF-0000000204743158	shard_916_batch_2.tar	66802688	172704	469549568	2117199
10867	5069	AF-0000000211117340	shard_440_batch_4.tar	135343616	152891	1235767296	1693933
10902	5075	AF-0000000211117360	shard_1175_batch_0.tar	96995328	374881	4890732032	10046678
10905	5133	AF-0000000211161445	shard_422_batch_0.tar	93244416	138260	1433765376	1371241
10955	5110	AF-0000000204745438	shard_404_batch_4.tar	37833216	129185	1228708864	1216100
11128	5089	AF-0000000203931267	shard_888_batch_1.tar	115154432	157843	1264104960	1743561
11135	5056	AF-0000000211113621	shard_412_batch_0.tar	109207040	129009	1423535616	1197178
11150	5098	AF-0000000211134245	shard_1036_batch_0.tar	167084032	232788	995216384	3924335
11293	5141	AF-0000000204079339	shard_450_batch_2.tar	33690624	159026	801255424	1871071
11309	5111	AF-0000000203619884	shard_262_batch_0.tar	37278720	73075	290691584	340835
11398	5126	AF-0000000203674041	shard_888_batch_0.tar	148521984	160854	1375583744	1706195
11420	5075	AF-0000000211117361	shard_1177_batch_0.tar	298438144	382510	1948624384	9987194
11593	5091	AF-0000000211134140	shard_930_batch_0.tar	1063424	172346	765887488	2173761
11594	5091	AF-0000000211134141	shard_922_batch_0.tar	158496256	169376	1591329280	2113505
11629	5090	AF-0000000211134110	shard_1070_batch_0.tar	235324416	264291	4004863488	5074895
11666	5021	AF-0000000211109637	shard_930_batch_1.tar	175401984	173017	1456850944	2079238
11671	5004	AF-0000000203547828	shard_234_batch_0.tar	53671936	62979	348233728	245532
11719	5046	AF-0000000211112213	shard_1080_batch_2.tar	269851648	284817	4205456384	5736623
11742	5075	AF-0000000211117362	shard_1173_batch_0.tar	340448256	364242	5235619840	9294200
11753	5075	AF-0000000211117363	shard_1064_batch_1.tar	152933376	262768	1098783744	5051166
11774	5149	AF-0000000211161626	shard_1054_batch_2.tar	68556288	249598	632182784	4663853
11837	5089	AF-0000000203930805	shard_910_batch_1.tar	118975488	163360	1365785600	1895450
11882	5025	AF-0000000211110412	shard_376_batch_2.tar	55646208	115386	392542720	1008048
11897	5144	AF-0000000211161518	shard_1038_batch_1.tar	188651008	241949	769853440	3916178
12018	5034	AF-0000000211111368	shard_1054_batch_0.tar	140219392	249550	2623807488	4460504
12089	5063	AF-0000000211116082	shard_1074_batch_2.tar	86169600	265801	1084817920	4914826
12141	5037	AF-0000000211111479	shard_334_batch_4.tar	60540928	97690	242031616	664580
12159	5089	AF-0000000203952168	shard_918_batch_1.tar	138108928	167836	360756224	1971259
12160	5089	AF-0000000203952076	shard_450_batch_2.tar	94264832	156474	1597362688	1684196
12164	5021	AF-0000000211109639	shard_950_batch_1.tar	165555200	176184	1089783296	2315503
12185	5004	AF-0000000203540104	shard_238_batch_0.tar	48376832	63359	271093248	258125
12185	5013	AF-0000000203540106	shard_246_batch_0.tar	66978816	65198	268772864	298407
12240	5024	AF-0000000204562673	shard_412_batch_3.tar	46266368	134997	761255936	1251701
12240	5129	AF-0000000204562640	shard_922_batch_2.tar	51715584	170333	482042368	2142416
12259	5036	AF-0000000211111461	shard_354_batch_2.tar	73923584	106945	653514240	785060
12307	5046	AF-0000000211112219	shard_1131_batch_0.tar	18359808	291162	5314547200	5880252
12451	5024	AF-0000000204359325	shard_270_batch_2.tar	56848384	76180	391919104	369763
12452	5075	AF-0000000211117364	shard_1068_batch_1.tar	43951104	265632	2330910720	5184338
12526	5129	AF-0000000204607485	shard_384_batch_3.tar	75351040	117420	1093335040	996936
12623	5151	AF-0000000211161644	shard_407_batch_0.tar	9907712	130875	1185278976	1202348
12631	5033	AF-0000000211111333	shard_424_batch_2.tar	128399360	143037	479660032	1358432
12715	5031	AF-0000000211110995	shard_1044_batch_0.tar	187566080	238761	4513117184	4336771
12894	5031	AF-0000000211110997	shard_1034_batch_1.tar	200144384	233136	799404032	4026487
13005	5149	AF-0000000204165531	shard_298_batch_1.tar	4231168	85470	387024896	491123
13019	5120	AF-0000000211160969	shard_1003_batch_0.tar	102636544	211067	677036032	3050297
13158	5132	AF-0000000211161440	shard_364_batch_3.tar	68004864	112542	347636224	872183
13226	5124	AF-0000000203580622	shard_1060_batch_0.tar	2819584	262636	2963994624	5083868
13227	5129	AF-0000000205111218	shard_993_batch_0.tar	204749312	202886	2630230016	3064000
13257	5138	AF-0000000205111557	shard_244_batch_3.tar	21736448	67902	218901504	292519
13310	5111	AF-0000000211135559	shard_290_batch_0.tar	54268416	83360	419145728	441554
13339	5102	AF-0000000203566463	shard_1018_batch_0.tar	185507840	219001	3321143296	3671580
13362	5144	AF-0000000204086835	shard_350_batch_1.tar	86674944	108421	834488832	777574
13417	5024	AF-0000000211110353	shard_302_batch_2.tar	30235648	87582	257980416	505052
13461	5129	AF-0000000204373609	shard_918_batch_1.tar	124256768	169361	1732278784	2124852
13503	5086	AF-0000000204757674	shard_192_batch_3.tar	21180416	46892	217257984	119268
13520	5046	AF-0000000211112231	shard_444_batch_0.tar	134479872	156442	1276198912	1673669
13526	5149	AF-0000000203969402	shard_324_batch_1.tar	49801216	95558	657028096	626191
13575	5065	AF-0000000211116285	shard_1048_batch_0.tar	67565056	249394	1974368256	4484174
13594	5029	AF-0000000204853443	shard_441_batch_0.tar	139172864	150532	1390550528	1544261
13595	5136	AF-0000000204722175	shard_426_batch_4.tar	64608256	147524	339201024	1522862
13601	5002	AF-0000000203766899	shard_314_batch_0.tar	77419520	89993	345758720	559637
13619	5033	AF-0000000211111334	shard_422_batch_2.tar	137216000	141084	452739584	1325835
13626	5033	AF-0000000211111335	shard_421_batch_0.tar	74738688	141206	669300224	1314497
13632	5033	AF-0000000211111336	shard_420_batch_2.tar	115804672	140457	289779712	1321091
13635	5033	AF-0000000211111337	shard_418_batch_2.tar	93170688	138054	518929408	1275888
13669	5037	AF-0000000204725339	shard_448_batch_4.tar	63677440	155905	901476352	1732824
13699	5002	AF-0000000203465082	shard_420_batch_0.tar	14439936	135920	364680192	1237179
13766	5024	AF-0000000204573088	shard_354_batch_3.tar	100265984	108194	734174208	796414
13826	5089	AF-0000000203931318	shard_438_batch_2.tar	83192320	148401	1687751680	1523830
13828	5002	AF-0000000203755698	shard_362_batch_0.tar	22072320	107832	356779520	798585
13913	5063	AF-0000000211116083	shard_1165_batch_0.tar	261405184	334581	8580411392	7541215
13994	5089	AF-0000000203952025	shard_880_batch_1.tar	5501952	150664	1766644736	1585200
14010	5140	AF-0000000204829773	shard_967_batch_0.tar	98627584	194763	1267303936	2696277
14118	5110	AF-0000000211135540	shard_978_batch_0.tar	25885184	193570	1603115520	2700093
14128	5023	AF-0000000203933007	shard_1040_batch_1.tar	70374400	232534	1087856640	4099284
14155	5033	AF-0000000211111339	shard_418_batch_2.tar	102845440	137880	1217746432	1270081
14218	5091	AF-0000000211134147	shard_996_batch_0.tar	112857600	207887	1037370368	3009866
14222	5033	AF-0000000211111341	shard_418_batch_2.tar	5107712	139005	1464308224	1283778
14266	5014	AF-0000000203596236	shard_938_batch_0.tar	38816256	179406	416999936	2391764
14274	5148	AF-0000000211161606	shard_1096_batch_0.tar	214914048	315647	2836647424	6851113
14318	5148	AF-0000000211161607	shard_1066_batch_1.tar	227043328	257314	5241924096	4529514
14338	5088	AF-0000000211134090	shard_1062_batch_1.tar	114931712	258316	2919836672	4826555
14403	5037	AF-0000000204669246	shard_354_batch_3.tar	17321472	105250	310154752	796499
14463	5033	AF-0000000211111342	shard_416_batch_2.tar	134541312	137391	762054656	1264864
14474	5004	AF-0000000203505421	shard_200_batch_0.tar	35161088	50635	133867008	154354
14474	5070	AF-0000000203505431	shard_184_batch_0.tar	2663936	42824	169353728	112542
14481	5109	AF-0000000211135494	shard_442_batch_4.tar	103534080	142056	515485184	1514301
14483	5102	AF-0000000203568562	shard_1016_batch_0.tar	157550592	217878	3694667776	3673952
14523	5151	AF-0000000211161646	shard_406_batch_3.tar	108535296	130731	713632768	1223451
14539	5033	AF-0000000211111343	shard_412_batch_2.tar	28227072	136286	1126333440	1214489
14553	5049	AF-0000000211112946	shard_1086_batch_0.tar	212356096	291255	1054113792	5878853
14621	5017	AF-0000000211109313	shard_316_batch_0.tar	32836608	92832	191536640	565263
14767	5046	AF-0000000211112247	shard_928_batch_0.tar	53658624	173968	1510888448	2155338
14785	5087	AF-0000000203532964	shard_1074_batch_0.tar	197230592	267707	3574255616	5362331
14819	5089	AF-0000000203931094	shard_452_batch_2.tar	91301888	157091	733512704	1727485
14840	5049	AF-0000000211112947	shard_450_batch_1.tar	119112192	157051	1727733248	1699145
14920	5088	AF-0000000211134092	shard_1161_batch_0.tar	62218752	333982	3042883584	7940250
14926	5043	AF-0000000211112050	shard_896_batch_2.tar	36006912	160819	638642688	1822564
14931	5108	AF-0000000211135479	shard_392_batch_4.tar	76396032	122701	819220992	1138501
14978	5043	AF-0000000211112051	shard_420_batch_4.tar	43078656	137436	377836544	1261917
15027	5041	AF-0000000211111880	shard_438_batch_0.tar	15240192	147859	1279262208	1507001
15067	5088	AF-0000000204108849	shard_1004_batch_1.tar	204041216	213936	1907334656	3157466
15112	5021	AF-0000000211109641	shard_1052_batch_2.tar	37746176	238773	2325776384	4229218
15177	5071	AF-0000000211117347	shard_404_batch_1.tar	46897664	131843	679472640	1231494
15228	5031	AF-0000000211111020	shard_1132_batch_0.tar	101757952	297128	1563945984	6509826
15241	5041	AF-0000000211111883	shard_908_batch_2.tar	45110784	165406	1029344256	1954081
15324	5052	AF-0000000211112978	shard_1020_batch_0.tar	70423552	224150	2543278592	3454786
15339	5049	AF-0000000211112951	shard_996_batch_2.tar	90512384	202466	1521368064	2856663
15352	5037	AF-0000000211111485	shard_412_batch_0.tar	73607168	135004	1358127104	1294755
15401	5121	AF-0000000211160970	shard_368_batch_2.tar	66017280	112872	615488000	904908
15416	5109	AF-0000000211135495	shard_422_batch_0.tar	117607424	136869	1130951680	1360466
15453	5089	AF-0000000203930989	shard_902_batch_1.tar	131876352	161787	1511486976	1834818
5152	7787	AF-0000000211161655	shard_900_batch_1.tar	2639360	168624	845870080	1995812
5158	6189	AF-0000000203825365	shard_1106_batch_0.tar	244282880	275288	5504768000	6115099
5158	7153	AF-0000000203825366	shard_1116_batch_0.tar	19124736	284488	671482368	6386345
5158	7157	AF-0000000211161685	shard_1116_batch_0.tar	142160896	283181	1181931008	6345748
5158	14659	AF-0000000211161687	shard_1146_batch_0.tar	119796736	310329	4582862848	7461453
5159	8345	AF-0000000205104758	shard_1099_batch_0.tar	86522880	326815	4019756544	7711853
5164	8473	AF-0000000204203841	shard_432_batch_3.tar	68650496	147275	1073715200	1519117
5164	12539	AF-0000000204203839	shard_422_batch_3.tar	120027136	140980	1567239680	1396143
5164	12870	AF-0000000211161806	shard_410_batch_2.tar	54258688	135692	1426786816	1273258
5166	14559	AF-0000000211161817	shard_1098_batch_0.tar	290926592	323877	1680436224	7179928
5168	8683	AF-0000000204687052	shard_1146_batch_0.tar	43362816	306375	3972768256	7598393
5171	7444	AF-0000000204791104	shard_928_batch_2.tar	38486016	173564	926407168	2052517
5171	12531	AF-0000000204791062	shard_400_batch_4.tar	13262848	126905	609588736	1126111
5171	12801	AF-0000000204791075	shard_404_batch_4.tar	104324608	129744	1009827840	1137130
5171	14037	AF-0000000204791103	shard_1117_batch_0.tar	189087744	285510	3478778368	5819145
5171	15160	AF-0000000211161983	shard_926_batch_2.tar	50778624	172903	1201871872	2061930
5174	6509	AF-0000000211177874	shard_1018_batch_0.tar	207247872	216901	1011138048	3439819
5174	6570	AF-0000000211177875	shard_1018_batch_0.tar	82095104	213748	2664495104	3366023
5175	5929	AF-0000000211177885	shard_280_batch_3.tar	76221952	80036	373078528	421662
5176	6356	AF-0000000211178721	shard_1062_batch_1.tar	124488704	257889	2929133568	4511429
5179	6745	AF-0000000211178772	shard_372_batch_4.tar	61286912	114783	661586944	984442
5180	7264	AF-0000000211178775	shard_326_batch_4.tar	3688448	96316	315865088	660243
5182	5840	AF-0000000211178998	shard_1174_batch_0.tar	149165568	366016	4150643200	9687055
5182	13339	AF-0000000211179008	shard_1036_batch_1.tar	144285696	237355	2371531776	3974235
5183	6356	AF-0000000211179019	shard_1036_batch_1.tar	156723200	236474	2014941696	3828232
5185	10237	AF-0000000211179147	shard_939_batch_0.tar	156435456	180933	1069047808	2205438
5185	10262	AF-0000000211179148	shard_1029_batch_0.tar	119647744	226716	3138575872	3525518
5185	12169	AF-0000000211179152	shard_999_batch_0.tar	18466304	208941	3167813120	2931321
5188	9328	AF-0000000211179181	shard_974_batch_1.tar	172418560	196091	2459198464	2783646
5190	6773	AF-0000000211179250	shard_421_batch_0.tar	103754240	138702	1317614592	1372843
5190	6957	AF-0000000205103881	shard_396_batch_4.tar	61295616	125957	1164647424	1131247
5193	6160	AF-0000000211180403	shard_382_batch_0.tar	116415488	121809	467751936	1034831
5197	14954	AF-0000000211180443	shard_1144_batch_0.tar	104983040	306748	5625277952	6254371
5206	6300	AF-0000000211194422	shard_1168_batch_0.tar	225897984	343542	2211884544	8180970
5208	10489	AF-0000000211194507	shard_1170_batch_0.tar	236035584	353013	3440269312	9152884
5209	5768	AF-0000000211194652	shard_392_batch_3.tar	55641088	126329	1044357632	1135948
5209	9727	AF-0000000211194672	shard_898_batch_2.tar	45433856	165416	578377216	1953536
5209	14461	AF-0000000211194690	shard_958_batch_2.tar	48343552	192263	901067776	2623621
5214	10857	AF-0000000211194815	shard_450_batch_0.tar	3942400	160855	1017117696	1839029
5217	6449	AF-0000000203828052	shard_450_batch_1.tar	102505984	156835	1262680576	1860374
5217	10847	AF-0000000203828054	shard_990_batch_0.tar	121288704	196495	1050683904	2932801
5217	15087	AF-0000000203828057	shard_438_batch_1.tar	50690560	144652	1817948160	1581843
5221	14944	AF-0000000203906743	shard_978_batch_1.tar	130477568	191829	777532928	2890089
5225	6190	AF-0000000211196120	shard_922_batch_2.tar	76584448	170502	842294784	1943314
5225	6256	AF-0000000211196121	shard_968_batch_1.tar	62613504	188498	2838609408	2460552
5228	9654	AF-0000000211196137	shard_920_batch_0.tar	33632256	169666	1309401600	2122037
5233	14951	AF-0000000211196527	shard_974_batch_0.tar	140472320	193517	2200340480	2755575
5234	7158	AF-0000000211196573	shard_404_batch_1.tar	108103680	128290	1068891136	1112414
5234	7281	AF-0000000211196580	shard_902_batch_0.tar	151968256	166362	1706384896	1848583
5234	7740	AF-0000000211196585	shard_906_batch_0.tar	16438272	167164	1080587776	1908668
5234	9538	AF-0000000211196595	shard_896_batch_0.tar	44792832	163159	555283456	1752872
5234	9861	AF-0000000211196597	shard_972_batch_0.tar	117210112	195207	426409472	2486037
5234	10064	AF-0000000211196601	shard_376_batch_0.tar	114876416	118580	368988160	964330
5234	13238	AF-0000000211196616	shard_948_batch_0.tar	162552320	183675	1836994048	2323914
5234	13778	AF-0000000211196619	shard_388_batch_1.tar	74201600	121849	1037197824	974456
5234	14622	AF-0000000211196624	shard_284_batch_0.tar	55456256	81089	480927744	427017
5243	5242	AF-0000000204145413	shard_274_batch_1.tar	55796736	77303	311303680	401451
5244	5242	AF-0000000211196814	shard_308_batch_1.tar	70038528	88708	496833536	533653
5244	5243	AF-0000000211196816	shard_308_batch_1.tar	78376960	88512	174249984	530421
5244	7032	AF-0000000211196819	shard_350_batch_2.tar	85977088	103482	285020672	726126
5246	5249	AF-0000000205106934	shard_380_batch_4.tar	45624320	119514	401417216	1053050
5246	5789	AF-0000000205106932	shard_346_batch_4.tar	77080576	105036	728340480	787935
5246	5973	AF-0000000205106940	shard_374_batch_4.tar	93898240	116208	570404352	966438
5246	10172	AF-0000000205106936	shard_372_batch_4.tar	21480960	115169	546009600	959086
5247	5789	AF-0000000205106635	shard_316_batch_4.tar	53563904	92981	401039872	615151
5251	11751	AF-0000000203518089	shard_412_batch_0.tar	115154432	135935	729294848	1245915
5252	13701	AF-0000000211217967	shard_402_batch_2.tar	85181440	129061	434552320	1163636
5260	6951	AF-0000000211218056	shard_432_batch_0.tar	78191104	140909	1756562432	1471230
5260	13304	AF-0000000211218057	shard_432_batch_0.tar	72609280	141432	1053735936	1470696
5264	5265	AF-0000000211218328	shard_410_batch_0.tar	43040768	132279	1335399936	1209219
5266	6347	AF-0000000211282183	shard_1042_batch_2.tar	107835904	240751	721388032	3962590
5267	14654	AF-0000000211283185	shard_916_batch_1.tar	166976000	168238	2011267072	2055569
5278	5931	AF-0000000203690383	shard_176_batch_0.tar	9495552	35755	80435712	72164
5278	9606	AF-0000000203690384	shard_176_batch_0.tar	19001856	35556	129984512	71789
5281	10553	AF-0000000211284713	shard_330_batch_4.tar	44814336	94912	697668096	629328
5282	5304	AF-0000000203937051	shard_380_batch_1.tar	65916928	116342	579007488	987691
5282	7698	AF-0000000203937054	shard_406_batch_1.tar	42181120	130852	820808192	1226430
5282	7829	AF-0000000203937057	shard_416_batch_1.tar	127288832	134219	1048473600	1348221
5282	9277	AF-0000000211284724	shard_882_batch_1.tar	95887360	151701	1113946624	1631712
5282	10706	AF-0000000203937053	shard_408_batch_1.tar	65870848	131617	741408768	1259027
5282	15424	AF-0000000203937052	shard_378_batch_1.tar	109513216	114186	911548928	985023
5286	13999	AF-0000000203858348	shard_298_batch_1.tar	16300032	85653	532794368	462252
5288	7807	AF-0000000203784068	shard_366_batch_1.tar	94699008	112074	963737088	916242
5297	7461	AF-0000000211285287	shard_910_batch_0.tar	80589312	169632	372003328	1854877
5298	8331	AF-0000000211285289	shard_1086_batch_0.tar	236614144	280827	2234666496	5599890
5299	6250	AF-0000000205110496	shard_1035_batch_0.tar	196570624	231865	2823173120	3916229
5299	9226	AF-0000000205110498	shard_1073_batch_0.tar	201569792	270556	3292037120	5165317
5304	9277	AF-0000000211285337	shard_420_batch_1.tar	73045504	137069	1519817216	1355725
5305	5825	AF-0000000204408559	shard_394_batch_3.tar	94325760	127478	580963840	1119505
5305	5961	AF-0000000204408567	shard_396_batch_3.tar	27024896	127318	258081792	1141357
5305	10286	AF-0000000204408439	shard_378_batch_3.tar	83720192	120887	363950592	1007736
5305	12245	AF-0000000204408462	shard_302_batch_2.tar	61499392	88081	340820992	508139
5305	12248	AF-0000000204408453	shard_336_batch_2.tar	67477504	100262	313357312	701031
5305	12469	AF-0000000204408536	shard_236_batch_2.tar	49549312	64349	280393216	254695
5305	13060	AF-0000000204408490	shard_244_batch_2.tar	1291776	65613	139630592	276948
5305	13407	AF-0000000204408513	shard_358_batch_3.tar	7694848	110413	630416896	826768
5305	13983	AF-0000000211285362	shard_358_batch_3.tar	41959424	110191	363581952	816724
5307	5530	AF-0000000211285364	shard_1012_batch_1.tar	70433792	214929	2064879104	3206605
5307	8736	AF-0000000211285372	shard_1046_batch_1.tar	235357696	241748	2418793984	4304167
5307	10385	AF-0000000204123149	shard_980_batch_1.tar	188610560	197988	1380818944	2696879
5310	5476	AF-0000000203661048	shard_1138_batch_0.tar	170737664	307178	1946578944	7137782
5310	6551	AF-0000000211285393	shard_1066_batch_0.tar	241797632	263931	1093551616	4880422
5310	7763	AF-0000000203661004	shard_1096_batch_0.tar	98384384	319092	6642142720	7760111
5310	7765	AF-0000000203661005	shard_1096_batch_0.tar	286610944	317702	5315182080	7813518
5310	9488	AF-0000000211285400	shard_904_batch_0.tar	22661632	170173	1068541440	2051944
5310	9493	AF-0000000203661069	shard_1014_batch_0.tar	137737216	222491	2748891136	3597532
5310	9834	AF-0000000203661034	shard_988_batch_0.tar	9744896	204900	531398656	3115047
5310	9848	AF-0000000203661044	shard_918_batch_0.tar	110071296	175068	1022621184	2147480
5310	12098	AF-0000000211285408	shard_980_batch_0.tar	196571648	203133	2162058752	2972792
5310	12798	AF-0000000203661045	shard_894_batch_0.tar	80496128	166293	1584765440	1949424
5310	14208	AF-0000000203661127	shard_956_batch_0.tar	135484928	190960	710403072	2643897
5310	14727	AF-0000000203661043	shard_904_batch_0.tar	42519040	169833	1391262720	2041369
5310	14989	AF-0000000203661086	shard_428_batch_0.tar	69230080	145805	1432358400	1491809
5310	15241	AF-0000000211285416	shard_966_batch_0.tar	167142912	196102	2872712704	2733890
5311	7758	AF-0000000203464150	shard_1124_batch_0.tar	211574784	294206	4199481344	5425455
5311	7889	AF-0000000203464149	shard_376_batch_0.tar	113698816	118133	993219072	942277
5314	5572	AF-0000000211285442	shard_962_batch_1.tar	40819712	181649	2177127424	2434795
5314	12058	AF-0000000211285446	shard_942_batch_1.tar	175375360	175463	2208305664	2192273
5317	8555	AF-0000000211285451	shard_896_batch_1.tar	11922432	162491	1730923520	1840257
5317	11791	AF-0000000211285453	shard_946_batch_1.tar	68364800	183505	1255232000	2411063
5321	7851	AF-0000000204676554	shard_884_batch_2.tar	61677056	160224	986834944	1789953
5321	9229	AF-0000000204676634	shard_960_batch_2.tar	74895360	192094	525278208	2635602
5321	12143	AF-0000000204676553	shard_424_batch_4.tar	47501312	143164	639549952	1394422
5321	12558	AF-0000000211285522	shard_956_batch_2.tar	10736128	189727	774441984	2600482
5321	14293	AF-0000000204676584	shard_434_batch_4.tar	37660672	148581	293972992	1513009
5327	13203	AF-0000000211285565	shard_1168_batch_0.tar	19435008	340210	1869099520	8215871
5338	12927	AF-0000000203731354	shard_216_batch_0.tar	51006464	56396	150472192	201518
5339	5863	AF-0000000204697087	shard_432_batch_4.tar	117748736	144875	1510630400	1445792
5339	6146	AF-0000000211285614	shard_1032_batch_2.tar	79835648	230174	356844032	3489006
5339	6299	AF-0000000204696980	shard_1072_batch_2.tar	14841856	270433	326127104	5144803
5339	6889	AF-0000000204697060	shard_966_batch_2.tar	21900288	187442	763503616	2534430
5339	6900	AF-0000000204697080	shard_450_batch_4.tar	124225024	161811	968753664	1662820
5339	8088	AF-0000000211285618	shard_1038_batch_2.tar	4748288	231287	1943175168	3930137
5339	8397	AF-0000000204696985	shard_366_batch_3.tar	7588864	112330	815608832	807398
5339	8601	AF-0000000204697009	shard_912_batch_2.tar	84382208	166414	684325888	1897592
5339	8986	AF-0000000211285623	shard_400_batch_4.tar	114065920	128383	282039808	1098242
5339	9524	AF-0000000204697059	shard_1002_batch_2.tar	86585344	208301	643471360	3156146
5339	10618	AF-0000000204697051	shard_394_batch_4.tar	6803968	125790	967017984	1074073
5339	10739	AF-0000000204697045	shard_342_batch_3.tar	78980096	102059	233247744	666073
5339	11668	AF-0000000211285630	shard_398_batch_4.tar	10369536	126825	1318465024	1066549
5339	12959	AF-0000000204697049	shard_446_batch_4.tar	11980800	155042	1864996864	1623512
5339	12982	AF-0000000211285636	shard_884_batch_2.tar	41732608	159394	553511936	1738978
5339	13221	AF-0000000204696974	shard_400_batch_4.tar	11611136	126347	952634880	1079163
5339	13929	AF-0000000211285640	shard_412_batch_4.tar	80161280	134049	832731648	1192655
5340	7231	AF-0000000211285647	shard_1118_batch_0.tar	191043584	293704	1861056000	6471467
5340	15410	AF-0000000203830940	shard_956_batch_0.tar	115631616	184534	1539118080	2646390
5341	11525	AF-0000000203999766	shard_404_batch_2.tar	47449088	127873	1428973568	1066685
5342	6889	AF-0000000203837776	shard_408_batch_1.tar	5862400	127928	780137984	1191438
5342	7081	AF-0000000203837752	shard_192_batch_0.tar	36240384	44694	160631296	126321
5342	7093	AF-0000000203837755	shard_192_batch_0.tar	17017856	44681	198504960	125848
5342	10025	AF-0000000203837753	shard_192_batch_0.tar	30972416	44786	206621184	126307
5342	10026	AF-0000000211285664	shard_192_batch_0.tar	23324160	44851	161830400	126030
5342	10257	AF-0000000203837772	shard_230_batch_0.tar	24821760	56496	237034496	238804
5342	12000	AF-0000000203837773	shard_226_batch_0.tar	58236416	58027	137159680	233318
5345	15291	AF-0000000204127721	shard_984_batch_1.tar	24795136	200139	3169384960	3062252
5346	13087	AF-0000000211285732	shard_314_batch_4.tar	33240064	92400	196182016	558156
5349	6899	AF-0000000211285753	shard_900_batch_2.tar	43386880	167834	836540928	1925790
5353	5553	AF-0000000211285807	shard_388_batch_0.tar	96394240	122778	1252045824	995557
5353	5742	AF-0000000203607124	shard_338_batch_0.tar	44624384	99167	612572672	624658
5353	6093	AF-0000000203607148	shard_942_batch_0.tar	112372224	179489	2419820544	2195228
5353	9671	AF-0000000211285815	shard_334_batch_0.tar	96660480	97987	271362048	645590
5356	5638	AF-0000000203664142	shard_1012_batch_0.tar	206147584	216970	2650531840	3086507
5356	5953	AF-0000000211285845	shard_402_batch_0.tar	43979776	132476	836657152	1127973
5356	7616	AF-0000000211285847	shard_342_batch_0.tar	82279424	104761	609145856	729909
5356	8333	AF-0000000211285849	shard_942_batch_0.tar	11254272	178371	1695541760	2121477
5356	8592	AF-0000000211285850	shard_422_batch_0.tar	81047040	136354	1536197120	1308436
5356	8891	AF-0000000203664147	shard_422_batch_0.tar	9253888	142701	1252032512	1352988
5356	9689	AF-0000000211285852	shard_1018_batch_0.tar	15073280	224805	753378304	3364272
5356	10419	AF-0000000211285856	shard_418_batch_0.tar	133339648	139155	514057216	1269555
5356	10585	AF-0000000203664109	shard_334_batch_0.tar	27298304	100608	779986944	662629
5356	10822	AF-0000000203664160	shard_410_batch_0.tar	118664192	134512	448548864	1204544
5356	12058	AF-0000000211285861	shard_452_batch_0.tar	142188032	158600	627422208	1727982
5356	13161	AF-0000000211285865	shard_408_batch_0.tar	47953920	135481	685674496	1202215
5356	15436	AF-0000000211285870	shard_432_batch_0.tar	86092800	145118	950425600	1431954
5357	7261	AF-0000000204727382	shard_954_batch_2.tar	49041408	189779	902393856	2409687
5357	8351	AF-0000000204727366	shard_352_batch_4.tar	28145152	109767	343819776	804775
5357	9662	AF-0000000204727376	shard_970_batch_2.tar	25505280	194887	213789696	2793246
5357	13234	AF-0000000204727321	shard_962_batch_2.tar	33933824	192089	258587136	2456545
5357	13768	AF-0000000204727369	shard_332_batch_3.tar	71110144	99329	664681472	676022
5359	14988	AF-0000000211285898	shard_370_batch_3.tar	12766720	114653	489023488	897853
5360	5343	AF-0000000211285683	shard_1072_batch_2.tar	32393728	270877	1775573504	5466546
5360	5455	AF-0000000211285899	shard_1181_batch_0.tar	137846272	386009	5303970816	10706318
5360	5776	AF-0000000204751416	shard_1129_batch_0.tar	134565888	292753	2128268288	6626974
5360	10832	AF-0000000204751428	shard_1024_batch_2.tar	42336768	228471	977774080	3851688
5360	12510	AF-0000000204751421	shard_1024_batch_2.tar	27593728	228771	1809913856	3852022
5360	14505	AF-0000000204751417	shard_1024_batch_2.tar	43928064	227852	1828318720	3844187
5360	14948	AF-0000000204751412	shard_1038_batch_2.tar	94165504	238404	1510176256	4236594
5362	6136	AF-0000000211285948	shard_356_batch_4.tar	54361088	109778	996493824	822532
5362	6521	AF-0000000211285960	shard_399_batch_0.tar	1530880	126057	1282125824	1176753
5362	6978	AF-0000000211285975	shard_1015_batch_0.tar	95795712	219447	1275909632	3388141
5362	7506	AF-0000000211285982	shard_1041_batch_0.tar	94506496	238596	2306874880	3991133
5362	8983	AF-0000000211286001	shard_439_batch_0.tar	79319040	147883	914217984	1557774
5362	9233	AF-0000000211286007	shard_409_batch_0.tar	127300608	129778	875840000	1233631
5362	9461	AF-0000000211286011	shard_881_batch_0.tar	121871360	152996	949732352	1679935
5362	9833	AF-0000000211286017	shard_372_batch_4.tar	34348032	112874	622781440	896227
5362	12671	AF-0000000211286056	shard_302_batch_4.tar	37520384	87259	348281856	497862
5362	15148	AF-0000000211286087	shard_419_batch_0.tar	69871104	136670	1161641984	1310716
5362	15346	AF-0000000211286090	shard_1021_batch_0.tar	65631744	224317	1009418240	3575514
5362	15362	AF-0000000211286091	shard_901_batch_0.tar	6447104	164129	1926282240	2000367
5363	5403	AF-0000000211286094	shard_986_batch_0.tar	160325632	199620	1075370496	2959296
5363	11960	AF-0000000211286127	shard_958_batch_0.tar	160670720	185410	2180282880	2530917
5363	12948	AF-0000000211286134	shard_994_batch_0.tar	8530432	206559	2056929280	3135140
5365	10760	AF-0000000211286155	shard_1025_batch_0.tar	200491008	230249	1882299904	3823425
5365	11441	AF-0000000205103265	shard_995_batch_0.tar	155522560	207903	1724038656	3079564
5371	15126	AF-0000000211286172	shard_906_batch_1.tar	43271168	166129	532444672	1826761
5376	14951	AF-0000000211286194	shard_898_batch_0.tar	54054400	160102	1350027264	1853753
5377	13401	AF-0000000211286228	shard_390_batch_1.tar	120829952	123286	943578112	1012087
5377	13792	AF-0000000211286232	shard_360_batch_1.tar	91962368	110366	294775296	834018
5378	14982	AF-0000000211286238	shard_364_batch_1.tar	76914176	112236	589465600	842886
5383	5762	AF-0000000205107232	shard_206_batch_3.tar	23252480	52383	215417856	169693
5385	5933	AF-0000000203929688	shard_440_batch_2.tar	55643136	148213	534651392	1545418
5385	6649	AF-0000000203929685	shard_438_batch_2.tar	116303360	146805	1622138368	1534539
5385	6846	AF-0000000203929687	shard_426_batch_1.tar	113622016	141898	1329604608	1408097
5385	7285	AF-0000000203929686	shard_444_batch_2.tar	24519680	153186	1367680512	1642725
5393	5910	AF-0000000211286282	shard_1062_batch_0.tar	131213312	257641	2862049792	4596399
5393	9833	AF-0000000211286301	shard_1038_batch_0.tar	103745536	231742	1934723584	3687172
5394	11754	AF-0000000211286326	shard_412_batch_4.tar	35074048	135578	455728640	1272410
5394	11853	AF-0000000211286327	shard_942_batch_2.tar	53523456	177097	575499264	2279228
5395	10883	AF-0000000211286332	shard_1054_batch_0.tar	13946368	248796	1757179392	4550487
5398	5793	AF-0000000203930297	shard_1000_batch_1.tar	167015424	193241	3078792704	2861269
5398	7286	AF-0000000203930298	shard_994_batch_1.tar	1849344	191401	892526080	2774842
5398	7287	AF-0000000203930320	shard_988_batch_1.tar	49889792	189875	1980971008	2715878
5398	7290	AF-0000000203930303	shard_978_batch_1.tar	111605248	184719	2411624960	2573256
5398	7349	AF-0000000203930304	shard_984_batch_1.tar	158983680	188061	1727466496	2633800
5398	8728	AF-0000000203930305	shard_988_batch_1.tar	197329920	189017	876594688	2697902
5398	11128	AF-0000000203930306	shard_982_batch_1.tar	9641984	185776	1815803904	2632346
5398	12159	AF-0000000203930313	shard_1002_batch_1.tar	43069952	196717	3184088064	2885579
5398	12160	AF-0000000203930312	shard_978_batch_1.tar	47663616	185169	1493039104	2551959
5398	13826	AF-0000000203930307	shard_958_batch_1.tar	153091072	176492	1643733504	2361539
5398	13994	AF-0000000203930311	shard_966_batch_1.tar	124270592	179412	2811394048	2430451
5398	15453	AF-0000000203930302	shard_992_batch_1.tar	61270528	189881	1299136512	2741110
5401	9861	AF-0000000211286372	shard_1181_batch_0.tar	3453440	375076	1695880704	9644222
5401	10738	AF-0000000211286381	shard_1097_batch_0.tar	15168000	310652	6470131200	6746314
5403	13562	AF-0000000211286444	shard_346_batch_0.tar	98364928	104940	659604992	748059
5408	10838	AF-0000000203860147	shard_364_batch_1.tar	109496832	111793	609189376	789116
5413	8333	AF-0000000211286504	shard_1001_batch_0.tar	24486400	205808	2126411776	2928012
5417	13304	AF-0000000211286514	shard_916_batch_0.tar	133166592	169159	1071057408	2143188
5421	9699	AF-0000000204199808	shard_1064_batch_1.tar	86316544	253071	3961690624	4756809
5421	12749	AF-0000000204199783	shard_1002_batch_1.tar	34560512	208983	2442408960	3284404
5421	14390	AF-0000000204199748	shard_1014_batch_1.tar	141562880	212757	2040823808	3484455
5425	6482	AF-0000000211286594	shard_424_batch_4.tar	70714880	138664	1058601472	1443415
5427	6823	AF-0000000203888871	shard_420_batch_1.tar	72355840	138859	710427648	1402473
5431	10618	AF-0000000211286655	shard_400_batch_0.tar	59934720	127276	527790080	1118620
5436	8190	AF-0000000211286674	shard_1008_batch_0.tar	178205696	212610	3507299328	3261903
5440	13246	AF-0000000211286687	shard_390_batch_3.tar	1854976	124260	1001763840	1014677
5442	5714	AF-0000000211286691	shard_1180_batch_0.tar	180662272	370701	4526146560	9919283
5443	5909	AF-0000000211286704	shard_410_batch_0.tar	15167488	135192	725925376	1241809
5443	7012	AF-0000000211286705	shard_376_batch_0.tar	103244800	118715	1037388288	934518
5443	10247	AF-0000000211286708	shard_436_batch_0.tar	30765056	149789	1531822592	1544102
5452	11753	AF-0000000204710405	shard_958_batch_2.tar	41905664	189609	506394624	2537533
5455	10118	AF-0000000211286769	shard_1177_batch_0.tar	220869632	380818	4699343872	10295885
5455	10832	AF-0000000211286771	shard_996_batch_2.tar	11937792	210727	648592384	3251956
5455	12510	AF-0000000211286773	shard_996_batch_2.tar	74434560	210382	426551296	3250601
5456	5272	AF-0000000211284338	shard_1024_batch_1.tar	175466496	218999	2381941248	3417497
5456	5994	AF-0000000211286791	shard_1116_batch_0.tar	62875648	281119	2450266112	5486580
5456	7774	AF-0000000211286811	shard_1166_batch_0.tar	5491712	341543	4450489344	8295432
5456	10064	AF-0000000211286834	shard_1064_batch_1.tar	71264768	256722	5086927360	4714673
5456	10200	AF-0000000211286838	shard_1004_batch_1.tar	75412480	207747	1783802368	3048551
5456	10526	AF-0000000211286849	shard_1086_batch_1.tar	184164864	283438	5375963136	5650508
5456	12725	AF-0000000211286928	shard_1008_batch_1.tar	112076288	210695	1242784768	3133013
5456	12813	AF-0000000211286936	shard_1022_batch_1.tar	32032256	218924	2919953408	3391842
5456	13060	AF-0000000211286949	shard_978_batch_1.tar	94690304	192433	3107383808	2642632
5456	13160	AF-0000000211286955	shard_990_batch_1.tar	148404224	199719	2822572544	2867797
5456	13231	AF-0000000211286957	shard_1032_batch_1.tar	50873344	227061	4210555392	3601934
5456	13315	AF-0000000211286959	shard_1028_batch_1.tar	159788032	224187	1001072128	3545667
5458	11981	AF-0000000204237466	shard_952_batch_1.tar	46663680	180445	595283456	2541262
5459	5572	AF-0000000211287014	shard_1002_batch_0.tar	151778304	198915	1623299584	3016749
5459	10166	AF-0000000203786565	shard_1062_batch_0.tar	209012224	249848	1503959552	4852415
5460	6065	AF-0000000204754924	shard_906_batch_2.tar	48166400	164770	645530112	1849458
5460	8178	AF-0000000211287032	shard_990_batch_2.tar	74920960	204147	1676258816	2982963
5460	10152	AF-0000000211287036	shard_394_batch_4.tar	25401344	123356	866384896	1110419
5460	10881	AF-0000000211287038	shard_994_batch_2.tar	29861376	203511	633909248	3144012
5460	10972	AF-0000000204754914	shard_410_batch_4.tar	56119296	130071	725736448	1177895
5460	12030	AF-0000000204754923	shard_898_batch_2.tar	42981376	161558	1093351936	1774746
5460	15021	AF-0000000204754908	shard_412_batch_4.tar	93161472	135107	1260256256	1280660
5461	10065	AF-0000000205104169	shard_1151_batch_0.tar	122092032	309590	4792465920	6718190
5461	14446	AF-0000000205104170	shard_1181_batch_0.tar	16441344	378657	2805479424	9782245
5462	10238	AF-0000000211287052	shard_900_batch_2.tar	29031424	164189	754354176	1938047
5465	8474	AF-0000000211287078	shard_316_batch_3.tar	90019840	93560	193257472	553610
5465	12171	AF-0000000211287086	shard_1058_batch_2.tar	16748032	251008	1063062016	4865759
5469	6869	AF-0000000203649093	shard_446_batch_0.tar	92753920	149877	1489645568	1547309
5469	9964	AF-0000000203649094	shard_1066_batch_0.tar	202226176	253794	4805770752	4548519
5469	10321	AF-0000000211287099	shard_916_batch_0.tar	130247680	164868	400681984	1822595
5469	11853	AF-0000000211287101	shard_1030_batch_0.tar	191766528	220529	3475018752	3583405
5471	7779	AF-0000000204614086	shard_918_batch_2.tar	43346432	170190	763272704	1985230
5471	14293	AF-0000000204614056	shard_442_batch_3.tar	72248832	150286	714097152	1532316
5472	5910	AF-0000000204139433	shard_918_batch_1.tar	146501120	169321	1045529088	2038384
5476	5363	AF-0000000211286095	shard_1134_batch_0.tar	153541120	295133	1235253760	6642167
5476	5403	AF-0000000211286415	shard_1070_batch_0.tar	130910720	266647	1303144960	5264988
5476	7593	AF-0000000211287165	shard_1106_batch_0.tar	39285248	278755	1039786496	5953833
5476	8154	AF-0000000203681905	shard_1160_batch_0.tar	178194432	329347	2030237696	8107141
5476	8465	AF-0000000203681991	shard_1124_batch_0.tar	238614016	290809	772192768	6328641
5476	8625	AF-0000000203681892	shard_1010_batch_0.tar	84881920	215849	3236224512	3533173
5476	8712	AF-0000000203681903	shard_1062_batch_0.tar	75851776	257781	997309952	5143793
5476	8726	AF-0000000203681904	shard_1060_batch_0.tar	117890048	256259	4850331648	5022798
5476	9201	AF-0000000203681941	shard_1180_batch_0.tar	79224832	382715	1144641024	10363274
5476	9284	AF-0000000203681898	shard_1024_batch_0.tar	167560704	225766	3763699200	3873735
5476	9296	AF-0000000211287171	shard_1184_batch_0.tar	31480320	396151	1476059648	11526279
5476	9737	AF-0000000211287176	shard_1060_batch_0.tar	182854144	256095	1408043008	4900184
5476	9834	AF-0000000203681902	shard_1068_batch_0.tar	224384000	261193	3873219072	5304560
5476	9953	AF-0000000203681926	shard_1052_batch_0.tar	195571712	245692	1241582592	4482137
5476	10564	AF-0000000211287178	shard_1078_batch_0.tar	133266944	277518	5596447744	5711734
5476	11389	AF-0000000211287186	shard_1074_batch_0.tar	191519744	271292	1897277952	5479988
5476	11960	AF-0000000203681912	shard_1058_batch_0.tar	253097984	252605	4926603776	4772294
5476	12857	AF-0000000211287192	shard_1028_batch_0.tar	71873536	227374	626117632	3941130
5476	12948	AF-0000000203681913	shard_1074_batch_0.tar	210778112	273580	3820924416	5459163
5476	13562	AF-0000000203681911	shard_984_batch_0.tar	136677888	200521	500919296	2942291
5476	13749	AF-0000000203681906	shard_1096_batch_0.tar	207668736	320525	2222188032	7666406
5476	13999	AF-0000000203681968	shard_1034_batch_0.tar	11425280	232444	1602362368	4083408
5476	14460	AF-0000000211287198	shard_1144_batch_0.tar	165957120	310693	5030827008	7387164
5476	14461	AF-0000000203681901	shard_1090_batch_0.tar	296720896	307771	4891019776	7275927
5476	14951	AF-0000000211287201	shard_1082_batch_0.tar	17278976	282212	3866656256	6061377
5477	7268	AF-0000000211287207	shard_1181_batch_0.tar	3077120	375329	4325683712	10490287
5478	6356	AF-0000000211287228	shard_1062_batch_0.tar	130951680	260998	1274656768	4448823
5478	9157	AF-0000000211287235	shard_356_batch_0.tar	1084928	111674	855665664	765216
5478	11219	AF-0000000211287245	shard_374_batch_0.tar	12562432	117172	773390336	924627
5478	12227	AF-0000000211287246	shard_326_batch_0.tar	72513024	98177	575297536	615760
5480	6747	AF-0000000211287263	shard_1175_batch_0.tar	25673728	370529	4852477440	10233255
5481	5233	AF-0000000211196519	shard_994_batch_0.tar	110390784	205086	726681600	2959723
5481	6628	AF-0000000211287267	shard_1026_batch_0.tar	147028992	223402	1029733888	3553344
5481	14951	AF-0000000211287272	shard_1008_batch_0.tar	64351232	211825	3308873728	3185577
5482	12838	AF-0000000211287305	shard_426_batch_4.tar	110590464	141288	1060451840	1455921
5490	5215	AF-0000000211194834	shard_902_batch_2.tar	30342656	166213	267305472	2022787
5490	9472	AF-0000000211287328	shard_438_batch_4.tar	57621504	146717	1833714176	1641675
5493	13475	AF-0000000204694614	shard_1044_batch_2.tar	36781568	242687	1362378752	4157281
5494	7049	AF-0000000211287368	shard_990_batch_0.tar	143194112	201953	716191744	3121957
5494	7910	AF-0000000211287369	shard_1074_batch_0.tar	158687744	270366	4610643968	5079777
5494	9265	AF-0000000211287371	shard_1074_batch_0.tar	173078528	270165	3800303104	5175025
5498	7783	AF-0000000211287386	shard_986_batch_2.tar	87216128	199988	1630449664	2812769
5498	12964	AF-0000000211287405	shard_1062_batch_2.tar	14500352	254277	505283072	4680955
5500	6281	AF-0000000211287414	shard_1010_batch_1.tar	175628800	213654	690428928	3141754
5505	6745	AF-0000000211287436	shard_372_batch_4.tar	3610112	114816	522923520	982679
5506	7744	AF-0000000211287438	shard_1138_batch_0.tar	161047552	301474	6227633152	6074022
5506	7767	AF-0000000211287439	shard_1158_batch_0.tar	185596416	325047	4001290240	7673894
5506	9734	AF-0000000211287441	shard_1078_batch_0.tar	22129152	277496	2751685632	5017534
5506	13753	AF-0000000211287445	shard_1054_batch_0.tar	223206400	251822	1327773696	4185248
5510	7925	AF-0000000203499852	shard_384_batch_0.tar	117781504	117868	1155465728	997830
5510	13652	AF-0000000203499851	shard_386_batch_0.tar	81570304	118531	319039488	1008147
5510	15152	AF-0000000211287458	shard_894_batch_0.tar	75638784	159183	2149838848	1908711
5516	5209	AF-0000000211194649	shard_892_batch_1.tar	136560640	162164	1581066752	1918630
5516	5768	AF-0000000203944935	shard_446_batch_2.tar	108292096	156776	1194829824	1764653
5516	7784	AF-0000000203944932	shard_450_batch_2.tar	16474112	158512	1057214976	1852263
5516	8165	AF-0000000211287489	shard_986_batch_1.tar	193449472	202055	1098885632	3083692
5516	10746	AF-0000000203944928	shard_966_batch_1.tar	106958848	192538	2622089216	2811704
5516	10989	AF-0000000203944927	shard_970_batch_1.tar	152184320	194004	2428744192	2827686
5516	11982	AF-0000000211287494	shard_980_batch_1.tar	54435840	200443	876579328	2995802
5516	13376	AF-0000000211287497	shard_976_batch_1.tar	172411904	197555	1251567104	2922196
5516	14461	AF-0000000203944922	shard_1016_batch_1.tar	125535232	223255	1532468736	3698844
5516	15438	AF-0000000203944926	shard_978_batch_1.tar	139189760	197322	439070208	2942884
5529	12927	AF-0000000204816768	shard_927_batch_0.tar	167699968	166681	1489465344	2033865
5530	14097	AF-0000000211287545	shard_1056_batch_0.tar	219528704	244365	1404251136	4085698
5536	7019	AF-0000000205109507	shard_443_batch_0.tar	28218368	155690	1508584960	1630410
5536	10386	AF-0000000211287575	shard_965_batch_0.tar	73597952	193860	2618325504	2779237
5537	9354	AF-0000000211287576	shard_400_batch_1.tar	114614272	128158	1210082304	1230054
5538	6801	AF-0000000211287577	shard_386_batch_3.tar	87887872	121969	673199104	1034715
5539	6514	AF-0000000211287588	shard_414_batch_2.tar	102355456	135390	1226145792	1337627
5539	14140	AF-0000000211287606	shard_1132_batch_0.tar	49977856	300725	5367824896	6634348
5539	14464	AF-0000000211287607	shard_996_batch_1.tar	144704512	207418	1375816192	3139491
5540	12271	AF-0000000203830197	shard_428_batch_1.tar	70195200	139914	1434419712	1502406
5541	5446	AF-0000000211286729	shard_1144_batch_0.tar	271173632	309795	7062897152	6992108
5541	6086	AF-0000000211287617	shard_1096_batch_0.tar	196214272	316531	2338562048	7321884
5542	9903	AF-0000000203768981	shard_410_batch_1.tar	52830208	133028	1149316608	1265932
5543	6250	AF-0000000204823219	shard_1021_batch_0.tar	217305088	224218	2045329408	3607697
5543	7776	AF-0000000204823223	shard_1047_batch_0.tar	139379200	243566	4063898112	4283106
5543	12887	AF-0000000204823217	shard_931_batch_0.tar	4783104	180048	822966784	2235176
5543	13461	AF-0000000204823185	shard_986_batch_2.tar	38649856	204228	1056849408	2987788
5545	5298	AF-0000000203500485	shard_1072_batch_0.tar	166406144	264218	3932883456	5497364
5545	5510	AF-0000000203500483	shard_1020_batch_0.tar	24083968	216847	2910778368	3586759
5545	9823	AF-0000000203500487	shard_1046_batch_0.tar	211892736	242779	3971152384	4347497
5545	13367	AF-0000000203500486	shard_886_batch_0.tar	147497984	157850	353616384	1792211
5545	14504	AF-0000000203500479	shard_1090_batch_0.tar	129993728	297851	2270904320	6462756
5545	15095	AF-0000000203500484	shard_1052_batch_0.tar	105290752	247604	3340016640	4654621
5552	13368	AF-0000000211287689	shard_354_batch_2.tar	27003392	108371	711980032	827953
5552	13829	AF-0000000211287691	shard_378_batch_2.tar	113005056	118067	610963968	960632
5553	10643	AF-0000000211287700	shard_352_batch_3.tar	66853888	105894	543669760	761725
5555	7365	AF-0000000211287714	shard_354_batch_0.tar	46560768	107385	615335424	783300
5555	7670	AF-0000000203551971	shard_398_batch_0.tar	103056384	126378	932737536	1154141
5555	9106	AF-0000000211287717	shard_1110_batch_0.tar	52889088	277816	557641216	5294125
5555	10621	AF-0000000203551966	shard_352_batch_0.tar	33752576	106445	612588032	774423
5555	10760	AF-0000000211287718	shard_444_batch_0.tar	9258496	156047	321504768	1756147
5557	13986	AF-0000000211287725	shard_382_batch_2.tar	79163392	121156	1203086848	1023642
5561	6356	AF-0000000211287732	shard_1142_batch_0.tar	93743104	304935	4342838784	6513017
5564	7218	AF-0000000204122722	shard_1154_batch_0.tar	305110016	315204	1500084224	6993779
5564	11894	AF-0000000204122781	shard_952_batch_1.tar	114825728	184839	2353242112	2519709
5564	13766	AF-0000000204122788	shard_940_batch_1.tar	157229568	180681	473120256	2340924
5569	7919	AF-0000000204847988	shard_941_batch_0.tar	31794176	180068	1317368320	2324310
5572	6050	AF-0000000211287818	shard_1060_batch_1.tar	140299776	253001	3025736192	4640036
5572	7007	AF-0000000211287822	shard_976_batch_1.tar	132790784	188913	2152323072	2573856
5572	11464	AF-0000000211287835	shard_976_batch_1.tar	78480384	186894	3080276992	2619705
5575	12916	AF-0000000211287848	shard_952_batch_2.tar	54889984	186825	771397120	2471631
5576	10448	AF-0000000204746836	shard_1145_batch_0.tar	262655488	302498	4743896576	6624293
5579	6781	AF-0000000211287862	shard_1062_batch_1.tar	231017984	252613	4298323456	4761558
5579	6821	AF-0000000204088835	shard_1162_batch_0.tar	55161344	339438	3659325952	8033532
5579	8280	AF-0000000204088829	shard_900_batch_1.tar	77576192	161557	1813129728	1985729
5581	5578	AF-0000000211287851	shard_374_batch_1.tar	95669760	116705	248700416	919166
5583	8322	AF-0000000203784768	shard_998_batch_0.tar	57919488	210106	1686177792	3241999
5584	10357	AF-0000000204074358	shard_1134_batch_0.tar	115757056	299699	1325804032	6654892
5584	11019	AF-0000000204074366	shard_1034_batch_1.tar	199906816	236784	1235155456	3914374
5584	11347	AF-0000000204074355	shard_990_batch_1.tar	70782976	204857	1224465408	2912361
5584	13666	AF-0000000204074359	shard_960_batch_1.tar	185361920	189019	2635368448	2517418
5588	10777	AF-0000000211287915	shard_1072_batch_0.tar	151598080	272204	2990029312	5033706
5589	8839	AF-0000000204474242	shard_394_batch_3.tar	116348928	127663	1262781440	1117514
5589	10816	AF-0000000204474243	shard_938_batch_1.tar	88462848	182526	1670249984	2213443
5589	11476	AF-0000000204474249	shard_382_batch_3.tar	106456064	119108	451508224	986547
5589	14273	AF-0000000204474254	shard_362_batch_3.tar	94932992	112400	753359872	863294
5592	10164	AF-0000000211287938	shard_992_batch_2.tar	79990272	209009	410130432	3127072
5592	10165	AF-0000000204741616	shard_992_batch_2.tar	88655872	210045	1094158336	3151813
5592	10167	AF-0000000204741615	shard_992_batch_2.tar	54020608	209714	1078642688	3103465
5596	7123	AF-0000000203730966	shard_306_batch_0.tar	86376448	87327	416480768	510462
5596	10193	AF-0000000203730968	shard_922_batch_0.tar	147602944	174896	379612672	2087082
5596	13787	AF-0000000203730971	shard_346_batch_0.tar	5541376	100812	344620544	740443
5608	14703	AF-0000000205147023	shard_1143_batch_0.tar	40961024	303687	3901353984	6270191
5609	9097	AF-0000000211288070	shard_1040_batch_0.tar	132818432	236533	543127552	3964772
5609	14559	AF-0000000211288081	shard_1182_batch_0.tar	79521280	377489	2778442752	10103366
5609	15146	AF-0000000211288083	shard_1162_batch_0.tar	120540672	336301	1927325184	8074349
5610	11530	AF-0000000203807638	shard_434_batch_1.tar	115964928	138340	500426752	1379710
5611	10979	AF-0000000211288089	shard_1078_batch_1.tar	216942080	271055	3338518016	5079561
5612	8222	AF-0000000211288103	shard_1038_batch_2.tar	85874176	237178	1858549760	4055358
5612	8487	AF-0000000211288106	shard_1076_batch_2.tar	58493952	273859	2605893632	5388275
5612	8890	AF-0000000211288109	shard_1084_batch_2.tar	280902144	286571	2442064896	5665930
5613	7630	AF-0000000211288145	shard_1074_batch_0.tar	121570304	260901	2656211456	5122412
5613	9201	AF-0000000211288162	shard_1182_batch_0.tar	99294720	379380	3430999552	9893841
5613	10138	AF-0000000211288171	shard_1144_batch_0.tar	194051584	297364	5368992256	6529706
5613	15102	AF-0000000211288202	shard_1164_batch_0.tar	293605888	325389	5751826432	7790114
5617	7925	AF-0000000211288231	shard_940_batch_0.tar	42466816	176661	962310144	2224940
5617	8395	AF-0000000211288236	shard_1040_batch_0.tar	121865216	232180	1305123328	3827757
5617	13652	AF-0000000211288256	shard_944_batch_0.tar	12037632	177341	630885888	2256665
5626	10483	AF-0000000211288308	shard_380_batch_0.tar	17757184	118849	993622016	995892
5626	10848	AF-0000000211288309	shard_1016_batch_0.tar	116740608	221494	1550681088	3605303
5630	13703	AF-0000000211288344	shard_1020_batch_1.tar	217900032	221843	3152460800	3415358
5632	9804	AF-0000000211288371	shard_1064_batch_0.tar	246714880	257620	4809811456	4871298
5637	5372	AF-0000000211286173	shard_238_batch_0.tar	3686400	65962	366758400	248911
5638	5651	AF-0000000211288393	shard_1022_batch_2.tar	15544832	223458	552913920	3451339
5638	5842	AF-0000000204620762	shard_1072_batch_2.tar	13213184	269327	1985679872	5030702
5638	6568	AF-0000000204620771	shard_1136_batch_0.tar	74067968	303898	6888692736	6080615
5638	9105	AF-0000000204620741	shard_968_batch_2.tar	45892608	194780	500367360	2440585
5638	9260	AF-0000000204620814	shard_908_batch_2.tar	44098560	165933	529364480	1861306
5638	10419	AF-0000000211288420	shard_986_batch_2.tar	202240	201283	790716416	2661440
5638	10590	AF-0000000204620789	shard_1000_batch_2.tar	53474816	204874	499248128	2889890
5638	11115	AF-0000000204620804	shard_1016_batch_2.tar	107732992	219287	545384960	3166617
5638	11294	AF-0000000204620797	shard_896_batch_2.tar	1309696	162329	866895360	1720304
5638	11774	AF-0000000211288424	shard_1162_batch_0.tar	166504448	332882	3713991168	8066303
5638	11883	AF-0000000211288425	shard_1048_batch_2.tar	70125056	241596	1563202560	3852461
5638	12256	AF-0000000204620788	shard_1168_batch_0.tar	85166592	345271	7179240960	8477931
5638	12700	AF-0000000204620731	shard_1032_batch_2.tar	28519936	231494	1155347968	3716038
5638	13264	AF-0000000204620787	shard_1020_batch_2.tar	48902656	224044	1934605312	3276792
5638	13526	AF-0000000204620750	shard_938_batch_2.tar	18741760	178268	969528832	2151802
5638	13756	AF-0000000204620770	shard_1036_batch_1.tar	66686976	233499	4335364096	3642320
5638	14986	AF-0000000204620766	shard_1016_batch_2.tar	7510528	217510	692007936	3157782
5639	5530	AF-0000000211287520	shard_1096_batch_0.tar	27179008	307588	1113552896	6664674
5639	10011	AF-0000000211288443	shard_1118_batch_0.tar	128411136	280202	6298626560	5485215
5639	10383	AF-0000000211288446	shard_1140_batch_0.tar	157043712	299214	1788269568	6290164
5639	10385	AF-0000000211288447	shard_1134_batch_0.tar	231988736	291968	3938228224	5928943
5639	11484	AF-0000000211288451	shard_1096_batch_0.tar	233726464	312911	6864748544	6987474
5640	6864	AF-0000000211288465	shard_1149_batch_0.tar	59735040	315059	5666983424	7008967
5640	8651	AF-0000000211288468	shard_1077_batch_0.tar	34597376	274505	3699634688	5423260
5640	12240	AF-0000000211288476	shard_1119_batch_0.tar	40855040	285940	846919168	5749095
5641	9354	AF-0000000211288498	shard_390_batch_1.tar	23865856	124795	381727232	1100729
5650	11027	AF-0000000204705592	shard_1064_batch_2.tar	30633984	266052	2554388480	4397223
5650	15066	AF-0000000211288587	shard_1036_batch_2.tar	25157120	239039	1295389696	3545268
5651	5503	AF-0000000211287426	shard_1048_batch_2.tar	87970304	244450	697071104	3973520
5651	11852	AF-0000000211288629	shard_956_batch_2.tar	64233984	183770	662786048	2398712
5651	14888	AF-0000000211288649	shard_1038_batch_2.tar	55533056	236070	1664099328	3908930
5651	15448	AF-0000000211288653	shard_1004_batch_2.tar	28568064	212746	386995712	3056095
5653	5845	AF-0000000211288654	shard_1066_batch_0.tar	147449856	259990	5167775232	4685140
5653	6809	AF-0000000211288657	shard_1086_batch_0.tar	175753216	292137	2685641728	5869059
5653	6959	AF-0000000203741104	shard_374_batch_1.tar	15402496	116714	375808000	884516
5653	8034	AF-0000000211288658	shard_1016_batch_0.tar	72882176	218284	2123498496	3314579
5653	8278	AF-0000000203741086	shard_910_batch_0.tar	67952640	169171	1756143616	1944748
5653	8601	AF-0000000203741095	shard_960_batch_0.tar	165822976	187503	938163200	2398238
5653	9351	AF-0000000203741084	shard_950_batch_0.tar	87120896	185258	1628345344	2406555
5653	11668	AF-0000000211288662	shard_436_batch_1.tar	23077376	147532	1170720768	1466994
5653	13221	AF-0000000203741085	shard_436_batch_1.tar	101229568	147311	830435328	1483372
5653	14063	AF-0000000203741080	shard_1120_batch_0.tar	10656768	283139	3611136000	5494448
5653	14263	AF-0000000203741118	shard_444_batch_1.tar	4768256	155460	1638976512	1588089
5653	14631	AF-0000000203741097	shard_944_batch_0.tar	32108032	183273	1810441216	2230634
5657	14942	AF-0000000211288771	shard_914_batch_1.tar	36884480	168761	1849232896	1989440
5657	15269	AF-0000000211288772	shard_322_batch_1.tar	6187520	95123	785618432	610319
5658	6243	AF-0000000211288775	shard_954_batch_0.tar	14726144	188222	2746241536	2523267
5658	6442	AF-0000000211288777	shard_972_batch_0.tar	30319104	195423	1821607424	2604300
5658	10915	AF-0000000211288806	shard_1004_batch_0.tar	68210688	213823	3564639744	3189067
5658	14982	AF-0000000211288826	shard_398_batch_1.tar	87710720	128104	940922368	1099196
5659	5362	AF-0000000211285944	shard_434_batch_2.tar	110652928	144136	1083329536	1485758
5659	15087	AF-0000000204119748	shard_938_batch_1.tar	21601280	176709	878295040	2249952
5660	7787	AF-0000000204346449	shard_346_batch_4.tar	95062016	107328	750087680	774719
5661	12202	AF-0000000203984541	shard_994_batch_1.tar	3696128	203906	2676854784	3195513
5664	13885	AF-0000000211288877	shard_1053_batch_0.tar	158756864	247623	1612808704	4443263
5666	11402	AF-0000000211288889	shard_977_batch_0.tar	140776960	199761	1722344960	2524010
5668	15269	AF-0000000211288900	shard_971_batch_0.tar	76704256	189763	968446976	2520849
5671	7551	AF-0000000211288907	shard_1168_batch_0.tar	285970432	345279	711528448	8104687
5671	14188	AF-0000000211288918	shard_1036_batch_0.tar	207171584	234732	3924774400	3759089
5674	7786	AF-0000000211288952	shard_424_batch_3.tar	98177024	143412	402838016	1474369
5675	9851	AF-0000000211289042	shard_1062_batch_0.tar	253555712	258171	3087535104	4887719
5675	14272	AF-0000000203632100	shard_1026_batch_0.tar	198680576	227304	642824704	3755446
5676	6914	AF-0000000204160964	shard_1034_batch_1.tar	64352256	229746	703710720	3749713
5676	10322	AF-0000000204160972	shard_294_batch_1.tar	3879936	84051	394030592	452538
5676	13069	AF-0000000204160963	shard_312_batch_1.tar	40416768	91040	670484480	566985
5677	5568	AF-0000000211287779	shard_1022_batch_2.tar	10134528	225399	1020365312	3656901
5677	7240	AF-0000000211289057	shard_1028_batch_2.tar	72590336	229835	447700480	3813488
5677	13902	AF-0000000211289075	shard_988_batch_2.tar	97010176	202804	1118852608	2929411
5678	11047	AF-0000000204817235	shard_1069_batch_0.tar	264211968	268472	905887744	5240252
5683	10571	AF-0000000203599968	shard_342_batch_0.tar	2894848	103988	310142976	691862
5685	10592	AF-0000000211289129	shard_988_batch_0.tar	36452864	203107	3135711232	3064641
5685	11252	AF-0000000211289130	shard_1008_batch_0.tar	169115648	214263	2198970368	3363889
5685	11753	AF-0000000211289132	shard_984_batch_0.tar	141510144	200062	1584536576	2969846
5685	14730	AF-0000000211289137	shard_980_batch_0.tar	56752128	199024	1934704640	2873996
5686	8510	AF-0000000211289143	shard_372_batch_1.tar	75699200	117419	338840576	965119
5686	13639	AF-0000000211289149	shard_278_batch_1.tar	36988416	77946	374010368	413207
5687	8626	AF-0000000211289150	shard_1110_batch_0.tar	93948928	275359	1672530944	5619809
5687	9219	AF-0000000204159785	shard_1128_batch_0.tar	283879424	294304	5990298112	6443392
5687	13714	AF-0000000211289152	shard_1086_batch_1.tar	53669888	284007	2240267264	5841181
5689	6685	AF-0000000211289163	shard_938_batch_1.tar	71898112	181107	2437002752	2338572
5689	6957	AF-0000000211289164	shard_396_batch_2.tar	86139904	127168	587938304	1180901
5689	7442	AF-0000000211289165	shard_450_batch_2.tar	39387136	158130	1948525056	1854755
5689	15037	AF-0000000211289168	shard_392_batch_1.tar	26866688	125007	1234051072	1126606
5689	15162	AF-0000000211289169	shard_968_batch_1.tar	138201088	189611	2550149120	2693025
5689	15283	AF-0000000211289170	shard_392_batch_1.tar	52152320	125840	946937344	1129929
5691	6889	AF-0000000211289173	shard_1070_batch_0.tar	94361600	261882	3292883968	4993353
5691	10391	AF-0000000211289180	shard_962_batch_0.tar	150059520	190277	2825388544	2504481
5691	10738	AF-0000000211289182	shard_1062_batch_0.tar	17238528	254614	4087686656	4637300
5691	15282	AF-0000000211289193	shard_968_batch_0.tar	33444352	193419	2134010880	2632347
5692	13630	AF-0000000211289201	shard_312_batch_1.tar	69571072	90845	676689920	570878
5694	9329	AF-0000000204785876	shard_432_batch_4.tar	22617600	145002	1290201600	1577971
5694	10638	AF-0000000211289206	shard_446_batch_4.tar	29842944	155983	1062276096	1755711
5697	8142	AF-0000000211289237	shard_396_batch_2.tar	19173376	130278	944513024	1121834
5699	14703	AF-0000000211289258	shard_918_batch_2.tar	1039872	170311	545295360	1942966
5702	6362	AF-0000000204726308	shard_940_batch_2.tar	26011648	180377	1314498560	2286797
5702	6686	AF-0000000204726265	shard_438_batch_4.tar	99038208	150464	821929984	1593138
5702	8533	AF-0000000211289273	shard_904_batch_2.tar	48132096	168109	725406720	1973833
5702	11151	AF-0000000204726268	shard_436_batch_4.tar	136133120	148666	626305024	1537518
5702	13649	AF-0000000211289291	shard_404_batch_4.tar	117817856	133160	1165586944	1183053
5702	13986	AF-0000000211289292	shard_888_batch_2.tar	30917120	163343	634249728	1842251
5707	14209	AF-0000000204068166	shard_1182_batch_0.tar	27884032	392975	2239767552	11736179
5707	14530	AF-0000000204068165	shard_1184_batch_0.tar	108790272	399176	5506714112	12125759
5709	10215	AF-0000000204793585	shard_916_batch_2.tar	38573568	171913	1056416768	2004030
5710	13022	AF-0000000203741359	shard_354_batch_0.tar	59615744	106570	292028928	827746
5711	13232	AF-0000000211289341	shard_396_batch_3.tar	83014656	124296	740488192	1092344
5714	10308	AF-0000000211289378	shard_1060_batch_2.tar	4320768	250173	1034301440	4524165
5715	8534	AF-0000000211289399	shard_1054_batch_0.tar	170682368	247248	1775108608	4096023
5716	6958	AF-0000000204605347	shard_404_batch_3.tar	109604352	122741	697141760	1127297
5716	7779	AF-0000000204605373	shard_278_batch_3.tar	8906240	79272	418939904	429183
5716	10424	AF-0000000204605365	shard_304_batch_3.tar	2659328	89074	442458112	529732
5716	12893	AF-0000000204605351	shard_282_batch_3.tar	26565632	81690	441406976	445611
5716	13502	AF-0000000204605343	shard_346_batch_3.tar	25272832	105495	781683200	787407
5716	13983	AF-0000000211289416	shard_358_batch_3.tar	100999168	110533	365222400	844072
5719	5516	AF-0000000205109721	shard_993_batch_0.tar	1037824	202798	1179446784	3048799
5719	10537	AF-0000000205109717	shard_425_batch_0.tar	107399168	139172	1191086080	1421645
5719	11985	AF-0000000211289437	shard_909_batch_0.tar	84475392	165756	1432643584	1937527
5724	9013	AF-0000000204694439	shard_1046_batch_2.tar	73803776	247735	335082496	4412203
5726	7766	AF-0000000211289475	shard_1066_batch_0.tar	11823616	259479	4188038144	4719139
5726	7876	AF-0000000211289476	shard_1038_batch_0.tar	143701504	231019	3535111680	3872220
5726	10366	AF-0000000211289484	shard_1072_batch_0.tar	74711552	264710	1839790080	5172823
5726	11417	AF-0000000211289486	shard_1034_batch_0.tar	192541184	226665	3273970176	3687578
5728	5516	AF-0000000211287488	shard_970_batch_1.tar	49530880	196367	547026944	2875306
5728	5768	AF-0000000211289508	shard_448_batch_2.tar	24521728	160017	1513311744	1805895
5728	7270	AF-0000000211289511	shard_956_batch_1.tar	132893696	191927	2397741568	2658682
5728	7682	AF-0000000211289512	shard_982_batch_1.tar	135680000	200446	1619258368	3067514
5728	7735	AF-0000000211289513	shard_450_batch_2.tar	43177472	161673	781753344	1852472
5728	7753	AF-0000000211289514	shard_976_batch_1.tar	43532800	199557	2456867840	2951403
5728	7800	AF-0000000211289517	shard_450_batch_2.tar	21058048	160703	769321472	1832482
5728	8165	AF-0000000211289520	shard_986_batch_1.tar	180250112	205363	1809761280	3134987
5728	9403	AF-0000000211289529	shard_406_batch_1.tar	85360640	134763	474941952	1259642
5728	9790	AF-0000000211289533	shard_970_batch_1.tar	134875136	196962	1827090432	2839289
5728	9921	AF-0000000211289535	shard_1002_batch_1.tar	2333184	214359	2620753920	3435150
5728	10189	AF-0000000211289537	shard_968_batch_1.tar	11804672	194767	558820864	2849711
5728	10746	AF-0000000211289541	shard_966_batch_1.tar	54173696	195527	965419520	2813894
5728	10989	AF-0000000211289544	shard_972_batch_1.tar	52800000	197076	2604551680	2888025
5728	11982	AF-0000000211289546	shard_980_batch_1.tar	70201856	202726	2823975424	3020133
5728	12798	AF-0000000211289549	shard_418_batch_1.tar	1373184	141147	665204224	1391530
5728	13376	AF-0000000211289551	shard_976_batch_1.tar	33098240	200024	464925184	2992092
5728	14461	AF-0000000211289553	shard_1016_batch_1.tar	181702656	226012	611330560	3720476
5728	15438	AF-0000000211289557	shard_978_batch_1.tar	194927104	199976	1433926656	3013618
5729	10477	AF-0000000211289559	shard_430_batch_2.tar	123211776	145200	874465792	1552927
5729	14324	AF-0000000211289560	shard_402_batch_2.tar	8433152	130001	1407421952	1236266
5729	15303	AF-0000000204113023	shard_892_batch_1.tar	135089664	164931	360117248	1996434
5731	10902	AF-0000000211289573	shard_1080_batch_2.tar	203995136	284231	3967207936	6052592
5731	14829	AF-0000000211289583	shard_922_batch_2.tar	40811520	174797	799667712	2220303
5736	14461	AF-0000000203934690	shard_908_batch_1.tar	67008512	171415	1275221504	2075007
5739	7360	AF-0000000204724229	shard_1072_batch_2.tar	73367552	273201	1995963904	5100671
5739	12487	AF-0000000204724223	shard_990_batch_2.tar	51592704	205841	1359881216	3107729
5740	13237	AF-0000000211289679	shard_953_batch_0.tar	158590464	186183	1414340608	2519036
5742	9671	AF-0000000211289690	shard_172_batch_0.tar	12391424	32294	83036672	56529
5743	13913	AF-0000000211289714	shard_1053_batch_0.tar	54412800	249698	2585390080	4177891
5746	8491	AF-0000000211289719	shard_1166_batch_0.tar	193090048	345771	6479592960	8636672
5748	6657	AF-0000000211289720	shard_388_batch_1.tar	21471232	124358	1005096960	1040366
5748	10823	AF-0000000211289723	shard_1022_batch_0.tar	136580608	227114	1587324416	3535257
5756	7584	AF-0000000211289738	shard_964_batch_0.tar	96396288	189296	2233461248	2409649
5759	7928	AF-0000000211289751	shard_1042_batch_0.tar	134962176	241739	2181387264	4134349
5766	8646	AF-0000000211289783	shard_422_batch_1.tar	124256768	140778	580014080	1305552
5766	14097	AF-0000000211289803	shard_980_batch_0.tar	183165440	195944	3136178176	2582784
5766	15039	AF-0000000211289806	shard_294_batch_1.tar	64117760	83924	393111040	479937
5768	10746	AF-0000000205105665	shard_447_batch_0.tar	122534912	155719	1896226816	1760381
5768	14461	AF-0000000205105663	shard_947_batch_0.tar	104241664	186546	2384443392	2453573
5768	15438	AF-0000000205105664	shard_889_batch_0.tar	149927424	161172	1971837440	1898658
5771	6534	AF-0000000211289836	shard_1096_batch_2.tar	117273088	320647	6462937088	7193114
5783	5393	AF-0000000211286281	shard_992_batch_2.tar	69524992	202068	671321088	2818609
5786	13641	AF-0000000211289902	shard_398_batch_4.tar	125113856	128145	361284096	1088040
5789	5973	AF-0000000205108969	shard_356_batch_4.tar	63002112	108719	939757568	833340
5789	10172	AF-0000000205108966	shard_354_batch_4.tar	93872128	107700	569733120	836625
5795	6391	AF-0000000211289935	shard_968_batch_1.tar	60087296	188245	2504894464	2627947
5798	6369	AF-0000000211289941	shard_1014_batch_2.tar	84577280	217540	998211584	3496378
5799	5480	AF-0000000211287261	shard_1148_batch_0.tar	253692928	312910	5379361280	7629664
5799	5879	AF-0000000211289958	shard_1140_batch_0.tar	178317824	300624	4812526592	7158644
5799	5918	AF-0000000211289959	shard_1092_batch_1.tar	216334336	304752	2470671360	7350757
5799	6393	AF-0000000211289960	shard_1140_batch_0.tar	170397696	301617	5193572864	7111775
5799	6746	AF-0000000211289961	shard_1092_batch_1.tar	233851904	302522	1871353856	7128754
5799	6747	AF-0000000211289962	shard_1126_batch_0.tar	156298752	291891	3481316864	6485774
5799	6939	AF-0000000211289966	shard_1092_batch_1.tar	73472000	302652	1262584320	7309507
5799	6940	AF-0000000211289967	shard_1118_batch_0.tar	175243776	284178	3990968832	6350951
5799	13454	AF-0000000211289974	shard_916_batch_1.tar	152278528	169932	1590885376	2183518
5799	14534	AF-0000000211289979	shard_1114_batch_0.tar	85164544	279061	6117779456	6209630
5799	14595	AF-0000000211289981	shard_1140_batch_0.tar	95178240	302863	6401622016	7159547
5801	8903	AF-0000000211289995	shard_970_batch_1.tar	69405696	189170	1411973632	2764532
5805	5675	AF-0000000211289038	shard_1055_batch_0.tar	75562496	247553	593134080	4520454
5805	9303	AF-0000000211290007	shard_940_batch_2.tar	18815488	179215	960043520	2318214
5805	9544	AF-0000000211290009	shard_1065_batch_0.tar	33265152	255472	1522900480	4822630
5805	9851	AF-0000000211290011	shard_1065_batch_0.tar	247211520	258170	1373724672	5024900
5805	10254	AF-0000000211290015	shard_960_batch_2.tar	64632832	187540	1102018560	2580628
5805	11754	AF-0000000211290020	shard_979_batch_0.tar	131719168	196809	883738624	2822742
5805	14372	AF-0000000211290028	shard_912_batch_2.tar	10998272	167575	738500608	2025541
5806	6103	AF-0000000211290032	shard_1179_batch_0.tar	101783552	422273	988159488	11885278
5806	6289	AF-0000000211290033	shard_1099_batch_0.tar	123456000	326147	5740088832	7274196
5806	7686	AF-0000000211290035	shard_1060_batch_2.tar	20750848	252426	2372340224	4324100
5807	5201	AF-0000000211194275	shard_418_batch_4.tar	107304448	134920	873896960	1388817
5808	14568	AF-0000000211290052	shard_1054_batch_0.tar	57179648	248334	4176894464	4395741
5810	7613	AF-0000000211290062	shard_998_batch_0.tar	203225600	211038	2569983488	3042982
5810	10777	AF-0000000211290065	shard_1018_batch_0.tar	39517696	227649	478702080	3597626
5810	14334	AF-0000000211290072	shard_972_batch_0.tar	37540864	199568	1778018304	2892187
5810	14335	AF-0000000211290073	shard_992_batch_0.tar	24521728	209167	3263611904	3092833
5813	13399	AF-0000000203570873	shard_438_batch_0.tar	15388672	150690	1371268096	1591500
5817	14129	AF-0000000205109861	shard_1025_batch_0.tar	198909952	224440	544764416	3664631
5817	15282	AF-0000000205109862	shard_401_batch_0.tar	21174784	128006	973027328	1200878
5821	11754	AF-0000000211290106	shard_944_batch_0.tar	16609280	180326	1597431808	2324086
5822	13237	AF-0000000211290178	shard_984_batch_1.tar	171259904	207042	2221681152	2973092
5822	15297	AF-0000000211290194	shard_920_batch_1.tar	125224448	174065	713737216	2207132
5823	7675	AF-0000000204706838	shard_374_batch_4.tar	74025984	117564	448110080	948690
5823	7913	AF-0000000204706858	shard_432_batch_4.tar	126645248	146458	534972416	1423969
5823	12685	AF-0000000204706859	shard_432_batch_4.tar	53917696	146474	1722445824	1419039
5823	13318	AF-0000000204706861	shard_432_batch_4.tar	75932160	145638	1142889984	1423849
5823	13992	AF-0000000204706860	shard_434_batch_4.tar	138044416	146830	1009366528	1446627
5825	9565	AF-0000000205106649	shard_955_batch_0.tar	116382720	186923	616292352	2627925
5825	12241	AF-0000000205106678	shard_366_batch_4.tar	7257088	114884	783383552	901591
5825	15398	AF-0000000205106648	shard_955_batch_0.tar	120117248	186934	1955439616	2626704
5827	9197	AF-0000000211290231	shard_986_batch_1.tar	166247936	206024	1874777088	2892746
5827	13209	AF-0000000211290235	shard_962_batch_1.tar	74929664	194458	1759992832	2395417
5827	13219	AF-0000000204104389	shard_994_batch_1.tar	111614464	208283	2111503360	2850850
5842	8986	AF-0000000211290296	shard_920_batch_1.tar	7067136	175973	1050846720	2041892
5842	10585	AF-0000000204037745	shard_438_batch_2.tar	129176064	152390	519458304	1481724
5842	10590	AF-0000000204037794	shard_976_batch_1.tar	102370816	195663	2362760192	2722327
5842	11237	AF-0000000211290308	shard_1086_batch_1.tar	145615360	288747	5314439680	5867452
5842	11838	AF-0000000204037762	shard_1000_batch_1.tar	40519168	213540	3405469696	3130075
5842	12154	AF-0000000211290316	shard_934_batch_1.tar	64837632	180181	2430351360	2173673
5843	5418	AF-0000000211286515	shard_422_batch_3.tar	135504384	141185	397159424	1304240
5843	11838	AF-0000000211290378	shard_908_batch_1.tar	133225472	167488	1667811328	1977496
5855	10529	AF-0000000211290493	shard_1020_batch_2.tar	25894400	233040	802122240	3131548
5855	14897	AF-0000000211290500	shard_1022_batch_2.tar	42749952	234689	1064126464	3140382
5859	14844	AF-0000000211290505	shard_264_batch_3.tar	8562688	73763	182267904	386121
5863	7368	AF-0000000205107252	shard_348_batch_4.tar	73297920	103667	389159936	753181
5863	13505	AF-0000000205107245	shard_364_batch_4.tar	42086912	111708	306697216	879704
5870	11633	AF-0000000204598222	shard_1068_batch_2.tar	6354944	259495	829888000	4646214
5873	13676	AF-0000000211290527	shard_441_batch_0.tar	138416128	147990	1076715008	1555107
5876	12156	AF-0000000211290560	shard_914_batch_1.tar	115987456	171803	919282688	2116514
5878	13209	AF-0000000211290601	shard_888_batch_2.tar	14461952	162970	625555456	1592557
5878	14603	AF-0000000211290622	shard_426_batch_4.tar	128984064	139405	1653873152	1351441
5879	6939	AF-0000000203923294	shard_1176_batch_0.tar	276704768	369448	8333852160	10607764
5879	10252	AF-0000000203923288	shard_1068_batch_1.tar	106563584	262925	4860259840	5244719
5879	14534	AF-0000000203923293	shard_1168_batch_0.tar	148111872	345774	1295083008	9316803
5879	15224	AF-0000000203923298	shard_1146_batch_0.tar	74842112	308049	1923856896	7559990
5880	13263	AF-0000000211290632	shard_433_batch_0.tar	139963392	147022	1520800768	1514698
5882	9995	AF-0000000211290639	shard_1040_batch_0.tar	200921600	245757	1771689472	3942253
5886	9084	AF-0000000211290659	shard_442_batch_3.tar	138864640	153365	943724544	1681780
5886	10379	AF-0000000211290660	shard_1014_batch_2.tar	17098752	220282	1316535808	3549113
5886	13739	AF-0000000211290663	shard_1000_batch_2.tar	58927616	208604	1062867968	3212694
5886	14332	AF-0000000204613975	shard_898_batch_2.tar	7366656	164228	309514752	1922982
5888	13701	AF-0000000211290668	shard_446_batch_2.tar	125918208	152519	1757687808	1659254
5890	9717	AF-0000000203618397	shard_438_batch_0.tar	103454208	149435	501918720	1515248
5895	10216	AF-0000000211290681	shard_1186_batch_0.tar	24342528	404766	1060470272	11630076
5896	5353	AF-0000000211285808	shard_432_batch_0.tar	143658496	144762	398508544	1447769
5898	5299	AF-0000000203754565	shard_1106_batch_0.tar	69927424	281432	2917362176	5553537
5898	5674	AF-0000000211288945	shard_1042_batch_0.tar	121062400	242547	4337305088	4041688
5898	14182	AF-0000000211290698	shard_1004_batch_0.tar	179654144	215216	2874837504	3009532
5898	14312	AF-0000000203754559	shard_976_batch_0.tar	78716416	198489	1093949952	2753581
5898	14691	AF-0000000203754543	shard_942_batch_0.tar	181248	183729	1590284800	2197713
5904	5154	AF-0000000211161670	shard_1029_batch_0.tar	222513152	222148	622028800	3366542
5904	6767	AF-0000000205107596	shard_358_batch_4.tar	11637248	107369	966951424	811772
5905	7562	AF-0000000211290708	shard_290_batch_1.tar	30690304	84376	559506944	457879
5905	12564	AF-0000000211290721	shard_238_batch_0.tar	12953088	66823	304082944	267867
5907	8534	AF-0000000211290738	shard_1046_batch_1.tar	112815616	238236	1940930048	4004089
5907	14736	AF-0000000203941085	shard_420_batch_2.tar	50991104	137407	912134656	1350090
5909	6656	AF-0000000211290748	shard_422_batch_0.tar	93383680	140678	802269696	1387603
5909	8512	AF-0000000211290752	shard_1126_batch_0.tar	84092928	294267	5771406336	5726014
5909	10291	AF-0000000211290756	shard_418_batch_0.tar	35416064	137340	756356608	1339361
5909	15352	AF-0000000211290760	shard_418_batch_0.tar	97187328	139156	1490887680	1307394
5912	6415	AF-0000000211290768	shard_396_batch_1.tar	95633920	129274	426113024	1185214
5912	7881	AF-0000000203816894	shard_360_batch_1.tar	7163904	112409	656659456	833346
5912	7882	AF-0000000203816906	shard_356_batch_1.tar	96181248	109824	1003151872	818204
5912	7884	AF-0000000203816904	shard_362_batch_1.tar	34286592	112092	264577024	857075
5912	8012	AF-0000000203816908	shard_362_batch_1.tar	45297664	112435	631531520	866846
5912	8013	AF-0000000203816897	shard_364_batch_1.tar	41276416	113599	421169664	890040
5912	8014	AF-0000000203816896	shard_370_batch_1.tar	110568448	114469	615126016	924332
5912	8015	AF-0000000203816900	shard_364_batch_1.tar	81845248	113353	792316416	879625
5912	8016	AF-0000000203816907	shard_360_batch_1.tar	65238528	111540	517928448	850835
5912	8018	AF-0000000203816898	shard_366_batch_1.tar	81813504	113774	1061281280	881291
5912	9423	AF-0000000203816891	shard_312_batch_1.tar	35488768	91853	707545088	524866
5912	10014	AF-0000000203816882	shard_1078_batch_0.tar	257569280	273072	5670306816	5408738
5912	10500	AF-0000000203816883	shard_302_batch_1.tar	55114240	88362	349032448	472058
5912	11230	AF-0000000203816850	shard_1044_batch_0.tar	172559360	242848	464645120	4521914
5912	11452	AF-0000000203816851	shard_1030_batch_0.tar	108489728	230827	2093797888	4112377
5912	12293	AF-0000000203816909	shard_970_batch_0.tar	59103232	194584	642628608	2831334
5912	12358	AF-0000000203816880	shard_374_batch_1.tar	76643840	118081	1066335232	966160
5912	12754	AF-0000000203816886	shard_326_batch_1.tar	34649600	96905	478881280	603030
5912	13745	AF-0000000211290773	shard_1004_batch_0.tar	193319936	210303	2117278720	3185895
5912	14387	AF-0000000203816905	shard_370_batch_1.tar	63512064	115872	229391872	923700
5912	14388	AF-0000000203816901	shard_356_batch_1.tar	89776640	110305	700707840	829656
5912	14408	AF-0000000211290774	shard_322_batch_1.tar	45395456	95947	373750272	585517
5912	14732	AF-0000000203816885	shard_324_batch_1.tar	44319232	96253	562132992	592005
5912	14733	AF-0000000203816887	shard_334_batch_1.tar	59098624	100179	416022016	649226
5912	15075	AF-0000000203816855	shard_386_batch_1.tar	58562560	121830	568928768	1070414
5912	15469	AF-0000000203816915	shard_300_batch_0.tar	59511296	87183	280805376	463596
5914	8526	AF-0000000211290778	shard_1040_batch_0.tar	217843712	235911	4457223168	4076109
5914	11039	AF-0000000211290781	shard_940_batch_0.tar	153091072	180123	1348148736	2463883
5918	15187	AF-0000000211290808	shard_1170_batch_0.tar	310856704	352701	3935486976	8846493
5921	7649	AF-0000000211290827	shard_1070_batch_0.tar	70334464	258680	2660391424	4863227
5922	6955	AF-0000000203633848	shard_202_batch_0.tar	40749056	51076	101341184	166432
5924	6953	AF-0000000211290933	shard_888_batch_2.tar	7712768	161421	667195904	1877245
5924	13444	AF-0000000204632871	shard_900_batch_2.tar	65077760	166044	510917632	1985569
5931	6138	AF-0000000203690334	shard_176_batch_0.tar	6923264	35555	143237632	71162
5931	6140	AF-0000000203690333	shard_176_batch_0.tar	11471360	35696	105040384	73438
5933	6649	AF-0000000203951891	shard_436_batch_2.tar	45354496	145020	1080049664	1512728
5933	6846	AF-0000000203951893	shard_424_batch_2.tar	70665216	141026	338238976	1390153
5933	7285	AF-0000000203951892	shard_882_batch_1.tar	107075072	152022	1924590080	1607039
5934	13460	AF-0000000205110582	shard_176_batch_3.tar	34265600	36972	133606912	76474
5945	6356	AF-0000000211293939	shard_1078_batch_0.tar	63396352	278953	4690431488	5304776
5953	5268	AF-0000000211283191	shard_436_batch_3.tar	58988032	150490	1028281344	1433760
5953	10018	AF-0000000211575808	shard_1026_batch_1.tar	217583104	228504	1579043840	3477246
5955	15360	AF-0000000204151899	shard_952_batch_1.tar	151849984	184734	2309250560	2469213
5957	7241	AF-0000000203684982	shard_902_batch_0.tar	24894464	165650	1280040448	2031319
5957	14691	AF-0000000203684965	shard_392_batch_0.tar	71186432	124618	1181734912	1125156
5958	15106	AF-0000000204735172	shard_176_batch_2.tar	20939264	37218	102715904	79004
5959	6921	AF-0000000204097656	shard_174_batch_0.tar	19100160	33569	77961728	61331
5959	12348	AF-0000000204097661	shard_176_batch_0.tar	11731456	37290	112491008	78832
5959	13120	AF-0000000204097685	shard_174_batch_0.tar	33092608	33736	79212032	61471
5961	13237	AF-0000000211576387	shard_985_batch_0.tar	145329152	206850	715969024	2986403
5963	8000	AF-0000000203943983	shard_436_batch_2.tar	137562112	151744	1312835584	1637587
5963	13237	AF-0000000211576908	shard_954_batch_1.tar	103111680	191521	1391699456	2597373
5964	6363	AF-0000000203463957	shard_1078_batch_0.tar	87403008	272390	2518315520	5199727
5964	9833	AF-0000000211578513	shard_1070_batch_0.tar	130378240	259857	4444708864	4787421
5965	7413	AF-0000000203608404	shard_426_batch_0.tar	13271040	143530	829943808	1371074
5966	10832	AF-0000000204752050	shard_218_batch_3.tar	46129664	58358	155386880	197812
5966	12434	AF-0000000204752048	shard_240_batch_3.tar	25748480	64778	158755328	263247
5973	5498	AF-0000000211287380	shard_1035_batch_0.tar	120944128	230713	3900798464	3797261
5973	7925	AF-0000000205112034	shard_302_batch_4.tar	60220416	88972	442996736	531367
5973	10172	AF-0000000205112053	shard_380_batch_4.tar	110931968	118738	1201413120	1014854
5973	15152	AF-0000000211578718	shard_403_batch_0.tar	10915328	131069	691210752	1223400
5979	7143	AF-0000000211579080	shard_1099_batch_0.tar	206782976	331285	4665423872	8192114
5984	8936	AF-0000000211579170	shard_968_batch_1.tar	187375104	191743	2791129088	2636092
5988	5882	AF-0000000205127803	shard_376_batch_4.tar	26829824	117359	1058419200	945245
5993	13146	AF-0000000211579675	shard_1158_batch_0.tar	154112000	332181	943447552	7892626
5994	6072	AF-0000000204208450	shard_422_batch_3.tar	128467968	141338	1130477056	1328768
5996	11688	AF-0000000204648373	shard_966_batch_2.tar	45843968	192762	1007835136	2666775
5998	5362	AF-0000000211285947	shard_1054_batch_1.tar	221904896	246024	1907644416	4210088
5998	11754	AF-0000000211579689	shard_1116_batch_0.tar	158393344	284167	5582812160	5670600
5999	13237	AF-0000000211579699	shard_983_batch_0.tar	5020672	205823	2301648896	2949654
6005	5445	AF-0000000211286719	shard_952_batch_2.tar	46519808	185331	421789184	2550556
6011	5697	AF-0000000211289234	shard_417_batch_0.tar	11090432	140646	1562050560	1292156
6012	5697	AF-0000000211289235	shard_372_batch_4.tar	114230272	117646	608802816	893464
6036	5845	AF-0000000211290416	shard_1048_batch_0.tar	148788736	242707	2720696832	4166298
6038	5882	AF-0000000205105683	shard_435_batch_0.tar	106171904	149628	1202202112	1531684
6044	5530	AF-0000000211287521	shard_1046_batch_1.tar	202511872	241330	4183294976	4087716
6067	5311	AF-0000000211285420	shard_1078_batch_1.tar	208332800	277135	4656017920	5395056
6086	5446	AF-0000000211286730	shard_1078_batch_0.tar	116402176	278723	5534955520	5659067
6090	5503	AF-0000000211287427	shard_1148_batch_0.tar	178264576	321900	773487104	7070596
6126	5280	AF-0000000204853907	shard_1169_batch_0.tar	297880064	336755	7541364224	8161839
6139	5931	AF-0000000203690362	shard_176_batch_0.tar	24742400	35326	100598272	73328
6163	5603	AF-0000000204814395	shard_1173_batch_0.tar	288224768	361886	1685867008	8888654
6163	5731	AF-0000000211289564	shard_1077_batch_0.tar	49417728	279698	3353438720	5536941
6217	5666	AF-0000000211288882	shard_1064_batch_2.tar	94900224	261723	2039825920	4478829
6233	5478	AF-0000000211287226	shard_1006_batch_1.tar	107804160	211417	1879375872	3034925
6235	5675	AF-0000000211289039	shard_1081_batch_0.tar	76824576	280680	4626889216	5939955
6235	5805	AF-0000000211289999	shard_1111_batch_0.tar	198559744	280857	5604224000	5563565
6241	5909	AF-0000000211290744	shard_412_batch_0.tar	28973056	135350	1184132608	1255458
6245	5954	AF-0000000211576321	shard_998_batch_2.tar	52706304	214805	528008192	2998587
6252	5362	AF-0000000211285950	shard_906_batch_1.tar	126559744	163590	349974016	1974043
6285	5647	AF-0000000204007168	shard_386_batch_2.tar	123904	123882	340234752	1110384
6309	5966	AF-0000000204229834	shard_436_batch_3.tar	17398272	146626	467693568	1522380
6340	5750	AF-0000000211289726	shard_906_batch_1.tar	115145216	167606	728070144	1832772
6343	5662	AF-0000000211288853	shard_956_batch_1.tar	83272704	185577	2689878528	2609934
6372	5892	AF-0000000203747753	shard_916_batch_0.tar	150931456	169963	2223034880	2083941
6373	5393	AF-0000000211286283	shard_970_batch_0.tar	172236288	194387	2674455040	2580504
6373	5472	AF-0000000211287110	shard_354_batch_1.tar	16306688	107283	887705088	778882
6373	5546	AF-0000000211287643	shard_200_batch_0.tar	21750272	50919	152411648	157417
6373	5588	AF-0000000211287912	shard_934_batch_0.tar	105556480	178784	1345176576	2224982
6373	5778	AF-0000000211289864	shard_238_batch_0.tar	11587072	66194	382831104	273546
6373	5964	AF-0000000211578509	shard_1024_batch_0.tar	200760320	222823	3301384704	3488071
6389	5469	AF-0000000204627622	shard_1038_batch_1.tar	230411776	228355	1558503424	3753674
6408	5395	AF-0000000211286330	shard_1042_batch_0.tar	196407808	239926	521163264	4200949
6425	5882	AF-0000000205160485	shard_395_batch_0.tar	22647296	124445	1142057984	1081459
6427	5553	AF-0000000211287697	shard_256_batch_0.tar	63736832	72096	155471872	341416
6437	5758	AF-0000000203708243	shard_980_batch_0.tar	37867520	206805	3147440640	2679106
6439	5699	AF-0000000211289251	shard_432_batch_2.tar	102293504	147665	1455662592	1445756
6439	5788	AF-0000000211289913	shard_432_batch_2.tar	104635392	147669	1054010880	1427414
6439	5910	AF-0000000203957815	shard_956_batch_1.tar	12624896	188599	513291264	2469880
6443	5460	AF-0000000204755028	shard_430_batch_4.tar	90619392	144960	784124416	1438539
6448	5185	AF-0000000211179140	shard_1041_batch_0.tar	199158784	234441	1554350592	3812881
6469	5766	AF-0000000211289769	shard_236_batch_0.tar	4376064	62866	270785024	250030
6487	5236	AF-0000000211196631	shard_946_batch_1.tar	174726144	180144	2265249280	2144502
6491	5842	AF-0000000203911921	shard_1006_batch_1.tar	116365824	216931	425340928	3393414
6491	5904	AF-0000000203911944	shard_452_batch_2.tar	152077824	157557	1369080320	1761679
6493	5846	AF-0000000204118686	shard_410_batch_2.tar	116781056	131672	667286528	1264401
6497	5394	AF-0000000204242287	shard_408_batch_3.tar	49113088	133052	733871104	1238991
6497	5561	AF-0000000211287734	shard_928_batch_1.tar	73268736	170220	1183214592	2193275
6501	5208	AF-0000000211194493	shard_1073_batch_0.tar	256198656	273313	1082371072	5230746
6506	5154	AF-0000000211161671	shard_1046_batch_0.tar	190291968	239139	1255815168	3920071
6512	5912	AF-0000000203796084	shard_372_batch_1.tar	73261056	114991	465259520	885349
6518	5481	AF-0000000211287266	shard_1166_batch_0.tar	331849216	336089	8704921600	7840139
6551	5800	AF-0000000211289986	shard_1124_batch_0.tar	99713536	291335	4314209280	5836045
6560	5579	AF-0000000204625926	shard_992_batch_2.tar	4733952	202997	210173440	3063548
6570	5699	AF-0000000211289252	shard_980_batch_0.tar	12154368	195871	2714015232	2701907
6576	5154	AF-0000000211161672	shard_1034_batch_0.tar	34700288	230196	1122784256	3653527
6580	5993	AF-0000000211579657	shard_1168_batch_0.tar	276269568	351842	2126334464	8492414
6607	5233	AF-0000000211196520	shard_1028_batch_0.tar	157463552	226998	2059470336	3683888
6628	5233	AF-0000000211196521	shard_998_batch_0.tar	197987840	205597	1561423872	3065877
6638	5597	AF-0000000211287959	shard_1166_batch_0.tar	89822720	347627	1250843136	8695944
6647	5608	AF-0000000211288052	shard_1026_batch_1.tar	49618432	226885	2877061632	3629706
6647	5609	AF-0000000211288061	shard_1020_batch_1.tar	15635456	220041	3332387840	3400890
6647	5837	AF-0000000211290258	shard_434_batch_3.tar	89444352	145289	524084736	1576769
6657	5909	AF-0000000211290749	shard_420_batch_0.tar	56694272	139615	1237649408	1331654
6673	5788	AF-0000000211289915	shard_882_batch_0.tar	37657600	155979	1081411584	1688328
6678	5748	AF-0000000211289721	shard_364_batch_0.tar	88595456	110717	960574976	839431
6692	5993	AF-0000000211579658	shard_1160_batch_0.tar	177858048	335390	4659454976	7840892
6706	5362	AF-0000000211285966	shard_258_batch_0.tar	45488128	71195	153834496	319849
6721	5527	AF-0000000211287507	shard_442_batch_1.tar	8046592	150089	1241065984	1650470
6722	5559	AF-0000000211287727	shard_374_batch_0.tar	89501184	117277	1105819136	972603
6723	5356	AF-0000000203685796	shard_930_batch_0.tar	29835776	177389	593913856	2196683
6744	5164	AF-0000000204579144	shard_924_batch_1.tar	47691776	175974	1361760768	2210278
6745	5180	AF-0000000211178774	shard_288_batch_0.tar	78087168	81388	542828032	475134
6745	5181	AF-0000000211178776	shard_338_batch_0.tar	34238464	99470	536668160	730941
6755	5385	AF-0000000203930164	shard_430_batch_2.tar	66991104	143806	646885376	1436588
6755	5933	AF-0000000203930172	shard_428_batch_2.tar	116553728	142930	406586880	1415115
6760	5385	AF-0000000203928873	shard_444_batch_2.tar	135622656	151354	910763520	1632503
6760	5933	AF-0000000203928882	shard_444_batch_2.tar	97220608	150170	1521909248	1600469
6769	5918	AF-0000000203477089	shard_1160_batch_0.tar	109040640	328118	756063232	8257729
6789	5385	AF-0000000203952790	shard_426_batch_2.tar	93221888	141490	623671808	1398761
6789	5933	AF-0000000203952794	shard_424_batch_2.tar	130093056	140529	1460890112	1380600
6820	5350	AF-0000000203949686	shard_1064_batch_1.tar	220261376	262518	3687643648	5073113
6837	5478	AF-0000000211287232	shard_1028_batch_2.tar	30272512	235192	887587840	3662260
6842	5659	AF-0000000204269288	shard_428_batch_3.tar	113671168	142443	916944384	1431601
6843	5362	AF-0000000211285972	shard_268_batch_0.tar	56033280	74692	347899392	365602
6848	5556	AF-0000000204245866	shard_918_batch_1.tar	164194816	172850	2357217280	1979963
6869	5244	AF-0000000211196818	shard_322_batch_1.tar	35567104	93904	676677120	630164
6887	5291	AF-0000000204731500	shard_416_batch_4.tar	71600640	137356	522643456	1354522
6888	5742	AF-0000000211289685	shard_302_batch_3.tar	78213632	86965	375956992	512799
6889	5401	AF-0000000211286352	shard_1161_batch_0.tar	133918208	319014	5178416640	7207126
6889	5739	AF-0000000204702762	shard_1062_batch_2.tar	101672960	254940	1915709440	4836352
6893	5199	AF-0000000211180455	shard_1036_batch_2.tar	15052800	231121	1618184192	3756840
6893	5227	AF-0000000211196126	shard_1034_batch_2.tar	55047680	228204	1210899968	3647837
6893	5263	AF-0000000211218060	shard_1038_batch_2.tar	32846336	232705	1632871424	3795476
6893	5725	AF-0000000211289465	shard_986_batch_2.tar	5668864	196048	541379584	2798488
6893	5772	AF-0000000211289859	shard_988_batch_2.tar	18749440	199773	857483264	2830139
6893	5804	AF-0000000211289998	shard_1000_batch_2.tar	4003840	205561	283856384	3019119
6893	5864	AF-0000000211290518	shard_1024_batch_2.tar	91921408	221717	1459077120	3470662
6893	5943	AF-0000000211293691	shard_1016_batch_2.tar	75774464	214668	1322484224	3344389
6893	5985	AF-0000000211579171	shard_1087_batch_0.tar	216139264	285250	6136638976	5614582
6899	5843	AF-0000000211290335	shard_448_batch_3.tar	102422016	158993	1164339712	1620800
6909	5810	AF-0000000211290059	shard_982_batch_0.tar	174461952	204140	1435086848	3032804
6915	5472	AF-0000000211287112	shard_426_batch_0.tar	59697152	140353	582285824	1280300
6932	5909	AF-0000000211290750	shard_380_batch_0.tar	93957632	120726	747966976	982456
6950	5798	AF-0000000211289945	shard_1016_batch_1.tar	66600960	222335	838020096	3569098
6963	5800	AF-0000000204012324	shard_1012_batch_1.tar	62130176	218909	1077710848	3336395
6973	5174	AF-0000000211177876	shard_410_batch_0.tar	21193216	129094	672928768	1254025
6973	5393	AF-0000000211286296	shard_996_batch_0.tar	153681408	206339	2999938560	2988359
6973	5964	AF-0000000211578510	shard_1042_batch_0.tar	122499072	233932	2432691200	3966200
6976	5649	AF-0000000211288533	shard_990_batch_1.tar	167623680	195450	2409476608	2761247
7023	5385	AF-0000000211286259	shard_446_batch_2.tar	6393344	150656	1965749760	1639034
7023	5933	AF-0000000211293646	shard_444_batch_2.tar	8483328	150058	614930432	1611757
7043	5668	AF-0000000211288897	shard_986_batch_1.tar	112304128	198001	1160284160	2704316
7061	5975	AF-0000000211578817	shard_1138_batch_0.tar	133748736	308185	791482880	6635505
7069	5959	AF-0000000203641790	shard_172_batch_0.tar	9787392	31202	55654912	52367
7080	5342	AF-0000000203839964	shard_192_batch_0.tar	43776000	44761	87810560	125685
7090	5342	AF-0000000203835922	shard_194_batch_0.tar	25562112	44901	131265536	136162
7091	5342	AF-0000000203836177	shard_192_batch_0.tar	11980288	44850	171412992	135128
7092	5342	AF-0000000203841860	shard_192_batch_0.tar	41756672	44891	209394176	126094
7120	5993	AF-0000000211579659	shard_1179_batch_0.tar	121276416	421148	4378356736	12542660
7185	5993	AF-0000000211579660	shard_1174_batch_0.tar	98908672	367548	3734816256	9347816
7212	5878	AF-0000000211290575	shard_982_batch_2.tar	60341760	195663	207065600	2705632
7213	5532	AF-0000000211287554	shard_1052_batch_0.tar	69524992	246309	4777690624	4207315
7220	5362	AF-0000000211285979	shard_406_batch_4.tar	116940800	134327	1132750336	1192806
7226	5268	AF-0000000211283194	shard_1022_batch_0.tar	65253376	226940	2395283456	3302854
7237	5699	AF-0000000211289254	shard_910_batch_1.tar	40803328	168397	1973931520	1848888
7272	5357	AF-0000000211285873	shard_416_batch_4.tar	124405760	137381	573298688	1341797
7272	5368	AF-0000000211286161	shard_1034_batch_2.tar	17936896	224816	1610845696	3675144
7272	5648	AF-0000000211288527	shard_424_batch_4.tar	45376000	138459	715691008	1436073
7272	5827	AF-0000000211290228	shard_934_batch_2.tar	28363776	176360	947951104	2096214
7277	5342	AF-0000000203835686	shard_194_batch_0.tar	40925696	45065	156484096	135637
7284	5385	AF-0000000203929869	shard_436_batch_2.tar	14097408	145257	1357811200	1503224
7284	5933	AF-0000000203929872	shard_434_batch_1.tar	97949184	144405	670260224	1480653
7286	5793	AF-0000000203930392	shard_960_batch_1.tar	89698304	180201	2272321024	2347958
7287	5793	AF-0000000205110032	shard_953_batch_0.tar	26038272	178947	2119471104	2285883
7290	5793	AF-0000000203931110	shard_942_batch_1.tar	63077376	173721	2086694400	2181033
7299	5269	AF-0000000211284308	shard_986_batch_0.tar	134345216	198540	718305792	2979563
7310	5401	AF-0000000211286355	shard_1175_batch_0.tar	256799232	358838	9087804928	8841224
7311	5375	AF-0000000203757264	shard_1038_batch_0.tar	226192384	240604	3761452544	4026038
7329	5746	AF-0000000211289718	shard_1134_batch_0.tar	96612864	301013	4414772736	6524879
7344	5597	AF-0000000211287961	shard_1186_batch_0.tar	72863232	408492	2885292544	11688441
7349	5793	AF-0000000203931120	shard_948_batch_1.tar	180242432	176370	2187242496	2257419
7358	5442	AF-0000000211286692	shard_1169_batch_0.tar	148320768	340836	5494040576	8344908
7358	5973	AF-0000000205108900	shard_1023_batch_0.tar	99035136	220088	3206427136	3469087
7369	5572	AF-0000000211287824	shard_412_batch_1.tar	79368192	132917	1314339840	1253420
7430	5975	AF-0000000211578818	shard_1178_batch_0.tar	99385856	428541	4291978240	12949030
7440	5960	AF-0000000211576342	shard_884_batch_2.tar	27038208	156734	736073216	1756142
7459	5592	AF-0000000204617707	shard_428_batch_3.tar	6324736	146663	1685438976	1499190
7473	5311	AF-0000000211285424	shard_408_batch_4.tar	101868032	134465	430904832	1259810
7489	5823	AF-0000000203940788	shard_1044_batch_1.tar	197193216	240975	3124134912	4009649
7494	5307	AF-0000000203685336	shard_1026_batch_0.tar	168441344	225520	1264290816	3670096
7508	5613	AF-0000000211288143	shard_1058_batch_0.tar	163933696	245110	1109580288	4467719
7537	5882	AF-0000000203979772	shard_998_batch_1.tar	168256000	208736	2878091264	2948934
7538	5154	AF-0000000211161673	shard_1038_batch_0.tar	23656448	232884	942414848	3753426
7545	5154	AF-0000000211161674	shard_1040_batch_0.tar	73350144	234494	2720172032	3804751
7546	5227	AF-0000000211196127	shard_955_batch_0.tar	75603456	184766	1363062784	2401626
7560	5708	AF-0000000211289307	shard_976_batch_0.tar	139900928	197409	1428900352	2627747
7561	5401	AF-0000000211286358	shard_1154_batch_0.tar	162567680	310601	1355245568	6707343
7587	5771	AF-0000000211289838	shard_1166_batch_0.tar	127510528	338878	1192968704	7971613
7588	5907	AF-0000000203940382	shard_1044_batch_1.tar	206357504	237628	1450536960	4004983
7613	5375	AF-0000000203757807	shard_1030_batch_0.tar	132432896	233289	1359192576	3728164
7619	5678	AF-0000000211289078	shard_1185_batch_0.tar	45101056	398965	3577697280	10990517
7624	5452	AF-0000000204227205	shard_960_batch_1.tar	2453504	191551	717573632	2587045
7624	5479	AF-0000000211287256	shard_450_batch_3.tar	82773504	157640	626052096	1738719
7635	5475	AF-0000000211287134	shard_1054_batch_1.tar	133045760	241193	498811904	4107870
7659	5385	AF-0000000203930028	shard_972_batch_1.tar	155812352	178703	2177981952	2502936
7659	5933	AF-0000000203930033	shard_970_batch_1.tar	179533312	178167	2038514176	2488065
7677	5882	AF-0000000205105942	shard_372_batch_4.tar	23919104	117544	244985856	916610
7682	5209	AF-0000000211194656	shard_910_batch_1.tar	125386240	166976	2292792320	2076060
7695	5213	AF-0000000211194798	shard_956_batch_1.tar	133457920	189898	618365440	2525755
7698	5304	AF-0000000203937175	shard_376_batch_1.tar	88774656	115916	256912384	980792
7699	5816	AF-0000000211290090	shard_1164_batch_0.tar	150369792	343077	5308185600	7767499
7735	5209	AF-0000000211194657	shard_396_batch_4.tar	5594112	128148	557338624	1181245
7735	5516	AF-0000000204719880	shard_450_batch_4.tar	25342464	158945	743341056	1816071
7735	5768	AF-0000000204719892	shard_384_batch_4.tar	94951936	122521	969772544	1071330
7739	5362	AF-0000000211285984	shard_982_batch_0.tar	36873216	201560	1306888192	2934697
7744	5272	AF-0000000211284344	shard_888_batch_1.tar	36366336	157090	658775552	1699856
7753	5209	AF-0000000211194658	shard_900_batch_1.tar	118712320	165563	1698074112	1991913
7753	5516	AF-0000000203945731	shard_976_batch_1.tar	188011520	196887	1177274880	2912322
7753	5768	AF-0000000203945739	shard_452_batch_2.tar	152118272	160276	1689836032	1858183
7759	5779	AF-0000000203615960	shard_1056_batch_0.tar	21947392	253280	3285324800	4580133
7772	5234	AF-0000000211196586	shard_904_batch_1.tar	130511872	165150	2192020992	1891891
7776	5299	AF-0000000204821343	shard_1059_batch_0.tar	57353728	250899	3259420160	4742541
7784	5209	AF-0000000211194660	shard_396_batch_3.tar	2669056	127472	1111772672	1204471
7784	5768	AF-0000000204658591	shard_386_batch_3.tar	71193600	122450	566407168	1063689
7790	5618	AF-0000000211288267	shard_320_batch_4.tar	5974016	93290	702248448	546361
7792	5342	AF-0000000203840250	shard_192_batch_0.tar	26749952	44721	169033216	126418
7800	5209	AF-0000000211194661	shard_394_batch_4.tar	67308032	127348	1286582784	1146282
7800	5516	AF-0000000204719850	shard_448_batch_4.tar	21250560	157965	1453059072	1808202
7800	5768	AF-0000000204719861	shard_382_batch_4.tar	92540928	121500	405709824	1045127
7826	5750	AF-0000000204436328	shard_394_batch_3.tar	20614144	123727	576571904	1043997
7829	5304	AF-0000000205105697	shard_390_batch_4.tar	102857216	119412	410502656	1069290
7842	5542	AF-0000000204780126	shard_432_batch_4.tar	122569216	143918	1391349248	1476463
7852	5966	AF-0000000211578532	shard_226_batch_3.tar	3809792	59664	293446144	219867
7867	5728	AF-0000000211289518	shard_1024_batch_0.tar	214114304	224678	672299008	3598891
7899	5766	AF-0000000211289778	shard_1044_batch_0.tar	60345856	247761	2423913472	4396104
7946	5188	AF-0000000211179172	shard_938_batch_1.tar	6647296	182246	2630502400	2363762
7978	5422	AF-0000000211286579	shard_952_batch_1.tar	85286912	184746	2200955392	2393365
7978	5636	AF-0000000211288388	shard_988_batch_1.tar	156224000	201885	2243745792	2850777
7989	5894	AF-0000000204023898	shard_1038_batch_1.tar	147165696	239889	2799751680	4137512
8027	5766	AF-0000000211289779	shard_998_batch_0.tar	67966464	200179	746207232	2843660
8034	5408	AF-0000000211286474	shard_912_batch_0.tar	163848192	167320	1854139392	1901135
8034	5688	AF-0000000211289154	shard_1022_batch_0.tar	22230016	221085	815100928	3375588
8034	5845	AF-0000000211290421	shard_1076_batch_0.tar	45733376	271536	1634605056	5143094
8110	5797	AF-0000000204130261	shard_1028_batch_1.tar	218109440	230940	4019213824	3789591
8124	5430	AF-0000000211286644	shard_1166_batch_0.tar	73777152	334932	3797493760	7801542
8124	5655	AF-0000000211288667	shard_1036_batch_1.tar	156259328	224766	2858626560	3589497
8129	5622	AF-0000000211288275	shard_1060_batch_2.tar	52217856	257584	2219648512	4469249
8141	5953	AF-0000000211575800	shard_422_batch_2.tar	3067392	144872	540651520	1326983
8153	5728	AF-0000000211289519	shard_1040_batch_1.tar	183228928	234993	2314896896	4125479
8156	5894	AF-0000000211290678	shard_1034_batch_1.tar	82527744	235202	3880655360	4012717
8165	5209	AF-0000000211194662	shard_916_batch_1.tar	47311872	171782	899251712	2135791
8165	5768	AF-0000000211289819	shard_900_batch_1.tar	77738496	166633	1759168000	1997062
8174	5912	AF-0000000203477949	shard_1034_batch_0.tar	73444864	234411	4072137728	4195802
8183	5320	AF-0000000211285471	shard_1058_batch_2.tar	115059712	258820	1026948096	4693729
8191	5362	AF-0000000211285987	shard_1006_batch_0.tar	135967744	217543	2709939200	3241344
8199	5241	AF-0000000204683892	shard_932_batch_2.tar	79427072	176095	370660352	2192526
8199	5342	AF-0000000204683860	shard_426_batch_4.tar	30016512	141565	1483078656	1417399
8200	5570	AF-0000000211287807	shard_1126_batch_0.tar	194306560	275963	3778851840	5738890
8218	5195	AF-0000000203926161	shard_398_batch_1.tar	86692864	127444	270033920	1140286
8219	5826	AF-0000000204032132	shard_930_batch_1.tar	69041152	180069	2147257856	2104127
8234	5359	AF-0000000211285890	shard_388_batch_3.tar	33725952	123343	606394880	1029597
8234	5863	AF-0000000204437087	shard_332_batch_2.tar	10137088	100300	799331328	685859
8237	5739	AF-0000000211289665	shard_1064_batch_2.tar	43341824	262936	1565107200	4958761
8244	5696	AF-0000000211289216	shard_1066_batch_0.tar	88544256	262769	5001733120	5126491
8252	5298	AF-0000000203499980	shard_1096_batch_0.tar	46148096	313707	5629382656	7429738
8252	5510	AF-0000000203499976	shard_1074_batch_0.tar	145907712	266540	2137077248	5320234
8278	5845	AF-0000000211290422	shard_1020_batch_0.tar	179216896	221798	1850889728	3426091
8281	5766	AF-0000000211289781	shard_228_batch_0.tar	8921088	60857	284984832	230376
8351	5662	AF-0000000204564854	shard_906_batch_1.tar	29586944	166087	1092070912	2019367
8354	5666	AF-0000000205112161	shard_1077_batch_0.tar	244705280	279854	4116317696	5257732
8359	5362	AF-0000000211285989	shard_314_batch_0.tar	5608960	92471	516447744	561336
8367	5362	AF-0000000211285990	shard_922_batch_1.tar	140672000	169956	630825472	2063774
8381	5238	AF-0000000211196700	shard_1024_batch_1.tar	180181504	216573	900588032	3659171
8384	5350	AF-0000000203954015	shard_1158_batch_0.tar	124049920	326479	7389697024	8253811
8387	5532	AF-0000000204173323	shard_1072_batch_1.tar	73111040	269885	3000564224	5084457
8392	5530	AF-0000000211287525	shard_1036_batch_0.tar	66693632	234004	2817543168	3741791
8461	5961	AF-0000000211576381	shard_995_batch_0.tar	182842880	210179	2417336320	3196903
8474	5546	AF-0000000205108767	shard_172_batch_2.tar	4758016	29578	86173696	43417
8474	5590	AF-0000000205108779	shard_340_batch_4.tar	99194880	103520	709339136	633127
8481	5973	AF-0000000205111738	shard_1065_batch_0.tar	133545472	253600	5042642944	4601701
8482	5271	AF-0000000211284336	shard_944_batch_2.tar	54008320	180594	268929536	2247064
8485	5572	AF-0000000211287827	shard_1044_batch_0.tar	88180224	233057	4270505984	3986081
8524	5350	AF-0000000211285765	shard_1144_batch_0.tar	77760512	308095	922546688	7053840
8529	5362	AF-0000000211285993	shard_372_batch_2.tar	25793024	116218	1093010944	914093
8538	5362	AF-0000000211285994	shard_1002_batch_2.tar	49694720	212058	390016512	3068500
8547	5973	AF-0000000205103582	shard_372_batch_4.tar	24270336	116116	656964608	961086
8548	5973	AF-0000000205109387	shard_370_batch_4.tar	42618880	116725	762996736	954370
8549	5498	AF-0000000211287390	shard_1029_batch_0.tar	116911104	226473	2715909632	3682264
8549	5973	AF-0000000205107639	shard_370_batch_4.tar	55302656	116333	780327936	962738
8551	5246	AF-0000000205105294	shard_362_batch_4.tar	30599168	111696	310394368	917489
8551	5973	AF-0000000205105308	shard_370_batch_4.tar	73369600	116075	1012065792	966311
8563	5715	AF-0000000211289400	shard_922_batch_0.tar	40675840	177921	1089905152	2059824
8567	5342	AF-0000000203836555	shard_194_batch_0.tar	13424640	45067	90240000	136012
8572	5876	AF-0000000211290555	shard_1016_batch_1.tar	105884672	219707	1111009792	3351507
8586	5234	AF-0000000211196590	shard_324_batch_0.tar	36652544	95061	193250304	606793
8644	5233	AF-0000000211196522	shard_1020_batch_1.tar	91770880	219557	869390848	3402648
8651	5359	AF-0000000211285891	shard_432_batch_0.tar	146944	144955	1482780160	1505369
8655	5393	AF-0000000211286300	shard_1065_batch_0.tar	144223232	259649	3381857792	4726693
8671	5372	AF-0000000203579764	shard_256_batch_0.tar	8111616	71008	454917120	332111
8686	5217	AF-0000000211194946	shard_348_batch_1.tar	94956544	101287	377505280	732535
8700	5909	AF-0000000211290753	shard_400_batch_0.tar	27969024	129221	1133852672	1149953
8719	5993	AF-0000000211579663	shard_1177_batch_0.tar	227978752	379767	7598391296	10031706
8720	5423	AF-0000000203900289	shard_306_batch_1.tar	34519040	87183	623929856	513235
8728	5793	AF-0000000203931215	shard_952_batch_1.tar	125415936	177640	1467127808	2280152
8777	5436	AF-0000000203621832	shard_422_batch_0.tar	78517248	134615	1609841664	1297759
8799	5731	AF-0000000211289569	shard_922_batch_1.tar	101212160	174608	1659240448	2214921
8816	5362	AF-0000000211285997	shard_444_batch_1.tar	101100544	155569	1766564352	1733811
8817	5696	AF-0000000211289217	shard_256_batch_0.tar	65233408	69191	368966144	342112
8818	5542	AF-0000000204202189	shard_406_batch_2.tar	40752640	129141	691558400	1157569
8830	5268	AF-0000000211283199	shard_900_batch_1.tar	143279104	165103	1790189568	1893475
8830	5638	AF-0000000204243996	shard_1000_batch_1.tar	116522496	208715	3334318080	2912655
8830	5843	AF-0000000211290353	shard_880_batch_1.tar	123141632	152655	637449728	1642079
8837	5715	AF-0000000211289401	shard_886_batch_0.tar	106198528	162724	2086738944	1704445
8855	5375	AF-0000000203756354	shard_1034_batch_0.tar	112567296	233518	526289408	3948159
8870	5478	AF-0000000211287233	shard_1020_batch_2.tar	61613056	214605	857595392	3135382
8884	5217	AF-0000000204181379	shard_444_batch_3.tar	35230208	149508	699592192	1720747
8891	5843	AF-0000000211290355	shard_434_batch_3.tar	91504128	149169	944083456	1438820
8899	5298	AF-0000000211285290	shard_1016_batch_0.tar	83678720	215867	3795300864	3549742
8924	5954	AF-0000000211576323	shard_1076_batch_2.tar	50784768	277349	2632241152	4921005
8930	5543	AF-0000000211287630	shard_1054_batch_1.tar	132297216	251216	539219456	4682530
8935	5164	AF-0000000204580201	shard_898_batch_2.tar	62854656	165159	799920128	1980881
8955	5357	AF-0000000204454027	shard_1062_batch_2.tar	23770624	260730	2257047552	4891666
8996	5234	AF-0000000211196592	shard_972_batch_1.tar	116174848	196505	2810502144	2493369
9007	5659	AF-0000000211288835	shard_438_batch_3.tar	94480384	147878	1626413056	1548219
9036	5579	AF-0000000204625896	shard_1018_batch_2.tar	9545216	217353	511545856	3555754
9051	5762	AF-0000000203890890	shard_206_batch_0.tar	28397568	52352	198904832	171186
9059	5214	AF-0000000211194812	shard_880_batch_0.tar	58390528	155411	1285608448	1728486
9078	5280	AF-0000000203931884	shard_1134_batch_0.tar	128961536	296081	4339012608	6027412
9080	5597	AF-0000000211287968	shard_1187_batch_0.tar	78406656	407445	3001435648	11984016
9094	5375	AF-0000000211286189	shard_1002_batch_1.tar	98023936	215292	554156544	3137833
9097	5927	AF-0000000211291153	shard_354_batch_0.tar	56057344	110451	834194432	809312
9102	5321	AF-0000000204324749	shard_452_batch_3.tar	135232000	162099	1172716544	1834321
9118	5362	AF-0000000211286004	shard_996_batch_0.tar	415232	209410	3274680832	3082119
9125	5362	AF-0000000211286005	shard_882_batch_0.tar	119443968	155272	698193920	1710660
9138	5882	AF-0000000205109231	shard_366_batch_4.tar	29667840	114013	1054568960	870590
9143	5882	AF-0000000203979673	shard_376_batch_1.tar	20580864	118335	1134206976	940653
9164	5209	AF-0000000211194668	shard_892_batch_1.tar	24926208	164119	1066184192	1941834
9164	5516	AF-0000000203945023	shard_970_batch_1.tar	85748736	194891	795584512	2851000
9164	5728	AF-0000000211289526	shard_970_batch_1.tar	20436480	197880	3017102848	2875585
9164	5768	AF-0000000203945039	shard_448_batch_2.tar	103105536	159252	1140521472	1824532
9182	5164	AF-0000000211161797	shard_426_batch_0.tar	13559808	143179	1086667776	1445062
9190	5728	AF-0000000211289527	shard_964_batch_1.tar	93027328	194361	528664064	2783864
9206	5510	AF-0000000203499803	shard_396_batch_0.tar	38440960	122505	416412160	1093996
9219	5362	AF-0000000211286006	shard_992_batch_1.tar	79962624	209140	2441759232	3139502
9223	5649	AF-0000000211288540	shard_296_batch_1.tar	23160320	86906	562965504	490080
9227	5827	AF-0000000211290232	shard_422_batch_0.tar	78239744	141178	1643900928	1334658
9242	5299	AF-0000000204208248	shard_1124_batch_0.tar	56640000	290264	796548608	6297779
9251	5825	AF-0000000204416796	shard_374_batch_3.tar	71843328	119591	412950528	973878
9266	5209	AF-0000000211194669	shard_452_batch_2.tar	129607168	161394	855756288	1885357
9266	5516	AF-0000000203945553	shard_964_batch_1.tar	144693248	192150	1076562944	2805506
9266	5728	AF-0000000211289528	shard_966_batch_1.tar	144267776	194498	1519700992	2790665
9266	5768	AF-0000000203945574	shard_444_batch_2.tar	94440448	155998	803712000	1759572
9378	5826	AF-0000000211290221	shard_968_batch_1.tar	32860672	195026	2338461696	2609212
9447	5449	AF-0000000205104549	shard_204_batch_3.tar	10255872	50561	243383296	148419
9465	5649	AF-0000000211288542	shard_1066_batch_0.tar	76502016	253737	751031808	4504266
9472	5215	AF-0000000211194840	shard_998_batch_2.tar	86842368	204569	288386048	3344927
9492	5209	AF-0000000211194670	shard_448_batch_2.tar	132740608	157573	1290612224	1825060
9492	5516	AF-0000000211287493	shard_960_batch_1.tar	139914240	188181	1256311296	2678933
9492	5728	AF-0000000211289531	shard_960_batch_1.tar	177219584	191258	1614001664	2705412
9492	5768	AF-0000000211289820	shard_442_batch_2.tar	16140288	152551	636166656	1709057
9493	5999	AF-0000000203810640	shard_932_batch_0.tar	34752512	179310	2441141760	2361588
9499	5842	AF-0000000211290300	shard_1026_batch_1.tar	30294016	230130	2834201088	3699023
9500	5330	AF-0000000211285585	shard_958_batch_0.tar	125939712	187701	1514333696	2483142
9544	5675	AF-0000000203631719	shard_1062_batch_0.tar	251501056	255416	4210226176	4795606
9547	5986	AF-0000000211579248	shard_1168_batch_0.tar	232488960	349486	6793025024	7841085
9577	5973	AF-0000000203956691	shard_1020_batch_1.tar	114348032	226139	3466862080	3578812
9589	5579	AF-0000000203785064	shard_1002_batch_0.tar	206272000	209357	2871547392	3143407
9613	5914	AF-0000000203540463	shard_942_batch_0.tar	115821568	179286	448121344	2393662
9619	5655	AF-0000000211288668	shard_426_batch_4.tar	11550208	143334	918635520	1407333
9623	5678	AF-0000000211289080	shard_1177_batch_0.tar	357852160	382537	3121572352	10723034
9643	5630	AF-0000000211288336	shard_912_batch_1.tar	70972416	168512	713739776	2016160
9647	5456	AF-0000000211286828	shard_1030_batch_0.tar	172420608	223528	3111586304	3549946
9660	5658	AF-0000000211288798	shard_946_batch_2.tar	81008640	186402	823291904	2358420
9663	5513	AF-0000000211287475	shard_388_batch_0.tar	116015616	123867	1271854080	1034407
9689	5953	AF-0000000211575805	shard_976_batch_0.tar	133564928	201918	412133888	2639856
9697	5993	AF-0000000211579664	shard_1156_batch_0.tar	283896832	329513	2954526208	7488229
9730	5947	AF-0000000211293943	shard_998_batch_0.tar	117363200	206100	1689420800	2897551
9731	5805	AF-0000000211290010	shard_1047_batch_0.tar	20196352	241762	3044215808	4358875
9748	5571	AF-0000000204772369	shard_1026_batch_2.tar	30943232	225683	1818260480	3836871
9754	5300	AF-0000000211285307	shard_988_batch_0.tar	11988480	201106	887886336	3026368
9787	5234	AF-0000000211196596	shard_898_batch_0.tar	89174016	162813	1684367360	1770732
9790	5516	AF-0000000203793121	shard_968_batch_0.tar	40418304	194174	448831488	2792194
9790	5768	AF-0000000203793133	shard_446_batch_1.tar	1859584	158199	526015488	1797539
9820	5342	AF-0000000205160976	shard_194_batch_0.tar	22168576	46233	108263936	135113
9826	5916	AF-0000000204820988	shard_1014_batch_2.tar	3721216	215792	467422208	3392742
9831	5851	AF-0000000211290478	shard_932_batch_1.tar	139830272	179934	1620766720	2100884
9851	5375	AF-0000000211286190	shard_1053_batch_0.tar	229103616	251265	2897904128	4465474
9854	5953	AF-0000000211575806	shard_410_batch_2.tar	52781568	135190	563680768	1238071
9858	5649	AF-0000000211288544	shard_290_batch_3.tar	27401728	82443	426216960	456695
9862	5342	AF-0000000203837880	shard_296_batch_0.tar	46460928	81566	322193408	493018
9921	5209	AF-0000000211194674	shard_936_batch_1.tar	18097664	180774	2192154112	2372896
9933	5825	AF-0000000203771511	shard_940_batch_0.tar	164498944	182567	441206272	2458529
9953	5272	AF-0000000211284351	shard_372_batch_0.tar	47272960	114104	1082860544	947030
9968	5342	AF-0000000204441974	shard_1000_batch_1.tar	204581376	212821	701533696	3307276
9972	5365	AF-0000000204726409	shard_1054_batch_2.tar	46483968	248947	1763690496	4603514
10000	5897	AF-0000000211290683	shard_1038_batch_1.tar	113577984	237252	1813724672	4180636
10001	5548	AF-0000000204113605	shard_1168_batch_0.tar	312674816	326566	5539874304	8174850
10003	5516	AF-0000000203785713	shard_1132_batch_0.tar	56548864	302039	2976216576	6212859
10011	5530	AF-0000000211287526	shard_448_batch_2.tar	37272576	153722	983521280	1644996
10015	5458	AF-0000000211287012	shard_1170_batch_0.tar	161798144	348963	3926810112	8675898
10028	5342	AF-0000000203834962	shard_194_batch_0.tar	25516032	45188	160929280	135590
10029	5342	AF-0000000203835203	shard_194_batch_0.tar	16737792	45050	119230976	135619
10059	5727	AF-0000000203544493	shard_1072_batch_0.tar	98721280	260054	2271977472	4749127
10067	5649	AF-0000000211288545	shard_982_batch_1.tar	102596608	194223	2380819968	2618956
10081	5401	AF-0000000211286376	shard_1131_batch_0.tar	126415360	288884	5617920512	5616426
10099	5918	AF-0000000204029613	shard_1020_batch_1.tar	141820416	223242	2327954944	3816368
10103	5662	AF-0000000204674737	shard_964_batch_2.tar	46147584	187536	1141062656	2621050
10105	5805	AF-0000000211290014	shard_1081_batch_0.tar	123344896	281413	3034819072	5666699
10113	5993	AF-0000000211579667	shard_1098_batch_0.tar	81349120	329098	7025039872	7596808
10115	5401	AF-0000000211286377	shard_1168_batch_0.tar	211319296	340309	8513048576	8025019
10123	5547	AF-0000000211287658	shard_1048_batch_0.tar	155578368	245718	1375042560	4293771
10136	5362	AF-0000000211286020	shard_386_batch_2.tar	115844608	120086	598351360	1088374
10137	5732	AF-0000000211289585	shard_1036_batch_1.tar	4444672	231744	1116019200	3697631
10142	5938	AF-0000000203647193	shard_234_batch_0.tar	28177920	63303	359715840	258297
10166	5592	AF-0000000203482970	shard_992_batch_0.tar	124429312	209450	647070208	3123573
10181	5164	AF-0000000204727044	shard_908_batch_2.tar	32471552	169557	888917504	2052467
10184	5527	AF-0000000211287515	shard_428_batch_0.tar	83924480	143693	819774464	1393058
10184	5798	AF-0000000211289952	shard_1040_batch_0.tar	36132864	239348	2675728384	4101978
10189	5209	AF-0000000211194677	shard_890_batch_1.tar	114985984	161406	751911424	1884074
10189	5516	AF-0000000203945457	shard_968_batch_1.tar	79032832	192139	1642513408	2816621
10189	5768	AF-0000000203945470	shard_446_batch_2.tar	21323264	156033	418669568	1751358
10191	5662	AF-0000000203482008	shard_1058_batch_0.tar	185799168	251232	3433248256	4862158
10214	5592	AF-0000000204018366	shard_894_batch_1.tar	148460032	167077	981311488	1974571
10253	5802	AF-0000000211289996	shard_1048_batch_2.tar	18644480	244885	717986816	4381069
10268	5555	AF-0000000204645803	shard_410_batch_3.tar	66371584	133608	422362112	1259384
10272	5647	AF-0000000204744714	shard_240_batch_3.tar	38750720	65335	230099456	283094
10278	5385	AF-0000000203952727	shard_426_batch_2.tar	89803264	142140	716328448	1404284
10278	5933	AF-0000000203952734	shard_424_batch_2.tar	25254912	140502	283373056	1379478
10283	5272	AF-0000000211284355	shard_975_batch_0.tar	97723904	196828	517212672	2685191
10283	5456	AF-0000000211286841	shard_1097_batch_0.tar	231347200	317983	7177815040	6976356
10319	5513	AF-0000000203606674	shard_926_batch_0.tar	110542336	178861	531031040	2247364
10334	5721	AF-0000000211289443	shard_1012_batch_2.tar	46931968	214156	331338240	3370779
10348	5473	AF-0000000211287126	shard_422_batch_3.tar	52966912	139555	311755264	1372774
10357	5299	AF-0000000204035829	shard_1092_batch_1.tar	275211264	308434	5907428864	7183160
10357	5898	AF-0000000204035752	shard_1134_batch_0.tar	47564800	301515	1497744384	6534397
10377	5489	AF-0000000204612923	shard_402_batch_3.tar	59536896	126670	503524352	1084247
10383	5530	AF-0000000211287528	shard_930_batch_0.tar	98778624	172995	1763535872	2105633
10385	5530	AF-0000000211287529	shard_912_batch_1.tar	151143424	165483	2044485632	1895602
10398	5715	AF-0000000211289404	shard_1066_batch_0.tar	109761536	261766	2214141440	4376298
10402	5343	AF-0000000211285689	shard_976_batch_2.tar	41711616	193449	434840064	2780895
10402	5776	AF-0000000204751462	shard_1018_batch_2.tar	13770752	217512	1273831424	3569615
10406	5922	AF-0000000203634173	shard_204_batch_0.tar	31117312	50851	257392128	169997
10419	5646	AF-0000000211288513	shard_326_batch_2.tar	71030784	94622	230792192	609420
10446	5696	AF-0000000211289223	shard_1048_batch_0.tar	88149504	241153	3600716288	4393790
10483	5311	AF-0000000211285426	shard_406_batch_0.tar	15429632	133591	597484544	1230667
10502	5597	AF-0000000211287977	shard_1150_batch_0.tar	111661056	319964	778777600	7219559
10511	5828	AF-0000000204022667	shard_444_batch_2.tar	74527232	154894	1207739904	1682336
10524	5472	AF-0000000203510725	shard_970_batch_0.tar	65693696	192098	1234012672	2503101
10551	5349	AF-0000000204619500	shard_1014_batch_2.tar	50646016	220253	385891840	3306678
10551	5356	AF-0000000204619411	shard_988_batch_2.tar	67194368	203640	1013253120	2733543
10551	5638	AF-0000000204619469	shard_1072_batch_2.tar	126680064	266021	279917056	4671127
10551	5842	AF-0000000204619435	shard_1058_batch_2.tar	41134592	256443	370943488	4566586
10584	5855	AF-0000000211290494	shard_1116_batch_0.tar	216057856	298289	1843763200	5146269
10590	5843	AF-0000000211290368	shard_882_batch_1.tar	77571072	149738	968017408	1567885
10600	5649	AF-0000000211288551	shard_304_batch_1.tar	51400704	89921	293599232	537706
10636	5748	AF-0000000211289722	shard_390_batch_1.tar	47212544	121238	1282050048	995839
10636	5848	AF-0000000203715003	shard_404_batch_1.tar	124810752	125611	333654528	1157647
10638	5691	AF-0000000211289181	shard_1028_batch_2.tar	12609024	228570	1259131904	3755823
10652	5209	AF-0000000211194678	shard_398_batch_0.tar	83633152	127337	1198147072	1121004
10652	5763	AF-0000000211289760	shard_346_batch_0.tar	18385408	103361	625921024	720319
10652	5768	AF-0000000211289821	shard_386_batch_0.tar	36440576	122211	1209855488	1013462
10692	5553	AF-0000000211287701	shard_298_batch_0.tar	80027136	85728	621017088	483502
10697	5320	AF-0000000211285485	shard_404_batch_4.tar	89255936	133912	742312960	1217159
10701	5342	AF-0000000203837138	shard_192_batch_0.tar	37092352	44992	204876288	134687
10706	5304	AF-0000000203937121	shard_380_batch_1.tar	108983808	116730	770092032	1025197
10709	5708	AF-0000000211289309	shard_986_batch_0.tar	61619712	200361	1849298944	2746065
10717	5675	AF-0000000203631616	shard_1054_batch_0.tar	97934336	249891	1256637440	4594762
10750	5215	AF-0000000211194844	shard_998_batch_2.tar	60676096	206593	543563264	3325424
10776	5731	AF-0000000211289572	shard_1127_batch_0.tar	266425344	296935	3438279680	6243373
10777	5375	AF-0000000203757626	shard_1046_batch_0.tar	234696704	249662	2037753856	4359721
10795	5403	AF-0000000211286437	shard_390_batch_0.tar	111318528	123065	310467584	1095285
10797	5475	AF-0000000211287142	shard_974_batch_0.tar	181726208	190240	2706017792	2517145
10798	5203	AF-0000000211194319	shard_1114_batch_0.tar	581632	283465	5739258880	5926524
10799	5299	AF-0000000211285298	shard_1130_batch_0.tar	265340928	295007	5204713984	6278775
10801	5456	AF-0000000211286855	shard_1042_batch_0.tar	84585984	232538	533437440	3877103
10808	5675	AF-0000000203631901	shard_1030_batch_0.tar	55521792	229616	2326655488	3768074
10816	5188	AF-0000000211179190	shard_1064_batch_1.tar	153718272	262428	4147579904	4911050
10826	5650	AF-0000000203802271	shard_880_batch_0.tar	115865600	156565	1242807808	1526261
10827	5631	AF-0000000211288361	shard_1024_batch_2.tar	54322176	228126	809564672	3451212
10828	5375	AF-0000000203757017	shard_1062_batch_0.tar	158265344	261776	2781695488	4636452
10846	5214	AF-0000000211194814	shard_448_batch_0.tar	89763840	159529	405304320	1829061
10864	5393	AF-0000000211286304	shard_984_batch_2.tar	41004032	198899	751076352	2798245
10868	5697	AF-0000000211289239	shard_282_batch_1.tar	42803712	78268	189873664	419613
10882	5659	AF-0000000204270105	shard_432_batch_3.tar	57682432	143625	1713639424	1453189
10888	5472	AF-0000000203461113	shard_936_batch_0.tar	78474240	174530	631327744	2126336
10989	5209	AF-0000000211194681	shard_894_batch_1.tar	49645056	163238	1161226752	1930277
10989	5768	AF-0000000203944868	shard_448_batch_2.tar	110800896	158569	1390711808	1796310
11013	5385	AF-0000000203929637	shard_438_batch_2.tar	128727040	146152	1190466048	1524840
11013	5933	AF-0000000203929643	shard_436_batch_2.tar	85359616	145246	1713589248	1503334
11031	5510	AF-0000000211287456	shard_1020_batch_2.tar	98605056	212372	700334080	3329464
11047	5375	AF-0000000204817427	shard_967_batch_0.tar	136488448	192481	1209159680	2640520
11048	5363	AF-0000000211286123	shard_1047_batch_0.tar	97038848	240365	939540480	4333209
11073	5649	AF-0000000211288554	shard_258_batch_0.tar	35641856	73068	280165376	352930
11078	5269	AF-0000000211284311	shard_988_batch_0.tar	103361536	200370	1432670720	3040354
11079	5659	AF-0000000204270441	shard_440_batch_3.tar	105407488	148370	951883776	1569487
11101	5322	AF-0000000211285535	shard_418_batch_2.tar	74504704	139241	370947072	1356927
11108	5342	AF-0000000204700643	shard_206_batch_3.tar	26183680	50621	187065344	171848
11110	5666	AF-0000000204733362	shard_414_batch_4.tar	75468800	138790	677612544	1281538
11115	5843	AF-0000000211290373	shard_898_batch_2.tar	15265792	164075	846925824	1774916
11120	5731	AF-0000000211289574	shard_920_batch_1.tar	89168384	174152	889531904	2210536
11128	5793	AF-0000000203931261	shard_946_batch_1.tar	91058176	175015	2128759296	2208985
11128	5933	AF-0000000203931269	shard_890_batch_1.tar	31649792	157165	866940928	1765723
11142	5886	AF-0000000203753572	shard_960_batch_0.tar	74170368	191513	1719660544	2681382
11151	5234	AF-0000000211196606	shard_342_batch_1.tar	62211584	101839	549412864	693008
11235	5758	AF-0000000211289750	shard_984_batch_0.tar	160011776	210951	3090747904	2922742
11235	5827	AF-0000000211290233	shard_954_batch_0.tar	42791936	190863	616210944	2347121
11278	5674	AF-0000000211288976	shard_1034_batch_1.tar	52448768	236440	3090199552	4037078
11288	5827	AF-0000000204557889	shard_448_batch_3.tar	81196032	157170	1564806656	1643468
11334	5154	AF-0000000211161677	shard_1059_batch_0.tar	95203840	249692	4282843648	4269141
11345	5224	AF-0000000203870276	shard_1040_batch_0.tar	220463616	241016	2588098560	4301169
11346	5449	AF-0000000205173454	shard_204_batch_3.tar	50961920	49764	244690432	137363
11356	5729	AF-0000000204113054	shard_422_batch_2.tar	99974144	140939	1577809920	1444966
11361	5996	AF-0000000204648743	shard_960_batch_2.tar	23559680	190570	1152424960	2549389
11376	5743	AF-0000000211289711	shard_955_batch_0.tar	69254144	187914	926093312	2409776
11380	5354	AF-0000000203683924	shard_988_batch_0.tar	7710208	199191	1541195264	3023293
11382	5362	AF-0000000211286038	shard_204_batch_0.tar	20627968	51785	161316352	165695
11385	5882	AF-0000000211290640	shard_346_batch_1.tar	9841152	105806	409616896	755721
11399	5674	AF-0000000211288979	shard_945_batch_0.tar	172488192	182983	2495841280	2383839
11420	5731	AF-0000000211289575	shard_1121_batch_0.tar	135068672	293376	4400560640	6444369
11426	5817	AF-0000000203502217	shard_1018_batch_0.tar	163007488	222704	1584927232	3764751
11466	5405	AF-0000000203737584	shard_418_batch_1.tar	126089216	136741	1125056000	1346421
11500	5401	AF-0000000211286389	shard_1058_batch_1.tar	229296128	244060	1017291776	4338558
11520	5214	AF-0000000211194816	shard_886_batch_0.tar	92088320	162911	1824286720	1890351
11527	5732	AF-0000000211289587	shard_1016_batch_2.tar	86119424	214835	1887261184	3185697
11590	5530	AF-0000000211287536	shard_964_batch_0.tar	67435520	186008	1564933120	2508554
11590	5639	AF-0000000211288452	shard_1096_batch_0.tar	302544384	312296	3308524032	6782113
11592	5362	AF-0000000211286042	shard_378_batch_4.tar	29256704	115457	716152832	976764
11592	5393	AF-0000000211286306	shard_1042_batch_2.tar	23214592	234586	685333504	3857400
11624	5677	AF-0000000211289069	shard_950_batch_1.tar	23524864	185026	2268451328	2415027
11626	5321	AF-0000000204450204	shard_1030_batch_1.tar	213001216	232661	2027611136	3929960
11630	5638	AF-0000000211288423	shard_1124_batch_0.tar	204273152	290679	6403734016	5768703
11630	5953	AF-0000000211575817	shard_986_batch_1.tar	171920896	205862	1356802560	2949832
11633	5456	AF-0000000211286869	shard_1056_batch_1.tar	88654336	245424	4274458112	4360407
11652	5362	AF-0000000211286044	shard_994_batch_2.tar	27998720	207267	202417152	2967878
11653	5532	AF-0000000204664097	shard_1138_batch_0.tar	30067712	305638	6611598336	6104964
11717	5662	AF-0000000211288860	shard_1056_batch_0.tar	249011712	248272	2613623296	4774145
11719	5750	AF-0000000204654489	shard_1026_batch_2.tar	29343232	229915	1349740544	3609209
11730	5319	AF-0000000211285458	shard_1083_batch_0.tar	206212608	280498	1511913984	6137854
11740	5255	AF-0000000211217978	shard_914_batch_1.tar	78537216	171472	982551552	2113590
11744	5209	AF-0000000211194685	shard_910_batch_1.tar	21935104	168627	1608325632	2020935
11772	5675	AF-0000000203631376	shard_1044_batch_0.tar	238190080	240816	3970876928	4393869
11774	5843	AF-0000000211290376	shard_1078_batch_2.tar	104889856	277402	1418698752	5594115
11777	5898	AF-0000000211290695	shard_1062_batch_0.tar	125513728	260448	3641129984	4718174
11793	5750	AF-0000000204447648	shard_366_batch_3.tar	9388544	113092	572026880	885052
11802	5917	AF-0000000203559848	shard_1140_batch_0.tar	90597888	296575	6656697344	6965475
11805	5823	AF-0000000204709607	shard_434_batch_4.tar	30141440	146313	1021191680	1437706
11820	5215	AF-0000000211194845	shard_902_batch_0.tar	5132800	164958	2045437952	1970248
11836	5638	AF-0000000204178441	shard_1056_batch_1.tar	243784192	250619	3094678016	4104821
11837	5398	AF-0000000203930792	shard_996_batch_1.tar	3126784	191743	1986840576	2818584
11837	5793	AF-0000000203930793	shard_962_batch_1.tar	143464448	180043	615070720	2401116
11838	5268	AF-0000000211283207	shard_938_batch_1.tar	151890432	179320	2598961152	2217214
11847	5237	AF-0000000211196642	shard_1014_batch_0.tar	29135872	217794	492652032	3574959
11848	5743	AF-0000000211289712	shard_1064_batch_1.tar	130029568	260006	3185113600	4492092
11852	5268	AF-0000000211283209	shard_981_batch_0.tar	75207168	196648	1355537920	2565724
11854	5863	AF-0000000204439010	shard_308_batch_2.tar	56462336	89995	589195776	555027
11883	5503	AF-0000000211287434	shard_1069_batch_0.tar	3183104	263921	1777753088	4444684
11887	5828	AF-0000000211290238	shard_412_batch_2.tar	38111744	136374	293170688	1282943
11895	5272	AF-0000000211284360	shard_346_batch_4.tar	103669760	104196	342215680	742145
11896	5460	AF-0000000211287041	shard_1018_batch_1.tar	166164480	221179	2245395456	3516290
11896	5562	AF-0000000211287746	shard_1028_batch_1.tar	179456000	229162	3970909696	3786670
11897	5882	AF-0000000211290641	shard_1038_batch_1.tar	196468224	243219	3990242304	3994902
11942	5597	AF-0000000211287982	shard_1072_batch_1.tar	176216576	272077	3446038528	5533468
11943	5502	AF-0000000203659305	shard_880_batch_0.tar	10393600	146207	349529600	1679851
11947	5362	AF-0000000211286047	shard_902_batch_1.tar	1168384	166885	819656704	1969283
11947	5771	AF-0000000211289850	shard_1150_batch_0.tar	32235520	319747	2247107072	6735239
11965	5851	AF-0000000211290479	shard_442_batch_0.tar	50332672	154531	1587876864	1631883
11982	5209	AF-0000000211194687	shard_906_batch_1.tar	146449408	169169	2212952576	2068847
11982	5768	AF-0000000211289822	shard_892_batch_1.tar	129436672	164289	1756575232	1918523
12003	5664	AF-0000000204101977	shard_912_batch_1.tar	97470464	172066	764291072	1963502
12003	5697	AF-0000000211289240	shard_394_batch_2.tar	32317440	127374	674740736	1099285
12027	5456	AF-0000000211286878	shard_1162_batch_0.tar	305426432	327699	7206763520	7749916
12041	5851	AF-0000000211290480	shard_954_batch_1.tar	92246016	187180	1277075456	2291726
12082	5383	AF-0000000203893014	shard_286_batch_1.tar	73611776	82714	169840640	437903
12082	5762	AF-0000000203893021	shard_286_batch_1.tar	76143104	82400	183625728	437132
12082	5765	AF-0000000203893006	shard_286_batch_1.tar	71738368	82379	514179584	434368
12088	5401	AF-0000000211286391	shard_1134_batch_0.tar	256519680	289477	582759424	5868234
12088	5828	AF-0000000203987532	shard_372_batch_1.tar	11125760	114894	735409152	888004
12094	5377	AF-0000000211286207	shard_420_batch_2.tar	67426304	139245	910788096	1345696
12094	5456	AF-0000000211286881	shard_1036_batch_1.tar	45111808	231133	3297474048	3745951
12094	5928	AF-0000000204049292	shard_916_batch_1.tar	120714752	173459	1669107712	2200255
12101	5588	AF-0000000211287918	shard_926_batch_1.tar	17132032	173789	557463040	2118373
12138	5259	AF-0000000211218005	shard_316_batch_0.tar	84598272	94204	422854144	561382
12141	5649	AF-0000000211288561	shard_268_batch_4.tar	43532288	75089	304361984	379975
12156	5472	AF-0000000204039597	shard_408_batch_2.tar	74391040	131858	1418180608	1205101
12159	5793	AF-0000000203952157	shard_970_batch_1.tar	12265472	185000	2121185280	2463667
12160	5793	AF-0000000203952065	shard_940_batch_1.tar	53652480	173729	1563944448	2130977
12160	5933	AF-0000000203952078	shard_450_batch_2.tar	58855936	156280	762251776	1699683
12177	5881	AF-0000000204067258	shard_996_batch_1.tar	191583744	211413	2102863360	3074196
12195	5171	AF-0000000204146087	shard_968_batch_1.tar	192000	189442	2444066816	2579236
12197	5283	AF-0000000203635030	shard_926_batch_0.tar	43905024	161008	535263744	2013733
12211	5160	AF-0000000211161717	shard_1181_batch_0.tar	55838720	386200	2176717312	10821771
12217	5236	AF-0000000211196633	shard_1116_batch_0.tar	232375296	279947	4550015488	5235388
12235	5800	AF-0000000211289989	shard_1062_batch_1.tar	154344960	258663	4429701632	4487209
12236	5609	AF-0000000211288077	shard_1058_batch_1.tar	138328064	251192	3727718912	4404026
12239	5500	AF-0000000204574939	shard_360_batch_3.tar	104764928	110531	399272960	856085
12240	5164	AF-0000000204562703	shard_942_batch_1.tar	141820416	182158	2051128320	2463412
12241	5456	AF-0000000211286886	shard_996_batch_1.tar	33296384	202740	840730112	2880018
12251	5649	AF-0000000211288562	shard_342_batch_2.tar	32391168	102906	686256128	716572
12255	5421	AF-0000000204790961	shard_1054_batch_2.tar	8759808	242068	2184157184	4427383
12264	5269	AF-0000000211284312	shard_1092_batch_1.tar	275044352	302357	5732762112	6557761
12274	5370	AF-0000000211286169	shard_404_batch_2.tar	72893440	132679	1338727936	1203906
12278	5553	AF-0000000211287703	shard_370_batch_2.tar	64982016	118795	307909120	930427
12285	5882	AF-0000000205110792	shard_372_batch_4.tar	7094272	116054	722167296	929418
12286	5882	AF-0000000205108562	shard_364_batch_4.tar	14063104	113672	463452160	851056
12292	5912	AF-0000000204259901	shard_334_batch_2.tar	95549440	101095	401252352	643772
12312	5385	AF-0000000203929539	shard_430_batch_2.tar	95473664	144878	736773120	1440445
12312	5933	AF-0000000203929547	shard_428_batch_1.tar	125073920	144247	543883264	1423781
12313	5362	AF-0000000211286052	shard_258_batch_0.tar	38311424	71942	161139712	325011
12314	5475	AF-0000000211287147	shard_350_batch_1.tar	18049024	103801	839141888	745120
12317	5405	AF-0000000203538712	shard_976_batch_0.tar	179797504	193894	1904906240	2753068
12322	5611	AF-0000000211288092	shard_1180_batch_0.tar	18753024	374604	715141632	9351441
12338	5733	AF-0000000211289611	shard_918_batch_2.tar	84533760	175009	362884608	1943810
12339	5882	AF-0000000204086990	shard_358_batch_1.tar	84544512	110931	280660480	814856
12341	5299	AF-0000000204156622	shard_952_batch_1.tar	113519104	185083	2400029184	2502487
12351	5215	AF-0000000211194846	shard_418_batch_4.tar	126553600	137385	1087812096	1374178
12356	5553	AF-0000000211287704	shard_266_batch_1.tar	33763840	75722	142745600	375823
12360	5332	AF-0000000211285590	shard_366_batch_1.tar	106669568	113373	855933952	840988
12360	5905	AF-0000000211290718	shard_258_batch_0.tar	19389440	71837	389159424	321696
12362	5362	AF-0000000211286053	shard_236_batch_0.tar	15099904	62124	348853760	265365
12364	5356	AF-0000000204857165	shard_362_batch_4.tar	21981184	113120	440171520	825961
12364	5953	AF-0000000211575825	shard_302_batch_4.tar	62437376	90234	291824128	491817
12370	5633	AF-0000000204209850	shard_174_batch_0.tar	20993536	37292	118130688	70781
12372	5674	AF-0000000211288993	shard_432_batch_2.tar	62163968	146729	1715582464	1561305
12397	5401	AF-0000000211286396	shard_1048_batch_0.tar	145605120	234276	2110416896	4013876
12406	5842	AF-0000000204038913	shard_444_batch_2.tar	109233664	158769	1180998656	1563645
12409	5153	AF-0000000211161669	shard_448_batch_4.tar	152120832	156468	956450304	1650137
12418	5696	AF-0000000211289227	shard_212_batch_1.tar	2113536	53825	173888512	191983
12421	5456	AF-0000000211286908	shard_972_batch_1.tar	79371264	189830	2848370176	2560840
12431	5644	AF-0000000203778338	shard_346_batch_0.tar	59562496	103055	591646720	727932
12436	5750	AF-0000000211289730	shard_348_batch_1.tar	14565376	105167	796909568	753571
12445	5215	AF-0000000211194847	shard_418_batch_4.tar	37025280	138294	1413373440	1381736
12452	5685	AF-0000000211289133	shard_990_batch_1.tar	154153984	203491	2869875712	3086790
12452	5731	AF-0000000211289577	shard_926_batch_1.tar	140389376	175861	1916465664	2256569
12461	5962	AF-0000000211576421	shard_1010_batch_0.tar	11449856	210244	1870538240	3110095
12463	5354	AF-0000000204583583	shard_394_batch_3.tar	101012992	122847	663343616	1092619
12484	5785	AF-0000000211289885	shard_288_batch_3.tar	9954304	82077	169627136	421127
12487	5649	AF-0000000211288566	shard_334_batch_2.tar	79429632	100655	783236096	694777
12491	5633	AF-0000000204051080	shard_212_batch_0.tar	220672	57964	249654784	194730
12509	5961	AF-0000000204422505	shard_324_batch_2.tar	23718912	96956	745357312	637736
12515	5953	AF-0000000211575829	shard_260_batch_0.tar	27662336	74371	175119872	325764
12518	5843	AF-0000000211290387	shard_370_batch_4.tar	107907584	115813	918617088	855341
12519	5881	AF-0000000204166881	shard_942_batch_1.tar	84855296	187019	927459840	2413643
12535	5553	AF-0000000211287705	shard_288_batch_4.tar	59231744	83691	343257088	462887
12540	5617	AF-0000000211288252	shard_930_batch_1.tar	134147584	171846	1482873856	2085359
12540	5650	AF-0000000204008021	shard_444_batch_2.tar	95829504	158319	478244864	1564671
12542	5644	AF-0000000211288502	shard_380_batch_0.tar	55842304	118061	819304448	983665
12551	5274	AF-0000000211284377	shard_262_batch_0.tar	70996992	73236	186743808	338205
12561	5633	AF-0000000204051350	shard_178_batch_0.tar	13986304	40163	106447872	86150
12561	5959	AF-0000000204051368	shard_172_batch_0.tar	24007168	32695	74405888	56483
12576	5489	AF-0000000203470513	shard_200_batch_0.tar	30808576	48861	174737408	144173
12582	5678	AF-0000000204817211	shard_1017_batch_0.tar	167071744	224652	1728418816	3560171
12603	5456	AF-0000000211286924	shard_984_batch_1.tar	150930944	197042	1388226560	2752975
12607	5456	AF-0000000211286925	shard_1021_batch_0.tar	218428928	215497	963881472	3327524
12609	5530	AF-0000000211287540	shard_380_batch_2.tar	61741568	116448	1030507008	909420
12620	5726	AF-0000000211289491	shard_930_batch_1.tar	151101440	172590	1421883904	2166961
12628	5733	AF-0000000211289612	shard_936_batch_0.tar	94247424	182260	2408545280	2050629
12651	5268	AF-0000000211283214	shard_946_batch_2.tar	7693312	184430	344394240	2145402
12651	5842	AF-0000000204647773	shard_1006_batch_2.tar	31721472	219010	667749888	3233652
12674	5882	AF-0000000204637062	shard_1060_batch_2.tar	100197376	263487	1001995264	4721723
12699	5996	AF-0000000204648275	shard_934_batch_2.tar	28184064	178877	719257088	2264261
12705	5644	AF-0000000211288503	shard_890_batch_1.tar	64423424	162643	2004311040	1805017
12710	5362	AF-0000000211286057	shard_416_batch_0.tar	69375488	134341	993333248	1312775
12727	5882	AF-0000000203979660	shard_388_batch_1.tar	73708544	123468	568993280	1015631
12733	5456	AF-0000000211286929	shard_1040_batch_1.tar	160877568	233978	2789404160	3783457
12734	5898	AF-0000000203684908	shard_1000_batch_0.tar	182738432	212261	3406715392	3122414
12741	5511	AF-0000000211287466	shard_416_batch_1.tar	28716032	136443	1317428736	1377930
12746	5456	AF-0000000211286931	shard_1021_batch_0.tar	153461760	217416	3341911552	3343697
12759	5393	AF-0000000211286310	shard_970_batch_0.tar	145034752	194730	1058260480	2597319
12775	5234	AF-0000000211196613	shard_378_batch_3.tar	37012480	118465	674662912	911755
12786	5539	AF-0000000211287604	shard_414_batch_1.tar	89781248	135254	784646656	1346366
12795	5383	AF-0000000203731683	shard_192_batch_0.tar	31017984	47613	106328576	136356
12795	5765	AF-0000000203731676	shard_192_batch_0.tar	44570624	47546	147585536	134482
12801	5662	AF-0000000204293616	shard_448_batch_3.tar	100385280	156104	627500032	1798746
12830	5553	AF-0000000211287707	shard_328_batch_0.tar	5074944	98931	784505856	637797
12831	5530	AF-0000000211287541	shard_896_batch_0.tar	26486272	162199	2115597824	1832787
12831	5639	AF-0000000211288455	shard_1126_batch_0.tar	224473088	288440	5611652608	5770328
12831	5664	AF-0000000203679672	shard_420_batch_1.tar	98524672	141173	1000193536	1326624
12832	5897	AF-0000000211290688	shard_950_batch_0.tar	149617664	187235	2071366144	2503148
12844	5719	AF-0000000204253708	shard_906_batch_1.tar	45259264	165279	581304832	1957262
12867	5456	AF-0000000211286939	shard_1148_batch_0.tar	184552448	306468	1349997568	6495607
12875	5616	AF-0000000211288212	shard_964_batch_1.tar	7671808	190425	1427728896	2324659
12882	5685	AF-0000000211289134	shard_992_batch_1.tar	58366464	205352	2260554240	3115207
12884	5631	AF-0000000211288365	shard_988_batch_1.tar	127899648	206347	879293440	2791539
12909	5365	AF-0000000211286156	shard_1060_batch_2.tar	114014720	257208	1299336704	4715263
12914	5164	AF-0000000203748722	shard_944_batch_0.tar	176898560	181872	1495432192	2493475
12919	5513	AF-0000000211287482	shard_362_batch_0.tar	95410176	114064	880011264	847307
12945	5553	AF-0000000211287708	shard_264_batch_3.tar	26861056	75716	329005568	372393
12946	5353	AF-0000000211285828	shard_358_batch_0.tar	104279552	107910	641506816	773742
12946	5742	AF-0000000211289697	shard_184_batch_0.tar	9798144	42171	124215296	106498
12962	5855	AF-0000000211290498	shard_1020_batch_0.tar	207929856	233364	3464285184	3107905
12963	5553	AF-0000000211287709	shard_426_batch_2.tar	13856768	146271	1390385664	1364576
12982	5380	AF-0000000211286243	shard_324_batch_1.tar	89762304	97495	510364160	583883
12995	5724	AF-0000000204694219	shard_1034_batch_2.tar	70706176	236662	555860992	4023062
13004	5948	AF-0000000211293945	shard_266_batch_0.tar	46988288	74125	150590464	351577
13005	5413	AF-0000000204165522	shard_414_batch_2.tar	98262016	135007	1363827200	1247945
13005	5843	AF-0000000211290394	shard_368_batch_2.tar	16942592	113486	807602688	874803
13010	5575	AF-0000000204626243	shard_936_batch_2.tar	48985600	177276	344672256	2266596
13036	5456	AF-0000000211286947	shard_1016_batch_1.tar	204175360	216644	649142272	3298677
13038	5903	AF-0000000203579737	shard_262_batch_0.tar	29715456	73350	172840960	344779
13064	5456	AF-0000000211286950	shard_986_batch_1.tar	121389568	197306	494651904	2710527
13065	5617	AF-0000000211288254	shard_978_batch_1.tar	134041600	191280	2005954048	2645662
13065	5726	AF-0000000211289492	shard_926_batch_1.tar	99082752	171430	929954304	2125920
13072	5442	AF-0000000211286700	shard_1040_batch_2.tar	12356096	233891	569973760	4096035
13072	5714	AF-0000000211289388	shard_1054_batch_2.tar	44489216	245106	972358144	4440016
13094	5236	AF-0000000211196634	shard_1176_batch_0.tar	101581824	355586	4157605888	9055299
13101	5553	AF-0000000211287710	shard_228_batch_0.tar	58094592	62345	183601664	244275
13104	5356	AF-0000000204657061	shard_372_batch_3.tar	73587712	117205	769697792	899048
13105	5966	AF-0000000204752083	shard_226_batch_3.tar	6119424	60262	205097472	216164
13121	5255	AF-0000000211217979	shard_934_batch_1.tar	107639296	182422	863683072	2338332
13122	5882	AF-0000000205109638	shard_376_batch_4.tar	59620864	117315	743390720	941625
13131	5617	AF-0000000211288255	shard_1055_batch_0.tar	129219072	245773	3223862272	4214954
13140	5342	AF-0000000203842043	shard_192_batch_0.tar	18196480	44879	103269888	125656
13156	5385	AF-0000000203929505	shard_434_batch_1.tar	10163712	146277	715128320	1475716
13156	5933	AF-0000000203929512	shard_432_batch_2.tar	115566080	144811	452188672	1455201
13158	5456	AF-0000000211286954	shard_1024_batch_1.tar	220219904	221237	1369560576	3417989
13173	5658	AF-0000000211288814	shard_416_batch_0.tar	128158208	137381	713191424	1344271
13176	5802	AF-0000000204269804	shard_908_batch_1.tar	37676032	167211	1031618048	2066863
13224	5882	AF-0000000205110133	shard_408_batch_4.tar	15920640	134213	328943616	1200771
13264	5349	AF-0000000204620251	shard_922_batch_2.tar	31628288	178688	397490688	2154767
13271	5509	AF-0000000211287450	shard_914_batch_0.tar	136146944	167610	2094170112	1950801
13271	5615	AF-0000000211288210	shard_918_batch_0.tar	57166848	170687	642592256	1985780
13301	5385	AF-0000000203951876	shard_422_batch_2.tar	70046208	139745	1215802368	1370426
13301	5933	AF-0000000203951880	shard_420_batch_2.tar	13531136	138192	1435662848	1346907
13306	5442	AF-0000000211286701	shard_1142_batch_0.tar	278297088	303759	3341063168	6812683
13306	5498	AF-0000000211287408	shard_1132_batch_0.tar	91028992	294634	5666459136	6434089
13306	5714	AF-0000000211289389	shard_1096_batch_2.tar	54721536	315471	6642987520	7210617
13308	5954	AF-0000000211576326	shard_1136_batch_0.tar	265321984	305321	4425576448	6005800
13319	5874	AF-0000000211290536	shard_334_batch_4.tar	39584256	99822	741427200	640506
13344	5823	AF-0000000204710467	shard_440_batch_4.tar	13562368	150065	1613330432	1558460
13350	5253	AF-0000000203550676	shard_188_batch_0.tar	16982528	44952	118099456	124043
13362	5882	AF-0000000204086802	shard_354_batch_1.tar	73940480	109826	613151232	805570
13362	5988	AF-0000000204086838	shard_336_batch_1.tar	83453440	100054	566288896	685460
13365	5456	AF-0000000211286962	shard_994_batch_2.tar	58516992	199943	646137344	2901630
13368	5575	AF-0000000203988777	shard_936_batch_1.tar	151703552	179098	686697984	2268471
13376	5209	AF-0000000211194689	shard_902_batch_1.tar	3813376	166823	2021965824	2057692
13376	5768	AF-0000000211289824	shard_452_batch_2.tar	95317504	161583	1052345344	1920227
13377	5715	AF-0000000211289409	shard_1004_batch_0.tar	114241536	215468	1268968448	3047133
13408	5428	AF-0000000211286630	shard_396_batch_3.tar	14846976	125834	936911360	1107398
13417	5188	AF-0000000211179228	shard_430_batch_3.tar	59661824	146259	623347712	1455564
13441	5456	AF-0000000211286965	shard_976_batch_1.tar	3182080	192773	462346752	2577888
13452	5482	AF-0000000211287312	shard_372_batch_0.tar	10208768	113571	364858880	933959
13504	5568	AF-0000000211287800	shard_366_batch_0.tar	90471936	113871	879627264	904532
13513	5858	AF-0000000204671727	shard_334_batch_3.tar	36951552	103493	839339520	591859
13526	5268	AF-0000000211283217	shard_412_batch_2.tar	98473984	135604	772333568	1206651
13526	5843	AF-0000000211290402	shard_390_batch_1.tar	90326016	123594	387025408	1047866
13527	5965	AF-0000000205108102	shard_256_batch_4.tar	58755584	72529	256488960	331174
13533	5882	AF-0000000205106568	shard_360_batch_4.tar	62083584	111425	466455040	825316
13541	5817	AF-0000000211290100	shard_444_batch_4.tar	58467328	154250	350598656	1675294
13563	5342	AF-0000000203842750	shard_190_batch_0.tar	20650496	44881	99094528	122551
13583	5342	AF-0000000205109238	shard_232_batch_3.tar	22065152	61039	285453312	242637
13602	5268	AF-0000000211283218	shard_402_batch_1.tar	85929984	130753	452533760	1131792
13610	5962	AF-0000000211576423	shard_1010_batch_0.tar	41776640	209630	1652359168	3110558
13620	5539	AF-0000000211287605	shard_416_batch_1.tar	27494400	136285	936842240	1358238
13660	5456	AF-0000000211286973	shard_1054_batch_1.tar	60724736	242438	716412416	4272806
13665	5843	AF-0000000211290405	shard_428_batch_4.tar	88782848	141868	1093384192	1422766
13667	5456	AF-0000000211286974	shard_1016_batch_1.tar	85593600	215902	1618628608	3252566
13671	5826	AF-0000000204032177	shard_930_batch_1.tar	95484416	180314	2153843712	2125300
13686	5510	AF-0000000211287457	shard_1046_batch_0.tar	135143936	237912	3372422656	4239656
13686	5617	AF-0000000211288257	shard_1138_batch_0.tar	295472640	296530	4860417536	6413140
13686	5726	AF-0000000211289493	shard_1108_batch_0.tar	47395840	277286	2493687296	5622458
13692	5498	AF-0000000211287409	shard_1034_batch_1.tar	191943168	230957	1788742656	3809674
13707	5307	AF-0000000211285383	shard_1022_batch_0.tar	75158016	222774	3236235776	3501480
13723	5887	AF-0000000211290667	shard_1056_batch_0.tar	199117824	257366	4196509184	4612913
13749	5363	AF-0000000211286137	shard_1062_batch_0.tar	86639104	253719	1790874624	4728280
13756	5843	AF-0000000211290407	shard_934_batch_1.tar	172300288	179179	1477337088	2197568
13758	5537	AF-0000000203815324	shard_378_batch_1.tar	75798016	119240	1068916736	990666
13766	5428	AF-0000000211286634	shard_426_batch_3.tar	14714368	140644	1696934912	1410566
13766	5500	AF-0000000204573093	shard_382_batch_3.tar	70229504	120168	844945408	1014133
13766	5825	AF-0000000204573305	shard_392_batch_3.tar	5369344	127013	279960064	1101352
13768	5299	AF-0000000204569003	shard_932_batch_2.tar	21113344	174487	970942464	2247590
13777	5843	AF-0000000211290408	shard_1018_batch_2.tar	10206720	225602	571844608	3367309
13779	5224	AF-0000000203801865	shard_336_batch_1.tar	32039936	101643	400882688	701564
13779	5603	AF-0000000203801894	shard_1052_batch_0.tar	244288000	243699	2045358080	4330937
13779	5650	AF-0000000203801879	shard_880_batch_0.tar	108043776	156636	627157504	1526382
13779	5940	AF-0000000203801863	shard_182_batch_0.tar	24475648	41950	148774912	96232
13792	5456	AF-0000000211286980	shard_992_batch_1.tar	170396160	201975	1992103424	2877561
13797	5456	AF-0000000211286981	shard_1046_batch_1.tar	114756096	238134	1388381696	3945501
13798	5217	AF-0000000203919037	shard_374_batch_1.tar	32340480	110858	1060806656	908044
13811	5510	AF-0000000203499753	shard_396_batch_0.tar	30072832	122091	711859712	1084925
13814	5633	AF-0000000204051222	shard_212_batch_0.tar	25314816	56995	118435328	194959
13821	5164	AF-0000000204406329	shard_452_batch_3.tar	22881792	161419	505519616	1896307
13826	5793	AF-0000000203931316	shard_918_batch_1.tar	120675328	165215	1041480704	1955287
13857	5979	AF-0000000203519068	shard_982_batch_0.tar	90768384	202178	3012068864	3020545
13885	5666	AF-0000000211288894	shard_1060_batch_1.tar	218470400	258499	1115581440	4727483
13886	5691	AF-0000000211289188	shard_1182_batch_0.tar	2300928	387086	1744328704	11002878
13887	5460	AF-0000000204747659	shard_450_batch_4.tar	37986816	155777	1746698240	1743870
13929	5342	AF-0000000211285677	shard_268_batch_3.tar	64797184	73241	358790144	366509
13929	5863	AF-0000000211290516	shard_370_batch_4.tar	106641408	113593	1099688448	919037
13931	5164	AF-0000000204427930	shard_450_batch_3.tar	36700160	159259	1099302912	1839337
13950	5375	AF-0000000204270200	shard_450_batch_3.tar	57591808	160263	1949868032	1821194
13950	5659	AF-0000000204270211	shard_444_batch_3.tar	134005760	151516	1282932224	1627105
13975	5882	AF-0000000205109998	shard_893_batch_0.tar	89228288	157969	1307126272	1776700
13977	5659	AF-0000000211288837	shard_434_batch_3.tar	65428480	145026	1486143488	1488248
13987	5843	AF-0000000211290410	shard_1012_batch_2.tar	91806720	221963	559032832	3225113
13994	5793	AF-0000000203952020	shard_926_batch_1.tar	33400320	167494	660410368	2046354
14011	5214	AF-0000000211194817	shard_450_batch_0.tar	16753152	160984	1051096064	1863850
14013	5401	AF-0000000211286402	shard_1147_batch_0.tar	218520576	301385	7060477952	6449405
14021	5616	AF-0000000211288213	shard_964_batch_1.tar	52971520	190234	1587069440	2318953
14042	5393	AF-0000000211286312	shard_1128_batch_0.tar	231823360	293488	1037299200	5995682
14047	5966	AF-0000000204753240	shard_252_batch_3.tar	50533888	69974	320275456	319147
14088	5353	AF-0000000211285830	shard_402_batch_0.tar	97324032	129151	831960576	1108829
14090	5416	AF-0000000211286512	shard_1064_batch_1.tar	121458688	255292	4848726528	4631136
14101	5727	AF-0000000211289504	shard_1096_batch_0.tar	146772480	314075	6770829824	6641591
14101	5845	AF-0000000211290441	shard_1180_batch_0.tar	81139200	374139	2763547136	9541934
14107	5684	AF-0000000203697325	shard_896_batch_0.tar	131849216	160573	470075904	1830068
14118	5182	AF-0000000211179009	shard_1168_batch_0.tar	170258944	345710	5638425600	8529619
14118	5206	AF-0000000211194428	shard_1096_batch_0.tar	176891392	311197	2365663744	6634870
14119	5739	AF-0000000211289676	shard_1176_batch_0.tar	194112000	367537	1712004608	9400960
14126	5762	AF-0000000211289759	shard_302_batch_4.tar	26958336	86520	177277952	494028
14128	5401	AF-0000000211286403	shard_1170_batch_0.tar	192914944	344647	8631148032	8319391
14129	5401	AF-0000000211286404	shard_1170_batch_0.tar	173457408	346638	4654594048	8427012
14188	5401	AF-0000000211286405	shard_1134_batch_0.tar	100761088	291057	5409563648	5930238
14188	5475	AF-0000000211287149	shard_384_batch_0.tar	61750784	121092	876627456	989519
14200	5562	AF-0000000204062764	shard_896_batch_1.tar	50132992	166470	1328431104	1957769
14215	5285	AF-0000000203635731	shard_952_batch_0.tar	161094144	185909	418667008	2648217
14218	5403	AF-0000000211286446	shard_952_batch_0.tar	9672704	186814	2693312000	2486004
14244	5837	AF-0000000211290259	shard_440_batch_3.tar	16892416	148192	495998976	1621568
14245	5563	AF-0000000203746939	shard_178_batch_0.tar	34830848	37504	112135168	76446
14261	5847	AF-0000000211290458	shard_1096_batch_0.tar	103156224	318963	2272983552	6994557
14274	5683	AF-0000000211289122	shard_430_batch_0.tar	31578112	144141	637039616	1435165
14275	5808	AF-0000000211290049	shard_1060_batch_0.tar	86989312	251086	3917107200	4637128
14313	5842	AF-0000000204139496	shard_962_batch_1.tar	114749952	193675	2453602304	2572419
14318	5673	AF-0000000211288943	shard_996_batch_1.tar	119506432	203329	883504128	2869869
14346	5282	AF-0000000205105199	shard_437_batch_0.tar	119227904	147025	1646102528	1509396
14346	5304	AF-0000000205105197	shard_413_batch_0.tar	125827584	132374	839045120	1231118
14348	5350	AF-0000000211285771	shard_1024_batch_1.tar	27584512	225204	2848958464	3770740
14348	5362	AF-0000000211286069	shard_330_batch_2.tar	74371072	97016	611766272	664669
14349	5350	AF-0000000204121685	shard_1026_batch_1.tar	174581760	227093	557448192	3816510
14351	5456	AF-0000000211286990	shard_1132_batch_0.tar	72660480	292111	1149441536	6014234
14360	5510	AF-0000000203500108	shard_906_batch_0.tar	156126208	161810	2279914496	1963060
14360	5545	AF-0000000203500113	shard_988_batch_0.tar	73438720	201371	546707456	3093915
14381	5401	AF-0000000211286407	shard_1054_batch_0.tar	177959424	240992	938907648	4128082
14390	5171	AF-0000000203479594	shard_904_batch_0.tar	12678656	160082	1872673280	1830277
14397	5639	AF-0000000211288459	shard_1066_batch_1.tar	205621760	255193	4438230528	4586478
14416	5696	AF-0000000211289232	shard_1066_batch_0.tar	101159936	259530	4050597376	5146553
14451	5393	AF-0000000211286313	shard_1064_batch_0.tar	209277440	257536	3948831744	4578259
14451	5771	AF-0000000211289855	shard_1124_batch_0.tar	196967424	290887	1127216128	5575885
14461	5763	AF-0000000203660782	shard_900_batch_0.tar	146275840	167841	2076417536	2015796
14474	5938	AF-0000000203505429	shard_200_batch_0.tar	44280320	50801	244469248	153604
14482	5812	AF-0000000203516904	shard_938_batch_0.tar	14713856	178337	2341457408	2255528
14505	5455	AF-0000000211286777	shard_996_batch_2.tar	94470656	209667	286746112	3250351
14505	5966	AF-0000000204751969	shard_218_batch_3.tar	16563200	57792	297924096	201777
14517	5882	AF-0000000203979821	shard_334_batch_1.tar	46647296	100425	690869760	675899
14535	5929	AF-0000000211292655	shard_286_batch_3.tar	3766784	81280	556590592	441646
14538	5778	AF-0000000203547492	shard_340_batch_0.tar	14551552	101855	219505152	643175
14541	5658	AF-0000000211288820	shard_446_batch_1.tar	86029824	156051	1768132096	1727061
14556	5898	AF-0000000203565113	shard_1110_batch_0.tar	66667520	282360	3964771840	5254385
14558	5649	AF-0000000211288573	shard_938_batch_1.tar	21778944	173382	1799348224	2105964
14559	5319	AF-0000000211285460	shard_1052_batch_2.tar	27852800	239952	1069444096	4083057
14559	5808	AF-0000000211290051	shard_1183_batch_0.tar	28030464	378504	977346560	10313222
14561	5707	AF-0000000203546336	shard_1182_batch_0.tar	59684352	391610	2828692480	11733707
14562	5385	AF-0000000203929111	shard_434_batch_1.tar	82655232	144648	1617835520	1474951
14562	5933	AF-0000000203929114	shard_432_batch_1.tar	114985984	143935	1391408640	1457458
14565	5247	AF-0000000205110895	shard_302_batch_4.tar	22470144	87061	587843072	520743
14565	5789	AF-0000000205110900	shard_312_batch_4.tar	40617472	91573	362381824	571411
14567	5688	AF-0000000211289161	shard_1022_batch_0.tar	69772288	221185	2352713728	3375234
14574	5633	AF-0000000211288380	shard_254_batch_0.tar	5793280	72891	180136960	315063
14578	5530	AF-0000000211287548	shard_380_batch_1.tar	59607040	116026	648215552	951465
14581	5346	AF-0000000211285745	shard_404_batch_1.tar	69563904	130837	716483584	1223681
14590	5463	AF-0000000211287068	shard_942_batch_2.tar	34845696	175842	247734272	2230484
14595	5918	AF-0000000203923486	shard_1176_batch_0.tar	54399488	373472	2222674432	10368334
14598	5571	AF-0000000204234057	shard_426_batch_3.tar	105740288	139699	400951808	1397370
14621	5649	AF-0000000211288574	shard_344_batch_0.tar	90383360	103628	420707840	710383
14623	5393	AF-0000000211286315	shard_998_batch_2.tar	97955328	206663	883843584	2925261
14626	5363	AF-0000000211286143	shard_1000_batch_0.tar	78982656	207989	3293176832	3249741
14632	5919	AF-0000000211290820	shard_1169_batch_0.tar	245577728	344151	7136984576	8571700
14636	5795	AF-0000000204081043	shard_900_batch_1.tar	89961984	159734	1669470720	1890978
14650	5874	AF-0000000211290537	shard_942_batch_1.tar	68331520	180493	2570467328	2307995
14654	5424	AF-0000000211286591	shard_360_batch_4.tar	108900352	108863	1004559360	822605
14654	5644	AF-0000000204803674	shard_378_batch_4.tar	90182656	116860	1038160384	966020
14676	5882	AF-0000000203979702	shard_954_batch_1.tar	183265280	186365	1010565120	2336994
14696	5650	AF-0000000211288586	shard_976_batch_0.tar	195366912	201903	782177280	2559472
14700	5158	AF-0000000203825406	shard_1108_batch_0.tar	9560064	280371	4337937408	6146978
14700	5808	AF-0000000211290053	shard_1160_batch_0.tar	101100544	330182	1208750080	8363561
14714	5456	AF-0000000211286994	shard_1144_batch_0.tar	216305664	302591	1552858624	6419730
14742	5699	AF-0000000211289259	shard_406_batch_0.tar	57766400	132824	678921728	1160683
14743	5285	AF-0000000203636405	shard_924_batch_0.tar	6621696	172778	2317690368	2233813
14746	5413	AF-0000000204165009	shard_448_batch_2.tar	6128128	155718	1114649088	1708447
14765	5233	AF-0000000211196525	shard_1046_batch_1.tar	46751744	237257	3882490880	4148672
14767	5342	AF-0000000211285679	shard_296_batch_1.tar	32476672	80685	465233408	497721
14779	5697	AF-0000000211289243	shard_202_batch_0.tar	15172096	51263	170733056	143439
14790	5707	AF-0000000203546368	shard_1182_batch_0.tar	7351808	392938	2566194176	11718694
14792	5973	AF-0000000203493819	shard_422_batch_0.tar	108777472	143120	972786176	1395590
14801	5456	AF-0000000211286996	shard_1018_batch_1.tar	194565120	217496	671836672	3327269
14812	5230	AF-0000000211196182	shard_1090_batch_1.tar	217199616	292717	4212269568	6391845
14819	5398	AF-0000000203931082	shard_980_batch_1.tar	158310400	185348	667186688	2613530
14819	5793	AF-0000000203931083	shard_942_batch_1.tar	175551488	174164	2149959168	2189045
14845	5456	AF-0000000211286997	shard_1022_batch_1.tar	154231808	218772	3570962432	3427947
14846	5613	AF-0000000211288200	shard_1054_batch_0.tar	158694912	240936	4683265536	4412675
14858	5214	AF-0000000211194818	shard_448_batch_0.tar	152221696	160639	1323012096	1830361
14881	5828	AF-0000000204022693	shard_434_batch_2.tar	13403136	147222	1194928128	1522175
14910	5647	AF-0000000203536487	shard_244_batch_0.tar	46360576	65633	247790592	283367
14925	5382	AF-0000000204036455	shard_962_batch_1.tar	114175488	192308	671211520	2430345
14931	5246	AF-0000000211196894	shard_408_batch_4.tar	69903360	129964	423413248	1268724
14931	5973	AF-0000000211578717	shard_414_batch_4.tar	74233856	133534	1164104704	1341456
14934	5781	AF-0000000211289879	shard_300_batch_4.tar	31556096	86574	403136000	487413
14942	5509	AF-0000000211287451	shard_948_batch_0.tar	116085760	180545	881786880	2290560
14945	5786	AF-0000000211289907	shard_426_batch_4.tar	117988352	143385	511771136	1416697
14956	5477	AF-0000000211287224	shard_1173_batch_0.tar	322106368	347625	2240879616	8749931
14958	5393	AF-0000000211286316	shard_994_batch_2.tar	42739712	204418	899325952	2894106
14982	5542	AF-0000000204632334	shard_370_batch_3.tar	25135104	113445	991196160	863947
14983	5209	AF-0000000211194691	shard_960_batch_0.tar	24888832	193947	1709351936	2664009
14983	5378	AF-0000000203660256	shard_994_batch_0.tar	6666752	211033	1115302400	3110428
14983	5763	AF-0000000203660399	shard_904_batch_0.tar	64722944	169358	1567789568	2064196
14986	5843	AF-0000000211290413	shard_894_batch_1.tar	37414400	163601	640494592	1772669
15085	5267	AF-0000000211283188	shard_918_batch_2.tar	27554304	169266	441369088	2120784
15085	5424	AF-0000000211286593	shard_362_batch_4.tar	107191808	110191	859164160	832711
15085	5644	AF-0000000204803633	shard_382_batch_4.tar	55735808	118194	1191861248	967002
15095	5160	AF-0000000211161727	shard_1164_batch_0.tar	56573952	341620	2498396672	8585384
15095	5510	AF-0000000203499897	shard_1002_batch_0.tar	21114880	207469	1403547136	3243377
15096	5612	AF-0000000211288128	shard_922_batch_2.tar	49463808	173927	996219392	2146876
15096	5996	AF-0000000204648194	shard_934_batch_2.tar	65327616	179901	1120414720	2301999
15142	5510	AF-0000000203500288	shard_380_batch_0.tar	101121024	115357	1195509760	955836
15161	5800	AF-0000000211289993	shard_1024_batch_1.tar	114711040	227101	2736351744	3583458
15186	5223	AF-0000000211196019	shard_922_batch_0.tar	50942976	173257	366745088	2144661
15214	5993	AF-0000000211579676	shard_1168_batch_0.tar	25353216	353326	4087986688	8575140
15224	5480	AF-0000000203924253	shard_1154_batch_0.tar	265500672	318221	6960433152	7970887
15224	5918	AF-0000000203924223	shard_1148_batch_0.tar	147780096	311693	5754370048	7625817
15232	5460	AF-0000000204747334	shard_388_batch_4.tar	102143488	119291	620955136	1015302
15262	5801	AF-0000000204557969	shard_980_batch_1.tar	55847936	193778	2461616640	2904087
15266	5430	AF-0000000211286648	shard_1164_batch_0.tar	147299328	334513	4468625920	7659931
15279	5714	AF-0000000211289395	shard_1067_batch_0.tar	73158656	255891	1085690368	4633283
15306	5356	AF-0000000204251154	shard_906_batch_1.tar	156159488	170599	1359117824	1885074
15306	5638	AF-0000000204251195	shard_1032_batch_1.tar	98102272	233141	823973376	3472690
15306	5651	AF-0000000211288651	shard_924_batch_1.tar	77990912	177319	1685859328	2161658
15306	5953	AF-0000000211575846	shard_426_batch_3.tar	716800	147794	1005963264	1330359
15311	5225	AF-0000000203961270	shard_966_batch_1.tar	69576704	190396	1413515776	2727302
15320	5320	AF-0000000211285517	shard_1062_batch_0.tar	111872512	249095	3645849088	4507169
15324	5568	AF-0000000211287804	shard_1046_batch_0.tar	242245120	244333	1728018432	4157582
15327	5699	AF-0000000211289260	shard_906_batch_0.tar	47708160	166006	624048640	1844571
15328	5510	AF-0000000203499208	shard_1072_batch_0.tar	66953216	263298	4117277184	5042410
15356	5503	AF-0000000204778422	shard_956_batch_2.tar	76201472	187997	534173184	2325362
15398	5922	AF-0000000203781479	shard_388_batch_1.tar	56566784	121030	845237760	1038194
15403	5436	AF-0000000211286681	shard_948_batch_0.tar	138758144	182872	2416241152	2340554
15403	5613	AF-0000000211288205	shard_1158_batch_0.tar	306825216	319066	2722902528	7404133
15412	5385	AF-0000000203929026	shard_880_batch_0.tar	2298880	149551	1282319360	1580461
15412	5933	AF-0000000203929037	shard_442_batch_1.tar	134109696	148411	854471680	1563122
15416	5727	AF-0000000203466050	shard_906_batch_0.tar	153446400	165456	1667410944	1996537
15419	5164	AF-0000000204425554	shard_432_batch_3.tar	133120512	148895	1294965760	1543305
15419	5825	AF-0000000204425664	shard_374_batch_3.tar	77075456	120015	854668288	970469
15419	5999	AF-0000000204425662	shard_374_batch_3.tar	28831232	118619	911873536	969587
15424	5304	AF-0000000203937041	shard_346_batch_1.tar	44392960	99518	327556608	754723
15430	5942	AF-0000000211293690	shard_1090_batch_1.tar	161245184	292684	4186714624	6080792
15431	5909	AF-0000000211290761	shard_410_batch_0.tar	97193984	133443	325767168	1248403
15450	5385	AF-0000000203929737	shard_438_batch_2.tar	31332864	146828	617215488	1532110
15450	5933	AF-0000000203929745	shard_436_batch_2.tar	16758784	146009	1561149952	1500929
15453	5793	AF-0000000203930979	shard_956_batch_1.tar	86654976	179149	2475437568	2321917
