i	j	iLIS_best	iLIS_avg	ipTM_best	ipTM_avg
156	2962	0.812	0.812	0.70	0.70
156	4540	0.811	0.811	0.55	0.55
1191	2339	0.802	0.802	0.69	0.69
2228	3892	0.793	0.793	0.83	0.83
2228	4967	0.793	0.793	0.87	0.87
495	2339	0.791	0.791	0.67	0.67
2228	5616	0.789	0.789	0.80	0.80
963	1789	0.779	0.779	0.76	0.76
1038	3808	0.778	0.778	0.70	0.70
1807	4277	0.778	0.778	0.90	0.90
2228	5478	0.773	0.773	0.77	0.77
698	3892	0.773	0.773	0.83	0.83
3892	4716	0.768	0.768	0.87	0.87
1011	3960	0.767	0.767	0.33	0.33
2315	4964	0.764	0.764	0.93	0.93
2059	3808	0.763	0.763	0.89	0.89
1778	3975	0.763	0.763	0.72	0.72
895	3703	0.762	0.762	0.81	0.81
698	2228	0.762	0.762	0.80	0.80
2282	3892	0.761	0.761	0.81	0.81
2282	4967	0.758	0.758	0.86	0.86
3892	4096	0.757	0.757	0.80	0.80
4716	5205	0.757	0.757	0.89	0.89
695	3161	0.757	0.757	0.71	0.71
2228	5205	0.757	0.757	0.74	0.74
5091	5220	0.757	0.757	0.58	0.58
2962	5091	0.756	0.756	0.71	0.71
4540	5091	0.755	0.755	0.50	0.50
2915	3035	0.755	0.755	0.93	0.93
5386	5431	0.754	0.754	0.89	0.89
2228	4096	0.754	0.754	0.76	0.76
2017	3983	0.751	0.751	0.73	0.73
3035	5418	0.751	0.751	0.92	0.92
4716	5616	0.748	0.748	0.84	0.84
1965	4967	0.748	0.748	0.89	0.89
2114	2551	0.745	0.745	0.90	0.90
3510	3853	0.744	0.744	0.90	0.90
1654	2551	0.743	0.743	0.75	0.75
2228	4061	0.742	0.742	0.74	0.74
73	1045	0.741	0.741	0.74	0.74
4716	5478	0.741	0.741	0.90	0.90
895	4922	0.740	0.740	0.86	0.86
1893	5303	0.739	0.739	0.86	0.86
3727	4716	0.736	0.736	0.85	0.85
2206	4671	0.736	0.736	0.89	0.89
731	2411	0.736	0.736	0.53	0.53
372	2805	0.736	0.736	0.84	0.84
1209	5337	0.735	0.735	0.93	0.93
3935	5321	0.734	0.734	0.56	0.56
3965	5516	0.733	0.733	0.88	0.88
2282	5478	0.733	0.733	0.66	0.66
1038	3693	0.732	0.732	0.80	0.80
136	3983	0.731	0.731	0.73	0.73
1826	2101	0.731	0.731	0.94	0.94
1325	5313	0.731	0.731	0.86	0.86
4096	5616	0.730	0.730	0.77	0.77
2479	2511	0.729	0.729	0.93	0.93
1965	5616	0.729	0.729	0.88	0.88
2725	3321	0.729	0.729	0.62	0.62
288	3842	0.727	0.727	0.82	0.82
2017	4798	0.725	0.725	0.71	0.71
1971	3670	0.725	0.725	0.65	0.65
4517	5520	0.725	0.725	0.90	0.90
5209	5321	0.724	0.724	0.61	0.61
1560	2937	0.724	0.724	0.82	0.82
492	2390	0.724	0.724	0.79	0.79
1093	2768	0.724	0.724	0.91	0.91
75	4528	0.723	0.723	0.39	0.39
698	4716	0.723	0.723	0.85	0.85
136	4798	0.723	0.723	0.71	0.71
1747	3278	0.722	0.722	0.90	0.90
3892	5616	0.721	0.721	0.79	0.79
4096	4716	0.721	0.721	0.82	0.82
3727	5616	0.719	0.719	0.80	0.80
3699	3771	0.719	0.719	0.88	0.88
1095	1697	0.719	0.719	0.94	0.94
3667	5337	0.718	0.718	0.91	0.91
1371	3263	0.718	0.718	0.43	0.43
605	712	0.718	0.718	0.72	0.72
2315	2533	0.717	0.717	0.85	0.85
4061	4716	0.716	0.716	0.87	0.87
339	3038	0.716	0.716	0.70	0.70
2282	5205	0.716	0.716	0.62	0.62
2228	4716	0.715	0.715	0.86	0.86
769	2493	0.714	0.714	0.91	0.91
3398	4819	0.714	0.714	0.75	0.75
2962	4540	0.713	0.713	0.63	0.63
3622	3687	0.712	0.712	0.87	0.87
5003	5547	0.710	0.710	0.93	0.93
449	4428	0.709	0.709	0.75	0.75
186	1653	0.709	0.709	0.92	0.92
3110	5370	0.709	0.709	0.78	0.78
1217	2228	0.709	0.709	0.72	0.72
2613	4798	0.708	0.708	0.71	0.71
1654	2114	0.707	0.707	0.82	0.82
4325	5024	0.706	0.706	0.87	0.87
1142	4243	0.706	0.706	0.51	0.51
1549	1571	0.706	0.706	0.58	0.58
1867	3100	0.705	0.705	0.93	0.93
1612	3596	0.704	0.704	0.89	0.89
483	2401	0.704	0.704	0.96	0.96
3486	3795	0.704	0.704	0.49	0.49
275	3198	0.703	0.703	0.91	0.91
1514	4716	0.703	0.703	0.85	0.85
698	2282	0.703	0.703	0.80	0.80
698	4096	0.703	0.703	0.81	0.81
617	1341	0.703	0.703	0.57	0.57
321	3346	0.702	0.702	0.60	0.60
3286	3935	0.702	0.702	0.82	0.82
647	3198	0.702	0.702	0.95	0.95
2282	5616	0.701	0.701	0.77	0.77
2356	3935	0.701	0.701	0.60	0.60
2298	2805	0.701	0.701	0.78	0.78
647	1800	0.700	0.700	0.95	0.95
677	3935	0.700	0.700	0.87	0.87
4175	5321	0.700	0.700	0.90	0.90
275	1800	0.699	0.699	0.90	0.90
981	3935	0.699	0.699	0.80	0.80
4530	5408	0.698	0.698	0.80	0.80
2361	3576	0.698	0.698	0.61	0.61
275	1747	0.698	0.698	0.88	0.88
1514	3892	0.697	0.697	0.82	0.82
585	1199	0.697	0.697	0.42	0.42
2266	4213	0.696	0.696	0.88	0.88
3699	5004	0.696	0.696	0.91	0.91
495	1191	0.695	0.695	0.64	0.64
647	1747	0.695	0.695	0.93	0.93
1320	4865	0.695	0.695	0.79	0.79
4967	5616	0.695	0.695	0.81	0.81
1985	2536	0.694	0.694	0.88	0.88
1514	5205	0.694	0.694	0.64	0.64
1146	4716	0.694	0.694	0.88	0.88
1146	2282	0.693	0.693	0.64	0.64
1800	3278	0.693	0.693	0.90	0.90
3940	4347	0.693	0.693	0.89	0.89
1409	3640	0.691	0.691	0.49	0.49
382	4488	0.691	0.691	0.84	0.84
895	3309	0.691	0.691	0.81	0.81
3935	5632	0.690	0.690	0.57	0.57
3424	3605	0.690	0.690	0.82	0.82
2613	3983	0.689	0.689	0.72	0.72
640	2486	0.689	0.689	0.87	0.87
4261	5406	0.689	0.689	0.58	0.58
3198	3278	0.689	0.689	0.90	0.90
2282	4061	0.689	0.689	0.68	0.68
1197	2298	0.688	0.688	0.78	0.78
677	3795	0.687	0.687	0.88	0.88
718	3795	0.687	0.687	0.51	0.51
1172	1752	0.687	0.687	0.90	0.90
567	4313	0.687	0.687	0.51	0.51
841	4470	0.686	0.686	0.88	0.88
1931	4875	0.686	0.686	0.91	0.91
2845	5124	0.686	0.686	0.94	0.94
1514	5478	0.686	0.686	0.62	0.62
495	3983	0.686	0.686	0.71	0.71
1093	5079	0.685	0.685	0.90	0.90
4716	4967	0.685	0.685	0.80	0.80
1191	3983	0.684	0.684	0.73	0.73
419	4345	0.684	0.684	0.90	0.90
1768	2361	0.684	0.684	0.92	0.92
1265	4321	0.684	0.684	0.91	0.91
3795	5632	0.683	0.683	0.54	0.54
4925	5026	0.681	0.681	0.71	0.71
3060	3183	0.681	0.681	0.76	0.76
1718	3424	0.681	0.681	0.83	0.83
495	4798	0.681	0.681	0.69	0.69
4673	4683	0.681	0.681	0.94	0.94
173	660	0.681	0.681	0.85	0.85
1191	4798	0.681	0.681	0.72	0.72
3001	4462	0.680	0.680	0.72	0.72
1197	2805	0.680	0.680	0.75	0.75
718	3935	0.679	0.679	0.56	0.56
3024	5209	0.679	0.679	0.52	0.52
3599	3935	0.679	0.679	0.59	0.59
4826	5283	0.677	0.677	0.81	0.81
652	5587	0.677	0.677	0.33	0.33
2086	4846	0.677	0.677	0.83	0.83
2558	3399	0.677	0.677	0.42	0.42
3865	3935	0.677	0.677	0.59	0.59
766	2844	0.676	0.676	0.79	0.79
2282	4096	0.676	0.676	0.74	0.74
2266	4905	0.676	0.676	0.87	0.87
730	2869	0.676	0.676	0.87	0.87
929	1660	0.675	0.675	0.73	0.73
1718	3482	0.674	0.674	0.72	0.72
4986	5536	0.674	0.674	0.84	0.84
1698	4536	0.674	0.674	0.82	0.82
671	4915	0.674	0.674	0.86	0.86
2764	3458	0.673	0.673	0.80	0.80
446	5370	0.673	0.673	0.72	0.72
719	4049	0.673	0.673	0.88	0.88
718	799	0.673	0.673	0.90	0.90
2282	4716	0.672	0.672	0.84	0.84
2183	3808	0.672	0.672	0.62	0.62
1718	4703	0.672	0.672	0.81	0.81
1265	3960	0.672	0.672	0.89	0.89
4345	5079	0.672	0.672	0.80	0.80
2528	3924	0.672	0.672	0.91	0.91
1168	5643	0.672	0.672	0.86	0.86
895	2165	0.671	0.671	0.83	0.83
3736	4859	0.671	0.671	0.92	0.92
890	5605	0.671	0.671	0.40	0.40
1415	3242	0.670	0.670	0.67	0.67
425	2119	0.670	0.670	0.85	0.85
1853	5461	0.670	0.670	0.54	0.54
2149	2869	0.670	0.670	0.89	0.89
2011	4440	0.669	0.669	0.81	0.81
1172	4758	0.669	0.669	0.92	0.92
1506	1718	0.669	0.669	0.72	0.72
2522	4204	0.669	0.669	0.89	0.89
363	3017	0.669	0.669	0.80	0.80
4938	5302	0.668	0.668	0.69	0.69
1217	2705	0.668	0.668	0.46	0.46
1113	2751	0.667	0.667	0.86	0.86
1535	3774	0.667	0.667	0.85	0.85
3284	3935	0.666	0.666	0.53	0.53
3998	4859	0.666	0.666	0.91	0.91
2768	2869	0.666	0.666	0.71	0.71
766	3140	0.666	0.666	0.79	0.79
531	599	0.666	0.666	0.81	0.81
624	3396	0.666	0.666	0.91	0.91
1066	5547	0.665	0.665	0.88	0.88
3808	5423	0.665	0.665	0.80	0.80
1718	5278	0.664	0.664	0.81	0.81
33	4208	0.663	0.663	0.80	0.80
284	2040	0.663	0.663	0.81	0.81
2906	4671	0.663	0.663	0.55	0.55
1853	2535	0.663	0.663	0.49	0.49
3599	3795	0.663	0.663	0.48	0.48
1011	1265	0.663	0.663	0.91	0.91
698	1514	0.663	0.663	0.78	0.78
1899	4105	0.662	0.662	0.90	0.90
520	4096	0.662	0.662	0.73	0.73
2074	3184	0.661	0.661	0.86	0.86
2428	5303	0.660	0.660	0.80	0.80
2667	5184	0.660	0.660	0.87	0.87
1075	1796	0.659	0.659	0.60	0.60
38	2158	0.659	0.659	0.75	0.75
2581	3754	0.659	0.659	0.88	0.88
329	4966	0.658	0.658	0.87	0.87
2192	3088	0.658	0.658	0.41	0.41
1514	4967	0.658	0.658	0.84	0.84
2738	4230	0.658	0.658	0.87	0.87
322	4253	0.658	0.658	0.88	0.88
1957	4982	0.657	0.657	0.83	0.83
128	4121	0.657	0.657	0.46	0.46
363	4966	0.657	0.657	0.82	0.82
1514	5616	0.657	0.657	0.78	0.78
707	5424	0.657	0.657	0.69	0.69
2866	5200	0.656	0.656	0.76	0.76
3691	4054	0.655	0.655	0.85	0.85
2209	5622	0.655	0.655	0.69	0.69
363	3532	0.655	0.655	0.83	0.83
453	1635	0.654	0.654	0.62	0.62
575	3001	0.654	0.654	0.90	0.90
3736	3998	0.654	0.654	0.92	0.92
2260	3935	0.653	0.653	0.54	0.54
2869	5079	0.653	0.653	0.79	0.79
2005	3360	0.653	0.653	0.76	0.76
3168	4819	0.653	0.653	0.77	0.77
2149	4345	0.652	0.652	0.90	0.90
2277	3276	0.652	0.652	0.56	0.56
183	2468	0.652	0.652	0.83	0.83
2450	4492	0.652	0.652	0.90	0.90
1399	5492	0.652	0.652	0.87	0.87
3935	4757	0.652	0.652	0.79	0.79
372	2298	0.651	0.651	0.77	0.77
122	2578	0.651	0.651	0.92	0.92
1514	4061	0.651	0.651	0.72	0.72
2512	5564	0.651	0.651	0.38	0.38
1093	5455	0.650	0.650	0.87	0.87
3861	5039	0.650	0.650	0.90	0.90
400	4325	0.650	0.650	0.80	0.80
1320	3428	0.649	0.649	0.93	0.93
1379	1653	0.649	0.649	0.52	0.52
799	4683	0.649	0.649	0.89	0.89
508	3541	0.649	0.649	0.90	0.90
1654	3699	0.649	0.649	0.78	0.78
3843	4669	0.649	0.649	0.92	0.92
25	841	0.648	0.648	0.86	0.86
334	2011	0.648	0.648	0.79	0.79
3732	4456	0.647	0.647	0.77	0.77
257	1707	0.647	0.647	0.74	0.74
718	4673	0.647	0.647	0.89	0.89
329	3532	0.647	0.647	0.88	0.88
1320	3311	0.647	0.647	0.90	0.90
339	2573	0.647	0.647	0.69	0.69
799	5303	0.646	0.646	0.77	0.77
183	3528	0.646	0.646	0.85	0.85
575	5131	0.646	0.646	0.90	0.90
1834	2370	0.646	0.646	0.25	0.25
419	2869	0.646	0.646	0.87	0.87
3261	4128	0.645	0.645	0.67	0.67
3736	4006	0.645	0.645	0.70	0.70
841	4809	0.644	0.644	0.88	0.88
915	3098	0.644	0.644	0.55	0.55
215	4396	0.644	0.644	0.79	0.79
1257	3663	0.644	0.644	0.64	0.64
2260	2912	0.643	0.643	0.61	0.61
3114	3164	0.643	0.643	0.88	0.88
4683	4825	0.643	0.643	0.79	0.79
3556	5537	0.643	0.643	0.93	0.93
1185	1234	0.643	0.643	0.73	0.73
1555	4379	0.642	0.642	0.93	0.93
79	3808	0.642	0.642	0.64	0.64
351	3935	0.642	0.642	0.55	0.55
552	5556	0.642	0.642	0.84	0.84
512	2192	0.641	0.641	0.38	0.38
156	5220	0.641	0.641	0.55	0.55
1285	1893	0.641	0.641	0.89	0.89
981	3795	0.641	0.641	0.78	0.78
186	2327	0.641	0.641	0.63	0.63
1588	5447	0.640	0.640	0.71	0.71
260	3293	0.640	0.640	0.86	0.86
3001	4353	0.640	0.640	0.68	0.68
329	861	0.640	0.640	0.90	0.90
194	4683	0.640	0.640	0.63	0.63
377	3482	0.640	0.640	0.74	0.74
1791	5209	0.640	0.640	0.43	0.43
981	2912	0.639	0.639	0.80	0.80
3727	5205	0.638	0.638	0.67	0.67
2187	4986	0.638	0.638	0.83	0.83
217	2372	0.638	0.638	0.40	0.40
1279	2773	0.638	0.638	0.69	0.69
2192	3066	0.637	0.637	0.38	0.38
2158	3230	0.637	0.637	0.80	0.80
363	1137	0.637	0.637	0.80	0.80
120	4778	0.637	0.637	0.79	0.79
3221	5591	0.636	0.636	0.58	0.58
1159	3021	0.636	0.636	0.85	0.85
3286	4683	0.635	0.635	0.88	0.88
894	1255	0.635	0.635	0.54	0.54
981	4683	0.635	0.635	0.82	0.82
5478	5616	0.634	0.634	0.79	0.79
2676	3935	0.634	0.634	0.53	0.53
1791	3935	0.634	0.634	0.50	0.50
841	1039	0.634	0.634	0.88	0.88
2380	3284	0.634	0.634	0.59	0.59
4051	5055	0.634	0.634	0.74	0.74
1191	2017	0.633	0.633	0.53	0.53
535	3088	0.633	0.633	0.52	0.52
5343	5389	0.633	0.633	0.91	0.91
890	3060	0.633	0.633	0.53	0.53
2453	3782	0.633	0.633	0.50	0.50
351	3795	0.633	0.633	0.54	0.54
28	1637	0.633	0.633	0.70	0.70
3216	3298	0.632	0.632	0.48	0.48
2468	3184	0.632	0.632	0.82	0.82
1931	5465	0.632	0.632	0.90	0.90
718	4175	0.632	0.632	0.87	0.87
306	3691	0.632	0.632	0.82	0.82
718	4825	0.632	0.632	0.78	0.78
2103	4968	0.631	0.631	0.63	0.63
3935	4799	0.631	0.631	0.71	0.71
894	3541	0.631	0.631	0.60	0.60
2667	2687	0.631	0.631	0.69	0.69
165	3536	0.631	0.631	0.78	0.78
1820	4184	0.630	0.630	0.62	0.62
486	3742	0.630	0.630	0.50	0.50
277	3242	0.630	0.630	0.70	0.70
1461	1768	0.629	0.629	0.92	0.92
958	5399	0.629	0.629	0.60	0.60
194	718	0.629	0.629	0.63	0.63
678	799	0.629	0.629	0.90	0.90
2869	5455	0.628	0.628	0.85	0.85
4100	5609	0.628	0.628	0.85	0.85
1075	3900	0.628	0.628	0.61	0.61
1568	4634	0.628	0.628	0.56	0.56
1146	5616	0.628	0.628	0.83	0.83
2802	4562	0.627	0.627	0.79	0.79
1255	2017	0.627	0.627	0.60	0.60
718	4667	0.627	0.627	0.87	0.87
718	1143	0.627	0.627	0.83	0.83
1931	4754	0.627	0.627	0.88	0.88
578	640	0.626	0.626	0.85	0.85
25	2039	0.626	0.626	0.64	0.64
57	2880	0.626	0.626	0.79	0.79
329	2042	0.626	0.626	0.85	0.85
1930	5278	0.626	0.626	0.71	0.71
1517	4471	0.626	0.626	0.49	0.49
288	2659	0.625	0.625	0.77	0.77
156	2750	0.624	0.624	0.49	0.49
3983	4798	0.624	0.624	0.60	0.60
608	3888	0.624	0.624	0.49	0.49
1977	2410	0.624	0.624	0.90	0.90
2445	4536	0.623	0.623	0.78	0.78
3391	5520	0.623	0.623	0.93	0.93
1877	4076	0.623	0.623	0.78	0.78
265	731	0.623	0.623	0.81	0.81
594	2694	0.623	0.623	0.58	0.58
443	4114	0.623	0.623	0.79	0.79
363	815	0.623	0.623	0.81	0.81
5205	5616	0.623	0.623	0.75	0.75
305	1149	0.622	0.622	0.56	0.56
305	5592	0.622	0.622	0.58	0.58
4353	5131	0.622	0.622	0.69	0.69
419	1093	0.622	0.622	0.88	0.88
3404	3424	0.622	0.622	0.81	0.81
3003	3963	0.622	0.622	0.63	0.63
2824	3863	0.622	0.622	0.74	0.74
4968	5068	0.622	0.622	0.73	0.73
1106	5405	0.622	0.622	0.85	0.85
3148	5303	0.622	0.622	0.81	0.81
2608	3959	0.621	0.621	0.55	0.55
164	2141	0.621	0.621	0.45	0.45
4462	5131	0.621	0.621	0.73	0.73
587	1470	0.621	0.621	0.49	0.49
3404	5278	0.620	0.620	0.78	0.78
1470	4554	0.620	0.620	0.69	0.69
329	3017	0.620	0.620	0.85	0.85
1669	2356	0.620	0.620	0.60	0.60
303	4675	0.620	0.620	0.73	0.73
3036	4961	0.619	0.619	0.92	0.92
139	1781	0.619	0.619	0.63	0.63
3510	4683	0.619	0.619	0.89	0.89
2017	2339	0.618	0.618	0.51	0.51
718	981	0.618	0.618	0.79	0.79
334	1073	0.618	0.618	0.84	0.84
3267	3424	0.618	0.618	0.81	0.81
1506	1841	0.618	0.618	0.72	0.72
4478	4498	0.617	0.617	0.72	0.72
1891	2255	0.617	0.617	0.69	0.69
677	2912	0.617	0.617	0.87	0.87
255	4703	0.617	0.617	0.76	0.76
1509	3903	0.616	0.616	0.79	0.79
1590	3294	0.616	0.616	0.81	0.81
1755	5520	0.616	0.616	0.89	0.89
555	2844	0.616	0.616	0.79	0.79
2802	2841	0.616	0.616	0.78	0.78
1965	5478	0.616	0.616	0.82	0.82
1732	4316	0.616	0.616	0.75	0.75
329	5138	0.615	0.615	0.86	0.86
3795	3865	0.615	0.615	0.59	0.59
4412	4451	0.615	0.615	0.72	0.72
1506	4450	0.615	0.615	0.73	0.73
1430	3682	0.615	0.615	0.87	0.87
2233	4148	0.615	0.615	0.73	0.73
3847	5576	0.614	0.614	0.52	0.52
1953	2479	0.614	0.614	0.83	0.83
678	4175	0.613	0.613	0.89	0.89
3458	3808	0.613	0.613	0.75	0.75
819	992	0.613	0.613	0.35	0.35
3813	4271	0.613	0.613	0.83	0.83
640	4008	0.613	0.613	0.85	0.85
604	4490	0.613	0.613	0.93	0.93
1812	2212	0.613	0.613	0.94	0.94
2124	3668	0.613	0.613	0.57	0.57
2122	4100	0.613	0.613	0.80	0.80
1371	1672	0.613	0.613	0.54	0.54
508	4784	0.613	0.613	0.85	0.85
1881	2343	0.612	0.612	0.77	0.77
1067	5344	0.612	0.612	0.85	0.85
598	1632	0.612	0.612	0.89	0.89
3849	5609	0.612	0.612	0.79	0.79
2339	4798	0.612	0.612	0.64	0.64
4128	4610	0.611	0.611	0.78	0.78
1322	3346	0.611	0.611	0.64	0.64
2863	4433	0.611	0.611	0.66	0.66
2130	4054	0.611	0.611	0.86	0.86
88	5527	0.611	0.611	0.84	0.84
1265	4713	0.611	0.611	0.85	0.85
1039	2039	0.611	0.611	0.65	0.65
449	3329	0.611	0.611	0.74	0.74
4259	4307	0.611	0.611	0.70	0.70
1041	1881	0.610	0.610	0.90	0.90
730	4345	0.610	0.610	0.89	0.89
136	1255	0.610	0.610	0.60	0.60
2	393	0.610	0.610	0.68	0.68
2768	4345	0.610	0.610	0.71	0.71
4667	4683	0.609	0.609	0.87	0.87
4401	5307	0.609	0.609	0.72	0.72
3682	5457	0.609	0.609	0.86	0.86
3754	4114	0.609	0.609	0.72	0.72
3009	3804	0.609	0.609	0.86	0.86
2593	2779	0.609	0.609	0.73	0.73
189	1990	0.609	0.609	0.86	0.86
1828	4898	0.609	0.609	0.85	0.85
4175	4683	0.608	0.608	0.89	0.89
3132	3996	0.608	0.608	0.79	0.79
1020	1403	0.608	0.608	0.73	0.73
1781	2632	0.608	0.608	0.65	0.65
1191	2613	0.608	0.608	0.50	0.50
3357	4986	0.607	0.607	0.85	0.85
781	4386	0.606	0.606	0.33	0.33
555	3140	0.606	0.606	0.79	0.79
2288	4199	0.606	0.606	0.76	0.76
1105	1187	0.605	0.605	0.92	0.92
455	3025	0.605	0.605	0.82	0.82
3104	3361	0.605	0.605	0.72	0.72
1859	2545	0.604	0.604	0.78	0.78
2912	5632	0.604	0.604	0.63	0.63
495	2613	0.604	0.604	0.60	0.60
1841	4703	0.604	0.604	0.81	0.81
555	766	0.603	0.603	0.67	0.67
1283	1867	0.603	0.603	0.85	0.85
1093	2149	0.603	0.603	0.89	0.89
372	1197	0.603	0.603	0.67	0.67
3872	4703	0.603	0.603	0.82	0.82
1628	3693	0.603	0.603	0.65	0.65
1509	3448	0.603	0.603	0.64	0.64
2099	2791	0.602	0.602	0.64	0.64
3492	3926	0.602	0.602	0.64	0.64
4804	5564	0.602	0.602	0.62	0.62
273	3184	0.602	0.602	0.83	0.83
3795	4799	0.602	0.602	0.70	0.70
1870	5123	0.602	0.602	0.38	0.38
2436	4698	0.602	0.602	0.92	0.92
273	3528	0.602	0.602	0.84	0.84
1628	3304	0.602	0.602	0.78	0.78
404	2399	0.602	0.602	0.40	0.40
1074	2886	0.601	0.601	0.73	0.73
340	1867	0.601	0.601	0.90	0.90
4377	5079	0.601	0.601	0.80	0.80
70	4769	0.601	0.601	0.33	0.33
23	3424	0.601	0.601	0.80	0.80
512	1421	0.601	0.601	0.48	0.48
1786	2479	0.600	0.600	0.84	0.84
678	4825	0.600	0.600	0.78	0.78
2287	3132	0.600	0.600	0.80	0.80
93	3963	0.600	0.600	0.70	0.70
2001	2432	0.600	0.600	0.56	0.56
303	915	0.600	0.600	0.59	0.59
292	3230	0.600	0.600	0.72	0.72
2067	3424	0.600	0.600	0.81	0.81
329	1137	0.600	0.600	0.84	0.84
2737	3935	0.600	0.600	0.66	0.66
2448	5008	0.599	0.599	0.79	0.79
1053	1358	0.599	0.599	0.89	0.89
3032	4492	0.599	0.599	0.86	0.86
2551	3699	0.599	0.599	0.69	0.69
1828	3763	0.599	0.599	0.84	0.84
3009	3218	0.599	0.599	0.86	0.86
3286	3795	0.599	0.599	0.79	0.79
449	2569	0.599	0.599	0.88	0.88
3386	4705	0.599	0.599	0.36	0.36
1073	2929	0.599	0.599	0.78	0.78
1586	5587	0.599	0.599	0.75	0.75
1143	4683	0.599	0.599	0.83	0.83
2473	3865	0.599	0.599	0.76	0.76
4789	5326	0.598	0.598	0.84	0.84
1931	5452	0.598	0.598	0.88	0.88
3521	4571	0.598	0.598	0.83	0.83
23	3482	0.598	0.598	0.70	0.70
1523	2275	0.598	0.598	0.86	0.86
1461	2212	0.598	0.598	0.95	0.95
2349	5326	0.597	0.597	0.85	0.85
698	1965	0.597	0.597	0.79	0.79
2339	3983	0.597	0.597	0.67	0.67
500	1307	0.597	0.597	0.56	0.56
2225	4536	0.597	0.597	0.81	0.81
207	5461	0.596	0.596	0.60	0.60
5084	5402	0.596	0.596	0.82	0.82
4324	4563	0.596	0.596	0.66	0.66
1558	3005	0.596	0.596	0.89	0.89
4267	5613	0.596	0.596	0.83	0.83
2576	4768	0.596	0.596	0.86	0.86
1105	4182	0.596	0.596	0.91	0.91
23	5278	0.596	0.596	0.78	0.78
637	5392	0.595	0.595	0.80	0.80
678	1893	0.595	0.595	0.88	0.88
125	1796	0.595	0.595	0.63	0.63
833	2210	0.595	0.595	0.70	0.70
363	1289	0.595	0.595	0.83	0.83
1965	4061	0.595	0.595	0.80	0.80
217	3475	0.595	0.595	0.35	0.35
4450	4703	0.594	0.594	0.81	0.81
2333	3551	0.594	0.594	0.57	0.57
2468	4589	0.594	0.594	0.73	0.73
1727	2916	0.594	0.594	0.69	0.69
516	3724	0.594	0.594	0.77	0.77
1399	4656	0.594	0.594	0.88	0.88
1527	4804	0.594	0.594	0.61	0.61
4559	5602	0.594	0.594	0.50	0.50
640	2207	0.594	0.594	0.86	0.86
2737	3795	0.593	0.593	0.66	0.66
1671	4289	0.593	0.593	0.43	0.43
4075	5037	0.593	0.593	0.68	0.68
3984	4347	0.593	0.593	0.90	0.90
3090	4970	0.593	0.593	0.65	0.65
4898	5114	0.593	0.593	0.86	0.86
2626	3789	0.593	0.593	0.82	0.82
718	4679	0.593	0.593	0.51	0.51
2063	2478	0.593	0.593	0.51	0.51
1784	4274	0.592	0.592	0.70	0.70
2219	3960	0.592	0.592	0.31	0.31
1811	5079	0.592	0.592	0.80	0.80
1344	4683	0.592	0.592	0.63	0.63
4816	4825	0.592	0.592	0.79	0.79
1791	2912	0.592	0.592	0.59	0.59
279	3935	0.592	0.592	0.82	0.82
4628	5268	0.592	0.592	0.74	0.74
660	1873	0.592	0.592	0.84	0.84
150	598	0.592	0.592	0.88	0.88
2199	3704	0.591	0.591	0.46	0.46
4302	4462	0.591	0.591	0.79	0.79
3147	4653	0.591	0.591	0.92	0.92
879	3799	0.591	0.591	0.83	0.83
3276	3883	0.591	0.591	0.54	0.54
2912	3599	0.591	0.591	0.66	0.66
2156	5520	0.591	0.591	0.76	0.76
982	2943	0.591	0.591	0.85	0.85
3435	4968	0.591	0.591	0.65	0.65
4363	4846	0.590	0.590	0.62	0.62
1310	4679	0.590	0.590	0.54	0.54
890	2826	0.590	0.590	0.52	0.52
2659	4389	0.590	0.590	0.80	0.80
2779	3852	0.590	0.590	0.70	0.70
1631	2705	0.590	0.590	0.78	0.78
710	2215	0.590	0.590	0.79	0.79
363	5138	0.590	0.590	0.81	0.81
3435	5068	0.589	0.589	0.42	0.42
516	1911	0.589	0.589	0.89	0.89
429	5560	0.589	0.589	0.50	0.50
200	3082	0.589	0.589	0.85	0.85
2215	3595	0.589	0.589	0.65	0.65
363	2042	0.589	0.589	0.80	0.80
3808	4855	0.589	0.589	0.54	0.54
503	710	0.589	0.589	0.68	0.68
226	5366	0.588	0.588	0.56	0.56
28	1506	0.588	0.588	0.64	0.64
49	5262	0.588	0.588	0.75	0.75
1361	4608	0.588	0.588	0.77	0.77
382	599	0.588	0.588	0.80	0.80
1941	3963	0.588	0.588	0.60	0.60
3887	5544	0.588	0.588	0.49	0.49
2004	3486	0.588	0.588	0.35	0.35
2241	3831	0.587	0.587	0.48	0.48
2372	4448	0.587	0.587	0.33	0.33
3833	4408	0.587	0.587	0.75	0.75
1792	4140	0.587	0.587	0.44	0.44
363	499	0.587	0.587	0.88	0.88
1320	4729	0.587	0.587	0.92	0.92
816	4634	0.587	0.587	0.55	0.55
750	5630	0.587	0.587	0.74	0.74
161	5348	0.587	0.587	0.78	0.78
1367	5592	0.587	0.587	0.45	0.45
64	2583	0.587	0.587	0.84	0.84
28	4703	0.586	0.586	0.71	0.71
64	4941	0.586	0.586	0.85	0.85
3126	3935	0.586	0.586	0.59	0.59
1315	1355	0.586	0.586	0.83	0.83
559	5211	0.586	0.586	0.79	0.79
313	3024	0.586	0.586	0.70	0.70
3816	4046	0.586	0.586	0.64	0.64
640	2430	0.586	0.586	0.84	0.84
3985	4634	0.585	0.585	0.80	0.80
331	1881	0.585	0.585	0.73	0.73
148	1725	0.585	0.585	0.39	0.39
946	4818	0.585	0.585	0.89	0.89
730	1811	0.585	0.585	0.88	0.88
172	5572	0.585	0.585	0.57	0.57
928	1541	0.585	0.585	0.76	0.76
495	2017	0.584	0.584	0.57	0.57
334	4076	0.584	0.584	0.77	0.77
828	3619	0.584	0.584	0.53	0.53
489	2173	0.584	0.584	0.75	0.75
520	1496	0.584	0.584	0.73	0.73
3638	4878	0.584	0.584	0.70	0.70
981	1285	0.584	0.584	0.79	0.79
194	678	0.583	0.583	0.63	0.63
4289	5534	0.583	0.583	0.44	0.44
2705	2800	0.583	0.583	0.71	0.71
1506	4181	0.583	0.583	0.72	0.72
1333	4348	0.583	0.583	0.82	0.82
1142	4386	0.583	0.583	0.33	0.33
1854	5372	0.583	0.583	0.75	0.75
575	4302	0.582	0.582	0.90	0.90
2750	4540	0.582	0.582	0.48	0.48
2161	2568	0.582	0.582	0.51	0.51
771	4413	0.582	0.582	0.75	0.75
743	3184	0.582	0.582	0.74	0.74
881	2479	0.582	0.582	0.83	0.83
3051	3735	0.581	0.581	0.35	0.35
419	1811	0.581	0.581	0.90	0.90
135	2845	0.581	0.581	0.79	0.79
2288	4196	0.581	0.581	0.75	0.75
4274	4574	0.581	0.581	0.68	0.68
1555	3289	0.581	0.581	0.83	0.83
2559	5626	0.581	0.581	0.61	0.61
213	2281	0.581	0.581	0.81	0.81
4345	5455	0.581	0.581	0.88	0.88
4847	5520	0.581	0.581	0.87	0.87
1764	4528	0.581	0.581	0.35	0.35
4347	5481	0.580	0.580	0.89	0.89
1514	4096	0.580	0.580	0.69	0.69
1084	1330	0.580	0.580	0.81	0.81
215	2018	0.580	0.580	0.79	0.79
4181	4703	0.580	0.580	0.80	0.80
2750	2962	0.580	0.580	0.64	0.64
23	4703	0.580	0.580	0.78	0.78
3180	4893	0.580	0.580	0.40	0.40
2195	4705	0.580	0.580	0.90	0.90
2348	4290	0.579	0.579	0.75	0.75
713	1775	0.579	0.579	0.68	0.68
1300	1661	0.579	0.579	0.68	0.68
83	4841	0.579	0.579	0.68	0.68
150	1213	0.579	0.579	0.87	0.87
3795	5321	0.578	0.578	0.54	0.54
1213	1632	0.578	0.578	0.87	0.87
1951	3350	0.578	0.578	0.53	0.53
799	4580	0.578	0.578	0.87	0.87
1340	4507	0.578	0.578	0.83	0.83
1897	3036	0.578	0.578	0.81	0.81
1720	4290	0.578	0.578	0.72	0.72
1344	3935	0.577	0.577	0.59	0.59
2130	4653	0.577	0.577	0.84	0.84
1740	1779	0.577	0.577	0.74	0.74
1255	2613	0.577	0.577	0.59	0.59
480	2760	0.576	0.576	0.60	0.60
2325	3577	0.576	0.576	0.78	0.78
504	4559	0.576	0.576	0.51	0.51
1051	4847	0.576	0.576	0.78	0.78
136	2339	0.576	0.576	0.50	0.50
2884	4703	0.576	0.576	0.79	0.79
2339	2613	0.576	0.576	0.51	0.51
505	3935	0.576	0.576	0.61	0.61
91	2868	0.576	0.576	0.41	0.41
1275	4593	0.575	0.575	0.68	0.68
75	1764	0.575	0.575	0.58	0.58
3773	5108	0.575	0.575	0.68	0.68
2277	3552	0.575	0.575	0.63	0.63
1527	5564	0.575	0.575	0.39	0.39
1299	5623	0.575	0.575	0.62	0.62
928	3386	0.575	0.575	0.71	0.71
255	1506	0.575	0.575	0.67	0.67
183	2074	0.575	0.575	0.84	0.84
57	1086	0.574	0.574	0.66	0.66
1234	3074	0.574	0.574	0.73	0.73
1960	4292	0.574	0.574	0.43	0.43
456	2557	0.574	0.574	0.61	0.61
810	5441	0.574	0.574	0.69	0.69
2877	3999	0.574	0.574	0.48	0.48
3935	4683	0.574	0.574	0.46	0.46
2810	5369	0.573	0.573	0.61	0.61
2101	4893	0.573	0.573	0.28	0.28
317	4307	0.573	0.573	0.79	0.79
65	4170	0.573	0.573	0.73	0.73
1486	5168	0.573	0.573	0.80	0.80
678	5570	0.573	0.573	0.69	0.69
4175	4580	0.573	0.573	0.86	0.86
3458	5351	0.573	0.573	0.73	0.73
1299	2622	0.572	0.572	0.85	0.85
2912	5321	0.572	0.572	0.58	0.58
519	4899	0.572	0.572	0.65	0.65
3804	4230	0.572	0.572	0.89	0.89
2252	2929	0.572	0.572	0.89	0.89
1157	2760	0.572	0.572	0.75	0.75
2492	2944	0.572	0.572	0.85	0.85
1632	5613	0.572	0.572	0.87	0.87
150	5613	0.572	0.572	0.88	0.88
2052	3024	0.571	0.571	0.51	0.51
1223	1884	0.571	0.571	0.78	0.78
3727	3892	0.571	0.571	0.77	0.77
3425	4061	0.571	0.571	0.80	0.80
1877	1880	0.571	0.571	0.89	0.89
161	4137	0.571	0.571	0.56	0.56
183	3184	0.571	0.571	0.80	0.80
868	2643	0.571	0.571	0.85	0.85
329	499	0.571	0.571	0.87	0.87
296	3795	0.570	0.570	0.41	0.41
279	3795	0.570	0.570	0.81	0.81
811	5305	0.570	0.570	0.90	0.90
1917	4043	0.570	0.570	0.70	0.70
3814	4399	0.570	0.570	0.44	0.44
678	4667	0.570	0.570	0.85	0.85
1355	1489	0.570	0.570	0.81	0.81
2254	5147	0.570	0.570	0.63	0.63
2063	3592	0.570	0.570	0.74	0.74
2912	3865	0.569	0.569	0.65	0.65
5203	5623	0.569	0.569	0.80	0.80
1861	3575	0.569	0.569	0.74	0.74
890	1517	0.569	0.569	0.43	0.43
660	3090	0.569	0.569	0.78	0.78
3965	5585	0.569	0.569	0.83	0.83
2448	4341	0.569	0.569	0.74	0.74
1571	2161	0.569	0.569	0.54	0.54
678	981	0.569	0.569	0.82	0.82
139	2912	0.569	0.569	0.45	0.45
3519	3653	0.569	0.569	0.87	0.87
3424	4181	0.569	0.569	0.82	0.82
4707	5505	0.568	0.568	0.74	0.74
5068	5461	0.568	0.568	0.75	0.75
212	5080	0.568	0.568	0.55	0.55
537	4186	0.568	0.568	0.69	0.69
678	1143	0.568	0.568	0.82	0.82
67	2728	0.568	0.568	0.75	0.75
2875	3814	0.567	0.567	0.42	0.42
44	3210	0.567	0.567	0.88	0.88
828	3631	0.567	0.567	0.52	0.52
2103	3782	0.567	0.567	0.42	0.42
3291	4307	0.567	0.567	0.82	0.82
1222	2369	0.567	0.567	0.69	0.69
4821	5182	0.566	0.566	0.77	0.77
890	1501	0.566	0.566	0.70	0.70
130	3482	0.566	0.566	0.62	0.62
2485	4117	0.566	0.566	0.67	0.67
2348	5191	0.566	0.566	0.79	0.79
915	4675	0.566	0.566	0.69	0.69
4618	5030	0.566	0.566	0.86	0.86
4022	5510	0.566	0.566	0.64	0.64
3914	5541	0.566	0.566	0.76	0.76
2071	2936	0.566	0.566	0.87	0.87
2021	3231	0.566	0.566	0.67	0.67
1214	1639	0.565	0.565	0.68	0.68
1048	2233	0.565	0.565	0.82	0.82
125	2912	0.565	0.565	0.38	0.38
1725	4306	0.564	0.564	0.53	0.53
1129	5520	0.564	0.564	0.84	0.84
2912	5446	0.564	0.564	0.53	0.53
1764	2094	0.564	0.564	0.70	0.70
5205	5478	0.564	0.564	0.59	0.59
1971	5026	0.564	0.564	0.62	0.62
828	4732	0.564	0.564	0.53	0.53
177	1874	0.564	0.564	0.75	0.75
3017	4464	0.563	0.563	0.50	0.50
750	2818	0.563	0.563	0.73	0.73
1045	5489	0.563	0.563	0.65	0.65
643	2086	0.563	0.563	0.77	0.77
4366	4602	0.563	0.563	0.54	0.54
3108	5587	0.563	0.563	0.80	0.80
2310	3425	0.563	0.563	0.86	0.86
1411	3690	0.563	0.563	0.71	0.71
1603	4155	0.563	0.563	0.75	0.75
1073	2011	0.563	0.563	0.62	0.62
3670	5514	0.562	0.562	0.72	0.72
698	5478	0.562	0.562	0.75	0.75
1097	4850	0.562	0.562	0.56	0.56
1625	2639	0.562	0.562	0.71	0.71
827	2333	0.562	0.562	0.68	0.68
3935	4825	0.562	0.562	0.65	0.65
1105	3836	0.562	0.562	0.92	0.92
1942	2274	0.561	0.561	0.80	0.80
4012	4678	0.561	0.561	0.67	0.67
1811	2149	0.561	0.561	0.91	0.91
587	3814	0.561	0.561	0.61	0.61
3855	4175	0.561	0.561	0.87	0.87
3040	5100	0.561	0.561	0.87	0.87
1596	2741	0.561	0.561	0.80	0.80
3467	5378	0.560	0.560	0.51	0.51
1074	3151	0.560	0.560	0.73	0.73
419	3869	0.560	0.560	0.80	0.80
3727	4967	0.560	0.560	0.70	0.70
165	5303	0.560	0.560	0.67	0.67
4036	5078	0.560	0.560	0.61	0.61
329	1289	0.559	0.559	0.87	0.87
3510	4408	0.559	0.559	0.83	0.83
331	2343	0.559	0.559	0.56	0.56
107	4148	0.559	0.559	0.72	0.72
2452	3222	0.559	0.559	0.86	0.86
2526	5634	0.559	0.559	0.41	0.41
3935	4043	0.558	0.558	0.50	0.50
87	5354	0.558	0.558	0.74	0.74
4251	4822	0.558	0.558	0.73	0.73
601	1531	0.558	0.558	0.65	0.65
3218	4230	0.558	0.558	0.89	0.89
2478	4413	0.558	0.558	0.79	0.79
1255	2265	0.558	0.558	0.54	0.54
1265	3289	0.558	0.558	0.85	0.85
1729	3077	0.557	0.557	0.75	0.75
1	4825	0.557	0.557	0.66	0.66
951	1320	0.557	0.557	0.91	0.91
660	5514	0.557	0.557	0.85	0.85
2219	4121	0.557	0.557	0.29	0.29
1151	4537	0.557	0.557	0.59	0.59
819	1098	0.556	0.556	0.36	0.36
1159	5628	0.556	0.556	0.84	0.84
315	1300	0.556	0.556	0.67	0.67
1601	1704	0.556	0.556	0.83	0.83
1050	2122	0.556	0.556	0.72	0.72
226	1893	0.556	0.556	0.87	0.87
730	2389	0.556	0.556	0.87	0.87
771	3070	0.555	0.555	0.55	0.55
1811	2768	0.555	0.555	0.71	0.71
2045	2378	0.555	0.555	0.51	0.51
75	2453	0.555	0.555	0.42	0.42
1204	3102	0.555	0.555	0.74	0.74
182	883	0.555	0.555	0.88	0.88
2074	2663	0.554	0.554	0.82	0.82
213	3960	0.554	0.554	0.81	0.81
4118	5278	0.554	0.554	0.70	0.70
2676	3795	0.554	0.554	0.54	0.54
2557	3693	0.554	0.554	0.65	0.65
1054	3575	0.554	0.554	0.72	0.72
992	1728	0.554	0.554	0.51	0.51
3975	5545	0.554	0.554	0.64	0.64
1893	4683	0.554	0.554	0.85	0.85
2363	4671	0.554	0.554	0.66	0.66
136	495	0.554	0.554	0.55	0.55
1614	2447	0.554	0.554	0.76	0.76
3246	3705	0.554	0.554	0.67	0.67
1060	1294	0.554	0.554	0.32	0.32
4408	5572	0.554	0.554	0.62	0.62
1926	5115	0.553	0.553	0.79	0.79
260	1540	0.553	0.553	0.81	0.81
1310	2951	0.553	0.553	0.62	0.62
125	172	0.553	0.553	0.48	0.48
483	5642	0.553	0.553	0.79	0.79
4302	4353	0.553	0.553	0.76	0.76
2057	3887	0.553	0.553	0.71	0.71
1671	2220	0.553	0.553	0.52	0.52
2255	5186	0.552	0.552	0.63	0.63
215	5201	0.552	0.552	0.80	0.80
1010	1320	0.552	0.552	0.92	0.92
1506	2884	0.552	0.552	0.70	0.70
1828	2566	0.552	0.552	0.83	0.83
1043	3935	0.552	0.552	0.59	0.59
620	4476	0.552	0.552	0.69	0.69
387	828	0.552	0.552	0.52	0.52
3003	4043	0.552	0.552	0.61	0.61
1284	4537	0.552	0.552	0.70	0.70
1105	4872	0.552	0.552	0.91	0.91
4679	4683	0.551	0.551	0.49	0.49
5363	5626	0.551	0.551	0.25	0.25
2796	3669	0.551	0.551	0.50	0.50
1244	4821	0.551	0.551	0.74	0.74
2299	3347	0.551	0.551	0.65	0.65
3974	4379	0.551	0.551	0.59	0.59
3965	4456	0.551	0.551	0.83	0.83
1784	3001	0.551	0.551	0.66	0.66
264	954	0.551	0.551	0.89	0.89
1357	1728	0.551	0.551	0.24	0.24
1264	3581	0.550	0.550	0.67	0.67
828	1910	0.550	0.550	0.53	0.53
2584	4819	0.550	0.550	0.75	0.75
361	1320	0.550	0.550	0.91	0.91
2343	3456	0.550	0.550	0.70	0.70
1005	2884	0.550	0.550	0.74	0.74
1753	3230	0.550	0.550	0.68	0.68
1632	3001	0.550	0.550	0.62	0.62
2063	3993	0.549	0.549	0.68	0.68
446	3110	0.549	0.549	0.74	0.74
678	4673	0.549	0.549	0.90	0.90
3768	3895	0.549	0.549	0.82	0.82
1911	3724	0.549	0.549	0.81	0.81
956	5047	0.549	0.549	0.86	0.86
563	3935	0.549	0.549	0.76	0.76
315	1661	0.549	0.549	0.64	0.64
65	695	0.549	0.549	0.64	0.64
3357	4243	0.548	0.548	0.43	0.43
150	3001	0.548	0.548	0.61	0.61
658	3475	0.548	0.548	0.50	0.50
3895	4721	0.548	0.548	0.82	0.82
1105	1636	0.548	0.548	0.89	0.89
925	1320	0.548	0.548	0.90	0.90
2861	3888	0.548	0.548	0.95	0.95
1501	3470	0.548	0.548	0.62	0.62
2835	4524	0.548	0.548	0.82	0.82
347	5247	0.548	0.548	0.78	0.78
4355	4690	0.547	0.547	0.54	0.54
4275	4875	0.547	0.547	0.77	0.77
2765	4537	0.547	0.547	0.71	0.71
1164	4669	0.547	0.547	0.87	0.87
3293	3638	0.547	0.547	0.72	0.72
3104	3975	0.547	0.547	0.68	0.68
2400	4186	0.546	0.546	0.69	0.69
1596	1774	0.546	0.546	0.78	0.78
2826	3180	0.546	0.546	0.46	0.46
1357	5626	0.546	0.546	0.23	0.23
1141	2642	0.546	0.546	0.83	0.83
631	1063	0.546	0.546	0.79	0.79
969	4249	0.546	0.546	0.75	0.75
639	4412	0.546	0.546	0.77	0.77
2889	4937	0.546	0.546	0.81	0.81
456	3705	0.546	0.546	0.69	0.69
1161	4615	0.545	0.545	0.50	0.50
236	2023	0.545	0.545	0.39	0.39
828	2614	0.545	0.545	0.52	0.52
4678	5461	0.545	0.545	0.70	0.70
4171	4676	0.545	0.545	0.67	0.67
879	2276	0.545	0.545	0.81	0.81
363	2492	0.545	0.545	0.81	0.81
164	2429	0.545	0.545	0.71	0.71
2566	4163	0.544	0.544	0.75	0.75
2211	5572	0.544	0.544	0.60	0.60
1517	4893	0.544	0.544	0.39	0.39
1977	4075	0.544	0.544	0.75	0.75
2824	4433	0.544	0.544	0.64	0.64
1320	2616	0.544	0.544	0.89	0.89
23	1506	0.544	0.544	0.68	0.68
3756	3886	0.544	0.544	0.68	0.68
3514	3831	0.544	0.544	0.70	0.70
483	1560	0.544	0.544	0.80	0.80
751	2543	0.544	0.544	0.92	0.92
542	1112	0.544	0.544	0.78	0.78
743	2468	0.544	0.544	0.79	0.79
5570	5631	0.543	0.543	0.67	0.67
1062	5247	0.543	0.543	0.79	0.79
476	2360	0.543	0.543	0.41	0.41
2127	2141	0.543	0.543	0.34	0.34
1134	5489	0.543	0.543	0.75	0.75
273	2468	0.543	0.543	0.78	0.78
4873	5556	0.543	0.543	0.76	0.76
758	890	0.543	0.543	0.60	0.60
255	337	0.543	0.543	0.85	0.85
1977	3501	0.543	0.543	0.91	0.91
1562	5087	0.543	0.543	0.68	0.68
4231	5583	0.543	0.543	0.64	0.64
5556	5576	0.543	0.543	0.72	0.72
3514	3756	0.543	0.543	0.68	0.68
1063	2566	0.543	0.543	0.75	0.75
218	1339	0.542	0.542	0.68	0.68
279	2912	0.542	0.542	0.81	0.81
4599	4774	0.542	0.542	0.71	0.71
1740	4725	0.542	0.542	0.78	0.78
1069	4170	0.542	0.542	0.26	0.26
1347	2241	0.542	0.542	0.53	0.53
1051	1755	0.542	0.542	0.71	0.71
329	815	0.542	0.542	0.84	0.84
2826	5321	0.542	0.542	0.58	0.58
5351	5549	0.542	0.542	0.68	0.68
2492	4522	0.542	0.542	0.80	0.80
61	1859	0.541	0.541	0.72	0.72
1881	2207	0.541	0.541	0.25	0.25
1332	1980	0.541	0.541	0.29	0.29
2122	2884	0.541	0.541	0.80	0.80
329	2325	0.541	0.541	0.76	0.76
1133	4587	0.540	0.540	0.81	0.81
407	5378	0.540	0.540	0.48	0.48
4353	5613	0.540	0.540	0.69	0.69
1320	1377	0.540	0.540	0.91	0.91
4088	5143	0.540	0.540	0.82	0.82
1811	5455	0.540	0.540	0.89	0.89
1576	2211	0.540	0.540	0.62	0.62
1297	1739	0.540	0.540	0.91	0.91
34	5196	0.540	0.540	0.85	0.85
2663	3528	0.540	0.540	0.74	0.74
1502	2685	0.540	0.540	0.63	0.63
1136	5247	0.540	0.540	0.79	0.79
1739	4625	0.540	0.540	0.45	0.45
2727	3816	0.540	0.540	0.62	0.62
554	1867	0.540	0.540	0.90	0.90
835	5053	0.539	0.539	0.87	0.87
186	5434	0.539	0.539	0.67	0.67
2010	5143	0.539	0.539	0.84	0.84
1470	5207	0.539	0.539	0.40	0.40
3276	3552	0.539	0.539	0.68	0.68
3523	3638	0.539	0.539	0.61	0.61
3008	5354	0.539	0.539	0.74	0.74
1506	3872	0.539	0.539	0.74	0.74
525	1052	0.539	0.539	0.69	0.69
4941	5075	0.538	0.538	0.87	0.87
981	5172	0.538	0.538	0.76	0.76
1963	4392	0.538	0.538	0.75	0.75
1896	1963	0.538	0.538	0.73	0.73
4158	5570	0.538	0.538	0.70	0.70
1300	3737	0.538	0.538	0.67	0.67
2886	3151	0.538	0.538	0.34	0.34
598	3001	0.538	0.538	0.67	0.67
2192	3910	0.538	0.538	0.36	0.36
297	4318	0.538	0.538	0.65	0.65
1586	5556	0.537	0.537	0.68	0.68
5024	5257	0.537	0.537	0.64	0.64
3899	4758	0.537	0.537	0.75	0.75
1791	5241	0.537	0.537	0.74	0.74
1320	2951	0.537	0.537	0.80	0.80
1075	3999	0.537	0.537	0.57	0.57
678	4679	0.537	0.537	0.49	0.49
2912	4884	0.536	0.536	0.54	0.54
1704	4054	0.536	0.536	0.85	0.85
258	1406	0.536	0.536	0.60	0.60
678	3286	0.536	0.536	0.84	0.84
4229	4345	0.536	0.536	0.77	0.77
2074	4589	0.536	0.536	0.76	0.76
70	4195	0.536	0.536	0.49	0.49
4386	5123	0.536	0.536	0.43	0.43
1720	5191	0.536	0.536	0.75	0.75
1071	4653	0.536	0.536	0.77	0.77
1112	2684	0.535	0.535	0.79	0.79
1867	3604	0.535	0.535	0.91	0.91
273	2663	0.535	0.535	0.80	0.80
3446	3506	0.535	0.535	0.73	0.73
3001	4302	0.535	0.535	0.56	0.56
1032	1300	0.535	0.535	0.73	0.73
658	3940	0.535	0.535	0.51	0.51
2508	2943	0.535	0.535	0.62	0.62
215	2854	0.535	0.535	0.74	0.74
2737	2912	0.534	0.534	0.64	0.64
2568	5591	0.534	0.534	0.32	0.32
1310	4551	0.534	0.534	0.55	0.55
475	1437	0.534	0.534	0.54	0.54
1858	5505	0.534	0.534	0.74	0.74
1204	4604	0.534	0.534	0.76	0.76
1204	5455	0.534	0.534	0.83	0.83
658	1980	0.534	0.534	0.53	0.53
188	4638	0.534	0.534	0.72	0.72
2070	3102	0.534	0.534	0.75	0.75
1893	3787	0.534	0.534	0.88	0.88
4137	5402	0.533	0.533	0.75	0.75
1826	4678	0.533	0.533	0.60	0.60
4818	5402	0.533	0.533	0.86	0.86
3283	4678	0.533	0.533	0.61	0.61
1060	5424	0.533	0.533	0.59	0.59
2868	3640	0.532	0.532	0.33	0.33
228	1320	0.532	0.532	0.91	0.91
5037	5491	0.532	0.532	0.79	0.79
2349	3875	0.532	0.532	0.82	0.82
2192	4399	0.532	0.532	0.44	0.44
462	2143	0.532	0.532	0.85	0.85
2507	3716	0.532	0.532	0.86	0.86
2389	5079	0.532	0.532	0.77	0.77
1320	3011	0.532	0.532	0.90	0.90
1310	3604	0.532	0.532	0.62	0.62
4115	4437	0.531	0.531	0.53	0.53
269	3446	0.531	0.531	0.84	0.84
2841	4562	0.531	0.531	0.70	0.70
879	5407	0.531	0.531	0.78	0.78
90	1911	0.531	0.531	0.87	0.87
2524	5468	0.531	0.531	0.55	0.55
1421	3974	0.531	0.531	0.28	0.28
1213	4302	0.531	0.531	0.64	0.64
1818	3120	0.531	0.531	0.78	0.78
192	5449	0.531	0.531	0.68	0.68
1097	4036	0.531	0.531	0.51	0.51
2314	5363	0.531	0.531	0.65	0.65
1655	1713	0.531	0.531	0.72	0.72
555	2277	0.530	0.530	0.72	0.72
427	2478	0.530	0.530	0.63	0.63
1983	4118	0.530	0.530	0.48	0.48
3090	3231	0.530	0.530	0.60	0.60
329	3140	0.530	0.530	0.78	0.78
125	4778	0.530	0.530	0.62	0.62
2628	3604	0.529	0.529	0.67	0.67
2013	5168	0.529	0.529	0.65	0.65
1643	5245	0.529	0.529	0.47	0.47
81	4771	0.529	0.529	0.77	0.77
3092	5439	0.528	0.528	0.60	0.60
2339	3435	0.528	0.528	0.49	0.49
1371	5587	0.528	0.528	0.39	0.39
397	4530	0.528	0.528	0.78	0.78
273	2074	0.528	0.528	0.80	0.80
2872	3808	0.528	0.528	0.49	0.49
4175	5533	0.528	0.528	0.83	0.83
2908	4318	0.528	0.528	0.71	0.71
4386	4683	0.528	0.528	0.42	0.42
1089	2233	0.528	0.528	0.74	0.74
318	5415	0.528	0.528	0.37	0.37
2653	5439	0.528	0.528	0.63	0.63
2192	4634	0.527	0.527	0.51	0.51
713	1196	0.527	0.527	0.68	0.68
131	4306	0.527	0.527	0.58	0.58
2434	4893	0.527	0.527	0.38	0.38
315	3737	0.527	0.527	0.56	0.56
1811	3869	0.527	0.527	0.28	0.28
1671	5534	0.527	0.527	0.56	0.56
1100	5171	0.527	0.527	0.58	0.58
3163	4634	0.526	0.526	0.61	0.61
337	371	0.526	0.526	0.84	0.84
2702	5052	0.526	0.526	0.59	0.59
2581	3769	0.526	0.526	0.85	0.85
1235	4638	0.526	0.526	0.46	0.46
2308	3705	0.526	0.526	0.68	0.68
3838	4574	0.526	0.526	0.85	0.85
329	2844	0.526	0.526	0.79	0.79
1554	1977	0.526	0.526	0.90	0.90
1196	1532	0.526	0.526	0.67	0.67
2800	4787	0.525	0.525	0.69	0.69
2583	5075	0.525	0.525	0.85	0.85
1190	2070	0.525	0.525	0.72	0.72
538	3771	0.525	0.525	0.85	0.85
614	3263	0.525	0.525	0.73	0.73
1794	2453	0.525	0.525	0.27	0.27
1379	4413	0.525	0.525	0.76	0.76
363	5115	0.525	0.525	0.73	0.73
139	948	0.525	0.525	0.50	0.50
3165	3657	0.525	0.525	0.58	0.58
2225	2632	0.525	0.525	0.61	0.61
419	1204	0.525	0.525	0.84	0.84
1853	3435	0.525	0.525	0.36	0.36
1643	2576	0.525	0.525	0.45	0.45
255	3424	0.525	0.525	0.74	0.74
1308	4605	0.525	0.525	0.52	0.52
708	3935	0.525	0.525	0.81	0.81
5179	5464	0.524	0.524	0.43	0.43
1820	5591	0.524	0.524	0.47	0.47
1667	3104	0.524	0.524	0.69	0.69
743	785	0.524	0.524	0.79	0.79
1098	1357	0.524	0.524	0.24	0.24
3847	4316	0.524	0.524	0.67	0.67
3705	4265	0.524	0.524	0.63	0.63
2270	5266	0.524	0.524	0.86	0.86
707	4231	0.524	0.524	0.66	0.66
1040	4530	0.524	0.524	0.79	0.79
3448	3903	0.524	0.524	0.78	0.78
1265	4280	0.524	0.524	0.91	0.91
415	821	0.524	0.524	0.69	0.69
3424	4703	0.523	0.523	0.67	0.67
2468	2663	0.523	0.523	0.78	0.78
1947	4584	0.523	0.523	0.51	0.51
1722	2610	0.523	0.523	0.53	0.53
2838	4669	0.523	0.523	0.84	0.84
321	1310	0.523	0.523	0.36	0.36
2671	4667	0.523	0.523	0.86	0.86
3448	3858	0.523	0.523	0.45	0.45
3361	5351	0.523	0.523	0.61	0.61
170	1060	0.523	0.523	0.64	0.64
3626	4563	0.523	0.523	0.53	0.53
71	2142	0.523	0.523	0.58	0.58
2430	2582	0.522	0.522	0.67	0.67
4253	5338	0.522	0.522	0.38	0.38
3313	3811	0.522	0.522	0.55	0.55
2232	4881	0.522	0.522	0.77	0.77
1946	3960	0.522	0.522	0.30	0.30
1639	5019	0.522	0.522	0.67	0.67
2103	2535	0.522	0.522	0.37	0.37
3542	5635	0.522	0.522	0.58	0.58
1204	2768	0.522	0.522	0.67	0.67
2197	5634	0.521	0.521	0.29	0.29
1661	3737	0.521	0.521	0.73	0.73
715	1403	0.521	0.521	0.82	0.82
503	3595	0.521	0.521	0.68	0.68
334	3424	0.521	0.521	0.74	0.74
2548	4229	0.521	0.521	0.81	0.81
1411	4632	0.521	0.521	0.79	0.79
600	4401	0.521	0.521	0.68	0.68
1491	5653	0.521	0.521	0.79	0.79
1398	1845	0.521	0.521	0.49	0.49
1926	2001	0.521	0.521	0.73	0.73
1472	4976	0.521	0.521	0.68	0.68
473	5143	0.520	0.520	0.82	0.82
3507	4524	0.520	0.520	0.59	0.59
746	2363	0.520	0.520	0.82	0.82
2992	3712	0.520	0.520	0.78	0.78
4966	5201	0.520	0.520	0.51	0.51
2395	4316	0.520	0.520	0.79	0.79
2929	4076	0.520	0.520	0.71	0.71
4737	5037	0.519	0.519	0.65	0.65
2822	5052	0.519	0.519	0.57	0.57
1054	1861	0.519	0.519	0.70	0.70
1320	4317	0.519	0.519	0.91	0.91
1013	2218	0.519	0.519	0.53	0.53
146	2064	0.519	0.519	0.85	0.85
93	5604	0.519	0.519	0.74	0.74
1630	3848	0.519	0.519	0.59	0.59
1297	1947	0.519	0.519	0.53	0.53
1204	2149	0.519	0.519	0.84	0.84
3071	4898	0.519	0.519	0.77	0.77
2800	5046	0.519	0.519	0.68	0.68
1853	3782	0.519	0.519	0.36	0.36
217	4448	0.519	0.519	0.26	0.26
2912	5225	0.518	0.518	0.47	0.47
2908	5365	0.518	0.518	0.37	0.37
5131	5613	0.518	0.518	0.65	0.65
369	3924	0.518	0.518	0.82	0.82
2912	4799	0.518	0.518	0.68	0.68
1151	3544	0.518	0.518	0.55	0.55
2149	2389	0.518	0.518	0.88	0.88
2070	4229	0.518	0.518	0.79	0.79
501	3806	0.518	0.518	0.66	0.66
1320	2066	0.518	0.518	0.88	0.88
1322	3883	0.518	0.518	0.59	0.59
1930	3666	0.518	0.518	0.68	0.68
3604	4989	0.518	0.518	0.86	0.86
3173	5587	0.518	0.518	0.57	0.57
713	3886	0.518	0.518	0.66	0.66
279	4683	0.518	0.518	0.79	0.79
564	4160	0.517	0.517	0.67	0.67
2784	4002	0.517	0.517	0.74	0.74
73	3104	0.517	0.517	0.63	0.63
500	5041	0.517	0.517	0.77	0.77
5078	5369	0.517	0.517	0.54	0.54
4226	4868	0.517	0.517	0.31	0.31
4068	5520	0.517	0.517	0.79	0.79
33	3808	0.517	0.517	0.66	0.66
2185	3142	0.517	0.517	0.63	0.63
1437	2694	0.517	0.517	0.55	0.55
2508	4292	0.516	0.516	0.69	0.69
425	5638	0.516	0.516	0.80	0.80
94	139	0.516	0.516	0.56	0.56
993	2990	0.516	0.516	0.70	0.70
4107	4448	0.516	0.516	0.26	0.26
3640	5410	0.516	0.516	0.35	0.35
2872	5642	0.516	0.516	0.53	0.53
1066	2024	0.516	0.516	0.75	0.75
1320	2682	0.516	0.516	0.92	0.92
819	3306	0.516	0.516	0.38	0.38
821	3028	0.516	0.516	0.71	0.71
766	1729	0.516	0.516	0.73	0.73
714	3837	0.516	0.516	0.46	0.46
4386	4742	0.515	0.515	0.74	0.74
2876	3705	0.515	0.515	0.67	0.67
1030	1732	0.515	0.515	0.59	0.59
3345	4078	0.515	0.515	0.59	0.59
1190	1204	0.515	0.515	0.71	0.71
3816	4556	0.515	0.515	0.57	0.57
1554	5037	0.515	0.515	0.78	0.78
419	2389	0.515	0.515	0.85	0.85
1960	4171	0.515	0.515	0.67	0.67
1601	2761	0.515	0.515	0.78	0.78
3727	4096	0.515	0.515	0.68	0.68
614	3129	0.515	0.515	0.71	0.71
1960	4096	0.515	0.515	0.78	0.78
3536	5039	0.514	0.514	0.89	0.89
4348	5052	0.514	0.514	0.57	0.57
455	1880	0.514	0.514	0.74	0.74
3238	5570	0.514	0.514	0.71	0.71
363	2844	0.514	0.514	0.71	0.71
2090	4246	0.514	0.514	0.73	0.73
1320	1585	0.514	0.514	0.91	0.91
4270	4735	0.513	0.513	0.82	0.82
1165	4735	0.513	0.513	0.61	0.61
3820	5064	0.513	0.513	0.76	0.76
1299	3503	0.513	0.513	0.53	0.53
1196	4822	0.513	0.513	0.69	0.69
5018	5037	0.513	0.513	0.61	0.61
873	2381	0.513	0.513	0.78	0.78
3724	4697	0.513	0.513	0.77	0.77
993	2858	0.513	0.513	0.68	0.68
268	879	0.513	0.513	0.81	0.81
1974	3457	0.513	0.513	0.68	0.68
1959	5271	0.513	0.513	0.29	0.29
712	4617	0.513	0.513	0.67	0.67
629	2090	0.513	0.513	0.74	0.74
538	5004	0.513	0.513	0.88	0.88
503	2215	0.513	0.513	0.64	0.64
1965	5205	0.513	0.513	0.75	0.75
1284	1625	0.513	0.513	0.78	0.78
1617	5069	0.512	0.512	0.49	0.49
1361	1874	0.512	0.512	0.74	0.74
3291	5372	0.512	0.512	0.79	0.79
531	4488	0.512	0.512	0.69	0.69
2389	5455	0.512	0.512	0.87	0.87
981	3787	0.512	0.512	0.80	0.80
828	2096	0.512	0.512	0.52	0.52
827	3551	0.512	0.512	0.65	0.65
2419	3395	0.512	0.512	0.87	0.87
107	2105	0.512	0.512	0.66	0.66
3408	4359	0.512	0.512	0.86	0.86
404	1960	0.511	0.511	0.32	0.32
4698	5431	0.511	0.511	0.83	0.83
3501	5037	0.511	0.511	0.76	0.76
818	5510	0.511	0.511	0.67	0.67
555	2001	0.511	0.511	0.72	0.72
2343	5634	0.511	0.511	0.60	0.60
2235	4347	0.511	0.511	0.87	0.87
4022	5282	0.511	0.511	0.78	0.78
2904	3762	0.511	0.511	0.68	0.68
2784	3408	0.511	0.511	0.78	0.78
730	3647	0.511	0.511	0.81	0.81
4048	5263	0.511	0.511	0.84	0.84
4002	4262	0.511	0.511	0.74	0.74
1763	4898	0.511	0.511	0.79	0.79
3795	4683	0.510	0.510	0.41	0.41
3968	5405	0.510	0.510	0.81	0.81
1501	1517	0.510	0.510	0.70	0.70
598	4302	0.510	0.510	0.73	0.73
3284	3795	0.510	0.510	0.46	0.46
2784	3999	0.510	0.510	0.77	0.77
2676	4119	0.510	0.510	0.33	0.33
3731	4393	0.510	0.510	0.90	0.90
2765	3981	0.510	0.510	0.70	0.70
2852	3782	0.510	0.510	0.40	0.40
458	2485	0.510	0.510	0.74	0.74
4095	5035	0.510	0.510	0.47	0.47
2278	4262	0.510	0.510	0.59	0.59
2663	3184	0.509	0.509	0.75	0.75
3579	4063	0.509	0.509	0.68	0.68
2001	3552	0.509	0.509	0.56	0.56
4243	4459	0.509	0.509	0.68	0.68
1554	5591	0.509	0.509	0.78	0.78
768	3577	0.509	0.509	0.75	0.75
2339	5461	0.509	0.509	0.66	0.66
1977	5491	0.509	0.509	0.89	0.89
1072	1146	0.509	0.509	0.55	0.55
322	5591	0.509	0.509	0.53	0.53
2210	4925	0.508	0.508	0.66	0.66
1460	1827	0.508	0.508	0.37	0.37
2918	5576	0.508	0.508	0.72	0.72
1496	5478	0.508	0.508	0.71	0.71
1931	4275	0.508	0.508	0.79	0.79
4163	4812	0.508	0.508	0.63	0.63
2946	4762	0.508	0.508	0.51	0.51
1213	3001	0.508	0.508	0.67	0.67
491	2705	0.508	0.508	0.37	0.37
3446	4008	0.507	0.507	0.86	0.86
749	1104	0.507	0.507	0.52	0.52
213	3996	0.507	0.507	0.85	0.85
4574	4941	0.507	0.507	0.84	0.84
1926	2277	0.507	0.507	0.71	0.71
1902	2822	0.507	0.507	0.46	0.46
1293	3424	0.507	0.507	0.78	0.78
1143	4580	0.507	0.507	0.78	0.78
192	1013	0.507	0.507	0.41	0.41
960	2884	0.507	0.507	0.66	0.66
3604	4957	0.506	0.506	0.54	0.54
3003	4383	0.506	0.506	0.80	0.80
5098	5625	0.506	0.506	0.87	0.87
3305	3979	0.506	0.506	0.82	0.82
2723	3773	0.506	0.506	0.66	0.66
2408	3672	0.506	0.506	0.79	0.79
1636	4182	0.506	0.506	0.60	0.60
2776	4124	0.506	0.506	0.44	0.44
1265	2281	0.506	0.506	0.87	0.87
771	4316	0.506	0.506	0.63	0.63
90	516	0.506	0.506	0.85	0.85
3528	4589	0.506	0.506	0.74	0.74
269	4615	0.506	0.506	0.63	0.63
102	4899	0.506	0.506	0.78	0.78
5120	5209	0.506	0.506	0.55	0.55
974	3899	0.506	0.506	0.64	0.64
2912	4043	0.505	0.505	0.55	0.55
194	332	0.505	0.505	0.61	0.61
712	3705	0.505	0.505	0.62	0.62
502	4821	0.505	0.505	0.72	0.72
103	1968	0.505	0.505	0.73	0.73
992	1357	0.505	0.505	0.22	0.22
629	3951	0.505	0.505	0.72	0.72
1191	5625	0.505	0.505	0.67	0.67
1426	4109	0.505	0.505	0.56	0.56
658	4935	0.505	0.505	0.67	0.67
2620	5464	0.505	0.505	0.69	0.69
1144	1623	0.505	0.505	0.58	0.58
1665	5247	0.505	0.505	0.78	0.78
1555	3901	0.505	0.505	0.84	0.84
4946	5094	0.504	0.504	0.64	0.64
2856	5556	0.504	0.504	0.65	0.65
139	3999	0.504	0.504	0.44	0.44
125	1963	0.504	0.504	0.70	0.70
61	2545	0.504	0.504	0.68	0.68
652	4160	0.504	0.504	0.73	0.73
2009	5478	0.504	0.504	0.42	0.42
501	4617	0.504	0.504	0.80	0.80
1	296	0.503	0.503	0.39	0.39
4270	5440	0.503	0.503	0.73	0.73
3951	4246	0.503	0.503	0.71	0.71
1109	3514	0.503	0.503	0.60	0.60
1704	3289	0.503	0.503	0.82	0.82
3936	4938	0.503	0.503	0.84	0.84
2559	3795	0.503	0.503	0.45	0.45
3960	4653	0.503	0.503	0.79	0.79
3173	3305	0.503	0.503	0.87	0.87
3132	3308	0.503	0.503	0.71	0.71
785	3446	0.502	0.502	0.86	0.86
1877	2252	0.502	0.502	0.80	0.80
660	5026	0.502	0.502	0.71	0.71
2045	3356	0.502	0.502	0.30	0.30
3354	4425	0.502	0.502	0.59	0.59
2074	2468	0.502	0.502	0.78	0.78
1190	2250	0.502	0.502	0.71	0.71
712	3481	0.502	0.502	0.64	0.64
1265	4941	0.502	0.502	0.77	0.77
1213	5131	0.502	0.502	0.69	0.69
1612	4496	0.502	0.502	0.64	0.64
771	1243	0.502	0.502	0.59	0.59
3936	5302	0.501	0.501	0.84	0.84
600	5307	0.501	0.501	0.67	0.67
44	4755	0.501	0.501	0.84	0.84
871	2581	0.501	0.501	0.81	0.81
3134	3604	0.500	0.500	0.66	0.66
2676	2912	0.500	0.500	0.59	0.59
2127	2271	0.500	0.500	0.82	0.82
963	4678	0.500	0.500	0.63	0.63
469	5301	0.500	0.500	0.47	0.47
237	2814	0.500	0.500	0.54	0.54
1265	4192	0.499	0.499	0.71	0.71
42	3514	0.499	0.499	0.52	0.52
2250	3102	0.499	0.499	0.75	0.75
2547	3974	0.499	0.499	0.49	0.49
2535	4968	0.499	0.499	0.68	0.68
1293	2122	0.499	0.499	0.79	0.79
3237	3284	0.499	0.499	0.80	0.80
3001	5613	0.499	0.499	0.62	0.62
3808	5272	0.499	0.499	0.54	0.54
3705	4422	0.499	0.499	0.54	0.54
125	2063	0.499	0.499	0.48	0.48
2232	4671	0.499	0.499	0.64	0.64
200	1753	0.499	0.499	0.77	0.77
3263	4160	0.499	0.499	0.63	0.63
183	273	0.498	0.498	0.76	0.76
1429	1807	0.498	0.498	0.40	0.40
2485	5174	0.498	0.498	0.74	0.74
2211	2725	0.498	0.498	0.56	0.56
2585	2637	0.498	0.498	0.79	0.79
3848	4169	0.498	0.498	0.63	0.63
2070	4604	0.498	0.498	0.75	0.75
201	2972	0.498	0.498	0.70	0.70
4302	5613	0.498	0.498	0.61	0.61
4560	5545	0.497	0.497	0.39	0.39
3036	5609	0.497	0.497	0.80	0.80
134	3993	0.497	0.497	0.68	0.68
419	4653	0.497	0.497	0.77	0.77
483	4045	0.497	0.497	0.72	0.72
449	3406	0.497	0.497	0.63	0.63
3503	5203	0.497	0.497	0.43	0.43
2094	3784	0.497	0.497	0.61	0.61
554	3694	0.497	0.497	0.70	0.70
3199	5104	0.497	0.497	0.67	0.67
1475	4965	0.497	0.497	0.67	0.67
711	744	0.496	0.496	0.72	0.72
2857	3607	0.496	0.496	0.86	0.86
2504	3705	0.496	0.496	0.65	0.65
363	2277	0.496	0.496	0.72	0.72
2555	5270	0.496	0.496	0.58	0.58
1050	3424	0.496	0.496	0.66	0.66
3031	3077	0.496	0.496	0.61	0.61
1597	2197	0.496	0.496	0.28	0.28
257	2046	0.496	0.496	0.55	0.55
3349	4260	0.496	0.496	0.56	0.56
578	4008	0.496	0.496	0.62	0.62
3705	5598	0.496	0.496	0.67	0.67
1576	2327	0.496	0.496	0.50	0.50
531	5480	0.496	0.496	0.72	0.72
389	4941	0.496	0.496	0.80	0.80
4530	5197	0.495	0.495	0.74	0.74
4030	4825	0.495	0.495	0.50	0.50
2759	5512	0.495	0.495	0.67	0.67
799	3787	0.495	0.495	0.85	0.85
1846	3620	0.495	0.495	0.70	0.70
1639	3808	0.495	0.495	0.49	0.49
1009	2429	0.495	0.495	0.85	0.85
363	3140	0.495	0.495	0.70	0.70
2768	3869	0.495	0.495	0.60	0.60
1382	3576	0.495	0.495	0.77	0.77
3628	5535	0.495	0.495	0.57	0.57
2635	3263	0.495	0.495	0.44	0.44
2354	2862	0.495	0.495	0.84	0.84
483	2872	0.495	0.495	0.74	0.74
2567	2785	0.495	0.495	0.40	0.40
3395	4417	0.494	0.494	0.85	0.85
1669	1794	0.494	0.494	0.28	0.28
1630	2835	0.494	0.494	0.34	0.34
491	4698	0.494	0.494	0.48	0.48
312	3731	0.494	0.494	0.90	0.90
4713	5431	0.494	0.494	0.77	0.77
2369	5579	0.494	0.494	0.70	0.70
2114	3699	0.494	0.494	0.65	0.65
3999	4873	0.494	0.494	0.70	0.70
3869	5079	0.494	0.494	0.71	0.71
3440	4599	0.494	0.494	0.79	0.79
363	2001	0.494	0.494	0.72	0.72
2785	5053	0.494	0.494	0.70	0.70
2568	3470	0.494	0.494	0.27	0.27
1165	5440	0.494	0.494	0.75	0.75
3071	4307	0.494	0.494	0.67	0.67
1985	2100	0.493	0.493	0.66	0.66
2157	4024	0.493	0.493	0.59	0.59
1204	5079	0.493	0.493	0.72	0.72
3436	5196	0.493	0.493	0.82	0.82
2637	4172	0.493	0.493	0.73	0.73
491	569	0.493	0.493	0.72	0.72
161	5402	0.493	0.493	0.83	0.83
3869	5455	0.493	0.493	0.74	0.74
2063	2942	0.493	0.493	0.69	0.69
429	2332	0.492	0.492	0.77	0.77
2320	3592	0.492	0.492	0.74	0.74
1086	3077	0.492	0.492	0.71	0.71
2349	2650	0.492	0.492	0.80	0.80
535	2535	0.492	0.492	0.44	0.44
519	827	0.492	0.492	0.69	0.69
3352	3731	0.492	0.492	0.90	0.90
2459	2635	0.492	0.492	0.46	0.46
329	2277	0.492	0.492	0.79	0.79
173	2225	0.492	0.492	0.36	0.36
1013	1460	0.491	0.491	0.38	0.38
643	5534	0.491	0.491	0.25	0.25
1204	4229	0.491	0.491	0.78	0.78
698	5616	0.491	0.491	0.71	0.71
828	3079	0.491	0.491	0.80	0.80
329	2001	0.491	0.491	0.77	0.77
94	3756	0.491	0.491	0.66	0.66
269	785	0.491	0.491	0.74	0.74
3263	4873	0.490	0.490	0.75	0.75
522	4637	0.490	0.490	0.87	0.87
2241	3733	0.490	0.490	0.59	0.59
500	3782	0.490	0.490	0.44	0.44
2253	4707	0.490	0.490	0.54	0.54
4036	5635	0.490	0.490	0.62	0.62
134	4617	0.490	0.490	0.76	0.76
1146	1965	0.489	0.489	0.77	0.77
4100	4669	0.489	0.489	0.88	0.88
3705	5149	0.489	0.489	0.69	0.69
3435	5429	0.489	0.489	0.31	0.31
2593	3852	0.489	0.489	0.67	0.67
905	4169	0.489	0.489	0.67	0.67
1101	5631	0.489	0.489	0.58	0.58
841	3987	0.489	0.489	0.77	0.77
2768	3284	0.489	0.489	0.62	0.62
758	3180	0.489	0.489	0.73	0.73
322	5338	0.488	0.488	0.79	0.79
179	419	0.488	0.488	0.81	0.81
2277	2432	0.488	0.488	0.54	0.54
897	2220	0.488	0.488	0.45	0.45
3808	4536	0.488	0.488	0.56	0.56
1779	4725	0.488	0.488	0.58	0.58
785	2582	0.488	0.488	0.78	0.78
687	1116	0.488	0.488	0.85	0.85
2250	4604	0.488	0.488	0.75	0.75
3137	3985	0.488	0.488	0.77	0.77
2074	4154	0.488	0.488	0.83	0.83
2074	3528	0.488	0.488	0.77	0.77
2575	3975	0.488	0.488	0.65	0.65
2457	4292	0.488	0.488	0.54	0.54
1013	1983	0.488	0.488	0.47	0.47
3482	5024	0.488	0.488	0.60	0.60
2972	3129	0.488	0.488	0.68	0.68
3147	3960	0.487	0.487	0.80	0.80
2548	3102	0.487	0.487	0.76	0.76
1741	4347	0.487	0.487	0.83	0.83
557	3481	0.487	0.487	0.70	0.70
70	3332	0.487	0.487	0.76	0.76
517	2838	0.487	0.487	0.64	0.64
1791	3795	0.487	0.487	0.43	0.43
1412	4948	0.487	0.487	0.82	0.82
44	4047	0.487	0.487	0.84	0.84
1873	5549	0.487	0.487	0.61	0.61
2916	4408	0.487	0.487	0.55	0.55
2576	5245	0.487	0.487	0.48	0.48
660	2784	0.487	0.487	0.76	0.76
1901	4379	0.486	0.486	0.53	0.53
535	4678	0.486	0.486	0.65	0.65
501	3481	0.486	0.486	0.83	0.83
2507	4505	0.486	0.486	0.85	0.85
373	1590	0.486	0.486	0.57	0.57
5480	5535	0.486	0.486	0.78	0.78
3814	4554	0.486	0.486	0.62	0.62
3572	3677	0.486	0.486	0.41	0.41
989	2390	0.485	0.485	0.37	0.37
693	1293	0.485	0.485	0.66	0.66
4261	5570	0.485	0.485	0.59	0.59
3269	3601	0.485	0.485	0.78	0.78
1432	3705	0.485	0.485	0.65	0.65
1674	4929	0.485	0.485	0.52	0.52
864	4316	0.484	0.484	0.68	0.68
609	2535	0.484	0.484	0.76	0.76
3157	3833	0.484	0.484	0.70	0.70
1421	2547	0.484	0.484	0.43	0.43
2875	4399	0.484	0.484	0.36	0.36
2017	5373	0.484	0.484	0.57	0.57
3733	3831	0.484	0.484	0.48	0.48
2434	3180	0.484	0.484	0.43	0.43
2400	4330	0.484	0.484	0.41	0.41
2198	4536	0.484	0.484	0.75	0.75
1774	2644	0.484	0.484	0.53	0.53
1545	1903	0.484	0.484	0.76	0.76
407	3467	0.484	0.484	0.58	0.58
2243	4728	0.484	0.484	0.75	0.75
483	2937	0.484	0.484	0.82	0.82
4944	5150	0.484	0.484	0.73	0.73
2133	4234	0.484	0.484	0.59	0.59
1086	3031	0.484	0.484	0.69	0.69
351	2912	0.484	0.484	0.58	0.58
3003	5282	0.484	0.484	0.62	0.62
159	4617	0.483	0.483	0.69	0.69
2086	3970	0.483	0.483	0.78	0.78
4929	5041	0.483	0.483	0.74	0.74
374	1977	0.483	0.483	0.66	0.66
3778	5278	0.483	0.483	0.75	0.75
678	1344	0.483	0.483	0.61	0.61
5271	5496	0.483	0.483	0.68	0.68
1192	5522	0.483	0.483	0.74	0.74
1347	3231	0.483	0.483	0.61	0.61
3003	5510	0.482	0.482	0.53	0.53
55	3768	0.482	0.482	0.84	0.84
3773	4965	0.482	0.482	0.59	0.59
36	660	0.482	0.482	0.81	0.81
2768	3489	0.482	0.482	0.68	0.68
928	5174	0.482	0.482	0.80	0.80
59	1024	0.482	0.482	0.66	0.66
3482	4440	0.482	0.482	0.67	0.67
3168	3441	0.482	0.482	0.48	0.48
279	793	0.481	0.481	0.71	0.71
2576	2807	0.481	0.481	0.29	0.29
1980	4226	0.481	0.481	0.39	0.39
1541	2611	0.481	0.481	0.64	0.64
579	4623	0.481	0.481	0.41	0.41
3263	5556	0.481	0.481	0.68	0.68
735	928	0.481	0.481	0.57	0.57
3168	4422	0.481	0.481	0.49	0.49
410	2199	0.481	0.481	0.33	0.33
3539	4858	0.480	0.480	0.80	0.80
516	4697	0.480	0.480	0.79	0.79
4012	5461	0.480	0.480	0.67	0.67
1893	3536	0.480	0.480	0.84	0.84
1874	2427	0.480	0.480	0.56	0.56
419	4791	0.480	0.480	0.82	0.82
575	598	0.480	0.480	0.80	0.80
4178	5576	0.480	0.480	0.50	0.50
2631	3319	0.480	0.480	0.71	0.71
2281	4321	0.480	0.480	0.80	0.80
4584	5477	0.480	0.480	0.35	0.35
87	2687	0.480	0.480	0.35	0.35
1244	5182	0.480	0.480	0.74	0.74
1235	3482	0.480	0.480	0.69	0.69
1147	1159	0.480	0.480	0.69	0.69
136	1191	0.480	0.480	0.43	0.43
1184	2271	0.479	0.479	0.83	0.83
2663	4945	0.479	0.479	0.79	0.79
3231	4026	0.479	0.479	0.78	0.78
148	1352	0.479	0.479	0.30	0.30
1971	5514	0.479	0.479	0.74	0.74
1965	3892	0.479	0.479	0.69	0.69
1107	3912	0.479	0.479	0.75	0.75
185	2929	0.479	0.479	0.87	0.87
3308	4653	0.478	0.478	0.77	0.77
708	3795	0.478	0.478	0.80	0.80
312	3146	0.478	0.478	0.90	0.90
87	614	0.478	0.478	0.66	0.66
3580	4272	0.478	0.478	0.72	0.72
1517	3180	0.478	0.478	0.52	0.52
1052	2007	0.478	0.478	0.66	0.66
1235	5278	0.478	0.478	0.79	0.79
2277	4698	0.478	0.478	0.60	0.60
105	5378	0.478	0.478	0.71	0.71
437	1877	0.478	0.478	0.86	0.86
55	4721	0.478	0.478	0.86	0.86
3312	5182	0.478	0.478	0.60	0.60
4310	5576	0.478	0.478	0.46	0.46
2461	5019	0.478	0.478	0.62	0.62
899	4358	0.478	0.478	0.80	0.80
2626	4290	0.477	0.477	0.62	0.62
3001	5131	0.477	0.477	0.57	0.57
2548	4604	0.477	0.477	0.77	0.77
3647	5455	0.477	0.477	0.80	0.80
3210	4278	0.477	0.477	0.84	0.84
1353	2583	0.477	0.477	0.71	0.71
1096	1097	0.477	0.477	0.50	0.50
928	4705	0.477	0.477	0.61	0.61
1930	4310	0.477	0.477	0.59	0.59
118	2773	0.477	0.477	0.75	0.75
2357	4509	0.477	0.477	0.62	0.62
1880	3025	0.477	0.477	0.63	0.63
329	5115	0.476	0.476	0.76	0.76
2457	5496	0.476	0.476	0.76	0.76
1246	1974	0.476	0.476	0.64	0.64
231	1100	0.476	0.476	0.57	0.57
2776	3539	0.476	0.476	0.80	0.80
2432	2492	0.476	0.476	0.82	0.82
1612	3289	0.476	0.476	0.61	0.61
279	678	0.476	0.476	0.75	0.75
212	1034	0.476	0.476	0.38	0.38
159	3705	0.476	0.476	0.63	0.63
57	5057	0.476	0.476	0.68	0.68
598	5125	0.476	0.476	0.29	0.29
134	2784	0.476	0.476	0.73	0.73
1828	4646	0.476	0.476	0.82	0.82
4124	4858	0.475	0.475	0.37	0.37
75	2094	0.475	0.475	0.53	0.53
66	2211	0.475	0.475	0.54	0.54
4046	4850	0.475	0.475	0.47	0.47
3312	4048	0.475	0.475	0.78	0.78
2445	3808	0.475	0.475	0.52	0.52
1217	1542	0.475	0.475	0.40	0.40
4175	5172	0.475	0.475	0.77	0.77
3291	5522	0.475	0.475	0.71	0.71
1123	3481	0.475	0.475	0.75	0.75
3865	4079	0.475	0.475	0.68	0.68
3899	4341	0.475	0.475	0.70	0.70
4001	4399	0.474	0.474	0.62	0.62
713	1075	0.474	0.474	0.52	0.52
4822	5211	0.474	0.474	0.57	0.57
1475	5108	0.474	0.474	0.64	0.64
4433	4961	0.474	0.474	0.74	0.74
2512	2740	0.474	0.474	0.31	0.31
3499	5121	0.474	0.474	0.45	0.45
3269	3408	0.474	0.474	0.80	0.80
173	2972	0.474	0.474	0.58	0.58
13	1540	0.473	0.473	0.67	0.67
2856	4251	0.473	0.473	0.65	0.65
1251	1489	0.473	0.473	0.70	0.70
3482	5449	0.473	0.473	0.67	0.67
3787	4679	0.473	0.473	0.48	0.48
1149	2220	0.473	0.473	0.34	0.34
3	2876	0.473	0.473	0.64	0.64
2982	4408	0.473	0.473	0.26	0.26
4347	4765	0.473	0.473	0.86	0.86
871	5182	0.473	0.473	0.56	0.56
329	768	0.472	0.472	0.70	0.70
4678	5415	0.472	0.472	0.64	0.64
616	3505	0.472	0.472	0.64	0.64
298	2194	0.472	0.472	0.58	0.58
1382	2807	0.472	0.472	0.76	0.76
2227	4386	0.471	0.471	0.63	0.63
3970	5496	0.471	0.471	0.78	0.78
1911	4697	0.471	0.471	0.82	0.82
532	3199	0.471	0.471	0.76	0.76
508	955	0.471	0.471	0.75	0.75
1630	4524	0.471	0.471	0.75	0.75
2211	5351	0.471	0.471	0.48	0.48
1632	5131	0.471	0.471	0.56	0.56
928	1749	0.471	0.471	0.73	0.73
2314	2537	0.471	0.471	0.71	0.71
1576	1930	0.471	0.471	0.57	0.57
750	4568	0.471	0.471	0.42	0.42
4316	5556	0.471	0.471	0.67	0.67
594	5611	0.471	0.471	0.64	0.64
1667	4873	0.471	0.471	0.63	0.63
3146	4393	0.470	0.470	0.89	0.89
2195	3160	0.470	0.470	0.84	0.84
1101	1156	0.470	0.470	0.69	0.69
4421	5643	0.470	0.470	0.80	0.80
2105	2233	0.470	0.470	0.67	0.67
4030	4966	0.470	0.470	0.55	0.55
1282	2788	0.470	0.470	0.78	0.78
397	5196	0.470	0.470	0.81	0.81
652	3173	0.470	0.470	0.51	0.51
1848	3935	0.469	0.469	0.54	0.54
600	4797	0.469	0.469	0.47	0.47
3380	4868	0.469	0.469	0.71	0.71
2937	3551	0.469	0.469	0.61	0.61
1159	2511	0.469	0.469	0.76	0.76
3	159	0.469	0.469	0.62	0.62
2583	4574	0.469	0.469	0.81	0.81
2211	5251	0.469	0.469	0.62	0.62
508	4868	0.469	0.469	0.75	0.75
560	793	0.469	0.469	0.21	0.21
3003	5008	0.469	0.469	0.69	0.69
2512	4804	0.469	0.469	0.63	0.63
2410	5037	0.469	0.469	0.72	0.72
2356	2852	0.468	0.468	0.68	0.68
1194	3317	0.468	0.468	0.40	0.40
125	3446	0.468	0.468	0.66	0.66
4302	5131	0.468	0.468	0.59	0.59
321	4327	0.468	0.468	0.22	0.22
13	3666	0.468	0.468	0.67	0.67
2568	3088	0.468	0.468	0.22	0.22
143	3002	0.468	0.468	0.62	0.62
3705	4390	0.468	0.468	0.63	0.63
2877	5157	0.468	0.468	0.42	0.42
1549	5431	0.467	0.467	0.68	0.68
2420	5641	0.467	0.467	0.60	0.60
332	3510	0.467	0.467	0.84	0.84
90	3724	0.467	0.467	0.66	0.66
4345	4604	0.467	0.467	0.72	0.72
2528	4306	0.467	0.467	0.86	0.86
116	2968	0.467	0.467	0.75	0.75
2632	3993	0.467	0.467	0.54	0.54
4379	5573	0.467	0.467	0.52	0.52
1235	3783	0.467	0.467	0.48	0.48
2507	3312	0.466	0.466	0.81	0.81
1958	4401	0.466	0.466	0.52	0.52
1215	4466	0.466	0.466	0.75	0.75
4182	4872	0.466	0.466	0.67	0.67
3838	4274	0.466	0.466	0.80	0.80
969	1935	0.466	0.466	0.67	0.67
334	1877	0.466	0.466	0.72	0.72
2278	5535	0.466	0.466	0.72	0.72
2109	2121	0.466	0.466	0.64	0.64
1345	3380	0.466	0.466	0.67	0.67
815	4464	0.466	0.466	0.53	0.53
575	1213	0.466	0.466	0.82	0.82
3908	5634	0.465	0.465	0.76	0.76
713	4822	0.465	0.465	0.59	0.59
1379	4143	0.465	0.465	0.70	0.70
718	3286	0.465	0.465	0.78	0.78
1501	5037	0.465	0.465	0.54	0.54
1067	2581	0.465	0.465	0.83	0.83
1051	2751	0.465	0.465	0.64	0.64
1656	1973	0.465	0.465	0.71	0.71
139	4310	0.465	0.465	0.42	0.42
2492	3552	0.465	0.465	0.79	0.79
2692	4448	0.465	0.465	0.34	0.34
1215	2173	0.465	0.465	0.74	0.74
519	4441	0.465	0.465	0.54	0.54
2882	3206	0.464	0.464	0.86	0.86
1414	4680	0.464	0.464	0.31	0.31
3501	5591	0.464	0.464	0.71	0.71
3532	5201	0.464	0.464	0.52	0.52
1899	4700	0.464	0.464	0.75	0.75
683	3885	0.464	0.464	0.55	0.55
3626	4324	0.464	0.464	0.60	0.60
5491	5591	0.464	0.464	0.74	0.74
1307	3782	0.464	0.464	0.50	0.50
78	2581	0.464	0.464	0.86	0.86
125	2211	0.463	0.463	0.28	0.28
4048	4505	0.463	0.463	0.71	0.71
2559	5631	0.463	0.463	0.55	0.55
2387	4530	0.463	0.463	0.79	0.79
1859	4298	0.463	0.463	0.59	0.59
5196	5314	0.463	0.463	0.81	0.81
2254	4518	0.463	0.463	0.62	0.62
4970	5572	0.463	0.463	0.54	0.54
2220	5553	0.463	0.463	0.47	0.47
77	5431	0.463	0.463	0.83	0.83
3892	5301	0.462	0.462	0.60	0.60
3146	3352	0.462	0.462	0.88	0.88
2016	2972	0.462	0.462	0.61	0.61
734	1659	0.462	0.462	0.57	0.57
4825	5201	0.462	0.462	0.45	0.45
1265	1601	0.462	0.462	0.76	0.76
1052	4940	0.462	0.462	0.70	0.70
1203	3666	0.462	0.462	0.65	0.65
982	2508	0.462	0.462	0.84	0.84
779	4119	0.462	0.462	0.52	0.52
3999	4036	0.462	0.462	0.38	0.38
660	3993	0.462	0.462	0.67	0.67
3975	5078	0.461	0.461	0.62	0.62
791	2942	0.461	0.461	0.64	0.64
652	3916	0.461	0.461	0.65	0.65
3592	4143	0.461	0.461	0.61	0.61
130	2333	0.461	0.461	0.51	0.51
2350	2807	0.461	0.461	0.26	0.26
4762	5378	0.461	0.461	0.50	0.50
768	5087	0.461	0.461	0.66	0.66
192	429	0.461	0.461	0.38	0.38
2016	5587	0.461	0.461	0.52	0.52
80	1791	0.461	0.461	0.56	0.56
3886	5620	0.461	0.461	0.62	0.62
3152	5397	0.461	0.461	0.29	0.29
5112	5526	0.460	0.460	0.43	0.43
660	3808	0.460	0.460	0.59	0.59
2504	3481	0.460	0.460	0.66	0.66
614	652	0.460	0.460	0.65	0.65
504	5602	0.460	0.460	0.45	0.45
774	1680	0.460	0.460	0.39	0.39
1411	1983	0.460	0.460	0.75	0.75
1097	2639	0.460	0.460	0.67	0.67
4415	5482	0.460	0.460	0.78	0.78
2535	5068	0.460	0.460	0.48	0.48
544	5325	0.460	0.460	0.69	0.69
4046	4357	0.459	0.459	0.60	0.60
2581	5083	0.459	0.459	0.83	0.83
2260	3284	0.459	0.459	0.33	0.33
1621	2818	0.459	0.459	0.56	0.56
4043	5008	0.459	0.459	0.64	0.64
419	2548	0.459	0.459	0.84	0.84
3448	5366	0.459	0.459	0.42	0.42
213	4280	0.459	0.459	0.85	0.85
5078	5635	0.459	0.459	0.59	0.59
3435	3782	0.459	0.459	0.37	0.37
4118	5636	0.459	0.459	0.71	0.71
70	4940	0.459	0.459	0.39	0.39
1187	3836	0.459	0.459	0.64	0.64
750	3313	0.459	0.459	0.30	0.30
1827	5560	0.458	0.458	0.35	0.35
4357	5310	0.458	0.458	0.73	0.73
1541	4705	0.458	0.458	0.71	0.71
3661	3778	0.458	0.458	0.38	0.38
2345	3090	0.458	0.458	0.36	0.36
1963	5037	0.458	0.458	0.73	0.73
1571	3140	0.458	0.458	0.60	0.60
1571	2151	0.458	0.458	0.50	0.50
560	828	0.458	0.458	0.51	0.51
4637	4781	0.458	0.458	0.76	0.76
1052	1514	0.458	0.458	0.58	0.58
2712	5610	0.458	0.458	0.61	0.61
3	4265	0.458	0.458	0.66	0.66
1648	2127	0.457	0.457	0.45	0.45
3501	4113	0.457	0.457	0.65	0.65
1411	1827	0.457	0.457	0.77	0.77
1155	4940	0.457	0.457	0.52	0.52
1067	1846	0.457	0.457	0.62	0.62
1492	4653	0.457	0.457	0.73	0.73
1279	2856	0.457	0.457	0.67	0.67
637	4822	0.457	0.457	0.59	0.59
217	1541	0.457	0.457	0.60	0.60
3	501	0.457	0.457	0.76	0.76
2217	5104	0.457	0.457	0.54	0.54
1417	4379	0.457	0.457	0.50	0.50
1470	4399	0.457	0.457	0.47	0.47
159	3481	0.456	0.456	0.67	0.67
40	5464	0.456	0.456	0.73	0.73
2916	4386	0.456	0.456	0.58	0.58
1345	2568	0.456	0.456	0.21	0.21
2220	3446	0.456	0.456	0.70	0.70
663	5052	0.456	0.456	0.73	0.73
164	1155	0.456	0.456	0.36	0.36
120	969	0.456	0.456	0.58	0.58
1528	2654	0.456	0.456	0.65	0.65
2626	3257	0.456	0.456	0.73	0.73
553	3440	0.456	0.456	0.58	0.58
6	236	0.456	0.456	0.46	0.46
4366	4907	0.455	0.455	0.37	0.37
544	5242	0.455	0.455	0.71	0.71
2563	4941	0.455	0.455	0.84	0.84
693	5079	0.455	0.455	0.69	0.69
3	2504	0.455	0.455	0.60	0.60
3651	4966	0.455	0.455	0.52	0.52
94	2972	0.455	0.455	0.67	0.67
2186	5251	0.455	0.455	0.64	0.64
421	2637	0.455	0.455	0.78	0.78
3116	3319	0.455	0.455	0.65	0.65
785	1930	0.455	0.455	0.59	0.59
3441	4819	0.455	0.455	0.75	0.75
1213	4462	0.455	0.455	0.66	0.66
5080	5091	0.454	0.454	0.54	0.54
2122	4062	0.454	0.454	0.82	0.82
2575	3993	0.454	0.454	0.65	0.65
1711	2581	0.454	0.454	0.80	0.80
3001	4267	0.454	0.454	0.59	0.59
2130	3960	0.454	0.454	0.29	0.29
1732	3979	0.454	0.454	0.54	0.54
1617	2858	0.454	0.454	0.75	0.75
1310	4816	0.454	0.454	0.58	0.58
537	2405	0.454	0.454	0.39	0.39
3661	4404	0.454	0.454	0.62	0.62
3532	4030	0.454	0.454	0.52	0.52
185	1877	0.454	0.454	0.84	0.84
3963	5209	0.454	0.454	0.25	0.25
3300	3599	0.454	0.454	0.49	0.49
1665	4327	0.454	0.454	0.70	0.70
4310	5405	0.453	0.453	0.52	0.52
5556	5587	0.453	0.453	0.67	0.67
4047	4278	0.453	0.453	0.83	0.83
2860	3885	0.453	0.453	0.57	0.57
2485	5037	0.453	0.453	0.55	0.55
427	1752	0.453	0.453	0.58	0.58
2127	2337	0.453	0.453	0.37	0.37
1470	4942	0.453	0.453	0.25	0.25
637	3981	0.453	0.453	0.55	0.55
2400	4285	0.453	0.453	0.38	0.38
1097	5489	0.453	0.453	0.58	0.58
373	4937	0.453	0.453	0.75	0.75
1129	1448	0.453	0.453	0.64	0.64
5168	5579	0.453	0.453	0.63	0.63
2709	4822	0.453	0.453	0.53	0.53
2439	5016	0.453	0.453	0.31	0.31
2430	3720	0.453	0.453	0.53	0.53
640	785	0.453	0.453	0.75	0.75
13	1347	0.453	0.453	0.63	0.63
3	1432	0.453	0.453	0.64	0.64
4447	5209	0.452	0.452	0.67	0.67
2109	4617	0.452	0.452	0.63	0.63
2122	5223	0.452	0.452	0.71	0.71
160	4945	0.452	0.452	0.39	0.39
3716	4048	0.452	0.452	0.71	0.71
3666	3720	0.452	0.452	0.73	0.73
260	3540	0.452	0.452	0.69	0.69
668	1885	0.452	0.452	0.74	0.74
2195	5054	0.452	0.452	0.78	0.78
601	2002	0.452	0.452	0.67	0.67
3152	5535	0.451	0.451	0.82	0.82
2250	4229	0.451	0.451	0.75	0.75
2039	4470	0.451	0.451	0.61	0.61
36	1667	0.451	0.451	0.70	0.70
2187	2314	0.451	0.451	0.54	0.54
1846	3238	0.451	0.451	0.63	0.63
2989	3705	0.451	0.451	0.66	0.66
707	5102	0.451	0.451	0.54	0.54
4363	4769	0.451	0.451	0.35	0.35
105	3846	0.451	0.451	0.59	0.59
4392	5545	0.450	0.450	0.46	0.46
1098	1728	0.450	0.450	0.47	0.47
1211	1326	0.450	0.450	0.74	0.74
586	1172	0.450	0.450	0.78	0.78
24	3440	0.450	0.450	0.76	0.76
910	5301	0.450	0.450	0.69	0.69
2663	4466	0.450	0.450	0.55	0.55
2539	2581	0.450	0.450	0.78	0.78
2314	5649	0.450	0.450	0.56	0.56
3727	5478	0.450	0.450	0.59	0.59
2211	2734	0.450	0.450	0.62	0.62
1625	4878	0.450	0.450	0.75	0.75
1650	3130	0.450	0.450	0.82	0.82
5052	5332	0.449	0.449	0.78	0.78
499	3651	0.449	0.449	0.75	0.75
179	867	0.449	0.449	0.79	0.79
4537	5572	0.449	0.449	0.42	0.42
2063	4537	0.449	0.449	0.67	0.67
1035	1421	0.449	0.449	0.68	0.68
698	4967	0.449	0.449	0.67	0.67
1421	1677	0.449	0.449	0.43	0.43
2314	3306	0.449	0.449	0.49	0.49
1265	4653	0.449	0.449	0.81	0.81
620	4119	0.449	0.449	0.35	0.35
94	1625	0.449	0.449	0.74	0.74
1576	3666	0.449	0.449	0.57	0.57
150	4302	0.449	0.449	0.66	0.66
3284	5209	0.448	0.448	0.28	0.28
4022	5008	0.448	0.448	0.69	0.69
3888	4274	0.448	0.448	0.59	0.59
2535	5431	0.448	0.448	0.66	0.66
1903	4448	0.448	0.448	0.24	0.24
1828	2464	0.448	0.448	0.75	0.75
415	2161	0.448	0.448	0.76	0.76
5017	5449	0.447	0.447	0.56	0.56
819	1357	0.447	0.447	0.50	0.50
222	5393	0.447	0.447	0.81	0.81
2073	4347	0.447	0.447	0.84	0.84
5478	5585	0.447	0.447	0.32	0.32
5201	5379	0.447	0.447	0.51	0.51
4369	4800	0.447	0.447	0.55	0.55
112	1870	0.447	0.447	0.70	0.70
429	2218	0.447	0.447	0.46	0.46
255	960	0.447	0.447	0.54	0.54
154	988	0.447	0.447	0.56	0.56
4030	5379	0.447	0.447	0.55	0.55
2448	3899	0.447	0.447	0.65	0.65
1203	4316	0.447	0.447	0.69	0.69
2432	3276	0.446	0.446	0.45	0.45
2255	5198	0.446	0.446	0.70	0.70
2019	5368	0.446	0.446	0.55	0.55
150	5131	0.446	0.446	0.58	0.58
3173	4037	0.446	0.446	0.41	0.41
2579	4777	0.446	0.446	0.70	0.70
1123	4617	0.446	0.446	0.72	0.72
134	3481	0.446	0.446	0.76	0.76
131	5368	0.446	0.446	0.45	0.45
2291	5599	0.446	0.446	0.62	0.62
3523	5599	0.446	0.446	0.37	0.37
2693	5520	0.446	0.446	0.79	0.79
2243	3058	0.445	0.445	0.73	0.73
3180	4415	0.445	0.445	0.71	0.71
2981	4163	0.445	0.445	0.59	0.59
2024	5003	0.445	0.445	0.74	0.74
4359	5347	0.445	0.445	0.81	0.81
3787	5303	0.445	0.445	0.68	0.68
2581	3716	0.445	0.445	0.85	0.85
1811	4604	0.444	0.444	0.72	0.72
1645	5431	0.444	0.444	0.69	0.69
441	586	0.444	0.444	0.48	0.48
787	1747	0.444	0.444	0.69	0.69
13	4310	0.444	0.444	0.68	0.68
1610	3794	0.444	0.444	0.62	0.62
2568	4378	0.444	0.444	0.69	0.69
1870	5171	0.444	0.444	0.41	0.41
427	3999	0.444	0.444	0.65	0.65
66	1532	0.444	0.444	0.53	0.53
774	4669	0.443	0.443	0.91	0.91
3108	4616	0.443	0.443	0.60	0.60
2468	4310	0.443	0.443	0.70	0.70
1475	2723	0.443	0.443	0.62	0.62
1854	5522	0.443	0.443	0.65	0.65
2687	4002	0.443	0.443	0.57	0.57
614	1379	0.443	0.443	0.61	0.61
1285	4679	0.443	0.443	0.45	0.45
1917	2626	0.442	0.442	0.65	0.65
841	2565	0.442	0.442	0.79	0.79
758	2826	0.442	0.442	0.30	0.30
1134	1157	0.442	0.442	0.67	0.67
1043	3795	0.442	0.442	0.60	0.60
97	5520	0.442	0.442	0.80	0.80
3216	4902	0.442	0.442	0.23	0.23
4358	4426	0.442	0.442	0.74	0.74
1902	4170	0.442	0.442	0.47	0.47
397	3464	0.442	0.442	0.71	0.71
200	292	0.442	0.442	0.70	0.70
2194	5168	0.441	0.441	0.60	0.60
3651	4408	0.441	0.441	0.51	0.51
708	1344	0.441	0.441	0.64	0.64
1774	5415	0.441	0.441	0.45	0.45
4452	5110	0.441	0.441	0.25	0.25
3348	3575	0.441	0.441	0.57	0.57
222	818	0.441	0.441	0.63	0.63
9	2807	0.441	0.441	0.71	0.71
3604	4152	0.441	0.441	0.66	0.66
1963	4808	0.441	0.441	0.55	0.55
429	4632	0.441	0.441	0.33	0.33
104	1517	0.441	0.441	0.58	0.58
1427	4307	0.441	0.441	0.65	0.65
1421	2015	0.441	0.441	0.54	0.54
2512	2800	0.440	0.440	0.66	0.66
1973	2507	0.440	0.440	0.81	0.81
4062	4703	0.440	0.440	0.79	0.79
2408	4386	0.440	0.440	0.70	0.70
1190	2572	0.440	0.440	0.72	0.72
671	5496	0.440	0.440	0.67	0.67
1187	4182	0.440	0.440	0.60	0.60
519	3551	0.440	0.440	0.50	0.50
4408	4800	0.440	0.440	0.25	0.25
1245	2912	0.440	0.440	0.52	0.52
502	1920	0.440	0.440	0.50	0.50
3357	5536	0.440	0.440	0.61	0.61
1963	4310	0.440	0.440	0.73	0.73
488	4623	0.440	0.440	0.46	0.46
213	1601	0.440	0.440	0.75	0.75
1190	4791	0.440	0.440	0.62	0.62
36	173	0.439	0.439	0.62	0.62
2572	3809	0.439	0.439	0.81	0.81
1172	4022	0.439	0.439	0.70	0.70
1133	2345	0.439	0.439	0.65	0.65
758	3183	0.439	0.439	0.64	0.64
65	1052	0.439	0.439	0.37	0.37
6	2202	0.439	0.439	0.78	0.78
534	4669	0.439	0.439	0.77	0.77
153	1051	0.439	0.439	0.68	0.68
4267	5131	0.439	0.439	0.54	0.54
1827	2218	0.439	0.439	0.40	0.40
371	1460	0.439	0.439	0.36	0.36
2908	3579	0.438	0.438	0.71	0.71
799	4980	0.438	0.438	0.87	0.87
551	4018	0.438	0.438	0.73	0.73
3581	3835	0.438	0.438	0.59	0.59
105	3467	0.438	0.438	0.67	0.67
3305	5631	0.438	0.438	0.63	0.63
586	2127	0.438	0.438	0.77	0.77
269	3269	0.438	0.438	0.73	0.73
896	2912	0.438	0.438	0.37	0.37
2810	4036	0.438	0.438	0.57	0.57
1333	2476	0.438	0.438	0.81	0.81
40	537	0.437	0.437	0.61	0.61
2228	5054	0.437	0.437	0.59	0.59
125	235	0.437	0.437	0.35	0.35
4316	5631	0.437	0.437	0.60	0.60
3205	5363	0.437	0.437	0.75	0.75
2211	2826	0.437	0.437	0.60	0.60
771	1935	0.437	0.437	0.53	0.53
1957	2829	0.437	0.437	0.80	0.80
3068	5440	0.436	0.436	0.67	0.67
1917	2826	0.436	0.436	0.61	0.61
3088	3470	0.436	0.436	0.27	0.27
574	2479	0.436	0.436	0.71	0.71
1796	5556	0.436	0.436	0.60	0.60
93	5152	0.436	0.436	0.65	0.65
2400	2405	0.435	0.435	0.39	0.39
2122	3539	0.435	0.435	0.65	0.65
3875	4789	0.435	0.435	0.78	0.78
3787	4175	0.435	0.435	0.81	0.81
2845	4686	0.435	0.435	0.77	0.77
3	2323	0.435	0.435	0.66	0.66
3813	4617	0.435	0.435	0.71	0.71
3154	3386	0.435	0.435	0.82	0.82
2751	5046	0.435	0.435	0.64	0.64
2916	5087	0.434	0.434	0.55	0.55
876	2870	0.434	0.434	0.61	0.61
718	1344	0.434	0.434	0.58	0.58
2251	5344	0.434	0.434	0.89	0.89
4062	5278	0.434	0.434	0.79	0.79
519	3387	0.434	0.434	0.49	0.49
310	4160	0.434	0.434	0.67	0.67
1577	5045	0.434	0.434	0.67	0.67
660	3231	0.434	0.434	0.72	0.72
1732	5576	0.434	0.434	0.52	0.52
1470	5338	0.434	0.434	0.28	0.28
4158	4850	0.434	0.434	0.43	0.43
2262	2685	0.434	0.434	0.73	0.73
3661	5278	0.434	0.434	0.78	0.78
2709	3592	0.434	0.434	0.67	0.67
427	3155	0.434	0.434	0.70	0.70
1681	2354	0.433	0.433	0.74	0.74
3467	4762	0.433	0.433	0.71	0.71
1078	1902	0.433	0.433	0.41	0.41
103	421	0.433	0.433	0.71	0.71
371	2332	0.433	0.433	0.75	0.75
283	4387	0.433	0.433	0.61	0.61
1361	2943	0.433	0.433	0.71	0.71
5007	5489	0.433	0.433	0.58	0.58
1264	1594	0.433	0.433	0.68	0.68
213	5477	0.432	0.432	0.72	0.72
2063	3900	0.432	0.432	0.67	0.67
841	2981	0.432	0.432	0.75	0.75
535	569	0.432	0.432	0.72	0.72
743	3528	0.432	0.432	0.72	0.72
4800	5008	0.432	0.432	0.61	0.61
173	5489	0.432	0.432	0.53	0.53
104	5482	0.432	0.432	0.64	0.64
2671	4175	0.432	0.432	0.81	0.81
604	3470	0.432	0.432	0.81	0.81
3305	5405	0.432	0.432	0.80	0.80
598	5131	0.432	0.432	0.75	0.75
3784	5207	0.431	0.431	0.62	0.62
2512	2705	0.431	0.431	0.26	0.26
1669	2453	0.431	0.431	0.54	0.54
730	3869	0.431	0.431	0.68	0.68
1149	3924	0.431	0.431	0.70	0.70
306	4054	0.431	0.431	0.63	0.63
1265	3974	0.431	0.431	0.82	0.82
1073	1877	0.431	0.431	0.68	0.68
501	5625	0.431	0.431	0.80	0.80
318	810	0.431	0.431	0.43	0.43
269	2972	0.431	0.431	0.60	0.60
2211	3446	0.431	0.431	0.70	0.70
3231	4392	0.431	0.431	0.62	0.62
4182	4230	0.430	0.430	0.82	0.82
1843	5520	0.430	0.430	0.80	0.80
819	1728	0.430	0.430	0.36	0.36
500	2535	0.430	0.430	0.38	0.38
478	505	0.430	0.430	0.49	0.49
1009	4306	0.430	0.430	0.48	0.48
71	1200	0.430	0.430	0.59	0.59
2354	3897	0.430	0.430	0.85	0.85
1926	2492	0.430	0.430	0.78	0.78
1051	2156	0.430	0.430	0.71	0.71
3666	4143	0.430	0.430	0.51	0.51
188	2719	0.430	0.430	0.42	0.42
3638	3978	0.430	0.430	0.53	0.53
2000	4347	0.430	0.430	0.84	0.84
652	1106	0.430	0.430	0.66	0.66
429	4943	0.429	0.429	0.44	0.44
266	3814	0.429	0.429	0.32	0.32
812	4825	0.429	0.429	0.62	0.62
3	3806	0.429	0.429	0.68	0.68
2524	2972	0.429	0.429	0.50	0.50
2015	2547	0.429	0.429	0.62	0.62
799	3641	0.429	0.429	0.81	0.81
1515	5520	0.429	0.429	0.78	0.78
743	2074	0.429	0.429	0.73	0.73
302	3207	0.429	0.429	0.38	0.38
73	5351	0.429	0.429	0.52	0.52
1506	4062	0.429	0.429	0.69	0.69
620	3024	0.429	0.429	0.48	0.48
2344	4980	0.428	0.428	0.59	0.59
982	1959	0.428	0.428	0.76	0.76
4325	5076	0.428	0.428	0.73	0.73
264	3354	0.428	0.428	0.65	0.65
2243	5602	0.428	0.428	0.77	0.77
6	4456	0.428	0.428	0.71	0.71
1798	4676	0.428	0.428	0.35	0.35
500	1571	0.428	0.428	0.45	0.45
505	4408	0.428	0.428	0.40	0.40
104	3180	0.428	0.428	0.43	0.43
4285	5464	0.428	0.428	0.39	0.39
2776	3482	0.428	0.428	0.66	0.66
907	3467	0.428	0.428	0.39	0.39
4448	5519	0.428	0.428	0.25	0.25
2289	3510	0.428	0.428	0.74	0.74
3536	5303	0.427	0.427	0.69	0.69
2493	5560	0.427	0.427	0.68	0.68
3544	5037	0.427	0.427	0.61	0.61
1656	4048	0.427	0.427	0.69	0.69
671	2399	0.427	0.427	0.45	0.45
2548	2768	0.427	0.427	0.65	0.65
2508	4915	0.427	0.427	0.66	0.66
2464	4163	0.427	0.427	0.61	0.61
2759	4017	0.427	0.427	0.34	0.34
3439	4722	0.427	0.427	0.80	0.80
3284	5032	0.427	0.427	0.46	0.46
821	4073	0.427	0.427	0.66	0.66
3235	4063	0.427	0.427	0.75	0.75
500	1874	0.427	0.427	0.60	0.60
4496	4653	0.427	0.427	0.62	0.62
693	2977	0.427	0.427	0.61	0.61
2561	2632	0.427	0.427	0.57	0.57
1973	3716	0.427	0.427	0.62	0.62
828	1987	0.426	0.426	0.45	0.45
3836	4872	0.426	0.426	0.66	0.66
535	1126	0.426	0.426	0.28	0.28
2773	5446	0.426	0.426	0.47	0.47
2039	2565	0.426	0.426	0.57	0.57
172	3761	0.426	0.426	0.58	0.58
2	289	0.426	0.426	0.40	0.40
1983	2218	0.426	0.426	0.42	0.42
948	1203	0.426	0.426	0.65	0.65
36	1873	0.426	0.426	0.62	0.62
3	2100	0.426	0.426	0.64	0.64
500	3435	0.425	0.425	0.41	0.41
74	1322	0.425	0.425	0.54	0.54
4285	4330	0.425	0.425	0.44	0.44
768	2388	0.425	0.425	0.71	0.71
36	1778	0.425	0.425	0.61	0.61
3184	3528	0.425	0.425	0.71	0.71
1333	1945	0.425	0.425	0.84	0.84
4357	4850	0.425	0.425	0.66	0.66
2224	4894	0.425	0.425	0.70	0.70
758	5605	0.425	0.425	0.52	0.52
1359	5157	0.425	0.425	0.40	0.40
557	4617	0.425	0.425	0.69	0.69
103	1903	0.425	0.425	0.70	0.70
64	1142	0.425	0.425	0.43	0.43
2764	4046	0.425	0.425	0.42	0.42
600	1560	0.425	0.425	0.71	0.71
4437	5388	0.425	0.425	0.64	0.64
66	3638	0.424	0.424	0.60	0.60
2188	2822	0.424	0.424	0.64	0.64
4804	5368	0.424	0.424	0.54	0.54
2810	5078	0.424	0.424	0.58	0.58
508	1617	0.424	0.424	0.83	0.83
2016	3514	0.424	0.424	0.63	0.63
1855	5215	0.424	0.424	0.36	0.36
3816	5369	0.424	0.424	0.46	0.46
2824	4204	0.424	0.424	0.65	0.65
427	3090	0.424	0.424	0.55	0.55
2555	5047	0.424	0.424	0.75	0.75
1371	2773	0.424	0.424	0.48	0.48
125	1896	0.424	0.424	0.53	0.53
139	2225	0.424	0.424	0.56	0.56
2877	3368	0.424	0.424	0.63	0.63
788	1639	0.423	0.423	0.52	0.52
3628	4262	0.423	0.423	0.54	0.54
156	4996	0.423	0.423	0.42	0.42
2149	3489	0.423	0.423	0.84	0.84
2199	4907	0.423	0.423	0.37	0.37
1957	5549	0.423	0.423	0.82	0.82
552	3592	0.423	0.423	0.57	0.57
2127	2800	0.422	0.422	0.69	0.69
5150	5156	0.422	0.422	0.75	0.75
390	2935	0.422	0.422	0.31	0.31
4222	4551	0.422	0.422	0.68	0.68
598	4462	0.422	0.422	0.66	0.66
75	5201	0.422	0.422	0.47	0.47
38	292	0.422	0.422	0.57	0.57
164	2127	0.422	0.422	0.32	0.32
3886	4251	0.422	0.422	0.67	0.67
3641	4175	0.422	0.422	0.82	0.82
1885	3808	0.422	0.422	0.61	0.61
1713	3107	0.421	0.421	0.58	0.58
974	2904	0.421	0.421	0.73	0.73
3226	4324	0.421	0.421	0.60	0.60
2826	3284	0.421	0.421	0.32	0.32
2007	2385	0.421	0.421	0.61	0.61
2647	5069	0.421	0.421	0.50	0.50
1743	3244	0.421	0.421	0.29	0.29
1777	2217	0.421	0.421	0.54	0.54
1293	1606	0.421	0.421	0.41	0.41
139	2942	0.421	0.421	0.58	0.58
3975	4822	0.421	0.421	0.58	0.58
1532	4878	0.421	0.421	0.61	0.61
128	835	0.421	0.421	0.68	0.68
3	1123	0.421	0.421	0.71	0.71
4540	4678	0.421	0.421	0.58	0.58
1656	3312	0.420	0.420	0.63	0.63
2622	5623	0.420	0.420	0.70	0.70
1704	3960	0.420	0.420	0.66	0.66
1151	1540	0.420	0.420	0.71	0.71
1096	4537	0.420	0.420	0.43	0.43
1149	1557	0.420	0.420	0.73	0.73
2589	3960	0.420	0.420	0.44	0.44
2324	5371	0.420	0.420	0.39	0.39
1820	3501	0.420	0.420	0.64	0.64
2844	3972	0.420	0.420	0.50	0.50
2643	5240	0.420	0.420	0.47	0.47
2582	3628	0.420	0.420	0.55	0.55
424	879	0.419	0.419	0.77	0.77
24	2791	0.419	0.419	0.68	0.68
1279	2357	0.419	0.419	0.49	0.49
3503	5623	0.419	0.419	0.52	0.52
2583	4274	0.419	0.419	0.77	0.77
2353	4347	0.419	0.419	0.82	0.82
155	1051	0.419	0.419	0.59	0.59
2259	3996	0.419	0.419	0.57	0.57
404	4915	0.419	0.419	0.37	0.37
3231	3975	0.419	0.419	0.60	0.60
117	3488	0.419	0.419	0.45	0.45
3092	4925	0.419	0.419	0.56	0.56
708	4667	0.419	0.419	0.84	0.84
371	3778	0.419	0.419	0.52	0.52
2360	4404	0.418	0.418	0.44	0.44
1071	3691	0.418	0.418	0.61	0.61
2041	2581	0.418	0.418	0.74	0.74
500	535	0.418	0.418	0.45	0.45
3	3481	0.418	0.418	0.74	0.74
1791	2826	0.418	0.418	0.41	0.41
181	4446	0.418	0.418	0.64	0.64
3929	5037	0.418	0.418	0.66	0.66
698	3727	0.418	0.418	0.68	0.68
458	4551	0.418	0.418	0.80	0.80
2912	4822	0.418	0.418	0.40	0.40
404	2429	0.418	0.418	0.56	0.56
3	557	0.418	0.418	0.67	0.67
3935	3993	0.417	0.417	0.57	0.57
1791	4290	0.417	0.417	0.38	0.38
3705	4617	0.417	0.417	0.74	0.74
5393	5510	0.417	0.417	0.57	0.57
1711	4018	0.417	0.417	0.60	0.60
1677	2015	0.417	0.417	0.64	0.64
3108	3263	0.417	0.417	0.65	0.65
818	4222	0.417	0.417	0.59	0.59
557	3705	0.417	0.417	0.65	0.65
683	2860	0.417	0.417	0.49	0.49
179	5079	0.417	0.417	0.68	0.68
4713	5386	0.417	0.417	0.72	0.72
3697	4121	0.417	0.417	0.33	0.33
2826	3935	0.417	0.417	0.46	0.46
1852	4464	0.417	0.417	0.66	0.66
821	5502	0.417	0.417	0.59	0.59
329	2492	0.417	0.417	0.76	0.76
3756	3762	0.416	0.416	0.55	0.55
65	1069	0.416	0.416	0.54	0.54
5570	5576	0.416	0.416	0.71	0.71
1973	4505	0.416	0.416	0.62	0.62
1779	4109	0.416	0.416	0.53	0.53
299	5171	0.416	0.416	0.37	0.37
2635	4873	0.416	0.416	0.69	0.69
2345	4850	0.416	0.416	0.39	0.39
2918	3703	0.416	0.416	0.65	0.65
257	4822	0.416	0.416	0.68	0.68
2133	4768	0.416	0.416	0.91	0.91
1669	3657	0.416	0.416	0.37	0.37
2063	2687	0.416	0.416	0.55	0.55
2278	3382	0.416	0.416	0.62	0.62
1715	3935	0.416	0.416	0.58	0.58
5338	5622	0.416	0.416	0.60	0.60
1873	2253	0.416	0.416	0.51	0.51
1625	2709	0.416	0.416	0.59	0.59
1123	2109	0.415	0.415	0.64	0.64
407	4762	0.415	0.415	0.64	0.64
2581	3156	0.415	0.415	0.79	0.79
351	5290	0.415	0.415	0.49	0.49
1896	4771	0.415	0.415	0.22	0.22
1555	4579	0.415	0.415	0.66	0.66
512	3939	0.415	0.415	0.34	0.34
215	5041	0.415	0.415	0.67	0.67
1187	1636	0.415	0.415	0.64	0.64
1032	3737	0.415	0.415	0.70	0.70
3768	4721	0.415	0.415	0.78	0.78
3289	4653	0.415	0.415	0.67	0.67
5	3996	0.415	0.415	0.76	0.76
4274	4941	0.415	0.415	0.77	0.77
1648	4170	0.415	0.415	0.21	0.21
4285	5179	0.415	0.415	0.42	0.42
3120	4581	0.415	0.415	0.57	0.57
1945	2188	0.415	0.415	0.73	0.73
791	5545	0.415	0.415	0.55	0.55
415	3972	0.415	0.415	0.73	0.73
2504	4617	0.414	0.414	0.65	0.65
2380	3960	0.414	0.414	0.51	0.51
2164	5648	0.414	0.414	0.51	0.51
1084	2737	0.414	0.414	0.67	0.67
1973	3312	0.414	0.414	0.65	0.65
927	4592	0.414	0.414	0.55	0.55
1161	1648	0.414	0.414	0.36	0.36
551	580	0.414	0.414	0.65	0.65
2567	4858	0.414	0.414	0.33	0.33
4708	5100	0.414	0.414	0.80	0.80
1732	4386	0.414	0.414	0.52	0.52
3651	5379	0.414	0.414	0.54	0.54
2507	5263	0.413	0.413	0.83	0.83
1347	2588	0.413	0.413	0.52	0.52
305	4363	0.413	0.413	0.26	0.26
3488	4118	0.413	0.413	0.62	0.62
2385	4061	0.413	0.413	0.55	0.55
2017	5207	0.413	0.413	0.19	0.19
1983	5560	0.413	0.413	0.42	0.42
811	2972	0.413	0.413	0.46	0.46
2045	4366	0.413	0.413	0.40	0.40
785	4201	0.413	0.413	0.54	0.54
4341	5184	0.413	0.413	0.61	0.61
1625	5572	0.413	0.413	0.55	0.55
393	5279	0.413	0.413	0.39	0.39
4551	5247	0.413	0.413	0.74	0.74
3544	3756	0.413	0.413	0.54	0.54
3110	3440	0.413	0.413	0.67	0.67
2972	5514	0.413	0.413	0.60	0.60
1928	5652	0.413	0.413	0.52	0.52
1337	1925	0.413	0.413	0.51	0.51
2045	5399	0.413	0.413	0.34	0.34
3657	4030	0.413	0.413	0.37	0.37
1791	1917	0.413	0.413	0.42	0.42
835	2218	0.412	0.412	0.72	0.72
3886	5545	0.412	0.412	0.36	0.36
139	552	0.412	0.412	0.59	0.59
3705	3813	0.412	0.412	0.64	0.64
2705	4277	0.412	0.412	0.70	0.70
1873	1957	0.412	0.412	0.63	0.63
1977	2192	0.412	0.412	0.59	0.59
1947	4307	0.412	0.412	0.55	0.55
2581	5263	0.412	0.412	0.83	0.83
310	4615	0.412	0.412	0.45	0.45
14	3368	0.412	0.412	0.64	0.64
4109	4725	0.412	0.412	0.60	0.60
2635	3628	0.412	0.412	0.56	0.56
2339	5037	0.412	0.412	0.52	0.52
1151	5545	0.412	0.412	0.48	0.48
3501	4171	0.411	0.411	0.66	0.66
1855	3239	0.411	0.411	0.50	0.50
1623	5007	0.411	0.411	0.53	0.53
3425	5478	0.411	0.411	0.37	0.37
2639	4884	0.411	0.411	0.69	0.69
1854	5164	0.411	0.411	0.80	0.80
3975	3993	0.411	0.411	0.50	0.50
1255	4772	0.411	0.411	0.52	0.52
1290	4579	0.410	0.410	0.62	0.62
2727	3702	0.410	0.410	0.58	0.58
1519	4915	0.410	0.410	0.42	0.42
2220	5141	0.410	0.410	0.52	0.52
1013	5053	0.410	0.410	0.61	0.61
2325	2643	0.410	0.410	0.71	0.71
1606	5079	0.410	0.410	0.68	0.68
4686	4925	0.410	0.410	0.62	0.62
1133	4970	0.410	0.410	0.56	0.56
2411	2777	0.410	0.410	0.71	0.71
1097	5078	0.410	0.410	0.47	0.47
1590	4937	0.410	0.410	0.73	0.73
708	2912	0.409	0.409	0.75	0.75
708	4673	0.409	0.409	0.84	0.84
640	1473	0.409	0.409	0.77	0.77
3391	3838	0.409	0.409	0.82	0.82
1667	3638	0.409	0.409	0.68	0.68
1359	2773	0.409	0.409	0.51	0.51
435	3474	0.409	0.409	0.64	0.64
1958	5545	0.409	0.409	0.30	0.30
4881	5541	0.408	0.408	0.54	0.54
1307	5068	0.408	0.408	0.37	0.37
2356	5041	0.408	0.408	0.71	0.71
3900	4310	0.408	0.408	0.66	0.66
1347	1958	0.408	0.408	0.42	0.42
3093	5247	0.408	0.408	0.75	0.75
1063	2981	0.408	0.408	0.74	0.74
816	1265	0.408	0.408	0.69	0.69
163	5634	0.408	0.408	0.21	0.21
4704	5123	0.408	0.408	0.35	0.35
4488	5150	0.408	0.408	0.63	0.63
3886	4002	0.408	0.408	0.57	0.57
1674	5201	0.408	0.408	0.55	0.55
799	4452	0.408	0.408	0.81	0.81
525	4783	0.408	0.408	0.59	0.59
2615	2709	0.408	0.408	0.23	0.23
2572	3102	0.408	0.408	0.75	0.75
2278	5469	0.407	0.407	0.69	0.69
2272	4452	0.407	0.407	0.21	0.21
2217	3159	0.407	0.407	0.55	0.55
713	3104	0.407	0.407	0.63	0.63
2581	3467	0.407	0.407	0.78	0.78
2109	3481	0.407	0.407	0.58	0.58
907	4623	0.407	0.407	0.45	0.45
125	2942	0.407	0.407	0.59	0.59
643	1671	0.407	0.407	0.22	0.22
2251	2581	0.407	0.407	0.80	0.80
1347	1796	0.407	0.407	0.60	0.60
50	71	0.407	0.407	0.53	0.53
39	2127	0.407	0.407	0.35	0.35
2999	3503	0.407	0.407	0.73	0.73
2791	4235	0.407	0.407	0.37	0.37
768	3378	0.406	0.406	0.64	0.64
4178	4310	0.406	0.406	0.48	0.48
1100	4809	0.406	0.406	0.53	0.53
1081	2612	0.406	0.406	0.52	0.52
805	2009	0.406	0.406	0.59	0.59
2016	5572	0.406	0.406	0.59	0.59
517	4669	0.406	0.406	0.83	0.83
5037	5591	0.406	0.406	0.55	0.55
2019	4915	0.405	0.405	0.55	0.55
1854	5403	0.405	0.405	0.58	0.58
567	5482	0.405	0.405	0.32	0.32
257	1196	0.405	0.405	0.51	0.51
2253	4759	0.405	0.405	0.36	0.36
4580	4667	0.405	0.405	0.78	0.78
3156	4018	0.405	0.405	0.66	0.66
1982	2225	0.405	0.405	0.39	0.39
163	2197	0.405	0.405	0.59	0.59
1680	4659	0.405	0.405	0.37	0.37
535	609	0.405	0.405	0.77	0.77
4271	4617	0.405	0.405	0.67	0.67
437	3025	0.405	0.405	0.60	0.60
1151	1610	0.405	0.405	0.66	0.66
1097	4873	0.404	0.404	0.65	0.65
283	4728	0.404	0.404	0.58	0.58
2765	5505	0.404	0.404	0.49	0.49
1075	4822	0.404	0.404	0.45	0.45
75	4942	0.404	0.404	0.39	0.39
4289	4363	0.404	0.404	0.37	0.37
1073	3424	0.404	0.404	0.52	0.52
1066	4462	0.404	0.404	0.55	0.55
4096	5205	0.404	0.404	0.67	0.67
2007	2228	0.404	0.404	0.71	0.71
631	1763	0.404	0.404	0.64	0.64
2161	5491	0.404	0.404	0.69	0.69
2225	5272	0.404	0.404	0.58	0.58
526	2192	0.404	0.404	0.36	0.36
2429	4306	0.404	0.404	0.75	0.75
2039	3987	0.404	0.404	0.73	0.73
491	2397	0.403	0.403	0.59	0.59
990	3021	0.403	0.403	0.60	0.60
609	2192	0.403	0.403	0.39	0.39
4464	5138	0.403	0.403	0.48	0.48
2157	3826	0.403	0.403	0.46	0.46
437	5327	0.403	0.403	0.59	0.59
3762	4408	0.403	0.403	0.53	0.53
969	5392	0.403	0.403	0.67	0.67
2942	3636	0.403	0.403	0.47	0.47
2768	3647	0.403	0.403	0.60	0.60
3939	4379	0.403	0.403	0.51	0.51
5007	5514	0.402	0.402	0.66	0.66
429	5112	0.402	0.402	0.60	0.60
213	5380	0.402	0.402	0.76	0.76
33	2839	0.402	0.402	0.46	0.46
1745	3022	0.402	0.402	0.65	0.65
134	2225	0.402	0.402	0.46	0.46
1895	5625	0.402	0.402	0.74	0.74
1072	2343	0.402	0.402	0.67	0.67
299	4809	0.402	0.402	0.44	0.44
5277	5410	0.402	0.402	0.32	0.32
4422	4819	0.402	0.402	0.64	0.64
3858	5366	0.402	0.402	0.40	0.40
3601	4713	0.402	0.402	0.62	0.62
2219	3284	0.402	0.402	0.26	0.26
580	1711	0.402	0.402	0.67	0.67
1645	4363	0.402	0.402	0.33	0.33
469	4615	0.402	0.402	0.43	0.43
2187	3306	0.401	0.401	0.45	0.45
660	3756	0.401	0.401	0.61	0.61
3789	4386	0.401	0.401	0.68	0.68
4262	4850	0.401	0.401	0.57	0.57
118	5139	0.401	0.401	0.73	0.73
3481	3813	0.401	0.401	0.68	0.68
1739	3016	0.401	0.401	0.84	0.84
785	3305	0.401	0.401	0.83	0.83
334	4440	0.401	0.401	0.62	0.62
2405	5464	0.401	0.401	0.39	0.39
502	3950	0.401	0.401	0.39	0.39
3869	4358	0.400	0.400	0.24	0.24
3999	4158	0.400	0.400	0.35	0.35
1461	5201	0.400	0.400	0.56	0.56
785	3756	0.400	0.400	0.55	0.55
696	3395	0.400	0.400	0.67	0.67
695	1902	0.400	0.400	0.60	0.60
2632	4537	0.400	0.400	0.55	0.55
2260	2826	0.400	0.400	0.23	0.23
36	3993	0.400	0.400	0.65	0.65
4437	5187	0.400	0.400	0.54	0.54
3924	4306	0.400	0.400	0.82	0.82
660	2725	0.399	0.399	0.61	0.61
3848	4841	0.399	0.399	0.44	0.44
1597	3560	0.399	0.399	0.60	0.60
1347	5599	0.399	0.399	0.52	0.52
3136	4437	0.399	0.399	0.73	0.73
6	2023	0.399	0.399	0.35	0.35
3436	4530	0.399	0.399	0.73	0.73
125	1775	0.399	0.399	0.56	0.56
1549	4075	0.399	0.399	0.47	0.47
685	1669	0.399	0.399	0.50	0.50
1623	4304	0.399	0.399	0.60	0.60
4808	5392	0.399	0.399	0.75	0.75
1535	2192	0.398	0.398	0.47	0.47
708	4679	0.398	0.398	0.69	0.69
3104	5572	0.398	0.398	0.32	0.32
640	4037	0.398	0.398	0.77	0.77
105	3156	0.398	0.398	0.78	0.78
2188	2476	0.398	0.398	0.71	0.71
1541	3983	0.398	0.398	0.49	0.49
3847	5369	0.398	0.398	0.38	0.38
236	1557	0.398	0.398	0.82	0.82
2219	4856	0.398	0.398	0.29	0.29
495	5625	0.398	0.398	0.60	0.60
537	4285	0.398	0.398	0.37	0.37
4175	4452	0.397	0.397	0.78	0.78
4008	5576	0.397	0.397	0.49	0.49
3481	4422	0.397	0.397	0.54	0.54
234	3102	0.397	0.397	0.67	0.67
2063	2810	0.397	0.397	0.47	0.47
2017	4117	0.397	0.397	0.58	0.58
3	1770	0.397	0.397	0.63	0.63
194	5172	0.397	0.397	0.53	0.53
3	3813	0.397	0.397	0.64	0.64
3108	3900	0.397	0.397	0.55	0.55
512	1555	0.397	0.397	0.73	0.73
2559	4408	0.397	0.397	0.57	0.57
580	3156	0.397	0.397	0.67	0.67
491	3796	0.397	0.397	0.48	0.48
4002	4408	0.397	0.397	0.60	0.60
3901	4653	0.397	0.397	0.76	0.76
336	2116	0.397	0.397	0.65	0.65
104	567	0.396	0.396	0.47	0.47
3499	5118	0.396	0.396	0.32	0.32
521	2325	0.396	0.396	0.72	0.72
1973	5263	0.396	0.396	0.67	0.67
1330	4851	0.396	0.396	0.37	0.37
3291	5403	0.396	0.396	0.51	0.51
1811	4229	0.396	0.396	0.73	0.73
1096	5570	0.395	0.395	0.61	0.61
876	2400	0.395	0.395	0.60	0.60
103	4172	0.395	0.395	0.61	0.61
4337	5202	0.395	0.395	0.41	0.41
3900	5446	0.395	0.395	0.58	0.58
3769	5182	0.395	0.395	0.69	0.69
1711	3467	0.395	0.395	0.61	0.61
1606	3778	0.395	0.395	0.38	0.38
3380	4203	0.395	0.395	0.80	0.80
1138	4941	0.395	0.395	0.81	0.81
4178	4850	0.395	0.395	0.37	0.37
1	4679	0.395	0.395	0.32	0.32
4617	5165	0.395	0.395	0.66	0.66
1628	2557	0.395	0.395	0.47	0.47
1421	2031	0.395	0.395	0.41	0.41
443	3754	0.395	0.395	0.55	0.55
2548	5079	0.394	0.394	0.74	0.74
1606	5455	0.394	0.394	0.74	0.74
3770	4030	0.394	0.394	0.46	0.46
1739	5380	0.394	0.394	0.81	0.81
3	4617	0.394	0.394	0.74	0.74
5441	5617	0.394	0.394	0.49	0.49
1562	4044	0.394	0.394	0.54	0.54
1109	3756	0.394	0.394	0.52	0.52
1052	2220	0.394	0.394	0.54	0.54
3481	5165	0.394	0.394	0.67	0.67
321	1353	0.394	0.394	0.28	0.28
112	4327	0.394	0.394	0.49	0.49
4253	4634	0.393	0.393	0.49	0.49
13	94	0.393	0.393	0.56	0.56
2382	2799	0.393	0.393	0.50	0.50
1032	1661	0.393	0.393	0.69	0.69
181	5045	0.393	0.393	0.66	0.66
3901	4397	0.393	0.393	0.58	0.58
2773	3979	0.393	0.393	0.45	0.45
3489	5455	0.393	0.393	0.82	0.82
4437	5172	0.393	0.393	0.64	0.64
2243	2612	0.393	0.393	0.75	0.75
1849	2937	0.393	0.393	0.64	0.64
3899	5008	0.392	0.392	0.68	0.68
2635	2856	0.392	0.392	0.59	0.59
2372	5021	0.392	0.392	0.32	0.32
1320	5281	0.392	0.392	0.87	0.87
1283	2523	0.392	0.392	0.36	0.36
713	2764	0.392	0.392	0.65	0.65
2951	4152	0.392	0.392	0.60	0.60
236	5592	0.392	0.392	0.44	0.44
3233	5201	0.392	0.392	0.51	0.51
1316	4900	0.392	0.392	0.62	0.62
419	1606	0.392	0.392	0.75	0.75
1	120	0.392	0.392	0.49	0.49
1320	1642	0.392	0.392	0.74	0.74
4404	5278	0.392	0.392	0.69	0.69
1917	3789	0.392	0.392	0.69	0.69
1265	4579	0.392	0.392	0.68	0.68
783	2007	0.392	0.392	0.76	0.76
600	3010	0.392	0.392	0.70	0.70
650	3053	0.392	0.392	0.66	0.66
5016	5182	0.391	0.391	0.29	0.29
2773	2809	0.391	0.391	0.51	0.51
1008	3199	0.391	0.391	0.53	0.53
1796	4778	0.391	0.391	0.54	0.54
4170	4783	0.391	0.391	0.69	0.69
1973	4048	0.391	0.391	0.68	0.68
1740	2157	0.391	0.391	0.66	0.66
1414	4739	0.391	0.391	0.64	0.64
2516	2918	0.391	0.391	0.73	0.73
2314	3205	0.391	0.391	0.41	0.41
1517	4313	0.391	0.391	0.40	0.40
1265	1394	0.391	0.391	0.79	0.79
753	1725	0.391	0.391	0.26	0.26
2	5158	0.391	0.391	0.27	0.27
115	887	0.391	0.391	0.74	0.74
105	1711	0.391	0.391	0.73	0.73
4321	4809	0.391	0.391	0.81	0.81
185	5327	0.391	0.391	0.59	0.59
2972	3636	0.390	0.390	0.27	0.27
3527	3705	0.390	0.390	0.66	0.66
486	4881	0.390	0.390	0.40	0.40
435	4615	0.390	0.390	0.46	0.46
461	2912	0.390	0.390	0.59	0.59
1100	1103	0.390	0.390	0.47	0.47
4096	5301	0.390	0.390	0.65	0.65
305	525	0.390	0.390	0.26	0.26
3693	3808	0.390	0.390	0.52	0.52
2784	3263	0.390	0.390	0.67	0.67
476	1460	0.390	0.390	0.33	0.33
2043	3180	0.390	0.390	0.40	0.40
1196	2063	0.390	0.390	0.60	0.60
186	5224	0.390	0.390	0.54	0.54
215	2717	0.389	0.389	0.71	0.71
3999	4808	0.389	0.389	0.29	0.29
1143	3641	0.389	0.389	0.73	0.73
5211	5397	0.389	0.389	0.57	0.57
1630	5150	0.389	0.389	0.65	0.65
1540	3916	0.389	0.389	0.74	0.74
695	2202	0.389	0.389	0.65	0.65
269	615	0.389	0.389	0.54	0.54
1796	2448	0.389	0.389	0.38	0.38
520	1009	0.389	0.389	0.77	0.77
2612	3957	0.388	0.388	0.75	0.75
2280	4448	0.388	0.388	0.27	0.27
2207	3915	0.388	0.388	0.22	0.22
2572	4229	0.388	0.388	0.78	0.78
3501	4184	0.388	0.388	0.61	0.61
2635	3831	0.388	0.388	0.38	0.38
3	3705	0.388	0.388	0.68	0.68
2413	4653	0.388	0.388	0.70	0.70
1645	2740	0.388	0.388	0.23	0.23
1168	4421	0.388	0.388	0.79	0.79
1196	3975	0.388	0.388	0.58	0.58
1896	5430	0.388	0.388	0.62	0.62
1196	5309	0.388	0.388	0.62	0.62
1097	4556	0.388	0.388	0.47	0.47
3816	3900	0.388	0.388	0.57	0.57
1248	1945	0.388	0.388	0.31	0.31
1672	5430	0.387	0.387	0.67	0.67
5219	5447	0.387	0.387	0.64	0.64
4306	4363	0.387	0.387	0.54	0.54
2332	5560	0.387	0.387	0.74	0.74
2904	5184	0.387	0.387	0.57	0.57
2066	4059	0.387	0.387	0.37	0.37
2063	4556	0.387	0.387	0.47	0.47
758	2079	0.387	0.387	0.57	0.57
4705	5373	0.387	0.387	0.28	0.28
2675	4096	0.387	0.387	0.76	0.76
2248	4175	0.387	0.387	0.79	0.79
2195	3386	0.387	0.387	0.79	0.79
173	5225	0.387	0.387	0.31	0.31
3899	4850	0.386	0.386	0.45	0.45
2751	2800	0.386	0.386	0.68	0.68
2765	5549	0.386	0.386	0.43	0.43
94	1097	0.386	0.386	0.65	0.65
381	1728	0.386	0.386	0.64	0.64
3424	5075	0.386	0.386	0.71	0.71
1097	2577	0.386	0.386	0.34	0.34
1359	5576	0.386	0.386	0.46	0.46
850	1496	0.386	0.386	0.72	0.72
653	2319	0.386	0.386	0.49	0.49
2635	4043	0.386	0.386	0.38	0.38
3869	4791	0.385	0.385	0.29	0.29
3604	4576	0.385	0.385	0.78	0.78
3638	3993	0.385	0.385	0.69	0.69
4437	5571	0.385	0.385	0.53	0.53
3653	4505	0.385	0.385	0.61	0.61
2001	5247	0.385	0.385	0.69	0.69
821	5037	0.385	0.385	0.55	0.55
139	2211	0.385	0.385	0.40	0.40
693	3647	0.385	0.385	0.34	0.34
1963	4046	0.385	0.385	0.58	0.58
1958	2912	0.385	0.385	0.33	0.33
955	4868	0.385	0.385	0.31	0.31
3935	4175	0.385	0.385	0.62	0.62
321	5491	0.385	0.385	0.71	0.71
206	5392	0.385	0.385	0.80	0.80
660	3104	0.384	0.384	0.61	0.61
3095	4628	0.384	0.384	0.82	0.82
3	4271	0.384	0.384	0.62	0.62
3099	3347	0.384	0.384	0.51	0.51
452	4131	0.384	0.384	0.43	0.43
1968	2821	0.384	0.384	0.55	0.55
1051	4136	0.384	0.384	0.63	0.63
3784	5461	0.384	0.384	0.57	0.57
1187	4872	0.384	0.384	0.60	0.60
85	2193	0.384	0.384	0.76	0.76
4560	5570	0.384	0.384	0.43	0.43
1461	4030	0.384	0.384	0.58	0.58
2405	4330	0.384	0.384	0.45	0.45
2161	3088	0.384	0.384	0.42	0.42
785	3108	0.384	0.384	0.71	0.71
2935	4561	0.384	0.384	0.67	0.67
1144	4587	0.384	0.384	0.74	0.74
671	1959	0.384	0.384	0.65	0.65
3892	5205	0.383	0.383	0.66	0.66
614	4022	0.383	0.383	0.54	0.54
925	3883	0.383	0.383	0.35	0.35
5592	5602	0.383	0.383	0.43	0.43
4253	4379	0.383	0.383	0.54	0.54
2810	5635	0.383	0.383	0.51	0.51
631	1828	0.383	0.383	0.65	0.65
525	1149	0.383	0.383	0.30	0.30
1778	3231	0.383	0.383	0.56	0.56
3332	4529	0.383	0.383	0.57	0.57
2211	4707	0.383	0.383	0.45	0.45
3900	4178	0.383	0.383	0.69	0.69
4791	5079	0.382	0.382	0.71	0.71
3206	4884	0.382	0.382	0.71	0.71
2972	4262	0.382	0.382	0.55	0.55
2951	4576	0.382	0.382	0.70	0.70
93	3257	0.382	0.382	0.61	0.61
4292	4324	0.382	0.382	0.44	0.44
821	2173	0.382	0.382	0.56	0.56
1576	4401	0.382	0.382	0.52	0.52
708	1715	0.382	0.382	0.54	0.54
3634	4667	0.382	0.382	0.83	0.83
2220	3732	0.382	0.382	0.40	0.40
1778	4002	0.382	0.382	0.61	0.61
1251	1315	0.382	0.382	0.61	0.61
1072	3560	0.382	0.382	0.57	0.57
659	1111	0.382	0.382	0.69	0.69
508	822	0.382	0.382	0.70	0.70
148	2429	0.382	0.382	0.56	0.56
4226	4634	0.382	0.382	0.48	0.48
264	3515	0.382	0.382	0.63	0.63
1034	3784	0.382	0.382	0.60	0.60
1683	3915	0.381	0.381	0.59	0.59
1194	2157	0.381	0.381	0.47	0.47
165	5010	0.381	0.381	0.55	0.55
4554	4942	0.381	0.381	0.51	0.51
161	2472	0.381	0.381	0.66	0.66
647	3997	0.381	0.381	0.69	0.69
2818	4568	0.381	0.381	0.54	0.54
2473	2508	0.381	0.381	0.70	0.70
305	520	0.381	0.381	0.64	0.64
2760	4143	0.380	0.380	0.71	0.71
222	5510	0.380	0.380	0.52	0.52
1725	2271	0.380	0.380	0.66	0.66
1203	2225	0.380	0.380	0.59	0.59
266	4253	0.380	0.380	0.26	0.26
186	3446	0.380	0.380	0.76	0.76
1925	5570	0.380	0.380	0.68	0.68
1705	4109	0.380	0.380	0.68	0.68
954	4816	0.380	0.380	0.73	0.73
2478	4808	0.380	0.380	0.32	0.32
771	4808	0.380	0.380	0.48	0.48
1282	3416	0.380	0.380	0.72	0.72
587	4253	0.380	0.380	0.41	0.41
533	956	0.380	0.380	0.45	0.45
4325	4797	0.380	0.380	0.60	0.60
2202	3602	0.380	0.380	0.79	0.79
790	1538	0.380	0.380	0.70	0.70
575	2219	0.380	0.380	0.67	0.67
3481	3705	0.380	0.380	0.72	0.72
2822	4348	0.380	0.380	0.33	0.33
2535	3651	0.380	0.380	0.46	0.46
2323	3705	0.380	0.380	0.60	0.60
1977	3283	0.380	0.380	0.60	0.60
1347	3756	0.380	0.380	0.54	0.54
734	2357	0.379	0.379	0.49	0.49
249	4768	0.379	0.379	0.52	0.52
139	811	0.379	0.379	0.37	0.37
34	162	0.379	0.379	0.66	0.66
860	1151	0.379	0.379	0.48	0.48
821	2339	0.379	0.379	0.42	0.42
3291	5339	0.379	0.379	0.48	0.48
429	1460	0.379	0.379	0.33	0.33
643	3970	0.379	0.379	0.29	0.29
4713	5123	0.379	0.379	0.35	0.35
3042	4551	0.379	0.379	0.49	0.49
260	3638	0.379	0.379	0.66	0.66
73	4808	0.379	0.379	0.52	0.52
4128	5585	0.379	0.379	0.56	0.56
2785	4124	0.379	0.379	0.50	0.50
1011	4319	0.379	0.379	0.68	0.68
83	5156	0.379	0.379	0.55	0.55
609	1826	0.379	0.379	0.64	0.64
552	3666	0.379	0.379	0.50	0.50
580	4018	0.379	0.379	0.63	0.63
299	1297	0.379	0.379	0.44	0.44
3050	4797	0.378	0.378	0.39	0.39
2225	5572	0.378	0.378	0.43	0.43
105	4018	0.378	0.378	0.67	0.67
2400	3858	0.378	0.378	0.39	0.39
1303	2310	0.378	0.378	0.58	0.58
1280	2207	0.378	0.378	0.40	0.40
2149	3869	0.378	0.378	0.70	0.70
4791	5455	0.378	0.378	0.73	0.73
3291	5164	0.378	0.378	0.84	0.84
2567	5131	0.378	0.378	0.41	0.41
753	4306	0.378	0.378	0.48	0.48
2925	4659	0.378	0.378	0.55	0.55
1545	4172	0.378	0.378	0.75	0.75
112	5123	0.378	0.378	0.64	0.64
105	551	0.378	0.378	0.64	0.64
1097	3756	0.378	0.378	0.56	0.56
184	4107	0.378	0.378	0.33	0.33
1977	4915	0.377	0.377	0.70	0.70
1664	4437	0.377	0.377	0.61	0.61
3808	4587	0.377	0.377	0.37	0.37
1612	3901	0.377	0.377	0.59	0.59
1111	4915	0.377	0.377	0.27	0.27
4358	4852	0.377	0.377	0.77	0.77
5007	5272	0.377	0.377	0.60	0.60
3208	4529	0.377	0.377	0.56	0.56
2243	5345	0.377	0.377	0.68	0.68
1571	5057	0.377	0.377	0.45	0.45
286	1651	0.377	0.377	0.77	0.77
1593	3767	0.377	0.377	0.28	0.28
2210	2291	0.377	0.377	0.64	0.64
419	3489	0.377	0.377	0.81	0.81
218	3666	0.377	0.377	0.55	0.55
135	5026	0.377	0.377	0.23	0.23
68	1540	0.377	0.377	0.80	0.80
2448	5510	0.376	0.376	0.47	0.47
1063	2464	0.376	0.376	0.65	0.65
4566	5172	0.376	0.376	0.52	0.52
3925	5430	0.376	0.376	0.54	0.54
264	3759	0.376	0.376	0.47	0.47
2623	2818	0.376	0.376	0.60	0.60
1411	1460	0.376	0.376	0.72	0.72
5094	5114	0.376	0.376	0.67	0.67
2211	2942	0.376	0.376	0.54	0.54
519	2461	0.376	0.376	0.54	0.54
4178	5047	0.376	0.376	0.67	0.67
1930	2972	0.376	0.376	0.51	0.51
275	3573	0.376	0.376	0.65	0.65
508	1332	0.376	0.376	0.64	0.64
2448	4758	0.376	0.376	0.38	0.38
1902	3058	0.375	0.375	0.40	0.40
1203	2877	0.375	0.375	0.67	0.67
501	4437	0.375	0.375	0.28	0.28
4366	4808	0.375	0.375	0.39	0.39
2202	5585	0.375	0.375	0.65	0.65
860	5007	0.375	0.375	0.54	0.54
1379	3602	0.375	0.375	0.46	0.46
1149	1725	0.375	0.375	0.27	0.27
185	437	0.375	0.375	0.45	0.45
2253	3293	0.375	0.375	0.27	0.27
1048	3008	0.375	0.375	0.60	0.60
125	5599	0.375	0.375	0.36	0.36
974	3762	0.375	0.375	0.54	0.54
407	2581	0.375	0.375	0.81	0.81
1196	3670	0.374	0.374	0.57	0.57
615	4277	0.374	0.374	0.71	0.71
5	1704	0.374	0.374	0.73	0.73
1560	4797	0.374	0.374	0.66	0.66
1010	1223	0.374	0.374	0.54	0.54
1729	4704	0.374	0.374	0.73	0.73
60	3376	0.374	0.374	0.56	0.56
559	3361	0.374	0.374	0.57	0.57
215	4030	0.374	0.374	0.35	0.35
3660	4819	0.374	0.374	0.52	0.52
3160	4676	0.374	0.374	0.35	0.35
1796	1958	0.374	0.374	0.47	0.47
3514	5309	0.374	0.374	0.54	0.54
1642	3479	0.374	0.374	0.64	0.64
222	4222	0.374	0.374	0.57	0.57
3972	4551	0.374	0.374	0.43	0.43
2930	5373	0.373	0.373	0.56	0.56
3456	5634	0.373	0.373	0.24	0.24
2243	4559	0.373	0.373	0.54	0.54
1532	4778	0.373	0.373	0.47	0.47
1701	5339	0.373	0.373	0.27	0.27
1097	1623	0.373	0.373	0.56	0.56
407	3947	0.373	0.373	0.58	0.58
2620	4285	0.373	0.373	0.51	0.51
2977	3488	0.373	0.373	0.54	0.54
103	4953	0.373	0.373	0.66	0.66
2566	5114	0.373	0.373	0.74	0.74
575	5613	0.373	0.373	0.77	0.77
275	3997	0.373	0.373	0.64	0.64
3604	5281	0.373	0.373	0.49	0.49
461	1837	0.373	0.373	0.75	0.75
3133	4386	0.372	0.372	0.57	0.57
835	2776	0.372	0.372	0.75	0.75
785	3269	0.372	0.372	0.72	0.72
3100	5211	0.372	0.372	0.47	0.47
2314	3300	0.372	0.372	0.56	0.56
3636	4046	0.372	0.372	0.38	0.38
2447	5415	0.372	0.372	0.40	0.40
1156	2038	0.372	0.372	0.29	0.29
318	1774	0.372	0.372	0.34	0.34
3705	5165	0.372	0.372	0.64	0.64
1304	5522	0.372	0.372	0.57	0.57
1187	4159	0.372	0.372	0.46	0.46
3822	4437	0.372	0.372	0.68	0.68
609	3088	0.372	0.372	0.69	0.69
3294	5123	0.371	0.371	0.51	0.51
2709	4669	0.371	0.371	0.75	0.75
2476	2997	0.371	0.371	0.38	0.38
2017	4924	0.371	0.371	0.26	0.26
960	4703	0.371	0.371	0.56	0.56
2455	2543	0.371	0.371	0.65	0.65
1503	3313	0.371	0.371	0.48	0.48
557	3374	0.371	0.371	0.49	0.49
153	1541	0.371	0.371	0.58	0.58
3602	5592	0.371	0.371	0.42	0.42
2635	4037	0.371	0.371	0.38	0.38
897	2912	0.370	0.370	0.58	0.58
3964	4063	0.370	0.370	0.66	0.66
860	5078	0.370	0.370	0.36	0.36
235	1203	0.370	0.370	0.65	0.65
3814	5207	0.370	0.370	0.35	0.35
1577	4446	0.370	0.370	0.55	0.55
2932	4637	0.370	0.370	0.52	0.52
4929	5388	0.370	0.370	0.59	0.59
4113	5591	0.370	0.370	0.43	0.43
3641	4667	0.370	0.370	0.77	0.77
3092	3981	0.370	0.370	0.56	0.56
2768	5522	0.370	0.370	0.55	0.55
653	2075	0.370	0.370	0.49	0.49
537	3858	0.370	0.370	0.40	0.40
139	974	0.370	0.370	0.45	0.45
135	5599	0.370	0.370	0.25	0.25
1023	2325	0.369	0.369	0.67	0.67
2127	5202	0.369	0.369	0.43	0.43
1925	5382	0.369	0.369	0.67	0.67
1576	2278	0.369	0.369	0.38	0.38
125	2635	0.369	0.369	0.30	0.30
3182	4671	0.369	0.369	0.48	0.48
658	4399	0.369	0.369	0.55	0.55
93	2626	0.369	0.369	0.60	0.60
1009	3161	0.369	0.369	0.53	0.53
810	4184	0.369	0.369	0.42	0.42
161	2143	0.369	0.369	0.62	0.62
125	1553	0.369	0.369	0.35	0.35
269	1081	0.368	0.368	0.45	0.45
1552	1896	0.368	0.368	0.57	0.57
1203	5007	0.368	0.368	0.64	0.64
915	2608	0.368	0.368	0.50	0.50
4713	5622	0.368	0.368	0.47	0.47
4348	5332	0.368	0.368	0.64	0.64
1161	2822	0.368	0.368	0.34	0.34
1051	4517	0.368	0.368	0.58	0.58
112	428	0.368	0.368	0.82	0.82
5026	5351	0.368	0.368	0.53	0.53
279	708	0.368	0.368	0.75	0.75
4386	4452	0.368	0.368	0.42	0.42
386	1602	0.368	0.368	0.56	0.56
2826	4893	0.368	0.368	0.30	0.30
4342	5125	0.367	0.367	0.39	0.39
257	1963	0.367	0.367	0.53	0.53
5282	5510	0.367	0.367	0.45	0.45
2212	3354	0.367	0.367	0.73	0.73
139	3756	0.367	0.367	0.42	0.42
1347	2291	0.367	0.367	0.48	0.48
1206	3321	0.367	0.367	0.42	0.42
614	2687	0.367	0.367	0.39	0.39
285	2401	0.367	0.367	0.80	0.80
165	461	0.367	0.367	0.56	0.56
500	1853	0.367	0.367	0.35	0.35
134	1552	0.367	0.367	0.65	0.65
2847	3731	0.367	0.367	0.76	0.76
117	693	0.367	0.367	0.54	0.54
1778	2809	0.366	0.366	0.49	0.49
351	4316	0.366	0.366	0.62	0.62
2528	3299	0.366	0.366	0.71	0.71
4925	5251	0.366	0.366	0.60	0.60
552	1203	0.366	0.366	0.59	0.59
68	5007	0.366	0.366	0.64	0.64
2785	4858	0.366	0.366	0.30	0.30
2751	4289	0.366	0.366	0.72	0.72
1576	1963	0.366	0.366	0.63	0.63
75	5461	0.366	0.366	0.40	0.40
1625	5402	0.366	0.366	0.71	0.71
2789	4579	0.366	0.366	0.52	0.52
2573	5351	0.366	0.366	0.47	0.47
1930	3144	0.366	0.366	0.56	0.56
713	5358	0.366	0.366	0.67	0.67
3140	3972	0.365	0.365	0.50	0.50
992	2559	0.365	0.365	0.49	0.49
2461	3709	0.365	0.365	0.49	0.49
4548	4805	0.365	0.365	0.71	0.71
4386	5303	0.365	0.365	0.61	0.61
4686	5549	0.365	0.365	0.49	0.49
3759	4930	0.365	0.365	0.65	0.65
1266	4865	0.365	0.365	0.43	0.43
1097	1153	0.365	0.365	0.41	0.41
1739	4809	0.365	0.365	0.72	0.72
1203	3808	0.365	0.365	0.55	0.55
1051	3391	0.365	0.365	0.68	0.68
555	2568	0.365	0.365	0.66	0.66
501	3532	0.364	0.364	0.43	0.43
2773	4037	0.364	0.364	0.38	0.38
2626	3833	0.364	0.364	0.66	0.66
1149	4061	0.364	0.364	0.63	0.63
128	5636	0.364	0.364	0.57	0.57
3305	5347	0.364	0.364	0.75	0.75
1656	4505	0.364	0.364	0.61	0.61
1586	5405	0.364	0.364	0.65	0.65
139	1930	0.364	0.364	0.38	0.38
3523	4537	0.364	0.364	0.55	0.55
2489	5104	0.364	0.364	0.54	0.54
2086	4363	0.364	0.364	0.70	0.70
85	2250	0.364	0.364	0.48	0.48
713	5397	0.364	0.364	0.67	0.67
2568	3441	0.363	0.363	0.47	0.47
2390	4408	0.363	0.363	0.51	0.51
74	486	0.363	0.363	0.40	0.40
322	636	0.363	0.363	0.57	0.57
3514	5310	0.363	0.363	0.62	0.62
3441	4422	0.363	0.363	0.40	0.40
785	3382	0.363	0.363	0.57	0.57
2869	4553	0.363	0.363	0.40	0.40
2015	2485	0.363	0.363	0.38	0.38
1656	3716	0.363	0.363	0.64	0.64
1217	4614	0.363	0.363	0.43	0.43
4211	5354	0.363	0.363	0.64	0.64
36	3408	0.363	0.363	0.75	0.75
1576	2912	0.363	0.363	0.51	0.51
897	2826	0.363	0.363	0.51	0.51
435	1807	0.363	0.363	0.52	0.52
1461	3479	0.363	0.363	0.66	0.66
2480	4448	0.362	0.362	0.23	0.23
631	2981	0.362	0.362	0.41	0.41
491	2602	0.362	0.362	0.58	0.58
2663	3382	0.362	0.362	0.67	0.67
3854	5512	0.362	0.362	0.68	0.68
1129	1581	0.362	0.362	0.67	0.67
1048	4148	0.362	0.362	0.68	0.68
1796	2442	0.362	0.362	0.52	0.52
4810	4899	0.362	0.362	0.66	0.66
4222	5393	0.362	0.362	0.65	0.65
3016	3291	0.362	0.362	0.54	0.54
1935	3408	0.362	0.362	0.53	0.53
1379	2810	0.362	0.362	0.49	0.49
349	3808	0.362	0.362	0.45	0.45
2838	3843	0.362	0.362	0.57	0.57
774	1763	0.362	0.362	0.67	0.67
36	3756	0.362	0.362	0.60	0.60
1204	2583	0.362	0.362	0.73	0.73
410	3704	0.362	0.362	0.26	0.26
103	3906	0.362	0.362	0.72	0.72
2094	5617	0.362	0.362	0.43	0.43
2007	3636	0.362	0.362	0.64	0.64
1532	3129	0.362	0.362	0.61	0.61
3816	4850	0.362	0.362	0.51	0.51
2478	4333	0.362	0.362	0.48	0.48
1930	3152	0.361	0.361	0.51	0.51
194	3787	0.361	0.361	0.55	0.55
3257	5152	0.361	0.361	0.69	0.69
1334	5612	0.361	0.361	0.63	0.63
337	429	0.361	0.361	0.77	0.77
1394	3483	0.361	0.361	0.46	0.46
305	5052	0.361	0.361	0.42	0.42
2912	4452	0.361	0.361	0.55	0.55
681	1555	0.361	0.361	0.70	0.70
136	3985	0.361	0.361	0.49	0.49
105	407	0.361	0.361	0.67	0.67
1935	3104	0.361	0.361	0.54	0.54
476	2218	0.361	0.361	0.36	0.36
253	2906	0.361	0.361	0.25	0.25
2741	5441	0.360	0.360	0.56	0.56
1421	5373	0.360	0.360	0.56	0.56
604	704	0.360	0.360	0.74	0.74
562	659	0.360	0.360	0.56	0.56
714	1255	0.360	0.360	0.53	0.53
2192	2613	0.360	0.360	0.26	0.26
2581	4704	0.360	0.360	0.88	0.88
817	4553	0.360	0.360	0.44	0.44
876	4524	0.360	0.360	0.56	0.56
818	5393	0.360	0.360	0.60	0.60
95	3551	0.360	0.360	0.53	0.53
1375	3705	0.360	0.360	0.59	0.59
1009	3898	0.360	0.360	0.74	0.74
745	5509	0.360	0.360	0.40	0.40
410	1588	0.360	0.360	0.24	0.24
328	1107	0.360	0.360	0.52	0.52
1711	3156	0.360	0.360	0.64	0.64
1096	5369	0.360	0.360	0.39	0.39
4452	4667	0.359	0.359	0.70	0.70
1648	2271	0.359	0.359	0.57	0.57
1625	2734	0.359	0.359	0.65	0.65
1247	2654	0.359	0.359	0.65	0.65
2548	5455	0.359	0.359	0.77	0.77
179	1190	0.359	0.359	0.57	0.57
3090	5007	0.359	0.359	0.48	0.48
695	5534	0.359	0.359	0.56	0.56
816	4554	0.359	0.359	0.56	0.56
4318	5167	0.359	0.359	0.62	0.62
1601	1854	0.359	0.359	0.74	0.74
2478	4369	0.359	0.359	0.43	0.43
1553	4537	0.359	0.359	0.50	0.50
305	4615	0.359	0.359	0.45	0.45
4484	5418	0.359	0.359	0.79	0.79
4667	4980	0.359	0.359	0.84	0.84
3090	5078	0.359	0.359	0.56	0.56
2843	4865	0.359	0.359	0.55	0.55
215	1461	0.358	0.358	0.79	0.79
1353	1703	0.358	0.358	0.41	0.41
2086	5564	0.358	0.358	0.57	0.57
1963	3514	0.358	0.358	0.52	0.52
1081	3058	0.358	0.358	0.47	0.47
1780	4961	0.358	0.358	0.76	0.76
3481	3822	0.358	0.358	0.54	0.54
862	3269	0.358	0.358	0.72	0.72
492	3126	0.358	0.358	0.42	0.42
1075	2912	0.358	0.358	0.38	0.38
188	5112	0.358	0.358	0.20	0.20
1623	3733	0.358	0.358	0.58	0.58
2809	3206	0.358	0.358	0.72	0.72
3720	4037	0.357	0.357	0.53	0.53
366	3450	0.357	0.357	0.52	0.52
234	3291	0.357	0.357	0.65	0.65
3441	3972	0.357	0.357	0.40	0.40
2211	5124	0.357	0.357	0.54	0.54
136	5373	0.357	0.357	0.51	0.51
3313	5605	0.357	0.357	0.47	0.47
2951	4989	0.357	0.357	0.75	0.75
3577	4561	0.357	0.357	0.35	0.35
974	4800	0.357	0.357	0.51	0.51
1149	2517	0.356	0.356	0.72	0.72
1096	2345	0.356	0.356	0.40	0.40
1265	5380	0.356	0.356	0.76	0.76
2016	5535	0.356	0.356	0.49	0.49
3865	5209	0.356	0.356	0.32	0.32
1321	4119	0.356	0.356	0.31	0.31
2719	4404	0.356	0.356	0.33	0.33
134	173	0.356	0.356	0.50	0.50
1375	3481	0.355	0.355	0.64	0.64
3391	3822	0.355	0.355	0.66	0.66
252	1977	0.355	0.355	0.64	0.64
2225	4537	0.355	0.355	0.47	0.47
1977	3470	0.355	0.355	0.46	0.46
1326	5225	0.355	0.355	0.57	0.57
1674	3651	0.355	0.355	0.55	0.55
515	5396	0.355	0.355	0.66	0.66
2227	2951	0.355	0.355	0.69	0.69
821	4678	0.355	0.355	0.49	0.49
93	3003	0.355	0.355	0.55	0.55
3481	4617	0.355	0.355	0.70	0.70
532	5118	0.355	0.355	0.52	0.52
3704	4366	0.354	0.354	0.35	0.35
3	1375	0.354	0.354	0.57	0.57
3611	3878	0.354	0.354	0.49	0.49
1107	3315	0.354	0.354	0.55	0.55
1013	5560	0.354	0.354	0.30	0.30
353	1049	0.354	0.354	0.71	0.71
1588	2789	0.354	0.354	0.29	0.29
1235	1983	0.354	0.354	0.41	0.41
1971	2046	0.354	0.354	0.42	0.42
194	3854	0.354	0.354	0.59	0.59
1461	3071	0.354	0.354	0.51	0.51
2689	5035	0.354	0.354	0.60	0.60
1645	4292	0.354	0.354	0.48	0.48
2572	4604	0.354	0.354	0.75	0.75
260	2211	0.353	0.353	0.44	0.44
677	5290	0.353	0.353	0.75	0.75
134	1958	0.353	0.353	0.53	0.53
3664	4791	0.353	0.353	0.63	0.63
1314	5429	0.353	0.353	0.37	0.37
4668	5371	0.353	0.353	0.34	0.34
1968	2637	0.353	0.353	0.69	0.69
5597	5600	0.353	0.353	0.49	0.49
74	3742	0.353	0.353	0.47	0.47
2211	3100	0.353	0.353	0.46	0.46
2015	5373	0.353	0.353	0.47	0.47
3157	4383	0.353	0.353	0.71	0.71
2581	3126	0.352	0.352	0.83	0.83
614	2063	0.352	0.352	0.41	0.41
3890	5410	0.352	0.352	0.27	0.27
3003	4341	0.352	0.352	0.41	0.41
1298	2333	0.352	0.352	0.34	0.34
774	2925	0.352	0.352	0.43	0.43
283	4940	0.352	0.352	0.27	0.27
3935	4856	0.352	0.352	0.45	0.45
2727	3999	0.352	0.352	0.43	0.43
1947	4809	0.352	0.352	0.47	0.47
40	2400	0.352	0.352	0.64	0.64
2527	3939	0.352	0.352	0.34	0.34
2253	4686	0.352	0.352	0.56	0.56
567	1501	0.352	0.352	0.57	0.57
1846	4188	0.352	0.352	0.60	0.60
1729	3031	0.352	0.352	0.71	0.71
730	1353	0.352	0.352	0.52	0.52
93	2448	0.352	0.352	0.36	0.36
698	2009	0.352	0.352	0.79	0.79
1752	4758	0.351	0.351	0.53	0.53
319	1777	0.351	0.351	0.45	0.45
112	5057	0.351	0.351	0.60	0.60
1096	3514	0.351	0.351	0.55	0.55
2719	5526	0.351	0.351	0.43	0.43
791	4651	0.351	0.351	0.70	0.70
249	1739	0.351	0.351	0.36	0.36
3	5165	0.351	0.351	0.62	0.62
1051	3148	0.351	0.351	0.69	0.69
2260	4401	0.351	0.351	0.48	0.48
1797	3111	0.351	0.351	0.26	0.26
862	3058	0.351	0.351	0.57	0.57
2241	5260	0.351	0.351	0.60	0.60
4683	5338	0.351	0.351	0.46	0.46
134	5351	0.351	0.351	0.45	0.45
6	4766	0.351	0.351	0.40	0.40
2531	4437	0.350	0.350	0.42	0.42
1996	5477	0.350	0.350	0.67	0.67
2387	5240	0.350	0.350	0.54	0.54
2161	3470	0.350	0.350	0.35	0.35
2211	5570	0.350	0.350	0.51	0.51
2127	5301	0.350	0.350	0.32	0.32
2988	3901	0.350	0.350	0.34	0.34
2527	4620	0.350	0.350	0.28	0.28
2442	2575	0.350	0.350	0.64	0.64
4897	5168	0.349	0.349	0.65	0.65
4060	5544	0.349	0.349	0.68	0.68
1781	2442	0.349	0.349	0.42	0.42
305	4559	0.349	0.349	0.27	0.27
2826	3963	0.349	0.349	0.28	0.28
4262	5347	0.349	0.349	0.34	0.34
1725	3924	0.349	0.349	0.78	0.78
1069	1370	0.349	0.349	0.46	0.46
1012	3391	0.349	0.349	0.26	0.26
1196	4878	0.349	0.349	0.65	0.65
477	4980	0.349	0.349	0.45	0.45
3146	5431	0.349	0.349	0.73	0.73
2046	2561	0.348	0.348	0.64	0.64
3887	5612	0.348	0.348	0.57	0.57
1072	3456	0.348	0.348	0.35	0.35
614	1672	0.348	0.348	0.62	0.62
4321	4397	0.348	0.348	0.74	0.74
1532	3638	0.348	0.348	0.57	0.57
419	693	0.348	0.348	0.70	0.70
2195	2602	0.348	0.348	0.62	0.62
1963	4970	0.348	0.348	0.64	0.64
1943	4162	0.348	0.348	0.49	0.49
3320	4669	0.348	0.348	0.77	0.77
2581	4505	0.348	0.348	0.79	0.79
1084	3935	0.348	0.348	0.60	0.60
730	1606	0.347	0.347	0.71	0.71
3108	4758	0.347	0.347	0.66	0.66
2581	4835	0.347	0.347	0.79	0.79
1078	5516	0.347	0.347	0.33	0.33
2826	4980	0.347	0.347	0.53	0.53
529	4347	0.347	0.347	0.82	0.82
68	2016	0.347	0.347	0.58	0.58
5010	5039	0.347	0.347	0.50	0.50
2559	5604	0.347	0.347	0.61	0.61
3187	4487	0.347	0.347	0.62	0.62
1963	3636	0.347	0.347	0.58	0.58
1030	5583	0.347	0.347	0.40	0.40
3523	5572	0.347	0.347	0.47	0.47
2821	3402	0.347	0.347	0.56	0.56
2478	4884	0.347	0.347	0.38	0.38
1576	3999	0.347	0.347	0.36	0.36
1081	1902	0.347	0.347	0.33	0.33
1081	1473	0.347	0.347	0.45	0.45
3291	4809	0.346	0.346	0.55	0.55
2446	3770	0.346	0.346	0.49	0.49
1930	3720	0.346	0.346	0.55	0.55
3935	4537	0.346	0.346	0.45	0.45
1532	5007	0.346	0.346	0.49	0.49
974	2016	0.346	0.346	0.59	0.59
3826	4024	0.346	0.346	0.49	0.49
4137	5348	0.346	0.346	0.45	0.45
2942	3100	0.345	0.345	0.59	0.59
234	867	0.345	0.345	0.67	0.67
188	3783	0.345	0.345	0.43	0.43
1960	2195	0.345	0.345	0.71	0.71
1052	1149	0.345	0.345	0.59	0.59
236	2429	0.345	0.345	0.65	0.65
1545	3906	0.345	0.345	0.72	0.72
88	3554	0.345	0.345	0.65	0.65
917	1739	0.345	0.345	0.38	0.38
1971	2225	0.345	0.345	0.48	0.48
117	1606	0.345	0.345	0.67	0.67
2912	3126	0.345	0.345	0.52	0.52
1576	1935	0.345	0.345	0.62	0.62
1098	2559	0.345	0.345	0.50	0.50
104	4313	0.345	0.345	0.45	0.45
4556	4808	0.345	0.345	0.28	0.28
4169	5150	0.345	0.345	0.58	0.58
2446	4068	0.345	0.345	0.60	0.60
1873	2211	0.344	0.344	0.44	0.44
2154	3826	0.344	0.344	0.48	0.48
1672	5347	0.344	0.344	0.65	0.65
1377	2575	0.344	0.344	0.48	0.48
3235	4832	0.344	0.344	0.52	0.52
151	5278	0.344	0.344	0.79	0.79
2094	2613	0.344	0.344	0.42	0.42
1667	2639	0.344	0.344	0.37	0.37
2211	4822	0.344	0.344	0.56	0.56
537	876	0.344	0.344	0.57	0.57
512	2547	0.344	0.344	0.54	0.54
36	3542	0.344	0.344	0.54	0.54
4310	5631	0.343	0.343	0.46	0.46
4235	4805	0.343	0.343	0.67	0.67
1775	4316	0.343	0.343	0.44	0.44
834	1069	0.343	0.343	0.48	0.48
172	3361	0.343	0.343	0.27	0.27
2709	2811	0.343	0.343	0.25	0.25
1732	3305	0.343	0.343	0.72	0.72
1084	2826	0.343	0.343	0.63	0.63
3003	5604	0.343	0.343	0.33	0.33
2555	5149	0.343	0.343	0.43	0.43
2858	5373	0.343	0.343	0.64	0.64
695	3602	0.343	0.343	0.58	0.58
3161	3924	0.343	0.343	0.62	0.62
979	1358	0.343	0.343	0.43	0.43
804	1135	0.343	0.343	0.68	0.68
36	139	0.343	0.343	0.53	0.53
2653	3981	0.343	0.343	0.52	0.52
2535	3782	0.343	0.343	0.31	0.31
249	768	0.342	0.342	0.49	0.49
87	1381	0.342	0.342	0.34	0.34
1775	2687	0.342	0.342	0.38	0.38
1096	2430	0.342	0.342	0.35	0.35
407	4555	0.342	0.342	0.52	0.52
5211	5572	0.342	0.342	0.41	0.41
2940	4667	0.342	0.342	0.77	0.77
520	1725	0.342	0.342	0.62	0.62
125	5570	0.342	0.342	0.46	0.46
1279	4059	0.342	0.342	0.49	0.49
614	4970	0.342	0.342	0.64	0.64
476	5560	0.342	0.342	0.28	0.28
1791	4383	0.342	0.342	0.65	0.65
1438	5364	0.342	0.342	0.48	0.48
94	785	0.342	0.342	0.67	0.67
3924	4161	0.342	0.342	0.69	0.69
1519	5037	0.342	0.342	0.55	0.55
1925	4386	0.341	0.341	0.45	0.45
219	4793	0.341	0.341	0.72	0.72
3003	3899	0.341	0.341	0.30	0.30
1670	3896	0.341	0.341	0.63	0.63
1201	1977	0.341	0.341	0.59	0.59
277	1560	0.341	0.341	0.59	0.59
1677	4620	0.341	0.341	0.31	0.31
1164	3700	0.341	0.341	0.47	0.47
139	1151	0.341	0.341	0.35	0.35
3957	5052	0.341	0.341	0.60	0.60
1677	3939	0.341	0.341	0.26	0.26
3382	4262	0.341	0.341	0.59	0.59
332	812	0.341	0.341	0.59	0.59
213	1417	0.341	0.341	0.66	0.66
1426	2862	0.341	0.341	0.63	0.63
1096	4262	0.341	0.341	0.27	0.27
194	4980	0.340	0.340	0.62	0.62
1123	4901	0.340	0.340	0.52	0.52
469	5553	0.340	0.340	0.30	0.30
1075	5392	0.340	0.340	0.52	0.52
427	5545	0.340	0.340	0.42	0.42
3269	5587	0.340	0.340	0.71	0.71
640	4002	0.340	0.340	0.54	0.54
1107	2784	0.340	0.340	0.73	0.73
4347	5546	0.340	0.340	0.79	0.79
1926	5044	0.340	0.340	0.64	0.64
860	2445	0.340	0.340	0.57	0.57
1103	1701	0.339	0.339	0.27	0.27
333	2821	0.339	0.339	0.54	0.54
4306	4559	0.339	0.339	0.47	0.47
1270	2479	0.339	0.339	0.64	0.64
1191	1977	0.339	0.339	0.59	0.59
1069	4195	0.339	0.339	0.49	0.49
351	2918	0.339	0.339	0.66	0.66
3001	4165	0.339	0.339	0.24	0.24
2709	5572	0.339	0.339	0.47	0.47
2650	4789	0.339	0.339	0.75	0.75
2345	4143	0.339	0.339	0.59	0.59
763	2659	0.339	0.339	0.63	0.63
1517	2434	0.339	0.339	0.34	0.34
1770	3705	0.339	0.339	0.59	0.59
1371	4983	0.339	0.339	0.56	0.56
1038	4190	0.339	0.339	0.65	0.65
3993	4024	0.339	0.339	0.52	0.52
3354	5496	0.339	0.339	0.56	0.56
448	526	0.339	0.339	0.41	0.41
443	2581	0.339	0.339	0.69	0.69
164	4164	0.339	0.339	0.64	0.64
1555	4682	0.338	0.338	0.53	0.53
1254	5522	0.338	0.338	0.37	0.37
5	4221	0.338	0.338	0.70	0.70
2789	4379	0.338	0.338	0.45	0.45
3960	4809	0.338	0.338	0.30	0.30
3080	4539	0.338	0.338	0.56	0.56
1811	3102	0.338	0.338	0.68	0.68
867	5522	0.338	0.338	0.58	0.58
4623	4634	0.338	0.338	0.45	0.45
1958	5251	0.338	0.338	0.38	0.38
744	3095	0.338	0.338	0.47	0.47
2253	4925	0.338	0.338	0.56	0.56
427	4884	0.338	0.338	0.53	0.53
2265	4784	0.338	0.338	0.69	0.69
2227	3604	0.338	0.338	0.69	0.69
1375	4617	0.338	0.338	0.62	0.62
483	4899	0.338	0.338	0.53	0.53
490	3286	0.337	0.337	0.63	0.63
1873	3978	0.337	0.337	0.44	0.44
1174	2096	0.337	0.337	0.77	0.77
1144	4850	0.337	0.337	0.41	0.41
2066	5100	0.337	0.337	0.52	0.52
565	5599	0.337	0.337	0.54	0.54
219	800	0.337	0.337	0.71	0.71
3294	4033	0.337	0.337	0.52	0.52
2149	2548	0.337	0.337	0.79	0.79
3979	5430	0.337	0.337	0.58	0.58
3058	3957	0.336	0.336	0.67	0.67
2046	3638	0.336	0.336	0.50	0.50
138	2581	0.336	0.336	0.77	0.77
4175	4980	0.336	0.336	0.79	0.79
608	4274	0.336	0.336	0.62	0.62
2810	3670	0.336	0.336	0.21	0.21
2243	5052	0.336	0.336	0.53	0.53
305	4783	0.336	0.336	0.49	0.49
1556	2789	0.336	0.336	0.53	0.53
1142	4284	0.336	0.336	0.42	0.42
1078	4170	0.336	0.336	0.34	0.34
974	4341	0.336	0.336	0.54	0.54
363	4408	0.336	0.336	0.59	0.59
2773	3104	0.336	0.336	0.43	0.43
2918	3975	0.336	0.336	0.58	0.58
501	5386	0.336	0.336	0.72	0.72
1963	3703	0.336	0.336	0.49	0.49
396	5156	0.336	0.336	0.46	0.46
1107	3528	0.335	0.335	0.70	0.70
3	2109	0.335	0.335	0.49	0.49
3206	4800	0.335	0.335	0.75	0.75
2127	2675	0.335	0.335	0.33	0.33
758	4471	0.335	0.335	0.47	0.47
404	1113	0.335	0.335	0.44	0.44
87	3975	0.335	0.335	0.57	0.57
1670	1977	0.335	0.335	0.58	0.58
192	5017	0.335	0.335	0.33	0.33
2115	3594	0.335	0.335	0.48	0.48
1353	3960	0.335	0.335	0.31	0.31
2167	2751	0.335	0.335	0.42	0.42
2889	3294	0.335	0.335	0.56	0.56
2666	3808	0.335	0.335	0.33	0.33
1433	2523	0.335	0.335	0.62	0.62
36	2734	0.335	0.335	0.70	0.70
818	4022	0.335	0.335	0.26	0.26
3394	4805	0.335	0.335	0.75	0.75
396	1200	0.335	0.335	0.51	0.51
3284	3849	0.334	0.334	0.36	0.36
2217	3199	0.334	0.334	0.56	0.56
2727	4158	0.334	0.334	0.37	0.37
1667	2972	0.334	0.334	0.51	0.51
2508	5201	0.334	0.334	0.45	0.45
222	4043	0.334	0.334	0.68	0.68
2809	5489	0.334	0.334	0.62	0.62
1781	5489	0.334	0.334	0.45	0.45
2476	5480	0.334	0.334	0.56	0.56
125	1016	0.334	0.334	0.26	0.26
81	4002	0.334	0.334	0.54	0.54
5156	5586	0.334	0.334	0.57	0.57
2127	5516	0.334	0.334	0.35	0.35
87	2459	0.334	0.334	0.33	0.33
34	4530	0.334	0.334	0.72	0.72
2588	5631	0.334	0.334	0.42	0.42
2015	3974	0.333	0.333	0.24	0.24
1574	3300	0.333	0.333	0.29	0.29
969	3458	0.333	0.333	0.58	0.58
1659	4509	0.333	0.333	0.34	0.34
4856	5209	0.333	0.333	0.26	0.26
1645	5037	0.333	0.333	0.55	0.55
897	3935	0.333	0.333	0.47	0.47
87	974	0.333	0.333	0.46	0.46
4554	5207	0.333	0.333	0.53	0.53
2611	3629	0.333	0.333	0.44	0.44
2561	5037	0.333	0.333	0.44	0.44
766	3943	0.333	0.333	0.53	0.53
3482	5278	0.333	0.333	0.54	0.54
138	5570	0.333	0.333	0.64	0.64
731	4715	0.333	0.333	0.51	0.51
5317	5577	0.332	0.332	0.60	0.60
1337	5382	0.332	0.332	0.40	0.40
4379	5226	0.332	0.332	0.44	0.44
1010	1337	0.332	0.332	0.49	0.49
974	5008	0.332	0.332	0.59	0.59
658	4327	0.332	0.332	0.51	0.51
526	1555	0.332	0.332	0.64	0.64
3601	5545	0.332	0.332	0.47	0.47
2419	2695	0.332	0.332	0.76	0.76
2817	4175	0.332	0.332	0.74	0.74
1729	1855	0.332	0.332	0.65	0.65
562	5444	0.332	0.332	0.22	0.22
218	3831	0.332	0.332	0.42	0.42
1691	4188	0.332	0.332	0.70	0.70
4175	4682	0.332	0.332	0.58	0.58
614	4556	0.332	0.332	0.61	0.61
591	4386	0.332	0.332	0.67	0.67
173	3975	0.332	0.332	0.42	0.42
3257	4290	0.332	0.332	0.50	0.50
2225	3981	0.332	0.332	0.50	0.50
2734	3592	0.331	0.331	0.60	0.60
2133	3824	0.331	0.331	0.44	0.44
1317	2942	0.331	0.331	0.56	0.56
758	3060	0.331	0.331	0.61	0.61
1644	3021	0.331	0.331	0.53	0.53
1787	2195	0.331	0.331	0.70	0.70
3067	5519	0.331	0.331	0.65	0.65
2399	5271	0.331	0.331	0.39	0.39
988	5198	0.331	0.331	0.53	0.53
563	2912	0.331	0.331	0.60	0.60
3614	3960	0.331	0.331	0.24	0.24
3361	5570	0.331	0.331	0.54	0.54
2826	4745	0.331	0.331	0.55	0.55
520	4306	0.331	0.331	0.67	0.67
2700	3552	0.330	0.330	0.43	0.43
4143	4587	0.330	0.330	0.56	0.56
647	3573	0.330	0.330	0.70	0.70
354	2800	0.330	0.330	0.50	0.50
322	1126	0.330	0.330	0.67	0.67
2011	4076	0.330	0.330	0.53	0.53
85	3133	0.330	0.330	0.43	0.43
4310	4850	0.330	0.330	0.40	0.40
57	3031	0.330	0.330	0.49	0.49
480	3321	0.330	0.330	0.40	0.40
3886	5556	0.329	0.329	0.52	0.52
2567	2776	0.329	0.329	0.41	0.41
3899	5184	0.329	0.329	0.67	0.67
1000	5201	0.329	0.329	0.43	0.43
993	3883	0.329	0.329	0.62	0.62
1729	5334	0.329	0.329	0.54	0.54
461	3194	0.329	0.329	0.62	0.62
614	3206	0.329	0.329	0.64	0.64
427	3900	0.329	0.329	0.59	0.59
1659	2357	0.329	0.329	0.50	0.50
1211	4413	0.329	0.329	0.63	0.63
1129	2068	0.329	0.329	0.54	0.54
1870	2561	0.329	0.329	0.63	0.63
1656	2581	0.328	0.328	0.72	0.72
1069	3058	0.328	0.328	0.36	0.36
200	2158	0.328	0.328	0.57	0.57
3926	5123	0.328	0.328	0.36	0.36
1362	5522	0.328	0.328	0.48	0.48
1126	2027	0.328	0.328	0.49	0.49
4547	5290	0.328	0.328	0.20	0.20
404	1671	0.328	0.328	0.41	0.41
4980	5209	0.328	0.328	0.51	0.51
1778	5351	0.328	0.328	0.41	0.41
1326	2100	0.328	0.328	0.68	0.68
3796	3883	0.328	0.328	0.45	0.45
4262	5251	0.328	0.328	0.39	0.39
2207	2271	0.328	0.328	0.63	0.63
911	2915	0.328	0.328	0.78	0.78
2773	5347	0.328	0.328	0.59	0.59
2211	4803	0.327	0.327	0.33	0.33
2173	5432	0.327	0.327	0.54	0.54
499	2988	0.327	0.327	0.67	0.67
94	5007	0.327	0.327	0.61	0.61
2110	4622	0.327	0.327	0.46	0.46
3481	5172	0.327	0.327	0.65	0.65
1864	5301	0.327	0.327	0.52	0.52
1958	5489	0.327	0.327	0.45	0.45
3999	4970	0.327	0.327	0.48	0.48
2453	5586	0.327	0.327	0.49	0.49
5415	5429	0.327	0.327	0.43	0.43
1143	4452	0.327	0.327	0.74	0.74
469	1902	0.326	0.326	0.32	0.32
871	2689	0.326	0.326	0.63	0.63
578	5434	0.326	0.326	0.38	0.38
3367	3935	0.326	0.326	0.50	0.50
1371	5430	0.326	0.326	0.56	0.56
501	3705	0.326	0.326	0.70	0.70
2137	4816	0.326	0.326	0.35	0.35
1421	4942	0.326	0.326	0.27	0.27
2039	4809	0.326	0.326	0.56	0.56
2639	5272	0.326	0.326	0.49	0.49
179	730	0.326	0.326	0.69	0.69
3456	3560	0.326	0.326	0.37	0.37
658	5461	0.326	0.326	0.50	0.50
3066	3127	0.325	0.325	0.59	0.59
2575	4757	0.325	0.325	0.76	0.76
2139	5373	0.325	0.325	0.69	0.69
419	4140	0.325	0.325	0.62	0.62
502	4580	0.325	0.325	0.38	0.38
1740	3391	0.325	0.325	0.58	0.58
1625	3720	0.325	0.325	0.51	0.51
3	679	0.325	0.325	0.37	0.37
236	3924	0.325	0.325	0.58	0.58
730	2589	0.324	0.324	0.64	0.64
2225	5392	0.324	0.324	0.54	0.54
1853	2339	0.324	0.324	0.34	0.34
1009	5026	0.324	0.324	0.38	0.38
5347	5587	0.324	0.324	0.55	0.55
5251	5446	0.324	0.324	0.29	0.29
4178	5620	0.324	0.324	0.64	0.64
13	172	0.324	0.324	0.47	0.47
4330	5366	0.324	0.324	0.42	0.42
1778	3886	0.324	0.324	0.41	0.41
1107	1795	0.324	0.324	0.45	0.45
500	1826	0.324	0.324	0.44	0.44
2635	2912	0.324	0.324	0.43	0.43
2479	5162	0.324	0.324	0.62	0.62
928	4117	0.324	0.324	0.65	0.65
2822	4170	0.324	0.324	0.35	0.35
89	5373	0.324	0.324	0.55	0.55
1560	4899	0.324	0.324	0.59	0.59
1009	5534	0.324	0.324	0.28	0.28
1067	4881	0.323	0.323	0.47	0.47
139	3446	0.323	0.323	0.39	0.39
3	134	0.323	0.323	0.68	0.68
125	4537	0.323	0.323	0.49	0.49
36	235	0.323	0.323	0.51	0.51
4783	4940	0.323	0.323	0.56	0.56
3735	3940	0.322	0.322	0.25	0.25
2972	5570	0.322	0.322	0.48	0.48
1977	5098	0.322	0.322	0.52	0.52
4104	5032	0.322	0.322	0.40	0.40
2912	5553	0.322	0.322	0.53	0.53
722	4558	0.322	0.322	0.66	0.66
491	5368	0.322	0.322	0.37	0.37
213	1011	0.322	0.322	0.63	0.63
1963	3979	0.322	0.322	0.51	0.51
930	4945	0.322	0.322	0.44	0.44
279	492	0.322	0.322	0.67	0.67
78	4330	0.322	0.322	0.46	0.46
4762	5474	0.322	0.322	0.48	0.48
2063	5446	0.322	0.322	0.39	0.39
3108	5397	0.322	0.322	0.59	0.59
2972	3979	0.322	0.322	0.38	0.38
1874	2399	0.322	0.322	0.62	0.62
535	5068	0.322	0.322	0.53	0.53
448	3127	0.322	0.322	0.56	0.56
3935	4452	0.322	0.322	0.46	0.46
1390	4401	0.322	0.322	0.57	0.57
3704	4808	0.322	0.322	0.44	0.44
2343	4772	0.322	0.322	0.48	0.48
4277	4804	0.321	0.321	0.62	0.62
2654	3489	0.321	0.321	0.39	0.39
3697	4584	0.321	0.321	0.35	0.35
2589	4584	0.321	0.321	0.25	0.25
817	1039	0.321	0.321	0.43	0.43
659	2384	0.321	0.321	0.52	0.52
2588	4970	0.321	0.321	0.48	0.48
1268	3854	0.321	0.321	0.65	0.65
234	4229	0.321	0.321	0.68	0.68
3458	5406	0.321	0.321	0.43	0.43
3678	4175	0.321	0.321	0.58	0.58
6	1598	0.321	0.321	0.35	0.35
1873	2765	0.321	0.321	0.40	0.40
1596	5625	0.321	0.321	0.72	0.72
3467	4018	0.321	0.321	0.53	0.53
2852	3923	0.321	0.321	0.50	0.50
1674	4966	0.321	0.321	0.50	0.50
713	5446	0.320	0.320	0.59	0.59
5325	5446	0.320	0.320	0.56	0.56
2524	4310	0.320	0.320	0.36	0.36
1347	4046	0.320	0.320	0.42	0.42
3242	5628	0.320	0.320	0.50	0.50
3068	4351	0.320	0.320	0.55	0.55
1106	3399	0.320	0.320	0.48	0.48
979	4680	0.320	0.320	0.39	0.39
691	4143	0.320	0.320	0.58	0.58
658	2125	0.320	0.320	0.49	0.49
80	4022	0.320	0.320	0.56	0.56
3542	5572	0.320	0.320	0.41	0.41
3031	4378	0.320	0.320	0.55	0.55
2063	4178	0.320	0.320	0.24	0.24
2558	3528	0.319	0.319	0.72	0.72
917	1297	0.319	0.319	0.45	0.45
841	3102	0.319	0.319	0.60	0.60
264	1642	0.319	0.319	0.58	0.58
148	1149	0.319	0.319	0.38	0.38
2184	2678	0.319	0.319	0.50	0.50
1350	4899	0.319	0.319	0.56	0.56
2626	5604	0.319	0.319	0.56	0.56
1307	4678	0.319	0.319	0.49	0.49
5028	5318	0.319	0.319	0.64	0.64
160	2167	0.319	0.319	0.31	0.31
2972	5211	0.319	0.319	0.40	0.40
16	5373	0.319	0.319	0.56	0.56
4355	4703	0.319	0.319	0.61	0.61
2052	4669	0.319	0.319	0.65	0.65
775	1255	0.319	0.319	0.39	0.39
477	4669	0.319	0.319	0.73	0.73
70	2997	0.319	0.319	0.27	0.27
3382	5469	0.319	0.319	0.59	0.59
492	2946	0.319	0.319	0.38	0.38
1612	4809	0.318	0.318	0.68	0.68
3132	4579	0.318	0.318	0.54	0.54
1585	4352	0.318	0.318	0.46	0.46
1265	3132	0.318	0.318	0.80	0.80
3156	3467	0.318	0.318	0.55	0.55
2647	2858	0.318	0.318	0.62	0.62
1854	5339	0.318	0.318	0.46	0.46
1052	4170	0.318	0.318	0.60	0.60
652	2291	0.318	0.318	0.52	0.52
578	1896	0.318	0.318	0.44	0.44
3408	4036	0.318	0.318	0.61	0.61
713	4800	0.318	0.318	0.63	0.63
708	1143	0.318	0.318	0.77	0.77
713	2639	0.318	0.318	0.37	0.37
637	713	0.318	0.318	0.59	0.59
4562	5380	0.318	0.318	0.65	0.65
340	805	0.318	0.318	0.48	0.48
79	143	0.318	0.318	0.42	0.42
3446	3965	0.317	0.317	0.49	0.49
1164	5172	0.317	0.317	0.58	0.58
2372	2378	0.317	0.317	0.24	0.24
4379	5477	0.317	0.317	0.44	0.44
2587	3962	0.317	0.317	0.51	0.51
3242	4529	0.317	0.317	0.47	0.47
535	1874	0.317	0.317	0.61	0.61
2399	4968	0.317	0.317	0.56	0.56
2046	4143	0.317	0.317	0.52	0.52
609	1345	0.317	0.317	0.61	0.61
392	4389	0.317	0.317	0.66	0.66
3704	4602	0.317	0.317	0.33	0.33
1532	2478	0.317	0.317	0.49	0.49
2845	5351	0.317	0.317	0.51	0.51
2457	2943	0.317	0.317	0.52	0.52
1371	2784	0.317	0.317	0.59	0.59
200	3230	0.317	0.317	0.57	0.57
3657	3782	0.317	0.317	0.35	0.35
2370	3284	0.316	0.316	0.21	0.21
2667	4022	0.316	0.316	0.32	0.32
321	2017	0.316	0.316	0.49	0.49
3446	3602	0.316	0.316	0.78	0.78
2283	2394	0.316	0.316	0.30	0.30
2575	3479	0.316	0.316	0.51	0.51
2567	4124	0.316	0.316	0.35	0.35
1123	3705	0.316	0.316	0.68	0.68
5502	5617	0.316	0.316	0.44	0.44
4456	5616	0.316	0.316	0.68	0.68
708	5290	0.316	0.316	0.66	0.66
695	5602	0.316	0.316	0.55	0.55
4615	5141	0.316	0.316	0.47	0.47
2856	3999	0.316	0.316	0.53	0.53
1414	5513	0.316	0.316	0.33	0.33
1330	3157	0.316	0.316	0.49	0.49
2218	5131	0.315	0.315	0.51	0.51
1211	3981	0.315	0.315	0.53	0.53
5026	5514	0.315	0.315	0.51	0.51
5057	5123	0.315	0.315	0.35	0.35
1113	5054	0.315	0.315	0.57	0.57
948	4556	0.315	0.315	0.45	0.45
754	2585	0.315	0.315	0.52	0.52
3935	3963	0.315	0.315	0.41	0.41
3592	5549	0.315	0.315	0.67	0.67
1732	5251	0.315	0.315	0.53	0.53
1314	1554	0.314	0.314	0.64	0.64
1740	2576	0.314	0.314	0.50	0.50
1302	3088	0.314	0.314	0.32	0.32
781	4408	0.314	0.314	0.23	0.23
231	2826	0.314	0.314	0.33	0.33
134	5572	0.314	0.314	0.41	0.41
2916	3016	0.314	0.314	0.53	0.53
1081	4940	0.314	0.314	0.50	0.50
562	2199	0.314	0.314	0.31	0.31
3523	4945	0.314	0.314	0.30	0.30
66	4824	0.314	0.314	0.39	0.39
2826	3060	0.314	0.314	0.50	0.50
2504	4437	0.314	0.314	0.37	0.37
2211	3104	0.314	0.314	0.33	0.33
1409	2868	0.314	0.314	0.30	0.30
1777	3199	0.314	0.314	0.43	0.43
3299	4061	0.314	0.314	0.55	0.55
1648	4234	0.314	0.314	0.47	0.47
1240	3854	0.314	0.314	0.53	0.53
195	312	0.314	0.314	0.74	0.74
73	4556	0.313	0.313	0.57	0.57
1142	4401	0.313	0.313	0.49	0.49
4037	4771	0.313	0.313	0.38	0.38
1421	2718	0.313	0.313	0.42	0.42
4249	4808	0.313	0.313	0.47	0.47
2797	3638	0.313	0.313	0.49	0.49
2188	4940	0.313	0.313	0.60	0.60
505	4386	0.313	0.313	0.38	0.38
269	862	0.313	0.313	0.60	0.60
1109	4046	0.313	0.313	0.48	0.48
797	2015	0.313	0.313	0.32	0.32
179	2149	0.313	0.313	0.67	0.67
1574	3205	0.313	0.313	0.39	0.39
1337	3935	0.313	0.313	0.48	0.48
1069	3965	0.313	0.313	0.70	0.70
793	1893	0.313	0.313	0.65	0.65
1977	4329	0.313	0.313	0.57	0.57
2561	5209	0.312	0.312	0.54	0.54
1190	2193	0.312	0.312	0.71	0.71
449	1507	0.312	0.312	0.69	0.69
1063	5094	0.312	0.312	0.59	0.59
120	5309	0.312	0.312	0.53	0.53
74	4673	0.312	0.312	0.72	0.72
785	3666	0.312	0.312	0.68	0.68
532	1777	0.312	0.312	0.48	0.48
231	1870	0.312	0.312	0.43	0.43
194	3678	0.312	0.312	0.45	0.45
13	2007	0.312	0.312	0.59	0.59
4558	4637	0.312	0.312	0.43	0.43
2063	3269	0.312	0.312	0.58	0.58
1143	4980	0.312	0.312	0.77	0.77
2732	4610	0.312	0.312	0.28	0.28
1976	2157	0.312	0.312	0.43	0.43
2637	5240	0.311	0.311	0.61	0.61
1134	3104	0.311	0.311	0.64	0.64
1075	3446	0.311	0.311	0.39	0.39
3470	5037	0.311	0.311	0.53	0.53
2826	2972	0.311	0.311	0.46	0.46
1153	3999	0.311	0.311	0.46	0.46
567	1517	0.311	0.311	0.36	0.36
218	2773	0.311	0.311	0.52	0.52
2777	3993	0.311	0.311	0.48	0.48
2243	4940	0.311	0.311	0.61	0.61
363	3051	0.311	0.311	0.60	0.60
782	1799	0.311	0.311	0.36	0.36
771	2826	0.311	0.311	0.55	0.55
318	5037	0.311	0.311	0.56	0.56
3161	3957	0.311	0.311	0.49	0.49
2329	2856	0.311	0.311	0.46	0.46
989	3481	0.311	0.311	0.36	0.36
1623	2038	0.311	0.311	0.27	0.27
3900	5514	0.311	0.311	0.59	0.59
2250	3867	0.311	0.311	0.40	0.40
2575	4537	0.310	0.310	0.66	0.66
2516	5469	0.310	0.310	0.61	0.61
3390	3448	0.310	0.310	0.39	0.39
283	2141	0.310	0.310	0.51	0.51
2968	3004	0.310	0.310	0.45	0.45
2810	4537	0.310	0.310	0.48	0.48
3332	5156	0.310	0.310	0.77	0.77
1151	2116	0.310	0.310	0.53	0.53
4808	5026	0.310	0.310	0.32	0.32
1874	5496	0.310	0.310	0.56	0.56
1671	3161	0.310	0.310	0.45	0.45
1401	4178	0.310	0.310	0.66	0.66
5152	5604	0.310	0.310	0.56	0.56
2765	3293	0.310	0.310	0.39	0.39
707	4049	0.309	0.309	0.47	0.47
785	3916	0.309	0.309	0.56	0.56
321	5388	0.309	0.309	0.55	0.55
2758	2937	0.309	0.309	0.51	0.51
1371	3108	0.309	0.309	0.52	0.52
1337	4119	0.309	0.309	0.37	0.37
256	2194	0.309	0.309	0.51	0.51
213	3132	0.309	0.309	0.77	0.77
2937	5019	0.309	0.309	0.52	0.52
3781	3796	0.309	0.309	0.55	0.55
2387	3402	0.309	0.309	0.54	0.54
277	1082	0.309	0.309	0.45	0.45
1642	3515	0.309	0.309	0.54	0.54
3883	5386	0.309	0.309	0.58	0.58
1694	2835	0.309	0.309	0.38	0.38
3224	4680	0.309	0.309	0.45	0.45
3085	4347	0.309	0.309	0.80	0.80
981	4980	0.309	0.309	0.73	0.73
2690	5373	0.308	0.308	0.55	0.55
1011	4653	0.308	0.308	0.61	0.61
218	4850	0.308	0.308	0.40	0.40
13	3152	0.308	0.308	0.66	0.66
2094	2152	0.308	0.308	0.41	0.41
3523	4878	0.308	0.308	0.56	0.56
1540	2211	0.308	0.308	0.54	0.54
1034	3380	0.308	0.308	0.62	0.62
2637	4953	0.308	0.308	0.66	0.66
1537	3058	0.308	0.308	0.52	0.52
660	1775	0.308	0.308	0.49	0.49
3784	4942	0.308	0.308	0.58	0.58
3238	3935	0.308	0.308	0.45	0.45
1796	1935	0.308	0.308	0.40	0.40
695	4170	0.308	0.308	0.61	0.61
2278	5430	0.308	0.308	0.52	0.52
3556	5244	0.307	0.307	0.66	0.66
318	365	0.307	0.307	0.42	0.42
66	4241	0.307	0.307	0.58	0.58
3068	4735	0.307	0.307	0.41	0.41
2329	3408	0.307	0.307	0.56	0.56
965	3705	0.307	0.307	0.50	0.50
337	2785	0.307	0.307	0.63	0.63
2094	3435	0.307	0.307	0.37	0.37
57	1191	0.307	0.307	0.45	0.45
559	4808	0.307	0.307	0.56	0.56
4745	5209	0.307	0.307	0.50	0.50
1963	4369	0.307	0.307	0.61	0.61
3036	3404	0.307	0.307	0.42	0.42
634	1433	0.307	0.307	0.57	0.57
469	5052	0.307	0.307	0.30	0.30
3399	4945	0.307	0.307	0.39	0.39
2329	3993	0.307	0.307	0.47	0.47
3759	4437	0.306	0.306	0.44	0.44
2016	4616	0.306	0.306	0.38	0.38
735	4374	0.306	0.306	0.57	0.57
13	134	0.306	0.306	0.48	0.48
2149	4791	0.306	0.306	0.70	0.70
5367	5586	0.306	0.306	0.46	0.46
4678	5307	0.306	0.306	0.52	0.52
1071	1704	0.306	0.306	0.61	0.61
89	928	0.306	0.306	0.50	0.50
1244	3769	0.306	0.306	0.54	0.54
321	3100	0.306	0.306	0.32	0.32
196	1651	0.306	0.306	0.64	0.64
3705	4534	0.306	0.306	0.60	0.60
708	4825	0.306	0.306	0.70	0.70
2977	3647	0.306	0.306	0.31	0.31
2116	3361	0.305	0.305	0.48	0.48
1991	4386	0.305	0.305	0.22	0.22
2169	4941	0.305	0.305	0.75	0.75
1902	4940	0.305	0.305	0.42	0.42
993	1012	0.305	0.305	0.56	0.56
3294	5506	0.305	0.305	0.58	0.58
2098	4637	0.305	0.305	0.48	0.48
139	3592	0.305	0.305	0.33	0.33
69	2479	0.305	0.305	0.61	0.61
3299	5141	0.305	0.305	0.61	0.61
351	785	0.305	0.305	0.47	0.47
2539	3467	0.305	0.305	0.40	0.40
2445	5157	0.305	0.305	0.40	0.40
983	3326	0.305	0.305	0.46	0.46
1265	4315	0.304	0.304	0.68	0.68
741	3021	0.304	0.304	0.55	0.55
2997	5141	0.304	0.304	0.46	0.46
1672	3269	0.304	0.304	0.65	0.65
242	1775	0.304	0.304	0.38	0.38
2448	4158	0.304	0.304	0.45	0.45
2094	4233	0.304	0.304	0.49	0.49
2009	5143	0.304	0.304	0.66	0.66
1501	2434	0.304	0.304	0.52	0.52
1113	5242	0.304	0.304	0.62	0.62
455	1073	0.304	0.304	0.45	0.45
2122	4703	0.304	0.304	0.52	0.52
1870	3926	0.304	0.304	0.34	0.34
3979	4359	0.304	0.304	0.55	0.55
3129	3899	0.304	0.304	0.68	0.68
1248	1333	0.304	0.304	0.69	0.69
929	3147	0.304	0.304	0.70	0.70
2459	5354	0.304	0.304	0.58	0.58
1752	5008	0.304	0.304	0.45	0.45
1545	2585	0.304	0.304	0.59	0.59
867	1901	0.304	0.304	0.69	0.69
1899	5389	0.304	0.304	0.76	0.76
1715	2912	0.304	0.304	0.62	0.62
1470	2875	0.304	0.304	0.26	0.26
242	1957	0.304	0.304	0.47	0.47
2430	2773	0.303	0.303	0.41	0.41
3001	5578	0.303	0.303	0.40	0.40
2794	3699	0.303	0.303	0.53	0.53
2430	3173	0.303	0.303	0.42	0.42
33	3002	0.303	0.303	0.37	0.37
6	3602	0.303	0.303	0.46	0.46
4579	5071	0.303	0.303	0.50	0.50
3479	3759	0.303	0.303	0.50	0.50
2777	4556	0.303	0.303	0.55	0.55
2198	3636	0.303	0.303	0.56	0.56
1606	2583	0.303	0.303	0.61	0.61
559	4822	0.303	0.303	0.60	0.60
488	3380	0.303	0.303	0.57	0.57
4355	4659	0.303	0.303	0.43	0.43
4249	4850	0.303	0.303	0.57	0.57
4079	4401	0.303	0.303	0.51	0.51
1553	4669	0.303	0.303	0.69	0.69
3346	5037	0.303	0.303	0.54	0.54
2250	4318	0.303	0.303	0.55	0.55
2908	5437	0.302	0.302	0.47	0.47
720	3151	0.302	0.302	0.36	0.36
363	5185	0.302	0.302	0.60	0.60
3822	5301	0.302	0.302	0.54	0.54
2977	4638	0.302	0.302	0.31	0.31
2728	3278	0.302	0.302	0.59	0.59
1917	4022	0.302	0.302	0.58	0.58
982	4915	0.302	0.302	0.32	0.32
322	3784	0.302	0.302	0.64	0.64
1669	2094	0.302	0.302	0.37	0.37
1379	2639	0.302	0.302	0.52	0.52
730	1204	0.302	0.302	0.73	0.73
3489	3539	0.302	0.302	0.68	0.68
2737	2826	0.302	0.302	0.23	0.23
4261	5325	0.302	0.302	0.53	0.53
2605	3861	0.302	0.302	0.61	0.61
1100	1297	0.302	0.302	0.48	0.48
1540	4401	0.302	0.302	0.68	0.68
862	5052	0.302	0.302	0.50	0.50
501	2042	0.302	0.302	0.61	0.61
3481	3940	0.301	0.301	0.59	0.59
3424	3489	0.301	0.301	0.71	0.71
4417	4562	0.301	0.301	0.46	0.46
1672	4771	0.301	0.301	0.56	0.56
509	3940	0.301	0.301	0.38	0.38
680	1207	0.301	0.301	0.57	0.57
359	1902	0.301	0.301	0.40	0.40
336	3471	0.301	0.301	0.65	0.65
678	5172	0.301	0.301	0.54	0.54
321	5429	0.301	0.301	0.32	0.32
2727	4046	0.301	0.301	0.42	0.42
4075	4772	0.301	0.301	0.48	0.48
2982	5397	0.301	0.301	0.22	0.22
2740	4804	0.301	0.301	0.37	0.37
1778	1796	0.301	0.301	0.44	0.44
172	3458	0.301	0.301	0.52	0.52
16	508	0.301	0.301	0.65	0.65
2063	2972	0.301	0.301	0.42	0.42
1347	1540	0.301	0.301	0.61	0.61
989	3121	0.301	0.301	0.31	0.31
1096	3666	0.301	0.301	0.54	0.54
771	3104	0.301	0.301	0.53	0.53
718	5290	0.300	0.300	0.45	0.45
508	2265	0.300	0.300	0.65	0.65
3892	4289	0.300	0.300	0.70	0.70
2385	4940	0.300	0.300	0.38	0.38
321	4373	0.300	0.300	0.71	0.71
3489	5079	0.300	0.300	0.68	0.68
2581	3312	0.300	0.300	0.74	0.74
1556	3996	0.300	0.300	0.47	0.47
435	4661	0.300	0.300	0.62	0.62
2173	2195	0.300	0.300	0.71	0.71
1517	2826	0.300	0.300	0.42	0.42
4482	4827	0.300	0.300	0.33	0.33
1069	5480	0.300	0.300	0.64	0.64
758	2161	0.300	0.300	0.34	0.34
5225	5348	0.300	0.300	0.26	0.26
3628	4945	0.300	0.300	0.30	0.30
77	104	0.300	0.300	0.37	0.37
754	3984	0.300	0.300	0.37	0.37
3088	5431	0.299	0.299	0.65	0.65
969	1698	0.299	0.299	0.36	0.36
785	2291	0.299	0.299	0.51	0.51
117	2977	0.299	0.299	0.39	0.39
3137	3777	0.299	0.299	0.58	0.58
2063	5556	0.299	0.299	0.56	0.56
2372	4366	0.299	0.299	0.32	0.32
4164	4940	0.299	0.299	0.57	0.57
532	3869	0.299	0.299	0.44	0.44
640	5599	0.299	0.299	0.64	0.64
1069	4768	0.299	0.299	0.73	0.73
974	5184	0.299	0.299	0.63	0.63
560	879	0.299	0.299	0.66	0.66
3068	4270	0.298	0.298	0.60	0.60
93	3833	0.298	0.298	0.66	0.66
407	3862	0.298	0.298	0.51	0.51
389	2583	0.298	0.298	0.62	0.62
81	269	0.298	0.298	0.51	0.51
948	3975	0.298	0.298	0.49	0.49
858	4553	0.298	0.298	0.36	0.36
502	4401	0.298	0.298	0.57	0.57
4046	5272	0.298	0.298	0.49	0.49
257	3816	0.298	0.298	0.41	0.41
35	407	0.298	0.298	0.53	0.53
5309	5599	0.298	0.298	0.64	0.64
1854	4307	0.298	0.298	0.44	0.44
2580	4452	0.298	0.298	0.19	0.19
144	3988	0.298	0.298	0.64	0.64
3196	4574	0.298	0.298	0.70	0.70
2594	4945	0.298	0.298	0.55	0.55
1371	5347	0.298	0.298	0.44	0.44
819	3205	0.298	0.298	0.36	0.36
658	1345	0.298	0.298	0.48	0.48
2613	3985	0.297	0.297	0.42	0.42
173	5402	0.297	0.297	0.49	0.49
652	5397	0.297	0.297	0.24	0.24
1576	4341	0.297	0.297	0.52	0.52
234	1854	0.297	0.297	0.51	0.51
2193	5408	0.297	0.297	0.49	0.49
235	4592	0.297	0.297	0.53	0.53
91	3640	0.297	0.297	0.37	0.37
4316	5251	0.297	0.297	0.60	0.60
2125	2912	0.296	0.296	0.52	0.52
5430	5556	0.296	0.296	0.65	0.65
5171	5206	0.296	0.296	0.49	0.49
3532	3651	0.296	0.296	0.47	0.47
1255	4068	0.296	0.296	0.42	0.42
70	5586	0.296	0.296	0.51	0.51
66	5489	0.296	0.296	0.38	0.38
1235	2719	0.296	0.296	0.32	0.32
2863	3036	0.296	0.296	0.48	0.48
2384	2810	0.296	0.296	0.51	0.51
1930	3838	0.296	0.296	0.56	0.56
2211	4808	0.296	0.296	0.34	0.34
1724	2015	0.296	0.296	0.38	0.38
427	4758	0.296	0.296	0.53	0.53
153	472	0.296	0.296	0.52	0.52
3514	5635	0.296	0.296	0.37	0.37
2741	5429	0.296	0.296	0.28	0.28
305	4170	0.296	0.296	0.31	0.31
4030	4345	0.296	0.296	0.48	0.48
1672	3628	0.296	0.296	0.54	0.54
713	4386	0.296	0.296	0.65	0.65
615	3945	0.296	0.296	0.46	0.46
68	2445	0.296	0.296	0.60	0.60
2719	4638	0.295	0.295	0.29	0.29
2152	2446	0.295	0.295	0.49	0.49
2019	5054	0.295	0.295	0.50	0.50
415	3031	0.295	0.295	0.62	0.62
2400	5179	0.295	0.295	0.35	0.35
2387	2585	0.295	0.295	0.51	0.51
1774	2741	0.295	0.295	0.31	0.31
623	2254	0.295	0.295	0.47	0.47
4452	5509	0.295	0.295	0.24	0.24
4178	4215	0.295	0.295	0.59	0.59
1875	3099	0.295	0.295	0.44	0.44
1517	3060	0.295	0.295	0.41	0.41
929	4379	0.295	0.295	0.44	0.44
3570	5599	0.295	0.295	0.57	0.57
1885	5576	0.295	0.295	0.57	0.57
1636	4872	0.295	0.295	0.42	0.42
14	1885	0.295	0.295	0.79	0.79
3869	3960	0.295	0.295	0.25	0.25
2588	4587	0.295	0.295	0.32	0.32
608	1784	0.295	0.295	0.42	0.42
2689	5016	0.295	0.295	0.50	0.50
1034	4399	0.295	0.295	0.37	0.37
80	2559	0.295	0.295	0.56	0.56
4873	5282	0.294	0.294	0.60	0.60
1496	5205	0.294	0.294	0.56	0.56
3441	4534	0.294	0.294	0.32	0.32
66	969	0.294	0.294	0.36	0.36
525	3924	0.294	0.294	0.65	0.65
663	4170	0.294	0.294	0.44	0.44
469	663	0.294	0.294	0.28	0.28
860	2016	0.294	0.294	0.32	0.32
492	2605	0.294	0.294	0.24	0.24
4679	4980	0.294	0.294	0.52	0.52
4022	4341	0.294	0.294	0.52	0.52
3601	5587	0.294	0.294	0.63	0.63
1123	1142	0.294	0.294	0.51	0.51
1097	3891	0.294	0.294	0.50	0.50
4175	5232	0.294	0.294	0.76	0.76
4768	5303	0.294	0.294	0.45	0.45
4316	5351	0.294	0.294	0.46	0.46
4471	4893	0.294	0.294	0.38	0.38
693	4638	0.293	0.293	0.50	0.50
4537	5599	0.293	0.293	0.61	0.61
215	537	0.293	0.293	0.65	0.65
101	1993	0.293	0.293	0.48	0.48
3205	5398	0.293	0.293	0.46	0.46
2442	2448	0.293	0.293	0.52	0.52
2432	2700	0.293	0.293	0.45	0.45
2906	3156	0.293	0.293	0.50	0.50
1554	1596	0.293	0.293	0.59	0.59
2153	3238	0.293	0.293	0.46	0.46
3206	3560	0.293	0.293	0.77	0.77
1013	1827	0.293	0.293	0.30	0.30
3223	4307	0.293	0.293	0.55	0.55
2016	5310	0.293	0.293	0.58	0.58
1903	2637	0.293	0.293	0.62	0.62
3892	4710	0.293	0.293	0.66	0.66
1833	3157	0.293	0.293	0.53	0.53
3050	3078	0.292	0.292	0.62	0.62
2734	4261	0.292	0.292	0.37	0.37
475	2557	0.292	0.292	0.41	0.41
4970	5599	0.292	0.292	0.51	0.51
1265	4817	0.292	0.292	0.77	0.77
3638	5549	0.292	0.292	0.51	0.51
3361	5434	0.292	0.292	0.51	0.51
1259	4082	0.292	0.292	0.64	0.64
3806	4432	0.292	0.292	0.63	0.63
3782	5625	0.292	0.292	0.66	0.66
2588	3793	0.292	0.292	0.52	0.52
1963	5325	0.292	0.292	0.67	0.67
1656	2507	0.292	0.292	0.68	0.68
771	1042	0.292	0.292	0.49	0.49
3391	3965	0.292	0.292	0.76	0.76
3361	4758	0.292	0.292	0.65	0.65
1743	4622	0.292	0.292	0.19	0.19
228	3604	0.292	0.292	0.44	0.44
5059	5242	0.292	0.292	0.49	0.49
2101	4073	0.292	0.292	0.48	0.48
2007	2271	0.292	0.292	0.57	0.57
702	1763	0.292	0.292	0.54	0.54
70	3866	0.292	0.292	0.62	0.62
1096	5309	0.291	0.291	0.42	0.42
979	1917	0.291	0.291	0.52	0.52
3728	4793	0.291	0.291	0.71	0.71
3978	5549	0.291	0.291	0.40	0.40
1908	2918	0.291	0.291	0.63	0.63
1078	1945	0.291	0.291	0.34	0.34
695	2127	0.291	0.291	0.56	0.56
3180	4471	0.291	0.291	0.39	0.39
2459	2972	0.291	0.291	0.40	0.40
2207	4125	0.291	0.291	0.31	0.31
429	476	0.291	0.291	0.30	0.30
2720	5247	0.291	0.291	0.54	0.54
4556	4707	0.291	0.291	0.50	0.50
910	1333	0.291	0.291	0.53	0.53
321	486	0.291	0.291	0.40	0.40
660	5549	0.291	0.291	0.71	0.71
3784	5586	0.290	0.290	0.49	0.49
5124	5505	0.290	0.290	0.52	0.52
1826	5625	0.290	0.290	0.51	0.51
211	4553	0.290	0.290	0.27	0.27
3704	3721	0.290	0.290	0.24	0.24
2972	5556	0.290	0.290	0.47	0.47
2647	2690	0.290	0.290	0.41	0.41
2068	4758	0.290	0.290	0.57	0.57
905	4510	0.290	0.290	0.43	0.43
1977	3346	0.290	0.290	0.51	0.51
124	2772	0.290	0.290	0.77	0.77
106	4809	0.290	0.290	0.42	0.42
2356	2943	0.290	0.290	0.48	0.48
361	4401	0.290	0.290	0.45	0.45
235	3293	0.290	0.290	0.47	0.47
3796	4698	0.289	0.289	0.60	0.60
3733	3808	0.289	0.289	0.42	0.42
1576	2291	0.289	0.289	0.51	0.51
242	3408	0.289	0.289	0.35	0.35
1599	4881	0.289	0.289	0.43	0.43
3248	3940	0.289	0.289	0.61	0.61
2820	4538	0.289	0.289	0.62	0.62
1541	2372	0.289	0.289	0.48	0.48
1345	4378	0.289	0.289	0.57	0.57
1411	3277	0.289	0.289	0.63	0.63
544	2667	0.289	0.289	0.57	0.57
531	5016	0.289	0.289	0.61	0.61
161	4818	0.289	0.289	0.58	0.58
1372	4781	0.289	0.289	0.56	0.56
351	4061	0.289	0.289	0.59	0.59
3298	4088	0.289	0.289	0.38	0.38
2343	3929	0.289	0.289	0.53	0.53
68	5631	0.289	0.289	0.36	0.36
2199	4808	0.289	0.289	0.31	0.31
3108	3816	0.289	0.289	0.55	0.55
2445	4251	0.289	0.289	0.65	0.65
5347	5397	0.289	0.289	0.31	0.31
3676	5373	0.289	0.289	0.46	0.46
1541	3386	0.289	0.289	0.56	0.56
4587	4850	0.288	0.288	0.26	0.26
2463	5398	0.288	0.288	0.54	0.54
713	2765	0.288	0.288	0.51	0.51
1980	4868	0.288	0.288	0.28	0.28
19	1158	0.288	0.288	0.47	0.47
3808	5007	0.288	0.288	0.44	0.44
2635	3816	0.288	0.288	0.47	0.47
2818	5083	0.288	0.288	0.43	0.43
2585	2643	0.288	0.288	0.38	0.38
1854	4809	0.288	0.288	0.49	0.49
1555	2413	0.288	0.288	0.67	0.67
753	1009	0.288	0.288	0.41	0.41
1696	3299	0.288	0.288	0.51	0.51
2854	3471	0.288	0.288	0.41	0.41
1862	3808	0.288	0.288	0.54	0.54
483	2461	0.288	0.288	0.64	0.64
1842	3173	0.288	0.288	0.57	0.57
512	1265	0.288	0.288	0.77	0.77
486	3714	0.288	0.288	0.39	0.39
1096	2784	0.288	0.288	0.37	0.37
322	4554	0.288	0.288	0.62	0.62
2211	3293	0.287	0.287	0.56	0.56
1965	3727	0.287	0.287	0.54	0.54
235	2211	0.287	0.287	0.40	0.40
61	4145	0.287	0.287	0.58	0.58
78	3313	0.287	0.287	0.51	0.51
1706	3636	0.287	0.287	0.56	0.56
1354	4957	0.287	0.287	0.39	0.39
1834	2585	0.287	0.287	0.37	0.37
236	305	0.287	0.287	0.28	0.28
103	2585	0.287	0.287	0.61	0.61
586	1752	0.287	0.287	0.35	0.35
567	3180	0.286	0.286	0.31	0.31
3380	4365	0.286	0.286	0.58	0.58
1807	4389	0.286	0.286	0.49	0.49
1545	5240	0.286	0.286	0.69	0.69
2063	3720	0.286	0.286	0.54	0.54
4452	5607	0.286	0.286	0.38	0.38
1528	3819	0.286	0.286	0.66	0.66
321	832	0.286	0.286	0.60	0.60
4242	5586	0.286	0.286	0.51	0.51
1576	1577	0.286	0.286	0.52	0.52
1899	4233	0.286	0.286	0.56	0.56
283	3269	0.286	0.286	0.68	0.68
4222	5282	0.286	0.286	0.39	0.39
3293	4925	0.286	0.286	0.54	0.54
2211	5446	0.286	0.286	0.44	0.44
3031	4893	0.286	0.286	0.26	0.26
213	4579	0.286	0.286	0.53	0.53
173	1553	0.285	0.285	0.27	0.27
2156	3978	0.285	0.285	0.53	0.53
626	2916	0.285	0.285	0.52	0.52
969	5599	0.285	0.285	0.51	0.51
670	2271	0.285	0.285	0.56	0.56
3354	3479	0.285	0.285	0.52	0.52
2826	4019	0.285	0.285	0.23	0.23
1246	1816	0.285	0.285	0.64	0.64
461	2206	0.285	0.285	0.69	0.69
1069	5301	0.285	0.285	0.45	0.45
256	2013	0.285	0.285	0.52	0.52
5124	5599	0.285	0.285	0.43	0.43
1616	3867	0.285	0.285	0.62	0.62
1072	2197	0.285	0.285	0.36	0.36
3	122	0.285	0.285	0.69	0.69
3762	4002	0.285	0.285	0.52	0.52
2457	3160	0.285	0.285	0.32	0.32
512	5573	0.285	0.285	0.40	0.40
1796	2459	0.285	0.285	0.26	0.26
319	3199	0.284	0.284	0.41	0.41
4676	4915	0.284	0.284	0.34	0.34
66	2972	0.284	0.284	0.43	0.43
1361	2473	0.284	0.284	0.58	0.58
1796	5545	0.284	0.284	0.46	0.46
3666	4758	0.284	0.284	0.61	0.61
2765	3978	0.284	0.284	0.36	0.36
1403	4529	0.284	0.284	0.59	0.59
1358	3224	0.284	0.284	0.38	0.38
12	1735	0.284	0.284	0.62	0.62
4398	4783	0.284	0.284	0.55	0.55
2253	2845	0.284	0.284	0.69	0.69
565	3993	0.284	0.284	0.48	0.48
2972	5184	0.284	0.284	0.51	0.51
392	4289	0.284	0.284	0.58	0.58
4617	5172	0.284	0.284	0.55	0.55
2602	5373	0.284	0.284	0.44	0.44
3783	4638	0.284	0.284	0.46	0.46
637	2773	0.284	0.284	0.36	0.36
2773	4556	0.283	0.283	0.46	0.46
2687	4803	0.283	0.283	0.24	0.24
1775	1781	0.283	0.283	0.36	0.36
3783	5112	0.283	0.283	0.36	0.36
2972	3263	0.283	0.283	0.29	0.29
947	3577	0.283	0.283	0.64	0.64
2687	5556	0.283	0.283	0.46	0.46
890	2434	0.283	0.283	0.17	0.17
3216	4307	0.283	0.283	0.57	0.57
134	3850	0.283	0.283	0.63	0.63
2751	4740	0.283	0.283	0.58	0.58
2284	2751	0.283	0.283	0.51	0.51
1541	2967	0.283	0.283	0.54	0.54
1506	4355	0.283	0.283	0.53	0.53
36	1963	0.283	0.283	0.59	0.59
65	3602	0.283	0.283	0.38	0.38
2622	3503	0.282	0.282	0.36	0.36
1084	1954	0.282	0.282	0.55	0.55
2904	4408	0.282	0.282	0.39	0.39
2271	2675	0.282	0.282	0.49	0.49
948	4878	0.282	0.282	0.56	0.56
2345	2442	0.282	0.282	0.41	0.41
2161	4776	0.282	0.282	0.35	0.35
3382	4310	0.282	0.282	0.51	0.51
1930	5405	0.282	0.282	0.51	0.51
1545	4953	0.282	0.282	0.66	0.66
693	3488	0.282	0.282	0.53	0.53
269	5535	0.282	0.282	0.58	0.58
4684	5373	0.282	0.282	0.45	0.45
3317	5363	0.282	0.282	0.51	0.51
2430	4771	0.282	0.282	0.36	0.36
1723	3380	0.282	0.282	0.69	0.69
2199	3864	0.281	0.281	0.44	0.44
1011	5380	0.281	0.281	0.38	0.38
2773	4304	0.281	0.281	0.43	0.43
1285	4175	0.281	0.281	0.67	0.67
1075	4046	0.281	0.281	0.44	0.44
526	587	0.281	0.281	0.37	0.37
2009	3892	0.281	0.281	0.76	0.76
1900	3479	0.281	0.281	0.49	0.49
3157	3692	0.281	0.281	0.59	0.59
535	1307	0.281	0.281	0.44	0.44
4530	5314	0.281	0.281	0.62	0.62
618	4452	0.281	0.281	0.36	0.36
66	94	0.281	0.281	0.45	0.45
1960	5201	0.281	0.281	0.46	0.46
817	5380	0.281	0.281	0.38	0.38
1541	3784	0.281	0.281	0.53	0.53
1113	4289	0.281	0.281	0.60	0.60
410	3051	0.281	0.281	0.25	0.25
2142	3742	0.281	0.281	0.36	0.36
1540	1935	0.281	0.281	0.40	0.40
283	2612	0.281	0.281	0.52	0.52
993	1618	0.280	0.280	0.40	0.40
429	1827	0.280	0.280	0.29	0.29
2432	3077	0.280	0.280	0.39	0.39
1796	5309	0.280	0.280	0.50	0.50
1725	2202	0.280	0.280	0.70	0.70
1097	5556	0.280	0.280	0.61	0.61
969	2016	0.280	0.280	0.49	0.49
1157	5489	0.280	0.280	0.59	0.59
3346	3759	0.280	0.280	0.52	0.52
635	1039	0.280	0.280	0.22	0.22
1470	1555	0.280	0.280	0.63	0.63
870	5625	0.280	0.280	0.48	0.48
501	4941	0.280	0.280	0.65	0.65
1540	5026	0.280	0.280	0.64	0.64
2482	3960	0.280	0.280	0.56	0.56
1473	2799	0.280	0.280	0.51	0.51
125	5309	0.280	0.280	0.49	0.49
1321	4019	0.280	0.280	0.46	0.46
2674	4762	0.280	0.280	0.48	0.48
1554	5617	0.280	0.280	0.53	0.53
4170	5052	0.280	0.280	0.45	0.45
1213	4856	0.280	0.280	0.42	0.42
1164	1310	0.280	0.280	0.29	0.29
200	298	0.280	0.280	0.54	0.54
3	5352	0.280	0.280	0.44	0.44
586	670	0.279	0.279	0.63	0.63
445	5241	0.279	0.279	0.38	0.38
525	4173	0.279	0.279	0.21	0.21
3782	4448	0.279	0.279	0.20	0.20
219	3728	0.279	0.279	0.69	0.69
5057	5431	0.279	0.279	0.44	0.44
3269	4771	0.279	0.279	0.65	0.65
2178	4772	0.279	0.279	0.59	0.59
1796	3206	0.279	0.279	0.48	0.48
1196	3293	0.279	0.279	0.54	0.54
1106	3408	0.279	0.279	0.58	0.58
3263	4310	0.279	0.279	0.35	0.35
1265	4659	0.279	0.279	0.66	0.66
785	5137	0.279	0.279	0.57	0.57
3634	3795	0.279	0.279	0.47	0.47
3199	5302	0.279	0.279	0.39	0.39
4401	5209	0.279	0.279	0.48	0.48
652	3408	0.279	0.279	0.67	0.67
4667	5172	0.279	0.279	0.68	0.68
2531	5118	0.279	0.279	0.56	0.56
2237	2442	0.279	0.279	0.57	0.57
3601	4158	0.278	0.278	0.41	0.41
2446	4880	0.278	0.278	0.44	0.44
173	2575	0.278	0.278	0.41	0.41
2946	5263	0.278	0.278	0.40	0.40
2046	2427	0.278	0.278	0.41	0.41
501	5432	0.278	0.278	0.45	0.45
2703	2751	0.278	0.278	0.48	0.48
2679	4452	0.278	0.278	0.50	0.50
1052	2675	0.278	0.278	0.52	0.52
3514	3999	0.278	0.278	0.21	0.21
3321	4808	0.278	0.278	0.31	0.31
3705	4809	0.278	0.278	0.45	0.45
400	5193	0.278	0.278	0.41	0.41
1265	1417	0.278	0.278	0.61	0.61
371	2218	0.278	0.278	0.23	0.23
3475	4448	0.277	0.277	0.23	0.23
1612	2259	0.277	0.277	0.60	0.60
713	3999	0.277	0.277	0.49	0.49
2784	3899	0.277	0.277	0.73	0.73
4373	5432	0.277	0.277	0.59	0.59
4327	5622	0.277	0.277	0.47	0.47
2626	5152	0.277	0.277	0.49	0.49
660	5576	0.277	0.277	0.66	0.66
3993	5570	0.277	0.277	0.36	0.36
2027	3445	0.277	0.277	0.59	0.59
660	3886	0.277	0.277	0.56	0.56
359	5052	0.277	0.277	0.36	0.36
128	429	0.277	0.277	0.48	0.48
5016	5604	0.277	0.277	0.50	0.50
2178	4758	0.277	0.277	0.63	0.63
68	4976	0.277	0.277	0.56	0.56
3129	5347	0.276	0.276	0.63	0.63
71	2780	0.276	0.276	0.43	0.43
1781	3813	0.276	0.276	0.60	0.60
4262	5545	0.276	0.276	0.38	0.38
1353	2522	0.276	0.276	0.26	0.26
2951	5571	0.276	0.276	0.48	0.48
2584	3441	0.276	0.276	0.34	0.34
2343	2705	0.276	0.276	0.36	0.36
2241	3816	0.276	0.276	0.47	0.47
1244	3312	0.276	0.276	0.62	0.62
87	5325	0.276	0.276	0.51	0.51
828	3351	0.276	0.276	0.56	0.56
1752	2559	0.276	0.276	0.51	0.51
512	5339	0.276	0.276	0.18	0.18
148	2282	0.276	0.276	0.46	0.46
5159	5172	0.275	0.275	0.48	0.48
2807	5245	0.275	0.275	0.26	0.26
989	4437	0.275	0.275	0.35	0.35
4686	5368	0.275	0.275	0.49	0.49
3151	5433	0.275	0.275	0.46	0.46
2789	3132	0.275	0.275	0.40	0.40
351	1732	0.275	0.275	0.47	0.47
1576	4850	0.275	0.275	0.37	0.37
860	3816	0.275	0.275	0.44	0.44
518	4471	0.275	0.275	0.46	0.46
4037	4310	0.275	0.275	0.35	0.35
3028	5429	0.275	0.275	0.45	0.45
469	695	0.275	0.275	0.41	0.41
103	234	0.275	0.275	0.59	0.59
512	1191	0.275	0.275	0.43	0.43
3816	5556	0.275	0.275	0.57	0.57
2199	4602	0.275	0.275	0.28	0.28
531	1599	0.275	0.275	0.39	0.39
283	3058	0.275	0.275	0.48	0.48
94	4083	0.275	0.275	0.57	0.57
2228	2822	0.275	0.275	0.56	0.56
1576	4333	0.275	0.275	0.39	0.39
948	5489	0.275	0.275	0.55	0.55
235	2734	0.275	0.275	0.42	0.42
213	4653	0.275	0.275	0.73	0.73
1345	3784	0.275	0.275	0.43	0.43
4012	4453	0.275	0.275	0.39	0.39
1279	5007	0.275	0.275	0.53	0.53
4758	4800	0.274	0.274	0.49	0.49
663	695	0.274	0.274	0.18	0.18
3738	5512	0.274	0.274	0.40	0.40
2155	3558	0.274	0.274	0.49	0.49
1796	2211	0.274	0.274	0.46	0.46
1680	3863	0.274	0.274	0.51	0.51
565	4310	0.274	0.274	0.44	0.44
1576	5570	0.274	0.274	0.61	0.61
704	1000	0.274	0.274	0.34	0.34
552	4778	0.274	0.274	0.51	0.51
4551	4576	0.274	0.274	0.64	0.64
2101	5625	0.274	0.274	0.54	0.54
1648	2740	0.274	0.274	0.34	0.34
1642	4613	0.274	0.274	0.51	0.51
652	2732	0.274	0.274	0.32	0.32
591	2894	0.274	0.274	0.70	0.70
2360	3778	0.273	0.273	0.31	0.31
1009	2751	0.273	0.273	0.58	0.58
960	1506	0.273	0.273	0.44	0.44
2017	5037	0.273	0.273	0.42	0.42
4262	5587	0.273	0.273	0.50	0.50
4315	4713	0.273	0.273	0.20	0.20
3611	4881	0.273	0.273	0.57	0.57
3551	4626	0.273	0.273	0.54	0.54
2497	5477	0.273	0.273	0.33	0.33
2448	3789	0.273	0.273	0.56	0.56
461	3795	0.273	0.273	0.47	0.47
1217	5054	0.272	0.272	0.38	0.38
1606	3647	0.272	0.272	0.34	0.34
1601	3996	0.272	0.272	0.64	0.64
3193	4383	0.272	0.272	0.67	0.67
1065	3779	0.272	0.272	0.67	0.67
5576	5620	0.272	0.272	0.53	0.53
4277	5368	0.272	0.272	0.62	0.62
2920	4178	0.272	0.272	0.58	0.58
1471	5247	0.272	0.272	0.52	0.52
882	2818	0.272	0.272	0.31	0.31
2459	5631	0.272	0.272	0.27	0.27
215	410	0.272	0.272	0.67	0.67
3975	4803	0.271	0.271	0.62	0.62
3233	4030	0.271	0.271	0.48	0.48
1540	1873	0.271	0.271	0.57	0.57
1635	5462	0.271	0.271	0.45	0.45
519	2872	0.271	0.271	0.46	0.46
1775	3900	0.271	0.271	0.39	0.39
1082	2180	0.271	0.271	0.38	0.38
3108	3382	0.271	0.271	0.68	0.68
1853	2071	0.271	0.271	0.54	0.54
1553	4822	0.271	0.271	0.29	0.29
151	4703	0.271	0.271	0.64	0.64
1330	1954	0.271	0.271	0.48	0.48
614	771	0.271	0.271	0.39	0.39
810	1977	0.271	0.271	0.45	0.45
785	4873	0.271	0.271	0.68	0.68
4075	4292	0.271	0.271	0.54	0.54
1081	4329	0.271	0.271	0.35	0.35
120	2575	0.271	0.271	0.60	0.60
3404	4961	0.271	0.271	0.72	0.72
1963	3003	0.271	0.271	0.51	0.51
1739	5372	0.271	0.271	0.51	0.51
1097	1958	0.271	0.271	0.29	0.29
2972	4369	0.270	0.270	0.52	0.52
713	2826	0.270	0.270	0.67	0.67
79	1560	0.270	0.270	0.51	0.51
4616	5633	0.270	0.270	0.44	0.44
3673	5156	0.270	0.270	0.45	0.45
3358	5432	0.270	0.270	0.39	0.39
2178	5018	0.270	0.270	0.55	0.55
1478	4650	0.270	0.270	0.58	0.58
3127	4008	0.270	0.270	0.31	0.31
255	835	0.270	0.270	0.62	0.62
135	4925	0.270	0.270	0.39	0.39
2333	2461	0.270	0.270	0.49	0.49
4347	4990	0.270	0.270	0.76	0.76
3102	3579	0.270	0.270	0.47	0.47
1133	4850	0.270	0.270	0.48	0.48
870	1265	0.270	0.270	0.53	0.53
3443	5417	0.270	0.270	0.73	0.73
1784	4574	0.270	0.270	0.35	0.35
1081	5052	0.270	0.270	0.48	0.48
2253	3592	0.269	0.269	0.67	0.67
1081	4195	0.269	0.269	0.49	0.49
3847	5007	0.269	0.269	0.31	0.31
2942	5397	0.269	0.269	0.62	0.62
2442	4008	0.269	0.269	0.54	0.54
2038	3808	0.269	0.269	0.26	0.26
1353	4553	0.269	0.269	0.30	0.30
6	4686	0.269	0.269	0.40	0.40
2972	4408	0.269	0.269	0.49	0.49
1667	4316	0.269	0.269	0.38	0.38
241	3127	0.269	0.269	0.34	0.34
3784	3814	0.269	0.269	0.57	0.57
1514	3727	0.269	0.269	0.41	0.41
1009	4846	0.269	0.269	0.37	0.37
392	1557	0.269	0.269	0.72	0.72
3458	3514	0.269	0.269	0.44	0.44
768	5021	0.269	0.269	0.58	0.58
231	1854	0.269	0.269	0.60	0.60
332	2759	0.268	0.268	0.32	0.32
74	321	0.268	0.268	0.28	0.28
2719	3783	0.268	0.268	0.49	0.49
2253	3981	0.268	0.268	0.49	0.49
77	3283	0.268	0.268	0.49	0.49
2904	3975	0.268	0.268	0.54	0.54
1043	5586	0.268	0.268	0.49	0.49
2149	3629	0.268	0.268	0.46	0.46
1501	5617	0.268	0.268	0.25	0.25
177	2427	0.268	0.268	0.43	0.43
3993	5026	0.268	0.268	0.52	0.52
1963	1977	0.268	0.268	0.51	0.51
2773	2879	0.268	0.268	0.32	0.32
2413	4584	0.268	0.268	0.41	0.41
598	2219	0.268	0.268	0.49	0.49
4471	5625	0.267	0.267	0.46	0.46
982	1960	0.267	0.267	0.59	0.59
2796	5037	0.267	0.267	0.56	0.56
552	3720	0.267	0.267	0.46	0.46
2516	5545	0.267	0.267	0.45	0.45
4158	4316	0.267	0.267	0.55	0.55
2854	5041	0.267	0.267	0.68	0.68
269	2243	0.267	0.267	0.51	0.51
236	1069	0.267	0.267	0.51	0.51
68	125	0.267	0.267	0.40	0.40
2626	4022	0.267	0.267	0.41	0.41
1677	3974	0.267	0.267	0.43	0.43
70	1149	0.267	0.267	0.43	0.43
2725	3592	0.267	0.267	0.40	0.40
1096	5272	0.267	0.267	0.48	0.48
614	1930	0.267	0.267	0.54	0.54
3199	4771	0.267	0.267	0.37	0.37
4729	5196	0.267	0.267	0.50	0.50
1824	2526	0.267	0.267	0.36	0.36
785	4850	0.267	0.267	0.39	0.39
1680	2925	0.267	0.267	0.45	0.45
4292	4676	0.266	0.266	0.48	0.48
469	897	0.266	0.266	0.38	0.38
2751	5065	0.266	0.266	0.49	0.49
2211	3999	0.266	0.266	0.27	0.27
1672	4873	0.266	0.266	0.73	0.73
2388	2637	0.266	0.266	0.44	0.44
1954	3224	0.266	0.266	0.51	0.51
1051	2428	0.266	0.266	0.66	0.66
4292	5271	0.266	0.266	0.46	0.46
2559	5397	0.266	0.266	0.47	0.47
2344	4057	0.266	0.266	0.44	0.44
473	1475	0.266	0.266	0.50	0.50
336	956	0.266	0.266	0.52	0.52
3943	5617	0.266	0.266	0.50	0.50
2800	4321	0.265	0.265	0.68	0.68
131	5054	0.265	0.265	0.39	0.39
125	4873	0.265	0.265	0.49	0.49
4386	5559	0.265	0.265	0.58	0.58
1791	5604	0.265	0.265	0.31	0.31
928	2426	0.265	0.265	0.38	0.38
74	4698	0.265	0.265	0.36	0.36
1576	2063	0.265	0.265	0.22	0.22
734	4509	0.265	0.265	0.30	0.30
5303	5480	0.265	0.265	0.39	0.39
3050	3457	0.265	0.265	0.42	0.42
2272	5612	0.265	0.265	0.63	0.63
2116	5549	0.265	0.265	0.46	0.46
599	1599	0.265	0.265	0.56	0.56
24	5000	0.265	0.265	0.69	0.69
3458	5556	0.265	0.265	0.60	0.60
391	2016	0.265	0.265	0.49	0.49
2401	5628	0.265	0.265	0.65	0.65
1896	3408	0.265	0.265	0.66	0.66
3	1222	0.265	0.265	0.50	0.50
3857	4401	0.265	0.265	0.54	0.54
3361	5489	0.265	0.265	0.49	0.49
365	535	0.265	0.265	0.44	0.44
1554	4698	0.265	0.265	0.55	0.55
5405	5553	0.265	0.265	0.34	0.34
2784	2918	0.265	0.265	0.55	0.55
3838	4345	0.264	0.264	0.75	0.75
4845	4948	0.264	0.264	0.59	0.59
2010	3298	0.264	0.264	0.32	0.32
1664	4307	0.264	0.264	0.54	0.54
1100	1265	0.264	0.264	0.59	0.59
704	3657	0.264	0.264	0.32	0.32
695	4096	0.264	0.264	0.45	0.45
4610	5141	0.264	0.264	0.48	0.48
2169	2583	0.264	0.264	0.71	0.71
509	3346	0.264	0.264	0.37	0.37
410	4230	0.264	0.264	0.70	0.70
213	3289	0.264	0.264	0.66	0.66
4237	5576	0.264	0.264	0.32	0.32
2457	5041	0.264	0.264	0.62	0.62
1645	2086	0.264	0.264	0.53	0.53
637	5631	0.264	0.264	0.16	0.16
148	5592	0.264	0.264	0.40	0.40
3008	5631	0.264	0.264	0.39	0.39
790	3482	0.264	0.264	0.58	0.58
4884	5545	0.264	0.264	0.32	0.32
4331	5570	0.264	0.264	0.56	0.56
1549	1977	0.264	0.264	0.57	0.57
963	1541	0.264	0.264	0.44	0.44
823	3391	0.264	0.264	0.34	0.34
621	3143	0.264	0.264	0.34	0.34
754	5240	0.264	0.264	0.53	0.53
255	2785	0.264	0.264	0.46	0.46
104	3972	0.264	0.264	0.39	0.39
1583	1630	0.263	0.263	0.73	0.73
844	3025	0.263	0.263	0.46	0.46
39	2675	0.263	0.263	0.25	0.25
1958	3999	0.263	0.263	0.26	0.26
1669	1764	0.263	0.263	0.28	0.28
3614	3697	0.263	0.263	0.27	0.27
2442	5469	0.263	0.263	0.51	0.51
1161	5037	0.263	0.263	0.52	0.52
4105	4233	0.263	0.263	0.43	0.43
1630	2780	0.263	0.263	0.42	0.42
3592	4884	0.263	0.263	0.57	0.57
1870	5570	0.263	0.263	0.50	0.50
751	2133	0.263	0.263	0.63	0.63
3467	3859	0.263	0.263	0.34	0.34
3312	3653	0.263	0.263	0.65	0.65
2228	5141	0.263	0.263	0.58	0.58
1142	4067	0.263	0.263	0.23	0.23
1078	2007	0.263	0.263	0.61	0.61
591	3672	0.263	0.263	0.69	0.69
361	2575	0.263	0.263	0.49	0.49
4942	5037	0.263	0.263	0.56	0.56
4386	4799	0.263	0.263	0.34	0.34
1674	3532	0.263	0.263	0.42	0.42
404	2751	0.263	0.263	0.50	0.50
2575	4401	0.262	0.262	0.51	0.51
4617	5312	0.262	0.262	0.44	0.44
609	2161	0.262	0.262	0.53	0.53
785	4359	0.262	0.262	0.57	0.57
134	2241	0.262	0.262	0.49	0.49
179	3869	0.262	0.262	0.27	0.27
13	3720	0.262	0.262	0.55	0.55
2734	5406	0.262	0.262	0.33	0.33
1097	3900	0.262	0.262	0.50	0.50
235	4803	0.262	0.262	0.33	0.33
2912	5209	0.262	0.262	0.47	0.47
1824	2197	0.262	0.262	0.32	0.32
925	1599	0.262	0.262	0.42	0.42
75	4981	0.262	0.262	0.53	0.53
70	1052	0.262	0.262	0.46	0.46
36	1908	0.262	0.262	0.57	0.57
13	5620	0.262	0.262	0.48	0.48
3028	3031	0.261	0.261	0.55	0.55
1074	5243	0.261	0.261	0.59	0.59
658	3163	0.261	0.261	0.48	0.48
4139	5035	0.261	0.261	0.62	0.62
4915	5037	0.261	0.261	0.52	0.52
2211	5489	0.261	0.261	0.49	0.49
1107	2594	0.261	0.261	0.46	0.46
1396	4551	0.261	0.261	0.59	0.59
3900	4808	0.261	0.261	0.35	0.35
57	59	0.261	0.261	0.46	0.46
3614	4584	0.261	0.261	0.27	0.27
4242	4554	0.260	0.260	0.45	0.45
1625	1672	0.260	0.260	0.46	0.46
509	4929	0.260	0.260	0.34	0.34
125	2918	0.260	0.260	0.53	0.53
1901	4221	0.260	0.260	0.34	0.34
1875	2546	0.260	0.260	0.44	0.44
321	1900	0.260	0.260	0.35	0.35
821	3945	0.260	0.260	0.43	0.43
213	4104	0.260	0.260	0.61	0.61
2835	4169	0.260	0.260	0.40	0.40
2141	4061	0.260	0.260	0.53	0.53
2573	3128	0.260	0.260	0.53	0.53
3132	3230	0.260	0.260	0.56	0.56
3424	5278	0.260	0.260	0.49	0.49
1873	5545	0.260	0.260	0.39	0.39
578	3173	0.260	0.260	0.42	0.42
3031	3140	0.259	0.259	0.63	0.63
1540	4537	0.259	0.259	0.42	0.42
1683	2207	0.259	0.259	0.36	0.36
600	1314	0.259	0.259	0.45	0.45
5007	5446	0.259	0.259	0.40	0.40
3742	3936	0.259	0.259	0.50	0.50
2434	5074	0.259	0.259	0.33	0.33
555	2161	0.259	0.259	0.49	0.49
215	3244	0.259	0.259	0.64	0.64
155	5520	0.259	0.259	0.67	0.67
750	1051	0.259	0.259	0.56	0.56
70	5141	0.259	0.259	0.44	0.44
22	3241	0.259	0.259	0.28	0.28
5434	5583	0.259	0.259	0.46	0.46
1576	5620	0.259	0.259	0.50	0.50
3940	3959	0.259	0.259	0.26	0.26
679	4617	0.259	0.259	0.37	0.37
415	5429	0.259	0.259	0.42	0.42
213	5125	0.259	0.259	0.65	0.65
1935	5351	0.259	0.259	0.38	0.38
2039	2981	0.258	0.258	0.50	0.50
811	3008	0.258	0.258	0.38	0.38
2333	4899	0.258	0.258	0.39	0.39
2070	3424	0.258	0.258	0.66	0.66
1895	3140	0.258	0.258	0.60	0.60
1573	5319	0.258	0.258	0.69	0.69
2731	4035	0.258	0.258	0.45	0.45
3	4146	0.258	0.258	0.35	0.35
2776	4858	0.258	0.258	0.29	0.29
2101	4453	0.258	0.258	0.51	0.51
3350	4945	0.258	0.258	0.45	0.45
499	1674	0.258	0.258	0.67	0.67
3299	4702	0.258	0.258	0.63	0.63
1642	4929	0.258	0.258	0.54	0.54
139	1096	0.258	0.258	0.36	0.36
139	1045	0.258	0.258	0.29	0.29
3733	4850	0.258	0.258	0.32	0.32
2199	4366	0.258	0.258	0.29	0.29
1545	2984	0.258	0.258	0.42	0.42
3	3854	0.258	0.258	0.55	0.55
2211	3900	0.258	0.258	0.39	0.39
1540	4392	0.258	0.258	0.67	0.67
3489	4836	0.258	0.258	0.45	0.45
1065	3260	0.258	0.258	0.70	0.70
905	2835	0.257	0.257	0.44	0.44
592	5339	0.257	0.257	0.48	0.48
5008	5282	0.257	0.257	0.48	0.48
188	1235	0.257	0.257	0.27	0.27
609	2103	0.257	0.257	0.56	0.56
3419	4579	0.257	0.257	0.69	0.69
862	4940	0.257	0.257	0.50	0.50
223	4945	0.257	0.257	0.48	0.48
3199	3557	0.257	0.257	0.41	0.41
2855	3728	0.257	0.257	0.66	0.66
3104	5545	0.257	0.257	0.32	0.32
500	609	0.257	0.257	0.58	0.58
2211	5007	0.257	0.257	0.50	0.50
2063	5392	0.257	0.257	0.60	0.60
410	3804	0.257	0.257	0.65	0.65
4169	4510	0.257	0.257	0.39	0.39
3816	5251	0.257	0.257	0.48	0.48
1172	2904	0.257	0.257	0.69	0.69
552	4310	0.257	0.257	0.53	0.53
87	1752	0.257	0.257	0.31	0.31
3099	5146	0.257	0.257	0.38	0.38
2916	5570	0.257	0.257	0.54	0.54
2245	3781	0.257	0.257	0.64	0.64
3611	4488	0.256	0.256	0.49	0.49
3539	5278	0.256	0.256	0.45	0.45
1576	2524	0.256	0.256	0.40	0.40
94	637	0.256	0.256	0.50	0.50
4957	5201	0.256	0.256	0.35	0.35
3655	3678	0.256	0.256	0.33	0.33
3126	4401	0.256	0.256	0.54	0.54
1616	4604	0.256	0.256	0.49	0.49
1171	3699	0.256	0.256	0.50	0.50
1136	4551	0.256	0.256	0.46	0.46
3704	5366	0.256	0.256	0.32	0.32
3650	4002	0.256	0.256	0.59	0.59
3886	4341	0.256	0.256	0.46	0.46
928	1322	0.256	0.256	0.42	0.42
1	2894	0.256	0.256	0.50	0.50
3636	3999	0.256	0.256	0.28	0.28
1625	5323	0.256	0.256	0.64	0.64
305	2702	0.256	0.256	0.27	0.27
2007	2675	0.256	0.256	0.49	0.49
5415	5617	0.255	0.255	0.50	0.50
4769	4940	0.255	0.255	0.24	0.24
3095	5123	0.255	0.255	0.45	0.45
1667	3636	0.255	0.255	0.39	0.39
970	3776	0.255	0.255	0.60	0.60
421	1703	0.255	0.255	0.38	0.38
260	5251	0.255	0.255	0.56	0.56
2918	2972	0.255	0.255	0.44	0.44
81	4359	0.255	0.255	0.67	0.67
457	4994	0.255	0.255	0.30	0.30
5534	5592	0.255	0.255	0.42	0.42
500	4030	0.255	0.255	0.39	0.39
2220	4170	0.255	0.255	0.39	0.39
1107	4589	0.255	0.255	0.51	0.51
1901	4553	0.255	0.255	0.31	0.31
1387	4321	0.255	0.255	0.68	0.68
1447	1704	0.255	0.255	0.65	0.65
1375	4437	0.255	0.255	0.34	0.34
2568	5502	0.254	0.254	0.51	0.51
2223	2942	0.254	0.254	0.63	0.63
134	4970	0.254	0.254	0.59	0.59
4158	4878	0.254	0.254	0.49	0.49
816	1255	0.254	0.254	0.40	0.40
3604	5247	0.254	0.254	0.50	0.50
3395	3834	0.254	0.254	0.58	0.58
928	2858	0.254	0.254	0.47	0.47
658	955	0.254	0.254	0.44	0.44
3540	4976	0.254	0.254	0.47	0.47
1576	2320	0.254	0.254	0.49	0.49
3458	4261	0.254	0.254	0.37	0.37
2590	4178	0.254	0.254	0.57	0.57
770	4657	0.254	0.254	0.53	0.53
4778	5489	0.254	0.254	0.34	0.34
4462	5613	0.254	0.254	0.56	0.56
3993	5489	0.254	0.254	0.35	0.35
626	659	0.254	0.254	0.49	0.49
2826	5172	0.254	0.254	0.58	0.58
1855	2539	0.254	0.254	0.41	0.41
1149	3261	0.254	0.254	0.39	0.39
743	4608	0.254	0.254	0.50	0.50
1421	5080	0.254	0.254	0.31	0.31
1366	2389	0.254	0.254	0.30	0.30
1196	5545	0.254	0.254	0.36	0.36
429	1411	0.254	0.254	0.49	0.49
3926	4682	0.253	0.253	0.36	0.36
1322	5432	0.253	0.253	0.45	0.45
2015	4434	0.253	0.253	0.56	0.56
1	3945	0.253	0.253	0.47	0.47
1610	2038	0.253	0.253	0.32	0.32
1320	2575	0.253	0.253	0.65	0.65
1082	3771	0.253	0.253	0.59	0.59
754	3402	0.253	0.253	0.55	0.55
2776	2785	0.253	0.253	0.55	0.55
2573	4107	0.253	0.253	0.42	0.42
1729	3276	0.253	0.253	0.53	0.53
2281	3901	0.253	0.253	0.42	0.42
2137	3479	0.253	0.253	0.44	0.44
811	2687	0.253	0.253	0.34	0.34
360	2219	0.253	0.253	0.27	0.27
313	2781	0.253	0.253	0.54	0.54
4158	5078	0.253	0.253	0.34	0.34
1101	1625	0.253	0.253	0.49	0.49
2210	5026	0.253	0.253	0.53	0.53
427	5351	0.253	0.253	0.41	0.41
3697	3960	0.253	0.253	0.30	0.30
2965	3721	0.252	0.252	0.58	0.58
1656	5263	0.252	0.252	0.62	0.62
103	3402	0.252	0.252	0.59	0.59
1732	2524	0.252	0.252	0.42	0.42
81	3756	0.252	0.252	0.57	0.57
502	3855	0.252	0.252	0.49	0.49
257	1971	0.252	0.252	0.39	0.39
1659	3090	0.252	0.252	0.44	0.44
195	4393	0.252	0.252	0.66	0.66
4492	5473	0.252	0.252	0.63	0.63
371	1013	0.252	0.252	0.30	0.30
103	4648	0.252	0.252	0.56	0.56
3031	5171	0.252	0.252	0.29	0.29
828	1090	0.252	0.252	0.36	0.36
2809	4873	0.252	0.252	0.62	0.62
1963	4036	0.252	0.252	0.46	0.46
2912	3238	0.252	0.252	0.50	0.50
3448	4330	0.251	0.251	0.35	0.35
2476	3924	0.251	0.251	0.61	0.61
125	134	0.251	0.251	0.40	0.40
871	1249	0.251	0.251	0.59	0.59
5206	5339	0.251	0.251	0.46	0.46
3886	5514	0.251	0.251	0.43	0.43
1043	2858	0.251	0.251	0.51	0.51
2478	4466	0.251	0.251	0.50	0.50
1854	2761	0.251	0.251	0.40	0.40
77	2568	0.251	0.251	0.28	0.28
3544	4357	0.251	0.251	0.42	0.42
743	3173	0.251	0.251	0.67	0.67
2448	2918	0.251	0.251	0.56	0.56
1625	4022	0.251	0.251	0.32	0.32
1290	3419	0.251	0.251	0.48	0.48
1832	4345	0.251	0.251	0.59	0.59
1191	3855	0.250	0.250	0.42	0.42
3822	4206	0.250	0.250	0.49	0.49
2773	4178	0.250	0.250	0.42	0.42
3836	4159	0.250	0.250	0.55	0.55
2228	3987	0.250	0.250	0.33	0.33
2773	4758	0.250	0.250	0.47	0.47
194	1310	0.250	0.250	0.42	0.42
2982	4401	0.250	0.250	0.41	0.41
2278	4359	0.250	0.250	0.45	0.45
151	2122	0.250	0.250	0.68	0.68
3017	5597	0.250	0.250	0.29	0.29
1725	4164	0.250	0.250	0.59	0.59
483	2758	0.250	0.250	0.53	0.53
948	4782	0.250	0.250	0.44	0.44
236	3732	0.250	0.250	0.26	0.26
1617	1618	0.250	0.250	0.50	0.50
4109	4121	0.249	0.249	0.33	0.33
2094	2718	0.249	0.249	0.45	0.45
1555	1601	0.249	0.249	0.64	0.64
71	5252	0.249	0.249	0.35	0.35
5159	5303	0.249	0.249	0.46	0.46
455	4892	0.249	0.249	0.66	0.66
3152	5405	0.249	0.249	0.32	0.32
982	2399	0.249	0.249	0.70	0.70
4850	5587	0.249	0.249	0.39	0.39
4253	4942	0.249	0.249	0.28	0.28
1691	4669	0.249	0.249	0.65	0.65
2063	2639	0.249	0.249	0.45	0.45
1625	2116	0.249	0.249	0.37	0.37
1553	1935	0.249	0.249	0.60	0.60
1426	2354	0.249	0.249	0.71	0.71
3782	5068	0.249	0.249	0.23	0.23
2561	2809	0.249	0.249	0.49	0.49
3137	5069	0.249	0.249	0.73	0.73
2765	4925	0.249	0.249	0.43	0.43
1290	5278	0.249	0.249	0.43	0.43
1665	4551	0.248	0.248	0.57	0.57
614	2442	0.248	0.248	0.46	0.46
592	4620	0.248	0.248	0.58	0.58
4800	5405	0.248	0.248	0.36	0.36
1732	1930	0.248	0.248	0.49	0.49
1606	4941	0.248	0.248	0.60	0.60
3743	5549	0.248	0.248	0.44	0.44
1101	4782	0.248	0.248	0.55	0.55
94	391	0.248	0.248	0.68	0.68
2782	5390	0.248	0.248	0.29	0.29
1430	3756	0.248	0.248	0.57	0.57
1344	2912	0.248	0.248	0.43	0.43
564	3263	0.248	0.248	0.39	0.39
1100	5339	0.248	0.248	0.38	0.38
4139	4176	0.248	0.248	0.59	0.59
2354	3482	0.248	0.248	0.65	0.65
2302	5118	0.248	0.248	0.30	0.30
1496	3161	0.248	0.248	0.59	0.59
1090	4669	0.248	0.248	0.56	0.56
827	5628	0.248	0.248	0.53	0.53
3983	4169	0.248	0.248	0.25	0.25
3978	4808	0.248	0.248	0.41	0.41
1935	5392	0.248	0.248	0.37	0.37
4164	5516	0.248	0.248	0.60	0.60
3260	3779	0.247	0.247	0.68	0.68
2800	5202	0.247	0.247	0.32	0.32
2594	5247	0.247	0.247	0.45	0.45
2064	4401	0.247	0.247	0.45	0.45
1314	3505	0.247	0.247	0.54	0.54
2017	3781	0.247	0.247	0.52	0.52
951	3694	0.247	0.247	0.40	0.40
552	1075	0.247	0.247	0.30	0.30
2807	4109	0.247	0.247	0.34	0.34
1752	3899	0.247	0.247	0.33	0.33
1379	2016	0.247	0.247	0.40	0.40
4145	4625	0.247	0.247	0.31	0.31
2878	5652	0.247	0.247	0.34	0.34
969	2632	0.247	0.247	0.41	0.41
1217	4075	0.247	0.247	0.35	0.35
564	4306	0.247	0.247	0.53	0.53
139	637	0.247	0.247	0.34	0.34
3993	5549	0.247	0.247	0.59	0.59
3231	4178	0.247	0.247	0.41	0.41
2429	3727	0.247	0.247	0.47	0.47
1554	1774	0.247	0.247	0.52	0.52
1252	4355	0.247	0.247	0.35	0.35
4620	4809	0.247	0.247	0.33	0.33
173	5556	0.247	0.247	0.40	0.40
3179	3408	0.247	0.247	0.65	0.65
615	1081	0.247	0.247	0.42	0.42
24	1066	0.247	0.247	0.50	0.50
125	3293	0.246	0.246	0.41	0.41
4781	4945	0.246	0.246	0.58	0.58
2103	2192	0.246	0.246	0.40	0.40
1732	4850	0.246	0.246	0.41	0.41
1158	4539	0.246	0.246	0.27	0.27
1069	2188	0.246	0.246	0.45	0.45
4556	5570	0.246	0.246	0.46	0.46
1347	1896	0.246	0.246	0.38	0.38
4678	5617	0.246	0.246	0.36	0.36
3831	4516	0.246	0.246	0.47	0.47
2826	5545	0.246	0.246	0.42	0.42
2575	2916	0.246	0.246	0.41	0.41
87	4408	0.246	0.246	0.29	0.29
2038	2764	0.246	0.246	0.30	0.30
206	5556	0.246	0.246	0.59	0.59
4771	5535	0.246	0.246	0.41	0.41
3785	4736	0.246	0.246	0.45	0.45
2180	2379	0.246	0.246	0.58	0.58
3983	4425	0.246	0.246	0.47	0.47
1645	5591	0.246	0.246	0.43	0.43
610	2908	0.246	0.246	0.45	0.45
2862	4109	0.246	0.246	0.57	0.57
4620	5573	0.246	0.246	0.30	0.30
3752	3836	0.245	0.245	0.41	0.41
3705	5105	0.245	0.245	0.37	0.37
2848	3356	0.245	0.245	0.39	0.39
2826	2946	0.245	0.245	0.42	0.42
2178	4176	0.245	0.245	0.49	0.49
614	1243	0.245	0.245	0.40	0.40
1515	3983	0.245	0.245	0.55	0.55
1314	5491	0.245	0.245	0.53	0.53
2575	3108	0.245	0.245	0.55	0.55
2847	3146	0.245	0.245	0.64	0.64
1895	3031	0.245	0.245	0.39	0.39
1107	2478	0.245	0.245	0.39	0.39
336	4571	0.245	0.245	0.48	0.48
1556	3596	0.245	0.245	0.65	0.65
2448	4222	0.245	0.245	0.31	0.31
2844	5429	0.245	0.245	0.27	0.27
2116	4982	0.245	0.245	0.57	0.57
1881	5242	0.245	0.245	0.56	0.56
2826	3795	0.245	0.245	0.45	0.45
1963	2237	0.245	0.245	0.54	0.54
163	1072	0.245	0.245	0.42	0.42
3960	4553	0.244	0.244	0.26	0.26
104	365	0.244	0.244	0.43	0.43
2253	5351	0.244	0.244	0.59	0.59
1820	5625	0.244	0.244	0.57	0.57
1082	4529	0.244	0.244	0.37	0.37
4690	5513	0.244	0.244	0.28	0.28
2727	4036	0.244	0.244	0.36	0.36
2561	4556	0.244	0.244	0.38	0.38
2127	2997	0.244	0.244	0.32	0.32
1151	2773	0.244	0.244	0.29	0.29
139	3206	0.244	0.244	0.35	0.35
1555	4809	0.244	0.244	0.56	0.56
4359	5405	0.244	0.244	0.52	0.52
3482	5180	0.244	0.244	0.55	0.55
2943	3479	0.244	0.244	0.45	0.45
2434	4777	0.244	0.244	0.58	0.58
329	2700	0.244	0.244	0.55	0.55
223	2477	0.244	0.244	0.43	0.43
222	983	0.244	0.244	0.38	0.38
2573	3050	0.244	0.244	0.33	0.33
277	990	0.244	0.244	0.25	0.25
150	3344	0.244	0.244	0.45	0.45
4865	5169	0.244	0.244	0.45	0.45
2848	3205	0.243	0.243	0.38	0.38
2094	5429	0.243	0.243	0.35	0.35
1557	3732	0.243	0.243	0.49	0.49
212	5123	0.243	0.243	0.33	0.33
3972	5521	0.243	0.243	0.30	0.30
3391	5450	0.243	0.243	0.55	0.55
1123	2743	0.243	0.243	0.46	0.46
269	1371	0.243	0.243	0.49	0.49
3208	4355	0.243	0.243	0.49	0.49
77	2161	0.243	0.243	0.35	0.35
2291	3981	0.243	0.243	0.49	0.49
1881	2178	0.243	0.243	0.49	0.49
508	4133	0.243	0.243	0.57	0.57
1098	2314	0.243	0.243	0.28	0.28
1245	4401	0.243	0.243	0.43	0.43
518	4777	0.243	0.243	0.64	0.64
2187	5649	0.243	0.243	0.51	0.51
1977	4046	0.243	0.243	0.43	0.43
766	1977	0.243	0.243	0.50	0.50
128	1411	0.243	0.243	0.46	0.46
3935	5553	0.243	0.243	0.45	0.45
1592	2199	0.243	0.243	0.30	0.30
4686	4759	0.243	0.243	0.38	0.38
4524	5366	0.243	0.243	0.46	0.46
1109	2016	0.243	0.243	0.32	0.32
3107	4444	0.242	0.242	0.42	0.42
2531	3481	0.242	0.242	0.61	0.61
1752	3408	0.242	0.242	0.58	0.58
93	1053	0.242	0.242	0.62	0.62
4195	5052	0.242	0.242	0.40	0.40
13	1672	0.242	0.242	0.58	0.58
4808	5397	0.242	0.242	0.36	0.36
2879	4778	0.242	0.242	0.42	0.42
242	2687	0.242	0.242	0.30	0.30
128	1827	0.242	0.242	0.45	0.45
3733	5007	0.242	0.242	0.34	0.34
2575	2946	0.242	0.242	0.32	0.32
94	5392	0.242	0.242	0.49	0.49
3395	5595	0.242	0.242	0.45	0.45
2807	4517	0.242	0.242	0.47	0.47
206	860	0.242	0.242	0.46	0.46
1557	3602	0.242	0.242	0.62	0.62
1379	2225	0.242	0.242	0.41	0.41
1379	1775	0.242	0.242	0.42	0.42
4158	5635	0.242	0.242	0.41	0.41
1552	3180	0.242	0.242	0.36	0.36
106	929	0.242	0.242	0.43	0.43
5429	5441	0.242	0.242	0.46	0.46
2446	3356	0.242	0.242	0.35	0.35
2299	3099	0.242	0.242	0.54	0.54
1540	4873	0.242	0.242	0.42	0.42
1381	2687	0.242	0.242	0.24	0.24
308	1340	0.242	0.242	0.52	0.52
1123	4115	0.242	0.242	0.39	0.39
682	3008	0.242	0.242	0.48	0.48
1880	2929	0.241	0.241	0.76	0.76
3173	5430	0.241	0.241	0.61	0.61
5180	5609	0.241	0.241	0.59	0.59
4804	5046	0.241	0.241	0.39	0.39
2877	3666	0.241	0.241	0.52	0.52
1383	1693	0.241	0.241	0.46	0.46
2339	4698	0.241	0.241	0.46	0.46
2157	4517	0.241	0.241	0.32	0.32
1345	4453	0.241	0.241	0.51	0.51
622	2915	0.241	0.241	0.72	0.72
907	3380	0.241	0.241	0.55	0.55
3675	4444	0.241	0.241	0.42	0.42
2133	3391	0.241	0.241	0.44	0.44
660	3975	0.241	0.241	0.52	0.52
337	835	0.241	0.241	0.62	0.62
3935	4673	0.241	0.241	0.55	0.55
2879	3104	0.241	0.241	0.32	0.32
75	4233	0.241	0.241	0.48	0.48
4022	4680	0.241	0.241	0.22	0.22
1937	4043	0.241	0.241	0.55	0.55
1568	4399	0.241	0.241	0.30	0.30
1293	3849	0.241	0.241	0.40	0.40
1151	2777	0.240	0.240	0.48	0.48
128	2218	0.240	0.240	0.31	0.31
4808	5309	0.240	0.240	0.35	0.35
1139	3004	0.240	0.240	0.42	0.42
1554	3441	0.240	0.240	0.50	0.50
1075	1430	0.240	0.240	0.48	0.48
305	351	0.240	0.240	0.38	0.38
2773	5587	0.240	0.240	0.39	0.39
640	652	0.240	0.240	0.66	0.66
106	4584	0.240	0.240	0.38	0.38
4783	5169	0.240	0.240	0.37	0.37
833	3540	0.240	0.240	0.30	0.30
2567	5578	0.240	0.240	0.53	0.53
1926	3953	0.240	0.240	0.56	0.56
1138	4574	0.240	0.240	0.37	0.37
1555	5338	0.240	0.240	0.59	0.59
3957	5405	0.240	0.240	0.34	0.34
2167	5496	0.240	0.240	0.47	0.47
1142	2260	0.240	0.240	0.23	0.23
652	5556	0.240	0.240	0.57	0.57
3326	3945	0.240	0.240	0.50	0.50
2821	2908	0.240	0.240	0.36	0.36
1552	3183	0.239	0.239	0.39	0.39
1381	3900	0.239	0.239	0.28	0.28
1470	4379	0.239	0.239	0.43	0.43
1142	1928	0.239	0.239	0.29	0.29
85	4345	0.239	0.239	0.31	0.31
2448	4850	0.239	0.239	0.42	0.42
785	3979	0.239	0.239	0.26	0.26
222	4022	0.239	0.239	0.53	0.53
3482	5609	0.239	0.239	0.50	0.50
3293	3916	0.239	0.239	0.37	0.37
586	4637	0.239	0.239	0.51	0.51
212	1977	0.239	0.239	0.59	0.59
66	2116	0.239	0.239	0.35	0.35
2232	3716	0.239	0.239	0.53	0.53
1096	2211	0.239	0.239	0.39	0.39
97	4715	0.239	0.239	0.59	0.59
3935	4615	0.239	0.239	0.40	0.40
4517	5278	0.239	0.239	0.54	0.54
772	2161	0.239	0.239	0.32	0.32
2581	2954	0.238	0.238	0.77	0.77
2033	2436	0.238	0.238	0.64	0.64
1496	4061	0.238	0.238	0.50	0.50
263	5037	0.238	0.238	0.49	0.49
36	4024	0.238	0.238	0.31	0.31
2405	3704	0.238	0.238	0.34	0.34
1711	5378	0.238	0.238	0.55	0.55
697	5373	0.238	0.238	0.50	0.50
79	453	0.238	0.238	0.34	0.34
2024	4805	0.238	0.238	0.64	0.64
3539	5346	0.238	0.238	0.49	0.49
269	3305	0.238	0.238	0.56	0.56
163	2800	0.238	0.238	0.45	0.45
940	1107	0.238	0.238	0.43	0.43
4164	5301	0.238	0.238	0.48	0.48
1086	1977	0.238	0.238	0.52	0.52
658	4868	0.238	0.238	0.45	0.45
386	1889	0.238	0.238	0.60	0.60
1496	2220	0.238	0.238	0.50	0.50
2225	2442	0.238	0.238	0.51	0.51
616	1554	0.238	0.238	0.46	0.46
3283	5037	0.237	0.237	0.43	0.43
1322	4031	0.237	0.237	0.43	0.43
5232	5388	0.237	0.237	0.57	0.57
495	821	0.237	0.237	0.37	0.37
3657	5461	0.237	0.237	0.35	0.35
1322	2594	0.237	0.237	0.48	0.48
1011	4321	0.237	0.237	0.59	0.59
800	2855	0.237	0.237	0.66	0.66
391	2784	0.237	0.237	0.66	0.66
5432	5625	0.237	0.237	0.64	0.64
3121	3705	0.237	0.237	0.48	0.48
3831	4158	0.237	0.237	0.32	0.32
3002	4045	0.237	0.237	0.22	0.22
1322	2943	0.237	0.237	0.43	0.43
213	1743	0.237	0.237	0.68	0.68
81	2612	0.237	0.237	0.52	0.52
2602	4705	0.237	0.237	0.55	0.55
3999	5369	0.237	0.237	0.28	0.28
552	2687	0.237	0.237	0.40	0.40
4015	4215	0.237	0.237	0.36	0.36
3638	5572	0.237	0.237	0.35	0.35
2844	5625	0.237	0.237	0.60	0.60
61	4298	0.237	0.237	0.58	0.58
1123	1698	0.237	0.237	0.49	0.49
2884	4355	0.236	0.236	0.49	0.49
2430	3666	0.236	0.236	0.49	0.49
1844	4715	0.236	0.236	0.51	0.51
3	1966	0.236	0.236	0.35	0.35
448	515	0.236	0.236	0.62	0.62
2759	4119	0.236	0.236	0.28	0.28
369	4201	0.236	0.236	0.62	0.62
2906	4881	0.236	0.236	0.51	0.51
2486	3503	0.236	0.236	0.53	0.53
2016	5635	0.236	0.236	0.37	0.37
2007	2141	0.236	0.236	0.50	0.50
3742	4698	0.236	0.236	0.41	0.41
1069	1333	0.236	0.236	0.60	0.60
4653	4996	0.236	0.236	0.45	0.45
4285	4524	0.236	0.236	0.41	0.41
1896	2972	0.236	0.236	0.41	0.41
2291	5535	0.236	0.236	0.47	0.47
2122	2789	0.236	0.236	0.58	0.58
2063	4026	0.236	0.236	0.57	0.57
486	1322	0.236	0.236	0.39	0.39
4036	4357	0.235	0.235	0.51	0.51
3243	4408	0.235	0.235	0.53	0.53
1113	4176	0.235	0.235	0.34	0.34
6	2068	0.235	0.235	0.37	0.37
1985	5225	0.235	0.235	0.23	0.23
3463	3784	0.235	0.235	0.42	0.42
2299	3705	0.235	0.235	0.58	0.58
219	3779	0.235	0.235	0.64	0.64
4982	5392	0.235	0.235	0.56	0.56
3173	5535	0.235	0.235	0.53	0.53
2727	3756	0.235	0.235	0.45	0.45
1590	2906	0.235	0.235	0.33	0.33
179	1353	0.235	0.235	0.33	0.33
85	2977	0.235	0.235	0.39	0.39
4808	5402	0.235	0.235	0.51	0.51
555	4698	0.235	0.235	0.58	0.58
3728	3779	0.235	0.235	0.67	0.67
2575	3574	0.235	0.235	0.24	0.24
1540	5211	0.235	0.235	0.43	0.43
1540	5392	0.235	0.235	0.43	0.43
4284	4669	0.235	0.235	0.28	0.28
1194	3826	0.235	0.235	0.43	0.43
1153	3831	0.235	0.235	0.37	0.37
534	3964	0.235	0.235	0.28	0.28
283	2127	0.235	0.235	0.31	0.31
2682	5247	0.235	0.235	0.57	0.57
2602	4798	0.235	0.235	0.33	0.33
1977	4184	0.235	0.235	0.52	0.52
3721	5321	0.235	0.235	0.27	0.27
1501	5591	0.235	0.235	0.22	0.22
428	1592	0.235	0.235	0.67	0.67
4401	4683	0.234	0.234	0.41	0.41
1030	1294	0.234	0.234	0.32	0.32
305	5585	0.234	0.234	0.22	0.22
78	4386	0.234	0.234	0.38	0.38
68	5242	0.234	0.234	0.60	0.60
4325	4355	0.234	0.234	0.60	0.60
2577	3458	0.234	0.234	0.68	0.68
57	5171	0.234	0.234	0.43	0.43
1755	5609	0.234	0.234	0.60	0.60
876	1509	0.234	0.234	0.40	0.40
128	1460	0.234	0.234	0.27	0.27
1	351	0.234	0.234	0.35	0.35
4075	5247	0.234	0.234	0.59	0.59
2016	5325	0.234	0.234	0.51	0.51
871	2946	0.234	0.234	0.39	0.39
3862	4704	0.234	0.234	0.46	0.46
179	4377	0.234	0.234	0.39	0.39
4121	5125	0.233	0.233	0.31	0.31
2942	5489	0.233	0.233	0.42	0.42
1330	3175	0.233	0.233	0.53	0.53
4551	5152	0.233	0.233	0.60	0.60
1517	5003	0.233	0.233	0.32	0.32
1501	4737	0.233	0.233	0.56	0.56
818	2448	0.233	0.233	0.28	0.28
3243	5209	0.233	0.233	0.63	0.63
475	3808	0.233	0.233	0.32	0.32
3346	5388	0.233	0.233	0.55	0.55
1314	5625	0.233	0.233	0.66	0.66
1107	4873	0.233	0.233	0.49	0.49
3965	4610	0.233	0.233	0.55	0.55
2908	3338	0.233	0.233	0.40	0.40
1977	4942	0.233	0.233	0.63	0.63
658	3326	0.233	0.233	0.46	0.46
4687	5373	0.233	0.233	0.45	0.45
2075	5244	0.233	0.233	0.33	0.33
3	2325	0.233	0.233	0.51	0.51
1159	1639	0.233	0.233	0.61	0.61
1602	1889	0.233	0.233	0.56	0.56
1326	2777	0.233	0.233	0.49	0.49
1279	2635	0.233	0.233	0.25	0.25
1405	4447	0.233	0.233	0.60	0.60
526	3774	0.233	0.233	0.61	0.61
4634	5207	0.232	0.232	0.43	0.43
3261	3965	0.232	0.232	0.45	0.45
407	4937	0.232	0.232	0.61	0.61
486	2142	0.232	0.232	0.34	0.34
2463	3356	0.232	0.232	0.50	0.50
1255	2361	0.232	0.232	0.39	0.39
4073	4471	0.232	0.232	0.38	0.38
1642	5428	0.232	0.232	0.36	0.36
3694	4317	0.232	0.232	0.47	0.47
3536	4669	0.232	0.232	0.71	0.71
828	5407	0.232	0.232	0.59	0.59
827	2794	0.232	0.232	0.42	0.42
3152	4359	0.232	0.232	0.30	0.30
2675	4170	0.232	0.232	0.29	0.29
1585	3604	0.232	0.232	0.49	0.49
785	3408	0.232	0.232	0.72	0.72
758	1977	0.232	0.232	0.35	0.35
508	4623	0.232	0.232	0.46	0.46
3	965	0.232	0.232	0.52	0.52
2345	5309	0.231	0.231	0.32	0.32
1213	4941	0.231	0.231	0.60	0.60
3705	4418	0.231	0.231	0.43	0.43
1082	1147	0.231	0.231	0.23	0.23
2826	5419	0.231	0.231	0.37	0.37
37	143	0.231	0.231	0.51	0.51
2429	4710	0.231	0.231	0.60	0.60
65	663	0.231	0.231	0.31	0.31
2568	5521	0.231	0.231	0.30	0.30
461	1870	0.231	0.231	0.34	0.34
5232	5622	0.231	0.231	0.37	0.37
4957	5321	0.231	0.231	0.29	0.29
3354	4171	0.231	0.231	0.49	0.49
512	658	0.231	0.231	0.23	0.23
2912	4408	0.231	0.231	0.32	0.32
1365	5026	0.231	0.231	0.22	0.22
1752	2271	0.231	0.231	0.48	0.48
5272	5514	0.231	0.231	0.54	0.54
1541	3391	0.231	0.231	0.56	0.56
373	3945	0.230	0.230	0.42	0.42
2278	3269	0.230	0.230	0.64	0.64
4638	5112	0.230	0.230	0.22	0.22
3733	3999	0.230	0.230	0.24	0.24
3514	3666	0.230	0.230	0.40	0.40
3361	3650	0.230	0.230	0.39	0.39
1314	4401	0.230	0.230	0.44	0.44
841	2207	0.230	0.230	0.63	0.63
2639	4401	0.230	0.230	0.50	0.50
1106	2278	0.230	0.230	0.52	0.52
588	886	0.230	0.230	0.26	0.26
706	3036	0.230	0.230	0.41	0.41
954	1900	0.230	0.230	0.32	0.32
750	2558	0.230	0.230	0.33	0.33
3243	4448	0.230	0.230	0.51	0.51
1377	2682	0.230	0.230	0.29	0.29
139	3408	0.230	0.230	0.35	0.35
3067	3808	0.230	0.230	0.32	0.32
139	3816	0.230	0.230	0.37	0.37
1246	4805	0.230	0.230	0.69	0.69
567	4777	0.230	0.230	0.60	0.60
1322	5037	0.230	0.230	0.32	0.32
652	1824	0.229	0.229	0.34	0.34
329	3577	0.229	0.229	0.59	0.59
145	3960	0.229	0.229	0.22	0.22
421	1545	0.229	0.229	0.64	0.64
1623	3808	0.229	0.229	0.32	0.32
363	1320	0.229	0.229	0.54	0.54
2339	5386	0.229	0.229	0.50	0.50
1062	2581	0.229	0.229	0.59	0.59
1042	3666	0.229	0.229	0.39	0.39
3483	4941	0.229	0.229	0.51	0.51
2285	3183	0.229	0.229	0.43	0.43
1405	3346	0.229	0.229	0.38	0.38
3332	3342	0.229	0.229	0.61	0.61
33	37	0.229	0.229	0.35	0.35
213	1901	0.229	0.229	0.61	0.61
2412	5432	0.228	0.228	0.38	0.38
1764	3923	0.228	0.228	0.49	0.49
112	747	0.228	0.228	0.62	0.62
2016	3090	0.228	0.228	0.33	0.33
1855	3707	0.228	0.228	0.38	0.38
772	4968	0.228	0.228	0.53	0.53
4517	5303	0.228	0.228	0.36	0.36
3699	5628	0.228	0.228	0.44	0.44
4800	5545	0.228	0.228	0.39	0.39
4880	5069	0.228	0.228	0.43	0.43
2687	3003	0.228	0.228	0.50	0.50
2442	5570	0.228	0.228	0.30	0.30
4940	5052	0.228	0.228	0.34	0.34
4020	4551	0.228	0.228	0.41	0.41
725	5002	0.228	0.228	0.68	0.68
1672	5469	0.228	0.228	0.62	0.62
1461	1871	0.228	0.228	0.59	0.59
1016	2225	0.228	0.228	0.39	0.39
993	3545	0.228	0.228	0.56	0.56
461	2906	0.228	0.228	0.28	0.28
1532	1935	0.228	0.228	0.49	0.49
1446	2877	0.228	0.228	0.50	0.50
881	2511	0.228	0.228	0.57	0.57
2908	3042	0.228	0.228	0.28	0.28
2453	2473	0.228	0.228	0.49	0.49
1284	5290	0.228	0.228	0.56	0.56
4599	5000	0.227	0.227	0.65	0.65
1361	3354	0.227	0.227	0.54	0.54
2161	3140	0.227	0.227	0.47	0.47
1623	2942	0.227	0.227	0.46	0.46
1337	2781	0.227	0.227	0.39	0.39
4615	5405	0.227	0.227	0.43	0.43
3678	4408	0.227	0.227	0.35	0.35
2062	3012	0.227	0.227	0.24	0.24
1293	3867	0.227	0.227	0.43	0.43
2	3545	0.227	0.227	0.33	0.33
4573	5388	0.227	0.227	0.58	0.58
2325	4896	0.227	0.227	0.60	0.60
1022	1792	0.227	0.227	0.47	0.47
3286	3787	0.227	0.227	0.58	0.58
2935	3577	0.227	0.227	0.56	0.56
2539	3313	0.227	0.227	0.42	0.42
81	4850	0.227	0.227	0.47	0.47
4768	4940	0.227	0.227	0.63	0.63
4024	4822	0.227	0.227	0.41	0.41
3528	4466	0.227	0.227	0.57	0.57
1359	5631	0.227	0.227	0.42	0.42
1200	2142	0.227	0.227	0.30	0.30
273	3399	0.227	0.227	0.40	0.40
2880	5429	0.227	0.227	0.44	0.44
3974	5080	0.227	0.227	0.39	0.39
1963	3592	0.227	0.227	0.47	0.47
1613	4307	0.227	0.227	0.57	0.57
3822	4566	0.226	0.226	0.47	0.47
2063	2727	0.226	0.226	0.36	0.36
365	3354	0.226	0.226	0.38	0.38
2253	5549	0.226	0.226	0.29	0.29
652	4359	0.226	0.226	0.42	0.42
260	2253	0.226	0.226	0.59	0.59
1960	2623	0.226	0.226	0.47	0.47
1577	4049	0.226	0.226	0.58	0.58
2360	3661	0.226	0.226	0.31	0.31
1253	1541	0.226	0.226	0.28	0.28
672	3721	0.226	0.226	0.48	0.48
518	1517	0.226	0.226	0.42	0.42
3470	4968	0.226	0.226	0.51	0.51
2968	5448	0.226	0.226	0.42	0.42
1096	2810	0.226	0.226	0.48	0.48
94	4592	0.226	0.226	0.53	0.53
1781	4024	0.226	0.226	0.53	0.53
1259	3048	0.226	0.226	0.47	0.47
94	3382	0.226	0.226	0.67	0.67
2521	3732	0.225	0.225	0.26	0.26
1501	1977	0.225	0.225	0.52	0.52
5124	5251	0.225	0.225	0.42	0.42
3779	4793	0.225	0.225	0.62	0.62
2605	4669	0.225	0.225	0.67	0.67
867	2589	0.225	0.225	0.48	0.48
1672	5631	0.225	0.225	0.31	0.31
3690	5560	0.225	0.225	0.29	0.29
979	3224	0.225	0.225	0.47	0.47
3647	5526	0.225	0.225	0.27	0.27
2068	3560	0.225	0.225	0.36	0.36
269	652	0.225	0.225	0.49	0.49
139	1935	0.225	0.225	0.21	0.21
1965	4716	0.225	0.225	0.60	0.60
821	870	0.225	0.225	0.38	0.38
3761	5514	0.225	0.225	0.60	0.60
1371	1775	0.225	0.225	0.50	0.50
1172	2459	0.225	0.225	0.58	0.58
678	4857	0.225	0.225	0.51	0.51
3996	4253	0.225	0.225	0.48	0.48
3924	4676	0.225	0.225	0.51	0.51
2283	3808	0.225	0.225	0.24	0.24
1448	5303	0.225	0.225	0.35	0.35
1045	3104	0.225	0.225	0.50	0.50
3945	4113	0.224	0.224	0.39	0.39
512	4379	0.224	0.224	0.40	0.40
3293	5272	0.224	0.224	0.46	0.46
1390	2912	0.224	0.224	0.43	0.43
768	3964	0.224	0.224	0.47	0.47
464	4588	0.224	0.224	0.41	0.41
3558	5021	0.224	0.224	0.44	0.44
2207	4307	0.224	0.224	0.52	0.52
1644	3067	0.224	0.224	0.39	0.39
4115	4566	0.224	0.224	0.35	0.35
1873	5439	0.224	0.224	0.36	0.36
1016	3935	0.224	0.224	0.26	0.26
609	3501	0.224	0.224	0.55	0.55
363	3735	0.224	0.224	0.56	0.56
5533	5600	0.224	0.224	0.29	0.29
4584	4817	0.224	0.224	0.28	0.28
3900	4413	0.224	0.224	0.35	0.35
1815	3284	0.224	0.224	0.20	0.20
492	3816	0.224	0.224	0.38	0.38
4847	5371	0.224	0.224	0.45	0.45
2207	2328	0.223	0.223	0.26	0.26
947	5028	0.223	0.223	0.45	0.45
4316	5553	0.223	0.223	0.61	0.61
3047	3782	0.223	0.223	0.20	0.20
2400	4577	0.223	0.223	0.50	0.50
1279	1359	0.223	0.223	0.40	0.40
1154	1576	0.223	0.223	0.54	0.54
217	2523	0.223	0.223	0.36	0.36
2568	3031	0.223	0.223	0.24	0.24
2106	3224	0.223	0.223	0.41	0.41
4163	5094	0.223	0.223	0.51	0.51
3843	5076	0.223	0.223	0.54	0.54
563	5197	0.223	0.223	0.60	0.60
321	1977	0.223	0.223	0.47	0.47
5347	5631	0.223	0.223	0.55	0.55
5302	5350	0.223	0.223	0.43	0.43
3935	4745	0.223	0.223	0.44	0.44
2581	4762	0.223	0.223	0.67	0.67
2448	3666	0.223	0.223	0.50	0.50
2178	3456	0.223	0.223	0.48	0.48
1552	2291	0.223	0.223	0.46	0.46
722	3626	0.223	0.223	0.65	0.65
