a	b	entity	tar	cif_off	cif_len	pae_off	pae_len
11	2220	AF-0000000206179831	shard_2082_batch_1.tar	45040128	144624	1613882368	1512619
27	2400	AF-0000000206307262	shard_1910_batch_1.tar	28390400	150861	1155120640	1708439
29	2368	AF-0000000206256337	shard_2002_batch_1.tar	112262656	144844	1741540864	1529892
39	2312	AF-0000000206165767	shard_2056_batch_0.tar	125843456	69054	337543680	342369
63	2684	AF-0000000206330618	shard_1972_batch_1.tar	19052032	138316	1455358464	1404050
64	2966	AF-0000000206161138	shard_1956_batch_1.tar	129589248	129380	364966400	1277514
78	2447	AF-0000000206305359	shard_1996_batch_1.tar	50156032	51027	836313088	167172
78	2882	AF-0000000206305012	shard_1974_batch_1.tar	23265280	62859	527169024	268776
105	2205	AF-0000000206144989	shard_1990_batch_0.tar	60397568	90416	1227412480	579408
106	2098	AF-0000000206422257	shard_1352_batch_1.tar	64126464	173957	2065836544	2292403
110	2742	AF-0000000206225559	shard_152_batch_1.tar	1073664	156544	1314201600	1760652
118	2368	AF-0000000206295648	shard_1974_batch_1.tar	64878080	144691	1053925376	1549539
122	2103	AF-0000000206113949	shard_2082_batch_0.tar	2908672	310454	559388160	6592391
124	2009	AF-0000000206309346	shard_1992_batch_1.tar	60566016	216242	1545992704	3512820
124	2183	AF-0000000206309290	shard_1376_batch_0.tar	51284480	193419	1471847936	2800552
124	2201	AF-0000000206309255	shard_136_batch_1.tar	93655552	133051	1243423744	1342710
124	2226	AF-0000000206309342	shard_1948_batch_1.tar	124851712	192705	1370029056	2924119
124	2400	AF-0000000206309313	shard_1390_batch_0.tar	90308608	208836	2992986624	3473362
124	2816	AF-0000000206309322	shard_1374_batch_0.tar	11709952	188439	2843813888	2666006
124	2936	AF-0000000206309274	shard_1400_batch_0.tar	178359808	225686	3696600576	4028543
125	2312	AF-0000000206135083	shard_88_batch_0.tar	33051648	94034	207850496	624904
131	2070	AF-0000000206362270	shard_138_batch_1.tar	134344192	140618	1593565184	1425188
131	2259	AF-0000000206362265	shard_98_batch_1.tar	18130432	104761	633729024	792857
134	2792	AF-0000000206412581	shard_1402_batch_1.tar	39777280	234392	3535634432	3637174
137	2678	AF-0000000206280884	shard_158_batch_1.tar	37506048	155172	798601216	1837090
138	2764	AF-0000000206321767	shard_140_batch_1.tar	91446272	143008	568096768	1317910
139	2095	AF-0000000206143307	shard_134_batch_0.tar	94176768	136333	1514715648	1347359
146	2602	AF-0000000206172134	shard_1202_batch_0.tar	245984256	252972	1684961280	4436115
147	2129	AF-0000000206407953	shard_64_batch_1.tar	36424704	79131	247544320	479928
150	2685	AF-0000000206319368	shard_148_batch_1.tar	127083008	149977	841694720	1626502
151	2083	AF-0000000206346445	shard_100_batch_1.tar	5849088	105683	929546240	765893
154	2910	AF-0000000206405788	shard_1212_batch_1.tar	157488640	294460	794280960	6364438
155	2950	AF-0000000206234582	shard_68_batch_1.tar	47764480	84334	257496576	503902
157	2944	AF-0000000206300355	shard_1990_batch_1.tar	10836992	105541	1757228032	755291
158	2941	AF-0000000206254422	shard_1964_batch_1.tar	51521024	291682	736751104	6257687
180	2257	AF-0000000206149909	shard_1898_batch_0.tar	25481728	174363	583033344	2187265
186	2554	AF-0000000206332401	shard_1392_batch_0.tar	187882496	214400	763260416	3272611
187	2966	AF-0000000206319469	shard_2004_batch_1.tar	48724480	130281	254752256	1303930
193	2822	AF-0000000206301863	shard_1206_batch_0.tar	58551296	258082	1457502208	4643444
195	2251	AF-0000000206305468	shard_80_batch_1.tar	56750080	90292	438009344	574263
197	2981	AF-0000000206234823	shard_1972_batch_1.tar	61448192	347823	1602431488	9147051
206	2089	AF-0000000206173801	shard_44_batch_0.tar	11720192	69961	451950080	337991
206	2153	AF-0000000206173750	shard_1974_batch_1.tar	118111232	127604	1392134656	1130467
210	2844	AF-0000000206398296	shard_1964_batch_1.tar	85910528	181975	1131184640	2471263
215	2882	AF-0000000206338171	shard_1930_batch_1.tar	95767040	76436	457362944	405314
218	2939	AF-0000000206153009	shard_1202_batch_0.tar	229540352	252359	2518687232	4407765
227	2312	AF-0000000206282440	shard_1942_batch_1.tar	98476032	53562	1427145728	190201
229	2248	AF-0000000206173195	shard_160_batch_1.tar	127742464	165440	1357383168	1985180
239	2122	AF-0000000206248987	shard_1920_batch_1.tar	116171264	202797	355212288	3021231
239	2594	AF-0000000206249011	shard_1916_batch_1.tar	27930624	203100	662036992	3021880
247	2096	AF-0000000206196905	shard_1926_batch_1.tar	108737024	186741	307446272	2581363
255	2548	AF-0000000206139420	shard_1938_batch_0.tar	113743360	170750	1303775232	2151820
255	2950	AF-0000000206139374	shard_2056_batch_0.tar	21048320	118446	898670080	1010215
257	2950	AF-0000000206223921	shard_116_batch_1.tar	65826304	117249	283403776	1029606
266	2649	AF-0000000206146778	shard_1384_batch_0.tar	188785152	208707	2228318720	3009770
278	2489	AF-0000000206355277	shard_80_batch_1.tar	3994112	89544	557277184	623900
300	2602	AF-0000000206341184	shard_1402_batch_0.tar	213054976	228403	3250199040	3712619
304	2762	AF-0000000206418463	shard_170_batch_2.tar	147910144	179056	1174580736	2209551
316	2359	AF-0000000206152022	shard_40_batch_0.tar	3783680	67415	236564992	297530
324	2568	AF-0000000206358804	shard_1364_batch_0.tar	178586112	180650	2443943936	2443439
324	2723	AF-0000000206358801	shard_28_batch_1.tar	57410048	58688	276724736	228397
331	2642	AF-0000000206285968	shard_168_batch_1.tar	28195328	176696	2212082688	2375357
331	2941	AF-0000000206285801	shard_1210_batch_0.tar	69094912	283086	921539072	6329545
361	2453	AF-0000000206210668	shard_2038_batch_1.tar	61632000	244618	1227718656	4523066
361	2565	AF-0000000206210658	shard_1204_batch_0.tar	3939840	260361	2264599552	5173939
361	2806	AF-0000000206210665	shard_1948_batch_1.tar	88209920	223384	1470955520	3886915
364	2026	AF-0000000206184441	shard_1400_batch_0.tar	123372544	227153	2375707648	3727685
364	2489	AF-0000000206184389	shard_1352_batch_0.tar	83041280	169717	2208573440	2127438
364	2537	AF-0000000206184438	shard_1208_batch_0.tar	37878272	271912	2612149760	5405928
364	2653	AF-0000000206184462	shard_146_batch_1.tar	81299456	144268	1380819456	1473831
364	2764	AF-0000000206184401	shard_1402_batch_0.tar	95624704	232252	3167353344	3711381
364	2797	AF-0000000206184343	shard_2044_batch_1.tar	105612288	239779	1267814912	4312554
364	2844	AF-0000000206184390	shard_1196_batch_0.tar	140720128	236945	1833384448	4102418
364	2921	AF-0000000206184513	shard_1926_batch_1.tar	24119808	254936	465400832	4825083
369	2051	AF-0000000206267789	shard_2000_batch_1.tar	38787584	417757	341473280	13409070
370	2251	AF-0000000206356178	shard_146_batch_1.tar	8794112	147305	1181964288	1569871
370	2336	AF-0000000206356155	shard_122_batch_1.tar	115487744	124267	990206464	1103549
370	2753	AF-0000000206356161	shard_122_batch_1.tar	102630912	124701	641374720	1109656
370	2904	AF-0000000206356183	shard_124_batch_1.tar	10374144	127516	853239296	1159268
375	2900	AF-0000000206336210	shard_2028_batch_1.tar	48327680	178926	713914368	2311450
386	2601	AF-0000000206219941	shard_20_batch_1.tar	21021184	53384	181709824	177939
393	2160	AF-0000000206335035	shard_2074_batch_1.tar	67147776	154724	579539968	1746163
393	2438	AF-0000000206335080	shard_1956_batch_1.tar	126185984	119812	1562524160	1108746
401	2700	AF-0000000206423214	shard_56_batch_1.tar	19986944	74267	516917760	387848
406	2712	AF-0000000206369061	shard_1218_batch_1.tar	86684160	380493	4051584512	9844836
409	2359	AF-0000000206227777	shard_54_batch_1.tar	56946176	75938	149448192	368113
418	2266	AF-0000000206433074	shard_1950_batch_1.tar	99125760	213905	1461342720	3635222
432	2554	AF-0000000206176253	shard_2084_batch_0.tar	118333440	128395	1526195712	1159241
434	2191	AF-0000000206300391	shard_1936_batch_1.tar	72836096	111090	1162048512	889287
453	2913	AF-0000000206119214	shard_1972_batch_0.tar	98368512	267735	409037312	5681335
455	2226	AF-0000000206209847	shard_1376_batch_0.tar	86645760	197224	2743325184	2896370
455	2400	AF-0000000206209786	shard_2074_batch_1.tar	17747456	213514	1289475072	3356265
455	2721	AF-0000000206209970	shard_2004_batch_1.tar	65054208	186631	1466587136	2712303
455	2847	AF-0000000206210022	shard_1376_batch_0.tar	184235008	199348	1943552000	2753659
460	2400	AF-0000000206246378	shard_1378_batch_0.tar	168990720	198696	1270976512	2990732
462	2368	AF-0000000206264866	shard_1900_batch_1.tar	7261696	127113	1686746112	1181572
472	2762	AF-0000000206188616	shard_2020_batch_1.tar	91699200	206022	481582592	2983124
475	2922	AF-0000000206258173	shard_1402_batch_0.tar	53648384	231524	4317736448	3803164
477	2244	AF-0000000206224801	shard_156_batch_1.tar	140297216	155073	458091008	1805579
486	2015	AF-0000000206124541	shard_1366_batch_0.tar	46306304	184308	851176960	2594268
491	2584	AF-0000000206188752	shard_1208_batch_0.tar	17335808	271778	1277458432	5635772
494	2253	AF-0000000206280959	shard_2002_batch_1.tar	73850880	196577	527055360	2880695
496	2910	AF-0000000206111068	shard_1212_batch_0.tar	260039168	296041	1998525440	6902727
502	2214	AF-0000000206437789	shard_1950_batch_1.tar	21919744	200870	337021440	2842154
502	2531	AF-0000000206437788	shard_2022_batch_1.tar	61316608	194258	1563520512	2720671
505	2817	AF-0000000206298523	shard_142_batch_1.tar	70884352	143018	1015375360	1513605
527	2089	AF-0000000206410186	shard_1944_batch_1.tar	64010752	219221	1618149888	3295776
529	2081	AF-0000000206139474	shard_1210_batch_0.tar	162706432	281386	5168842240	5586666
530	2255	AF-0000000206369068	shard_130_batch_1.tar	51423232	132502	1135563776	1270055
530	2663	AF-0000000206369090	shard_1344_batch_0.tar	118076416	168125	2078933504	2047557
534	2070	AF-0000000206411241	shard_112_batch_1.tar	18782208	115166	618206208	968750
534	2148	AF-0000000206410735	shard_1944_batch_1.tar	24561664	137261	875816960	1364400
537	2137	AF-0000000206398525	shard_1940_batch_1.tar	29752832	201163	642378240	3019344
537	2243	AF-0000000206398691	shard_1906_batch_1.tar	11981312	306384	1344539648	6292445
542	2132	AF-0000000206259954	shard_38_batch_1.tar	17934336	63518	330422272	270941
542	2692	AF-0000000206259981	shard_1956_batch_1.tar	73814528	66032	490607104	305547
542	2873	AF-0000000206260031	shard_2050_batch_1.tar	99702272	68358	1726795264	334418
551	2661	AF-0000000206129154	shard_1214_batch_0.tar	134740480	304688	2004911616	7535710
551	2805	AF-0000000206129153	shard_1208_batch_0.tar	88203264	276060	2277703168	6027654
555	2765	AF-0000000206233669	shard_110_batch_1.tar	59382272	114130	533815808	945224
556	2697	AF-0000000206309611	shard_2000_batch_1.tar	122330112	94127	1592741888	659983
556	2971	AF-0000000206309629	shard_82_batch_1.tar	21315072	93404	614904320	645247
559	2821	AF-0000000206112619	shard_1208_batch_0.tar	139610624	277953	920631296	5671594
564	2762	AF-0000000206260293	shard_136_batch_1.tar	28620800	138460	1202254336	1323331
576	2122	AF-0000000206390842	shard_1378_batch_0.tar	55922176	197383	3015336960	3013183
576	2594	AF-0000000206390853	shard_1378_batch_0.tar	33111040	197971	1578780160	3045664
597	2015	AF-0000000206245090	shard_1944_batch_1.tar	55107072	240623	1566259712	4382799
599	2684	AF-0000000206377205	shard_1356_batch_0.tar	166129152	174251	1792338432	2360233
607	2312	AF-0000000206273742	shard_1962_batch_1.tar	13482496	80500	475889664	461099
609	2381	AF-0000000206308088	shard_1996_batch_1.tar	74090496	51434	1467667968	180815
609	2433	AF-0000000206307707	shard_1978_batch_1.tar	80838144	77581	512965632	455253
609	2668	AF-0000000206307835	shard_1994_batch_1.tar	94380032	90793	931238400	609954
610	2470	AF-0000000206371543	shard_1384_batch_0.tar	74045952	207624	2005150208	3208788
614	2336	AF-0000000206286756	shard_1980_batch_1.tar	92415488	62863	1462051840	242180
618	2827	AF-0000000206181448	shard_76_batch_1.tar	56995328	89031	543851520	569276
622	2098	AF-0000000206381796	shard_1900_batch_1.tar	20174848	89198	427654144	567044
622	2446	AF-0000000206381778	shard_2060_batch_1.tar	13108224	138310	338117120	1257073
623	2309	AF-0000000206126467	shard_2010_batch_0.tar	36278784	179398	1738896384	2433645
630	2122	AF-0000000206379795	shard_2064_batch_1.tar	40513024	217663	913123328	3389308
630	2594	AF-0000000206379819	shard_1394_batch_1.tar	51722752	217812	2428687872	3410538
631	2259	AF-0000000206158536	shard_50_batch_0.tar	20478464	71968	286990848	383278
636	2419	AF-0000000206169146	shard_1402_batch_0.tar	146130432	226844	2079821312	4055371
636	2900	AF-0000000206169155	shard_2014_batch_1.tar	95769088	168842	1229152768	2117602
639	2284	AF-0000000206333575	shard_1210_batch_0.tar	105068544	279770	5968170496	5719548
639	2762	AF-0000000206333589	shard_1202_batch_0.tar	168957440	251045	3451089408	4364246
647	2950	AF-0000000206317125	shard_1902_batch_1.tar	104032256	145132	1354634240	1513093
651	2446	AF-0000000206367123	shard_1942_batch_1.tar	120488960	160665	1222672384	1827080
651	2726	AF-0000000206367118	shard_1912_batch_1.tar	47995904	78429	401293824	439967
673	2336	AF-0000000206195744	shard_2036_batch_1.tar	99663360	131620	932408832	1261740
673	2784	AF-0000000206195734	shard_1368_batch_0.tar	184320	187718	2863497216	2485458
673	2950	AF-0000000206195735	shard_128_batch_1.tar	125005824	129972	1397889024	1248855
680	2184	AF-0000000206157253	shard_1216_batch_0.tar	164468224	341506	5149377024	8990243
680	2498	AF-0000000206157347	shard_1356_batch_0.tar	84345856	175456	1878036992	2299593
681	2685	AF-0000000206415175	shard_142_batch_1.tar	24041472	143528	653608960	1478442
684	2693	AF-0000000206415249	shard_1216_batch_1.tar	66097664	321047	6976314368	7135848
685	2312	AF-0000000206354567	shard_50_batch_1.tar	44219904	69687	484769280	335981
687	2588	AF-0000000206313422	shard_128_batch_1.tar	115623424	129155	1177395712	1234720
690	2392	AF-0000000206399533	shard_1344_batch_1.tar	84286976	165316	1372813824	1869856
694	2466	AF-0000000206157629	shard_1892_batch_0.tar	105636864	168408	569998848	1988185
696	2153	AF-0000000206232452	shard_146_batch_1.tar	75202560	143902	1052710400	1565254
696	2753	AF-0000000206232454	shard_1970_batch_1.tar	110369280	78021	1633672192	438280
698	2276	AF-0000000206412331	shard_1912_batch_1.tar	31549440	181418	1040466432	2115088
698	2976	AF-0000000206412013	shard_38_batch_1.tar	26223104	68139	390279680	283836
700	2697	AF-0000000206121339	shard_2010_batch_0.tar	113217536	96604	515361792	675506
700	2971	AF-0000000206121356	shard_1998_batch_0.tar	6180864	95678	478625280	658184
706	2693	AF-0000000206128257	shard_2042_batch_0.tar	70956544	225725	1645125120	3749071
707	2302	AF-0000000206255206	shard_1206_batch_0.tar	44654080	266998	5196413952	4839567
707	2417	AF-0000000206254890	shard_1896_batch_1.tar	96750592	318371	838562816	7394779
707	2847	AF-0000000206255210	shard_1402_batch_0.tar	139325440	240802	3676547584	3873975
710	2184	AF-0000000206182709	shard_1218_batch_0.tar	261661696	368582	2853605376	9800257
736	2822	AF-0000000206300571	shard_1992_batch_1.tar	28104704	259150	647995904	4647198
743	2244	AF-0000000206145786	shard_2002_batch_0.tar	33443840	150920	658824704	1736352
743	2492	AF-0000000206145621	shard_2078_batch_0.tar	101685760	75091	607666688	387868
744	2420	AF-0000000206271432	shard_2054_batch_1.tar	44810240	142982	634743296	1512329
772	2153	AF-0000000206356723	shard_128_batch_1.tar	122674688	128012	654019584	1133408
778	2302	AF-0000000206311304	shard_1960_batch_1.tar	99622912	322242	907633664	7341474
779	2806	AF-0000000206164392	shard_160_batch_1.tar	106037760	160882	1219452416	2012483
779	2807	AF-0000000206164398	shard_160_batch_1.tar	56492032	160915	393786368	1997538
794	2312	AF-0000000206421367	shard_1970_batch_1.tar	9918976	83652	460645376	498925
805	2276	AF-0000000206133673	shard_2024_batch_0.tar	55943680	250062	1631262720	4435170
805	2765	AF-0000000206133639	shard_2026_batch_0.tar	126506496	161645	1065314304	1848079
805	2792	AF-0000000206133586	shard_1914_batch_0.tar	118709760	188182	313882112	2531192
806	2392	AF-0000000206296239	shard_154_batch_1.tar	103084032	154744	551744000	1552313
807	2631	AF-0000000206238407	shard_1214_batch_0.tar	125460992	307804	6605974016	6759331
807	2641	AF-0000000206238385	shard_1366_batch_0.tar	156144128	185164	2001584128	2441438
807	2780	AF-0000000206238287	shard_1938_batch_1.tar	98189824	198091	919487488	2523953
807	2915	AF-0000000206238279	shard_1998_batch_1.tar	18135040	128969	603604480	1048543
813	2098	AF-0000000206183529	shard_1900_batch_1.tar	109619200	102418	968422400	757736
813	2726	AF-0000000206183516	shard_2064_batch_1.tar	102756864	69502	1078713856	332690
823	2762	AF-0000000206319658	shard_2038_batch_1.tar	89345024	242787	1176436224	4036725
823	2897	AF-0000000206319635	shard_2008_batch_1.tar	76021248	256855	1077926400	4458197
826	2649	AF-0000000206399062	shard_1384_batch_0.tar	139127296	210117	416516608	2910219
826	2793	AF-0000000206399004	shard_1396_batch_1.tar	161768448	228167	3119204352	3433129
829	2263	AF-0000000206434299	shard_1920_batch_1.tar	63370752	197515	719027200	2794597
833	2242	AF-0000000206141104	shard_32_batch_0.tar	21865472	59893	326403584	254375
836	2162	AF-0000000206200979	shard_1200_batch_0.tar	13287424	247333	3574705664	4562035
844	2692	AF-0000000206319719	shard_8_batch_1.tar	5127168	44269	99533824	132086
844	2873	AF-0000000206319746	shard_12_batch_1.tar	26791424	47013	128011264	153784
851	2765	AF-0000000206399652	shard_1922_batch_1.tar	44444672	182158	320729600	2258884
851	2941	AF-0000000206399636	shard_2038_batch_1.tar	75341312	293904	1596405760	6400239
865	2533	AF-0000000206438154	shard_1348_batch_1.tar	32447488	163546	1977669120	2050293
872	2400	AF-0000000206239988	shard_144_batch_1.tar	12569600	144201	1085614080	1535216
873	2226	AF-0000000206182848	shard_2030_batch_1.tar	13379584	218843	1421852672	3618814
873	2400	AF-0000000206182826	shard_1942_batch_1.tar	46633984	234868	639189504	4260903
884	2276	AF-0000000206409901	shard_1938_batch_1.tar	104440832	165025	1282545664	1794811
884	2489	AF-0000000206409543	shard_1956_batch_1.tar	82436608	71480	582014976	387466
884	2828	AF-0000000206409845	shard_40_batch_1.tar	37391360	62492	235443712	288590
902	2226	AF-0000000206123274	shard_1984_batch_0.tar	1596928	159503	1294999040	1853647
902	2400	AF-0000000206123267	shard_1966_batch_0.tar	92782080	175646	332574720	2263204
902	2928	AF-0000000206123260	shard_1380_batch_0.tar	145176576	204598	2347258368	2965414
905	2886	AF-0000000206144029	shard_2054_batch_0.tar	67755008	276931	878350848	6472546
907	2162	AF-0000000206207194	shard_2054_batch_1.tar	102459904	279779	615755264	5294067
907	2692	AF-0000000206207146	shard_2030_batch_1.tar	89779200	212927	1695684608	3100296
910	2128	AF-0000000206120218	shard_1216_batch_0.tar	29313536	329460	3904306688	7958897
937	2096	AF-0000000206412787	shard_120_batch_1.tar	78774784	118130	874461184	1026856
950	2770	AF-0000000206247356	shard_1950_batch_1.tar	18771968	116980	1169331200	971315
955	2206	AF-0000000206384934	shard_1204_batch_1.tar	57001472	266394	2385576448	5416605
969	2139	AF-0000000206302336	shard_2022_batch_1.tar	9441792	238862	838796288	4320106
969	2160	AF-0000000206302338	shard_1904_batch_1.tar	66419200	212682	1314799616	3248921
969	2519	AF-0000000206302337	shard_1936_batch_1.tar	9926144	243790	1774422016	4298966
972	2492	AF-0000000206372078	shard_84_batch_1.tar	93220864	94351	303193600	608538
993	2004	AF-0000000206314287	shard_2054_batch_1.tar	22642176	117117	710787072	977782
993	2433	AF-0000000206313673	shard_2000_batch_1.tar	40928256	91425	1039691264	628526
995	2510	AF-0000000206303489	shard_1208_batch_0.tar	224753152	271256	2505522176	5389986
1004	2226	AF-0000000206217208	shard_1906_batch_1.tar	101699584	154512	1082600960	1788310
1004	2400	AF-0000000206217198	shard_1350_batch_0.tar	83388928	170438	1938652672	2208748
1009	2360	AF-0000000206311323	shard_112_batch_1.tar	7382016	109715	332641792	947006
1013	2054	AF-0000000206286783	shard_1974_batch_1.tar	88556032	207723	1631382016	3313055
1023	2015	AF-0000000206278141	shard_1900_batch_1.tar	64814592	238578	627158528	4387726
1026	2570	AF-0000000206228748	shard_1402_batch_0.tar	150806016	238992	1410454016	4065547
1027	2134	AF-0000000206303171	shard_2008_batch_1.tar	63162880	90216	612621312	598207
1034	2510	AF-0000000206371100	shard_1202_batch_1.tar	133529600	252987	4023198720	4899999
1038	2683	AF-0000000206339082	shard_1374_batch_0.tar	186051584	189958	2001185280	2859719
1047	2009	AF-0000000206360436	shard_1394_batch_0.tar	153973248	216484	1860298240	3665334
1047	2201	AF-0000000206360357	shard_1978_batch_1.tar	66257920	133232	1381914112	1342973
1047	2226	AF-0000000206360433	shard_1376_batch_0.tar	87043072	192994	743957504	2937863
1047	2400	AF-0000000206360407	shard_2048_batch_1.tar	41063936	209078	1275627008	3472789
1047	2936	AF-0000000206360374	shard_2000_batch_1.tar	12546048	225937	1577272832	4033040
1056	2807	AF-0000000206282495	shard_1206_batch_0.tar	182856192	261295	1720221696	5287630
1058	2062	AF-0000000206114634	shard_2044_batch_0.tar	114409472	164221	1119854080	1893838
1058	2602	AF-0000000206114655	shard_1954_batch_0.tar	48903168	260835	438107136	4649135
1059	2658	AF-0000000206207220	shard_1394_batch_0.tar	109075456	217931	3735922176	3308095
1066	2739	AF-0000000206400502	shard_1360_batch_1.tar	88206336	173307	876515328	2397364
1067	2447	AF-0000000206391204	shard_1988_batch_1.tar	46906368	226916	939069440	3806485
1067	2692	AF-0000000206391057	shard_1394_batch_1.tar	78469632	221539	2912078848	3625037
1067	2873	AF-0000000206391175	shard_2068_batch_1.tar	89166848	224392	1331398144	3722453
1076	2051	AF-0000000206293579	shard_1392_batch_0.tar	161324032	218164	1479853568	3509630
1076	2132	AF-0000000206293669	shard_2030_batch_1.tar	33490432	41584	343594496	111932
1076	2692	AF-0000000206293717	shard_8_batch_1.tar	36071424	43924	97051136	130569
1076	2873	AF-0000000206293838	shard_2034_batch_1.tar	63767040	46667	1593804800	152159
1077	2967	AF-0000000206438724	shard_64_batch_1.tar	81492992	79219	604765184	490052
1078	2601	AF-0000000206333803	shard_1950_batch_1.tar	97381376	64655	1517636608	286978
1086	2037	AF-0000000206206511	shard_132_batch_1.tar	100682240	125108	1271333888	1166920
1091	2762	AF-0000000206305993	shard_1200_batch_0.tar	187389952	251237	3865854976	4398568
1092	2142	AF-0000000206106076	shard_1944_batch_0.tar	101890560	178818	551848960	2220478
1093	2009	AF-0000000206440733	shard_1944_batch_1.tar	68802560	215073	639862272	3486203
1093	2026	AF-0000000206440727	shard_1946_batch_1.tar	13853696	208640	1805796864	3353315
1093	2183	AF-0000000206440692	shard_1374_batch_1.tar	41756160	192637	703557120	2763718
1093	2226	AF-0000000206440731	shard_2010_batch_1.tar	116392448	192435	610045440	2911202
1093	2400	AF-0000000206440709	shard_1390_batch_1.tar	174233088	208236	2840999424	3440169
1093	2936	AF-0000000206440681	shard_1400_batch_1.tar	210081792	225364	2244118016	4005456
1114	2885	AF-0000000206197594	shard_1392_batch_0.tar	141738496	223374	914982912	3323720
1115	2191	AF-0000000206108418	shard_2048_batch_0.tar	53008896	169339	521566208	2101178
1115	2308	AF-0000000206108476	shard_1954_batch_0.tar	37492736	191695	741948928	2637203
1123	2534	AF-0000000206352636	shard_1344_batch_0.tar	67980800	168493	617523712	2030783
1143	2027	AF-0000000206303519	shard_1898_batch_1.tar	9901056	139304	748396032	1415499
1161	2122	AF-0000000206182934	shard_1364_batch_0.tar	100607488	185711	1721881600	2558136
1161	2594	AF-0000000206182946	shard_1366_batch_0.tar	5623296	186042	2795362304	2571787
1169	2209	AF-0000000206255251	shard_1966_batch_1.tar	83428864	195845	1414955008	2752942
1170	2950	AF-0000000206366650	shard_138_batch_1.tar	38519296	139351	315505664	1351763
1174	2226	AF-0000000206315872	shard_2056_batch_1.tar	108425728	109206	839444480	869861
1174	2400	AF-0000000206315862	shard_126_batch_1.tar	104589312	125366	647628288	1166116
1174	2489	AF-0000000206315856	shard_48_batch_1.tar	39983616	68376	263766528	349356
1180	2492	AF-0000000206294099	shard_1910_batch_1.tar	126614528	67900	955684352	311394
1185	2128	AF-0000000206240062	shard_2026_batch_1.tar	7114240	327751	1243538944	7773266
1195	2601	AF-0000000206366709	shard_80_batch_1.tar	59063808	89328	567429120	599173
1202	2780	AF-0000000206371613	shard_158_batch_1.tar	64758272	160217	1104057344	1883720
1210	2308	AF-0000000206249319	shard_1210_batch_0.tar	123012608	287264	3870726144	6131755
1210	2644	AF-0000000206249278	shard_1212_batch_0.tar	140452352	299511	1991990272	6534259
1211	2412	AF-0000000206438041	shard_1344_batch_1.tar	151151616	165773	1148754944	2035818
1211	2894	AF-0000000206438039	shard_1340_batch_1.tar	42990592	164790	585534464	1957116
1212	2817	AF-0000000206108505	shard_1908_batch_0.tar	26793472	298082	289348096	6306537
1213	2582	AF-0000000206438670	shard_1210_batch_1.tar	134633472	277356	2553906688	5692430
1216	2474	AF-0000000206314330	shard_134_batch_1.tar	68084736	128447	850787840	1325077
1216	2632	AF-0000000206314340	shard_2044_batch_1.tar	122265088	104746	1335116288	860264
1223	2010	AF-0000000206259082	shard_158_batch_1.tar	96485888	161950	649054720	1953178
1223	2484	AF-0000000206259057	shard_1930_batch_1.tar	62379520	125599	834797568	1110841
1223	2545	AF-0000000206259067	shard_2014_batch_1.tar	100534272	242665	1368823808	4498906
1223	2606	AF-0000000206259078	shard_2058_batch_1.tar	81411584	257859	512083968	5030060
1223	2884	AF-0000000206259070	shard_1986_batch_1.tar	51907072	259598	602894848	5242080
1223	2973	AF-0000000206259075	shard_1906_batch_1.tar	122810368	254331	651582464	4871115
1231	2871	AF-0000000206246484	shard_2006_batch_1.tar	81901056	74555	265045504	383417
1231	2941	AF-0000000206246582	shard_1394_batch_0.tar	95620608	217882	873639936	3552598
1248	2044	AF-0000000206297879	shard_2002_batch_1.tar	60476416	148001	1633416704	1493778
1248	2157	AF-0000000206297796	shard_140_batch_1.tar	26550272	142663	1060817920	1342376
1248	2846	AF-0000000206297814	shard_1904_batch_1.tar	63791616	191732	475103232	2523485
1255	2847	AF-0000000206351486	shard_1210_batch_0.tar	125002240	287245	3543796736	5932935
1285	2184	AF-0000000206333873	shard_1904_batch_1.tar	108945920	263726	1689562112	5488792
1288	2828	AF-0000000206138644	shard_2058_batch_1.tar	96285184	124231	842601984	1158298
1296	2106	AF-0000000206195828	shard_1360_batch_0.tar	35292672	185022	1697419264	2462983
1299	2134	AF-0000000206229674	shard_2010_batch_1.tar	121296384	149130	260227072	1503752
1306	2098	AF-0000000206171232	shard_68_batch_0.tar	71840256	82986	532995072	497914
1306	2433	AF-0000000206170836	shard_60_batch_0.tar	3719168	76169	569383936	444108
1306	2941	AF-0000000206171066	shard_1372_batch_0.tar	99506176	190786	1320542208	2783858
1306	2950	AF-0000000206171001	shard_28_batch_0.tar	34343424	56984	291821056	217131
1320	2369	AF-0000000206413131	shard_1906_batch_1.tar	57057792	74792	428413952	411756
1320	2438	AF-0000000206413167	shard_1902_batch_1.tar	61232128	96437	496133120	693842
1320	2627	AF-0000000206413148	shard_1990_batch_1.tar	64253440	62288	1663408640	299476
1321	2134	AF-0000000206133073	shard_62_batch_0.tar	39947264	82125	462617088	468079
1321	2226	AF-0000000206133071	shard_130_batch_0.tar	41195008	129868	512300032	1304307
1321	2400	AF-0000000206133044	shard_146_batch_1.tar	117539328	145457	1304846336	1648485
1321	2697	AF-0000000206133032	shard_84_batch_0.tar	46895616	94854	639035392	660783
1321	2858	AF-0000000206133063	shard_82_batch_0.tar	92422144	90175	247240704	622317
1321	2971	AF-0000000206133093	shard_84_batch_0.tar	69728768	94483	612127232	645176
1330	2096	AF-0000000206367994	shard_116_batch_1.tar	25752064	111601	1187079168	934579
1330	2950	AF-0000000206367828	shard_26_batch_1.tar	54315008	56701	231597568	222353
1331	2096	AF-0000000206141529	shard_2034_batch_0.tar	122756608	111536	1571150336	932143
1331	2792	AF-0000000206141341	shard_1904_batch_0.tar	58014208	106182	1339110912	814222
1333	2742	AF-0000000206298537	shard_150_batch_1.tar	59204608	153369	1689943040	1677531
1339	2133	AF-0000000206183725	shard_1904_batch_1.tar	114949632	193410	757900800	2761609
1340	2271	AF-0000000206336512	shard_148_batch_1.tar	137000960	147172	1193973248	1642078
1346	2957	AF-0000000206203099	shard_1386_batch_0.tar	189643264	210216	3025733632	3357071
1349	2933	AF-0000000206220797	shard_1904_batch_1.tar	120585216	214057	995606528	3312800
1365	2446	AF-0000000206306800	shard_2038_batch_1.tar	12500992	258748	1508313088	4340428
1365	2765	AF-0000000206306732	shard_2074_batch_1.tar	25567232	205421	569017344	2744112
1372	2308	AF-0000000206348115	shard_1902_batch_1.tar	18108928	135155	1098695680	1235461
1373	2187	AF-0000000206312092	shard_134_batch_1.tar	123772416	133514	589212160	1308192
1373	2558	AF-0000000206312093	shard_130_batch_1.tar	40989696	130106	357774848	1252613
1377	2933	AF-0000000206394266	shard_1364_batch_1.tar	58437632	182978	867720704	2468545
1379	2251	AF-0000000206262702	shard_126_batch_1.tar	49415168	126269	762641408	1107394
1379	2336	AF-0000000206262635	shard_2038_batch_1.tar	3055104	103496	1334534144	753416
1379	2753	AF-0000000206262653	shard_94_batch_1.tar	3469312	103679	357162496	728860
1379	2904	AF-0000000206262714	shard_98_batch_1.tar	47598592	105896	406119936	772136
1388	2347	AF-0000000206278148	shard_2052_batch_1.tar	121341440	156753	1284698624	1756194
1390	2817	AF-0000000206357194	shard_1348_batch_0.tar	54347776	172709	1630621184	2233071
1393	2668	AF-0000000206287623	shard_1996_batch_1.tar	50676224	92032	1629696000	662589
1394	2950	AF-0000000206120248	shard_1974_batch_0.tar	107013120	65864	918726144	280214
1395	2649	AF-0000000206401952	shard_2050_batch_1.tar	1516032	78738	704736256	415271
1410	2713	AF-0000000206372254	shard_1216_batch_1.tar	124023808	324129	1596977152	7721278
1413	2264	AF-0000000206225132	shard_1948_batch_1.tar	18816512	169270	681981440	1926212
1427	2307	AF-0000000206283658	shard_1960_batch_1.tar	70546944	168412	286593024	2115031
1432	2226	AF-0000000206426039	shard_1900_batch_1.tar	43686400	234871	1173922816	4150413
1432	2400	AF-0000000206425992	shard_2030_batch_1.tar	79428608	251080	532471808	4805148
1438	2565	AF-0000000206291469	shard_1892_batch_1.tar	111485440	262637	1206627840	5143920
1446	2312	AF-0000000206171356	shard_1942_batch_1.tar	67697664	68949	420442112	325975
1453	2276	AF-0000000206427246	shard_1982_batch_1.tar	2428416	342815	626448384	8247972
1453	2614	AF-0000000206427163	shard_1218_batch_1.tar	250570240	367410	4186488320	9041143
1456	2095	AF-0000000206292045	shard_1892_batch_1.tar	40641536	240935	380104192	4189594
1458	2922	AF-0000000206220218	shard_1984_batch_1.tar	109727232	226092	1155764224	3582471
1469	2086	AF-0000000206113177	shard_1370_batch_0.tar	51199488	194747	1767336448	2764134
1469	2241	AF-0000000206113196	shard_1208_batch_0.tar	262408704	273679	2331334144	5592174
1477	2649	AF-0000000206201213	shard_72_batch_1.tar	50636288	86717	270446592	512489
1478	2400	AF-0000000206269878	shard_1382_batch_0.tar	88083968	200454	2600821248	2990552
1489	2306	AF-0000000206131922	shard_1928_batch_0.tar	127657984	95700	1522673152	689715
1493	2088	AF-0000000206434714	shard_2068_batch_1.tar	7909376	170615	1671837184	2076498
1493	2614	AF-0000000206434744	shard_1974_batch_1.tar	72432640	291574	528665600	5304479
1493	2797	AF-0000000206434711	shard_2042_batch_1.tar	104252928	244013	1702268928	4412561
1496	2251	AF-0000000206117473	shard_158_batch_1.tar	44739584	162964	1447976960	1915782
1496	2336	AF-0000000206117425	shard_138_batch_0.tar	113418752	140277	726550016	1416640
1496	2753	AF-0000000206117442	shard_138_batch_0.tar	59323392	140428	879354880	1441890
1496	2904	AF-0000000206117480	shard_2080_batch_0.tar	131584	142887	1328397824	1473264
1508	2244	AF-0000000206285138	shard_1958_batch_1.tar	70788608	297081	1253018624	6815966
1508	2276	AF-0000000206285139	shard_1918_batch_1.tar	129130496	337823	1497340928	8322409
1510	2913	AF-0000000206278161	shard_2050_batch_1.tar	82784768	256802	922149376	5248876
1512	2178	AF-0000000206110527	shard_1892_batch_0.tar	69254656	174626	314530816	2448843
1522	2096	AF-0000000206139598	shard_2038_batch_0.tar	83146240	116544	820169216	995264
1530	2328	AF-0000000206377241	shard_140_batch_1.tar	48708608	139016	496578048	1506984
1538	2302	AF-0000000206399906	shard_2062_batch_1.tar	132849152	247496	486845952	4227035
1538	2446	AF-0000000206399889	shard_1976_batch_1.tar	105372160	233533	1332613120	3822587
1542	2081	AF-0000000206297003	shard_2076_batch_1.tar	4649984	341303	1384925696	8775310
1571	2368	AF-0000000206327780	shard_148_batch_1.tar	31366656	142962	536804352	1514450
1581	2762	AF-0000000206174658	shard_1934_batch_1.tar	86224896	276261	336815104	5515769
1584	2640	AF-0000000206391997	shard_106_batch_1.tar	110217216	110430	825900544	871052
1584	2882	AF-0000000206391956	shard_48_batch_1.tar	35974656	68458	297703936	340795
1586	2107	AF-0000000206302716	shard_1984_batch_1.tar	92358656	126447	964033536	1119764
1586	2563	AF-0000000206302804	shard_48_batch_1.tar	58610176	70613	405978112	340406
1586	2584	AF-0000000206302701	shard_1894_batch_1.tar	47029248	230549	366888960	4115881
1586	2974	AF-0000000206302853	shard_1386_batch_0.tar	71314944	203561	1698805248	3210594
1590	2123	AF-0000000206280550	shard_2078_batch_1.tar	32321024	183923	1431906816	2424100
1605	2806	AF-0000000206175325	shard_160_batch_1.tar	91753984	160694	1854883328	2010375
1605	2807	AF-0000000206175331	shard_160_batch_1.tar	4926976	161025	537266688	2010525
1617	2858	AF-0000000206396091	shard_80_batch_1.tar	46811136	89479	288006144	616056
1626	2162	AF-0000000206243310	shard_1206_batch_0.tar	53209088	268300	4834056704	4977022
1629	2134	AF-0000000206415033	shard_68_batch_1.tar	44443648	85834	230268928	513698
1629	2463	AF-0000000206415050	shard_156_batch_2.tar	143800320	155512	1704343040	1861934
1629	2697	AF-0000000206414992	shard_90_batch_1.tar	27832832	99319	256539648	699487
1629	2806	AF-0000000206415080	shard_1894_batch_1.tar	46517248	85978	1152387072	542511
1629	2807	AF-0000000206415086	shard_1984_batch_1.tar	388608	86031	1534404096	541115
1629	2858	AF-0000000206415023	shard_86_batch_1.tar	2220544	93684	483481600	662045
1629	2971	AF-0000000206415053	shard_90_batch_1.tar	13655040	98514	437173248	685883
1637	2266	AF-0000000206155458	shard_1400_batch_0.tar	5294592	226477	1125594112	4071020
1638	2738	AF-0000000206350548	shard_12_batch_1.tar	9070592	50073	197843968	131721
1645	2381	AF-0000000206396114	shard_98_batch_1.tar	11485184	101863	409255424	753149
1655	2693	AF-0000000206170062	shard_1950_batch_1.tar	63580672	208886	1078651392	3193144
1665	2096	AF-0000000206440337	shard_1980_batch_1.tar	37788672	111242	1562990080	885732
1665	2950	AF-0000000206440318	shard_1892_batch_1.tar	76524544	56039	464864256	199186
1692	2095	AF-0000000206160335	shard_2022_batch_1.tar	73824768	116860	1507853824	990473
1692	2375	AF-0000000206160312	shard_1906_batch_0.tar	33556480	97152	1814494208	666557
1692	2792	AF-0000000206160313	shard_2046_batch_1.tar	104059392	141533	339844608	1495853
1692	2812	AF-0000000206160258	shard_2082_batch_0.tar	36057088	154564	616738816	1791840
1692	2847	AF-0000000206160606	shard_150_batch_1.tar	112531456	154333	1397215232	1632706
1694	2300	AF-0000000206253123	shard_1934_batch_1.tar	101223936	125893	302703616	1195758
1695	2982	AF-0000000206149546	shard_1188_batch_0.tar	79619584	227393	2123042816	3797611
1701	2122	AF-0000000206289012	shard_1938_batch_1.tar	2664448	197952	585522688	3028983
1701	2594	AF-0000000206289021	shard_1942_batch_1.tar	52630016	198278	1188646400	3041668
1704	2395	AF-0000000206138749	shard_1210_batch_0.tar	260045312	280790	4437593600	5831044
1705	2533	AF-0000000206383359	shard_148_batch_1.tar	59582976	141902	743033344	1591538
1716	2791	AF-0000000206121376	shard_2052_batch_0.tar	13988352	151188	1013575168	1655977
1721	2226	AF-0000000206154519	shard_2070_batch_1.tar	189952	150443	873439744	1687760
1721	2400	AF-0000000206154513	shard_1982_batch_1.tar	50081792	166111	1117518848	2112611
1724	2495	AF-0000000206345662	shard_62_batch_1.tar	3927040	78935	354488320	400884
1727	2684	AF-0000000206253217	shard_1352_batch_0.tar	63799808	169883	702791680	2142480
1728	2684	AF-0000000206124581	shard_166_batch_0.tar	66697728	169197	822673920	2151586
1729	2684	AF-0000000206347485	shard_1360_batch_0.tar	58311680	177195	2169077760	2368881
1744	2122	AF-0000000206160679	shard_1956_batch_1.tar	27356160	193368	413722112	2750079
1744	2594	AF-0000000206160699	shard_1924_batch_1.tar	93962752	193920	1622568960	2753576
1756	2678	AF-0000000206268157	shard_120_batch_1.tar	15753216	123696	1265755136	1064727
1766	2499	AF-0000000206364956	shard_2006_batch_1.tar	114702336	97565	1228681728	688023
1766	2816	AF-0000000206364946	shard_1912_batch_1.tar	70174208	141441	1583030784	1388208
1772	2400	AF-0000000206155062	shard_1344_batch_0.tar	132423168	164293	1397924352	2058573
1782	2284	AF-0000000206379853	shard_1364_batch_1.tar	86331904	181109	1879991296	2431620
1789	2051	AF-0000000206154022	shard_2074_batch_1.tar	120722944	400747	1014381568	11570287
1791	2765	AF-0000000206258708	shard_64_batch_1.tar	54595584	82757	613132800	464415
1801	2395	AF-0000000206191499	shard_1952_batch_1.tar	123772416	126368	1111516160	1125882
1816	2646	AF-0000000206176379	shard_1960_batch_1.tar	36157440	289895	456051200	6449239
1831	2640	AF-0000000206309716	shard_1204_batch_0.tar	181463040	255486	513714176	4589262
1831	2946	AF-0000000206309706	shard_1204_batch_0.tar	125702144	256690	2092446208	4714879
1834	2308	AF-0000000206421551	shard_160_batch_2.tar	94834688	163235	1189411840	1931782
1862	2312	AF-0000000206430096	shard_50_batch_1.tar	37266432	70139	341762560	346167
1865	2205	AF-0000000206118974	shard_64_batch_0.tar	74956800	81177	523108864	473026
1868	2392	AF-0000000206368226	shard_160_batch_1.tar	88304640	162374	1789545984	1797079
1880	2600	AF-0000000206304611	shard_1366_batch_0.tar	143591424	184697	1285958656	2537392
1884	2942	AF-0000000206120476	shard_2044_batch_0.tar	82298880	114815	729525760	930032
1895	2693	AF-0000000206224019	shard_1900_batch_1.tar	79576576	225721	893398528	3752309
1897	2253	AF-0000000206186842	shard_1992_batch_1.tar	126374912	68667	1339648512	340087
1897	2873	AF-0000000206186850	shard_1948_batch_1.tar	13785088	64001	1327879168	313558
1900	2384	AF-0000000206230712	shard_2034_batch_1.tar	83182592	216736	299861504	3498731
1902	2421	AF-0000000206145989	shard_2004_batch_0.tar	79337472	195967	623047680	2698109
1902	2950	AF-0000000206145999	shard_1974_batch_0.tar	22097920	115459	1694044160	926961
1904	2027	AF-0000000206165422	shard_148_batch_1.tar	107574272	146519	549316608	1560581
1919	2743	AF-0000000206140192	shard_2026_batch_0.tar	32859136	282706	1266700288	5901445
1922	2140	AF-0000000206274300	shard_2046_batch_1.tar	90917888	50403	1220632064	173082
1924	2787	AF-0000000206179923	shard_76_batch_1.tar	80850432	90056	210664960	520422
1925	2381	AF-0000000206362709	shard_1986_batch_1.tar	27700224	79385	657951232	450537
1933	2153	AF-0000000206248812	shard_126_batch_1.tar	38893568	124366	595382784	1059768
1945	2162	AF-0000000206272728	shard_1946_batch_1.tar	29737472	270525	1094846464	5194636
1951	2244	AF-0000000206166757	shard_2052_batch_1.tar	26572288	157607	1015052800	1855670
1951	2587	AF-0000000206166773	shard_2062_batch_1.tar	57805312	88920	907514880	536734
1952	2492	AF-0000000206175505	shard_66_batch_0.tar	55240192	83255	540768768	484465
1953	2244	AF-0000000206117950	shard_1972_batch_0.tar	2427392	159437	1435100672	1909994
1953	2976	AF-0000000206117792	shard_70_batch_0.tar	64481280	86300	368885248	521445
1954	2492	AF-0000000206144253	shard_66_batch_0.tar	44724736	83456	364944896	482981
1983	2096	AF-0000000206354065	shard_1920_batch_1.tar	59443200	235125	1265410048	4374629
1988	2941	AF-0000000206365949	shard_2008_batch_1.tar	37691904	222518	1669773824	3654411
1995	2693	AF-0000000206220807	shard_1940_batch_1.tar	85210112	320839	1159936512	7047790
1997	2051	AF-0000000206328510	shard_2016_batch_1.tar	65000448	329318	1254860800	8091319
1997	2631	AF-0000000206328531	shard_2016_batch_1.tar	19107840	328536	832766976	7962144
1999	2806	AF-0000000206393297	shard_1978_batch_1.tar	130718720	119326	694285824	1111052
1999	2807	AF-0000000206393299	shard_1972_batch_1.tar	115408896	119533	1116301824	1110533
2004	2276	AF-0000000206439109	shard_2022_batch_1.tar	73613824	210128	394244608	2926893
2004	4049	AF-0000000206438987	shard_1994_batch_1.tar	52357120	162526	612955648	1955537
2004	6048	AF-0000000206439157	shard_2008_batch_1.tar	29929472	110632	401893376	840948
2004	6122	AF-0000000206438990	shard_1930_batch_1.tar	1411072	153300	776242176	1719084
2004	7183	AF-0000000206439074	shard_158_batch_2.tar	155168256	161904	595009024	1911087
2004	7235	AF-0000000206438929	shard_1932_batch_1.tar	15603200	153578	370429440	1737138
2004	7304	AF-0000000206439132	shard_1938_batch_1.tar	95312384	117766	1017779200	989571
2004	8463	AF-0000000206438884	shard_114_batch_1.tar	51639808	117103	658243072	974858
2004	10452	AF-0000000206438844	shard_80_batch_1.tar	43918848	94026	316746240	609291
2004	10475	AF-0000000206438861	shard_80_batch_1.tar	37246976	94033	248563200	613262
2004	10831	AF-0000000206439079	shard_154_batch_2.tar	26394112	159181	448115200	1717891
2004	10848	AF-0000000206438893	shard_1900_batch_1.tar	13010944	94618	470497280	614802
2005	2762	AF-0000000206114942	shard_1378_batch_0.tar	139958784	200355	2298981888	2811243
2005	3073	AF-0000000206114937	shard_1388_batch_0.tar	147353600	212174	514494464	3093037
2005	3181	AF-0000000206114945	shard_1374_batch_0.tar	169434112	191878	1883987456	2598956
2005	3662	AF-0000000206114900	shard_1970_batch_0.tar	6967296	181865	1229049856	2414620
2005	7889	AF-0000000206114897	shard_1356_batch_0.tar	114848768	179084	1327581184	2264401
2005	10154	AF-0000000206114903	shard_1916_batch_0.tar	19981824	175183	1297442816	2222944
2005	10611	AF-0000000206114867	shard_1920_batch_0.tar	21568512	179722	1718404608	2260286
2005	10931	AF-0000000206114952	shard_1360_batch_0.tar	114117632	182429	398947840	2342666
2008	2913	AF-0000000206284096	shard_1928_batch_1.tar	78559744	267258	310324736	5659002
2008	9890	AF-0000000206284100	shard_2080_batch_1.tar	48696832	267207	852695040	5647289
2009	2226	AF-0000000206243466	shard_1376_batch_0.tar	189738496	197003	1720190976	2860117
2009	2400	AF-0000000206243411	shard_1972_batch_1.tar	114216960	212814	1352227840	3376941
2009	2721	AF-0000000206243563	shard_2080_batch_1.tar	118775808	186549	1440019968	2680071
2009	3358	AF-0000000206243376	shard_1902_batch_1.tar	92651008	217856	612862976	3601492
2009	3539	AF-0000000206243595	shard_1906_batch_1.tar	62729216	212904	673067008	3358509
2009	3914	AF-0000000206243576	shard_1980_batch_1.tar	8144384	243919	1012475392	4467915
2009	4640	AF-0000000206243566	shard_2080_batch_1.tar	44151296	150230	1132830208	1679963
2009	4729	AF-0000000206243592	shard_2058_batch_1.tar	127501312	215145	608213504	3463345
2009	5577	AF-0000000206243602	shard_2018_batch_1.tar	4407296	181892	1034326528	2418123
2009	5656	AF-0000000206243612	shard_152_batch_1.tar	136711168	154568	1348325376	1778647
2009	6137	AF-0000000206243425	shard_1392_batch_0.tar	42149888	215720	1300784640	3440932
2009	6836	AF-0000000206243402	shard_2000_batch_1.tar	37194240	213036	282636800	3351818
2009	7688	AF-0000000206243467	shard_148_batch_1.tar	109069312	146710	584142336	1664760
2009	7792	AF-0000000206243584	shard_2072_batch_1.tar	47542272	213300	260365312	3372478
2009	8660	AF-0000000206243345	shard_2004_batch_1.tar	110587904	173414	987023872	2209770
2009	8830	AF-0000000206243533	shard_1996_batch_1.tar	9068544	168154	1554366976	2200680
2009	8876	AF-0000000206243493	shard_1390_batch_0.tar	98016256	213263	1925342720	3368235
2009	9001	AF-0000000206243456	shard_1394_batch_0.tar	90554368	215373	3009518080	3544397
2009	9199	AF-0000000206243346	shard_1984_batch_1.tar	62246912	193198	1207768576	2707947
2009	9536	AF-0000000206243389	shard_2070_batch_1.tar	88389120	218275	755692032	3602930
2009	9938	AF-0000000206243486	shard_156_batch_1.tar	115084800	157245	799029248	1914156
2009	10100	AF-0000000206243436	shard_1942_batch_1.tar	32785408	213407	595377152	3374254
2009	10230	AF-0000000206243579	shard_2084_batch_1.tar	125556736	212728	434457600	3361849
2009	10342	AF-0000000206243559	shard_1958_batch_1.tar	41436160	179366	1513179648	2350253
2009	10383	AF-0000000206243327	shard_1392_batch_0.tar	34781184	215735	766533632	3433482
2009	10387	AF-0000000206243562	shard_1924_batch_1.tar	46448640	134579	645932032	1330095
2009	10440	AF-0000000206243338	shard_1960_batch_1.tar	49601024	149579	632054784	1656275
2009	10522	AF-0000000206243326	shard_1392_batch_0.tar	163517952	215520	2972301824	3439261
2010	2943	AF-0000000206439896	shard_1950_batch_1.tar	40864256	162147	604965376	1951616
2010	5092	AF-0000000206439899	shard_1978_batch_1.tar	92252160	159936	389730816	1911182
2010	6072	AF-0000000206439897	shard_2004_batch_1.tar	4683264	161801	331279360	1938305
2010	8786	AF-0000000206439898	shard_2082_batch_1.tar	80452608	159344	1134819328	1915797
2010	9559	AF-0000000206439895	shard_1974_batch_1.tar	9840640	161646	633542656	1951271
2012	2687	AF-0000000206125606	shard_2064_batch_0.tar	76941824	314492	1096964096	6961487
2012	3830	AF-0000000206125612	shard_1908_batch_0.tar	512	199238	280650240	2754967
2014	3413	AF-0000000206146931	shard_22_batch_0.tar	24019968	58128	164414464	189593
2014	4959	AF-0000000206146930	shard_32_batch_0.tar	16312832	62591	326910464	235254
2014	5057	AF-0000000206146916	shard_102_batch_0.tar	23089152	104083	880312832	743800
2014	5361	AF-0000000206146926	shard_28_batch_0.tar	56453632	60819	132255232	218910
2014	5642	AF-0000000206146925	shard_28_batch_0.tar	22149120	60541	138201088	218762
2014	5791	AF-0000000206146928	shard_54_batch_0.tar	13578752	77054	508467712	388130
2014	5973	AF-0000000206146908	shard_20_batch_0.tar	43695616	55415	233829888	169660
2014	6608	AF-0000000206146923	shard_1970_batch_1.tar	31821824	52981	1022078976	181787
2014	6710	AF-0000000206146921	shard_2052_batch_1.tar	24060928	125610	626068992	1131587
2014	7156	AF-0000000206146929	shard_32_batch_0.tar	54288384	62435	366385152	237545
2014	7360	AF-0000000206146913	shard_32_batch_0.tar	51525120	62422	171670016	237715
2014	7951	AF-0000000206146938	shard_20_batch_0.tar	43366400	55667	109480448	165524
2014	8777	AF-0000000206146917	shard_1934_batch_0.tar	109923328	61485	590512640	230199
2014	9868	AF-0000000206146942	shard_30_batch_0.tar	47418880	61056	273315840	231002
2014	10613	AF-0000000206146905	shard_1892_batch_0.tar	121456128	60650	1670964736	218277
2015	9655	AF-0000000206369216	shard_1994_batch_1.tar	62176768	243031	999587328	4548537
2015	9719	AF-0000000206369210	shard_2024_batch_1.tar	82343424	253077	668849152	4975192
2022	8511	AF-0000000206389544	shard_1386_batch_0.tar	196336128	205384	2592637440	2954860
2023	8932	AF-0000000206410239	shard_1360_batch_1.tar	72067072	180760	2174046208	2383454
2024	2762	AF-0000000206243700	shard_160_batch_1.tar	4275712	164501	1231058432	1955506
2024	2846	AF-0000000206243676	shard_1356_batch_0.tar	76251136	174834	2558905856	2165717
2024	3417	AF-0000000206243667	shard_1358_batch_0.tar	82084864	175298	1842201600	2288957
2024	4281	AF-0000000206243705	shard_1360_batch_0.tar	147390976	177502	1117736448	2280065
2024	7647	AF-0000000206243681	shard_152_batch_1.tar	66422272	152620	1586240512	1664835
2024	10715	AF-0000000206243666	shard_58_batch_1.tar	17032704	78277	567377408	432962
2024	10953	AF-0000000206243658	shard_128_batch_1.tar	18664960	129543	983773696	1236572
2025	2133	AF-0000000206297028	shard_2074_batch_1.tar	87891968	292709	360876544	6521165
2026	3246	AF-0000000206226618	shard_1210_batch_0.tar	105634816	273966	1717185536	5885114
2026	4729	AF-0000000206226619	shard_1390_batch_0.tar	23375360	208231	3563692544	3366660
2026	7778	AF-0000000206226582	shard_1356_batch_0.tar	70279680	172565	1395332096	2175364
2026	9001	AF-0000000206226586	shard_1390_batch_0.tar	53789184	208651	3323943936	3356126
2027	2525	AF-0000000206109630	shard_144_batch_0.tar	75832320	145148	451796480	1471356
2027	3401	AF-0000000206109596	shard_140_batch_0.tar	62618112	139960	772532736	1404024
2027	5595	AF-0000000206109633	shard_1366_batch_0.tar	79775232	185275	1737404928	2499951
2027	5824	AF-0000000206109663	shard_146_batch_0.tar	65640448	144346	1483767808	1517640
2027	6005	AF-0000000206109685	shard_146_batch_0.tar	45782016	145539	997644288	1519147
2027	6544	AF-0000000206109664	shard_144_batch_0.tar	113820672	142807	482043392	1469546
2027	6973	AF-0000000206109617	shard_1968_batch_0.tar	23828992	132194	1191950336	1203220
2027	7502	AF-0000000206109625	shard_138_batch_0.tar	82112512	136732	935336448	1324192
2027	7539	AF-0000000206109654	shard_144_batch_0.tar	126325248	144166	1448193536	1478747
2027	8074	AF-0000000206109605	shard_152_batch_0.tar	56032768	151193	1453450752	1667831
2027	8138	AF-0000000206109603	shard_148_batch_0.tar	46412288	146800	1143072768	1586938
2027	8822	AF-0000000206109675	shard_146_batch_0.tar	1480192	144624	660416512	1517319
2027	9008	AF-0000000206109621	shard_146_batch_0.tar	89597952	145615	1741556736	1506729
2027	9186	AF-0000000206109610	shard_2034_batch_0.tar	92780032	141523	435129344	1422274
2030	5838	AF-0000000206262743	shard_2046_batch_1.tar	17171456	92078	1724352000	610414
2034	3195	AF-0000000206405161	shard_148_batch_1.tar	38043136	149329	1544990208	1498691
2034	5327	AF-0000000206405157	shard_152_batch_2.tar	58297344	152337	1239419392	1598605
2034	7310	AF-0000000206405190	shard_1382_batch_0.tar	114246144	200250	2865765888	2936388
2046	7646	AF-0000000206326074	shard_2074_batch_1.tar	82384384	234632	700194816	3908429
2051	3358	AF-0000000206109769	shard_1898_batch_0.tar	79002112	307051	620521472	7105951
2051	4904	AF-0000000206109827	shard_1202_batch_0.tar	54426624	260403	1712484864	5024714
2051	5878	AF-0000000206109807	shard_1974_batch_0.tar	9863168	270298	1296772096	5274959
2051	10950	AF-0000000206109900	shard_1206_batch_0.tar	117958144	269539	4075384832	5336327
2056	4285	AF-0000000206202211	shard_1960_batch_1.tar	32790016	82205	322211840	493115
2056	7647	AF-0000000206202203	shard_134_batch_1.tar	3639808	135006	1005527552	1230810
2062	3397	AF-0000000206284125	shard_1918_batch_1.tar	99403264	73737	786604544	392183
2062	4870	AF-0000000206284145	shard_2058_batch_1.tar	48148992	95415	764831232	647022
2062	5714	AF-0000000206284117	shard_2078_batch_1.tar	72280064	92902	927426048	608002
2062	7352	AF-0000000206284111	shard_1978_batch_1.tar	27424256	93789	1007893504	629287
2062	8832	AF-0000000206284109	shard_1906_batch_1.tar	10318336	75918	491565568	409482
2063	5000	AF-0000000206260109	shard_108_batch_1.tar	20619776	107688	741735936	833385
2064	2334	AF-0000000206338417	shard_2062_batch_1.tar	30703104	241519	410351616	4591464
2064	2450	AF-0000000206338422	shard_1910_batch_1.tar	119475200	251049	418831872	4672967
2064	2743	AF-0000000206338435	shard_1894_batch_1.tar	46052864	334111	325535232	8334304
2064	3353	AF-0000000206338429	shard_1900_batch_1.tar	68097024	296292	707601408	6484606
2064	3645	AF-0000000206338439	shard_1358_batch_0.tar	111066624	179327	1096281088	2294520
2064	6296	AF-0000000206338442	shard_1380_batch_0.tar	68848640	199832	1802854400	3089423
2064	7508	AF-0000000206338436	shard_1898_batch_1.tar	87058432	264212	918585856	5385807
2064	9776	AF-0000000206338434	shard_1904_batch_1.tar	72966144	179721	1159963648	2299226
2065	6600	AF-0000000206355310	shard_122_batch_1.tar	94886400	124068	1152802816	1076801
2070	9801	AF-0000000206404138	shard_64_batch_1.tar	60016128	83214	570279424	462977
2073	5092	AF-0000000206153128	shard_1904_batch_0.tar	124405760	198666	1003958272	3077709
2075	3286	AF-0000000206421757	shard_1986_batch_1.tar	112462336	147967	1702916096	1572521
2075	9745	AF-0000000206421734	shard_1920_batch_1.tar	77614080	147952	1578578432	1569629
2077	5264	AF-0000000206134318	shard_54_batch_0.tar	2590208	76573	264651264	411223
2077	5883	AF-0000000206134338	shard_1958_batch_0.tar	106265088	120887	294267392	1036361
2077	6928	AF-0000000206134370	shard_1974_batch_0.tar	31033856	76942	675594752	407380
2077	7902	AF-0000000206134363	shard_2076_batch_0.tar	49559552	109951	1491566080	849552
2081	3413	AF-0000000206422743	shard_1996_batch_1.tar	8867840	199721	1115598336	2811448
2081	4091	AF-0000000206422727	shard_2062_batch_1.tar	115320320	312416	1010828800	7206111
2081	5509	AF-0000000206422732	shard_1908_batch_1.tar	42125824	261110	1008881664	4897176
2081	5791	AF-0000000206422742	shard_2012_batch_1.tar	61222400	218286	1240051200	3432050
2081	5973	AF-0000000206422722	shard_2076_batch_1.tar	70021632	197459	1243816448	2728930
2081	7951	AF-0000000206422751	shard_2042_batch_1.tar	88332800	197390	1425498624	2724468
2081	8714	AF-0000000206422763	shard_1944_batch_1.tar	113062400	264101	266784256	4985899
2081	8911	AF-0000000206422756	shard_2066_batch_1.tar	8764928	315492	977600512	7648339
2081	9411	AF-0000000206422738	shard_1958_batch_1.tar	55172608	310782	1695062016	7293920
2081	9607	AF-0000000206422723	shard_2016_batch_1.tar	124887040	311663	1163761152	6898797
2081	9952	AF-0000000206422761	shard_2064_batch_1.tar	22588928	305601	917040128	6965945
2081	10142	AF-0000000206422734	shard_2076_batch_1.tar	125197312	258547	1340861952	4955481
2081	10335	AF-0000000206422741	shard_2010_batch_1.tar	34345984	312285	331022848	7217179
2081	10395	AF-0000000206422719	shard_1984_batch_1.tar	53881344	196038	1449170432	2687822
2082	4727	AF-0000000206421701	shard_1894_batch_1.tar	61541376	281130	1563290112	5609253
2082	4795	AF-0000000206421686	shard_1386_batch_1.tar	102002176	207623	2276054016	2998804
2082	10250	AF-0000000206421687	shard_1928_batch_1.tar	103022080	281206	766938112	5628684
2083	8072	AF-0000000206232854	shard_1956_batch_1.tar	16589824	68253	814073344	347622
2085	8348	AF-0000000206391323	shard_1974_batch_1.tar	75063296	100920	871710208	748046
2086	2395	AF-0000000206249385	shard_1898_batch_1.tar	76714496	148627	877945344	1542128
2086	9197	AF-0000000206249391	shard_1908_batch_1.tar	7748096	194727	556112384	2769701
2087	10356	AF-0000000206157694	shard_160_batch_1.tar	53372928	160618	653767168	1963976
2088	7296	AF-0000000206150884	shard_1908_batch_0.tar	55849472	83453	956957696	484027
2088	10289	AF-0000000206150880	shard_1892_batch_0.tar	132925952	99690	482263040	690393
2089	2568	AF-0000000206422647	shard_1360_batch_1.tar	154447360	178161	1976458752	2421467
2089	3184	AF-0000000206422641	shard_1386_batch_1.tar	143599104	210851	2815796736	3380224
2089	4990	AF-0000000206422660	shard_92_batch_1.tar	99212800	101550	242153984	731412
2089	6980	AF-0000000206422690	shard_86_batch_1.tar	76158976	96168	803100160	666113
2089	10109	AF-0000000206422637	shard_130_batch_1.tar	130348032	133165	754978304	1244695
2092	7647	AF-0000000206288365	shard_1196_batch_0.tar	87987712	235730	3006710784	4184596
2094	7706	AF-0000000206225134	shard_1908_batch_1.tar	12959232	163743	1385371136	1804126
2095	2587	AF-0000000206218709	shard_1958_batch_1.tar	119043584	80992	1737134592	432027
2095	3097	AF-0000000206218347	shard_2030_batch_1.tar	99137536	128800	603449344	1216754
2095	3916	AF-0000000206218763	shard_1916_batch_1.tar	20330496	94188	945449472	621816
2095	4858	AF-0000000206218641	shard_122_batch_1.tar	55825408	121718	389353472	1052734
2095	5024	AF-0000000206218752	shard_2016_batch_1.tar	58574848	80888	1341050368	433248
2095	5283	AF-0000000206218798	shard_2042_batch_1.tar	89977344	82139	277516288	442131
2095	5367	AF-0000000206218749	shard_2070_batch_1.tar	98868736	71260	1508960256	326074
2095	5625	AF-0000000206218358	shard_2022_batch_1.tar	94967808	82369	1068983808	448345
2095	6426	AF-0000000206218735	shard_1908_batch_1.tar	66684416	93908	1143565312	642645
2095	6874	AF-0000000206218437	shard_58_batch_1.tar	52163584	79640	455818752	446758
2095	7089	AF-0000000206218298	shard_106_batch_1.tar	2093568	113452	553123328	899792
2095	7099	AF-0000000206218446	shard_92_batch_1.tar	24220672	103978	444461056	754593
2095	7337	AF-0000000206218349	shard_2066_batch_1.tar	89975808	86512	806258688	505021
2095	7414	AF-0000000206218557	shard_1972_batch_1.tar	126717440	78252	1132183552	413735
2095	8115	AF-0000000206218422	shard_58_batch_1.tar	15442944	80956	409494016	431849
2095	9590	AF-0000000206218272	shard_124_batch_1.tar	91693056	128104	506280960	1160200
2095	10364	AF-0000000206218253	shard_44_batch_1.tar	69511168	71300	350707200	326820
2095	10389	AF-0000000206218212	shard_2058_batch_1.tar	56793088	82286	863780352	446984
2095	10459	AF-0000000206218225	shard_54_batch_1.tar	1541632	76394	273638400	389706
2095	10489	AF-0000000206218223	shard_1394_batch_0.tar	33544192	224766	1274899968	3784195
2095	10756	AF-0000000206218203	shard_74_batch_1.tar	29513728	89025	284463104	563151
2095	10882	AF-0000000206218252	shard_88_batch_1.tar	78072320	98764	355312128	670383
2096	2177	AF-0000000206324637	shard_1202_batch_0.tar	202771456	253137	4483243008	4832147
2096	2534	AF-0000000206324689	shard_2076_batch_1.tar	19110912	219310	1578485248	3550945
2096	2950	AF-0000000206324630	shard_110_batch_1.tar	61670912	109961	314251264	872100
2096	3269	AF-0000000206324771	shard_110_batch_1.tar	95801856	110083	854755840	904038
2096	3424	AF-0000000206324865	shard_1384_batch_0.tar	198507520	201691	2329040384	3102818
2096	3520	AF-0000000206324636	shard_152_batch_1.tar	138230784	149834	982980608	1673252
2096	3883	AF-0000000206324658	shard_1198_batch_0.tar	45921280	234445	1682325504	4357696
2096	4566	AF-0000000206324582	shard_2058_batch_1.tar	115395072	150408	719353344	1695644
2096	5005	AF-0000000206324660	shard_108_batch_1.tar	45373440	108593	614360576	862857
2096	5033	AF-0000000206324649	shard_108_batch_1.tar	47835648	108991	721424896	862258
2096	5047	AF-0000000206324721	shard_2036_batch_1.tar	119903232	126356	262493184	1229419
2096	5056	AF-0000000206324824	shard_112_batch_1.tar	25565184	111247	862828544	895491
2096	5180	AF-0000000206324519	shard_1952_batch_1.tar	95815168	172195	1260086272	2168514
2096	5246	AF-0000000206324749	shard_1978_batch_1.tar	5541376	106992	475649536	852923
2096	5290	AF-0000000206324545	shard_1988_batch_1.tar	81163264	150580	629450752	1653558
2096	5313	AF-0000000206324820	shard_146_batch_1.tar	62123520	144384	1099298816	1532565
2096	5327	AF-0000000206324518	shard_1910_batch_1.tar	58180096	108539	480324608	853396
2096	5368	AF-0000000206324716	shard_1970_batch_1.tar	19983360	133013	1546001920	1323087
2096	5877	AF-0000000206324918	shard_1946_batch_1.tar	115112448	108741	881123840	863748
2096	6003	AF-0000000206324504	shard_1946_batch_1.tar	123064320	135734	313101824	1405714
2096	6102	AF-0000000206324862	shard_134_batch_1.tar	5910528	130414	779845120	1251876
2096	6198	AF-0000000206324815	shard_142_batch_1.tar	5117440	136310	734659584	1409810
2096	6488	AF-0000000206324781	shard_1982_batch_1.tar	77010432	106383	1199249920	833509
2096	6558	AF-0000000206324724	shard_1994_batch_1.tar	63669760	109029	473640960	852570
2096	6643	AF-0000000206324729	shard_1896_batch_1.tar	111262720	114176	1208953856	962133
2096	6845	AF-0000000206324730	shard_2058_batch_1.tar	46401536	109236	632041984	865327
2096	6980	AF-0000000206324951	shard_2060_batch_1.tar	85633024	141756	1018184192	1479072
2096	6994	AF-0000000206324523	shard_1924_batch_1.tar	75159040	109819	584251904	890604
2096	7132	AF-0000000206324941	shard_1910_batch_1.tar	79012352	111894	1343609856	919144
2096	7247	AF-0000000206324490	shard_1910_batch_1.tar	120758272	111848	599394304	930072
2096	8139	AF-0000000206324521	shard_2012_batch_1.tar	130360320	136135	1400798208	1359312
2096	8511	AF-0000000206324789	shard_1394_batch_0.tar	48571392	214994	575364608	3290365
2096	9664	AF-0000000206324981	shard_1924_batch_1.tar	121164800	148633	938633216	1625378
2096	9943	AF-0000000206324731	shard_1962_batch_1.tar	95145984	256883	1111338496	5001148
2096	10154	AF-0000000206324577	shard_168_batch_1.tar	157100544	166518	1448884224	2042331
2096	10332	AF-0000000206324667	shard_104_batch_1.tar	96124928	106618	364656128	817820
2096	10369	AF-0000000206324996	shard_114_batch_1.tar	75156992	111878	868702720	914955
2096	10377	AF-0000000206324839	shard_114_batch_1.tar	77369856	112394	911259136	915743
2096	10550	AF-0000000206324455	shard_110_batch_1.tar	75685888	110882	833878528	890172
2096	10629	AF-0000000206324410	shard_148_batch_1.tar	49605632	144501	1574359040	1586531
2098	3420	AF-0000000206368305	shard_1896_batch_1.tar	36244992	221372	900072448	3596292
2098	4167	AF-0000000206368487	shard_2040_batch_1.tar	131420160	73957	670233088	368388
2098	4566	AF-0000000206368335	shard_120_batch_1.tar	54373888	121449	798303232	1079529
2098	5042	AF-0000000206368288	shard_2018_batch_1.tar	53754880	78011	426556928	422859
2098	5111	AF-0000000206368435	shard_124_batch_1.tar	93447680	127575	1186651136	1115175
2098	5656	AF-0000000206368527	shard_2046_batch_1.tar	71507456	97559	341341184	680120
2098	6370	AF-0000000206368545	shard_1912_batch_1.tar	109573632	74633	295464960	383678
2098	6796	AF-0000000206368360	shard_54_batch_1.tar	15950848	76500	398403584	394368
2098	7842	AF-0000000206368349	shard_1966_batch_1.tar	60692480	116360	1182628864	957621
2098	8097	AF-0000000206368329	shard_74_batch_1.tar	20744704	89951	630692864	554432
2098	8337	AF-0000000206368314	shard_2006_batch_1.tar	64403968	127268	1285433344	1109460
2098	9178	AF-0000000206368554	shard_54_batch_1.tar	10055168	76596	252394496	395451
2098	10390	AF-0000000206368243	shard_2056_batch_1.tar	36511232	74233	1161364992	381356
2098	10453	AF-0000000206368260	shard_2084_batch_1.tar	125477376	78401	1022487040	426930
2098	10598	AF-0000000206368230	shard_100_batch_1.tar	105385472	106737	598334976	832412
2101	3473	AF-0000000206384251	shard_1978_batch_1.tar	131679232	197076	997988352	2553567
2102	6720	AF-0000000206109220	shard_2024_batch_0.tar	42712576	235709	1387438592	4166713
2103	7565	AF-0000000206429294	shard_132_batch_1.tar	22525952	131469	922003456	1289413
2103	10652	AF-0000000206429265	shard_1356_batch_1.tar	1773568	176040	938746368	2316653
2103	10949	AF-0000000206429260	shard_164_batch_2.tar	97267200	167663	466593280	2077701
2106	2954	AF-0000000206365360	shard_1214_batch_1.tar	273735680	306757	3688082944	7065588
2106	3097	AF-0000000206365296	shard_2024_batch_1.tar	43697664	194331	1317710848	2697709
2106	3591	AF-0000000206365423	shard_1404_batch_0.tar	11845632	239577	4071616000	4373621
2106	4017	AF-0000000206365550	shard_1998_batch_1.tar	66510336	148670	1162167296	1588074
2106	6055	AF-0000000206365254	shard_1984_batch_1.tar	42593792	167202	1575820800	1973145
2106	6562	AF-0000000206365392	shard_150_batch_1.tar	75134976	152674	1157871616	1651530
2106	6627	AF-0000000206365363	shard_140_batch_1.tar	29937152	143605	1266767360	1433538
2106	6856	AF-0000000206365457	shard_1944_batch_1.tar	108751360	154807	1526889472	1704595
2106	6912	AF-0000000206365315	shard_1978_batch_1.tar	8641536	172780	1219676672	2090907
2106	6944	AF-0000000206365527	shard_1954_batch_1.tar	123168256	154331	616270848	1693886
2106	6986	AF-0000000206365356	shard_2004_batch_1.tar	111849984	185577	384879616	2462376
2106	10029	AF-0000000206365430	shard_1372_batch_0.tar	87513088	194415	2443520000	2726558
2106	10066	AF-0000000206365395	shard_1400_batch_0.tar	2301952	232029	1084766208	3793669
2106	10325	AF-0000000206365372	shard_1214_batch_1.tar	164272128	306239	4335487488	7060471
2106	10475	AF-0000000206365207	shard_136_batch_1.tar	87272448	139294	450078720	1350087
2106	10477	AF-0000000206365186	shard_150_batch_1.tar	32741376	152815	989963776	1650815
2106	10595	AF-0000000206365188	shard_150_batch_1.tar	9195520	154171	1616437760	1684137
2106	11024	AF-0000000206365398	shard_152_batch_1.tar	141136384	155449	1638947840	1731690
2106	11027	AF-0000000206365399	shard_150_batch_1.tar	130361856	155935	788524032	1689857
2107	4285	AF-0000000206263074	shard_1938_batch_1.tar	13099008	130223	563157504	1174966
2107	5182	AF-0000000206263077	shard_2026_batch_1.tar	14178304	105166	576898560	752930
2111	2177	AF-0000000206236529	shard_1944_batch_1.tar	32801280	329657	743181312	8108757
2111	3355	AF-0000000206236518	shard_2042_batch_1.tar	58795008	266319	426013696	5401904
2111	4217	AF-0000000206236539	shard_1208_batch_0.tar	44215296	271901	5479826432	5544379
2111	7826	AF-0000000206236525	shard_1994_batch_1.tar	115789824	297873	1062032384	6579794
2112	7647	AF-0000000206147831	shard_1206_batch_0.tar	37423616	256328	1857966592	5026805
2115	3770	AF-0000000206383397	shard_70_batch_1.tar	39855104	85594	281597440	520952
2115	10672	AF-0000000206383381	shard_8_batch_1.tar	3113472	43570	118584320	117065
2116	10548	AF-0000000206392003	shard_106_batch_1.tar	18795520	110768	1054955520	827489
2116	10818	AF-0000000206392016	shard_106_batch_1.tar	82658304	110770	580714496	849936
2117	6772	AF-0000000206189618	shard_2000_batch_1.tar	27827712	242654	1339357696	3988112
2117	10218	AF-0000000206189626	shard_1946_batch_1.tar	55688704	289668	1472038400	5499212
2122	5546	AF-0000000206166044	shard_1382_batch_0.tar	203957248	203841	1573807616	3029250
2122	5783	AF-0000000206166019	shard_1894_batch_1.tar	23770624	185278	1074135040	2558575
2122	6267	AF-0000000206166045	shard_1392_batch_0.tar	195934208	216918	1324430336	3354871
2122	7098	AF-0000000206166008	shard_2076_batch_1.tar	114776576	203592	982824448	3019247
2122	8993	AF-0000000206166051	shard_1904_batch_1.tar	105519104	165673	1064058368	2047833
2122	9514	AF-0000000206166056	shard_1188_batch_0.tar	63967232	223964	3279479808	3563175
2122	10791	AF-0000000206165962	shard_1912_batch_1.tar	73225216	171300	1555598848	2126913
2123	7541	AF-0000000206207340	shard_2008_batch_1.tar	54788608	139198	508900864	1403313
2123	8389	AF-0000000206207344	shard_2040_batch_1.tar	2844672	136062	866096640	1345594
2123	10922	AF-0000000209686946	shard_1994_batch_1.tar	40626176	198741	1601610240	2995135
2123	11045	AF-0000000206207328	shard_2006_batch_1.tar	77992960	198972	300700672	2957406
2128	199	AF-0000000206292921	shard_2064_batch_1.tar	25373184	328638	287675392	7935584
2128	2969	AF-0000000206292926	shard_2034_batch_1.tar	52432384	310349	1435793920	7054613
2129	6967	AF-0000000206107668	shard_64_batch_0.tar	16421376	79631	507616768	485047
2131	5263	AF-0000000206182380	shard_136_batch_1.tar	52362752	133071	1497500672	1261113
2132	2631	AF-0000000206193924	shard_1392_batch_0.tar	176525312	217824	610882048	3501548
2132	2692	AF-0000000206193876	shard_10_batch_0.tar	45506048	44449	114670080	133123
2132	2873	AF-0000000206193899	shard_12_batch_0.tar	10109440	47162	157081600	155494
2132	3254	AF-0000000206193868	shard_144_batch_1.tar	73563136	142370	1238728704	1393927
2132	3338	AF-0000000206193917	shard_20_batch_1.tar	22769152	51746	107195392	181854
2132	3529	AF-0000000206193861	shard_2046_batch_1.tar	3474432	96190	933724672	664081
2132	4906	AF-0000000206193859	shard_2068_batch_1.tar	79896576	58725	1234034176	234578
2132	5016	AF-0000000206193849	shard_1946_batch_1.tar	128384512	45852	1141118464	132630
2132	5027	AF-0000000206193843	shard_1948_batch_1.tar	127831552	46768	1319890944	138072
2132	5323	AF-0000000206193845	shard_2022_batch_1.tar	77597696	43712	930343424	130664
2132	5400	AF-0000000206193923	shard_14_batch_0.tar	31383552	47853	232761856	156684
2132	5544	AF-0000000206193925	shard_14_batch_0.tar	44605440	47578	154178560	155607
2132	5710	AF-0000000206193920	shard_8_batch_0.tar	39986176	43815	102806016	130921
2132	6000	AF-0000000206193900	shard_12_batch_0.tar	1171968	46337	227503616	146924
2132	6037	AF-0000000206193862	shard_1920_batch_1.tar	1731072	47117	1226775552	150911
2132	6178	AF-0000000206193911	shard_10_batch_1.tar	6082048	45465	200488960	125147
2132	6264	AF-0000000206193891	shard_12_batch_0.tar	20713984	46891	123613184	135916
2132	6288	AF-0000000206193913	shard_8_batch_0.tar	23292928	43804	99673088	129876
2132	6304	AF-0000000206193909	shard_12_batch_0.tar	35597312	46996	186421248	140285
2132	6451	AF-0000000206193905	shard_8_batch_0.tar	43385344	44047	172447744	130659
2132	6496	AF-0000000206193919	shard_12_batch_0.tar	42963968	47201	192147968	154061
2132	6499	AF-0000000206193869	shard_10_batch_0.tar	23150080	46819	142955008	141454
2132	6511	AF-0000000206193855	shard_12_batch_0.tar	43949568	46821	145778688	138596
2132	6523	AF-0000000206193870	shard_8_batch_0.tar	25926144	45587	125452800	131485
2132	6551	AF-0000000206193887	shard_12_batch_0.tar	25412096	47075	209133056	153247
2132	6557	AF-0000000206193856	shard_12_batch_0.tar	31560192	46798	218783744	137855
2132	6676	AF-0000000206193897	shard_8_batch_0.tar	5850112	45898	205306368	131568
2132	6830	AF-0000000206193903	shard_14_batch_0.tar	39921664	47432	244496384	155757
2132	6867	AF-0000000206193872	shard_14_batch_0.tar	45782528	48212	226633728	160807
2132	6941	AF-0000000206193881	shard_10_batch_0.tar	45266432	44447	162494464	132936
2132	7381	AF-0000000206193864	shard_2064_batch_1.tar	31169536	45713	612337152	132345
2132	9302	AF-0000000206193892	shard_8_batch_0.tar	10428416	44147	130172928	131950
2132	10154	AF-0000000206193860	shard_2044_batch_1.tar	11321344	105638	957884928	789029
2132	10557	AF-0000000206193830	shard_2028_batch_1.tar	68206080	47128	784221696	139202
2132	10558	AF-0000000206193831	shard_1912_batch_1.tar	86805504	46883	1576774144	137939
2132	10627	AF-0000000206193833	shard_1998_batch_1.tar	74491392	45298	415168512	125342
2132	10646	AF-0000000206193834	shard_1988_batch_1.tar	93513216	47554	774705664	141647
2132	10668	AF-0000000206193837	shard_1916_batch_1.tar	21096960	40405	1205448704	97474
2132	10670	AF-0000000206193835	shard_2080_batch_1.tar	123011072	45603	1301304832	132016
2132	10754	AF-0000000206193836	shard_1936_batch_1.tar	105884672	40547	448539136	98295
2132	10769	AF-0000000206193832	shard_2008_batch_1.tar	33878528	47298	1263908864	141034
2133	6266	AF-0000000206155102	shard_2064_batch_0.tar	118312960	251154	1537347584	4668430
2134	2697	AF-0000000206238417	shard_76_batch_1.tar	56636928	89822	646828032	594612
2134	2858	AF-0000000206238424	shard_72_batch_1.tar	33742848	85392	683475456	537850
2134	3157	AF-0000000206238434	shard_64_batch_1.tar	20163072	84002	306744832	488266
2134	3830	AF-0000000206238441	shard_1956_batch_1.tar	50190848	82216	773311488	460935
2134	4030	AF-0000000206238422	shard_76_batch_1.tar	33283584	89199	239673344	588116
2134	4524	AF-0000000206238433	shard_70_batch_1.tar	5901824	87483	300443136	541253
2134	4690	AF-0000000206238440	shard_2066_batch_1.tar	58706944	91699	1367285248	574828
2134	4971	AF-0000000206238412	shard_82_batch_1.tar	75841536	94230	435509760	627773
2134	4983	AF-0000000206238415	shard_78_batch_1.tar	45872640	91953	716385792	582557
2134	4998	AF-0000000206238420	shard_52_batch_1.tar	19191808	76269	502489088	400761
2134	5141	AF-0000000206238411	shard_56_batch_1.tar	35138048	77288	368536576	429330
2134	5494	AF-0000000206238426	shard_56_batch_1.tar	9438720	77512	545294336	429660
2134	7192	AF-0000000206238423	shard_82_batch_1.tar	89562624	94563	332746240	631909
2134	7394	AF-0000000206238436	shard_52_batch_1.tar	39575040	76112	518304768	403053
2134	7493	AF-0000000206238428	shard_28_batch_1.tar	13982208	61203	147694080	243446
2134	8698	AF-0000000206238414	shard_58_batch_1.tar	57712640	79282	364814848	427679
2134	8833	AF-0000000206238413	shard_28_batch_1.tar	42034176	60801	144262144	241659
2136	2739	AF-0000000206338959	shard_2008_batch_1.tar	79029248	74648	859432960	361875
2136	2900	AF-0000000206338975	shard_146_batch_1.tar	109469184	147661	1054276608	1554887
2136	4525	AF-0000000206338969	shard_112_batch_1.tar	72053760	115244	520159744	878438
2136	9907	AF-0000000206338951	shard_1966_batch_1.tar	11843072	147655	1148578304	1550651
2138	9717	AF-0000000206294625	shard_2056_batch_1.tar	122156032	54414	1371425280	193530
2139	2519	AF-0000000206161329	shard_2022_batch_1.tar	34399744	246191	493316096	4454426
2139	4971	AF-0000000206161327	shard_2004_batch_1.tar	59219968	176358	896069120	2367216
2139	7192	AF-0000000206161332	shard_1952_batch_1.tar	107481600	176724	1594385920	2374321
2139	7809	AF-0000000206161338	shard_2028_batch_1.tar	69659136	289083	720035840	6241128
2139	8469	AF-0000000206161334	shard_1958_batch_0.tar	18987008	249123	320936960	4671943
2140	4483	AF-0000000206266324	shard_1904_batch_1.tar	35192832	93184	935836160	610688
2140	8851	AF-0000000206266326	shard_1966_batch_1.tar	119808	115589	1252547072	917309
2140	9231	AF-0000000206266325	shard_1950_batch_1.tar	98779648	51868	483003392	182871
2141	3107	AF-0000000206224117	shard_152_batch_1.tar	117441536	150387	1950902784	1553264
2143	7694	AF-0000000206123306	shard_2062_batch_0.tar	118095360	45018	1234711040	131748
2153	3850	AF-0000000206292945	shard_1936_batch_1.tar	74883072	147480	1223295488	1567329
2153	5910	AF-0000000206292943	shard_2080_batch_1.tar	100401152	125055	1549369856	1070136
2153	9013	AF-0000000206292949	shard_1922_batch_1.tar	15646208	142103	1533086720	1565987
2157	2808	AF-0000000206156465	shard_132_batch_0.tar	100930560	131618	1173297152	1177738
2157	3268	AF-0000000206156243	shard_150_batch_1.tar	108918784	151976	1807672832	1514706
2157	4056	AF-0000000206156405	shard_2066_batch_0.tar	31820800	196215	1084841472	2531912
2157	5069	AF-0000000206156429	shard_2016_batch_0.tar	11890688	118715	1140390912	975921
2157	6222	AF-0000000206156269	shard_106_batch_1.tar	74057216	112611	604873216	836480
2157	7305	AF-0000000206156325	shard_2062_batch_1.tar	79045632	111505	1068040704	852907
2157	7663	AF-0000000206156366	shard_1944_batch_1.tar	121003008	172233	823744512	2021479
2157	7676	AF-0000000206156246	shard_100_batch_0.tar	96462848	107608	458575360	766930
2157	8123	AF-0000000206156347	shard_2026_batch_1.tar	39532544	124186	1700134912	1053875
2157	8302	AF-0000000206156454	shard_150_batch_1.tar	58302976	153002	1450604032	1525959
2157	8934	AF-0000000206156257	shard_1344_batch_0.tar	152451072	165689	917749248	2028416
2157	9557	AF-0000000206156362	shard_1960_batch_1.tar	102113280	123119	802335232	1097648
2157	10786	AF-0000000206156436	shard_148_batch_1.tar	42947072	152250	1522481664	1566890
2159	10004	AF-0000000206152301	shard_1964_batch_0.tar	119248384	93773	766512640	644829
2160	2994	AF-0000000206163792	shard_160_batch_1.tar	144503808	160535	349767168	1847061
2160	3838	AF-0000000206163795	shard_1392_batch_0.tar	79713792	215269	783654912	3429825
2160	4971	AF-0000000206163776	shard_150_batch_1.tar	80712704	150064	1501134336	1672953
2160	4983	AF-0000000206163779	shard_148_batch_1.tar	123055616	147477	1174564352	1567861
2160	6311	AF-0000000206163789	shard_156_batch_1.tar	71272960	155239	1531051520	1770837
2160	7192	AF-0000000206163787	shard_150_batch_1.tar	97618944	150189	1372142592	1669090
2160	7809	AF-0000000206163809	shard_1206_batch_0.tar	226974208	262528	4354068480	5292459
2161	2735	AF-0000000206258280	shard_1966_batch_1.tar	39220736	286449	1157232640	5572430
2161	3984	AF-0000000206258279	shard_1932_batch_1.tar	107923456	314884	1255738368	6859586
2162	4002	AF-0000000206435329	shard_1402_batch_1.tar	214088704	230382	2202344448	3847933
2162	4642	AF-0000000206435204	shard_1964_batch_1.tar	88713216	146619	1518305792	1551865
2162	4858	AF-0000000206435345	shard_160_batch_2.tar	89035264	160599	996177920	1920545
2162	6941	AF-0000000206435288	shard_114_batch_1.tar	14621696	114027	1179592192	966259
2162	7030	AF-0000000206435333	shard_144_batch_2.tar	40835584	142408	539073024	1475494
2162	8037	AF-0000000206435175	shard_1998_batch_1.tar	37410304	145684	1471848960	1535390
2162	8382	AF-0000000206435374	shard_2010_batch_1.tar	100674560	144385	371058176	1570617
2162	8913	AF-0000000206435331	shard_1340_batch_1.tar	38364160	162023	2093054464	1979553
2162	9128	AF-0000000206435380	shard_2076_batch_1.tar	59069952	208676	1369785856	3083932
2162	9133	AF-0000000206435362	shard_1386_batch_1.tar	9637888	208025	2306531840	3088690
2162	9389	AF-0000000206435154	shard_1386_batch_1.tar	57099264	207742	3409518592	3104232
2162	9966	AF-0000000206435397	shard_1942_batch_1.tar	23732736	118375	1453800960	995605
2162	10866	AF-0000000206435179	shard_1972_batch_1.tar	49370112	112931	782158336	901437
2162	10942	AF-0000000206435138	shard_1402_batch_1.tar	156000768	232756	3658527744	3979558
2165	3200	AF-0000000206434372	shard_1188_batch_1.tar	216642560	221693	1230293504	3529846
2165	3201	AF-0000000206434373	shard_1396_batch_1.tar	150817280	215154	2937883648	3467328
2167	3662	AF-0000000206311361	shard_1362_batch_0.tar	12126720	184642	735333888	2512851
2171	4348	AF-0000000206289029	shard_2072_batch_1.tar	49980416	39230	599839232	90519
2172	4566	AF-0000000206432069	shard_138_batch_2.tar	16352256	140345	758730240	1456327
2172	6173	AF-0000000206432079	shard_98_batch_1.tar	14553600	106487	683995648	783915
2172	6647	AF-0000000206432066	shard_98_batch_1.tar	9175040	106315	918987776	789415
2172	7428	AF-0000000206432067	shard_126_batch_1.tar	68393472	126460	970178048	1171561
2172	9882	AF-0000000206432076	shard_118_batch_1.tar	106938368	119982	1190773760	1044564
2174	11063	AF-0000000206354086	shard_132_batch_1.tar	14176768	124243	1009684992	1243970
2177	2950	AF-0000000206220848	shard_2062_batch_1.tar	59596288	199433	887594496	2934734
2177	4858	AF-0000000206220857	shard_2050_batch_1.tar	70826496	242283	1587697152	4346100
2177	6488	AF-0000000206220855	shard_1944_batch_1.tar	36844544	195978	831323136	2815248
2177	6994	AF-0000000206220842	shard_1898_batch_1.tar	60331008	199555	1529661952	2924071
2177	7944	AF-0000000206220843	shard_2028_batch_1.tar	69380608	225068	514215424	3661549
2177	8878	AF-0000000206220853	shard_1904_batch_1.tar	57683456	311824	267069952	7424142
2177	10550	AF-0000000206220833	shard_2038_batch_1.tar	5362688	200361	1247174144	2928470
2178	3911	AF-0000000206321924	shard_126_batch_1.tar	75367424	125102	271349760	1199764
2178	4979	AF-0000000206321917	shard_2050_batch_1.tar	126043648	176643	1577866752	2539667
2178	7251	AF-0000000206321906	shard_2074_batch_1.tar	71563776	174518	1750639616	2447635
2179	9508	AF-0000000206258715	shard_1384_batch_0.tar	120774656	210089	1547727360	2786476
2181	5354	AF-0000000206305606	shard_2046_batch_1.tar	76112896	213377	1195125248	3389646
2181	5456	AF-0000000206305597	shard_1978_batch_1.tar	112911360	191220	614523392	2747725
2183	3358	AF-0000000206149968	shard_1378_batch_0.tar	166202368	195098	2123493376	2881863
2183	4729	AF-0000000206149996	shard_1374_batch_0.tar	5079040	192694	1338293760	2778253
2183	6137	AF-0000000206149977	shard_1372_batch_0.tar	5404672	193229	1478691328	2742319
2183	9001	AF-0000000206149981	shard_1376_batch_0.tar	126899200	192810	1728819200	2788357
2183	9536	AF-0000000206149970	shard_1378_batch_0.tar	118420992	195466	1673717248	2885198
2183	10250	AF-0000000206149965	shard_1376_batch_0.tar	55024640	192525	3096713216	2703263
2183	10383	AF-0000000206149962	shard_1372_batch_0.tar	176156672	192933	1667134464	2754225
2183	10522	AF-0000000206149961	shard_1372_batch_0.tar	101245952	193108	2752640000	2742264
2184	2248	AF-0000000206133793	shard_1976_batch_0.tar	71534080	320784	1765642240	7870405
2184	7560	AF-0000000206133727	shard_1214_batch_0.tar	55010304	308234	1154490880	7450620
2184	9938	AF-0000000206133758	shard_1210_batch_0.tar	25529856	278124	2166382592	5998205
2187	2558	AF-0000000206182462	shard_112_batch_1.tar	70215168	112514	367441408	930839
2187	6577	AF-0000000206182461	shard_136_batch_1.tar	82772992	134480	765213696	1326972
2187	8108	AF-0000000206182460	shard_102_batch_1.tar	49188352	107396	966565376	835507
2187	8819	AF-0000000206182463	shard_100_batch_1.tar	5955584	106339	312015360	818460
2187	10272	AF-0000000206182464	shard_112_batch_1.tar	5306880	112601	745756672	934517
2191	2247	AF-0000000206162437	shard_1392_batch_0.tar	198305792	213327	1358270464	3121825
2191	2317	AF-0000000206162461	shard_86_batch_0.tar	72346112	97002	723133440	669759
2191	2661	AF-0000000206162506	shard_2004_batch_1.tar	64076288	234372	262075904	4324392
2191	2812	AF-0000000206162425	shard_156_batch_1.tar	40231424	159800	2050826752	1832327
2191	3598	AF-0000000206162511	shard_2018_batch_1.tar	124193792	165092	525477888	2039989
2191	3809	AF-0000000206162486	shard_2028_batch_1.tar	79462912	215471	266203648	3174076
2191	3964	AF-0000000206162412	shard_80_batch_0.tar	9524736	94243	498263040	609345
2191	3965	AF-0000000206162470	shard_1950_batch_0.tar	68212736	91712	582981120	578192
2191	4651	AF-0000000206162448	shard_86_batch_0.tar	39934976	97879	249603072	648476
2191	4858	AF-0000000206162510	shard_2078_batch_1.tar	81883136	141124	821601792	1420215
2191	5180	AF-0000000206162409	shard_156_batch_1.tar	56211968	160941	1985931776	1812839
2191	5363	AF-0000000206162388	shard_82_batch_0.tar	80659456	95153	669267456	617394
2191	6532	AF-0000000206162389	shard_124_batch_0.tar	114294272	125207	1277131264	1147814
2191	6785	AF-0000000206162430	shard_152_batch_1.tar	111453184	153027	1053032448	1704292
2191	6970	AF-0000000206162539	shard_2068_batch_1.tar	46155264	110886	391166464	823756
2191	7012	AF-0000000206162519	shard_1998_batch_0.tar	123731968	123826	1007572480	1052135
2191	7647	AF-0000000206162456	shard_1344_batch_0.tar	104722432	167739	1919420928	1939438
2191	8746	AF-0000000206162403	shard_110_batch_0.tar	27641856	113790	505165824	901757
2191	9333	AF-0000000206162537	shard_1936_batch_1.tar	37269504	91855	1210406400	573825
2191	9335	AF-0000000206162526	shard_2082_batch_1.tar	98789888	91969	1239373312	576379
2191	9441	AF-0000000206162427	shard_140_batch_1.tar	59510272	143822	1610421760	1369884
2191	9596	AF-0000000206162515	shard_1940_batch_1.tar	60833280	92895	879575040	587436
2191	9597	AF-0000000206162475	shard_78_batch_1.tar	75869696	91556	404979712	572937
2191	9685	AF-0000000206162562	shard_1378_batch_0.tar	17780736	196979	2998253056	2693277
2191	9763	AF-0000000206162398	shard_78_batch_1.tar	73392640	92084	280915968	573702
2193	10499	AF-0000000206209074	shard_1986_batch_1.tar	86879232	87688	532286976	551376
2195	5771	AF-0000000206379906	shard_154_batch_2.tar	66133504	151714	635290112	1640148
2195	10491	AF-0000000206379890	shard_154_batch_2.tar	111707136	155175	775207424	1729229
2195	10834	AF-0000000206379903	shard_1364_batch_1.tar	70891008	180841	500546560	2368611
2201	2400	AF-0000000206106726	shard_2084_batch_0.tar	16902656	129223	374151680	1250982
2201	3358	AF-0000000206106718	shard_1998_batch_0.tar	39417344	134573	1509600256	1405388
2201	3539	AF-0000000206106755	shard_1898_batch_0.tar	118536704	128759	1646560256	1231584
2201	6836	AF-0000000206106725	shard_2030_batch_0.tar	36407808	129228	371578368	1250990
2201	7746	AF-0000000206106749	shard_2000_batch_0.tar	114029056	117620	1341803520	1013890
2201	7792	AF-0000000206106750	shard_2060_batch_0.tar	108064256	129074	734093824	1241997
2201	8876	AF-0000000206106741	shard_2066_batch_0.tar	115049472	129021	826233856	1235726
2201	9199	AF-0000000206106713	shard_106_batch_0.tar	31541248	109303	685652992	838526
2201	9536	AF-0000000206106721	shard_140_batch_0.tar	124962816	134884	835547648	1405138
2201	10100	AF-0000000206106731	shard_1936_batch_0.tar	63964672	129537	1601096192	1255704
2201	10230	AF-0000000206106748	shard_2000_batch_0.tar	86273024	128971	1261113856	1239534
2203	4564	AF-0000000206122049	shard_1362_batch_0.tar	37254144	178408	2460243456	2600239
2203	7043	AF-0000000206122034	shard_108_batch_0.tar	86381568	110563	370702848	940637
2205	2950	AF-0000000206312528	shard_14_batch_1.tar	15882752	49846	217755648	163796
2205	3139	AF-0000000206312440	shard_1964_batch_1.tar	88860672	88169	1515569152	553215
2205	3246	AF-0000000206312817	shard_1976_batch_1.tar	99140096	194065	644262400	3011004
2205	4049	AF-0000000206312541	shard_114_batch_1.tar	76438528	113898	452624896	991431
2205	4601	AF-0000000206312382	shard_2010_batch_1.tar	28649984	53465	1518507520	176699
2205	4602	AF-0000000206312905	shard_18_batch_1.tar	21957632	53405	130142208	174094
2205	4611	AF-0000000206312591	shard_1992_batch_1.tar	85911040	54034	643290112	183290
2205	4612	AF-0000000206312369	shard_20_batch_1.tar	512	54378	268097024	191144
2205	5246	AF-0000000206312669	shard_12_batch_1.tar	36635136	47240	237623808	147108
2205	5288	AF-0000000206312828	shard_2066_batch_1.tar	114163200	61820	1477012992	256112
2205	5310	AF-0000000206312465	shard_36_batch_1.tar	5780992	64702	280247808	281664
2205	5366	AF-0000000206312833	shard_1928_batch_1.tar	99125760	47756	1324471296	144167
2205	6046	AF-0000000206312904	shard_26_batch_1.tar	54907904	59429	139908096	224853
2205	6053	AF-0000000206312419	shard_2010_batch_1.tar	63622656	66078	1015426560	306922
2205	6250	AF-0000000206312635	shard_1992_batch_1.tar	105719296	66722	1432215040	298400
2205	6519	AF-0000000206312915	shard_28_batch_1.tar	42752512	59936	139423744	234860
2205	6553	AF-0000000206312518	shard_26_batch_1.tar	7585280	59490	124419584	225561
2205	6627	AF-0000000206312508	shard_14_batch_1.tar	29176832	49683	98638336	155574
2205	6796	AF-0000000206312509	shard_8_batch_1.tar	31362560	45735	197708288	130254
2205	7069	AF-0000000206312360	shard_32_batch_1.tar	6935040	61327	297498624	251367
2205	7162	AF-0000000206312538	shard_96_batch_1.tar	58382848	102460	255247872	731854
2205	7711	AF-0000000206312932	shard_6_batch_1.tar	11189760	42780	99531264	116285
2205	7842	AF-0000000206312479	shard_2046_batch_1.tar	98956800	85615	872077312	523127
2205	7918	AF-0000000206312386	shard_2068_batch_1.tar	122313216	83855	788953600	486384
2205	8404	AF-0000000206312464	shard_74_batch_1.tar	8462336	88383	236655104	538449
2205	8741	AF-0000000206312586	shard_1954_batch_1.tar	20161536	103486	603192320	746695
2205	8960	AF-0000000206312653	shard_2060_batch_1.tar	89558016	56448	830057472	223843
2205	10450	AF-0000000206312264	shard_6_batch_1.tar	27877376	42364	107445760	109784
2205	10541	AF-0000000206312241	shard_2026_batch_1.tar	25754112	45873	963206656	126395
2206	3823	AF-0000000206223024	shard_1982_batch_1.tar	12518400	264757	1192949248	5440472
2206	5575	AF-0000000206223021	shard_2036_batch_1.tar	116205568	196614	1290214912	2891788
2206	8541	AF-0000000206223005	shard_2022_batch_1.tar	91779072	207784	1034564608	3270851
2206	10851	AF-0000000206223003	shard_1910_batch_1.tar	66983936	161072	1559635456	1900595
2207	6024	AF-0000000206249541	shard_2008_batch_1.tar	102324736	91273	792816128	570204
2210	3126	AF-0000000206335109	shard_158_batch_1.tar	114865152	159248	1153127424	1807791
2210	5598	AF-0000000206335108	shard_156_batch_1.tar	1271296	156287	1720706560	1746904
2210	11043	AF-0000000206335107	shard_156_batch_1.tar	81543680	158301	900058112	1800926
2214	3426	AF-0000000206278786	shard_1384_batch_0.tar	85222912	199510	2505712640	2828975
2214	9158	AF-0000000206278783	shard_1384_batch_0.tar	171394048	200505	2976025088	2851963
2214	9849	AF-0000000206278782	shard_1380_batch_0.tar	22240256	195897	2605233152	2728006
2215	3645	AF-0000000206340185	shard_1920_batch_1.tar	18698240	201795	1439216640	3168041
2215	9776	AF-0000000206340181	shard_2058_batch_1.tar	92127232	202278	314612736	3168710
2217	7898	AF-0000000206437819	shard_2008_batch_1.tar	96968192	86155	399734272	521296
2217	11074	AF-0000000206437792	shard_1924_batch_1.tar	20239872	52697	323560448	170324
2219	6687	AF-0000000206125655	shard_1992_batch_0.tar	41617408	129891	568093696	1204081
2220	8261	AF-0000000206437475	shard_110_batch_1.tar	97731072	112865	393158656	932579
2226	2259	AF-0000000206233866	shard_112_batch_1.tar	93783040	115075	1107784192	983391
2226	2488	AF-0000000206233789	shard_2082_batch_1.tar	97201664	138621	925322752	1464931
2226	2936	AF-0000000206233719	shard_1386_batch_0.tar	113585664	206241	1476418048	3211022
2226	3034	AF-0000000206233827	shard_1396_batch_0.tar	97318400	219322	2324109312	3670415
2226	3037	AF-0000000206233812	shard_2012_batch_1.tar	93483520	220505	438743552	3673732
2226	3133	AF-0000000206233770	shard_1908_batch_1.tar	79120384	162376	742475776	1912399
2226	3291	AF-0000000206233806	shard_1924_batch_1.tar	18039296	122367	474518016	1087726
2226	3358	AF-0000000206233735	shard_1896_batch_1.tar	111871488	194577	670418944	3017546
2226	3681	AF-0000000206233786	shard_1956_batch_1.tar	4930048	129944	1593319424	1245828
2226	3686	AF-0000000206233868	shard_1376_batch_0.tar	42769408	191666	2416294912	2854413
2226	3959	AF-0000000206233847	shard_1400_batch_0.tar	4836864	228629	1556395520	3989397
2226	4063	AF-0000000206233699	shard_146_batch_1.tar	106960384	146072	1793744896	1618260
2226	4279	AF-0000000206233844	shard_138_batch_1.tar	89024000	137128	858206208	1421079
2226	4729	AF-0000000206233855	shard_1376_batch_0.tar	115423744	192001	2714795008	2905044
2226	5156	AF-0000000206233830	shard_142_batch_1.tar	131190272	142635	1123798528	1524415
2226	5385	AF-0000000206233745	shard_1894_batch_1.tar	24680960	155140	1265773056	1811837
2226	5520	AF-0000000206233796	shard_1966_batch_1.tar	46121984	143065	1227411456	1542669
2226	5589	AF-0000000206233742	shard_1990_batch_1.tar	53346304	136608	1717997056	1393627
2226	5751	AF-0000000206233749	shard_2030_batch_1.tar	81895424	146263	1778854912	1613820
2226	5992	AF-0000000206233724	shard_126_batch_1.tar	93056000	127553	414390272	1198910
2226	5997	AF-0000000206233750	shard_1990_batch_1.tar	20947968	115546	927881728	977630
2226	6063	AF-0000000206233739	shard_1992_batch_1.tar	30401536	130351	840338944	1260535
2226	6137	AF-0000000206233757	shard_1904_batch_1.tar	10374656	192108	916000256	2827569
2226	6287	AF-0000000206233710	shard_138_batch_1.tar	90403840	136876	632316928	1426319
2226	6732	AF-0000000206233775	shard_2018_batch_1.tar	81234432	126947	574551040	1162838
2226	6970	AF-0000000206233859	shard_126_batch_1.tar	74859008	126703	827841024	1159345
2226	7227	AF-0000000206233882	shard_142_batch_1.tar	140563456	140315	962209792	1499153
2226	7373	AF-0000000206233878	shard_138_batch_1.tar	118305280	137341	954293248	1413036
2226	7523	AF-0000000206233720	shard_122_batch_1.tar	49761792	123636	293014528	1107091
2226	7848	AF-0000000206233771	shard_1962_batch_1.tar	83353600	146427	283683328	1657746
2226	7892	AF-0000000206233819	shard_2048_batch_1.tar	111591936	134314	1657055744	1353897
2226	7977	AF-0000000206233792	shard_1918_batch_1.tar	102765568	137616	961396224	1470541
2226	8345	AF-0000000206233793	shard_2020_batch_1.tar	5784064	154564	1119479296	1799352
2226	8590	AF-0000000206233712	shard_148_batch_1.tar	94490112	149064	1443009536	1698145
2226	8874	AF-0000000206233782	shard_1902_batch_1.tar	75269120	115041	1145367552	960729
2226	8877	AF-0000000206233805	shard_1976_batch_1.tar	88528896	161162	363917312	1982046
2226	9001	AF-0000000206233772	shard_2006_batch_1.tar	15944192	192331	340777984	2911258
2226	9049	AF-0000000206233683	shard_112_batch_1.tar	68594688	114897	531981312	955904
2226	9379	AF-0000000206233791	shard_2060_batch_1.tar	50832384	140697	908146176	1480330
2226	9425	AF-0000000206233734	shard_2072_batch_1.tar	77315072	137516	1585703424	1448558
2226	9536	AF-0000000206233738	shard_2064_batch_1.tar	74910720	194988	908334080	3011180
2226	9590	AF-0000000206233711	shard_160_batch_1.tar	6581248	163882	575903744	2030275
2226	10250	AF-0000000206233718	shard_1376_batch_0.tar	21266944	192024	2070092288	2865298
2226	10383	AF-0000000206233681	shard_1372_batch_0.tar	61415424	192252	1427856384	2824679
2226	10522	AF-0000000206233680	shard_1372_batch_0.tar	29350912	192337	702151680	2835883
2226	11015	AF-0000000206233700	shard_154_batch_1.tar	52323840	155992	2024340480	1792025
2228	6107	AF-0000000206306033	shard_24_batch_1.tar	40657920	55899	154695680	202719
2229	7139	AF-0000000206198411	shard_1892_batch_1.tar	15613440	243735	1480230912	4096181
2229	10503	AF-0000000206198394	shard_2008_batch_1.tar	126305280	244259	590777344	4191479
2229	10745	AF-0000000206198396	shard_2068_batch_1.tar	20164096	243408	1072346112	4197743
2229	10746	AF-0000000206198398	shard_2060_batch_1.tar	24080384	244233	1622193152	4085184
2229	10776	AF-0000000206198395	shard_1900_batch_1.tar	74798080	243536	486160384	4064151
2234	2742	AF-0000000206191504	shard_1948_batch_1.tar	13428736	213783	813195264	3265368
2234	3184	AF-0000000206191505	shard_2024_batch_1.tar	41232896	253117	1328712192	4754585
2235	3184	AF-0000000206372976	shard_1958_batch_1.tar	40870400	197930	1187152896	2951870
2239	4285	AF-0000000206259123	shard_48_batch_1.tar	46977024	69318	338298880	331717
2239	5604	AF-0000000206259126	shard_12_batch_1.tar	18647552	47197	186239488	146246
2241	3889	AF-0000000206270526	shard_2022_batch_1.tar	97180672	274185	414351872	5616553
2241	7971	AF-0000000206270525	shard_2006_batch_1.tar	126171648	230742	487297024	3848869
2241	9197	AF-0000000206270527	shard_1946_batch_1.tar	56694272	274543	955512320	5590873
2242	4996	AF-0000000206180238	shard_1920_batch_1.tar	68363776	66911	322483712	292450
2242	5732	AF-0000000206180177	shard_10_batch_0.tar	13699072	47016	185894400	139814
2242	5977	AF-0000000206180067	shard_1912_batch_1.tar	7177216	70407	866797056	337964
2242	6621	AF-0000000206180008	shard_1932_batch_1.tar	2008064	43372	980413440	118728
2242	6891	AF-0000000206180170	shard_10_batch_0.tar	46971392	46764	200512512	140098
2242	7694	AF-0000000206180201	shard_8_batch_0.tar	21161984	44771	194913792	123418
2242	8089	AF-0000000206180128	shard_16_batch_1.tar	28446720	51124	200207872	166784
2242	8711	AF-0000000206180101	shard_20_batch_1.tar	20965888	54308	179693568	193162
2242	9408	AF-0000000206180084	shard_2010_batch_1.tar	102480896	170107	1196189184	1891004
2242	10405	AF-0000000206179979	shard_10_batch_0.tar	31941632	45585	119294976	126748
2242	10548	AF-0000000206179980	shard_12_batch_0.tar	16674816	47343	163641344	143063
2244	2276	AF-0000000206354708	shard_1982_batch_1.tar	107862016	236811	1053108736	3979405
2244	2285	AF-0000000206354637	shard_1978_batch_1.tar	90478080	188507	1311658496	2746586
2244	2446	AF-0000000206354709	shard_1382_batch_0.tar	116289024	200475	2444619776	2880106
2244	2976	AF-0000000206354631	shard_1964_batch_1.tar	105877504	124267	1385425920	1129757
2244	3349	AF-0000000206354686	shard_1970_batch_1.tar	26505216	122317	1430015488	1114072
2244	4098	AF-0000000206354727	shard_2006_batch_1.tar	21850624	150473	987421696	1719664
2244	4993	AF-0000000206354700	shard_1908_batch_1.tar	47152128	124343	988397568	1149632
2244	5080	AF-0000000206354649	shard_1912_batch_1.tar	98923008	125205	1146259968	1193434
2244	5366	AF-0000000206354721	shard_1978_batch_1.tar	20963328	124295	430710272	1128596
2244	5551	AF-0000000206354739	shard_126_batch_1.tar	55614464	126079	432397312	1188788
2244	6002	AF-0000000206354703	shard_2028_batch_1.tar	14076416	136510	1578426368	1407521
2244	6012	AF-0000000206354704	shard_1970_batch_1.tar	13577728	137059	1222664192	1415193
2244	6627	AF-0000000206354642	shard_2040_batch_1.tar	77743616	125816	872642560	1181458
2244	7362	AF-0000000206354716	shard_1368_batch_0.tar	137848832	184573	2209271296	2593184
2244	8903	AF-0000000206354626	shard_1910_batch_1.tar	90443776	152964	511243776	1777310
2244	9190	AF-0000000206354651	shard_2064_batch_1.tar	24379392	154450	1589023232	1804279
2244	9220	AF-0000000206354668	shard_2042_batch_1.tar	80902144	161580	1157193728	1981608
2244	9278	AF-0000000206354707	shard_1376_batch_0.tar	38028288	192524	1993615360	2676805
2244	9284	AF-0000000206354599	shard_158_batch_1.tar	18245632	159579	1870962176	1897213
2244	9568	AF-0000000206354697	shard_2084_batch_1.tar	51506176	200118	1305468416	2919439
2244	9908	AF-0000000206354621	shard_2060_batch_1.tar	84435456	195528	1269768192	2761068
2244	10235	AF-0000000206354688	shard_2064_batch_1.tar	59462656	228963	1536104960	3823604
2245	4814	AF-0000000206183954	shard_1910_batch_1.tar	16346624	134188	644608512	1349053
2245	7167	AF-0000000206183884	shard_2060_batch_1.tar	95996928	134363	624494080	1347523
2247	5656	AF-0000000206194974	shard_1368_batch_0.tar	102985216	187501	838910464	2455221
2247	6720	AF-0000000206194950	shard_1392_batch_0.tar	127002112	214953	3694753792	3209542
2247	6978	AF-0000000206194945	shard_1368_batch_0.tar	148810752	187725	471626752	2454402
2247	8623	AF-0000000206194921	shard_1986_batch_1.tar	127702528	269871	642408448	4899614
2247	9685	AF-0000000206194981	shard_1208_batch_0.tar	269500928	269945	1851838464	4890082
2248	3837	AF-0000000206430258	shard_1974_batch_1.tar	10909696	252753	547945472	4717206
2248	6689	AF-0000000206430342	shard_1366_batch_1.tar	129112064	182071	2560033280	2479634
2248	8128	AF-0000000206430263	shard_1940_batch_1.tar	131835904	207994	1787231232	3199332
2249	4271	AF-0000000206335995	shard_76_batch_1.tar	21414912	89199	420723200	544037
2249	4716	AF-0000000206335992	shard_84_batch_1.tar	35663360	92393	324021248	612618
2249	5711	AF-0000000206335996	shard_74_batch_1.tar	68368896	88187	530030592	524955
2249	10457	AF-0000000206335985	shard_74_batch_1.tar	84998656	85935	473455616	514063
2251	3104	AF-0000000206399970	shard_140_batch_1.tar	133733888	138666	610637824	1324515
2251	3976	AF-0000000206400007	shard_1894_batch_1.tar	20064768	162700	941126144	1909227
2251	4056	AF-0000000206400018	shard_2036_batch_1.tar	99795968	178016	461957632	2150618
2251	4722	AF-0000000206400021	shard_1946_batch_1.tar	120663040	124662	1247240704	1075605
2251	4830	AF-0000000206400024	shard_2006_batch_1.tar	61543936	126661	933294080	1104971
2251	5301	AF-0000000206400026	shard_1988_batch_1.tar	101359616	124279	371117056	1129318
2251	5532	AF-0000000206400025	shard_2004_batch_1.tar	11470848	89661	1622469632	551827
2251	6075	AF-0000000206399962	shard_146_batch_2.tar	41863680	147262	694758400	1569626
2251	6092	AF-0000000206400015	shard_1984_batch_1.tar	78002176	98289	1238356992	689862
2251	6237	AF-0000000206400040	shard_1924_batch_1.tar	3408384	121238	1212534272	1035581
2251	7269	AF-0000000206400001	shard_2056_batch_1.tar	45314560	103957	694051840	753324
2251	7663	AF-0000000206399998	shard_152_batch_2.tar	143120896	153272	1372655616	1624149
2251	7844	AF-0000000206400005	shard_1902_batch_1.tar	115223552	139123	446246400	1405724
2251	7925	AF-0000000206399974	shard_82_batch_1.tar	31311872	93337	273191424	613368
2251	8878	AF-0000000206400003	shard_1926_batch_1.tar	54816256	191231	918395904	2678886
2251	8937	AF-0000000206400043	shard_1894_batch_1.tar	28540416	91828	999111680	580266
2251	9638	AF-0000000206399972	shard_146_batch_2.tar	130002944	144187	1649230336	1565500
2251	9727	AF-0000000206399992	shard_140_batch_1.tar	114117120	138555	514915328	1327519
2251	10157	AF-0000000206400000	shard_144_batch_1.tar	11128320	143000	843649536	1406795
2251	10293	AF-0000000206399966	shard_82_batch_1.tar	3936768	91730	356730880	579537
2251	10922	AF-0000000209686970	shard_1370_batch_1.tar	43778048	189347	759582208	2712579
2251	11045	AF-0000000206399957	shard_1370_batch_0.tar	154689536	189251	2186018816	2718629
2253	3207	AF-0000000206339243	shard_74_batch_1.tar	22092800	86973	288306688	545531
2253	3218	AF-0000000206339341	shard_1960_batch_1.tar	95643648	94691	788033536	660779
2253	5186	AF-0000000206339142	shard_1982_batch_1.tar	32752640	78265	395819008	445735
2253	6068	AF-0000000206339346	shard_1908_batch_1.tar	5187584	54997	883518976	201221
2253	6499	AF-0000000206339228	shard_1962_batch_1.tar	49164800	56027	854653952	198774
2253	6621	AF-0000000206339148	shard_1992_batch_1.tar	15002624	52894	955213312	185449
2253	6675	AF-0000000206339156	shard_2074_batch_1.tar	90431488	49474	1039559168	157573
2253	7419	AF-0000000206339269	shard_22_batch_1.tar	47973888	55101	245598720	194748
2253	7677	AF-0000000206339262	shard_20_batch_1.tar	14493696	53283	147903488	187335
2253	7694	AF-0000000206339332	shard_2062_batch_1.tar	103538688	53759	743872512	189531
2253	7841	AF-0000000206339184	shard_2024_batch_1.tar	120995328	74794	264552448	377763
2253	9094	AF-0000000206339140	shard_1930_batch_1.tar	119980544	54807	884176384	196744
2253	9507	AF-0000000206339362	shard_2050_batch_1.tar	67990528	63937	1081810432	287350
2253	10019	AF-0000000206339240	shard_70_batch_1.tar	11451392	87949	544993280	524221
2253	10443	AF-0000000206339128	shard_1982_batch_1.tar	6825984	69226	545561600	329405
2253	10818	AF-0000000206339208	shard_24_batch_1.tar	39913984	55876	297266176	203605
2253	10842	AF-0000000206339224	shard_1898_batch_1.tar	118451200	94354	1624719360	616250
2253	10862	AF-0000000206339282	shard_34_batch_1.tar	60662272	65031	380973568	266631
2255	4865	AF-0000000206147892	shard_114_batch_0.tar	5280256	113254	770719232	979514
2255	7899	AF-0000000206147859	shard_108_batch_0.tar	1024000	107166	760995328	895661
2255	8674	AF-0000000206147889	shard_122_batch_0.tar	47515648	122743	1188122624	1077792
2255	8734	AF-0000000206147851	shard_130_batch_0.tar	36830208	129274	670089216	1217717
2255	10877	AF-0000000206147866	shard_132_batch_0.tar	114240000	133815	1200872448	1301353
2257	2539	AF-0000000206424873	shard_1382_batch_1.tar	15628800	203199	2457391104	3121414
2259	2400	AF-0000000206402301	shard_1904_batch_1.tar	124396032	131043	1301492736	1286277
2259	3539	AF-0000000206402328	shard_2076_batch_1.tar	19331072	130298	1046495744	1282277
2259	5560	AF-0000000206402337	shard_2082_batch_1.tar	70715904	87161	1048640000	533997
2259	5771	AF-0000000206402335	shard_1976_batch_1.tar	67792384	65761	811110400	297431
2259	6836	AF-0000000206402300	shard_1936_batch_1.tar	93651968	131027	1191681024	1285291
2259	7746	AF-0000000206402322	shard_2026_batch_1.tar	63828480	119312	1046573568	1068325
2259	7792	AF-0000000206402323	shard_1950_batch_1.tar	115960832	130893	1558627840	1293043
2259	7794	AF-0000000206402291	shard_2058_batch_1.tar	51980288	72476	689404416	379181
2259	8876	AF-0000000206402314	shard_2060_batch_1.tar	9719808	130664	995215872	1287455
2259	9199	AF-0000000206402290	shard_1936_batch_1.tar	93783552	111042	817459200	879562
2259	10100	AF-0000000206402306	shard_1960_batch_1.tar	42117632	131544	646131200	1298454
2259	10168	AF-0000000206402334	shard_2022_batch_1.tar	71058432	79634	1016873984	468775
2259	10230	AF-0000000206402321	shard_1932_batch_1.tar	92602880	130789	744408576	1289373
2262	3770	AF-0000000206319798	shard_104_batch_1.tar	74187264	110579	852723200	854513
2263	6967	AF-0000000206326089	shard_76_batch_1.tar	77398528	89836	340483584	579380
2263	7767	AF-0000000206326085	shard_2070_batch_1.tar	88099328	113001	571674112	879167
2266	3716	AF-0000000206278193	shard_154_batch_1.tar	129435648	154137	1365381120	1819281
2269	2276	AF-0000000206363232	shard_1216_batch_1.tar	221897728	329049	8058250240	7454100
2269	2446	AF-0000000206363233	shard_1212_batch_1.tar	3203584	292875	1288419328	5876284
2269	2828	AF-0000000206363219	shard_1906_batch_1.tar	97996800	227568	729242112	3807028
2269	4866	AF-0000000206363163	shard_1982_batch_1.tar	52039168	252074	1143553024	4710343
2269	7092	AF-0000000206363173	shard_1892_batch_1.tar	121226752	225145	1411713024	3540629
2269	9908	AF-0000000206363134	shard_1210_batch_0.tar	16474624	287078	6115625984	5661401
2270	10829	AF-0000000206268683	shard_156_batch_1.tar	7774208	159237	1859661824	1910859
2271	9942	AF-0000000206242479	shard_2066_batch_1.tar	113202176	152686	347630080	1756271
2272	7647	AF-0000000206295662	shard_1922_batch_1.tar	103976448	245404	1012982272	4508876
2275	11074	AF-0000000206185290	shard_1930_batch_1.tar	10964992	248653	1374848000	4740586
2276	2764	AF-0000000206356847	shard_1920_batch_1.tar	59840000	247298	291051008	3963340
2276	2976	AF-0000000206356849	shard_1926_batch_1.tar	10382848	164387	1559373824	1775077
2276	3420	AF-0000000206356827	shard_1958_batch_1.tar	10716672	307902	1062038528	6775080
2276	3639	AF-0000000206356959	shard_1356_batch_0.tar	39495680	179360	1366646272	2153751
2276	4691	AF-0000000206356824	shard_2036_batch_1.tar	7696384	204794	1548827136	2810913
2276	4866	AF-0000000206356869	shard_2050_batch_1.tar	110596096	200105	1194481152	2759433
2276	5065	AF-0000000206356853	shard_2020_batch_1.tar	87441408	165608	1510357504	1794452
2276	5178	AF-0000000206356970	shard_2064_batch_1.tar	124135936	200662	395059712	2554420
2276	5231	AF-0000000206356921	shard_158_batch_1.tar	96977920	163684	1676533248	1773732
2276	5640	AF-0000000206356896	shard_158_batch_1.tar	151101952	165751	313012736	1804177
2276	6002	AF-0000000206356930	shard_1352_batch_0.tar	57217536	176926	2344934912	2114504
2276	6012	AF-0000000206356931	shard_1352_batch_0.tar	125006336	176600	1418492928	2093556
2276	6201	AF-0000000206356936	shard_1388_batch_0.tar	208430592	215152	501444096	3138185
2276	6492	AF-0000000206356910	shard_158_batch_1.tar	121619968	163368	1977707008	1772279
2276	6873	AF-0000000206356892	shard_1358_batch_0.tar	2525696	182092	1728155136	2189195
2276	6984	AF-0000000206356881	shard_1356_batch_0.tar	131649536	178944	799301632	2136457
2276	8180	AF-0000000206356821	shard_1974_batch_1.tar	41913856	204687	963915776	2797289
2276	8930	AF-0000000206356937	shard_1360_batch_0.tar	65337344	182467	2573458944	2123558
2276	10313	AF-0000000206356887	shard_1212_batch_0.tar	88941568	300033	5466247680	6289504
2276	10453	AF-0000000206356797	shard_2064_batch_1.tar	41138688	164210	621373440	1731522
2276	10474	AF-0000000206356796	shard_2046_batch_1.tar	87751168	166939	1313548800	1800111
2276	10475	AF-0000000206356792	shard_2076_batch_1.tar	55831040	162115	750787072	1725357
2276	10841	AF-0000000206356867	shard_1948_batch_1.tar	1188864	167231	1505566720	1796749
2280	7925	AF-0000000206143541	shard_1988_batch_0.tar	122748416	111833	1404214784	804611
2284	2385	AF-0000000206198812	shard_1358_batch_0.tar	103348736	177611	1913889280	2295698
2284	3140	AF-0000000206198788	shard_1372_batch_0.tar	33579520	189655	2152819200	2626382
2284	3609	AF-0000000206198775	shard_1358_batch_0.tar	73439232	176116	2350471168	2300030
2284	5234	AF-0000000206198843	shard_1362_batch_0.tar	102891008	179884	635853824	2387109
2284	5444	AF-0000000206198808	shard_1372_batch_0.tar	32812032	190587	571091456	2610963
2284	5806	AF-0000000206198817	shard_1360_batch_0.tar	67507712	179178	1364963328	2337078
2284	6319	AF-0000000206198936	shard_1344_batch_0.tar	139430400	167811	2286627328	2101778
2284	6536	AF-0000000206198873	shard_2012_batch_1.tar	74091008	165067	1466765312	1966734
2284	7061	AF-0000000206198828	shard_1348_batch_0.tar	84599296	169378	857944576	2125268
2284	7084	AF-0000000206198820	shard_1390_batch_0.tar	58717184	212863	446076416	3240473
2284	7522	AF-0000000206198768	shard_1342_batch_0.tar	106222592	165631	2222045696	1975446
2284	10515	AF-0000000206198763	shard_1344_batch_0.tar	75315712	167663	1682566144	2089936
2284	10713	AF-0000000206198779	shard_156_batch_1.tar	83138048	158398	1499833856	1839672
2285	3019	AF-0000000206195014	shard_100_batch_1.tar	86615552	106050	991565312	817939
2285	4138	AF-0000000206195081	shard_1912_batch_1.tar	2939392	116891	1646884352	1000955
2285	5551	AF-0000000206195187	shard_116_batch_1.tar	19255808	117314	786125824	1013093
2285	6515	AF-0000000206195129	shard_2008_batch_1.tar	1933312	112475	1677004288	933732
2285	9858	AF-0000000206195032	shard_122_batch_1.tar	32659968	122087	559349760	1066431
2285	10085	AF-0000000206195029	shard_1362_batch_0.tar	172344832	181162	1745618432	2475595
2285	10135	AF-0000000206195006	shard_1360_batch_0.tar	121336832	178163	2082917376	2446163
2285	10693	AF-0000000206194994	shard_114_batch_1.tar	100382720	117395	646590464	1012742
2286	5924	AF-0000000206434873	shard_138_batch_2.tar	3784704	134009	1057269760	1364875
2300	7443	AF-0000000206203364	shard_1970_batch_1.tar	94257152	89633	1366329856	565445
2301	8545	AF-0000000206157441	shard_146_batch_1.tar	107992064	146237	361428480	1604459
2302	2764	AF-0000000206389023	shard_1188_batch_0.tar	105030144	224895	3243507712	3324535
2302	3473	AF-0000000206389063	shard_1206_batch_1.tar	119024640	264249	5043879936	4576474
2302	3690	AF-0000000206389054	shard_1198_batch_1.tar	9137664	242724	4070859776	4046582
2302	3857	AF-0000000206389030	shard_1216_batch_1.tar	319229952	324580	6545648640	7485510
2302	5167	AF-0000000206389066	shard_2036_batch_1.tar	124318208	156884	1498867712	1671163
2302	5455	AF-0000000206389017	shard_146_batch_1.tar	79982592	145349	499629568	1474706
2302	6146	AF-0000000206389043	shard_164_batch_1.tar	130998272	166046	1504718848	1860897
2302	6744	AF-0000000206389031	shard_1370_batch_0.tar	188776960	188451	1809517056	2496526
2302	6907	AF-0000000206389042	shard_158_batch_2.tar	37206016	157036	1727124480	1675302
2302	7885	AF-0000000206389068	shard_2006_batch_1.tar	58010112	161163	710763520	1736200
2302	8510	AF-0000000206389022	shard_1380_batch_1.tar	199413248	196951	2900409344	2751626
2302	10358	AF-0000000206389056	shard_1368_batch_1.tar	64760320	184793	1151633408	2282325
2306	2967	AF-0000000206264883	shard_2078_batch_1.tar	127721472	78729	1060157952	445213
2306	3783	AF-0000000206264881	shard_2078_batch_1.tar	42880512	110967	539483648	864962
2306	3847	AF-0000000206264879	shard_2070_batch_1.tar	82450944	108060	1360757248	806159
2306	4552	AF-0000000206264884	shard_2078_batch_1.tar	51504128	106612	1400076800	768677
2306	6957	AF-0000000206264876	shard_2032_batch_1.tar	3692544	111641	1420221440	872453
2306	10518	AF-0000000206264875	shard_2008_batch_1.tar	93777408	106618	761510912	770810
2307	4939	AF-0000000206389112	shard_1978_batch_1.tar	44282368	96603	1680240640	698314
2307	6862	AF-0000000206389130	shard_1910_batch_1.tar	111194624	81909	664011776	507779
2307	10474	AF-0000000206389088	shard_1892_batch_1.tar	91141120	90040	992516096	592581
2307	10499	AF-0000000206389081	shard_2018_batch_1.tar	117740544	80474	1437747712	451761
2307	10583	AF-0000000206389092	shard_1982_batch_1.tar	113950720	101658	1052341760	766367
2307	10841	AF-0000000206389119	shard_1932_batch_1.tar	50955776	90030	1539948544	592163
2307	10848	AF-0000000206389095	shard_1924_batch_1.tar	75905536	85934	725953024	521780
2307	10867	AF-0000000206389129	shard_1908_batch_1.tar	94623232	85659	624749568	526796
2308	2537	AF-0000000206430621	shard_1196_batch_1.tar	213534208	240316	3351215104	4300166
2308	3473	AF-0000000206430708	shard_1196_batch_1.tar	134102016	240626	874400768	3895360
2308	3804	AF-0000000206430574	shard_2078_batch_1.tar	18473984	125532	423696384	1096965
2308	4651	AF-0000000206430614	shard_1916_batch_1.tar	48345088	119633	311011840	988148
2308	5667	AF-0000000206430606	shard_1926_batch_1.tar	122819584	144868	883944960	1455567
2308	6213	AF-0000000206430603	shard_1956_batch_1.tar	110557696	145651	760717312	1483808
2308	6445	AF-0000000206430633	shard_1922_batch_1.tar	90965504	152053	439169024	1652469
2308	7018	AF-0000000206430591	shard_1910_batch_1.tar	48278528	119726	500679680	990930
2308	7773	AF-0000000206430699	shard_1340_batch_1.tar	131111936	163087	1922237440	1942196
2308	8324	AF-0000000206430704	shard_112_batch_1.tar	67677184	116441	896092160	937307
2308	8695	AF-0000000206430732	shard_2046_batch_1.tar	16413184	139429	306013696	1327138
2308	9938	AF-0000000206430640	shard_142_batch_2.tar	67710464	139405	1472212480	1496246
2308	10015	AF-0000000206430587	shard_1938_batch_1.tar	7572480	172491	296192000	2150705
2308	10174	AF-0000000206430645	shard_1356_batch_1.tar	117178368	178550	1511403520	2139862
2309	6053	AF-0000000206242558	shard_134_batch_1.tar	81269760	131982	790034944	1277544
2312	3461	AF-0000000206388883	shard_1944_batch_1.tar	12593664	65751	1018780160	306939
2312	4132	AF-0000000206388873	shard_1994_batch_1.tar	29739520	78037	1399821824	430905
2312	4805	AF-0000000206388880	shard_80_batch_1.tar	13751296	88552	350837248	558903
2312	5348	AF-0000000206388887	shard_2028_batch_1.tar	26835456	87178	943381504	558432
2312	5499	AF-0000000206388882	shard_60_batch_1.tar	60965888	77363	446233600	403756
2312	5613	AF-0000000206388877	shard_72_batch_1.tar	66982400	85439	484401664	489492
2312	6163	AF-0000000206388879	shard_60_batch_1.tar	13537792	77983	534688256	411730
2312	6512	AF-0000000206388871	shard_2048_batch_1.tar	92796416	69141	1435210240	333656
2312	6792	AF-0000000206388874	shard_58_batch_1.tar	18694656	75631	227753984	405121
2312	7608	AF-0000000206388889	shard_1894_batch_1.tar	59508224	69359	1123111936	328666
2312	8529	AF-0000000206388884	shard_1908_batch_1.tar	100314624	78756	1082500096	416887
2312	8767	AF-0000000206388872	shard_82_batch_1.tar	12161536	89514	619823104	582630
2312	9230	AF-0000000206388885	shard_2036_batch_1.tar	79687680	76179	370311680	426362
2312	9283	AF-0000000206388888	shard_1894_batch_1.tar	52782080	108146	280337408	765917
2312	9458	AF-0000000206388881	shard_30_batch_1.tar	23276032	57716	156801536	229367
2312	9761	AF-0000000206388891	shard_64_batch_1.tar	45293056	78403	571693568	431980
2312	9832	AF-0000000206388886	shard_2042_batch_1.tar	71804928	69577	1082159104	331777
2312	9914	AF-0000000206388890	shard_1900_batch_1.tar	61645312	78592	700234752	432215
2312	10531	AF-0000000206388870	shard_2036_batch_1.tar	22381056	66017	1034890240	298459
2312	10966	AF-0000000206388878	shard_66_batch_1.tar	252928	80250	202290688	452582
2314	10499	AF-0000000206223055	shard_1938_batch_1.tar	84075520	75357	1466348032	362028
2317	7773	AF-0000000206232942	shard_1932_batch_1.tar	86236672	96871	739071488	693702
2319	9717	AF-0000000206369249	shard_1968_batch_1.tar	35667456	88782	1305477120	540435
2320	6107	AF-0000000206135655	shard_1904_batch_0.tar	46063104	54369	1447186432	202331
2320	6250	AF-0000000206135658	shard_1958_batch_0.tar	90723840	72940	1519501824	373921
2321	6489	AF-0000000206236029	shard_1948_batch_1.tar	21984768	73896	800222208	379810
2322	6107	AF-0000000206336590	shard_1910_batch_1.tar	29667840	64618	759772672	292953
2322	6250	AF-0000000206336593	shard_2036_batch_1.tar	82169856	83503	720077312	494848
2323	4855	AF-0000000206138772	shard_138_batch_0.tar	14927872	140155	1604719104	1333747
2323	5555	AF-0000000206138769	shard_138_batch_0.tar	8935936	139958	455122944	1334085
2331	5502	AF-0000000206207394	shard_8_batch_0.tar	41963520	44010	137926144	123736
2331	6714	AF-0000000206207374	shard_2066_batch_1.tar	108816384	40404	1743224832	97538
2334	3384	AF-0000000206259196	shard_2080_batch_1.tar	36902400	298054	1410429440	6300895
2334	8142	AF-0000000206259221	shard_1976_batch_1.tar	44279808	241858	298920960	4562551
2336	3976	AF-0000000206253638	shard_2040_batch_1.tar	96357376	139132	1464797184	1403341
2336	4056	AF-0000000206253647	shard_152_batch_1.tar	122169344	154492	547811840	1619420
2336	4990	AF-0000000206253643	shard_80_batch_1.tar	66896384	93009	569171968	599146
2336	5073	AF-0000000206253665	shard_70_batch_1.tar	85717504	86863	189158912	526579
2336	5102	AF-0000000206253637	shard_2036_batch_1.tar	24507392	69820	1650163200	332084
2336	6075	AF-0000000206253594	shard_2064_batch_1.tar	63299584	124302	345055232	1118145
2336	6092	AF-0000000206253645	shard_50_batch_1.tar	15973888	75042	201065984	352068
2336	6980	AF-0000000206253670	shard_74_batch_1.tar	63102976	87898	665698816	539799
2336	7065	AF-0000000206253609	shard_1956_batch_1.tar	114333696	90957	1482260992	599028
2336	7663	AF-0000000206253631	shard_1990_batch_1.tar	19383296	130735	581438976	1176209
2336	7925	AF-0000000206253606	shard_2016_batch_1.tar	75565056	70125	759104512	327366
2336	8432	AF-0000000206253657	shard_2020_batch_1.tar	52265984	67290	1052951040	305091
2336	9638	AF-0000000206253604	shard_1970_batch_1.tar	112805376	120798	1611320320	1096474
2336	9773	AF-0000000206253599	shard_1974_batch_1.tar	57882624	203538	1096001024	2855837
2336	10771	AF-0000000206253587	shard_1996_batch_1.tar	116332032	72626	957728768	331568
2336	11055	AF-0000000206253627	shard_2064_batch_1.tar	32394240	72618	1505082368	328750
2344	3817	AF-0000000206305633	shard_1978_batch_1.tar	28398080	287253	960251392	6501914
2344	8158	AF-0000000206305629	shard_2036_batch_1.tar	52609024	287346	1187912192	6500013
2347	2557	AF-0000000206138776	shard_158_batch_1.tar	25529344	163710	1001274368	1922256
2347	4826	AF-0000000206138777	shard_156_batch_1.tar	116512256	159589	1364038656	1843122
2347	6018	AF-0000000206138774	shard_154_batch_1.tar	131150848	157616	323128832	1808418
2347	7316	AF-0000000206138778	shard_154_batch_1.tar	109010944	157701	627919872	1812442
2347	8044	AF-0000000206138775	shard_156_batch_1.tar	103532032	158940	361639424	1803683
2347	8998	AF-0000000206138780	shard_154_batch_1.tar	78523904	157355	719053312	1765850
2347	9746	AF-0000000206138779	shard_158_batch_1.tar	31177216	162419	1244638208	1891595
2348	9230	AF-0000000206155461	shard_78_batch_0.tar	70270976	85146	509662208	554586
2352	10087	AF-0000000206130302	shard_1984_batch_0.tar	103286272	116425	1528179200	1068958
2353	3938	AF-0000000206267036	shard_2018_batch_1.tar	102458880	268463	1053980160	5461545
2353	4795	AF-0000000206266997	shard_1202_batch_0.tar	93262336	258839	1126050304	5057144
2353	4848	AF-0000000206267010	shard_1202_batch_0.tar	21228032	258559	3683230720	5051509
2353	5361	AF-0000000206267018	shard_1202_batch_0.tar	56748032	258741	2671925248	5043740
2353	5642	AF-0000000206267017	shard_1202_batch_0.tar	120335872	258967	2746604032	5043008
2353	5702	AF-0000000206267019	shard_1944_batch_1.tar	83863552	263301	275480064	5252816
2353	7037	AF-0000000206267027	shard_1954_batch_1.tar	72964608	258685	1366002688	5069183
2353	7156	AF-0000000206267020	shard_1204_batch_0.tar	243566592	259888	946337792	5120943
2353	7360	AF-0000000206267006	shard_1204_batch_0.tar	116819456	259684	2704835584	5125648
2353	8777	AF-0000000206267009	shard_1202_batch_0.tar	27072512	259131	650010624	5056015
2353	9868	AF-0000000206267030	shard_1978_batch_1.tar	58917376	258607	822963712	5080950
2353	10613	AF-0000000206266989	shard_1202_batch_0.tar	72305152	258729	1624265216	5047976
2354	10546	AF-0000000206236085	shard_90_batch_1.tar	95672320	97144	215129088	636630
2357	8742	AF-0000000206148467	shard_1910_batch_0.tar	100670464	185406	1479018496	2721238
2358	7694	AF-0000000206167817	shard_2018_batch_1.tar	82242048	64205	820075520	266270
2359	5190	AF-0000000206357474	shard_40_batch_1.tar	34752512	65889	199888384	290004
2362	7158	AF-0000000206437832	shard_66_batch_1.tar	21390848	83676	396205568	472009
2366	5652	AF-0000000206357547	shard_102_batch_1.tar	37323776	108117	923927040	815947
2366	6621	AF-0000000206357501	shard_98_batch_1.tar	89296384	104022	621426688	768366
2366	7694	AF-0000000206357573	shard_2038_batch_1.tar	81246208	105308	1297876992	778706
2366	9814	AF-0000000206357605	shard_2064_batch_1.tar	122291200	150864	298303488	1679832
2368	3713	AF-0000000206320788	shard_2044_batch_1.tar	97872384	134678	970248192	1317722
2368	5728	AF-0000000206320779	shard_1972_batch_1.tar	114596352	147517	1477553152	1589442
2368	6355	AF-0000000206320783	shard_2040_batch_1.tar	57014784	138683	1687178240	1428961
2368	7441	AF-0000000206320772	shard_2048_batch_1.tar	89664000	136572	421511168	1373891
2368	7467	AF-0000000206320777	shard_1944_batch_1.tar	101320192	138680	379097088	1433494
2368	7567	AF-0000000206320774	shard_1982_batch_1.tar	68284928	135943	1057646080	1373733
2368	7672	AF-0000000206320789	shard_1916_batch_1.tar	31021056	136369	1307212288	1362029
2368	8066	AF-0000000206320781	shard_2066_batch_1.tar	34285568	146323	988168192	1566529
2368	8707	AF-0000000206320773	shard_2080_batch_1.tar	60538368	146290	889929216	1555070
2368	8817	AF-0000000206320791	shard_1954_batch_1.tar	73716224	144400	1315804672	1512733
2368	9979	AF-0000000206320782	shard_2014_batch_1.tar	21181952	216593	519857664	3521378
2369	8896	AF-0000000206177822	shard_1976_batch_1.tar	23054848	64392	1286435328	303100
2371	10154	AF-0000000206135201	shard_2074_batch_0.tar	14519808	140274	970802688	1483937
2377	6096	AF-0000000206106806	shard_22_batch_0.tar	19734528	54386	177682944	194213
2380	7647	AF-0000000206125039	shard_1208_batch_0.tar	206100480	268526	1883780096	5486024
2381	2674	AF-0000000206304686	shard_2078_batch_1.tar	51755008	50666	538764288	177660
2381	7328	AF-0000000206304738	shard_1992_batch_1.tar	76386816	93470	577732096	583980
2381	7500	AF-0000000206304681	shard_94_batch_1.tar	6447104	98180	558324224	737347
2381	7541	AF-0000000206304712	shard_1960_batch_1.tar	27819008	97927	670799360	672176
2381	9700	AF-0000000206304682	shard_2060_batch_1.tar	32378368	157517	1039926272	1824444
2381	10065	AF-0000000206304689	shard_1986_batch_1.tar	53664256	120840	1198568960	1078074
2381	10215	AF-0000000206304690	shard_2054_batch_1.tar	120147456	106043	1473748480	879100
2384	4167	AF-0000000206373705	shard_2072_batch_1.tar	125320704	171437	1486312960	2147171
2384	7323	AF-0000000206373640	shard_168_batch_1.tar	34907136	179079	1964659200	2375651
2384	7439	AF-0000000206373624	shard_1390_batch_1.tar	178100736	217616	1613977600	3359326
2384	8463	AF-0000000206373609	shard_1374_batch_0.tar	4881920	196386	1169922048	2890034
2384	8878	AF-0000000206373690	shard_1904_batch_1.tar	104406528	290842	1488499200	6447082
2384	9178	AF-0000000206373732	shard_2076_batch_1.tar	75207680	174188	1505788416	2213626
2384	10453	AF-0000000206373602	shard_1350_batch_0.tar	95348736	175992	1433208832	2290406
2384	10841	AF-0000000206373651	shard_168_batch_1.tar	66563072	178951	2503738368	2348518
2385	3485	AF-0000000206171377	shard_1918_batch_1.tar	14518784	111857	1446080000	907407
2390	5735	AF-0000000206201533	shard_2032_batch_1.tar	72485376	149786	557263872	1686996
2391	4846	AF-0000000206384994	shard_2000_batch_1.tar	95206400	100746	1766314496	698241
2391	6591	AF-0000000206384993	shard_2036_batch_1.tar	63085056	102730	1665479168	757138
2392	6025	AF-0000000206130303	shard_2052_batch_0.tar	113381888	150922	467656192	1603702
2392	8557	AF-0000000206130304	shard_2076_batch_0.tar	106180096	156571	1354503168	1621944
2395	2566	AF-0000000206395305	shard_120_batch_1.tar	26409472	125839	603894784	1109258
2395	2817	AF-0000000206395260	shard_1894_batch_1.tar	11252736	185824	719090688	2584599
2395	3701	AF-0000000206395245	shard_2048_batch_1.tar	98544128	213638	1530812416	3667775
2395	3840	AF-0000000206395222	shard_1910_batch_1.tar	87683072	124709	297569792	1086712
2395	7549	AF-0000000206395233	shard_1968_batch_1.tar	79778816	211675	821557248	3325248
2395	10138	AF-0000000206395220	shard_2048_batch_1.tar	104856576	105113	1045043200	790992
2398	8580	AF-0000000206357240	shard_150_batch_1.tar	144913920	153328	336809472	1692271
2399	8263	AF-0000000209687016	shard_1214_batch_1.tar	34208256	303383	1120024064	6160587
2400	2488	AF-0000000206185536	shard_1966_batch_1.tar	11600384	154851	591258624	1852319
2400	2936	AF-0000000206185466	shard_1956_batch_1.tar	13826560	222332	670035456	3819399
2400	3034	AF-0000000206185574	shard_1404_batch_0.tar	120953856	235705	2171190272	4291230
2400	3037	AF-0000000206185559	shard_1902_batch_1.tar	116615680	236715	1491596288	4307717
2400	3133	AF-0000000206185517	shard_2066_batch_1.tar	117597184	178262	1201917952	2346559
2400	3291	AF-0000000206185553	shard_2034_batch_1.tar	106215936	138663	1373007360	1422417
2400	3358	AF-0000000206185482	shard_1932_batch_1.tar	63834624	210813	455737856	3564498
2400	3653	AF-0000000206185462	shard_1948_batch_1.tar	45905408	156128	801759232	1860433
2400	3681	AF-0000000206185533	shard_2024_batch_1.tar	94346240	146160	947429376	1581637
2400	3686	AF-0000000206185612	shard_1390_batch_0.tar	179549696	207504	3026037760	3331579
2400	3959	AF-0000000206185593	shard_1200_batch_0.tar	203428864	244515	1547237376	4639341
2400	4063	AF-0000000206185446	shard_160_batch_1.tar	114594816	162385	884141056	2022166
2400	4279	AF-0000000206185590	shard_154_batch_1.tar	16381952	153065	316165632	1796084
2400	4729	AF-0000000206185601	shard_1390_batch_0.tar	14558208	208198	1694626304	3411959
2400	5093	AF-0000000206185598	shard_160_batch_1.tar	25832960	164690	1233014784	2046730
2400	5156	AF-0000000206185576	shard_158_batch_1.tar	5348352	159059	520342528	1923318
2400	5385	AF-0000000206185492	shard_1898_batch_1.tar	4333056	171812	354725376	2227651
2400	5520	AF-0000000206185543	shard_2000_batch_1.tar	127460352	159133	1203687424	1941006
2400	5589	AF-0000000206185489	shard_2054_batch_1.tar	41470976	152049	674195456	1788109
2400	5751	AF-0000000206185496	shard_1968_batch_1.tar	119138304	162506	1360361472	2021799
2400	5992	AF-0000000206185471	shard_1990_batch_1.tar	125076480	144042	1639548928	1558180
2400	5997	AF-0000000206185497	shard_1948_batch_1.tar	60512768	131716	869434368	1293192
2400	6063	AF-0000000206185486	shard_2034_batch_1.tar	125926400	146269	1149513216	1624933
2400	6092	AF-0000000206185575	shard_148_batch_1.tar	9987584	149968	783058432	1667678
2400	6117	AF-0000000206185582	shard_1360_batch_0.tar	62442496	179657	366000640	2446580
2400	6137	AF-0000000206185504	shard_2076_batch_1.tar	107977216	208494	1209667072	3342920
2400	6186	AF-0000000206185508	shard_1930_batch_1.tar	54617600	145424	898749440	1597465
2400	6645	AF-0000000206185558	shard_1998_batch_1.tar	71386112	144505	1517861888	1548752
2400	7227	AF-0000000206185625	shard_156_batch_1.tar	110807040	156771	348783104	1901709
2400	7273	AF-0000000206185596	shard_1344_batch_0.tar	122415104	164464	563573760	2053002
2400	7346	AF-0000000206185512	shard_1918_batch_1.tar	83963392	133810	905068544	1363121
2400	7373	AF-0000000206185621	shard_152_batch_1.tar	93684736	153483	759360000	1781944
2400	7523	AF-0000000206185467	shard_1984_batch_1.tar	37771264	139863	366261248	1444168
2400	7538	AF-0000000206185586	shard_128_batch_1.tar	14043136	126836	1174981120	1201293
2400	7751	AF-0000000206185490	shard_1986_batch_1.tar	25754112	155483	1393408000	1804773
2400	7848	AF-0000000206185518	shard_2052_batch_1.tar	36329984	162913	467857408	2073258
2400	7892	AF-0000000206185566	shard_150_batch_1.tar	124767744	149915	367822848	1725336
2400	7977	AF-0000000206185539	shard_2022_batch_1.tar	8244224	153663	772216320	1856366
2400	8255	AF-0000000206185541	shard_1924_batch_1.tar	28995584	127461	1709732864	1213772
2400	8345	AF-0000000206185540	shard_1942_batch_1.tar	28119552	170949	832932864	2214987
2400	8590	AF-0000000206185459	shard_2076_batch_1.tar	114460672	165005	1532957696	2108197
2400	8660	AF-0000000206185460	shard_1936_batch_1.tar	36946944	166311	1450502656	2109545
2400	8821	AF-0000000206185493	shard_1990_batch_1.tar	35523584	157566	562935808	1892495
2400	8874	AF-0000000206185529	shard_1974_batch_1.tar	116214272	131889	1117193216	1279517
2400	8877	AF-0000000206185552	shard_1360_batch_0.tar	130123264	176792	1202316288	2429119
2400	9001	AF-0000000206185519	shard_2044_batch_1.tar	72475648	208299	1155177984	3422699
2400	9045	AF-0000000206185432	shard_132_batch_1.tar	88215040	132142	528648704	1330842
2400	9425	AF-0000000206185481	shard_1986_batch_1.tar	53786112	153550	398974976	1788155
2400	9536	AF-0000000206185485	shard_2012_batch_1.tar	51737600	211463	325255680	3573391
2400	9590	AF-0000000206185458	shard_2020_batch_1.tar	2066432	180094	851606528	2479499
2400	9945	AF-0000000206185579	shard_148_batch_1.tar	100724736	145960	284535808	1624105
2400	10250	AF-0000000206185465	shard_1960_batch_1.tar	124333056	208350	784688640	3344131
2400	10294	AF-0000000206185469	shard_2008_batch_1.tar	20464640	173987	658699264	2191867
2400	10383	AF-0000000206185427	shard_1388_batch_0.tar	150502400	208757	3148868096	3337465
2400	10522	AF-0000000206185426	shard_1388_batch_0.tar	177570816	208562	1890990592	3351820
2405	10498	AF-0000000206245097	shard_1908_batch_1.tar	127196672	174881	315664384	2341361
2406	3210	AF-0000000206295683	shard_1950_batch_1.tar	103895552	72495	1546799104	373852
2410	3783	AF-0000000206282007	shard_106_batch_1.tar	107337728	109915	271132160	874724
2410	3847	AF-0000000206282005	shard_2000_batch_1.tar	4234240	107080	1501094400	819403
2410	4552	AF-0000000206282010	shard_2066_batch_1.tar	105959936	105567	1082433536	782951
2410	6957	AF-0000000206282002	shard_106_batch_1.tar	14031872	110390	321673728	880256
2410	10518	AF-0000000206282001	shard_100_batch_1.tar	8083456	105660	984407552	786761
2412	2795	AF-0000000206392601	shard_1966_batch_1.tar	85013504	271567	1709417984	5570824
2412	8405	AF-0000000206392591	shard_1932_batch_1.tar	126566912	184747	1578408448	2600536
2412	10629	AF-0000000206392587	shard_1920_batch_1.tar	23542784	198926	1295693312	3051254
2414	8236	AF-0000000206350218	shard_1342_batch_0.tar	82173952	162219	1776894976	2015376
2419	2739	AF-0000000206308474	shard_2052_batch_1.tar	104543232	173932	797186048	2426248
2419	6659	AF-0000000206308466	shard_2066_batch_1.tar	12044800	181225	1073682432	2586071
2419	9729	AF-0000000206308465	shard_1972_batch_1.tar	107129856	178629	1274639872	2460520
2420	2447	AF-0000000206192613	shard_124_batch_1.tar	97087488	124083	1283936256	1151343
2420	5762	AF-0000000206192546	shard_1986_batch_1.tar	10885632	181587	709404160	2514008
2420	5986	AF-0000000206192593	shard_136_batch_1.tar	125074944	138711	1140837888	1395624
2420	6964	AF-0000000206192525	shard_2044_batch_1.tar	121283072	123971	392787968	1150017
2420	7337	AF-0000000206192465	shard_130_batch_1.tar	51813376	131186	1435862528	1258301
2420	8859	AF-0000000206192462	shard_1402_batch_0.tar	40098816	233031	3836076544	3969046
2420	10044	AF-0000000206192566	shard_1912_batch_1.tar	597504	181207	665125376	2467420
2420	10442	AF-0000000206192430	shard_120_batch_1.tar	2171392	123460	863997952	1080505
2421	4965	AF-0000000206113430	shard_1996_batch_0.tar	3415040	178243	1702143488	2219437
2421	5165	AF-0000000206113432	shard_1892_batch_0.tar	39274496	176936	596870656	2238694
2421	5418	AF-0000000206113427	shard_2036_batch_0.tar	112128000	152379	1660503040	1679324
2421	7428	AF-0000000206113405	shard_1918_batch_0.tar	51436544	161778	646400512	1973282
2422	4110	AF-0000000206229888	shard_1348_batch_0.tar	7997440	168015	1814171648	2266841
2426	2950	AF-0000000206154119	shard_104_batch_1.tar	70691840	110552	940133888	879994
2426	6488	AF-0000000206154124	shard_1916_batch_1.tar	13402624	107167	282034688	811057
2426	6994	AF-0000000206154111	shard_104_batch_1.tar	25989632	110519	249294336	868271
2426	10550	AF-0000000206154109	shard_104_batch_1.tar	32212992	111101	456131584	869517
2427	6124	AF-0000000206184076	shard_1992_batch_1.tar	60986880	108248	966001152	802777
2427	9303	AF-0000000206184063	shard_1944_batch_1.tar	34920960	172743	1482712576	2192493
2427	9745	AF-0000000206184015	shard_126_batch_1.tar	13689856	121174	1182412288	1014274
2433	4997	AF-0000000206112068	shard_2036_batch_0.tar	78691840	71628	506670592	364662
2433	5022	AF-0000000206112020	shard_1916_batch_0.tar	48393216	70144	1053193728	356585
2433	5074	AF-0000000206112188	shard_54_batch_0.tar	37893632	73953	341178368	408142
2433	5586	AF-0000000206112130	shard_88_batch_0.tar	23071232	99453	719849984	678506
2433	5588	AF-0000000206112251	shard_2034_batch_0.tar	17446400	123863	881319424	1098721
2433	6980	AF-0000000206112231	shard_1918_batch_0.tar	50661376	106092	556255744	809799
2433	7187	AF-0000000206112163	shard_48_batch_0.tar	18698752	70072	187551744	359812
2433	10252	AF-0000000206112019	shard_1924_batch_0.tar	108173312	69908	1634105344	356949
2433	10676	AF-0000000206111929	shard_54_batch_0.tar	47887872	74351	452648448	397757
2433	10834	AF-0000000206112164	shard_114_batch_0.tar	22668800	112345	1022300160	983173
2434	2585	AF-0000000206258716	shard_106_batch_1.tar	45396480	110800	301942784	884433
2434	2849	AF-0000000206258717	shard_102_batch_1.tar	69924352	107942	963301888	837365
2434	9236	AF-0000000206258718	shard_120_batch_1.tar	121016832	121267	451792384	1061768
2436	3057	AF-0000000206420363	shard_1978_batch_1.tar	89912832	192998	353445376	2548067
2436	3404	AF-0000000206420358	shard_1962_batch_1.tar	56608256	302741	1689835520	6506974
2436	9303	AF-0000000206420368	shard_2048_batch_1.tar	116843520	302544	487015424	6471325
2437	5366	AF-0000000206208633	shard_1892_batch_1.tar	65533440	169736	1504287744	2067504
2437	6008	AF-0000000206208618	shard_1352_batch_0.tar	127048704	177614	1676895744	2249075
2437	6404	AF-0000000206208574	shard_1374_batch_0.tar	90344960	194831	1019590656	2808856
2437	6492	AF-0000000206208593	shard_164_batch_1.tar	89386496	168510	436433408	2100974
2437	10417	AF-0000000206208498	shard_1902_batch_1.tar	54536192	180015	1269735936	2290645
2437	10459	AF-0000000206208492	shard_2060_batch_1.tar	119847424	169254	405119488	2096127
2437	10699	AF-0000000206208488	shard_2002_batch_1.tar	25271296	157329	1382265856	1775280
2438	3060	AF-0000000206400098	shard_84_batch_1.tar	20744192	91912	616382464	628419
2438	4197	AF-0000000206400119	shard_80_batch_1.tar	53492736	88789	298839552	595515
2438	6311	AF-0000000206400100	shard_126_batch_1.tar	64593408	120429	1069387264	1118488
2438	6342	AF-0000000206400115	shard_98_batch_1.tar	88041472	100859	678648832	753380
2438	6541	AF-0000000206400120	shard_102_batch_1.tar	46821376	104093	731971584	803306
2440	5604	AF-0000000206317218	shard_116_batch_1.tar	87251968	116141	1171189760	949944
2440	6194	AF-0000000206317201	shard_130_batch_1.tar	15780864	128335	1055206912	1155382
2441	6194	AF-0000000206217447	shard_130_batch_1.tar	75837440	127796	1293626880	1165963
2441	10015	AF-0000000206217438	shard_168_batch_1.tar	27305984	172054	499727360	2130386
2443	5417	AF-0000000206368570	shard_1188_batch_0.tar	193292288	225192	783628288	3755449
2443	5615	AF-0000000206368566	shard_1364_batch_1.tar	79068672	183782	968384512	2553480
2443	8654	AF-0000000206368572	shard_1188_batch_0.tar	202607616	225678	1994476032	3749196
2446	2600	AF-0000000206358537	shard_1906_batch_1.tar	88589312	243278	816790528	4217274
2446	2882	AF-0000000206358513	shard_2016_batch_1.tar	94142976	143512	1632804352	1421598
2446	3007	AF-0000000206358567	shard_1968_batch_1.tar	19621376	171245	1694948352	2022787
2446	3195	AF-0000000206358509	shard_2072_batch_1.tar	19268608	125548	1460875264	1020488
2446	3639	AF-0000000206358628	shard_142_batch_1.tar	67751936	143340	811051520	1396555
2446	3969	AF-0000000206358615	shard_1212_batch_1.tar	178373632	295998	4494756864	5984479
2446	4866	AF-0000000206358538	shard_2014_batch_1.tar	49057280	163696	1356440064	1889350
2446	5065	AF-0000000206358522	shard_1940_batch_1.tar	20040704	128892	1038772224	1100324
2446	5178	AF-0000000206358639	shard_158_batch_1.tar	108753920	164363	1034539520	1720971
2446	5368	AF-0000000206358568	shard_2018_batch_1.tar	66475008	152687	614531072	1594926
2446	5409	AF-0000000206358636	shard_156_batch_1.tar	56694272	158525	550056448	1749265
2446	5637	AF-0000000206358485	shard_2044_batch_1.tar	66411008	148921	433236992	1526554
2446	6250	AF-0000000206358571	shard_144_batch_1.tar	12857344	146093	1741808640	1460746
2446	6515	AF-0000000206358590	shard_2008_batch_1.tar	3557888	125463	915030016	1021439
2446	6529	AF-0000000206358545	shard_1904_batch_1.tar	106012160	127231	571621888	1053700
2446	7710	AF-0000000206358505	shard_2064_batch_1.tar	60177920	132023	710740480	1207988
2446	7715	AF-0000000206358591	shard_138_batch_1.tar	40179200	137196	452284928	1314703
2446	8087	AF-0000000209687025	shard_152_batch_1.tar	20396544	154749	1970976768	1582033
2446	9150	AF-0000000206358496	shard_1926_batch_1.tar	67651584	210885	675437568	3043091
2446	9190	AF-0000000206358543	shard_2080_batch_1.tar	78231040	158592	1621756928	1696784
2446	10453	AF-0000000206358463	shard_124_batch_1.tar	39847936	127950	825435648	1065566
2446	10693	AF-0000000206358465	shard_128_batch_1.tar	119981568	129700	1139190272	1119351
2446	10701	AF-0000000206358471	shard_138_batch_1.tar	39343616	141333	809225216	1305471
2446	10882	AF-0000000206358476	shard_148_batch_1.tar	49900032	149855	947320832	1485894
2447	3531	AF-0000000206386288	shard_94_batch_1.tar	19090944	101457	742099456	742866
2447	4040	AF-0000000206386689	shard_146_batch_1.tar	72983552	146552	666595840	1547270
2447	4264	AF-0000000206386720	shard_26_batch_1.tar	41695232	57447	230498816	222591
2447	5860	AF-0000000206386366	shard_2024_batch_1.tar	89840128	119650	1245444608	1109837
2447	6462	AF-0000000206386667	shard_20_batch_1.tar	8614400	52157	159488000	179024
2447	6889	AF-0000000206386286	shard_36_batch_1.tar	41390592	63867	368279040	278863
2447	7078	AF-0000000206386369	shard_1902_batch_1.tar	86516224	91803	717775360	600998
2447	7315	AF-0000000206386450	shard_1952_batch_1.tar	2875904	52724	333008384	178901
2447	7439	AF-0000000206386307	shard_82_batch_1.tar	88147968	95075	505250304	617461
2447	7694	AF-0000000206386588	shard_2038_batch_1.tar	37004288	52042	544182784	172907
2447	8087	AF-0000000209687026	shard_62_batch_1.tar	59107840	80819	277985280	456698
2447	8091	AF-0000000206386304	shard_8_batch_1.tar	1556480	43943	197196800	122448
2447	8352	AF-0000000206386503	shard_40_batch_1.tar	46337024	64848	163229696	297941
2447	8404	AF-0000000206386363	shard_1934_batch_1.tar	38205952	93917	1680694272	597357
2447	8769	AF-0000000206386483	shard_20_batch_1.tar	9441280	53616	172799488	184065
2447	9178	AF-0000000206386722	shard_16_batch_1.tar	46937088	51996	126594560	172516
2447	10332	AF-0000000206386443	shard_18_batch_1.tar	14828544	52817	238496768	175345
2447	10389	AF-0000000206386201	shard_1952_batch_1.tar	2350592	58933	1185588736	227763
2447	10533	AF-0000000206386227	shard_2076_batch_1.tar	112621568	56541	1510525440	213380
2447	10699	AF-0000000206386202	shard_2056_batch_1.tar	36468736	41654	1109778944	103937
2447	10757	AF-0000000206386232	shard_1938_batch_1.tar	7053824	44186	593861632	121400
2447	10882	AF-0000000206386243	shard_56_batch_1.tar	17176576	75729	289713664	405450
2447	11086	AF-0000000206386644	shard_6_batch_1.tar	41852928	42950	190749184	119386
2448	3210	AF-0000000206191209	shard_1932_batch_1.tar	18451968	97035	899609600	645956
2448	10499	AF-0000000206191201	shard_2050_batch_1.tar	109803520	85333	367007744	500196
2449	2534	AF-0000000206352795	shard_154_batch_1.tar	15132672	157303	1964590592	1771977
2449	4784	AF-0000000206352780	shard_116_batch_1.tar	48460800	115251	782258176	953834
2449	8439	AF-0000000206352775	shard_30_batch_1.tar	22724096	60125	328379392	246148
2450	8142	AF-0000000206300615	shard_1202_batch_0.tar	225973248	251168	4954956288	4698173
2451	8695	AF-0000000206240723	shard_1918_batch_1.tar	16213504	77272	791825920	389892
2451	9658	AF-0000000206240709	shard_2046_batch_1.tar	33513472	100845	1593517056	728935
2453	5550	AF-0000000206418889	shard_124_batch_1.tar	33604096	123276	561343488	1088212
2453	6284	AF-0000000206418929	shard_82_batch_1.tar	73013248	91838	236875264	613605
2455	4727	AF-0000000206189030	shard_1946_batch_1.tar	114429952	166991	387499008	2122161
2455	10543	AF-0000000206189022	shard_1972_batch_1.tar	113738752	93115	1582457344	627185
2458	7213	AF-0000000206260217	shard_2026_batch_1.tar	59547648	145214	949268992	1553008
2458	8568	AF-0000000206260218	shard_1940_batch_1.tar	75949056	143641	1328697344	1425470
2459	6250	AF-0000000206234039	shard_2058_batch_1.tar	102344192	170312	1138509824	2177862
2459	6532	AF-0000000206233926	shard_1364_batch_0.tar	51750400	181441	617464320	2521296
2459	6873	AF-0000000206234031	shard_1348_batch_0.tar	39588352	169976	693829632	2121899
2459	7439	AF-0000000206233949	shard_2034_batch_1.tar	20052992	193256	297244160	2616616
2459	8944	AF-0000000206234057	shard_148_batch_1.tar	146816512	147446	1762049536	1622969
2459	10390	AF-0000000206233895	shard_148_batch_1.tar	141907968	147650	843321856	1627643
2459	10451	AF-0000000206233887	shard_152_batch_1.tar	97970688	151831	1537025536	1688868
2460	3686	AF-0000000206385031	shard_1978_batch_1.tar	133252096	137513	486295040	1437492
2460	5482	AF-0000000206385016	shard_1956_batch_1.tar	84137472	78462	907756544	452570
2460	5502	AF-0000000206385029	shard_20_batch_1.tar	30323712	52627	131639296	181918
2460	10250	AF-0000000206385012	shard_1944_batch_1.tar	87116800	137762	1380451840	1417377
2460	10739	AF-0000000206385023	shard_1972_batch_1.tar	128103424	78514	1278149632	456809
2463	8546	AF-0000000206303577	shard_1962_batch_1.tar	55675392	234934	380314624	4328997
2463	8698	AF-0000000206303563	shard_1974_batch_1.tar	74230272	149714	1393265664	1729259
2463	9986	AF-0000000206303582	shard_1966_batch_1.tar	72803840	235484	1276533760	4329970
2465	8180	AF-0000000206154538	shard_2002_batch_0.tar	104467968	172154	1155962880	2101116
2466	5826	AF-0000000206317225	shard_164_batch_1.tar	148281344	168550	1665963008	1972556
2466	6476	AF-0000000206317221	shard_154_batch_1.tar	144903680	155887	1012756992	1681530
2466	6745	AF-0000000206317224	shard_160_batch_1.tar	159106048	166171	1697395712	1928766
2469	5625	AF-0000000206192677	shard_82_batch_1.tar	22069760	92678	750199296	647191
2470	2856	AF-0000000206419352	shard_2080_batch_1.tar	84098560	223582	999149056	3843970
2470	4820	AF-0000000206419346	shard_2076_batch_1.tar	103877120	146365	618805248	1613188
2470	8207	AF-0000000206419347	shard_1966_batch_1.tar	56798720	210463	513192448	3330630
2470	8785	AF-0000000206419342	shard_2002_batch_1.tar	118664704	208287	1182645760	3205013
2470	10703	AF-0000000206419331	shard_2026_batch_1.tar	97722368	210485	331055104	3300888
2473	5418	AF-0000000206347529	shard_64_batch_1.tar	44876800	81318	550423552	487873
2474	3459	AF-0000000206358820	shard_90_batch_1.tar	1198080	96610	798240256	715554
2479	7694	AF-0000000206289968	shard_26_batch_1.tar	33537024	55935	267676160	207683
2480	5032	AF-0000000206147990	shard_130_batch_0.tar	103404544	125817	1467960320	1158532
2480	5240	AF-0000000206147970	shard_1946_batch_0.tar	58467328	94367	916549120	648089
2480	6068	AF-0000000206148025	shard_82_batch_0.tar	8004096	91206	273650688	602364
2480	6539	AF-0000000206147978	shard_1944_batch_0.tar	66198016	89675	1030779392	581213
2480	6579	AF-0000000206147994	shard_1896_batch_0.tar	72358400	93965	1353626112	638936
2480	7410	AF-0000000206147958	shard_2018_batch_0.tar	96619520	94904	1172331008	651651
2480	8752	AF-0000000206148047	shard_68_batch_0.tar	4728832	84318	169474560	493813
2480	9754	AF-0000000206147938	shard_1972_batch_0.tar	50133504	126536	345079808	1248438
2480	10860	AF-0000000206148026	shard_72_batch_0.tar	71178240	86251	641733120	526676
2482	4601	AF-0000000206306048	shard_2078_batch_1.tar	85059072	74334	549681664	337190
2482	4602	AF-0000000206306061	shard_2020_batch_1.tar	121045504	74395	541568000	342814
2482	4610	AF-0000000206306042	shard_50_batch_1.tar	25200128	74651	457583616	341348
2482	5580	AF-0000000206306059	shard_1988_batch_1.tar	55306240	87109	1797257216	548282
2483	4820	AF-0000000206423772	shard_80_batch_1.tar	10313216	89862	681718272	574327
2488	3539	AF-0000000206263892	shard_2018_batch_1.tar	46570496	154115	1764689408	1852049
2488	3959	AF-0000000206263887	shard_1966_batch_1.tar	118180864	193001	729683968	2875103
2488	6836	AF-0000000206263881	shard_1956_batch_1.tar	2614784	154475	844904960	1856643
2488	7792	AF-0000000206263890	shard_1954_batch_1.tar	75395072	154569	1069255168	1857034
2488	7794	AF-0000000206263879	shard_1984_batch_1.tar	56436736	96284	1419710464	685946
2488	8876	AF-0000000206263883	shard_1908_batch_1.tar	90011648	154462	1004125696	1847289
2488	9199	AF-0000000206263878	shard_1944_batch_1.tar	100947456	135151	445633536	1374088
2488	10100	AF-0000000206263882	shard_2038_batch_1.tar	111241216	155142	1442490368	1878203
2488	10230	AF-0000000206263888	shard_2034_batch_1.tar	65065984	154378	1298692096	1861569
2489	3291	AF-0000000206158900	shard_2052_batch_1.tar	22509568	81570	399372800	494087
2489	4904	AF-0000000206158850	shard_2068_batch_0.tar	50564096	107730	1141294080	868648
2489	5231	AF-0000000206158920	shard_2012_batch_1.tar	65991680	70071	1640805888	368207
2489	5589	AF-0000000206158840	shard_90_batch_0.tar	20760576	95276	513419264	697664
2489	5712	AF-0000000206158894	shard_2034_batch_0.tar	69230592	69856	597940224	362605
2489	6492	AF-0000000206158898	shard_2014_batch_0.tar	12472320	70028	614450176	367219
2489	6789	AF-0000000206158835	shard_130_batch_0.tar	58826240	127257	696977408	1227596
2489	7523	AF-0000000206158819	shard_68_batch_0.tar	65384960	82773	492548096	514745
2489	7538	AF-0000000206158933	shard_50_batch_0.tar	35995136	69725	256242688	366760
2489	7977	AF-0000000206158886	shard_2012_batch_1.tar	71096320	96993	866947584	744467
2489	8255	AF-0000000206158888	shard_1902_batch_1.tar	40537600	70141	1339365376	365872
2489	8821	AF-0000000206158844	shard_1914_batch_0.tar	117257728	100682	961747968	795086
2489	9047	AF-0000000206158794	shard_60_batch_0.tar	76755456	75587	384545280	439849
2489	9198	AF-0000000206158924	shard_2030_batch_1.tar	53491200	169325	1077396480	2146441
2491	10499	AF-0000000206303596	shard_1944_batch_1.tar	93399552	99033	1256241664	679493
2492	3704	AF-0000000206249890	shard_1948_batch_1.tar	80063488	99467	1149453312	715587
2492	6073	AF-0000000206249876	shard_1930_batch_1.tar	92733440	93710	819300352	656977
2492	6454	AF-0000000206249651	shard_2044_batch_1.tar	3302912	47834	1088931328	145113
2492	6992	AF-0000000206249639	shard_12_batch_1.tar	11191808	47523	213487616	145485
2492	7654	AF-0000000206249838	shard_8_batch_1.tar	16633856	44450	201198592	120766
2492	8352	AF-0000000206249856	shard_2034_batch_1.tar	78452224	58521	1535681536	230213
2492	9087	AF-0000000206249680	shard_2026_batch_1.tar	82153984	81129	1728251392	475108
2492	9520	AF-0000000206249739	shard_2050_batch_1.tar	42708480	82834	911214592	485331
2492	10691	AF-0000000206249566	shard_0_batch_0.tar	22565376	35189	104951808	68825
2492	10756	AF-0000000206249559	shard_30_batch_1.tar	20570112	59786	134558208	241276
2496	3516	AF-0000000206423871	shard_1944_batch_1.tar	61046272	129043	1674858496	1230641
2496	5924	AF-0000000206423836	shard_2052_batch_1.tar	58200064	125013	1155473408	1177219
2496	6462	AF-0000000206423873	shard_2074_batch_1.tar	24294912	69339	463301120	331412
2496	6621	AF-0000000206423802	shard_46_batch_1.tar	11369984	67935	413171712	318868
2496	7694	AF-0000000206423857	shard_2012_batch_1.tar	76953088	69231	1442984448	317827
2496	10224	AF-0000000206423827	shard_2018_batch_1.tar	23112704	127342	1731401728	1209233
2498	6223	AF-0000000206358909	shard_1970_batch_1.tar	18181632	118107	1273669632	1017978
2498	7676	AF-0000000206358870	shard_1966_batch_1.tar	37259264	102594	1478311424	748126
2498	10670	AF-0000000206358866	shard_1900_batch_1.tar	123150336	89183	345561088	552185
2498	10949	AF-0000000206358862	shard_1896_batch_1.tar	82600960	138629	750811648	1412143
2499	5128	AF-0000000206251027	shard_1962_batch_1.tar	117399552	104991	1221824512	796705
2499	7361	AF-0000000206251020	shard_2068_batch_1.tar	71032320	90421	840763904	637033
2499	10635	AF-0000000206251015	shard_1998_batch_1.tar	32296448	73046	845817856	381939
2499	10636	AF-0000000206251016	shard_1932_batch_1.tar	3153408	73047	968969216	381750
2501	8683	AF-0000000206322740	shard_2032_batch_1.tar	108605440	154219	1642230784	1820615
2501	8818	AF-0000000206322752	shard_1990_batch_1.tar	114194432	155148	1676577280	1838974
2502	6488	AF-0000000206318106	shard_142_batch_1.tar	63905792	142033	1506838528	1437809
2502	10550	AF-0000000206318085	shard_146_batch_1.tar	37973504	146068	921995776	1507838
2504	5007	AF-0000000206232993	shard_146_batch_1.tar	84658688	145355	1589035520	1531280
2504	9592	AF-0000000206232997	shard_1358_batch_0.tar	84597760	177057	2552897536	2262263
2506	8412	AF-0000000206336986	shard_150_batch_1.tar	123255808	149043	1546006016	1779575
2508	7276	AF-0000000206137855	shard_72_batch_0.tar	82162688	86940	370579968	523639
2508	7632	AF-0000000206137846	shard_1936_batch_0.tar	84810240	87082	527768576	520125
2510	9492	AF-0000000206111170	shard_1994_batch_0.tar	39234560	255596	577606144	4843370
2513	5864	AF-0000000206229904	shard_1362_batch_0.tar	56324096	180141	1170687488	2163136
2513	7663	AF-0000000206229909	shard_1374_batch_0.tar	166893056	196157	1223844352	2570488
2513	8448	AF-0000000206229907	shard_1362_batch_0.tar	117749760	183503	2215645184	2270048
2514	5000	AF-0000000206347594	shard_2000_batch_1.tar	80657920	140708	465993728	1498953
2514	5086	AF-0000000206347585	shard_1982_batch_1.tar	25064960	174739	477448192	2240321
2518	4207	AF-0000000206128914	shard_148_batch_0.tar	20390912	145577	451743744	1484556
2519	3838	AF-0000000206162603	shard_1198_batch_0.tar	101790208	246425	2332295168	4450535
2519	4287	AF-0000000206162593	shard_1404_batch_0.tar	78919680	239627	1533485056	4202747
2519	4971	AF-0000000206162573	shard_1902_batch_1.tar	88387584	181984	1607953408	2404632
2519	7192	AF-0000000206162587	shard_1360_batch_0.tar	21978624	182590	1581863936	2402793
2519	7809	AF-0000000206162617	shard_1212_batch_0.tar	257995264	294431	5338640384	6282776
2519	8004	AF-0000000206162599	shard_1402_batch_0.tar	112011776	232413	1379725312	3948088
2519	10233	AF-0000000206162634	shard_1402_batch_0.tar	57871872	229373	979744768	3875182
2521	5454	AF-0000000206263143	shard_144_batch_1.tar	115568128	140885	1398875136	1547775
2522	2738	AF-0000000206243736	shard_1982_batch_1.tar	16317952	97220	1315255296	664674
2522	3522	AF-0000000206243746	shard_1970_batch_1.tar	123994112	133822	766370304	1367282
2522	3597	AF-0000000206243733	shard_2076_batch_1.tar	10397184	95625	725115392	683635
2522	5595	AF-0000000206243734	shard_2008_batch_1.tar	40767488	143291	1684673536	1569708
2522	5666	AF-0000000206243738	shard_2028_batch_1.tar	36047360	133433	252895744	1363970
2522	5804	AF-0000000206243749	shard_1946_batch_1.tar	77364224	133691	574812672	1380087
2522	5967	AF-0000000206243732	shard_2002_batch_1.tar	21748736	98907	1355521024	686746
2522	6334	AF-0000000206243742	shard_1960_batch_1.tar	14492672	142483	936298496	1527680
2522	6495	AF-0000000206243737	shard_136_batch_1.tar	82362880	133669	288593408	1371933
2522	6838	AF-0000000206243729	shard_2074_batch_1.tar	132487168	133447	411522560	1369617
2522	6869	AF-0000000206243743	shard_2014_batch_1.tar	103888384	98365	741266944	683738
2522	7336	AF-0000000206243748	shard_1976_batch_1.tar	105606656	133848	546828800	1377935
2522	8071	AF-0000000206243751	shard_2036_batch_1.tar	118750208	133640	1670159872	1365839
2522	10418	AF-0000000206243711	shard_136_batch_1.tar	15815680	133406	1393339392	1370871
2522	11028	AF-0000000206243722	shard_88_batch_1.tar	56954880	95263	607565312	678239
2525	2946	AF-0000000206250076	shard_1952_batch_1.tar	21553664	114957	277398016	908990
2525	3806	AF-0000000206250079	shard_2052_batch_1.tar	27165184	139411	776464896	1371722
2527	10665	AF-0000000206243761	shard_1964_batch_1.tar	27127808	101682	1747499008	685464
2531	3426	AF-0000000206233005	shard_1378_batch_0.tar	59138048	193069	2396225536	2712075
2531	9158	AF-0000000206233002	shard_1378_batch_0.tar	133566976	193664	3009594368	2698635
2531	9849	AF-0000000206233001	shard_1376_batch_0.tar	58808832	189439	457879040	2605125
2533	6417	AF-0000000206186912	shard_150_batch_1.tar	149572608	142008	1230529024	1611210
2533	7144	AF-0000000206186926	shard_2080_batch_1.tar	95794688	143731	997594112	1554259
2534	2728	AF-0000000206254703	shard_164_batch_1.tar	15294976	168750	1527098368	2053490
2534	3401	AF-0000000206254652	shard_160_batch_1.tar	128568320	164059	1436189184	1926876
2534	6344	AF-0000000206254704	shard_1384_batch_0.tar	191254528	207410	642362880	3148962
2534	6861	AF-0000000206254691	shard_1342_batch_0.tar	81339392	164263	2200233472	1989110
2534	6973	AF-0000000206254669	shard_2014_batch_1.tar	86594560	155588	1260788224	1709576
2534	6980	AF-0000000206254721	shard_1376_batch_0.tar	173150720	196747	2098163200	2824979
2534	6999	AF-0000000206254708	shard_164_batch_1.tar	123186688	170203	1371916288	2067333
2534	7065	AF-0000000206254670	shard_1382_batch_0.tar	85449216	199837	923991552	2985175
2534	7502	AF-0000000206254681	shard_158_batch_1.tar	48942080	160961	1985339392	1848472
2534	8074	AF-0000000206254658	shard_168_batch_1.tar	131123712	175021	557107712	2227475
2534	9646	AF-0000000206254697	shard_1348_batch_0.tar	61640704	171825	1557832192	2111514
2537	4987	AF-0000000206224408	shard_1918_batch_1.tar	84215296	196676	1036471296	2817916
2537	10122	AF-0000000206224413	shard_2076_batch_1.tar	54736384	241440	1713900544	4195965
2538	7169	AF-0000000206306069	shard_1914_batch_1.tar	120695296	88908	515143680	533206
2538	7675	AF-0000000206306079	shard_2010_batch_1.tar	57846784	89633	493499904	542763
2542	8743	AF-0000000206428860	shard_114_batch_1.tar	89054720	115265	824156160	965128
2542	10137	AF-0000000206428852	shard_122_batch_1.tar	11478016	120905	347008512	1109822
2544	4167	AF-0000000206429058	shard_60_batch_1.tar	76217344	78098	379046912	430708
2544	6627	AF-0000000206428991	shard_1900_batch_1.tar	12117504	84833	1140075520	504823
2544	6796	AF-0000000206428992	shard_64_batch_1.tar	69782016	80909	255025152	459125
2544	7153	AF-0000000206429082	shard_70_batch_1.tar	4084224	84652	579338240	507265
2544	7414	AF-0000000206429025	shard_70_batch_1.tar	45663744	84767	276981760	503127
2544	7546	AF-0000000206429026	shard_108_batch_1.tar	108846080	110699	853424128	912062
2544	8552	AF-0000000206428981	shard_1908_batch_1.tar	65252864	110549	370278400	901388
2544	9178	AF-0000000206429090	shard_64_batch_1.tar	70029312	81030	298897920	460943
2545	2943	AF-0000000206278792	shard_1196_batch_0.tar	195469824	242995	1462549504	4491466
2545	6072	AF-0000000206278793	shard_1196_batch_0.tar	118247936	242917	1787130368	4480830
2545	8786	AF-0000000206278794	shard_1196_batch_0.tar	234502144	240960	2630761984	4438981
2545	9559	AF-0000000206278791	shard_1196_batch_0.tar	33032192	243288	1484250624	4500300
2548	7889	AF-0000000206352816	shard_1342_batch_0.tar	5655552	167678	1690678784	1945235
2549	4685	AF-0000000206354092	shard_58_batch_1.tar	63642112	79064	471114240	442284
2554	2643	AF-0000000206217485	shard_158_batch_1.tar	14069760	157607	1190036992	1746230
2554	2760	AF-0000000206217472	shard_138_batch_1.tar	120378368	137133	393308160	1320963
2554	4423	AF-0000000206217489	shard_130_batch_1.tar	99240960	127804	702853632	1160111
2554	4802	AF-0000000206217474	shard_152_batch_1.tar	71794688	150695	1616994304	1597284
2554	8166	AF-0000000206217490	shard_152_batch_1.tar	71328256	152155	1683068416	1634313
2554	9210	AF-0000000206217478	shard_1200_batch_0.tar	111805952	245716	4589298176	4050371
2554	10944	AF-0000000206217466	shard_1396_batch_0.tar	95534080	221794	1226324992	3487959
2557	6709	AF-0000000206181486	shard_160_batch_1.tar	153682432	165732	1724144640	1961227
2557	8630	AF-0000000206181485	shard_160_batch_1.tar	102258176	165832	1285260288	2000207
2558	6577	AF-0000000206195191	shard_132_batch_1.tar	8365568	131312	391669760	1269527
2558	8108	AF-0000000206195190	shard_98_batch_1.tar	79946240	104102	529030656	776894
2558	8819	AF-0000000206195192	shard_96_batch_1.tar	87061504	103123	368802304	764466
2558	10272	AF-0000000206195193	shard_108_batch_1.tar	66750976	109528	719660032	874523
2560	7169	AF-0000000206426641	shard_1990_batch_1.tar	124713472	75673	405690368	380119
2560	7675	AF-0000000206426645	shard_1982_batch_1.tar	62539776	75990	357021184	385872
2562	4579	AF-0000000206376269	shard_158_batch_2.tar	161201152	155429	1594594816	1810863
2562	4580	AF-0000000206376270	shard_158_batch_2.tar	124082176	155451	2121801216	1804733
2562	4581	AF-0000000206376259	shard_156_batch_2.tar	512	155261	1774979584	1790934
2562	4582	AF-0000000206376260	shard_158_batch_2.tar	23581696	155407	2008895488	1794288
2562	4583	AF-0000000206376261	shard_156_batch_2.tar	92998656	155071	342513664	1794043
2562	5028	AF-0000000206376275	shard_158_batch_2.tar	134314496	155369	321382400	1803322
2562	10568	AF-0000000206376263	shard_158_batch_2.tar	78380032	155271	937205248	1812438
2566	3450	AF-0000000206369266	shard_140_batch_1.tar	74369024	145020	1502037504	1476821
2568	3627	AF-0000000206294657	shard_1910_batch_1.tar	85560320	361657	544009216	9845853
2568	10771	AF-0000000206294634	shard_1996_batch_1.tar	104424960	186106	1027233792	2633853
2568	11055	AF-0000000206294652	shard_2060_batch_1.tar	57800704	185913	264568832	2632781
2569	5428	AF-0000000206270033	shard_2008_batch_1.tar	12475904	208655	526870528	3096012
2570	10812	AF-0000000206205892	shard_1202_batch_0.tar	242146304	256720	1359216640	4603328
2572	9390	AF-0000000206319093	shard_148_batch_1.tar	102948864	150942	1642915328	1640881
2574	2941	AF-0000000206377393	shard_1370_batch_0.tar	80459776	187889	1356999680	2660245
2574	9442	AF-0000000206377491	shard_1946_batch_1.tar	64435712	80626	1001678848	482794
2574	10417	AF-0000000206377268	shard_2030_batch_1.tar	75540480	62658	1163061248	260696
2578	2900	AF-0000000206286132	shard_1948_batch_1.tar	80314880	183739	274071552	2501990
2578	9907	AF-0000000206286118	shard_2078_batch_1.tar	62946816	184112	667961344	2504363
2579	7073	AF-0000000206351507	shard_126_batch_1.tar	112429568	129962	455550464	1187543
2579	7600	AF-0000000206351511	shard_126_batch_1.tar	66996224	130348	1109743616	1181553
2579	8763	AF-0000000206351505	shard_126_batch_1.tar	123721728	130557	505581568	1183016
2579	8878	AF-0000000206351509	shard_1400_batch_0.tar	53662208	231930	1141368320	4074358
2582	5886	AF-0000000206213450	shard_1970_batch_1.tar	114030080	181892	1588392960	2530491
2582	6160	AF-0000000206213449	shard_1964_batch_1.tar	75114496	182420	1407340544	2540598
2582	7563	AF-0000000206213448	shard_1932_batch_1.tar	12248576	168474	708620800	2132630
2582	9818	AF-0000000206213447	shard_1962_batch_1.tar	108285440	272700	1487989248	5476236
2584	5644	AF-0000000206253225	shard_1404_batch_0.tar	222183424	230797	4124349440	4120206
2585	2669	AF-0000000206214865	shard_1948_batch_1.tar	27665408	110200	364957184	863340
2585	5879	AF-0000000206214861	shard_2084_batch_1.tar	78614016	129089	1064293888	1198128
2585	7075	AF-0000000206214857	shard_2084_batch_1.tar	58482688	107612	539064320	810609
2585	8808	AF-0000000206214864	shard_2060_batch_1.tar	46131200	150704	581731840	1702626
2587	3497	AF-0000000206376614	shard_58_batch_1.tar	54941184	80812	561428992	433892
2587	3782	AF-0000000206376280	shard_72_batch_1.tar	44170240	86825	532617728	535107
2587	4712	AF-0000000206376631	shard_44_batch_1.tar	206848	72168	401497600	340843
2587	5094	AF-0000000206376380	shard_1940_batch_1.tar	33281536	72553	1018135552	366269
2587	5454	AF-0000000206376431	shard_66_batch_1.tar	2784256	84422	328790016	490262
2587	5876	AF-0000000206376598	shard_1966_batch_1.tar	88977408	72429	661486592	345982
2587	5986	AF-0000000206376628	shard_44_batch_1.tar	63685632	72093	276883968	342043
2587	6008	AF-0000000206376599	shard_2068_batch_1.tar	74623488	62689	1257761792	241192
2587	6250	AF-0000000206376534	shard_2082_batch_1.tar	71338496	73220	1179430400	362622
2587	6426	AF-0000000206376663	shard_48_batch_1.tar	1388032	72234	275198464	366989
2587	6872	AF-0000000206376591	shard_28_batch_1.tar	44069376	62901	247366144	240740
2587	6874	AF-0000000206376456	shard_26_batch_1.tar	15230464	58003	283230208	223421
2587	8211	AF-0000000206376530	shard_2066_batch_1.tar	49058304	121333	646202368	1103770
2587	8398	AF-0000000206376522	shard_1992_batch_1.tar	52775936	90104	1078576640	572373
2587	8974	AF-0000000206376700	shard_1944_batch_1.tar	55025664	80894	663582720	435024
2587	10459	AF-0000000206376300	shard_1966_batch_1.tar	13819904	54902	579642368	190270
2587	10474	AF-0000000206376308	shard_2064_batch_1.tar	117092352	57635	421451776	211084
2587	10839	AF-0000000206376638	shard_46_batch_1.tar	25261056	71118	442822144	342814
2587	10841	AF-0000000206376465	shard_24_batch_1.tar	858112	57649	211382784	209050
2587	10884	AF-0000000206376323	shard_2006_batch_1.tar	10556416	78367	259439104	420041
2588	4683	AF-0000000206357629	shard_1966_batch_1.tar	34722816	118632	1013399040	994022
2588	5025	AF-0000000206357673	shard_118_batch_1.tar	105498112	122364	652600320	1076516
2594	5546	AF-0000000206373823	shard_1384_batch_0.tar	14465024	204569	3171747840	3046767
2594	5783	AF-0000000206373799	shard_1366_batch_1.tar	46921216	185801	1937118720	2565624
2594	6267	AF-0000000206373824	shard_1392_batch_1.tar	145774080	217342	3457273344	3364363
2594	6930	AF-0000000206373834	shard_1362_batch_1.tar	91450880	182529	1716118016	2445795
2594	7098	AF-0000000206373788	shard_1382_batch_0.tar	162241024	203807	2698435072	3037944
2594	8993	AF-0000000206373828	shard_160_batch_1.tar	84198400	166028	770261504	2043946
2594	9514	AF-0000000206373833	shard_1188_batch_0.tar	220219392	224613	1906979840	3580783
2594	10791	AF-0000000206373742	shard_2080_batch_1.tar	104959488	171693	1696415232	2134009
2600	2642	AF-0000000206212802	shard_1376_batch_0.tar	132439040	196874	1813104640	2722592
2600	2726	AF-0000000206212797	shard_160_batch_1.tar	140730880	162566	1866496512	1935065
2600	3146	AF-0000000206212788	shard_1188_batch_0.tar	111170560	223768	1164518912	3672455
2600	3269	AF-0000000206212775	shard_1348_batch_0.tar	78311936	170038	507066368	2060677
2600	4142	AF-0000000206212700	shard_1900_batch_1.tar	115148288	221667	289301504	3512942
2600	4787	AF-0000000206212715	shard_1956_batch_1.tar	5665792	207969	1568490496	3136266
2600	5065	AF-0000000206212708	shard_1924_batch_1.tar	24678400	167999	823142912	2045317
2600	5419	AF-0000000206212832	shard_1358_batch_0.tar	50962432	179146	2348213760	2256864
2600	5640	AF-0000000206212756	shard_164_batch_1.tar	134576640	168320	1510667264	2043413
2600	6303	AF-0000000206212722	shard_1922_batch_1.tar	106398720	176119	1023625216	2229634
2600	6480	AF-0000000206212819	shard_168_batch_1.tar	83996160	176308	2035685888	2230062
2600	6493	AF-0000000206212827	shard_1356_batch_0.tar	173025280	176911	1850931712	2249064
2600	6872	AF-0000000206212783	shard_1352_batch_0.tar	101476352	174996	1614448640	2172691
2600	6978	AF-0000000206212747	shard_2036_batch_1.tar	83255296	186232	841245696	2525823
2600	7323	AF-0000000206212709	shard_1948_batch_1.tar	129317888	169703	787346432	2057977
2600	7724	AF-0000000206212804	shard_1400_batch_0.tar	164118016	224944	630956032	3668322
2600	8443	AF-0000000206212702	shard_1970_batch_1.tar	45616128	162087	1265300992	1930396
2600	8903	AF-0000000206212701	shard_1946_batch_1.tar	89394176	196255	905867776	2781470
2600	10085	AF-0000000206212687	shard_1996_batch_1.tar	91872256	233129	863103488	3958730
2600	10313	AF-0000000206212745	shard_1978_batch_1.tar	45742592	303248	1289539072	6818999
2600	10475	AF-0000000206212651	shard_160_batch_1.tar	126747136	165041	940449792	1949574
2600	10701	AF-0000000206212663	shard_1360_batch_0.tar	133001728	180553	2410813440	2307799
2601	5837	AF-0000000206351697	shard_42_batch_1.tar	39080960	66433	250211328	302895
2601	6889	AF-0000000206351581	shard_1942_batch_1.tar	122549248	60020	866867712	232842
2601	7396	AF-0000000206351563	shard_2074_batch_1.tar	18343424	57618	315334656	210240
2601	10500	AF-0000000206351520	shard_46_batch_1.tar	12798976	70483	282958336	349740
2602	2658	AF-0000000206434973	shard_1902_batch_1.tar	38895104	260301	681590272	4637734
2602	3428	AF-0000000206434984	shard_2062_batch_1.tar	81277440	217862	790560256	3288791
2602	4217	AF-0000000206434976	shard_2048_batch_1.tar	131748864	253388	1648586752	4404376
2602	7512	AF-0000000206434974	shard_2052_batch_1.tar	119711744	251507	1186564096	4458317
2602	7849	AF-0000000206434979	shard_2016_batch_1.tar	11464192	252763	1324879360	4470939
2602	10139	AF-0000000206434980	shard_1898_batch_1.tar	93388288	223106	1208122880	3451319
2602	10949	AF-0000000206434953	shard_1392_batch_1.tar	26353664	215136	3768978944	3225026
2606	2943	AF-0000000206389546	shard_1202_batch_1.tar	171480576	258637	4986913280	5035367
2606	6072	AF-0000000206389547	shard_1202_batch_1.tar	137117696	258317	3965900288	5017882
2606	8786	AF-0000000206389548	shard_1202_batch_1.tar	132009984	256120	5015315456	4962458
2606	9559	AF-0000000206389545	shard_1202_batch_1.tar	68447232	258319	5118753280	5035503
2614	5455	AF-0000000206256965	shard_2076_batch_1.tar	94088704	192204	816832512	2463541
2614	5456	AF-0000000206256970	shard_1998_batch_1.tar	117415936	195946	857772032	2503953
2619	5878	AF-0000000206266351	shard_1916_batch_1.tar	56296960	155427	1131617792	1646458
2619	6250	AF-0000000206266356	shard_1934_batch_1.tar	74286080	127692	768302592	1154438
2619	10450	AF-0000000206266343	shard_2008_batch_1.tar	58756608	104481	747045888	753925
2620	7574	AF-0000000206181530	shard_1918_batch_1.tar	130694656	124111	1372646912	1197528
2621	3722	AF-0000000206431082	shard_1914_batch_1.tar	109737984	323946	1521930240	7244678
2623	5601	AF-0000000206433065	shard_2030_batch_1.tar	30226432	131379	710680576	1087503
2623	10178	AF-0000000206433064	shard_2040_batch_1.tar	56132096	135522	269234176	1158556
2624	2950	AF-0000000206291497	shard_2014_batch_1.tar	22040064	59080	824339968	229249
2624	4858	AF-0000000206291505	shard_2052_batch_1.tar	24187392	102701	1394574336	736590
2624	10550	AF-0000000206291484	shard_2070_batch_1.tar	72044032	60114	1114341376	228583
2627	3373	AF-0000000206319175	shard_1976_batch_1.tar	63926784	51610	813588992	198549
2627	6342	AF-0000000206319187	shard_1900_batch_1.tar	85988864	66850	999653376	339628
2627	6541	AF-0000000206319192	shard_1958_batch_1.tar	75008512	70256	1233108992	374231
2630	2739	AF-0000000206142443	shard_1360_batch_0.tar	172585984	174197	1562789376	2385287
2630	6659	AF-0000000206142435	shard_1368_batch_0.tar	76921856	182244	586554368	2532058
2630	9729	AF-0000000206142434	shard_1364_batch_0.tar	101158912	178714	861906944	2447407
2631	2692	AF-0000000206432697	shard_1940_batch_1.tar	80398336	221503	1771957248	3612046
2631	2873	AF-0000000206432795	shard_1396_batch_1.tar	52427776	224037	1178300416	3712036
2631	3151	AF-0000000206432700	shard_2056_batch_1.tar	116114432	248482	1612084736	4625863
2631	3421	AF-0000000206432679	shard_1390_batch_1.tar	24962048	216829	2098092032	3412122
2631	3422	AF-0000000206432637	shard_1390_batch_1.tar	175740416	216549	573204992	3406597
2631	3822	AF-0000000206432762	shard_1992_batch_1.tar	87670784	285688	748915200	6070975
2631	4522	AF-0000000206432825	shard_1214_batch_1.tar	146934272	306178	1132397056	6974054
2631	4904	AF-0000000206432654	shard_1202_batch_1.tar	88361984	259916	571678720	4945470
2631	5323	AF-0000000206432595	shard_1394_batch_1.tar	9510912	220700	1758704128	3584128
2631	5400	AF-0000000206432870	shard_1396_batch_1.tar	97734656	224541	756357120	3711572
2631	5544	AF-0000000206432872	shard_1396_batch_1.tar	74205696	224557	1738776064	3730698
2631	5574	AF-0000000206432708	shard_2034_batch_1.tar	46472704	275188	936070144	5509112
2631	5584	AF-0000000206432874	shard_1396_batch_1.tar	222934016	225954	2107368448	3794186
2631	5710	AF-0000000206432862	shard_1394_batch_1.tar	76946432	220760	2247908352	3606717
2631	5812	AF-0000000206432622	shard_1396_batch_1.tar	218429952	226100	1572910080	3776877
2631	6000	AF-0000000206432797	shard_1394_batch_1.tar	55259136	223227	3312441856	3671224
2631	6183	AF-0000000206432774	shard_1188_batch_1.tar	133952512	229043	2719462912	3849111
2631	6385	AF-0000000206432718	shard_2036_batch_1.tar	86396416	223655	411033088	3672529
2631	6451	AF-0000000206432817	shard_1394_batch_1.tar	60547584	220847	3351263232	3583045
2631	6496	AF-0000000206432861	shard_1396_batch_1.tar	115841536	224085	2269996032	3720090
2631	6551	AF-0000000206432726	shard_2058_batch_1.tar	27565056	223901	780361216	3715108
2631	6651	AF-0000000206432829	shard_1392_batch_1.tar	26792448	220697	3033155072	3580999
2631	6830	AF-0000000206432808	shard_1396_batch_1.tar	9628672	224519	724478976	3697273
2631	6867	AF-0000000206432674	shard_1396_batch_1.tar	175686656	225164	3278192128	3761201
2631	6941	AF-0000000206432707	shard_1974_batch_1.tar	105506304	221396	1706189312	3607231
2631	6964	AF-0000000206432688	shard_1930_batch_1.tar	90479616	225822	754750464	3794787
2631	8265	AF-0000000206432641	shard_1202_batch_1.tar	28630528	255170	3248426496	4780378
2631	9302	AF-0000000206432758	shard_1974_batch_1.tar	101132288	221236	628769792	3605796
2631	9701	AF-0000000206432672	shard_1392_batch_1.tar	83203584	218795	956269056	3472268
2631	10460	AF-0000000206432541	shard_2006_batch_1.tar	122541568	256046	1440688128	4806472
2632	3405	AF-0000000206405224	shard_2082_batch_1.tar	96522240	166515	356761600	2019572
2640	8134	AF-0000000206432504	shard_2026_batch_1.tar	56440320	125629	1124232704	1128428
2642	4566	AF-0000000206363381	shard_2048_batch_1.tar	50754048	122844	1042364928	1063975
2642	6029	AF-0000000206363354	shard_1984_batch_1.tar	114179584	81397	1486936064	453292
2642	6487	AF-0000000206363464	shard_78_batch_1.tar	48254976	92417	221629952	578959
2642	6515	AF-0000000206363501	shard_54_batch_1.tar	13499904	77305	307251712	409859
2642	8664	AF-0000000206363393	shard_2060_batch_1.tar	94129152	92536	549742080	587723
2643	10943	AF-0000000209687051	shard_1976_batch_1.tar	121955840	225383	762354688	3651384
2644	2812	AF-0000000206341860	shard_2082_batch_1.tar	88029696	194799	297931264	2556035
2646	8613	AF-0000000206131288	shard_1218_batch_0.tar	262393344	355831	6181322240	9265565
2649	6426	AF-0000000206219080	shard_96_batch_1.tar	33773568	101210	414405632	735957
2649	7327	AF-0000000206218981	shard_2056_batch_1.tar	40484352	116774	876204544	980810
2649	7362	AF-0000000206219062	shard_144_batch_1.tar	47500288	144511	1148676096	1523370
2649	8429	AF-0000000206219093	shard_96_batch_1.tar	41249280	102997	226832384	747017
2649	11064	AF-0000000206218807	shard_72_batch_1.tar	37853184	86969	661329408	517639
2649	11079	AF-0000000206218800	shard_1388_batch_0.tar	209077760	215283	790413312	3098586
2653	3465	AF-0000000206260440	shard_1948_batch_1.tar	101572096	69901	287818240	356515
2653	4208	AF-0000000206260362	shard_42_batch_1.tar	31902720	66421	378374144	301232
2653	6118	AF-0000000206260360	shard_64_batch_1.tar	58433024	79421	332005888	443823
2653	6426	AF-0000000206260447	shard_1990_batch_1.tar	65276928	62559	856780288	287430
2653	7575	AF-0000000206260421	shard_1936_batch_1.tar	76066304	38522	1093197312	98242
2653	9198	AF-0000000206260424	shard_1990_batch_1.tar	58495488	144403	755178496	1472094
2653	9745	AF-0000000206260368	shard_124_batch_1.tar	11260928	119648	1305966592	997612
2657	6651	AF-0000000206235650	shard_42_batch_1.tar	39914496	65437	340048384	312724
2658	4037	AF-0000000206299881	shard_1204_batch_0.tar	119928832	258365	561731072	4688351
2658	6300	AF-0000000206299862	shard_152_batch_1.tar	90022400	156172	1344920064	1675064
2658	9658	AF-0000000206299872	shard_1370_batch_0.tar	141668864	191169	823474688	2682698
2661	2930	AF-0000000206326952	shard_1366_batch_0.tar	93245440	184747	2126939136	2733193
2661	3269	AF-0000000206326963	shard_1372_batch_0.tar	7699968	192111	1688246784	2928289
2661	5614	AF-0000000206326710	shard_1394_batch_0.tar	30022656	215702	912562176	3689349
2661	6084	AF-0000000206326907	shard_1918_batch_1.tar	130379264	183503	1576832000	2685644
2661	6134	AF-0000000206326858	shard_2072_batch_1.tar	36820480	215861	1287020544	3675149
2661	6413	AF-0000000206326954	shard_1366_batch_0.tar	54899200	185021	726893568	2737113
2661	6522	AF-0000000206327071	shard_1944_batch_1.tar	15805952	183799	960150016	2695809
2661	6866	AF-0000000206326722	shard_2014_batch_1.tar	111190528	188518	435365888	2777893
2661	6970	AF-0000000206327045	shard_1896_batch_1.tar	3426304	204790	1338745856	3221942
2661	9300	AF-0000000206326768	shard_1374_batch_0.tar	88391680	193609	1805637120	2950849
2661	10373	AF-0000000206326664	shard_2020_batch_1.tar	120278528	184955	1367740928	2738456
2661	10374	AF-0000000206326663	shard_1966_batch_1.tar	114884608	184307	876696064	2694744
2661	10380	AF-0000000206326660	shard_2032_batch_1.tar	115529216	216031	1332710400	3689283
2661	10397	AF-0000000206326687	shard_1988_batch_1.tar	2436096	251048	1145607680	5083536
2661	10831	AF-0000000206326978	shard_1200_batch_0.tar	12529152	252174	4897761792	4787027
2663	3405	AF-0000000206440256	shard_1906_batch_1.tar	66316288	214485	1548125184	3235868
2663	8674	AF-0000000206440288	shard_1918_batch_1.tar	122446848	159322	635486208	1869249
2667	3311	AF-0000000206296285	shard_146_batch_1.tar	92585472	141020	918914560	1532064
2667	7314	AF-0000000206296250	shard_148_batch_1.tar	52731904	142457	1206903296	1575822
2668	2751	AF-0000000206170572	shard_68_batch_0.tar	32487424	81726	316562944	500433
2668	7150	AF-0000000206170567	shard_80_batch_0.tar	57218560	88200	356078080	603228
2669	2849	AF-0000000206372985	shard_2000_batch_1.tar	2345472	106933	907478016	811138
2669	9236	AF-0000000206372986	shard_2010_batch_1.tar	83930112	119796	1239776256	1024727
2671	10382	AF-0000000206122058	shard_156_batch_0.tar	41801216	153730	772884480	1684801
2672	3064	AF-0000000206166064	shard_1370_batch_0.tar	142635008	192072	873154048	2555601
2672	3248	AF-0000000206166066	shard_34_batch_0.tar	8980480	64066	331130880	252189
2673	4911	AF-0000000206170580	shard_164_batch_1.tar	1696256	163310	2241862656	2190528
2678	7868	AF-0000000206184620	shard_126_batch_1.tar	116615680	125743	1053372928	1143589
2680	8899	AF-0000000206429855	shard_48_batch_1.tar	64688640	70427	151371264	356299
2680	10635	AF-0000000206429850	shard_22_batch_1.tar	18110464	56075	265816576	200050
2684	2992	AF-0000000206311821	shard_1892_batch_1.tar	9584640	168772	749320704	2092774
2684	3352	AF-0000000206311624	shard_1896_batch_1.tar	50051072	150210	1396304896	1706457
2684	3947	AF-0000000206311700	shard_1378_batch_0.tar	178739200	198757	2143042048	2918875
2684	5085	AF-0000000206311693	shard_1352_batch_0.tar	58429952	171745	2100271616	2216004
2684	5240	AF-0000000206311717	shard_146_batch_1.tar	27426816	145053	1177244160	1511323
2684	5553	AF-0000000206311833	shard_2076_batch_1.tar	38332928	167648	1604463104	2052435
2684	5719	AF-0000000206311667	shard_1380_batch_0.tar	153666048	197400	1896318976	2819587
2684	7113	AF-0000000206311801	shard_1976_batch_1.tar	25897984	135375	1129391104	1270605
2684	7263	AF-0000000206311834	shard_1962_batch_1.tar	121988608	135351	669619200	1269449
2684	7419	AF-0000000206311760	shard_1920_batch_1.tar	77090304	141522	1338603008	1466933
2684	7567	AF-0000000206311702	shard_146_batch_1.tar	136591360	143213	424527872	1541930
2684	7788	AF-0000000206311840	shard_2060_batch_1.tar	9522176	196941	1398584832	2817505
2684	8390	AF-0000000206311856	shard_1904_batch_1.tar	12144128	189805	602572800	2679628
2684	8707	AF-0000000206311690	shard_156_batch_1.tar	26619904	153525	1626863104	1770432
2684	10544	AF-0000000206311598	shard_1942_batch_1.tar	78290432	144026	1573489152	1542230
2684	10634	AF-0000000206311612	shard_2008_batch_1.tar	65554432	161826	833634816	1960034
2684	10850	AF-0000000206311743	shard_1362_batch_0.tar	177110016	182128	1474550272	2504966
2685	5226	AF-0000000206265633	shard_1902_batch_1.tar	16934400	116871	552214528	964372
2685	5590	AF-0000000206265630	shard_2024_batch_1.tar	2110464	117072	1138999296	964467
2685	5954	AF-0000000206265631	shard_1928_batch_1.tar	45116416	119114	658669568	1049236
2685	6924	AF-0000000206265627	shard_1970_batch_1.tar	54899200	115805	911379968	996327
2685	7134	AF-0000000206265632	shard_1944_batch_1.tar	27267584	115535	768648192	994068
2685	9958	AF-0000000206265629	shard_2008_batch_1.tar	63839232	119301	411280896	1043931
2686	5226	AF-0000000206115008	shard_1954_batch_0.tar	17825280	115840	1183947264	942561
2686	5590	AF-0000000206115005	shard_114_batch_0.tar	35299328	116406	669008896	944766
2686	5954	AF-0000000206115006	shard_1970_batch_0.tar	54936576	118562	1358077440	1050821
2686	9958	AF-0000000206115004	shard_1998_batch_0.tar	109879808	118686	1011224576	1033116
2687	10276	AF-0000000206187755	shard_2058_batch_1.tar	39933440	253912	893789696	4485852
2688	3473	AF-0000000206228148	shard_2018_batch_1.tar	67596288	295018	938784256	6220899
2688	10015	AF-0000000206228138	shard_1894_batch_1.tar	35211264	227775	1070179840	3954252
2689	11059	AF-0000000206187766	shard_1994_batch_1.tar	83746816	181331	1050683392	2481175
2692	4723	AF-0000000206250116	shard_2074_batch_1.tar	99687936	120705	1360429056	1059406
2692	5016	AF-0000000206250108	shard_1936_batch_1.tar	11684352	48248	1450353152	148714
2692	5027	AF-0000000206250101	shard_1972_batch_1.tar	40545792	49276	835888128	157330
2692	5272	AF-0000000206250115	shard_1996_batch_1.tar	51512320	47058	761613312	153507
2692	5652	AF-0000000206250143	shard_1950_batch_1.tar	92247040	50180	528456192	164391
2692	6178	AF-0000000206250180	shard_14_batch_1.tar	12791296	47623	241639424	144029
2692	6181	AF-0000000206250140	shard_2018_batch_1.tar	73889792	47235	819920384	154114
2692	6264	AF-0000000206250150	shard_16_batch_1.tar	18547712	49312	217115136	155184
2692	6304	AF-0000000206250176	shard_16_batch_1.tar	8740864	49645	108259328	160068
2692	6511	AF-0000000206250112	shard_2046_batch_1.tar	94178304	49246	1552580608	157873
2692	6523	AF-0000000206250129	shard_12_batch_1.tar	34666496	48161	193263616	148843
2692	6557	AF-0000000206250113	shard_2072_batch_1.tar	55239168	49262	446239744	157734
2692	6651	AF-0000000206250173	shard_12_batch_1.tar	43512832	46264	95708672	147035
2692	6676	AF-0000000206250164	shard_12_batch_1.tar	26546688	48291	194433024	148732
2692	7381	AF-0000000206250121	shard_2044_batch_1.tar	90128384	48101	1163724800	148854
2692	9701	AF-0000000206250133	shard_10_batch_1.tar	31649792	44514	143305728	132914
2692	10557	AF-0000000206250086	shard_1940_batch_1.tar	49131520	49617	1561865216	158354
2692	10558	AF-0000000206250087	shard_1956_batch_1.tar	25601024	49337	1484062208	157947
2692	10627	AF-0000000206250089	shard_1962_batch_1.tar	90753536	47793	715499008	144027
2692	10646	AF-0000000206250090	shard_1922_batch_1.tar	15595520	49931	1099381248	161628
2692	10668	AF-0000000206250093	shard_1920_batch_1.tar	123487232	42343	385095168	116147
2692	10670	AF-0000000206250091	shard_2060_batch_1.tar	106001920	48122	1371379200	149177
2692	10754	AF-0000000206250092	shard_2036_batch_1.tar	48137728	42553	532370432	117099
2692	10769	AF-0000000206250088	shard_2060_batch_1.tar	76161536	49823	814670848	161379
2692	11044	AF-0000000206250098	shard_1892_batch_1.tar	40060928	126882	1804082176	1195691
2693	5016	AF-0000000206111195	shard_1344_batch_0.tar	20859392	165744	1844798464	1985382
2693	6222	AF-0000000206111196	shard_2056_batch_0.tar	106472960	183418	983382528	2377455
2693	6334	AF-0000000206111228	shard_1390_batch_0.tar	147535360	211711	2381527040	3230894
2693	6523	AF-0000000206111209	shard_1344_batch_0.tar	47567872	165788	859749888	1983126
2693	6676	AF-0000000206111241	shard_1344_batch_0.tar	17840128	165944	542567936	1972789
2693	7381	AF-0000000206111205	shard_1344_batch_0.tar	55319040	165857	1986064896	1974682
2693	8986	AF-0000000206111215	shard_1396_batch_0.tar	155108864	218464	1180726784	3522291
2693	9557	AF-0000000206111226	shard_1378_batch_0.tar	79734784	194090	2672289792	2818153
2693	10630	AF-0000000206111175	shard_1962_batch_0.tar	90045440	193120	1055856128	2769041
2693	10670	AF-0000000206111183	shard_1344_batch_0.tar	115565056	165568	1319228416	1984297
2694	11063	AF-0000000206107823	shard_158_batch_0.tar	27331584	153968	1641150464	1856395
2697	5423	AF-0000000206154153	shard_80_batch_0.tar	23182848	93217	410841088	632636
2697	5918	AF-0000000206154169	shard_88_batch_0.tar	76363776	98608	738590720	695909
2697	7510	AF-0000000206154184	shard_86_batch_0.tar	21120512	96668	549800448	671379
2697	8698	AF-0000000206154143	shard_80_batch_0.tar	3362816	92780	652218880	628871
2698	7565	AF-0000000206356980	shard_1982_batch_1.tar	63919104	62411	1249811968	253612
2698	7676	AF-0000000206356975	shard_2014_batch_1.tar	50123776	62358	655799808	249130
2699	4140	AF-0000000206114096	shard_1940_batch_0.tar	118937600	144714	548011008	1433741
2699	7012	AF-0000000206114093	shard_1908_batch_0.tar	71805440	177795	1584284160	2089705
2699	7478	AF-0000000206114088	shard_2068_batch_0.tar	15764480	152336	1714830336	1567935
2699	7647	AF-0000000206114080	shard_1914_batch_0.tar	48571392	221859	1495483904	3260723
2699	10015	AF-0000000206114068	shard_2040_batch_0.tar	119285760	203891	542102016	2892246
2700	9636	AF-0000000206167824	shard_2022_batch_1.tar	368640	43583	1623178240	116614
2700	11059	AF-0000000206167826	shard_1914_batch_1.tar	54086144	48966	840104448	139871
2702	3539	AF-0000000206348148	shard_2002_batch_1.tar	32911872	163332	1318082048	1973963
2702	4729	AF-0000000206348147	shard_2042_batch_1.tar	8778240	166174	880456704	2075651
2702	8990	AF-0000000206348141	shard_1986_batch_1.tar	16729088	119159	1468484608	965696
2702	9001	AF-0000000206348136	shard_2062_batch_1.tar	17427456	166083	1769341952	2079992
2702	9536	AF-0000000206348131	shard_1982_batch_1.tar	96513024	169213	361976320	2168966
2706	5998	AF-0000000206427567	shard_134_batch_1.tar	87465472	131639	1384123904	1292423
2712	3740	AF-0000000206346789	shard_1972_batch_1.tar	69309440	343041	1487754752	8026532
2712	4137	AF-0000000206346795	shard_1978_batch_1.tar	80181248	315787	1201273856	6772255
2713	2880	AF-0000000206274403	shard_1960_batch_1.tar	32872960	276636	1121111552	5485873
2713	7663	AF-0000000206274372	shard_1936_batch_1.tar	19456512	324902	1199186944	7601484
2713	7884	AF-0000000206274341	shard_1958_batch_1.tar	66965504	317283	1259835392	7329685
2713	8100	AF-0000000206274409	shard_1214_batch_0.tar	167617024	318124	7028469760	7328601
2713	8871	AF-0000000206274397	shard_1214_batch_0.tar	176573952	307959	2648973312	6835661
2713	9187	AF-0000000206274391	shard_1206_batch_0.tar	108899840	272917	3911000064	5356314
2715	4348	AF-0000000206320811	shard_2026_batch_1.tar	102264320	52689	1597843968	178293
2720	7439	AF-0000000206109239	shard_2008_batch_0.tar	95506432	161537	951489024	1765623
2721	2871	AF-0000000206344938	shard_1964_batch_1.tar	9182720	95122	409319936	692579
2721	3664	AF-0000000206345184	shard_2022_batch_1.tar	3899904	91866	998086144	640089
2721	5125	AF-0000000206345041	shard_80_batch_1.tar	58225152	91675	731773440	639426
2721	6625	AF-0000000206344955	shard_2032_batch_1.tar	58808320	94900	663008256	692003
2721	6635	AF-0000000206344959	shard_2060_batch_1.tar	72761856	90334	698951168	601476
2721	7063	AF-0000000206344984	shard_1966_batch_1.tar	91699712	90675	1092227584	600427
2724	10563	AF-0000000206349804	shard_1912_batch_1.tar	14717952	66961	642894336	299227
2726	2871	AF-0000000206345736	shard_1980_batch_1.tar	85694976	38671	745236992	98948
2726	3664	AF-0000000206345970	shard_2026_batch_1.tar	128798208	35405	590265344	78391
2726	5125	AF-0000000206345837	shard_2_batch_1.tar	738816	35244	124547584	78881
2726	6532	AF-0000000206345720	shard_2000_batch_1.tar	41995264	74608	834091008	391452
2726	6625	AF-0000000206345760	shard_1930_batch_1.tar	100816896	38624	1318574592	95487
2726	7078	AF-0000000206345793	shard_1966_batch_1.tar	112462336	83686	507980288	500036
2726	7327	AF-0000000206345863	shard_60_batch_1.tar	66354176	78240	343271424	438278
2726	10474	AF-0000000206345699	shard_12_batch_1.tar	47662592	47996	235113984	151659
2726	10671	AF-0000000206345674	shard_0_batch_0.tar	6539264	29369	109580800	48135
2726	10971	AF-0000000206345713	shard_2044_batch_1.tar	41780224	97456	1107191808	669789
2733	4522	AF-0000000206379550	shard_1980_batch_1.tar	5827072	169244	1394397696	2184250
2735	5230	AF-0000000206434792	shard_1374_batch_1.tar	183042560	194648	1053881856	2541341
2736	5189	AF-0000000206290526	shard_1906_batch_1.tar	111645184	66841	428826624	313589
2738	3522	AF-0000000206266374	shard_1900_batch_1.tar	78874112	86161	643660800	451964
2738	3895	AF-0000000206266365	shard_2014_batch_1.tar	73942016	86230	1453200384	487916
2738	5804	AF-0000000206266377	shard_2032_batch_1.tar	2439168	86445	1112228352	463116
2738	6334	AF-0000000206266372	shard_1974_batch_1.tar	67399168	96125	618630656	626517
2738	6495	AF-0000000206266369	shard_1986_batch_1.tar	82025472	86331	685648384	449797
2738	6838	AF-0000000206266364	shard_2030_batch_1.tar	3810304	86265	1156573184	449147
2738	7336	AF-0000000206266376	shard_1970_batch_1.tar	87982592	86663	857649664	461280
2738	8071	AF-0000000206266379	shard_2004_batch_1.tar	2107392	86637	956174848	450633
2739	3376	AF-0000000206263302	shard_1360_batch_0.tar	172942336	173387	1511200256	2412821
2739	4648	AF-0000000206263292	shard_56_batch_1.tar	9677824	75924	247967232	371863
2739	5345	AF-0000000206263299	shard_62_batch_1.tar	38553600	79658	541709824	433696
2739	5401	AF-0000000206263304	shard_56_batch_1.tar	45344768	75710	226540032	373482
2739	5514	AF-0000000206263305	shard_50_batch_1.tar	48667648	72707	453210112	339116
2739	5848	AF-0000000206263306	shard_54_batch_1.tar	28277760	75264	371058176	370971
2739	6432	AF-0000000206263295	shard_50_batch_1.tar	41478656	73894	162147328	351555
2739	6934	AF-0000000206263301	shard_52_batch_1.tar	69170176	73854	353780736	353154
2739	9238	AF-0000000206263294	shard_52_batch_1.tar	61774848	71498	517566464	366147
2739	10090	AF-0000000206263288	shard_82_batch_1.tar	42945536	89341	555654656	578049
2739	10516	AF-0000000206263287	shard_54_batch_1.tar	73427968	74539	191281152	357436
2740	5240	AF-0000000206174699	shard_38_batch_0.tar	62479872	65980	405432320	285845
2740	8752	AF-0000000206174720	shard_22_batch_0.tar	30051328	55425	134363648	189330
2742	2809	AF-0000000206256637	shard_1204_batch_0.tar	142457856	261811	5300642816	5003114
2742	2860	AF-0000000206256529	shard_2040_batch_1.tar	95360512	163525	1514838016	1905158
2742	3184	AF-0000000206256593	shard_2000_batch_1.tar	75067904	308674	550510592	7288267
2742	3340	AF-0000000206256535	shard_2060_batch_1.tar	31807488	153663	523166208	1667355
2742	3342	AF-0000000206256657	shard_150_batch_1.tar	99684352	153620	1832074752	1677207
2742	3721	AF-0000000206256677	shard_152_batch_1.tar	20087808	154724	912968704	1698826
2742	6115	AF-0000000206256685	shard_1374_batch_0.tar	14839808	193678	1635127808	2650469
2742	6903	AF-0000000206256683	shard_158_batch_1.tar	144477184	164376	1530711552	1930408
2742	8254	AF-0000000206256621	shard_152_batch_1.tar	133332480	157243	705160704	1753655
2742	9512	AF-0000000206256642	shard_1216_batch_1.tar	7253504	325088	1965696512	8201349
2742	10138	AF-0000000206256542	shard_2036_batch_1.tar	47374848	164331	1278162432	1928737
2742	10334	AF-0000000206256524	shard_1902_batch_1.tar	56668160	163763	518596096	1913960
2742	10839	AF-0000000206256659	shard_1352_batch_0.tar	18365440	176315	1859099136	2222303
2743	7478	AF-0000000206372339	shard_1956_batch_1.tar	85768704	222459	1580635648	3676496
2743	7682	AF-0000000206372343	shard_2070_batch_1.tar	9374720	250738	303026176	4732950
2743	8128	AF-0000000206372307	shard_1216_batch_1.tar	195299840	311305	6778513408	7019297
2743	8142	AF-0000000206372360	shard_1922_batch_1.tar	86689792	334343	1231361536	8356737
2743	8235	AF-0000000206372316	shard_1212_batch_1.tar	21765120	279080	6607296000	5668169
2743	8436	AF-0000000206372344	shard_2018_batch_1.tar	12149760	276376	1641547264	5688220
2743	8660	AF-0000000206372305	shard_1208_batch_0.tar	230262272	257808	1033059328	4940760
2743	9776	AF-0000000206372347	shard_1916_batch_1.tar	127674880	232617	1074567168	4059829
2745	9845	AF-0000000206220261	shard_1998_batch_1.tar	115181568	104786	934312448	781418
2746	3889	AF-0000000206357708	shard_1358_batch_0.tar	120604672	182677	2641649152	2352998
2749	10250	AF-0000000206354748	shard_136_batch_1.tar	45266944	132208	723142656	1332048
2751	3192	AF-0000000206405309	shard_2076_batch_1.tar	86902784	45939	895533056	144926
2753	3976	AF-0000000206297956	shard_138_batch_1.tar	95238656	139624	754264576	1421410
2753	4056	AF-0000000206297965	shard_152_batch_1.tar	96903680	155048	322294272	1647386
2753	6075	AF-0000000206297906	shard_122_batch_1.tar	120889856	124595	1309106176	1113284
2753	6092	AF-0000000206297963	shard_52_batch_1.tar	43396608	75823	481695744	385479
2753	6980	AF-0000000206297989	shard_74_batch_1.tar	65596928	88270	455414784	537883
2753	7065	AF-0000000206297921	shard_82_batch_1.tar	74800640	91657	206672896	609957
2753	7309	AF-0000000206297929	shard_112_batch_1.tar	79411712	110994	363701760	908066
2753	7546	AF-0000000206297947	shard_62_batch_1.tar	5316608	82337	273909760	455719
2753	7732	AF-0000000206297939	shard_132_batch_1.tar	91518976	132649	597005312	1227308
2753	7844	AF-0000000206297953	shard_112_batch_1.tar	61367296	116808	784024576	968037
2753	9638	AF-0000000206297913	shard_120_batch_1.tar	54737920	121536	1039064576	1102405
2753	9987	AF-0000000206297902	shard_1972_batch_1.tar	50905600	73094	284409856	363946
2753	10109	AF-0000000206297936	shard_122_batch_1.tar	121379840	124903	1057419776	1057937
2753	10771	AF-0000000206297898	shard_48_batch_1.tar	27536896	73079	305750016	366475
2755	9448	AF-0000000206431960	shard_80_batch_1.tar	84651008	93291	516982272	621403
2758	3775	AF-0000000206432172	shard_106_batch_1.tar	52134400	107158	572996608	799046
2758	7203	AF-0000000206432171	shard_94_batch_1.tar	91051520	97788	246862336	702629
2758	8407	AF-0000000206432168	shard_110_batch_1.tar	55858176	110622	563962368	887311
2758	9206	AF-0000000206432169	shard_126_batch_1.tar	12676096	122543	429161984	1076951
2758	9235	AF-0000000206432173	shard_126_batch_1.tar	86343680	122242	551336960	1071323
2758	10589	AF-0000000206432163	shard_110_batch_1.tar	112144896	110668	770383360	821892
2758	10590	AF-0000000206432164	shard_120_batch_1.tar	88722944	118102	452854784	972812
2759	3775	AF-0000000206360599	shard_100_batch_1.tar	95691264	103644	242124800	730477
2759	7203	AF-0000000206360598	shard_90_batch_1.tar	34435584	93948	470931456	637938
2759	9206	AF-0000000206360597	shard_122_batch_1.tar	104245760	119132	840514560	995870
2759	9235	AF-0000000206360600	shard_122_batch_1.tar	26983936	118571	242999296	989145
2759	10589	AF-0000000206360591	shard_1894_batch_1.tar	60186624	106734	601756672	742574
2759	10590	AF-0000000206360592	shard_1906_batch_1.tar	63550976	114428	1361588224	894066
2762	3428	AF-0000000206343546	shard_2070_batch_1.tar	54455296	186424	1155350528	2466331
2762	3529	AF-0000000206343298	shard_1964_batch_1.tar	50269696	184295	1415322624	2326059
2762	4664	AF-0000000206343226	shard_154_batch_1.tar	19346432	159021	1069254144	1690319
2762	4685	AF-0000000206343444	shard_1968_batch_1.tar	124751360	166489	1107288064	1989262
2762	5192	AF-0000000206343426	shard_156_batch_1.tar	145068032	159434	449263616	1682350
2762	5895	AF-0000000206343458	shard_1892_batch_1.tar	124247040	172229	456568832	2119444
2762	6037	AF-0000000206343304	shard_1894_batch_1.tar	83614720	135450	1282554880	1265543
2762	7222	AF-0000000206343227	shard_136_batch_1.tar	113260032	134520	777214464	1273675
2762	7889	AF-0000000206343292	shard_1964_batch_1.tar	88251904	197283	264500224	2684702
2762	8382	AF-0000000206343477	shard_2062_batch_1.tar	43835392	162437	718569472	1857209
2762	10015	AF-0000000206343274	shard_1970_batch_1.tar	88430592	189302	1335304704	2476114
2764	2941	AF-0000000206179018	shard_1932_batch_1.tar	68029952	270252	408728576	5380944
2764	3971	AF-0000000206179006	shard_2044_batch_1.tar	19274752	128774	1266750464	1063519
2764	4859	AF-0000000206179001	shard_1922_batch_1.tar	108465152	131897	1438001152	1151190
2764	5167	AF-0000000206179086	shard_148_batch_1.tar	115927040	149482	656628224	1503346
2764	5455	AF-0000000206178942	shard_134_batch_1.tar	93640704	138231	645758464	1278314
2764	5904	AF-0000000206178935	shard_138_batch_1.tar	113339392	140903	306050560	1336926
2764	6213	AF-0000000206178974	shard_1930_batch_1.tar	86663168	162485	568192000	1785508
2764	6946	AF-0000000206179032	shard_2010_batch_1.tar	29223424	145716	478631936	1436686
2764	7337	AF-0000000206178960	shard_140_batch_1.tar	416768	143919	1087500800	1401596
2764	8006	AF-0000000206179068	shard_2006_batch_1.tar	50580480	145474	1192173056	1422900
2764	8097	AF-0000000206178968	shard_2034_batch_1.tar	43719680	145350	269848064	1430497
2764	9198	AF-0000000206179056	shard_1402_batch_0.tar	135804928	232770	4203310592	3707374
2764	9303	AF-0000000206179044	shard_2022_batch_1.tar	42045440	260045	883419648	4836220
2764	10116	AF-0000000206179070	shard_1900_batch_1.tar	37231104	224003	558749184	3324188
2765	2927	AF-0000000206283383	shard_2046_batch_1.tar	8552960	115326	1161492992	980320
2765	3242	AF-0000000206283084	shard_144_batch_1.tar	62745088	141096	585702912	1469324
2765	3331	AF-0000000206283221	shard_1936_batch_1.tar	26680832	134203	327943680	1369884
2765	3339	AF-0000000206283231	shard_1928_batch_1.tar	128720896	91931	1430302720	578661
2765	3409	AF-0000000206282832	shard_1992_batch_1.tar	92913152	98598	1510353920	667249
2765	3612	AF-0000000206283104	shard_54_batch_1.tar	55334400	76001	172834304	407602
2765	3856	AF-0000000206282971	shard_2064_batch_1.tar	130694656	220482	623346176	3788350
2765	4904	AF-0000000206282856	shard_104_batch_1.tar	96012800	111226	1007116288	873412
2765	6053	AF-0000000206282774	shard_2008_batch_1.tar	126062592	92672	488723456	607623
2765	7005	AF-0000000206283327	shard_48_batch_1.tar	6179328	74710	376528896	370216
2765	7327	AF-0000000206283055	shard_1918_batch_1.tar	108502528	107048	334639616	815425
2765	8090	AF-0000000206283035	shard_2014_batch_1.tar	32083456	150624	278671872	1644376
2765	8101	AF-0000000206283097	shard_136_batch_1.tar	128885760	135372	636412928	1365591
2765	10124	AF-0000000206282775	shard_2062_batch_1.tar	40097280	75133	1205386752	390501
2765	10313	AF-0000000206283006	shard_2074_batch_1.tar	8605696	209878	1632464896	3291236
2765	10358	AF-0000000206283202	shard_2044_batch_1.tar	69792256	118117	995020800	937668
2769	4484	AF-0000000206317250	shard_106_batch_1.tar	15362560	111221	608298496	861376
2769	4825	AF-0000000206317236	shard_108_batch_1.tar	40341504	112484	1079983104	893005
2770	8875	AF-0000000206257802	shard_116_batch_1.tar	112175616	116818	266572800	981415
2774	5482	AF-0000000206281094	shard_1392_batch_0.tar	179371008	218421	2233566208	3510323
2778	7263	AF-0000000206348198	shard_146_batch_1.tar	88791040	145296	1004933120	1403451
2778	8221	AF-0000000206348176	shard_1378_batch_0.tar	70934528	197574	3071750656	2724628
2778	9752	AF-0000000206348186	shard_1364_batch_0.tar	145825280	181116	1220045824	2213210
2778	10443	AF-0000000206348152	shard_1928_batch_1.tar	68314112	166057	1311389184	1839297
2778	10600	AF-0000000206348158	shard_1928_batch_1.tar	110028800	245645	1653467136	4197505
2778	11055	AF-0000000206348183	shard_2078_batch_1.tar	11627008	170361	568224768	1974111
2780	3304	AF-0000000206181576	shard_1964_batch_1.tar	107794944	229781	981659136	3909028
2780	4063	AF-0000000206181539	shard_1972_batch_1.tar	80180224	146652	1556323328	1448527
2780	4904	AF-0000000206181553	shard_1972_batch_1.tar	50458112	149267	1348337664	1571050
2780	7288	AF-0000000206181575	shard_1938_batch_1.tar	35065344	163845	886088704	1971199
2780	8628	AF-0000000206181552	shard_2076_batch_1.tar	17682944	190717	1539956224	2600516
2780	9014	AF-0000000206181565	shard_2018_batch_1.tar	104386560	166497	384766464	1836256
2780	9114	AF-0000000206181570	shard_2014_batch_1.tar	20002304	178019	1548551680	2183839
2780	11044	AF-0000000206181541	shard_1946_batch_1.tar	131073024	190700	1128861696	2580047
2782	5310	AF-0000000206226784	shard_130_batch_1.tar	31696384	130681	896929280	1172844
2782	5395	AF-0000000206226834	shard_144_batch_1.tar	9832448	143846	330404352	1453341
2782	6621	AF-0000000206226759	shard_106_batch_1.tar	9934848	110972	338176000	830376
2782	7694	AF-0000000206226837	shard_108_batch_1.tar	39000576	112001	768122368	844969
2782	8006	AF-0000000206226846	shard_2014_batch_1.tar	12020736	124918	901559296	1059657
2783	6107	AF-0000000206366120	shard_1928_batch_1.tar	50855936	50524	391953920	166632
2783	6250	AF-0000000206366123	shard_1918_batch_1.tar	9294848	69522	831683072	327437
2783	10499	AF-0000000206366111	shard_1932_batch_1.tar	94443008	43689	710820352	117892
2785	3210	AF-0000000206130316	shard_1900_batch_0.tar	120568320	58520	312668160	226792
2785	10499	AF-0000000206130308	shard_1946_batch_0.tar	549376	47323	978576384	140824
2786	3210	AF-0000000206258730	shard_20_batch_1.tar	50503680	53598	245594624	190197
2787	3432	AF-0000000206270540	shard_1958_batch_1.tar	59731968	80960	1424296448	477637
2787	3522	AF-0000000206270543	shard_2020_batch_1.tar	62621696	86886	1623342080	482311
2787	5595	AF-0000000206270536	shard_1974_batch_1.tar	92932608	96976	1611528192	644799
2787	5666	AF-0000000206270539	shard_2034_batch_1.tar	98552320	86869	1293217280	485831
2787	5804	AF-0000000206270546	shard_2060_batch_1.tar	68637696	86806	871680000	485456
2787	6495	AF-0000000206270538	shard_1952_batch_1.tar	14075904	86764	690960896	485093
2787	6838	AF-0000000206270533	shard_2000_batch_1.tar	74748928	86676	1163183104	481903
2787	7336	AF-0000000206270545	shard_1966_batch_1.tar	85509632	87044	742664192	487455
2787	8071	AF-0000000206270548	shard_74_batch_1.tar	14682624	86909	508262400	484724
2787	10418	AF-0000000206270528	shard_1944_batch_1.tar	95135744	86691	988498944	487473
2790	8752	AF-0000000206306205	shard_30_batch_1.tar	13975040	59372	171943424	231723
2790	10464	AF-0000000206306117	shard_2082_batch_1.tar	46759424	125293	648364544	1153265
2792	4814	AF-0000000206204204	shard_1950_batch_1.tar	90704384	120375	359315968	1017316
2792	5368	AF-0000000206204136	shard_126_batch_1.tar	54612480	127614	256485888	1152089
2793	7167	AF-0000000206134428	shard_120_batch_0.tar	53227520	120311	558362624	1018062
2793	9190	AF-0000000206134529	shard_136_batch_0.tar	61203968	132806	1266908160	1274880
2793	10417	AF-0000000206134411	shard_2060_batch_0.tar	69699584	112360	1285846528	875741
2793	11064	AF-0000000206134391	shard_1998_batch_0.tar	68867584	105313	408772096	772782
2793	11079	AF-0000000206134384	shard_1974_batch_0.tar	124992000	233243	941157888	3634840
2794	7028	AF-0000000206232536	shard_154_batch_1.tar	40504832	156992	1300480000	1755336
2794	10463	AF-0000000206232512	shard_1356_batch_0.tar	140299776	176520	1379732992	2272208
2797	9198	AF-0000000204264120	shard_1198_batch_0.tar	108195840	240655	1954017792	4286072
2799	5575	AF-0000000206351865	shard_1392_batch_0.tar	104466944	214964	1361393152	3365999
2801	3971	AF-0000000203645196	shard_2024_batch_0.tar	105019392	112221	652997120	804797
2802	6862	AF-0000000206409304	shard_2008_batch_1.tar	127178240	67031	1629414400	318141
2802	7439	AF-0000000206409290	shard_2076_batch_1.tar	74727424	114326	1114211328	887751
2803	5656	AF-0000000206142540	shard_1992_batch_0.tar	71312384	182709	1577626112	2359221
2803	6785	AF-0000000206142497	shard_1954_batch_0.tar	77963776	221328	536887296	3419606
2803	6978	AF-0000000206142512	shard_1966_batch_0.tar	35918848	182464	1158671360	2357265
2804	3192	AF-0000000206394917	shard_2058_batch_1.tar	52912640	199090	1095355392	2886430
2804	9807	AF-0000000206394910	shard_2022_batch_1.tar	6921216	346739	921414144	8928648
2805	2930	AF-0000000206251396	shard_1962_batch_1.tar	81295360	154698	448017408	1864332
2805	4584	AF-0000000206251488	shard_1938_batch_1.tar	121649664	226715	833964032	3754626
2805	5488	AF-0000000206251401	shard_1954_batch_1.tar	60635136	151766	1073110016	1744077
2805	5614	AF-0000000206251138	shard_1366_batch_0.tar	34148352	186372	751832064	2652270
2805	6015	AF-0000000206251524	shard_152_batch_1.tar	4777984	153120	621800448	1809586
2805	6084	AF-0000000206251346	shard_152_batch_1.tar	112210432	153561	1721299456	1822255
2805	6134	AF-0000000206251295	shard_1366_batch_0.tar	185274880	186746	1792371200	2645429
2805	6413	AF-0000000206251398	shard_2054_batch_1.tar	106302976	154855	1372456448	1857537
2805	6522	AF-0000000206251529	shard_154_batch_1.tar	121797632	153877	1512904704	1816681
2805	6908	AF-0000000206251454	shard_2028_batch_1.tar	79308800	153426	475507200	1804116
2805	7653	AF-0000000206251415	shard_2024_batch_1.tar	109052928	162574	1672332800	2015718
2805	8087	AF-0000000209687088	shard_1366_batch_0.tar	89488384	186716	1073705472	2623636
2805	9303	AF-0000000206251405	shard_2000_batch_1.tar	30307328	285820	953219584	6316014
2805	10373	AF-0000000206251085	shard_1904_batch_1.tar	124239872	155330	365277696	1867183
2805	10374	AF-0000000206251084	shard_2038_batch_1.tar	94387200	154311	1699438080	1828640
2805	10380	AF-0000000206251081	shard_1366_batch_0.tar	9726464	185641	1565801984	2656568
2805	10397	AF-0000000206251108	shard_1396_batch_0.tar	22804992	221360	673100800	3886230
2805	10593	AF-0000000206251083	shard_2060_batch_1.tar	93423104	153942	575341568	1828539
2805	10645	AF-0000000206251082	shard_1972_batch_1.tar	37538304	153687	1253940224	1810990
2805	10883	AF-0000000206251111	shard_1360_batch_0.tar	68755456	181590	1925749248	2529315
2806	2821	AF-0000000206397532	shard_2024_batch_1.tar	116950528	278018	1046346752	5728190
2806	3343	AF-0000000206397528	shard_1892_batch_1.tar	59169280	165909	725658112	2120853
2806	3889	AF-0000000206397520	shard_2084_batch_1.tar	10493952	160430	1532722688	1861800
2806	4710	AF-0000000206397522	shard_2028_batch_1.tar	84736512	93340	961308672	637783
2806	5147	AF-0000000206397515	shard_1984_batch_1.tar	94945792	64343	1528862720	281745
2806	5242	AF-0000000206397498	shard_1952_batch_1.tar	45341184	72360	314973696	378993
2806	5550	AF-0000000206397496	shard_2078_batch_1.tar	92798464	102359	1614933504	696075
2806	8698	AF-0000000206397493	shard_1936_batch_1.tar	95521280	79426	1386413056	467262
2806	9986	AF-0000000206397518	shard_2008_batch_1.tar	124311040	165532	351910400	2124959
2806	10069	AF-0000000206397503	shard_1900_batch_1.tar	34186240	166469	848391680	2040758
2806	11053	AF-0000000206397504	shard_2028_batch_1.tar	16082944	69164	548584960	320240
2807	2821	AF-0000000206414587	shard_1208_batch_1.tar	132972544	277968	3081717760	5732449
2807	3343	AF-0000000206414583	shard_1344_batch_1.tar	104141824	166012	936364032	2122124
2807	5147	AF-0000000206414570	shard_38_batch_1.tar	48357888	64352	127572480	283427
2807	5550	AF-0000000206414551	shard_94_batch_1.tar	34789888	102561	274875904	697566
2807	9986	AF-0000000206414573	shard_1344_batch_1.tar	47340032	165546	1390730240	2126279
2807	10069	AF-0000000206414558	shard_1340_batch_1.tar	122009088	166267	972795904	2040171
2807	11053	AF-0000000206414559	shard_46_batch_1.tar	69236736	69285	384710656	321034
2808	10125	AF-0000000206413930	shard_132_batch_1.tar	109683200	132367	677388800	1194293
2810	3822	AF-0000000206276966	shard_1958_batch_1.tar	49674752	213076	819894272	3025760
2810	6222	AF-0000000206276929	shard_1898_batch_1.tar	63851520	167433	1684592128	1877488
2810	8598	AF-0000000206276950	shard_1400_batch_0.tar	137916928	226950	4055697408	3493126
2812	3440	AF-0000000206172397	shard_1962_batch_1.tar	47904768	223175	1401708032	3308377
2812	7281	AF-0000000206172411	shard_1898_batch_1.tar	7221248	123779	825131008	1075010
2812	7773	AF-0000000206172442	shard_1970_batch_1.tar	84143616	160457	1527953408	1896281
2812	8324	AF-0000000206172445	shard_2052_batch_1.tar	8421376	113613	1161861120	903395
2813	3873	AF-0000000206229182	shard_96_batch_1.tar	99420672	99165	906207744	685080
2816	3358	AF-0000000206197622	shard_2036_batch_1.tar	17656832	190173	1007142400	2784133
2816	6789	AF-0000000206197623	shard_2024_batch_1.tar	73563136	164815	529342464	1853227
2816	8990	AF-0000000206197634	shard_1976_batch_1.tar	73096704	141080	1637403136	1366159
2816	10230	AF-0000000206197636	shard_2044_batch_1.tar	86743040	184850	1084425728	2589294
2817	5109	AF-0000000206270613	shard_156_batch_1.tar	15695872	161017	1354723840	1901500
2817	6430	AF-0000000206270604	shard_1342_batch_0.tar	138759680	168954	1704329728	2059674
2817	8598	AF-0000000206270580	shard_1388_batch_0.tar	156408320	213054	3589216256	3370521
2817	10652	AF-0000000206270555	shard_1372_batch_0.tar	121156608	193772	2435682816	2815444
2818	7892	AF-0000000206393580	shard_2074_batch_1.tar	112609280	97293	456161792	682249
2818	8118	AF-0000000206393510	shard_1964_batch_1.tar	110753792	90182	928355840	554755
2818	11086	AF-0000000206393630	shard_38_batch_1.tar	48026624	64769	222409728	289232
2820	3116	AF-0000000206270045	shard_1958_batch_1.tar	126630912	189078	1447401984	2836364
2821	3634	AF-0000000206415595	shard_1208_batch_1.tar	5732864	276942	4965542400	5669717
2821	5140	AF-0000000206415586	shard_1208_batch_1.tar	57515008	278376	1659219456	5643146
2821	5144	AF-0000000206415598	shard_1208_batch_1.tar	204007936	277408	3676271616	5633489
2821	5382	AF-0000000206415588	shard_1208_batch_1.tar	261223424	277021	1945727488	5612528
2821	5702	AF-0000000206415596	shard_1208_batch_1.tar	212817920	277419	2974112256	5605426
2821	6452	AF-0000000206415585	shard_1208_batch_1.tar	258446336	276565	3199263232	5619632
2821	7151	AF-0000000206415590	shard_1208_batch_1.tar	32952832	276742	839527424	5599780
2821	7289	AF-0000000206415587	shard_1210_batch_1.tar	267282432	284736	3312576000	5790417
2821	7574	AF-0000000206415600	shard_1210_batch_1.tar	279726592	280797	1419847168	5821205
2822	8128	AF-0000000206415281	shard_1988_batch_1.tar	83833856	235954	1162332160	4024530
2822	9215	AF-0000000206415299	shard_2028_batch_1.tar	100713984	260918	1189903360	4722315
2825	5550	AF-0000000206161352	shard_2044_batch_1.tar	62261760	99207	969601024	646618
2826	8497	AF-0000000206240069	shard_2064_batch_1.tar	21109760	184835	700750336	2556904
2827	7471	AF-0000000206217496	shard_76_batch_1.tar	9756672	88156	272716288	567128
2827	9122	AF-0000000206217495	shard_76_batch_1.tar	5252096	89077	307914240	579277
2828	2887	AF-0000000206323588	shard_136_batch_1.tar	99509760	133598	870801920	1364995
2828	3158	AF-0000000206323216	shard_52_batch_1.tar	6864896	68927	443717632	365808
2828	3598	AF-0000000206323498	shard_2036_batch_1.tar	78921728	131450	348987392	1349393
2828	4566	AF-0000000206323284	shard_1990_batch_1.tar	56548352	104762	1333861376	830998
2828	4602	AF-0000000206323601	shard_46_batch_1.tar	1982976	67601	336732672	326649
2828	4603	AF-0000000206323207	shard_46_batch_1.tar	71240704	67725	325869056	321296
2828	4610	AF-0000000206323200	shard_46_batch_1.tar	63066112	68006	264795136	325145
2828	4694	AF-0000000206323510	shard_1896_batch_1.tar	16077312	81801	1398336512	472690
2828	4814	AF-0000000206323520	shard_2064_batch_1.tar	110717952	79727	651145728	490480
2828	5229	AF-0000000206323407	shard_92_batch_1.tar	60990976	98576	261883904	704524
2828	5231	AF-0000000206323473	shard_2024_batch_1.tar	9098240	60705	474284544	276549
2828	5246	AF-0000000206323440	shard_2008_batch_1.tar	122868736	61231	1142507008	289923
2828	5249	AF-0000000206323425	shard_38_batch_1.tar	55679488	61865	164159488	271397
2828	5283	AF-0000000206323624	shard_46_batch_1.tar	36847104	67240	449658880	335197
2828	5366	AF-0000000206323552	shard_38_batch_1.tar	14416384	61781	274045952	277911
2828	5368	AF-0000000206323413	shard_74_batch_1.tar	55614976	87338	216417280	567424
2828	5392	AF-0000000206323186	shard_50_batch_1.tar	53940736	69114	364095488	355346
2828	5454	AF-0000000206323302	shard_1914_batch_1.tar	10761216	90959	769201664	613646
2828	5837	AF-0000000206323392	shard_66_batch_1.tar	40856576	78293	511404544	480952
2828	5881	AF-0000000206323492	shard_2062_batch_1.tar	130631680	65435	1500300800	308274
2828	6419	AF-0000000206323519	shard_2054_batch_1.tar	37144576	68655	1478614528	363635
2828	6420	AF-0000000206323529	shard_98_batch_1.tar	56338432	100330	754432000	728372
2828	6436	AF-0000000206323427	shard_58_batch_1.tar	12433408	74037	192908800	406941
2828	6492	AF-0000000206323436	shard_38_batch_1.tar	47768064	60838	300822016	272140
2828	6499	AF-0000000206323328	shard_38_batch_1.tar	22168064	62602	255073280	288666
2828	6525	AF-0000000206323567	shard_38_batch_1.tar	6378496	61685	305703936	278009
2828	6532	AF-0000000206323185	shard_84_batch_1.tar	92559872	90908	757382144	609317
2828	6699	AF-0000000206323545	shard_1912_batch_1.tar	119947776	76621	970482688	452621
2828	6885	AF-0000000206323512	shard_2042_batch_1.tar	109513728	69347	1214319616	351119
2828	7175	AF-0000000206323557	shard_30_batch_1.tar	6578688	56646	347551232	227208
2828	7300	AF-0000000206323317	shard_1944_batch_1.tar	1012224	94018	779336192	651455
2828	7327	AF-0000000206323410	shard_90_batch_1.tar	18351104	94976	488108544	667251
2828	7598	AF-0000000206323345	shard_1946_batch_1.tar	111105536	59885	1393009152	262879
2828	7714	AF-0000000206323464	shard_1998_batch_1.tar	84773888	66519	571670528	338681
2828	8060	AF-0000000206323260	shard_2074_batch_1.tar	58238464	99838	1552140800	749612
2828	8097	AF-0000000206323268	shard_1942_batch_1.tar	65408512	72838	620430848	387455
2828	8769	AF-0000000206323405	shard_38_batch_1.tar	45841920	61608	231991296	278896
2828	8840	AF-0000000206323291	shard_2044_batch_1.tar	51302912	117483	1121430016	1004001
2828	9274	AF-0000000206323572	shard_124_batch_1.tar	59967488	122471	501677056	1186563
2828	9491	AF-0000000206323509	shard_2014_batch_1.tar	94238720	70127	1297800192	357817
2828	9624	AF-0000000206323278	shard_1914_batch_1.tar	38736896	123027	1710529024	1211361
2828	10105	AF-0000000206323548	shard_1894_batch_1.tar	58655232	80727	911707648	492994
2828	10220	AF-0000000206323190	shard_102_batch_1.tar	74997248	102289	990964736	759766
2828	10380	AF-0000000206323139	shard_82_batch_1.tar	3108864	88902	327839744	609687
2828	10389	AF-0000000206323134	shard_46_batch_1.tar	13722112	67382	156875776	330313
2828	10475	AF-0000000206323144	shard_1996_batch_1.tar	126853632	59308	1678266880	262452
2828	10599	AF-0000000206323119	shard_1892_batch_1.tar	71539712	57081	1058151424	234189
2828	10651	AF-0000000206323175	shard_32_batch_1.tar	25766912	57777	316845568	244146
2828	10831	AF-0000000206323480	shard_2064_batch_1.tar	117843456	124280	519013376	1117079
2828	10848	AF-0000000206323196	shard_34_batch_1.tar	57925120	59751	312794624	262136
2833	10087	AF-0000000206292241	shard_1898_batch_1.tar	94295040	123323	1097398784	1208076
2844	6871	AF-0000000206158987	shard_150_batch_1.tar	97015296	150159	667713536	1674335
2844	8424	AF-0000000206158990	shard_150_batch_1.tar	56185344	151330	793435648	1704809
2844	9198	AF-0000000206158995	shard_1196_batch_0.tar	138533888	237331	2493827072	4056742
2844	10410	AF-0000000206158985	shard_150_batch_1.tar	52122624	150993	1473268736	1695576
2845	2900	AF-0000000206396157	shard_168_batch_1.tar	31384576	177472	1259834368	2304356
2845	9907	AF-0000000206396143	shard_168_batch_1.tar	28550144	177903	1155581440	2288217
2846	4685	AF-0000000206210919	shard_1918_batch_1.tar	52392960	176030	365209600	2178524
2847	3965	AF-0000000206393705	shard_2072_batch_1.tar	51159040	110690	652476416	779300
2847	4858	AF-0000000206393723	shard_1898_batch_1.tar	126046208	160302	1672335360	1720381
2847	5363	AF-0000000206393672	shard_106_batch_1.tar	105010688	114607	1004353024	832266
2847	6408	AF-0000000206393737	shard_2018_batch_1.tar	35119104	167740	612555264	1975046
2847	7478	AF-0000000206393713	shard_1966_batch_1.tar	26915328	117805	251353088	894996
2847	8660	AF-0000000206393673	shard_148_batch_1.tar	86169600	152355	789591040	1598406
2847	9335	AF-0000000206393731	shard_2070_batch_1.tar	45605376	111223	1141451264	783376
2847	9596	AF-0000000206393726	shard_2022_batch_1.tar	89942016	111941	1568562176	783566
2847	9763	AF-0000000206393677	shard_100_batch_1.tar	45381632	111218	757610496	782640
2847	10015	AF-0000000206393688	shard_1982_batch_1.tar	64948224	169167	784245760	1942698
2847	10163	AF-0000000206393679	shard_2058_batch_1.tar	61275136	250339	960489984	4536245
2849	5879	AF-0000000206300624	shard_122_batch_1.tar	76438016	126199	543157248	1142879
2849	7075	AF-0000000206300621	shard_96_batch_1.tar	74401280	104658	514941440	759285
2849	8808	AF-0000000206300627	shard_146_batch_1.tar	130005504	148762	1085298688	1625655
2852	3889	AF-0000000206212840	shard_156_batch_1.tar	316928	162550	1320282112	1916542
2854	10652	AF-0000000206354792	shard_1204_batch_1.tar	106923520	257081	1610974720	4508118
2856	3091	AF-0000000206318229	shard_1974_batch_1.tar	86412288	170726	1218991616	2174257
2856	5628	AF-0000000206318163	shard_1938_batch_1.tar	62368256	187969	774029312	2607401
2856	7478	AF-0000000206318202	shard_1924_batch_1.tar	120021504	158279	635675648	1808414
2856	7585	AF-0000000206318232	shard_1932_batch_1.tar	71799296	187696	651945472	2572547
2856	7881	AF-0000000206318140	shard_2018_batch_1.tar	128114176	172716	669798400	2189394
2856	9014	AF-0000000206318192	shard_1950_batch_1.tar	111980032	208706	1514205696	3101565
2856	9634	AF-0000000206318224	shard_1344_batch_0.tar	99528704	168613	2260215296	2108395
2856	9718	AF-0000000206318208	shard_1994_batch_1.tar	37346816	148601	1118366720	1587902
2856	10294	AF-0000000206318151	shard_1964_batch_1.tar	26690560	201276	1665815552	2895190
2857	3210	AF-0000000206148074	shard_92_batch_0.tar	68724736	101115	281953280	703879
2857	7315	AF-0000000206148073	shard_86_batch_0.tar	43042816	95586	680151552	645348
2857	10451	AF-0000000206148060	shard_86_batch_0.tar	93036032	96201	511483392	629361
2857	10667	AF-0000000206148062	shard_62_batch_0.tar	75599872	80577	176714240	421376
2858	4690	AF-0000000206225262	shard_94_batch_1.tar	90436608	100185	418977280	733648
2858	4983	AF-0000000206225219	shard_96_batch_1.tar	57973248	100365	786955776	741052
2858	5423	AF-0000000206225228	shard_76_batch_1.tar	6603264	88369	334768128	589705
2858	5677	AF-0000000206225229	shard_72_batch_1.tar	25133568	85488	541151744	560652
2858	7510	AF-0000000206225258	shard_82_batch_1.tar	43130880	92212	744653312	618202
2858	8698	AF-0000000206225218	shard_1918_batch_1.tar	1666560	88045	1510703104	575877
2860	6222	AF-0000000206150273	shard_46_batch_0.tar	56317440	71752	198220288	328742
2865	8828	AF-0000000206174728	shard_1212_batch_0.tar	134618624	296682	825645568	6164964
2868	6478	AF-0000000206182001	shard_2020_batch_1.tar	68285952	279739	1455238656	5237235
2871	3097	AF-0000000206127088	shard_88_batch_0.tar	80520192	95491	774450688	692397
2871	3664	AF-0000000206127282	shard_2_batch_0.tar	24915456	33431	87007232	72771
2871	5125	AF-0000000206127158	shard_1980_batch_0.tar	19025920	33274	1241250304	72935
2871	6625	AF-0000000206127083	shard_4_batch_0.tar	6802944	36568	129108992	91830
2871	6635	AF-0000000206127086	shard_0_batch_0.tar	6470656	32310	97856000	64185
2871	7063	AF-0000000206127107	shard_1978_batch_0.tar	65896448	32345	1520282624	64230
2871	7515	AF-0000000206127134	shard_1958_batch_0.tar	12600832	53610	736664064	207059
2871	8443	AF-0000000206127108	shard_2078_batch_0.tar	77641216	38652	584622080	98839
2871	10029	AF-0000000206127176	shard_1918_batch_0.tar	127431168	95655	1426339840	690260
2871	10220	AF-0000000206127054	shard_70_batch_0.tar	84072448	83690	628072448	501137
2871	10406	AF-0000000206127008	shard_2054_batch_0.tar	1880064	33824	1175173632	71085
2873	3026	AF-0000000206355359	shard_2080_batch_1.tar	102366208	128068	1114697216	1245664
2873	5016	AF-0000000206355341	shard_18_batch_1.tar	14510592	50958	273372672	172308
2873	5027	AF-0000000206355334	shard_20_batch_1.tar	52688896	51912	274472448	181159
2873	5272	AF-0000000206355348	shard_18_batch_1.tar	26784256	49655	259476480	176202
2873	6178	AF-0000000206355411	shard_2052_batch_1.tar	2173440	50396	896802816	167244
2873	6181	AF-0000000206355373	shard_1986_batch_1.tar	13550080	49864	1574203904	177235
2873	6264	AF-0000000206355382	shard_1954_batch_1.tar	85753344	51948	539425792	178222
2873	6304	AF-0000000206355407	shard_1924_batch_1.tar	113389056	52387	948227584	184309
2873	6397	AF-0000000206355371	shard_2060_batch_1.tar	47306752	57116	480072192	228255
2873	6511	AF-0000000206355345	shard_20_batch_1.tar	31253504	51857	238458368	181636
2873	6523	AF-0000000206355362	shard_1978_batch_1.tar	48705024	50704	470995968	172509
2873	6557	AF-0000000206355346	shard_20_batch_1.tar	50341376	51963	153875456	180933
2873	6651	AF-0000000206355404	shard_1922_batch_1.tar	26756096	48803	1463108608	168865
2873	6676	AF-0000000206355396	shard_1990_batch_1.tar	26584064	50964	686118912	171707
2873	7381	AF-0000000206355354	shard_1998_batch_1.tar	110544384	50937	1055971840	171933
2873	9701	AF-0000000206355366	shard_2052_batch_1.tar	125405184	47308	753084416	153775
2873	10557	AF-0000000206355320	shard_20_batch_1.tar	40033280	52238	205928960	183325
2873	10558	AF-0000000206355321	shard_20_batch_1.tar	46231552	52038	138188800	182180
2873	10627	AF-0000000206355323	shard_18_batch_1.tar	7089664	50451	256100864	167719
2873	10646	AF-0000000206355324	shard_22_batch_1.tar	47585792	52576	126823424	184705
2873	10668	AF-0000000206355327	shard_10_batch_1.tar	34118656	45132	159922176	136899
2873	10670	AF-0000000206355325	shard_18_batch_1.tar	40102400	50813	205226496	170755
2873	10754	AF-0000000206355326	shard_10_batch_1.tar	44016640	45260	193217536	137990
2873	10769	AF-0000000206355322	shard_22_batch_1.tar	25870336	52378	124834304	186027
2873	10948	AF-0000000206355319	shard_76_batch_1.tar	73428992	89042	685518848	553759
2874	3417	AF-0000000206187802	shard_2030_batch_1.tar	90750464	191392	600691712	2757063
2874	4904	AF-0000000206187808	shard_2076_batch_1.tar	119451648	134030	558567936	1353303
2874	7028	AF-0000000206187830	shard_152_batch_1.tar	110221824	153905	1363727872	1675379
2874	10754	AF-0000000206187778	shard_1912_batch_1.tar	91789312	91114	1707765760	589745
2877	6488	AF-0000000206167829	shard_1908_batch_1.tar	80931840	79267	1639604736	462923
2879	10378	AF-0000000206186974	shard_1374_batch_0.tar	72588800	190711	1558912000	2677261
2879	10668	AF-0000000206186940	shard_160_batch_1.tar	89121280	162466	832087552	1920925
2879	11011	AF-0000000206186938	shard_1212_batch_0.tar	282697728	287386	813666816	6134395
2882	3353	AF-0000000206175843	shard_1384_batch_0.tar	118311424	197114	1838115840	2819464
2882	4774	AF-0000000206175808	shard_1902_batch_1.tar	118558208	80620	585296384	444633
2882	5393	AF-0000000206175747	shard_78_batch_1.tar	8064512	88378	192935936	577395
2882	6663	AF-0000000206175860	shard_62_batch_0.tar	73951744	79624	295614976	443541
2882	7012	AF-0000000206175856	shard_2036_batch_1.tar	125813248	93654	974018048	604962
2882	8097	AF-0000000206175745	shard_56_batch_0.tar	57411072	76958	152996864	418447
2882	8401	AF-0000000206175850	shard_144_batch_1.tar	9117696	141425	1695830016	1447444
2882	8795	AF-0000000206175832	shard_1940_batch_1.tar	60926976	81726	287951360	519549
2882	8979	AF-0000000206175748	shard_58_batch_0.tar	76802048	77858	335910400	412890
2882	9329	AF-0000000206175819	shard_1994_batch_1.tar	67016192	89265	938257408	605761
2882	10174	AF-0000000206175811	shard_2050_batch_1.tar	99574784	126892	1159906304	1106864
2882	10378	AF-0000000206175864	shard_78_batch_1.tar	7052800	88310	511052288	577113
2882	10507	AF-0000000206175678	shard_44_batch_0.tar	32053248	70226	277801984	328932
2882	10666	AF-0000000206175693	shard_18_batch_0.tar	43096576	50581	184717824	164398
2882	10870	AF-0000000206175859	shard_1908_batch_1.tar	31895552	59147	1247929856	243494
2884	2943	AF-0000000206317650	shard_1948_batch_1.tar	89118208	260328	943116800	5239071
2884	6072	AF-0000000206317651	shard_1954_batch_1.tar	82171904	259993	1259572224	5224873
2884	8786	AF-0000000206317652	shard_2032_batch_1.tar	69862912	258139	1093719040	5179913
2884	9559	AF-0000000206317649	shard_2072_batch_1.tar	17103872	260125	669686784	5237152
2885	10970	AF-0000000206416933	shard_1210_batch_1.tar	159690240	288259	5754463232	5689603
2886	3235	AF-0000000206346013	shard_1992_batch_1.tar	216576	216039	801974272	3715405
2887	6627	AF-0000000206408294	shard_120_batch_1.tar	94795264	124096	498524672	1091098
2887	7153	AF-0000000206408344	shard_120_batch_1.tar	92385280	123806	942433280	1084123
2887	7391	AF-0000000206408328	shard_140_batch_1.tar	27956224	141764	626036224	1446305
2887	7414	AF-0000000206408316	shard_120_batch_1.tar	62390272	123642	870301696	1094631
2887	7715	AF-0000000206408325	shard_132_batch_1.tar	77466624	132439	1449904128	1282452
2887	7724	AF-0000000206408336	shard_1360_batch_1.tar	7975936	180356	2204011008	2457013
2887	7740	AF-0000000206408322	shard_168_batch_2.tar	161352192	178619	2340993024	2216561
2887	9356	AF-0000000206408313	shard_132_batch_1.tar	54428672	131760	768977408	1308850
2889	11059	AF-0000000206352880	shard_2066_batch_1.tar	9809920	186434	788648448	2692430
2890	6988	AF-0000000206235152	shard_40_batch_1.tar	3260416	67435	233932800	318862
2894	10629	AF-0000000206221927	shard_1378_batch_0.tar	73936384	198410	2016679936	2927483
2895	4344	AF-0000000206387383	shard_1400_batch_0.tar	105250304	225607	1735934976	3564804
2895	4646	AF-0000000206387376	shard_1402_batch_0.tar	69757440	227240	910374912	3672142
2896	4564	AF-0000000206331369	shard_1360_batch_0.tar	66782720	176316	2224750080	2579351
2896	4975	AF-0000000206331359	shard_114_batch_1.tar	98059264	114137	587543040	1000322
2900	3027	AF-0000000206391450	shard_1350_batch_0.tar	139130880	174644	2476480512	2199917
2900	4028	AF-0000000206391466	shard_1360_batch_1.tar	96186880	181920	2368886784	2471521
2900	4237	AF-0000000206391449	shard_1356_batch_0.tar	121602048	177821	1492767744	2338915
2900	4525	AF-0000000206391459	shard_156_batch_2.tar	117584896	156896	1115466240	1836690
2900	6190	AF-0000000206391439	shard_1352_batch_1.tar	161968128	176556	2015869952	2231031
2900	6432	AF-0000000206391441	shard_144_batch_1.tar	17608192	147272	1241634304	1550351
2900	6934	AF-0000000206391453	shard_144_batch_1.tar	117732864	147127	576947712	1541453
2900	7737	AF-0000000206391455	shard_170_batch_2.tar	13251584	178727	1800255488	2334461
2900	7799	AF-0000000206391448	shard_168_batch_1.tar	169143808	177510	2380086272	2289241
2900	8190	AF-0000000206391454	shard_168_batch_1.tar	28372992	176219	1987445248	2256218
2900	8895	AF-0000000206391460	shard_1356_batch_0.tar	2108416	178652	493107200	2300951
2900	9830	AF-0000000206391435	shard_1356_batch_0.tar	150553600	178187	794772992	2346937
2904	2950	AF-0000000206420183	shard_26_batch_1.tar	54553088	58601	268339200	219816
2904	3976	AF-0000000206420212	shard_140_batch_2.tar	14317568	141494	982436352	1449713
2904	4056	AF-0000000206420221	shard_154_batch_2.tar	115934720	156854	1397643776	1691568
2904	6075	AF-0000000206420162	shard_124_batch_1.tar	113295872	127242	1254772224	1157038
2904	6092	AF-0000000206420219	shard_56_batch_1.tar	12641792	77490	355096576	391133
2904	6994	AF-0000000206420167	shard_26_batch_1.tar	48846336	58710	282356224	214913
2904	7065	AF-0000000206420177	shard_86_batch_1.tar	84881920	93762	368392192	649970
2904	7732	AF-0000000206420195	shard_134_batch_1.tar	34662912	134774	846880256	1284100
2904	7844	AF-0000000206420209	shard_114_batch_1.tar	12986880	118827	891919872	1008969
2904	8878	AF-0000000206420206	shard_1348_batch_1.tar	26445312	171680	539038208	2149560
2904	9638	AF-0000000206420169	shard_124_batch_1.tar	57598464	123768	1313748480	1147488
2904	10109	AF-0000000206420192	shard_124_batch_1.tar	25636352	127463	248843776	1104180
2904	10550	AF-0000000206420157	shard_26_batch_1.tar	18926592	58955	233139712	209866
2905	8054	AF-0000000206271825	shard_2012_batch_1.tar	15692800	218611	260144640	3588666
2905	8651	AF-0000000206271826	shard_2060_batch_1.tar	22594048	201309	1450704384	3111169
2907	3740	AF-0000000206420048	shard_1892_batch_1.tar	30748672	283058	1097977344	6122391
2907	6817	AF-0000000206420039	shard_2030_batch_1.tar	131005440	266282	673841664	5078690
2907	7508	AF-0000000206420072	shard_1900_batch_1.tar	90644480	265011	1159653888	5104053
2907	10112	AF-0000000206420054	shard_2004_batch_1.tar	22418944	215333	1543505408	3465713
2907	10565	AF-0000000206420023	shard_1392_batch_1.tar	154716672	215543	1407654400	3483195
2907	10688	AF-0000000206420022	shard_1392_batch_1.tar	34418176	215309	530497024	3473724
2908	10309	AF-0000000206262753	shard_1896_batch_1.tar	89060352	122464	1182970368	1028120
2910	3217	AF-0000000206352888	shard_1894_batch_1.tar	102929408	341142	1507673088	8529252
2910	10206	AF-0000000206352890	shard_2074_batch_1.tar	96355840	291078	1150971904	6259303
2910	11052	AF-0000000206352894	shard_1960_batch_1.tar	119638016	230188	359438848	3842333
2911	6589	AF-0000000206421293	shard_52_batch_1.tar	15568384	75802	450150400	384637
2913	9381	AF-0000000206181590	shard_2048_batch_1.tar	48050176	243496	1594725888	4618382
2915	3268	AF-0000000206157703	shard_90_batch_0.tar	58375168	100260	775318528	656432
2915	8302	AF-0000000206157743	shard_92_batch_0.tar	28250112	100694	889131008	663078
2915	11044	AF-0000000206157701	shard_118_batch_1.tar	36908032	120990	381378048	1053794
2921	4925	AF-0000000206327790	shard_1366_batch_0.tar	146948608	187972	901657600	2541985
2921	5133	AF-0000000206327807	shard_1366_batch_0.tar	45934080	188233	1837821952	2547009
2921	9198	AF-0000000206327805	shard_1202_batch_0.tar	191247360	254945	2536684032	4760185
2921	9950	AF-0000000206327809	shard_1204_batch_0.tar	40265728	260567	692342784	4846187
2921	10315	AF-0000000206327804	shard_1366_batch_0.tar	28874240	188082	706932224	2550751
2922	3805	AF-0000000206163873	shard_2042_batch_1.tar	78525440	196176	442412032	2574866
2922	4754	AF-0000000206163858	shard_1196_batch_0.tar	175462400	242739	3510074368	4281665
2922	5244	AF-0000000206163876	shard_1898_batch_1.tar	111276032	226272	674140160	3584391
2922	5552	AF-0000000206163860	shard_1188_batch_0.tar	80304640	226980	2533023232	3602817
2922	6017	AF-0000000206163874	shard_1980_batch_1.tar	3657216	222272	249862144	3543513
2922	7144	AF-0000000206163868	shard_2080_batch_1.tar	92137472	235385	529514496	3943509
2922	9129	AF-0000000206163855	shard_1216_batch_0.tar	149252096	327475	918533632	7458967
2923	10499	AF-0000000206380696	shard_2064_batch_1.tar	57846272	57994	517223936	218776
2923	10831	AF-0000000206380709	shard_1912_batch_1.tar	19740160	127935	901975552	1123062
2924	3732	AF-0000000206130355	shard_1930_batch_0.tar	9084928	121964	711598080	1078773
2927	3206	AF-0000000206419418	shard_1342_batch_1.tar	89165824	164255	511060480	2042670
2927	5432	AF-0000000206419391	shard_78_batch_1.tar	23177216	89510	356554240	604817
2927	5806	AF-0000000206419393	shard_104_batch_1.tar	8075264	107322	508907520	872431
2927	6179	AF-0000000206419397	shard_154_batch_2.tar	99759104	152092	890590208	1824323
2927	6621	AF-0000000206419376	shard_1960_batch_1.tar	97136128	88507	1434039296	592328
2927	8101	AF-0000000206419421	shard_152_batch_2.tar	27468800	152314	1945132544	1820161
2927	10168	AF-0000000206419439	shard_118_batch_1.tar	113974784	117843	994853376	1051434
2928	4063	AF-0000000206131973	shard_1366_batch_0.tar	63905280	191390	1148766208	2640117
2928	5751	AF-0000000206132016	shard_1368_batch_0.tar	73137152	191917	2551851520	2674652
2928	7374	AF-0000000206131996	shard_1364_batch_0.tar	53422592	189054	624915968	2535287
2928	8821	AF-0000000206132012	shard_1364_batch_0.tar	176363520	186780	1296124416	2558410
2928	9013	AF-0000000206132111	shard_1974_batch_0.tar	8105472	179628	373636608	2401727
2928	9718	AF-0000000206132063	shard_1950_batch_0.tar	67061248	150476	457314304	1606742
2930	2941	AF-0000000206300762	shard_1942_batch_1.tar	30493696	181175	1057661952	2495122
2930	5588	AF-0000000206300877	shard_88_batch_1.tar	53505536	97709	228146688	678832
2930	7497	AF-0000000206300853	shard_154_batch_1.tar	54364672	154277	1083316224	1868016
2933	3237	AF-0000000206374453	shard_2000_batch_1.tar	126712320	280208	620628992	6188046
2933	7893	AF-0000000206374462	shard_2060_batch_1.tar	120544256	211658	1542057472	3263325
2933	9056	AF-0000000206374471	shard_2034_batch_1.tar	107028992	208570	1491469824	3176133
2934	10871	AF-0000000206174738	shard_60_batch_0.tar	64514560	79423	550026240	451461
2934	10872	AF-0000000206174741	shard_74_batch_0.tar	48047104	87916	519622144	552790
2936	3358	AF-0000000206126632	shard_1916_batch_0.tar	117613568	227894	835180544	4127499
2936	3539	AF-0000000206126694	shard_1188_batch_0.tar	45122048	222459	2621115392	3803148
2936	3686	AF-0000000206126698	shard_1400_batch_0.tar	111454720	224638	725137920	3864708
2936	4729	AF-0000000206126691	shard_1400_batch_0.tar	20984320	225177	1806208512	3994023
2936	4820	AF-0000000206126657	shard_1964_batch_0.tar	32647680	172810	1005828096	2219993
2936	5485	AF-0000000206126706	shard_2020_batch_0.tar	89675264	161658	623698944	1969242
2936	6137	AF-0000000206126646	shard_1920_batch_0.tar	39898112	225163	1568521216	3902015
2936	6836	AF-0000000206126638	shard_1894_batch_0.tar	103722496	222705	1006153216	3813518
2936	7792	AF-0000000206126688	shard_1950_batch_0.tar	69981184	222370	1737781248	3812500
2936	8075	AF-0000000206126689	shard_158_batch_1.tar	165376	161105	1891769856	1963653
2936	8876	AF-0000000206126663	shard_2054_batch_0.tar	84439040	222309	1395601920	3801077
2936	9001	AF-0000000206126656	shard_1900_batch_0.tar	62604800	225410	750171648	4004364
2936	9198	AF-0000000206126679	shard_1964_batch_0.tar	72306176	243537	1103648768	4436357
2936	9199	AF-0000000206126625	shard_2072_batch_0.tar	4894720	202586	657080320	3082704
2936	9536	AF-0000000206126633	shard_1984_batch_0.tar	108042752	228007	1734477824	4144925
2936	10100	AF-0000000206126651	shard_2030_batch_0.tar	63147008	223352	607904768	3836869
2936	10230	AF-0000000206126686	shard_1908_batch_0.tar	48037888	222629	1297977344	3817216
2936	10250	AF-0000000206126628	shard_1954_batch_0.tar	127563264	224855	1033587712	3990325
2936	10383	AF-0000000206126610	shard_1960_batch_0.tar	2712064	225420	1057607168	3915329
2936	10522	AF-0000000206126609	shard_1988_batch_0.tar	37760512	225450	454818816	3916912
2937	10734	AF-0000000206169199	shard_2044_batch_1.tar	16485888	138875	257660416	1453455
2939	6807	AF-0000000206230877	shard_1394_batch_0.tar	171603456	214197	957663744	3268428
2939	8612	AF-0000000206230853	shard_1390_batch_0.tar	168148480	209534	3360588288	3113009
2941	3071	AF-0000000206257392	shard_1958_batch_1.tar	7599616	216889	1353419776	3591288
2941	4691	AF-0000000206257138	shard_2012_batch_1.tar	106912768	227375	1104409600	3967009
2941	4789	AF-0000000206257327	shard_2032_batch_1.tar	24823808	199020	894558720	2934749
2941	5063	AF-0000000206257129	shard_1942_batch_1.tar	115437056	195839	1092318208	2844176
2941	5454	AF-0000000206257206	shard_1392_batch_0.tar	55858688	216312	3078937088	3564593
2941	5551	AF-0000000206257447	shard_1368_batch_0.tar	25321984	188602	443176448	2648524
2941	5904	AF-0000000206257126	shard_1922_batch_1.tar	47488000	193573	352542208	2798882
2941	6008	AF-0000000206257354	shard_1952_batch_1.tar	88828928	194633	1254952448	2798094
2941	6015	AF-0000000206257420	shard_1360_batch_0.tar	150449664	180385	2503659008	2431158
2941	6084	AF-0000000206257287	shard_1360_batch_0.tar	42643456	180936	729027584	2443494
2941	6151	AF-0000000206257159	shard_1962_batch_1.tar	104078848	198270	318019072	2897610
2941	6253	AF-0000000206257408	shard_2010_batch_1.tar	82555392	215005	327634944	3387339
2941	6394	AF-0000000206257122	shard_2076_batch_1.tar	57103872	218559	1527987712	3632810
2941	6413	AF-0000000206257325	shard_2036_batch_1.tar	106238976	181950	1495229440	2482019
2941	6487	AF-0000000206257294	shard_1378_batch_0.tar	170967040	199411	1852668416	2925253
2941	6522	AF-0000000206257425	shard_1362_batch_0.tar	24594432	181179	998469632	2445034
2941	6532	AF-0000000206257117	shard_2010_batch_1.tar	95869952	216386	262416896	3565168
2941	6627	AF-0000000206257226	shard_1368_batch_0.tar	38526464	188520	614291456	2610685
2941	6872	AF-0000000206257347	shard_2080_batch_1.tar	35408896	194938	631747072	2798500
2941	6908	AF-0000000206257369	shard_1978_batch_1.tar	49332224	180663	1131483648	2439087
2941	6980	AF-0000000206257430	shard_1396_batch_0.tar	63579136	220827	3639654400	3622340
2941	7099	AF-0000000206257233	shard_1390_batch_0.tar	167719936	213908	1487386624	3380907
2941	7153	AF-0000000206257426	shard_1368_batch_0.tar	108861952	188264	387179520	2613750
2941	7414	AF-0000000206257305	shard_1368_batch_0.tar	41183232	188371	2744694784	2618467
2941	7601	AF-0000000206257194	shard_1998_batch_1.tar	27887104	189747	1636752384	2669659
2941	7747	AF-0000000206257424	shard_1202_batch_0.tar	192529408	255337	4017497088	5063959
2941	8180	AF-0000000206257135	shard_1892_batch_1.tar	79565312	227234	1704432640	3962377
2941	8664	AF-0000000206257205	shard_1378_batch_0.tar	3596288	199151	2056108032	2922069
2941	9612	AF-0000000206257373	shard_2056_batch_1.tar	23142912	282835	1319106560	6318918
2941	10373	AF-0000000206257082	shard_1362_batch_0.tar	169957888	181920	1612385792	2484681
2941	10374	AF-0000000206257081	shard_1362_batch_0.tar	131320832	181204	2671574016	2449438
2941	10397	AF-0000000206257105	shard_1200_batch_0.tar	138365952	248467	4920454656	4732030
2941	10593	AF-0000000206257080	shard_1362_batch_0.tar	81284096	180825	1319150592	2445605
2941	10645	AF-0000000206257079	shard_1360_batch_0.tar	179749376	180578	715031552	2431442
2941	10967	AF-0000000206257391	shard_2000_batch_1.tar	50831360	195999	1413469184	2852481
2942	3299	AF-0000000206319871	shard_2032_batch_1.tar	83539968	114154	438957568	912731
2942	3961	AF-0000000206319858	shard_1984_batch_1.tar	20819968	42665	1262317568	116712
2942	6492	AF-0000000206319872	shard_1970_batch_1.tar	103668736	46342	474834432	142992
2942	6515	AF-0000000206319875	shard_1986_batch_1.tar	24374272	44486	919621632	126673
2942	7238	AF-0000000206319860	shard_2076_batch_1.tar	69315072	89373	1339587072	551585
2942	9023	AF-0000000206319862	shard_1960_batch_1.tar	8750592	114706	1524067840	924683
2943	2973	AF-0000000206296300	shard_1200_batch_0.tar	114321408	254004	3506880512	4872945
2943	3316	AF-0000000206296302	shard_1198_batch_0.tar	97121280	245952	2596666880	4638448
2943	3759	AF-0000000206296292	shard_1200_batch_0.tar	236721152	253186	2170929664	4809363
2945	10550	AF-0000000206277687	shard_118_batch_1.tar	40377856	121695	477509632	997338
2946	5317	AF-0000000206392148	shard_100_batch_1.tar	32737280	106711	701222400	761322
2948	3978	AF-0000000206114114	shard_2016_batch_0.tar	93874688	158637	1634241024	1834491
2948	8934	AF-0000000206114110	shard_2050_batch_0.tar	29603328	163431	990593536	2038363
2949	3024	AF-0000000206242699	shard_1980_batch_1.tar	96649728	256557	261029888	4730498
2949	11059	AF-0000000206242698	shard_1894_batch_1.tar	36687360	180756	476475392	2246383
2950	3198	AF-0000000206216315	shard_92_batch_1.tar	82716672	100913	844044800	703928
2950	3428	AF-0000000206216432	shard_1966_batch_1.tar	28459520	104576	570273792	783665
2950	3582	AF-0000000206216471	shard_2072_batch_1.tar	75241472	213075	1435344384	3242594
2950	4929	AF-0000000206215970	shard_82_batch_1.tar	20554752	95818	264580608	644246
2950	5246	AF-0000000206216222	shard_2074_batch_1.tar	131268096	52018	918971904	178383
2950	5313	AF-0000000206216289	shard_1980_batch_1.tar	41564160	88935	686873088	532895
2950	5570	AF-0000000206216035	shard_1988_batch_1.tar	77989376	56054	1532356096	199593
2950	6003	AF-0000000206215980	shard_62_batch_1.tar	2287616	80391	175342080	470124
2950	6004	AF-0000000206216362	shard_72_batch_1.tar	37675520	89219	622322688	521046
2950	6032	AF-0000000206216194	shard_2036_batch_1.tar	73097216	86819	565913600	527198
2950	6198	AF-0000000206216283	shard_64_batch_1.tar	26293760	81378	218723328	463806
2950	6503	AF-0000000206216180	shard_38_batch_1.tar	35699200	65086	340196352	271113
2950	6558	AF-0000000206216196	shard_2070_batch_1.tar	9091584	53921	835188736	178430
2950	6980	AF-0000000206216419	shard_1918_batch_1.tar	53085696	86667	1707493888	523099
2950	7065	AF-0000000206216085	shard_2056_batch_1.tar	121558016	89497	1546248192	588080
2950	7132	AF-0000000206216406	shard_2056_batch_1.tar	17354752	57056	1275612160	203467
2950	7136	AF-0000000206216106	shard_72_batch_1.tar	77079040	88769	474931200	526252
2950	7261	AF-0000000206216175	shard_38_batch_1.tar	52683264	65642	128422912	279826
2950	7269	AF-0000000206216221	shard_1998_batch_1.tar	11842048	79445	611848192	433707
2950	7309	AF-0000000206216123	shard_110_batch_1.tar	41240064	109492	523789824	855734
2950	7503	AF-0000000206216165	shard_38_batch_1.tar	47372288	66870	229663744	293264
2950	7715	AF-0000000206216262	shard_2008_batch_1.tar	99215872	61937	1734786048	267017
2950	7913	AF-0000000206216430	shard_1992_batch_1.tar	22350336	88854	581426176	525103
2950	8139	AF-0000000206215997	shard_1974_batch_1.tar	52835840	80536	1517051392	445733
2950	8473	AF-0000000206216218	shard_2018_batch_1.tar	122524672	154562	1059442688	1788381
2950	8913	AF-0000000206216249	shard_1984_batch_1.tar	85941248	98444	521841664	711076
2950	9174	AF-0000000206216450	shard_2044_batch_1.tar	83594240	84035	931179520	496580
2950	9322	AF-0000000206216280	shard_44_batch_1.tar	25098752	69029	419767808	318817
2950	9356	AF-0000000206216205	shard_1912_batch_1.tar	14400512	61661	901693952	280969
2950	9607	AF-0000000206215982	shard_168_batch_1.tar	79596544	168752	2042243072	2033100
2950	9664	AF-0000000206216455	shard_1944_batch_1.tar	109242368	93780	491282944	621904
2950	9731	AF-0000000206216391	shard_1920_batch_1.tar	9378304	68651	527328768	321324
2950	10369	AF-0000000206216469	shard_2032_batch_1.tar	103535104	57025	1131646976	202213
2950	10377	AF-0000000206216308	shard_24_batch_1.tar	15781888	57249	133586432	201821
2950	11055	AF-0000000206216181	shard_46_batch_1.tar	35341824	71479	438743552	346884
2951	10491	AF-0000000206374490	shard_1944_batch_1.tar	81412608	180700	839161344	2469849
2954	10066	AF-0000000206203211	shard_1930_batch_1.tar	39961600	307597	1214779904	7124889
2954	10325	AF-0000000206203210	shard_1976_batch_1.tar	45897216	376673	1243822080	10522141
2958	7647	AF-0000000206157461	shard_1974_batch_1.tar	7238144	134203	1536991232	1269263
2960	8511	AF-0000000206191218	shard_1380_batch_0.tar	149833728	199126	1094460928	2792348
2966	7013	AF-0000000206391484	shard_106_batch_1.tar	102131200	114108	279662592	911938
2966	7456	AF-0000000206391475	shard_106_batch_1.tar	34311168	113933	466076672	903972
2966	9115	AF-0000000206391472	shard_106_batch_1.tar	62965248	113916	348573696	904518
2966	9964	AF-0000000206391474	shard_140_batch_1.tar	44942848	139049	791740416	1486277
2967	5734	AF-0000000206356363	shard_80_batch_1.tar	28372992	91793	385317888	585482
2967	8946	AF-0000000206356342	shard_80_batch_1.tar	10588672	91783	650739200	579720
2967	9787	AF-0000000206356336	shard_84_batch_1.tar	74464768	92835	730901504	632434
2967	11074	AF-0000000206356318	shard_2034_batch_1.tar	63121920	58416	1360769024	224162
2969	8351	AF-0000000206234150	shard_1932_batch_1.tar	101381632	311349	264239104	7097295
2971	5758	AF-0000000206317283	shard_1958_batch_1.tar	86323200	89165	943913472	579889
2971	5918	AF-0000000206317292	shard_2040_batch_1.tar	122079744	97800	1404183040	683390
2971	7510	AF-0000000206317305	shard_1926_batch_1.tar	123019264	96159	1531234304	659455
2971	8698	AF-0000000206317267	shard_80_batch_1.tar	1854464	92378	240792576	604157
2972	3664	AF-0000000206338472	shard_0_batch_0.tar	24644096	29530	100278784	52228
2972	5125	AF-0000000206338463	shard_0_batch_0.tar	2502656	29361	68855808	52304
2972	7085	AF-0000000206338470	shard_80_batch_1.tar	2876416	93458	485571584	596549
2973	6072	AF-0000000206362910	shard_1904_batch_1.tar	15318016	254708	875563008	4859728
2973	8786	AF-0000000206362911	shard_1926_batch_1.tar	58166272	252389	816696832	4815998
2973	9559	AF-0000000206362909	shard_2036_batch_1.tar	103908864	254810	298725888	4868889
2974	5604	AF-0000000206373002	shard_1994_batch_1.tar	34643968	185406	341690368	2645820
2974	5644	AF-0000000206372992	shard_1972_batch_1.tar	94304768	203502	1113091584	3209425
2976	3723	AF-0000000206180440	shard_2038_batch_1.tar	34321920	140652	513099776	1394479
2976	3745	AF-0000000206180496	shard_1944_batch_1.tar	21539840	139986	947965440	1321652
2976	4993	AF-0000000206180590	shard_14_batch_0.tar	7537152	50718	97904128	160015
2976	5068	AF-0000000206180664	shard_2040_batch_1.tar	125737984	77006	1047952896	393042
2976	5131	AF-0000000206180568	shard_12_batch_0.tar	22790656	49075	197568512	151141
2976	5215	AF-0000000206180338	shard_8_batch_0.tar	44669952	44930	149780480	122788
2976	5254	AF-0000000206180459	shard_2060_batch_1.tar	112890368	70361	851419648	329632
2976	5347	AF-0000000206180493	shard_1998_batch_1.tar	82420736	80167	1730920960	430611
2976	5351	AF-0000000206180637	shard_1938_batch_1.tar	110578688	80431	1306887168	427384
2976	5454	AF-0000000206180435	shard_1946_batch_1.tar	124369920	79469	996885504	422626
2976	5825	AF-0000000206180397	shard_92_batch_1.tar	85440000	100128	818609152	677741
2976	5887	AF-0000000206180526	shard_8_batch_0.tar	15891456	45044	118380544	124403
2976	6532	AF-0000000206180333	shard_60_batch_1.tar	61203456	79457	202792960	427342
2976	7162	AF-0000000206180469	shard_1940_batch_1.tar	120172544	104872	691682304	744953
2976	7200	AF-0000000206180557	shard_44_batch_0.tar	56902656	70674	165597696	329163
2976	7715	AF-0000000206180573	shard_30_batch_0.tar	26613248	59779	337676800	233797
2976	7892	AF-0000000206180559	shard_48_batch_0.tar	66188800	72378	247583744	357216
2976	8590	AF-0000000206180339	shard_72_batch_0.tar	43609600	87269	241051648	521704
2976	9356	AF-0000000206180528	shard_32_batch_0.tar	26685952	59496	170149888	254983
2976	10366	AF-0000000206180315	shard_2000_batch_1.tar	93774336	70644	1490670080	315608
2976	10599	AF-0000000206180276	shard_1946_batch_1.tar	32091136	45364	1316171264	123109
2981	7647	AF-0000000206283447	shard_1902_batch_1.tar	59472384	244436	773799936	4553712
2982	7427	AF-0000000206387390	shard_1906_batch_1.tar	8043008	151040	875083264	1616886
2982	8845	AF-0000000206387393	shard_1928_batch_1.tar	110835712	226668	904874496	3811645
2982	10972	AF-0000000206387391	shard_1944_batch_1.tar	14047232	156416	1227182080	1622792
2983	7478	AF-0000000206222299	shard_72_batch_1.tar	46264320	80030	639267840	505856
2983	7708	AF-0000000206222322	shard_1966_batch_1.tar	105451008	77003	737753600	490625
2983	8235	AF-0000000206222278	shard_144_batch_1.tar	84964352	136433	974897152	1459263
2983	8436	AF-0000000206222304	shard_144_batch_1.tar	115288064	134316	833178112	1485333
2985	5022	AF-0000000206144454	shard_130_batch_0.tar	75237376	133288	1271889408	1228705
2985	5246	AF-0000000206144525	shard_2040_batch_0.tar	54864384	133995	1151947776	1282519
2985	5445	AF-0000000206144435	shard_148_batch_1.tar	29728768	150218	1392168960	1644823
2985	5812	AF-0000000206144460	shard_136_batch_0.tar	84300288	137500	807241216	1334290
2985	6151	AF-0000000206144449	shard_142_batch_0.tar	32197632	145862	1122366976	1487288
2985	6468	AF-0000000206144501	shard_126_batch_0.tar	41125888	130220	600496640	1141613
2985	7187	AF-0000000206144541	shard_2026_batch_0.tar	58222080	133311	568669184	1220188
2985	7719	AF-0000000206144521	shard_2052_batch_0.tar	91782656	146279	925144064	1478085
2985	8626	AF-0000000206144444	shard_1376_batch_0.tar	140161536	199131	1413401088	2803859
2985	10135	AF-0000000206144430	shard_1378_batch_0.tar	62949376	199227	2157344256	2830760
2985	10197	AF-0000000206144499	shard_1390_batch_0.tar	50575872	217397	1278316032	3347022
2985	10252	AF-0000000206144453	shard_130_batch_0.tar	93401088	133052	388322816	1218428
2985	10452	AF-0000000206144419	shard_1944_batch_0.tar	9901056	131744	1545767936	1204835
2985	10950	AF-0000000206144517	shard_1938_batch_0.tar	125197824	180473	461282304	2310040
2987	3268	AF-0000000206166081	shard_1200_batch_0.tar	112799744	246690	2291078656	4241856
2987	5007	AF-0000000206166132	shard_1384_batch_0.tar	182563328	205372	715631104	3016601
2987	6183	AF-0000000206166127	shard_1374_batch_0.tar	30022144	195253	2698028032	2637323
2987	6397	AF-0000000206166114	shard_1376_batch_0.tar	196880384	195271	2300707840	2675672
2987	6563	AF-0000000206166082	shard_1210_batch_0.tar	191671808	281861	1339819520	5842587
2987	8302	AF-0000000206166136	shard_1200_batch_0.tar	132872704	246739	2352025088	4269238
2987	8584	AF-0000000206166122	shard_1208_batch_0.tar	61853696	277580	4738775552	5357367
2988	7769	AF-0000000206198946	shard_2054_batch_1.tar	76658688	123154	878802944	1267792
2990	3526	AF-0000000206149553	shard_116_batch_1.tar	115957248	113963	843461632	928107
2990	7709	AF-0000000206149555	shard_122_batch_0.tar	47271936	118222	1108840960	1010722
2992	6489	AF-0000000206339023	shard_52_batch_1.tar	24019456	73996	290986496	370795
2994	9942	AF-0000000206234162	shard_1926_batch_1.tar	390656	118659	634154496	1052272
2995	9510	AF-0000000206308547	shard_2026_batch_1.tar	3062272	78674	415331840	490980
4076	2539	AF-0000000206244464	shard_1358_batch_0.tar	107844096	174162	770779648	2329278
4120	2939	AF-0000000206154218	shard_1362_batch_0.tar	171984384	176440	1769904128	2241268
4152	2513	AF-0000000206391512	shard_1362_batch_1.tar	137498624	182611	1362961408	2237933
4154	2762	AF-0000000206163958	shard_1996_batch_1.tar	97259008	183038	887641088	2264261
4161	2742	AF-0000000206403544	shard_1212_batch_1.tar	272030208	300159	2578304000	6753014
4164	2244	AF-0000000206422494	shard_1216_batch_1.tar	159406080	328527	6660649984	8204161
4164	2653	AF-0000000206422453	shard_1200_batch_1.tar	223934464	250666	1266306560	4707073
4179	2384	AF-0000000206214026	shard_1348_batch_0.tar	45350912	172963	934737920	2216138
4179	2600	AF-0000000206213750	shard_1970_batch_1.tar	4238336	164442	1367280640	1929604
4182	2226	AF-0000000206133827	shard_2066_batch_0.tar	77444096	140625	335775744	1516183
4182	2400	AF-0000000206133825	shard_2030_batch_0.tar	60584448	156796	1494375936	1911372
4192	2153	AF-0000000206132264	shard_2006_batch_0.tar	596480	126645	956907520	1101430
4299	2943	AF-0000000206133842	shard_2032_batch_0.tar	99773952	258514	1659087360	5029084
4306	2446	AF-0000000206369499	shard_120_batch_1.tar	60447744	123237	706429952	1010582
4306	2942	AF-0000000206369484	shard_1954_batch_1.tar	39514624	42589	414345216	116231
4330	2142	AF-0000000206385262	shard_1348_batch_0.tar	13757440	172346	488294912	2040314
4370	2368	AF-0000000206248928	shard_1356_batch_0.tar	128836608	171550	1713379840	2103071
4371	2400	AF-0000000206290753	shard_1892_batch_1.tar	22278656	133026	668454912	1326755
4372	2438	AF-0000000206169245	shard_128_batch_1.tar	102113280	122983	1106405376	1149958
4379	2600	AF-0000000206264003	shard_1214_batch_0.tar	168239616	303741	6020042240	6565463
4384	2395	AF-0000000206392720	shard_118_batch_1.tar	53771264	121372	758596608	1058107
4386	2251	AF-0000000206274530	shard_1896_batch_1.tar	118571520	218050	347200000	3489580
4386	2753	AF-0000000206274513	shard_1930_batch_1.tar	101780480	196026	1037209600	2779066
4386	2904	AF-0000000206274534	shard_2032_batch_1.tar	112500736	197999	483243008	2878958
4386	2950	AF-0000000206274496	shard_1372_batch_0.tar	88868352	193960	1803638784	2732971
4468	2157	AF-0000000206347697	shard_136_batch_1.tar	1510400	133533	1546681344	1299527
4529	2142	AF-0000000206172503	shard_154_batch_1.tar	62472192	155285	1295309312	1756640
4541	2510	AF-0000000206407038	shard_1386_batch_0.tar	194249728	208773	2772115456	3161818
4544	2004	AF-0000000206185883	shard_2024_batch_1.tar	31898624	201149	982462464	2968807
4544	2976	AF-0000000206185752	shard_152_batch_1.tar	94912000	154768	1076832768	1761634
4550	2162	AF-0000000206284462	shard_146_batch_1.tar	135426048	144593	808672768	1569473
4550	2762	AF-0000000206284457	shard_158_batch_1.tar	34091008	162136	1557091328	1850740
4616	2933	AF-0000000206187977	shard_2054_batch_1.tar	13008384	281371	548811264	6224911
5092	2545	AF-0000000206410265	shard_1196_batch_0.tar	102296576	240686	2113528832	4426748
5092	2606	AF-0000000206410275	shard_1202_batch_1.tar	189931520	255687	3999269376	4965456
5092	2884	AF-0000000206410268	shard_1204_batch_1.tar	122306560	257736	3820947968	5174879
5092	2973	AF-0000000206410272	shard_1200_batch_1.tar	35621376	251946	4849341952	4806501
5210	2307	AF-0000000206437248	shard_1998_batch_1.tar	3159552	127788	1375967232	1212341
5210	2489	AF-0000000206436603	shard_108_batch_1.tar	42007552	111420	983497216	935163
5694	2587	AF-0000000206264545	shard_44_batch_1.tar	8507904	72371	132967424	340496
7723	2421	AF-0000000206358988	shard_1360_batch_0.tar	157473280	177133	1080111616	2234985
7775	2381	AF-0000000206427520	shard_102_batch_1.tar	76516352	104255	342652928	811173
7960	2678	AF-0000000206269767	shard_1966_batch_1.tar	122920448	154967	891612160	1847950
8798	2983	AF-0000000206368894	shard_158_batch_1.tar	113420288	153981	2076532736	1753712
8824	2008	AF-0000000206169437	shard_1196_batch_0.tar	218848256	231493	3802909184	4124755
8824	2096	AF-0000000206169449	shard_1914_batch_1.tar	41073664	157518	420135424	1848467
8824	2162	AF-0000000206169485	shard_2062_batch_1.tar	57638912	165443	1744957952	2009057
8824	2400	AF-0000000206169394	shard_1360_batch_0.tar	6853120	177865	1574874112	2396420
8824	2950	AF-0000000206169410	shard_98_batch_0.tar	36012544	102700	605995008	755391
8835	2538	AF-0000000206145217	shard_142_batch_1.tar	34958336	143189	1119381504	1416893
