i	j	iLIS_best	iLIS_avg	ipTM_best	src
1446	3082	0.819	0.819	0.77	1
5461	226	0.816	0.816	0.77	1
3082	226	0.816	0.816	0.77	1
3	3082	0.814	0.814	0.77	1
5467	226	0.813	0.813	0.78	1
1	226	0.812	0.812	0.77	1
1446	5467	0.810	0.810	0.78	1
1446	1	0.809	0.809	0.77	1
1446	5461	0.808	0.808	0.77	1
4861	3082	0.804	0.804	0.73	1
4861	5467	0.803	0.803	0.73	1
3	5461	0.801	0.801	0.76	1
1	3	0.796	0.796	0.76	1
4692	226	0.795	0.795	0.76	1
1	4861	0.793	0.793	0.72	1
4861	5461	0.792	0.792	0.73	1
3	4692	0.788	0.788	0.76	1
3	5467	0.786	0.786	0.77	1
911	4620	0.780	0.780	0.86	1
2358	9	0.776	0.776	0.71	1
4471	539	0.775	0.775	0.87	1
1642	134	0.775	0.775	0.90	1
3838	371	0.774	0.774	0.92	1
4606	4686	0.774	0.774	0.66	1
2654	539	0.774	0.774	0.80	1
4833	347	0.769	0.769	0.90	1
3462	244	0.769	0.769	0.91	1
1446	4692	0.769	0.769	0.76	1
929	299	0.769	0.769	0.94	1
2155	2654	0.768	0.768	0.76	1
1055	6083	0.766	0.766	0.65	1
2918	380	0.765	0.765	0.63	1
3838	786	0.765	0.765	0.92	1
4833	2654	0.764	0.764	0.89	1
5871	3307	0.762	0.762	0.74	1
4861	4692	0.762	0.762	0.74	1
1299	5882	0.760	0.760	0.92	1
2654	2802	0.757	0.757	0.65	1
6064	299	0.756	0.756	0.94	1
1043	1538	0.754	0.754	0.93	1
1789	193	0.754	0.754	0.82	1
2358	2480	0.753	0.753	0.74	1
2025	3082	0.752	0.752	0.87	1
1407	9	0.751	0.751	0.71	1
3972	3150	0.750	0.750	0.81	1
5984	5532	0.749	0.749	0.67	1
5532	243	0.748	0.748	0.78	1
5567	479	0.747	0.747	0.90	1
1763	1843	0.747	0.747	0.87	1
1407	2480	0.746	0.746	0.74	1
2057	3365	0.746	0.746	0.78	1
2729	4066	0.746	0.746	0.93	1
347	539	0.745	0.745	0.87	1
4006	4256	0.745	0.745	0.48	1
750	874	0.744	0.744	0.49	1
2025	5461	0.744	0.744	0.86	1
5682	299	0.743	0.743	0.92	1
1407	2978	0.742	0.742	0.70	1
2358	2978	0.741	0.741	0.71	1
1588	225	0.741	0.741	0.86	1
1407	6087	0.740	0.740	0.70	1
4826	758	0.739	0.739	0.84	1
1478	1729	0.739	0.739	0.89	1
3858	2178	0.739	0.739	0.54	1
4686	167	0.738	0.738	0.67	1
4471	2155	0.737	0.737	0.87	1
4471	2607	0.737	0.737	0.87	1
2358	6087	0.736	0.736	0.70	1
3577	1827	0.735	0.735	0.90	1
2358	4692	0.735	0.735	0.71	1
1	2025	0.735	0.735	0.86	1
1404	2654	0.734	0.734	0.82	1
5467	2886	0.734	0.734	0.55	1
1120	2101	0.732	0.732	0.54	1
2129	2397	0.732	0.732	0.34	1
3378	604	0.732	0.732	0.91	1
1407	4692	0.732	0.732	0.71	1
5824	450	0.730	0.730	0.62	1
2246	299	0.730	0.730	0.94	1
2252	40	0.729	0.729	0.51	1
3082	2886	0.728	0.728	0.73	1
1191	4471	0.727	0.727	0.90	1
3325	299	0.726	0.726	0.94	1
1337	5862	0.726	0.726	0.50	1
5612	628	0.726	0.726	0.92	1
2025	4692	0.725	0.725	0.84	1
4606	2236	0.725	0.725	0.78	1
1404	539	0.725	0.725	0.80	1
1407	5461	0.724	0.724	0.70	1
4620	337	0.724	0.724	0.86	1
5461	2886	0.723	0.723	0.71	1
2833	371	0.723	0.723	0.86	1
1407	3082	0.722	0.722	0.70	1
4577	5557	0.722	0.722	0.64	1
4983	836	0.722	0.722	0.91	1
5584	737	0.721	0.721	0.56	1
5948	86	0.721	0.721	0.57	1
5570	3378	0.721	0.721	0.92	1
2358	3082	0.721	0.721	0.69	1
1	2886	0.721	0.721	0.72	1
3838	2312	0.720	0.720	0.92	1
1134	4781	0.720	0.720	0.90	1
1337	874	0.720	0.720	0.47	1
1699	5532	0.720	0.720	0.81	1
2871	5708	0.719	0.719	0.61	1
4744	40	0.719	0.719	0.49	1
4692	5461	0.718	0.718	0.68	1
4295	34	0.718	0.718	0.90	1
3538	5768	0.718	0.718	0.94	1
23	5516	0.717	0.717	0.68	1
5885	540	0.717	0.717	0.63	1
2358	5461	0.717	0.717	0.70	1
5557	40	0.716	0.716	0.63	1
1404	347	0.715	0.715	0.82	1
2400	5237	0.714	0.714	0.85	1
3585	4414	0.714	0.714	0.78	1
3448	836	0.713	0.713	0.89	1
4063	5508	0.713	0.713	0.87	1
2155	347	0.712	0.712	0.83	1
5334	4295	0.712	0.712	0.36	1
4692	2886	0.710	0.710	0.68	1
6194	6195	0.710	0.710	0.88	1
1337	86	0.710	0.710	0.60	1
4468	5608	0.709	0.709	0.91	1
5736	637	0.709	0.709	0.93	1
1407	1	0.709	0.709	0.70	1
1015	2155	0.709	0.709	0.83	1
86	874	0.709	0.709	0.58	1
2224	299	0.708	0.708	0.93	1
1451	5081	0.708	0.708	0.62	1
4692	9	0.708	0.708	0.64	1
1736	182	0.707	0.707	0.80	1
40	604	0.707	0.707	0.87	1
1337	5948	0.706	0.706	0.51	1
5990	101	0.705	0.705	0.85	1
1015	539	0.705	0.705	0.76	1
5948	750	0.705	0.705	0.49	1
4513	3033	0.705	0.705	0.78	1
1663	3471	0.705	0.705	0.90	1
1	2358	0.705	0.705	0.69	1
1015	4833	0.705	0.705	0.86	1
1090	3150	0.704	0.704	0.84	1
4692	3082	0.704	0.704	0.69	1
1	4692	0.704	0.704	0.68	1
5150	2871	0.704	0.704	0.67	1
4577	5777	0.704	0.704	0.51	1
3335	631	0.703	0.703	0.56	1
5488	281	0.703	0.703	0.57	1
2168	3308	0.703	0.703	0.82	1
5618	3427	0.702	0.702	0.78	1
4802	3494	0.702	0.702	0.81	1
1789	2619	0.702	0.702	0.82	1
40	871	0.702	0.702	0.84	1
4213	243	0.702	0.702	0.74	1
2607	2802	0.702	0.702	0.80	1
2168	287	0.702	0.702	0.87	1
1337	750	0.701	0.701	0.50	1
2573	6034	0.701	0.701	0.90	1
3635	5340	0.701	0.701	0.88	1
2155	539	0.700	0.700	0.75	1
1337	5358	0.699	0.699	0.85	1
1852	5816	0.699	0.699	0.90	1
5759	233	0.699	0.699	0.28	1
5644	5081	0.699	0.699	0.44	1
5081	5049	0.699	0.699	0.31	1
2312	2833	0.699	0.699	0.84	1
469	685	0.698	0.698	0.88	1
5777	40	0.698	0.698	0.55	1
2514	6034	0.697	0.697	0.89	1
3745	2017	0.697	0.697	0.80	1
1785	5608	0.697	0.697	0.91	1
1069	49	0.696	0.696	0.63	1
2452	5049	0.696	0.696	0.34	1
1572	5488	0.696	0.696	0.68	1
4099	1510	0.696	0.696	0.68	1
4274	299	0.695	0.695	0.95	1
2025	5467	0.695	0.695	0.88	1
2812	743	0.695	0.695	0.82	1
5570	40	0.695	0.695	0.76	1
5405	216	0.695	0.695	0.79	1
2557	5816	0.695	0.695	0.89	1
2168	5570	0.693	0.693	0.87	1
1222	781	0.693	0.693	0.32	1
5618	3353	0.693	0.693	0.83	1
2833	786	0.693	0.693	0.83	1
40	287	0.693	0.693	0.85	1
5750	4408	0.692	0.692	0.85	1
2138	758	0.692	0.692	0.77	1
4020	2168	0.692	0.692	0.86	1
1282	40	0.692	0.692	0.70	1
1581	5266	0.692	0.692	0.76	1
3097	287	0.691	0.691	0.91	1
1337	104	0.691	0.691	0.32	1
5593	4370	0.690	0.690	0.49	1
3570	4064	0.690	0.690	0.53	1
1191	2155	0.689	0.689	0.75	1
2654	2607	0.689	0.689	0.75	1
2011	2616	0.689	0.689	0.34	1
1789	5470	0.689	0.689	0.80	1
4313	32	0.688	0.688	0.49	1
1282	4577	0.688	0.688	0.68	1
2548	2573	0.688	0.688	0.88	1
1451	2452	0.688	0.688	0.57	1
71	6189	0.688	0.688	0.83	1
3731	1852	0.687	0.687	0.88	1
1699	4213	0.687	0.687	0.76	1
4145	487	0.687	0.687	0.77	1
4390	2143	0.686	0.686	0.80	1
1327	765	0.686	0.686	0.91	1
4213	5984	0.686	0.686	0.63	1
3141	40	0.686	0.686	0.77	1
2270	86	0.686	0.686	0.57	1
4390	685	0.686	0.686	0.79	1
1404	2607	0.686	0.686	0.79	1
3984	5862	0.685	0.685	0.43	1
3698	138	0.685	0.685	0.77	1
1734	585	0.685	0.685	0.92	1
1510	2358	0.685	0.685	0.72	1
165	585	0.685	0.685	0.92	1
585	6155	0.684	0.684	0.92	1
5906	3272	0.683	0.683	0.81	1
1288	2024	0.683	0.683	0.63	1
1954	628	0.683	0.683	0.91	1
1288	5610	0.683	0.683	0.34	1
1036	5049	0.682	0.682	0.32	1
5816	72	0.681	0.681	0.89	1
2772	73	0.681	0.681	0.88	1
4861	9	0.681	0.681	0.57	1
4307	3269	0.681	0.681	0.90	1
2138	2168	0.681	0.681	0.77	1
3378	3370	0.681	0.681	0.90	1
1737	585	0.681	0.681	0.92	1
2833	870	0.680	0.680	0.86	1
4878	5750	0.680	0.680	0.88	1
4861	2978	0.680	0.680	0.57	1
3378	287	0.680	0.680	0.80	1
1752	4583	0.680	0.680	0.90	1
6050	254	0.679	0.679	0.91	1
1946	2557	0.679	0.679	0.90	1
6061	685	0.679	0.679	0.79	1
3687	4391	0.679	0.679	0.87	1
1291	5081	0.679	0.679	0.53	1
2514	5618	0.678	0.678	0.85	1
5615	40	0.678	0.678	0.54	1
4610	2562	0.678	0.678	0.88	1
2429	2998	0.678	0.678	0.34	1
1946	72	0.678	0.678	0.90	1
917	488	0.678	0.678	0.84	1
1911	2168	0.678	0.678	0.83	1
2481	5583	0.678	0.678	0.94	1
1407	1510	0.677	0.677	0.71	1
4454	6034	0.677	0.677	0.87	1
5922	3378	0.677	0.677	0.88	1
3687	5023	0.677	0.677	0.43	1
1510	3082	0.677	0.677	0.69	1
2625	2764	0.676	0.676	0.71	1
2397	2871	0.676	0.676	0.63	1
3922	1186	0.676	0.676	0.88	1
1656	40	0.676	0.676	0.72	1
3926	5487	0.675	0.675	0.91	1
3098	853	0.675	0.675	0.85	1
4596	2607	0.675	0.675	0.76	1
3837	4261	0.675	0.675	0.90	1
5570	854	0.675	0.675	0.81	1
6097	635	0.674	0.674	0.80	1
1656	4577	0.674	0.674	0.72	1
1478	336	0.674	0.674	0.80	1
1883	40	0.674	0.674	0.71	1
2548	2514	0.673	0.673	0.88	1
5570	6034	0.673	0.673	0.87	1
3731	2557	0.673	0.673	0.86	1
3849	5488	0.673	0.673	0.46	1
4471	2203	0.672	0.672	0.78	1
1510	4692	0.672	0.672	0.76	1
4393	5824	0.672	0.672	0.56	1
1911	5728	0.672	0.672	0.67	1
2240	585	0.672	0.672	0.92	1
1337	4393	0.672	0.672	0.48	1
2203	2607	0.672	0.672	0.76	1
1752	6166	0.672	0.672	0.89	1
1946	1852	0.672	0.672	0.90	1
3642	366	0.671	0.671	0.90	1
3746	2680	0.671	0.671	0.84	1
3585	5984	0.671	0.671	0.66	1
1791	4597	0.671	0.671	0.74	1
1989	4651	0.671	0.671	0.88	1
72	163	0.671	0.671	0.86	1
4238	3082	0.670	0.670	0.68	1
4613	5728	0.670	0.670	0.70	1
3984	86	0.670	0.670	0.52	1
2203	539	0.670	0.670	0.74	1
1191	2802	0.670	0.670	0.64	1
5259	765	0.670	0.670	0.95	1
3596	4979	0.669	0.669	0.73	1
4577	3141	0.669	0.669	0.77	1
2751	325	0.669	0.669	0.86	1
1259	4745	0.669	0.669	0.86	1
3892	3041	0.669	0.669	0.43	1
1451	3079	0.668	0.668	0.57	1
4295	6165	0.668	0.668	0.89	1
4562	5871	0.668	0.668	0.73	1
3049	49	0.668	0.668	0.49	1
4692	2978	0.668	0.668	0.63	1
4408	139	0.667	0.667	0.86	1
1291	2452	0.667	0.667	0.51	1
4295	6166	0.667	0.667	0.89	1
1510	5461	0.667	0.667	0.70	1
5440	434	0.667	0.667	0.90	1
2138	871	0.666	0.666	0.76	1
1051	6075	0.666	0.666	0.63	1
5608	5516	0.666	0.666	0.72	1
4583	331	0.666	0.666	0.90	1
1036	5347	0.666	0.666	0.33	1
2203	2155	0.666	0.666	0.72	1
1003	3056	0.666	0.666	0.67	1
969	1337	0.665	0.665	0.88	1
4674	690	0.665	0.665	0.70	1
4583	4295	0.665	0.665	0.88	1
4579	629	0.665	0.665	0.94	1
1193	2855	0.665	0.665	0.56	1
3832	1510	0.665	0.665	0.48	1
4890	5570	0.665	0.665	0.82	1
4458	2557	0.665	0.665	0.90	1
4605	3072	0.665	0.665	0.68	1
3618	3715	0.665	0.665	0.88	1
5728	5570	0.664	0.664	0.74	1
4312	1773	0.664	0.664	0.86	1
4454	2548	0.664	0.664	0.85	1
4080	765	0.664	0.664	0.81	1
3984	874	0.664	0.664	0.39	1
1524	444	0.664	0.664	0.81	1
1036	5644	0.664	0.664	0.43	1
1644	672	0.664	0.664	0.83	1
1331	1337	0.664	0.664	0.69	1
3836	2377	0.663	0.663	0.80	1
4596	539	0.663	0.663	0.74	1
34	331	0.663	0.663	0.90	1
3732	40	0.663	0.663	0.46	1
1768	5816	0.662	0.662	0.87	1
4971	5259	0.662	0.662	0.96	1
331	6165	0.662	0.662	0.90	1
4238	5461	0.661	0.661	0.66	1
3585	243	0.661	0.661	0.76	1
4966	442	0.661	0.661	0.82	1
3731	72	0.661	0.661	0.86	1
4722	96	0.661	0.661	0.52	1
4692	6087	0.661	0.661	0.64	1
2567	521	0.661	0.661	0.81	1
5440	416	0.661	0.661	0.89	1
4692	487	0.660	0.660	0.64	1
3907	2360	0.660	0.660	0.58	1
5081	147	0.660	0.660	0.29	1
1750	679	0.659	0.659	0.87	1
6065	3144	0.659	0.659	0.80	1
2802	347	0.659	0.659	0.84	1
5081	689	0.659	0.659	0.30	1
5536	521	0.659	0.659	0.83	1
3851	740	0.659	0.659	0.94	1
1	1510	0.659	0.659	0.71	1
4777	6075	0.658	0.658	0.53	1
5570	5618	0.658	0.658	0.83	1
1752	34	0.658	0.658	0.88	1
2283	77	0.657	0.657	0.85	1
331	6166	0.657	0.657	0.90	1
5081	5347	0.657	0.657	0.36	1
2607	539	0.657	0.657	0.79	1
1752	5260	0.657	0.657	0.88	1
5678	72	0.657	0.657	0.86	1
2287	874	0.657	0.657	0.42	1
5260	331	0.657	0.657	0.90	1
969	3984	0.657	0.657	0.69	1
2190	679	0.657	0.657	0.81	1
1015	417	0.657	0.657	0.76	1
903	3079	0.657	0.657	0.77	1
5777	236	0.657	0.657	0.50	1
4745	2857	0.657	0.657	0.85	1
4863	781	0.656	0.656	0.90	1
1752	6165	0.656	0.656	0.88	1
2756	5797	0.656	0.656	0.92	1
1852	270	0.656	0.656	0.90	1
6001	6037	0.655	0.655	0.85	1
1284	3264	0.655	0.655	0.86	1
4319	5330	0.654	0.654	0.29	1
3699	4711	0.654	0.654	0.84	1
5058	5981	0.654	0.654	0.48	1
2548	5982	0.654	0.654	0.88	1
1056	1425	0.654	0.654	0.69	1
3741	5776	0.654	0.654	0.89	1
1052	4540	0.654	0.654	0.80	1
4205	579	0.653	0.653	0.88	1
1210	4390	0.653	0.653	0.83	1
5990	487	0.653	0.653	0.78	1
4275	2443	0.653	0.653	0.69	1
3868	5081	0.653	0.653	0.30	1
5252	775	0.653	0.653	0.85	1
1191	2607	0.653	0.653	0.80	1
1768	1946	0.652	0.652	0.89	1
5570	871	0.652	0.652	0.81	1
3984	5358	0.652	0.652	0.73	1
1331	3984	0.652	0.652	0.65	1
2168	3353	0.652	0.652	0.86	1
4506	5338	0.652	0.652	0.78	1
2453	3097	0.652	0.652	0.88	1
1037	5523	0.652	0.652	0.76	1
4471	4833	0.652	0.652	0.82	1
4464	769	0.651	0.651	0.91	1
4929	3231	0.651	0.651	0.79	1
2155	5656	0.651	0.651	0.73	1
200	599	0.651	0.651	0.61	1
104	450	0.651	0.651	0.38	1
3622	5940	0.650	0.650	0.55	1
2024	510	0.650	0.650	0.60	1
3108	5919	0.649	0.649	0.80	1
1407	5467	0.649	0.649	0.69	1
40	728	0.649	0.649	0.86	1
5039	40	0.649	0.649	0.52	1
3079	689	0.649	0.649	0.31	1
2358	5467	0.649	0.649	0.69	1
3732	3692	0.649	0.649	0.28	1
3692	3378	0.649	0.649	0.82	1
1205	71	0.648	0.648	0.80	1
4471	2654	0.648	0.648	0.78	1
2397	6054	0.648	0.648	0.48	1
993	4056	0.648	0.648	0.38	1
2751	2772	0.647	0.647	0.86	1
1752	3407	0.647	0.647	0.89	1
1297	2328	0.647	0.647	0.85	1
1579	493	0.647	0.647	0.68	1
4114	5678	0.647	0.647	0.82	1
2203	2802	0.646	0.646	0.69	1
1644	2184	0.646	0.646	0.84	1
416	575	0.646	0.646	0.79	1
1937	434	0.646	0.646	0.87	1
1282	236	0.646	0.646	0.67	1
1178	5613	0.646	0.646	0.55	1
906	6029	0.646	0.646	0.73	1
2358	226	0.646	0.646	0.64	1
4420	816	0.646	0.646	0.85	1
4314	112	0.646	0.646	0.83	1
2584	3307	0.646	0.646	0.37	1
1036	1291	0.645	0.645	0.53	1
3544	4080	0.645	0.645	0.83	1
5644	2452	0.645	0.645	0.42	1
5398	5674	0.645	0.645	0.79	1
2203	5656	0.645	0.645	0.74	1
5987	855	0.645	0.645	0.33	1
4743	3513	0.644	0.644	0.79	1
5664	6034	0.644	0.644	0.89	1
5048	1593	0.644	0.644	0.85	1
4269	3214	0.644	0.644	0.82	1
4168	2833	0.644	0.644	0.85	1
1069	5570	0.644	0.644	0.76	1
5384	420	0.644	0.644	0.56	1
3585	1699	0.643	0.643	0.79	1
1210	4597	0.643	0.643	0.80	1
1673	40	0.643	0.643	0.59	1
5420	2719	0.643	0.643	0.80	1
918	2896	0.643	0.643	0.59	1
2452	5347	0.643	0.643	0.32	1
5215	250	0.643	0.643	0.84	1
1284	2307	0.643	0.643	0.87	1
5982	6034	0.643	0.643	0.89	1
2567	6055	0.643	0.643	0.81	1
3876	96	0.643	0.643	0.53	1
2011	2565	0.642	0.642	0.33	1
2772	325	0.642	0.642	0.87	1
1	9	0.642	0.642	0.64	1
1572	1579	0.642	0.642	0.65	1
1210	2443	0.641	0.641	0.70	1
4577	604	0.641	0.641	0.85	1
604	790	0.641	0.641	0.90	1
4751	2363	0.641	0.641	0.65	1
434	575	0.641	0.641	0.79	1
3308	871	0.641	0.641	0.77	1
1762	2772	0.641	0.641	0.85	1
4828	540	0.641	0.641	0.65	1
3618	864	0.641	0.641	0.53	1
1415	2701	0.640	0.640	0.77	1
1957	80	0.640	0.640	0.81	1
4253	72	0.640	0.640	0.89	1
2654	5656	0.640	0.640	0.59	1
3544	5259	0.640	0.640	0.95	1
2855	748	0.640	0.640	0.56	1
2607	347	0.640	0.640	0.84	1
1728	5273	0.640	0.640	0.84	1
1193	5434	0.640	0.640	0.38	1
2693	5326	0.640	0.640	0.76	1
1036	3868	0.639	0.639	0.36	1
3715	1837	0.639	0.639	0.85	1
5749	5443	0.639	0.639	0.86	1
3924	521	0.639	0.639	0.86	1
2557	5678	0.639	0.639	0.85	1
47	6171	0.639	0.639	0.86	1
97	628	0.639	0.639	0.84	1
904	939	0.639	0.639	0.82	1
26	624	0.639	0.639	0.51	1
952	4171	0.638	0.638	0.79	1
4861	2871	0.638	0.638	0.57	1
4635	2443	0.638	0.638	0.69	1
4114	5635	0.638	0.638	0.85	1
1937	416	0.638	0.638	0.86	1
3900	2044	0.638	0.638	0.78	1
1625	3502	0.638	0.638	0.78	1
1049	2247	0.637	0.637	0.53	1
2440	3489	0.637	0.637	0.86	1
1210	2578	0.637	0.637	0.84	1
4861	6087	0.637	0.637	0.55	1
2128	40	0.637	0.637	0.62	1
1534	5777	0.637	0.637	0.50	1
5824	720	0.637	0.637	0.59	1
1	4238	0.637	0.637	0.66	1
26	335	0.637	0.637	0.66	1
4099	9	0.637	0.637	0.58	1
5728	5982	0.636	0.636	0.74	1
5689	587	0.636	0.636	0.69	1
5194	36	0.636	0.636	0.85	1
3731	1768	0.636	0.636	0.84	1
4141	4921	0.636	0.636	0.59	1
5421	3351	0.636	0.636	0.70	1
4628	531	0.636	0.636	0.59	1
2693	416	0.636	0.636	0.89	1
1052	1415	0.636	0.636	0.78	1
4275	4597	0.635	0.635	0.80	1
4119	2612	0.635	0.635	0.51	1
2556	3331	0.635	0.635	0.35	1
1327	4971	0.635	0.635	0.89	1
1534	5557	0.635	0.635	0.61	1
1534	1656	0.635	0.635	0.72	1
190	6137	0.635	0.635	0.61	1
3984	750	0.635	0.635	0.43	1
2138	854	0.635	0.635	0.71	1
3551	4605	0.635	0.635	0.78	1
1534	5615	0.635	0.635	0.45	1
5034	851	0.634	0.634	0.44	1
4744	790	0.634	0.634	0.41	1
4613	854	0.634	0.634	0.78	1
4099	2978	0.634	0.634	0.58	1
40	372	0.634	0.634	0.82	1
3355	122	0.634	0.634	0.85	1
236	372	0.634	0.634	0.83	1
4023	879	0.633	0.633	0.77	1
953	3006	0.633	0.633	0.70	1
2076	2930	0.633	0.633	0.87	1
1584	5021	0.633	0.633	0.59	1
1566	5713	0.633	0.633	0.76	1
2155	2607	0.633	0.633	0.75	1
1036	1451	0.633	0.633	0.58	1
1673	4577	0.632	0.632	0.40	1
5434	748	0.632	0.632	0.37	1
4290	4704	0.632	0.632	0.92	1
4502	5081	0.632	0.632	0.28	1
1852	755	0.632	0.632	0.92	1
3544	1327	0.631	0.631	0.92	1
1004	5357	0.631	0.631	0.90	1
5462	3279	0.631	0.631	0.64	1
5824	104	0.631	0.631	0.57	1
4573	6077	0.631	0.631	0.84	1
5191	5445	0.631	0.631	0.82	1
4705	289	0.631	0.631	0.58	1
89	96	0.631	0.631	0.52	1
2978	2886	0.631	0.631	0.67	1
4686	380	0.631	0.631	0.55	1
4238	4692	0.631	0.631	0.63	1
1015	1404	0.630	0.630	0.78	1
3838	4168	0.630	0.630	0.91	1
2409	3216	0.630	0.630	0.86	1
1393	6096	0.630	0.630	0.41	1
1056	5869	0.630	0.630	0.42	1
3314	525	0.630	0.630	0.66	1
3141	236	0.630	0.630	0.74	1
1972	4746	0.630	0.630	0.28	1
4080	4971	0.629	0.629	0.80	1
3624	763	0.629	0.629	0.86	1
1069	5811	0.629	0.629	0.62	1
3838	870	0.629	0.629	0.93	1
4745	678	0.629	0.629	0.84	1
3907	2200	0.629	0.629	0.83	1
3170	299	0.629	0.629	0.95	1
1036	2392	0.629	0.629	0.33	1
3321	364	0.628	0.628	0.83	1
5678	5903	0.628	0.628	0.37	1
3348	690	0.628	0.628	0.77	1
678	870	0.628	0.628	0.84	1
3897	398	0.628	0.628	0.84	1
2548	5570	0.628	0.628	0.85	1
1570	3314	0.628	0.628	0.69	1
5557	236	0.627	0.627	0.58	1
2168	5982	0.627	0.627	0.84	1
1446	2978	0.627	0.627	0.56	1
5004	5052	0.627	0.627	0.81	1
2334	4745	0.627	0.627	0.85	1
4800	5848	0.627	0.627	0.80	1
1962	516	0.627	0.627	0.85	1
4471	2802	0.627	0.627	0.82	1
4238	2358	0.626	0.626	0.67	1
1534	604	0.626	0.626	0.85	1
1210	3115	0.626	0.626	0.61	1
1328	2112	0.626	0.626	0.72	1
2178	2777	0.626	0.626	0.55	1
4692	5467	0.626	0.626	0.62	1
3623	5282	0.626	0.626	0.46	1
1425	5869	0.625	0.625	0.71	1
3989	617	0.625	0.625	0.87	1
5658	101	0.625	0.625	0.59	1
4646	296	0.625	0.625	0.63	1
2740	649	0.625	0.625	0.80	1
1937	5326	0.625	0.625	0.76	1
1015	2802	0.624	0.624	0.63	1
2111	5138	0.624	0.624	0.83	1
1404	2155	0.624	0.624	0.76	1
4141	5678	0.624	0.624	0.64	1
1094	2532	0.624	0.624	0.70	1
2693	434	0.624	0.624	0.88	1
4230	2452	0.624	0.624	0.37	1
892	2247	0.624	0.624	0.55	1
3813	246	0.624	0.624	0.85	1
1852	5105	0.624	0.624	0.88	1
932	4080	0.624	0.624	0.79	1
2547	3112	0.623	0.623	0.53	1
962	1339	0.623	0.623	0.90	1
1524	5538	0.623	0.623	0.85	1
982	1659	0.623	0.623	0.84	1
4833	2203	0.623	0.623	0.81	1
1728	2334	0.623	0.623	0.86	1
1789	5653	0.623	0.623	0.80	1
967	221	0.623	0.623	0.66	1
4390	6003	0.623	0.623	0.77	1
4573	5674	0.623	0.623	0.83	1
5999	194	0.622	0.622	0.57	1
3271	5620	0.622	0.622	0.45	1
2617	71	0.622	0.622	0.79	1
4873	6163	0.622	0.622	0.54	1
2002	2614	0.622	0.622	0.56	1
1222	3275	0.622	0.622	0.29	1
4222	6016	0.622	0.622	0.69	1
4878	139	0.622	0.622	0.85	1
4223	2981	0.622	0.622	0.30	1
2397	487	0.622	0.622	0.70	1
1137	2099	0.622	0.622	0.57	1
3970	3214	0.622	0.622	0.78	1
2701	4540	0.622	0.622	0.79	1
4576	5643	0.622	0.622	0.88	1
9	5461	0.622	0.622	0.62	1
4275	4390	0.621	0.621	0.80	1
5664	2548	0.621	0.621	0.87	1
5536	6055	0.621	0.621	0.82	1
5719	134	0.621	0.621	0.87	1
906	1540	0.621	0.621	0.90	1
4529	623	0.621	0.621	0.85	1
2871	487	0.621	0.621	0.58	1
1907	5320	0.621	0.621	0.45	1
1852	3161	0.621	0.621	0.91	1
1908	4390	0.621	0.621	0.80	1
6077	6133	0.621	0.621	0.91	1
1506	1566	0.621	0.621	0.70	1
4452	5279	0.621	0.621	0.93	1
5443	6045	0.620	0.620	0.78	1
2392	3079	0.620	0.620	0.30	1
5440	857	0.620	0.620	0.88	1
2978	226	0.620	0.620	0.56	1
2452	3079	0.620	0.620	0.33	1
5668	6016	0.620	0.620	0.58	1
4743	257	0.620	0.620	0.78	1
1208	3758	0.620	0.620	0.24	1
9	226	0.620	0.620	0.56	1
2415	5674	0.620	0.620	0.85	1
3541	5919	0.620	0.620	0.75	1
2525	5850	0.619	0.619	0.88	1
1633	5990	0.619	0.619	0.85	1
5625	138	0.619	0.619	0.75	1
1534	3141	0.619	0.619	0.76	1
4693	191	0.619	0.619	0.89	1
2836	73	0.619	0.619	0.85	1
1282	1534	0.619	0.619	0.68	1
4275	2578	0.618	0.618	0.83	1
2819	5738	0.618	0.618	0.78	1
1259	4168	0.618	0.618	0.85	1
5407	3119	0.618	0.618	0.86	1
2306	5536	0.618	0.618	0.85	1
4996	2594	0.618	0.618	0.53	1
2631	5610	0.618	0.618	0.31	1
1192	221	0.618	0.618	0.64	1
3779	2334	0.618	0.618	0.83	1
4605	2255	0.618	0.618	0.74	1
4168	2334	0.618	0.618	0.85	1
4599	1546	0.618	0.618	0.80	1
141	347	0.618	0.618	0.81	1
3798	5414	0.617	0.617	0.79	1
1036	689	0.617	0.617	0.34	1
2452	689	0.617	0.617	0.36	1
1728	2461	0.617	0.617	0.86	1
6152	31	0.617	0.617	0.79	1
1148	3669	0.617	0.617	0.61	1
4331	3496	0.617	0.617	0.78	1
1282	1729	0.617	0.617	0.86	1
4613	5618	0.617	0.617	0.83	1
4315	3183	0.616	0.616	0.37	1
4069	3271	0.616	0.616	0.38	1
2557	5978	0.616	0.616	0.91	1
2654	337	0.616	0.616	0.55	1
941	96	0.616	0.616	0.52	1
2480	5467	0.616	0.616	0.57	1
1386	6174	0.616	0.616	0.76	1
3688	58	0.616	0.616	0.89	1
183	246	0.616	0.616	0.84	1
1	2978	0.616	0.616	0.62	1
4087	2795	0.616	0.616	0.71	1
5467	2978	0.615	0.615	0.54	1
2857	870	0.615	0.615	0.83	1
5656	539	0.615	0.615	0.74	1
1584	5692	0.615	0.615	0.52	1
2823	870	0.615	0.615	0.88	1
2567	3184	0.615	0.615	0.81	1
1679	139	0.615	0.615	0.82	1
5414	738	0.615	0.615	0.82	1
5445	469	0.615	0.615	0.84	1
474	585	0.615	0.615	0.88	1
5260	4295	0.615	0.615	0.88	1
1908	6061	0.615	0.615	0.81	1
959	5991	0.615	0.615	0.46	1
1852	5978	0.615	0.615	0.92	1
4307	3080	0.615	0.615	0.84	1
1439	3184	0.614	0.614	0.88	1
9	3082	0.614	0.614	0.62	1
4573	4342	0.614	0.614	0.82	1
1750	5386	0.614	0.614	0.91	1
5231	416	0.614	0.614	0.91	1
2607	5656	0.614	0.614	0.77	1
1407	4238	0.614	0.614	0.66	1
4680	398	0.614	0.614	0.83	1
1852	5635	0.613	0.613	0.83	1
1759	325	0.613	0.613	0.84	1
2189	2348	0.613	0.613	0.71	1
1911	4673	0.613	0.613	0.54	1
5141	416	0.613	0.613	0.74	1
4890	4613	0.613	0.613	0.78	1
1446	9	0.613	0.613	0.56	1
1015	2607	0.613	0.613	0.72	1
4230	5081	0.612	0.612	0.35	1
3184	5536	0.612	0.612	0.82	1
2681	2743	0.612	0.612	0.38	1
2184	5201	0.612	0.612	0.74	1
2116	5320	0.612	0.612	0.68	1
3071	244	0.612	0.612	0.63	1
4315	6165	0.612	0.612	0.86	1
3908	776	0.612	0.612	0.34	1
1762	2751	0.612	0.612	0.78	1
4596	2155	0.612	0.612	0.69	1
1911	5618	0.612	0.612	0.82	1
1146	521	0.612	0.612	0.85	1
1669	4583	0.612	0.612	0.82	1
1133	40	0.612	0.612	0.82	1
9	5467	0.612	0.612	0.53	1
4745	5574	0.612	0.612	0.82	1
1078	3240	0.612	0.612	0.80	1
1600	2556	0.612	0.612	0.50	1
3929	5481	0.611	0.611	0.78	1
1259	870	0.611	0.611	0.85	1
2802	539	0.611	0.611	0.76	1
2675	3206	0.611	0.611	0.73	1
2668	289	0.611	0.611	0.82	1
73	325	0.611	0.611	0.82	1
3779	5273	0.611	0.611	0.82	1
5664	5728	0.611	0.611	0.70	1
4745	5273	0.611	0.611	0.84	1
4106	140	0.611	0.611	0.61	1
4317	5456	0.610	0.610	0.76	1
1872	2397	0.610	0.610	0.50	1
4636	2742	0.610	0.610	0.83	1
1314	1481	0.610	0.610	0.58	1
2616	6034	0.610	0.610	0.88	1
4136	1972	0.610	0.610	0.36	1
4099	6087	0.610	0.610	0.58	1
3885	1797	0.609	0.609	0.88	1
4716	164	0.609	0.609	0.58	1
4692	2397	0.609	0.609	0.66	1
2233	759	0.609	0.609	0.40	1
1655	1768	0.609	0.609	0.88	1
3813	486	0.609	0.609	0.67	1
2380	2734	0.609	0.609	0.64	1
908	2080	0.609	0.609	0.33	1
64	6171	0.609	0.609	0.84	1
5252	3089	0.608	0.608	0.85	1
1036	4230	0.608	0.608	0.34	1
5611	5499	0.608	0.608	0.58	1
4168	2857	0.608	0.608	0.83	1
5065	5984	0.608	0.608	0.62	1
4390	5907	0.608	0.608	0.80	1
4599	417	0.608	0.608	0.90	1
5231	434	0.608	0.608	0.91	1
3370	40	0.608	0.608	0.61	1
2888	601	0.608	0.608	0.88	1
2338	2766	0.608	0.608	0.46	1
4680	5658	0.607	0.607	0.79	1
1886	383	0.607	0.607	0.64	1
3551	2255	0.607	0.607	0.69	1
3	2978	0.607	0.607	0.54	1
4596	5098	0.607	0.607	0.73	1
3514	746	0.607	0.607	0.71	1
1208	4777	0.607	0.607	0.53	1
5635	2557	0.607	0.607	0.83	1
5570	728	0.607	0.607	0.83	1
893	5443	0.607	0.607	0.78	1
5488	2916	0.607	0.607	0.73	1
3688	1342	0.607	0.607	0.89	1
4092	5325	0.606	0.606	0.64	1
4436	2394	0.606	0.606	0.42	1
4094	3089	0.606	0.606	0.87	1
4577	372	0.606	0.606	0.81	1
3969	2693	0.606	0.606	0.72	1
4238	5467	0.606	0.606	0.57	1
1524	40	0.606	0.606	0.81	1
1669	6166	0.606	0.606	0.82	1
3715	113	0.606	0.606	0.84	1
1317	5926	0.606	0.606	0.67	1
2578	3355	0.606	0.606	0.81	1
4826	3414	0.605	0.605	0.59	1
1072	2456	0.605	0.605	0.91	1
2184	5096	0.605	0.605	0.73	1
1364	5618	0.605	0.605	0.81	1
5439	775	0.605	0.605	0.81	1
3692	236	0.605	0.605	0.42	1
1912	5320	0.605	0.605	0.36	1
4613	871	0.605	0.605	0.81	1
1439	521	0.605	0.605	0.88	1
4067	5490	0.605	0.605	0.66	1
1015	141	0.605	0.605	0.70	1
4863	3275	0.605	0.605	0.89	1
2705	3266	0.605	0.605	0.78	1
1284	4853	0.605	0.605	0.87	1
2024	276	0.604	0.604	0.42	1
4355	138	0.604	0.604	0.74	1
4390	2828	0.604	0.604	0.79	1
1331	2287	0.604	0.604	0.56	1
4489	72	0.604	0.604	0.85	1
4181	1551	0.604	0.604	0.66	1
1407	226	0.604	0.604	0.63	1
2693	864	0.603	0.603	0.90	1
5231	864	0.603	0.603	0.91	1
2345	5096	0.603	0.603	0.83	1
3575	3594	0.603	0.603	0.75	1
4739	3430	0.603	0.603	0.87	1
4401	6045	0.603	0.603	0.84	1
4116	47	0.603	0.603	0.27	1
5814	5842	0.603	0.603	0.57	1
5141	434	0.603	0.603	0.74	1
4932	620	0.603	0.603	0.63	1
4744	236	0.603	0.603	0.45	1
5461	2978	0.603	0.603	0.61	1
4390	4635	0.603	0.603	0.77	1
3	9	0.603	0.603	0.54	1
1852	275	0.603	0.603	0.91	1
1447	2693	0.602	0.602	0.89	1
2167	2819	0.602	0.602	0.86	1
2021	424	0.602	0.602	0.66	1
1339	5513	0.602	0.602	0.88	1
4833	2607	0.602	0.602	0.83	1
4597	2828	0.602	0.602	0.78	1
1957	416	0.602	0.602	0.78	1
1494	5709	0.602	0.602	0.72	1
1446	2358	0.602	0.602	0.63	1
1278	5261	0.602	0.602	0.78	1
80	113	0.602	0.602	0.50	1
4168	5273	0.602	0.602	0.83	1
4168	2461	0.601	0.601	0.84	1
4145	6054	0.601	0.601	0.44	1
989	110	0.601	0.601	0.87	1
5067	6031	0.601	0.601	0.75	1
239	6157	0.601	0.601	0.73	1
2886	6087	0.601	0.601	0.60	1
1851	3517	0.601	0.601	0.76	1
1447	575	0.601	0.601	0.79	1
1259	1728	0.601	0.601	0.87	1
5519	5846	0.600	0.600	0.89	1
3872	4517	0.600	0.600	0.84	1
5713	664	0.600	0.600	0.76	1
5179	3400	0.600	0.600	0.86	1
3697	3066	0.600	0.600	0.24	1
4826	824	0.600	0.600	0.64	1
2157	1636	0.600	0.600	0.80	1
2033	5911	0.600	0.600	0.84	1
2157	5419	0.600	0.600	0.89	1
1506	5713	0.600	0.600	0.67	1
4680	2903	0.600	0.600	0.81	1
4114	5816	0.600	0.600	0.82	1
5050	5194	0.600	0.600	0.88	1
5464	1485	0.599	0.599	0.76	1
2352	328	0.599	0.599	0.65	1
5334	5260	0.599	0.599	0.84	1
5048	3371	0.599	0.599	0.85	1
1125	176	0.599	0.599	0.72	1
5728	6007	0.599	0.599	0.66	1
2111	1976	0.599	0.599	0.79	1
780	806	0.599	0.599	0.70	1
1911	6034	0.599	0.599	0.80	1
1656	236	0.599	0.599	0.71	1
3204	40	0.599	0.599	0.60	1
4577	5570	0.598	0.598	0.73	1
4964	4979	0.598	0.598	0.70	1
1883	790	0.598	0.598	0.76	1
1695	1691	0.598	0.598	0.84	1
5273	870	0.598	0.598	0.82	1
1055	340	0.598	0.598	0.68	1
5325	134	0.598	0.598	0.74	1
5421	709	0.598	0.598	0.87	1
2721	3514	0.598	0.598	0.60	1
2217	3526	0.598	0.598	0.77	1
635	6196	0.597	0.597	0.76	1
4996	761	0.597	0.597	0.56	1
2821	3097	0.597	0.597	0.35	1
2115	3292	0.597	0.597	0.88	1
4583	5334	0.597	0.597	0.85	1
3618	80	0.597	0.597	0.51	1
3225	521	0.597	0.597	0.85	1
2719	5215	0.597	0.597	0.70	1
2500	3140	0.597	0.597	0.90	1
1655	2557	0.597	0.597	0.88	1
1171	3332	0.597	0.597	0.77	1
1941	703	0.596	0.596	0.86	1
3505	469	0.596	0.596	0.87	1
4106	4698	0.596	0.596	0.78	1
1768	4489	0.596	0.596	0.85	1
6153	1413	0.596	0.596	0.82	1
5664	1489	0.596	0.596	0.73	1
1669	5260	0.596	0.596	0.81	1
1407	4861	0.596	0.596	0.61	1
1225	4637	0.596	0.596	0.45	1
953	3028	0.596	0.596	0.73	1
2794	3048	0.596	0.596	0.45	1
1282	790	0.595	0.595	0.70	1
1344	5440	0.595	0.595	0.88	1
4633	2578	0.595	0.595	0.70	1
1118	4342	0.595	0.595	0.88	1
5603	417	0.595	0.595	0.89	1
5635	72	0.595	0.595	0.83	1
4075	5260	0.595	0.595	0.84	1
2065	121	0.595	0.595	0.73	1
2443	3240	0.594	0.594	0.68	1
1388	2819	0.594	0.594	0.87	1
5664	871	0.594	0.594	0.85	1
5137	157	0.594	0.594	0.89	1
5334	72	0.594	0.594	0.87	1
575	864	0.594	0.594	0.79	1
2260	79	0.594	0.594	0.86	1
1728	678	0.594	0.594	0.84	1
2253	4924	0.594	0.594	0.84	1
4613	1489	0.593	0.593	0.68	1
1103	4800	0.593	0.593	0.71	1
5570	1489	0.593	0.593	0.70	1
2007	2863	0.593	0.593	0.42	1
1768	5635	0.593	0.593	0.80	1
1510	226	0.593	0.593	0.64	1
3562	1624	0.593	0.593	0.54	1
3738	3393	0.593	0.593	0.76	1
6031	356	0.592	0.592	0.77	1
3726	1600	0.592	0.592	0.74	1
4745	2461	0.592	0.592	0.86	1
3378	767	0.592	0.592	0.89	1
1768	4380	0.592	0.592	0.89	1
4600	2457	0.592	0.592	0.33	1
398	575	0.592	0.592	0.82	1
5499	140	0.592	0.592	0.57	1
2594	4708	0.592	0.592	0.42	1
5489	829	0.592	0.592	0.54	1
3361	144	0.592	0.592	0.90	1
1956	2774	0.592	0.592	0.84	1
5334	6166	0.592	0.592	0.85	1
6034	767	0.592	0.592	0.86	1
2557	3161	0.592	0.592	0.90	1
1043	1797	0.592	0.592	0.79	1
993	3591	0.592	0.592	0.33	1
4401	5749	0.591	0.591	0.90	1
1862	522	0.591	0.591	0.88	1
4315	2187	0.591	0.591	0.80	1
1858	2980	0.591	0.591	0.74	1
4577	5615	0.591	0.591	0.46	1
4099	3832	0.591	0.591	0.58	1
6152	5639	0.591	0.591	0.75	1
4448	5485	0.591	0.591	0.73	1
4275	3115	0.591	0.591	0.59	1
4168	678	0.591	0.591	0.82	1
1768	3161	0.591	0.591	0.89	1
1764	2043	0.591	0.591	0.75	1
4540	506	0.591	0.591	0.81	1
4292	5743	0.591	0.591	0.62	1
3586	4237	0.591	0.591	0.86	1
5320	302	0.591	0.591	0.28	1
4106	584	0.591	0.591	0.61	1
1962	5674	0.591	0.591	0.83	1
1489	767	0.591	0.591	0.72	1
4596	2203	0.590	0.590	0.71	1
6034	708	0.590	0.590	0.86	1
5105	2557	0.590	0.590	0.86	1
1192	751	0.590	0.590	0.65	1
906	1894	0.590	0.590	0.89	1
4821	3141	0.590	0.590	0.78	1
917	5047	0.590	0.590	0.91	1
2443	5307	0.590	0.590	0.78	1
5440	864	0.590	0.590	0.91	1
1069	5664	0.590	0.590	0.67	1
3282	507	0.589	0.589	0.75	1
2137	3506	0.589	0.589	0.50	1
4529	2782	0.589	0.589	0.85	1
5047	5373	0.589	0.589	0.55	1
5180	202	0.589	0.589	0.61	1
4075	6166	0.589	0.589	0.83	1
2021	288	0.589	0.589	0.80	1
932	4528	0.589	0.589	0.90	1
493	780	0.589	0.589	0.70	1
4648	4383	0.589	0.589	0.67	1
1784	5320	0.589	0.589	0.39	1
5137	6166	0.589	0.589	0.86	1
2033	5089	0.589	0.589	0.84	1
5991	3256	0.588	0.588	0.44	1
1540	2842	0.588	0.588	0.75	1
2654	668	0.588	0.588	0.55	1
2203	5098	0.588	0.588	0.75	1
2065	4635	0.588	0.588	0.83	1
5137	5260	0.588	0.588	0.86	1
3906	3071	0.588	0.588	0.57	1
3813	6157	0.588	0.588	0.74	1
1849	3378	0.588	0.588	0.83	1
1452	1789	0.588	0.588	0.85	1
3262	862	0.588	0.588	0.56	1
1148	5023	0.588	0.588	0.21	1
5499	5937	0.588	0.588	0.73	1
5334	34	0.588	0.588	0.84	1
3868	3079	0.587	0.587	0.30	1
4673	287	0.587	0.587	0.84	1
2526	3376	0.587	0.587	0.85	1
1046	48	0.587	0.587	0.51	1
4356	2301	0.587	0.587	0.88	1
4679	5489	0.587	0.587	0.54	1
4507	2007	0.587	0.587	0.40	1
1891	452	0.587	0.587	0.89	1
1768	755	0.587	0.587	0.90	1
1118	516	0.587	0.587	0.88	1
4739	6009	0.587	0.587	0.81	1
2704	849	0.587	0.587	0.64	1
1168	1818	0.586	0.586	0.36	1
2334	870	0.586	0.586	0.84	1
3846	5065	0.586	0.586	0.37	1
5089	4739	0.586	0.586	0.85	1
2865	3360	0.586	0.586	0.77	1
982	6054	0.586	0.586	0.79	1
5081	3079	0.586	0.586	0.28	1
1633	1935	0.586	0.586	0.89	1
236	604	0.586	0.586	0.86	1
4826	3415	0.585	0.585	0.59	1
3677	1232	0.585	0.585	0.77	1
3534	5551	0.585	0.585	0.79	1
954	994	0.585	0.585	0.85	1
1946	5616	0.585	0.585	0.76	1
2401	2980	0.585	0.585	0.78	1
5655	390	0.585	0.585	0.81	1
4767	5316	0.585	0.585	0.79	1
2466	5868	0.585	0.585	0.77	1
2109	540	0.585	0.585	0.51	1
1096	4084	0.585	0.585	0.51	1
3868	2452	0.585	0.585	0.36	1
4331	580	0.585	0.585	0.75	1
767	854	0.585	0.585	0.82	1
5897	3112	0.585	0.585	0.58	1
4873	6164	0.585	0.585	0.55	1
4128	3376	0.585	0.585	0.84	1
1148	1834	0.585	0.585	0.61	1
3561	4986	0.584	0.584	0.81	1
2162	3151	0.584	0.584	0.68	1
1510	4861	0.584	0.584	0.64	1
4337	452	0.584	0.584	0.81	1
3270	340	0.584	0.584	0.69	1
3292	4066	0.584	0.584	0.67	1
33	649	0.584	0.584	0.68	1
4878	252	0.584	0.584	0.83	1
4348	3006	0.584	0.584	0.60	1
3851	5413	0.584	0.584	0.80	1
5618	40	0.584	0.584	0.76	1
2556	3358	0.584	0.584	0.64	1
5334	6165	0.584	0.584	0.84	1
2751	2836	0.583	0.583	0.74	1
1193	748	0.583	0.583	0.29	1
6	5514	0.583	0.583	0.71	1
2548	2616	0.583	0.583	0.86	1
1407	1446	0.583	0.583	0.62	1
4973	476	0.583	0.583	0.78	1
1581	5657	0.583	0.583	0.60	1
3779	1259	0.583	0.583	0.80	1
4306	6155	0.583	0.583	0.90	1
2357	40	0.583	0.583	0.58	1
6152	6009	0.583	0.583	0.76	1
1679	6003	0.583	0.583	0.77	1
3200	139	0.583	0.583	0.81	1
1791	2499	0.583	0.583	0.45	1
3630	48	0.582	0.582	0.60	1
4198	4540	0.582	0.582	0.79	1
1036	4181	0.582	0.582	0.49	1
72	275	0.582	0.582	0.89	1
2103	5329	0.582	0.582	0.86	1
1881	516	0.582	0.582	0.86	1
4715	5583	0.582	0.582	0.81	1
4380	72	0.582	0.582	0.89	1
6126	3473	0.582	0.582	0.88	1
5239	3292	0.582	0.582	0.66	1
4463	3524	0.582	0.582	0.71	1
3204	3378	0.582	0.582	0.87	1
1572	5625	0.582	0.582	0.75	1
5105	72	0.581	0.581	0.86	1
4873	29	0.581	0.581	0.54	1
1708	2567	0.581	0.581	0.83	1
1210	2300	0.581	0.581	0.85	1
5566	86	0.581	0.581	0.51	1
2978	3082	0.581	0.581	0.60	1
1600	790	0.581	0.581	0.48	1
4577	2357	0.581	0.581	0.51	1
3868	4502	0.581	0.581	0.23	1
2772	2836	0.581	0.581	0.85	1
1791	3115	0.581	0.581	0.66	1
1357	2460	0.581	0.581	0.55	1
1175	5214	0.581	0.581	0.48	1
1036	4540	0.581	0.581	0.70	1
4094	6044	0.581	0.581	0.90	1
5485	641	0.580	0.580	0.76	1
4966	4298	0.580	0.580	0.93	1
4114	755	0.580	0.580	0.85	1
2138	824	0.580	0.580	0.60	1
4559	479	0.580	0.580	0.83	1
3596	2257	0.580	0.580	0.70	1
4785	533	0.580	0.580	0.73	1
4078	637	0.580	0.580	0.81	1
2470	2443	0.580	0.580	0.66	1
4673	5570	0.580	0.580	0.76	1
4577	3204	0.580	0.580	0.61	1
3071	1588	0.580	0.580	0.60	1
1931	3503	0.580	0.580	0.71	1
1852	5678	0.580	0.580	0.87	1
1534	767	0.579	0.579	0.62	1
4486	2923	0.579	0.579	0.75	1
2449	40	0.579	0.579	0.55	1
4342	1962	0.579	0.579	0.81	1
3562	3440	0.579	0.579	0.66	1
2701	3126	0.579	0.579	0.46	1
1787	629	0.579	0.579	0.86	1
3321	3301	0.579	0.579	0.91	1
1655	72	0.579	0.579	0.87	1
1552	340	0.579	0.579	0.67	1
4075	34	0.579	0.579	0.83	1
1423	2352	0.579	0.579	0.62	1
1415	506	0.579	0.579	0.79	1
5570	790	0.578	0.578	0.80	1
4573	516	0.578	0.578	0.81	1
2138	5618	0.578	0.578	0.70	1
4559	6111	0.578	0.578	0.59	1
5714	5499	0.578	0.578	0.54	1
4168	2823	0.578	0.578	0.88	1
2738	4540	0.578	0.578	0.75	1
5320	410	0.578	0.578	0.36	1
3558	629	0.578	0.578	0.86	1
3803	740	0.578	0.578	0.93	1
905	1186	0.577	0.577	0.69	1
4597	2300	0.577	0.577	0.75	1
2145	5635	0.577	0.577	0.81	1
2260	2819	0.577	0.577	0.83	1
4090	623	0.577	0.577	0.75	1
5137	34	0.577	0.577	0.86	1
4315	34	0.577	0.577	0.86	1
3790	5520	0.577	0.577	0.75	1
1946	2145	0.577	0.577	0.71	1
1646	2904	0.577	0.577	0.50	1
1043	2938	0.577	0.577	0.84	1
5494	6155	0.577	0.577	0.90	1
5420	250	0.577	0.577	0.78	1
1852	4458	0.576	0.576	0.91	1
1159	2287	0.576	0.576	0.59	1
1595	3502	0.576	0.576	0.77	1
5508	229	0.576	0.576	0.84	1
2111	3407	0.576	0.576	0.78	1
1069	3308	0.576	0.576	0.58	1
677	6165	0.576	0.576	0.82	1
4750	1551	0.576	0.576	0.41	1
5999	388	0.576	0.576	0.71	1
2431	40	0.576	0.576	0.53	1
2157	5199	0.576	0.576	0.86	1
1344	2693	0.576	0.576	0.83	1
1688	1813	0.576	0.576	0.48	1
4268	2345	0.576	0.576	0.70	1
3569	873	0.576	0.576	0.78	1
4106	3233	0.575	0.575	0.65	1
1881	4342	0.575	0.575	0.86	1
1217	5619	0.575	0.575	0.83	1
4826	5324	0.575	0.575	0.63	1
1957	864	0.575	0.575	0.82	1
3897	4680	0.575	0.575	0.74	1
3240	249	0.575	0.575	0.78	1
2693	2903	0.575	0.575	0.79	1
1524	3049	0.575	0.575	0.82	1
2155	5800	0.575	0.575	0.75	1
1835	5363	0.575	0.575	0.66	1
2320	3147	0.575	0.575	0.90	1
2168	767	0.575	0.575	0.84	1
1265	1607	0.575	0.575	0.43	1
1197	2701	0.575	0.575	0.84	1
1759	2836	0.574	0.574	0.72	1
6152	707	0.574	0.574	0.72	1
4824	6155	0.574	0.574	0.90	1
4168	4631	0.574	0.574	0.40	1
3200	6003	0.574	0.574	0.77	1
1082	1852	0.574	0.574	0.89	1
5664	5618	0.574	0.574	0.83	1
5471	3441	0.574	0.574	0.77	1
3693	5499	0.574	0.574	0.57	1
3371	1593	0.574	0.574	0.83	1
4561	3271	0.574	0.574	0.80	1
911	3272	0.574	0.574	0.65	1
3614	40	0.574	0.574	0.53	1
1534	372	0.573	0.573	0.80	1
5109	2814	0.573	0.573	0.78	1
2981	554	0.573	0.573	0.39	1
3555	766	0.573	0.573	0.75	1
2836	325	0.573	0.573	0.82	1
1404	2203	0.573	0.573	0.68	1
1310	3464	0.573	0.573	0.69	1
4510	2887	0.573	0.573	0.58	1
4471	4596	0.573	0.573	0.77	1
4275	2300	0.573	0.573	0.83	1
3586	2025	0.573	0.573	0.76	1
2303	4873	0.573	0.573	0.61	1
2127	3024	0.573	0.573	0.59	1
1494	5234	0.573	0.573	0.69	1
1447	1937	0.573	0.573	0.88	1
3891	3941	0.573	0.573	0.55	1
2569	486	0.573	0.573	0.65	1
939	2467	0.573	0.573	0.73	1
4564	4181	0.572	0.572	0.52	1
3097	40	0.572	0.572	0.47	1
3984	5948	0.572	0.572	0.38	1
2693	398	0.572	0.572	0.81	1
3535	1612	0.572	0.572	0.86	1
2613	5869	0.572	0.572	0.49	1
1447	5440	0.572	0.572	0.89	1
3965	71	0.572	0.572	0.60	1
2331	2399	0.572	0.572	0.56	1
1862	131	0.572	0.572	0.89	1
1734	5494	0.572	0.572	0.90	1
2557	755	0.571	0.571	0.90	1
1446	1510	0.571	0.571	0.62	1
5034	5822	0.571	0.571	0.51	1
4674	3348	0.571	0.571	0.53	1
5422	6156	0.571	0.571	0.62	1
1572	149	0.571	0.571	0.69	1
5196	2813	0.571	0.571	0.35	1
1139	3197	0.571	0.571	0.28	1
33	624	0.571	0.571	0.52	1
69	121	0.571	0.571	0.79	1
3961	494	0.571	0.571	0.26	1
5478	121	0.571	0.571	0.78	1
4873	38	0.571	0.571	0.63	1
4863	3282	0.571	0.571	0.88	1
3308	3396	0.571	0.571	0.74	1
5978	573	0.570	0.570	0.58	1
4502	689	0.570	0.570	0.24	1
4114	5978	0.570	0.570	0.84	1
3758	244	0.570	0.570	0.84	1
2331	5728	0.570	0.570	0.70	1
2187	3183	0.570	0.570	0.73	1
9	3281	0.570	0.570	0.29	1
1414	4873	0.570	0.570	0.55	1
1158	203	0.570	0.570	0.66	1
1886	33	0.570	0.570	0.56	1
1366	6155	0.570	0.570	0.90	1
954	6197	0.570	0.570	0.85	1
2141	5414	0.570	0.570	0.85	1
790	871	0.570	0.570	0.86	1
4863	506	0.570	0.570	0.88	1
1852	4489	0.570	0.570	0.86	1
1527	5320	0.570	0.570	0.33	1
2162	5300	0.569	0.569	0.87	1
4342	733	0.569	0.569	0.85	1
233	6166	0.569	0.569	0.81	1
5824	3079	0.569	0.569	0.52	1
4633	364	0.569	0.569	0.80	1
2557	275	0.569	0.569	0.89	1
1737	6184	0.569	0.569	0.90	1
3308	5618	0.569	0.569	0.74	1
2320	2291	0.569	0.569	0.89	1
1783	5882	0.569	0.569	0.72	1
2258	2568	0.569	0.569	0.83	1
1447	5419	0.569	0.569	0.58	1
1510	5467	0.569	0.569	0.72	1
1245	3179	0.569	0.569	0.86	1
1447	5231	0.569	0.569	0.89	1
3936	2557	0.569	0.569	0.88	1
1960	5889	0.569	0.569	0.80	1
1151	5485	0.569	0.569	0.79	1
2431	3378	0.568	0.568	0.91	1
1093	2231	0.568	0.568	0.77	1
164	337	0.568	0.568	0.60	1
3147	6155	0.568	0.568	0.89	1
206	650	0.568	0.568	0.29	1
5494	165	0.568	0.568	0.89	1
2109	5885	0.568	0.568	0.54	1
1146	3184	0.568	0.568	0.84	1
4279	356	0.568	0.568	0.64	1
6155	6184	0.568	0.568	0.89	1
4306	165	0.568	0.568	0.89	1
4198	4863	0.568	0.568	0.90	1
4114	1946	0.568	0.568	0.81	1
2599	2567	0.568	0.568	0.79	1
2471	97	0.568	0.568	0.88	1
1860	5738	0.568	0.568	0.80	1
1849	1998	0.568	0.568	0.72	1
4315	4583	0.568	0.568	0.86	1
4861	2358	0.567	0.567	0.60	1
5260	233	0.567	0.567	0.80	1
2720	356	0.567	0.567	0.64	1
5141	864	0.567	0.567	0.67	1
5728	767	0.567	0.567	0.65	1
2190	5386	0.567	0.567	0.66	1
3079	147	0.567	0.567	0.29	1
4315	5260	0.566	0.566	0.86	1
1446	6087	0.566	0.566	0.53	1
5949	368	0.566	0.566	0.91	1
3779	2461	0.566	0.566	0.81	1
2722	5440	0.566	0.566	0.86	1
4390	3008	0.566	0.566	0.76	1
3804	4183	0.566	0.566	0.69	1
2515	485	0.566	0.566	0.64	1
4807	72	0.566	0.566	0.80	1
993	2429	0.566	0.566	0.35	1
1737	4306	0.566	0.566	0.90	1
1734	4306	0.566	0.566	0.90	1
4824	165	0.566	0.566	0.89	1
1673	236	0.566	0.566	0.52	1
1600	735	0.566	0.566	0.25	1
1069	4613	0.566	0.566	0.61	1
5499	584	0.565	0.565	0.54	1
4692	2480	0.565	0.565	0.62	1
3161	72	0.565	0.565	0.90	1
2024	4596	0.565	0.565	0.63	1
5777	790	0.565	0.565	0.51	1
4310	2042	0.565	0.565	0.62	1
1756	5450	0.565	0.565	0.36	1
3936	2167	0.565	0.565	0.89	1
2548	767	0.565	0.565	0.85	1
1768	5978	0.565	0.565	0.89	1
1572	5530	0.565	0.565	0.70	1
1489	812	0.565	0.565	0.69	1
3910	42	0.565	0.565	0.85	1
165	6184	0.565	0.565	0.88	1
4106	5937	0.565	0.565	0.71	1
1624	3036	0.565	0.565	0.87	1
964	1372	0.565	0.565	0.61	1
1737	5494	0.565	0.565	0.90	1
1320	4690	0.565	0.565	0.75	1
5557	790	0.565	0.565	0.64	1
3683	4218	0.565	0.565	0.86	1
3605	276	0.565	0.565	0.24	1
5615	236	0.564	0.564	0.47	1
3144	5983	0.564	0.564	0.74	1
4510	5663	0.564	0.564	0.56	1
1379	1778	0.564	0.564	0.78	1
1525	678	0.564	0.564	0.72	1
767	871	0.564	0.564	0.82	1
5816	573	0.564	0.564	0.67	1
5488	701	0.564	0.564	0.46	1
1474	1852	0.564	0.564	0.87	1
4489	2557	0.564	0.564	0.83	1
1783	2076	0.564	0.564	0.76	1
3042	575	0.563	0.563	0.74	1
2631	276	0.563	0.563	0.52	1
1944	5893	0.563	0.563	0.87	1
1319	4412	0.563	0.563	0.80	1
3119	762	0.563	0.563	0.80	1
998	5180	0.563	0.563	0.67	1
34	233	0.563	0.563	0.81	1
4925	3276	0.563	0.563	0.73	1
1036	1415	0.563	0.563	0.66	1
1835	5985	0.563	0.563	0.67	1
1501	1420	0.563	0.563	0.86	1
4540	691	0.563	0.563	0.69	1
1861	3467	0.563	0.563	0.78	1
4502	2995	0.563	0.563	0.38	1
2819	5616	0.563	0.563	0.77	1
1254	4910	0.563	0.563	0.34	1
2751	73	0.563	0.563	0.77	1
1344	575	0.563	0.563	0.76	1
2801	340	0.563	0.563	0.70	1
1257	5898	0.563	0.563	0.24	1
4947	155	0.562	0.562	0.77	1
4315	6166	0.562	0.562	0.86	1
3252	5657	0.562	0.562	0.77	1
1762	1759	0.562	0.562	0.80	1
1294	813	0.562	0.562	0.86	1
1051	5419	0.562	0.562	0.56	1
5612	6053	0.562	0.562	0.59	1
4193	2296	0.562	0.562	0.88	1
4306	2240	0.562	0.562	0.88	1
1569	774	0.562	0.562	0.44	1
1273	1715	0.562	0.562	0.81	1
1478	1659	0.562	0.562	0.32	1
3629	79	0.561	0.561	0.82	1
1447	5141	0.561	0.561	0.65	1
42	64	0.561	0.561	0.85	1
5337	5819	0.561	0.561	0.35	1
4609	2939	0.561	0.561	0.90	1
2320	6184	0.561	0.561	0.89	1
1937	864	0.561	0.561	0.87	1
1404	2940	0.561	0.561	0.88	1
42	47	0.561	0.561	0.82	1
3764	5757	0.561	0.561	0.49	1
3313	71	0.561	0.561	0.62	1
1734	3147	0.561	0.561	0.89	1
3924	2599	0.561	0.561	0.84	1
2794	276	0.561	0.561	0.52	1
2772	724	0.561	0.561	0.79	1
4803	5481	0.561	0.561	0.81	1
3697	4986	0.561	0.561	0.26	1
3831	1587	0.561	0.561	0.70	1
2320	5494	0.561	0.561	0.89	1
3152	1579	0.561	0.561	0.67	1
1734	4824	0.561	0.561	0.90	1
4672	6035	0.560	0.560	0.80	1
2291	6155	0.560	0.560	0.90	1
2679	340	0.560	0.560	0.70	1
5467	6087	0.560	0.560	0.50	1
2	2726	0.560	0.560	0.71	1
4078	3109	0.560	0.560	0.68	1
3910	6171	0.560	0.560	0.85	1
3692	3097	0.560	0.560	0.23	1
2693	80	0.560	0.560	0.84	1
5260	677	0.559	0.559	0.80	1
3998	5775	0.559	0.559	0.65	1
1401	1451	0.559	0.559	0.59	1
5488	3365	0.559	0.559	0.72	1
1789	5079	0.559	0.559	0.84	1
1446	2871	0.559	0.559	0.50	1
3693	4106	0.559	0.559	0.65	1
5578	5536	0.559	0.559	0.85	1
4145	1659	0.559	0.559	0.41	1
4048	5613	0.559	0.559	0.43	1
2097	5944	0.559	0.559	0.79	1
1366	165	0.559	0.559	0.89	1
5419	1636	0.559	0.559	0.65	1
4852	2443	0.559	0.559	0.68	1
4826	409	0.559	0.559	0.54	1
4414	3204	0.559	0.559	0.68	1
3961	5417	0.559	0.559	0.27	1
4544	2833	0.558	0.558	0.74	1
5067	486	0.558	0.558	0.56	1
2562	3488	0.558	0.558	0.81	1
2400	3223	0.558	0.558	0.44	1
1077	5354	0.558	0.558	0.69	1
4582	6034	0.558	0.558	0.85	1
3549	5793	0.558	0.558	0.71	1
4583	233	0.558	0.558	0.82	1
3721	6001	0.558	0.558	0.81	1
1677	2277	0.558	0.558	0.75	1
2819	5614	0.558	0.558	0.75	1
1974	443	0.558	0.558	0.79	1
5643	5945	0.558	0.558	0.83	1
2851	384	0.558	0.558	0.85	1
1587	4432	0.557	0.557	0.65	1
6153	3279	0.557	0.557	0.76	1
1036	147	0.557	0.557	0.33	1
4583	5137	0.557	0.557	0.84	1
3941	671	0.557	0.557	0.55	1
113	864	0.557	0.557	0.53	1
2291	165	0.557	0.557	0.89	1
1733	512	0.557	0.557	0.65	1
1669	6165	0.557	0.557	0.81	1
1451	5973	0.557	0.557	0.71	1
4673	5982	0.557	0.557	0.61	1
1388	79	0.557	0.557	0.88	1
3692	4434	0.557	0.557	0.36	1
5872	26	0.556	0.556	0.49	1
3147	165	0.556	0.556	0.88	1
1420	3441	0.556	0.556	0.88	1
5082	6061	0.556	0.556	0.77	1
3889	6000	0.556	0.556	0.70	1
2599	5536	0.556	0.556	0.80	1
893	2962	0.556	0.556	0.79	1
2988	6125	0.556	0.556	0.48	1
2874	436	0.556	0.556	0.71	1
3929	1243	0.556	0.556	0.79	1
1412	4510	0.556	0.556	0.56	1
1366	1734	0.556	0.556	0.90	1
5233	3076	0.556	0.556	0.50	1
42	443	0.556	0.556	0.83	1
1759	2751	0.556	0.556	0.73	1
4311	2308	0.555	0.555	0.79	1
5736	5488	0.555	0.555	0.72	1
4390	2578	0.555	0.555	0.69	1
30	71	0.555	0.555	0.69	1
1739	1687	0.555	0.555	0.73	1
1186	3342	0.555	0.555	0.88	1
2637	6171	0.555	0.555	0.89	1
1728	2857	0.555	0.555	0.84	1
1164	51	0.555	0.555	0.69	1
4400	405	0.555	0.555	0.45	1
4503	2992	0.555	0.555	0.60	1
1865	811	0.555	0.555	0.79	1
3290	146	0.555	0.555	0.84	1
4238	2978	0.555	0.555	0.49	1
4135	40	0.555	0.555	0.67	1
921	913	0.555	0.555	0.69	1
2557	5334	0.554	0.554	0.83	1
908	177	0.554	0.554	0.56	1
6153	511	0.554	0.554	0.84	1
4837	4768	0.554	0.554	0.61	1
1265	394	0.554	0.554	0.86	1
5614	572	0.554	0.554	0.80	1
1976	331	0.554	0.554	0.86	1
1765	5890	0.554	0.554	0.51	1
3815	551	0.554	0.554	0.69	1
1056	741	0.554	0.554	0.36	1
2240	4824	0.554	0.554	0.87	1
1662	5536	0.554	0.554	0.81	1
5869	3431	0.554	0.554	0.78	1
3583	5289	0.554	0.554	0.57	1
1734	6184	0.553	0.553	0.89	1
1737	4824	0.553	0.553	0.90	1
1737	2291	0.553	0.553	0.89	1
4583	5332	0.553	0.553	0.90	1
3111	3223	0.553	0.553	0.34	1
2616	794	0.553	0.553	0.36	1
141	539	0.553	0.553	0.76	1
5137	6165	0.553	0.553	0.84	1
1737	3147	0.553	0.553	0.89	1
3873	439	0.553	0.553	0.57	1
1096	3795	0.553	0.553	0.50	1
2301	5588	0.553	0.553	0.88	1
2141	2535	0.553	0.553	0.69	1
1366	2320	0.553	0.553	0.90	1
980	2491	0.552	0.552	0.75	1
3	2358	0.552	0.552	0.59	1
1474	72	0.552	0.552	0.87	1
2129	5708	0.552	0.552	0.38	1
516	733	0.552	0.552	0.85	1
1415	2738	0.552	0.552	0.71	1
1956	3215	0.552	0.552	0.86	1
3292	3376	0.552	0.552	0.83	1
1868	6016	0.552	0.552	0.64	1
4390	2300	0.552	0.552	0.73	1
3956	2959	0.552	0.552	0.60	1
2565	794	0.552	0.552	0.35	1
1937	80	0.552	0.552	0.84	1
4342	3212	0.552	0.552	0.79	1
5845	650	0.551	0.551	0.25	1
5488	3284	0.551	0.551	0.57	1
5141	80	0.551	0.551	0.62	1
3813	3502	0.551	0.551	0.76	1
4106	5714	0.551	0.551	0.61	1
48	418	0.551	0.551	0.55	1
2240	3147	0.551	0.551	0.87	1
1043	5785	0.551	0.551	0.85	1
5093	2872	0.551	0.551	0.67	1
4315	1976	0.551	0.551	0.81	1
3119	621	0.551	0.551	0.77	1
998	4448	0.551	0.551	0.75	1
3732	1600	0.551	0.551	0.28	1
2145	3161	0.551	0.551	0.74	1
1827	5502	0.551	0.551	0.89	1
1186	469	0.551	0.551	0.88	1
1849	2556	0.551	0.551	0.64	1
1655	1852	0.551	0.551	0.88	1
2940	219	0.551	0.551	0.84	1
1853	356	0.551	0.551	0.61	1
1708	5536	0.551	0.551	0.83	1
1344	1937	0.551	0.551	0.82	1
1197	4899	0.551	0.551	0.79	1
4128	5239	0.550	0.550	0.66	1
1457	4924	0.550	0.550	0.36	1
3838	2461	0.550	0.550	0.83	1
3032	5491	0.550	0.550	0.92	1
2962	6045	0.550	0.550	0.78	1
1534	1673	0.550	0.550	0.45	1
1496	551	0.550	0.550	0.70	1
1556	552	0.550	0.550	0.71	1
907	1551	0.550	0.550	0.49	1
4614	2570	0.550	0.550	0.60	1
443	6171	0.550	0.550	0.81	1
2429	693	0.550	0.550	0.43	1
1049	5845	0.550	0.550	0.22	1
6102	671	0.550	0.550	0.55	1
5141	2722	0.550	0.550	0.62	1
4306	2320	0.550	0.550	0.89	1
3936	1852	0.550	0.550	0.88	1
1404	4471	0.550	0.550	0.68	1
3889	2967	0.550	0.550	0.65	1
1344	5141	0.550	0.550	0.59	1
5205	3378	0.549	0.549	0.92	1
4506	5097	0.549	0.549	0.63	1
4936	5443	0.549	0.549	0.48	1
3973	5810	0.549	0.549	0.34	1
2300	2443	0.549	0.549	0.73	1
1205	5041	0.549	0.549	0.80	1
3	2871	0.549	0.549	0.51	1
3971	3355	0.549	0.549	0.80	1
1415	4198	0.549	0.549	0.77	1
5039	790	0.549	0.549	0.47	1
3426	340	0.549	0.549	0.67	1
5228	68	0.549	0.549	0.52	1
4964	2257	0.549	0.549	0.70	1
4021	41	0.549	0.549	0.75	1
3721	4278	0.549	0.549	0.78	1
2620	866	0.549	0.549	0.68	1
1796	5702	0.549	0.549	0.83	1
967	751	0.549	0.549	0.65	1
5615	790	0.549	0.549	0.48	1
5592	5945	0.549	0.549	0.87	1
4010	5234	0.549	0.549	0.80	1
6098	861	0.549	0.549	0.40	1
3640	4510	0.549	0.549	0.57	1
2722	575	0.549	0.549	0.73	1
2433	131	0.548	0.548	0.88	1
1768	4458	0.548	0.548	0.90	1
4802	5868	0.548	0.548	0.79	1
2693	2722	0.548	0.548	0.81	1
5906	26	0.548	0.548	0.64	1
4056	794	0.548	0.548	0.38	1
1673	790	0.548	0.548	0.41	1
301	784	0.548	0.548	0.73	1
6152	2017	0.548	0.548	0.83	1
5810	5578	0.548	0.548	0.36	1
4673	3353	0.548	0.548	0.55	1
4223	4914	0.548	0.548	0.40	1
4106	5475	0.548	0.548	0.64	1
3465	754	0.548	0.548	0.64	1
2135	4494	0.548	0.548	0.65	1
1261	2567	0.548	0.548	0.73	1
886	4708	0.548	0.548	0.41	1
2190	3193	0.548	0.548	0.57	1
1592	514	0.548	0.548	0.64	1
3763	2668	0.547	0.547	0.78	1
1566	664	0.547	0.547	0.76	1
907	4181	0.547	0.547	0.55	1
72	270	0.547	0.547	0.83	1
4128	4066	0.547	0.547	0.66	1
4890	3262	0.547	0.547	0.75	1
5620	680	0.547	0.547	0.86	1
1669	34	0.547	0.547	0.83	1
1052	1197	0.547	0.547	0.83	1
1851	2903	0.547	0.547	0.77	1
5978	72	0.547	0.547	0.89	1
5336	340	0.547	0.547	0.69	1
1814	5854	0.547	0.547	0.45	1
4698	5499	0.546	0.546	0.82	1
3732	3654	0.546	0.546	0.49	1
2320	4824	0.546	0.546	0.89	1
6153	2752	0.546	0.546	0.83	1
1232	2836	0.546	0.546	0.72	1
4890	767	0.546	0.546	0.79	1
4683	3099	0.546	0.546	0.73	1
5728	5588	0.546	0.546	0.82	1
1768	275	0.546	0.546	0.88	1
5984	496	0.546	0.546	0.64	1
5177	781	0.546	0.546	0.67	1
2816	2928	0.546	0.546	0.66	1
6	866	0.546	0.546	0.57	1
4371	152	0.545	0.545	0.73	1
905	5356	0.545	0.545	0.74	1
4510	859	0.545	0.545	0.56	1
3732	236	0.545	0.545	0.43	1
907	844	0.545	0.545	0.58	1
4563	214	0.545	0.545	0.75	1
4577	2252	0.545	0.545	0.43	1
1534	3204	0.545	0.545	0.60	1
1371	777	0.545	0.545	0.28	1
6087	226	0.545	0.545	0.53	1
4968	2980	0.545	0.545	0.71	1
1534	2357	0.545	0.545	0.51	1
4502	2452	0.545	0.545	0.34	1
3000	679	0.545	0.545	0.91	1
1734	2291	0.545	0.545	0.89	1
2822	6071	0.544	0.544	0.53	1
2567	5578	0.544	0.544	0.83	1
5664	854	0.544	0.544	0.79	1
5316	5526	0.544	0.544	0.80	1
3829	1564	0.544	0.544	0.68	1
2874	5609	0.544	0.544	0.54	1
1659	6054	0.544	0.544	0.51	1
3535	6027	0.544	0.544	0.79	1
4752	5041	0.544	0.544	0.40	1
1860	5614	0.544	0.544	0.80	1
2091	396	0.544	0.544	0.30	1
5922	790	0.543	0.543	0.59	1
5419	171	0.543	0.543	0.69	1
4106	5611	0.543	0.543	0.63	1
3936	1768	0.543	0.543	0.86	1
3339	312	0.543	0.543	0.76	1
2939	663	0.543	0.543	0.90	1
1960	2708	0.543	0.543	0.81	1
911	2969	0.543	0.543	0.86	1
3941	1030	0.543	0.543	0.61	1
1659	2817	0.543	0.543	0.69	1
1015	1191	0.543	0.543	0.65	1
233	6165	0.543	0.543	0.82	1
4010	436	0.543	0.543	0.73	1
3697	5527	0.543	0.543	0.75	1
2535	2792	0.543	0.543	0.66	1
3692	40	0.543	0.543	0.42	1
2129	2392	0.543	0.543	0.29	1
5127	6016	0.543	0.543	0.69	1
4510	4826	0.543	0.543	0.62	1
4510	2427	0.543	0.543	0.57	1
1284	253	0.543	0.543	0.84	1
663	765	0.543	0.543	0.61	1
3814	101	0.543	0.543	0.55	1
5252	591	0.543	0.543	0.86	1
3204	790	0.543	0.543	0.66	1
2369	2782	0.542	0.542	0.28	1
1986	4442	0.542	0.542	0.68	1
1849	40	0.542	0.542	0.50	1
1146	2599	0.542	0.542	0.82	1
1407	2025	0.542	0.542	0.55	1
2903	575	0.542	0.542	0.70	1
2486	5279	0.542	0.542	0.73	1
3688	4180	0.542	0.542	0.85	1
1366	1737	0.542	0.542	0.89	1
2153	6019	0.542	0.542	0.90	1
72	755	0.542	0.542	0.89	1
6130	68	0.542	0.542	0.78	1
3559	1661	0.542	0.542	0.79	1
1941	2330	0.542	0.542	0.80	1
1712	5782	0.542	0.542	0.88	1
1116	5322	0.542	0.542	0.72	1
1552	2872	0.542	0.542	0.65	1
3779	2857	0.541	0.541	0.82	1
2978	3281	0.541	0.541	0.30	1
1456	96	0.541	0.541	0.49	1
1160	40	0.541	0.541	0.56	1
5329	1636	0.541	0.541	0.80	1
1388	3936	0.541	0.541	0.87	1
1045	4094	0.541	0.541	0.85	1
1787	5865	0.541	0.541	0.38	1
1762	2836	0.541	0.541	0.81	1
1474	1768	0.541	0.541	0.85	1
2240	5494	0.541	0.541	0.87	1
1910	2179	0.541	0.541	0.79	1
51	719	0.541	0.541	0.72	1
2573	5618	0.541	0.541	0.85	1
3618	1957	0.541	0.541	0.76	1
5317	5548	0.540	0.540	0.57	1
4861	2480	0.540	0.540	0.56	1
2398	558	0.540	0.540	0.82	1
2210	264	0.540	0.540	0.86	1
916	3262	0.540	0.540	0.61	1
3233	5499	0.540	0.540	0.65	1
1191	4833	0.540	0.540	0.84	1
1423	4693	0.540	0.540	0.83	1
1843	637	0.540	0.540	0.83	1
1604	2260	0.540	0.540	0.85	1
4510	5956	0.540	0.540	0.54	1
3169	243	0.540	0.540	0.62	1
3832	5080	0.540	0.540	0.43	1
1191	539	0.540	0.540	0.80	1
4494	568	0.540	0.540	0.69	1
1325	5069	0.540	0.540	0.40	1
1604	2167	0.540	0.540	0.87	1
948	2429	0.540	0.540	0.29	1
3889	71	0.540	0.540	0.56	1
2025	2358	0.540	0.540	0.60	1
1829	5318	0.540	0.540	0.92	1
1572	806	0.540	0.540	0.41	1
1445	2277	0.540	0.540	0.74	1
4768	3514	0.539	0.539	0.54	1
1556	2556	0.539	0.539	0.70	1
5155	246	0.539	0.539	0.75	1
1056	405	0.539	0.539	0.38	1
1484	4693	0.539	0.539	0.80	1
3555	4279	0.539	0.539	0.61	1
2000	2865	0.539	0.539	0.84	1
1261	5536	0.538	0.538	0.75	1
1191	2654	0.538	0.538	0.59	1
1036	5700	0.538	0.538	0.75	1
1207	4208	0.538	0.538	0.29	1
1055	2872	0.538	0.538	0.65	1
5131	2978	0.538	0.538	0.46	1
4462	5409	0.538	0.538	0.46	1
2655	3418	0.538	0.538	0.32	1
2331	854	0.538	0.538	0.82	1
1178	2712	0.538	0.538	0.61	1
5141	3042	0.538	0.538	0.66	1
9	3086	0.538	0.538	0.24	1
4819	637	0.538	0.538	0.85	1
1366	2240	0.538	0.538	0.87	1
4396	516	0.538	0.538	0.88	1
3038	398	0.538	0.538	0.84	1
1937	2722	0.538	0.538	0.82	1
5475	5499	0.538	0.538	0.53	1
5231	398	0.538	0.538	0.81	1
3688	724	0.538	0.538	0.78	1
3884	4680	0.538	0.538	0.76	1
1089	4597	0.538	0.538	0.81	1
3920	4873	0.537	0.537	0.59	1
2168	369	0.537	0.537	0.85	1
3129	26	0.537	0.537	0.44	1
2025	2978	0.537	0.537	0.49	1
1534	2128	0.537	0.537	0.59	1
4777	2347	0.537	0.537	0.49	1
1371	2120	0.537	0.537	0.56	1
1229	3354	0.537	0.537	0.25	1
5178	5443	0.537	0.537	0.74	1
4607	2439	0.537	0.537	0.61	1
5318	2289	0.537	0.537	0.93	1
22	383	0.537	0.537	0.58	1
4223	5917	0.537	0.537	0.61	1
4139	2797	0.537	0.537	0.75	1
6034	369	0.537	0.537	0.84	1
2568	5311	0.537	0.537	0.80	1
3003	5622	0.537	0.537	0.77	1
3891	6102	0.536	0.536	0.52	1
4613	3396	0.536	0.536	0.54	1
3838	678	0.536	0.536	0.81	1
2871	226	0.536	0.536	0.53	1
2155	417	0.536	0.536	0.67	1
2431	236	0.536	0.536	0.48	1
1439	6055	0.536	0.536	0.80	1
1434	3514	0.536	0.536	0.66	1
4440	5450	0.536	0.536	0.54	1
71	780	0.536	0.536	0.63	1
3152	649	0.536	0.536	0.74	1
3104	5902	0.536	0.536	0.63	1
4693	676	0.536	0.536	0.85	1
469	489	0.536	0.536	0.80	1
1094	183	0.536	0.536	0.63	1
6007	854	0.536	0.536	0.72	1
2872	551	0.536	0.536	0.66	1
3936	5738	0.535	0.535	0.79	1
2679	2872	0.535	0.535	0.69	1
2240	6184	0.535	0.535	0.86	1
988	2096	0.535	0.535	0.77	1
5205	40	0.535	0.535	0.83	1
4748	3314	0.535	0.535	0.66	1
2272	813	0.535	0.535	0.84	1
1852	2890	0.535	0.535	0.82	1
5618	767	0.535	0.535	0.79	1
2128	236	0.535	0.535	0.60	1
4610	3488	0.535	0.535	0.78	1
1974	47	0.535	0.535	0.73	1
1604	5738	0.535	0.535	0.80	1
3625	2357	0.534	0.534	0.62	1
5481	441	0.534	0.534	0.79	1
6051	3295	0.534	0.534	0.38	1
3158	616	0.534	0.534	0.72	1
2128	4577	0.534	0.534	0.60	1
1699	5865	0.534	0.534	0.73	1
1666	5793	0.534	0.534	0.88	1
340	705	0.534	0.534	0.69	1
4473	51	0.534	0.534	0.71	1
3038	232	0.534	0.534	0.61	1
2262	2578	0.534	0.534	0.82	1
1191	5098	0.534	0.534	0.60	1
1191	1404	0.534	0.534	0.78	1
2760	302	0.534	0.534	0.32	1
3732	1656	0.534	0.534	0.30	1
967	5567	0.534	0.534	0.66	1
3351	709	0.533	0.533	0.72	1
1556	3446	0.533	0.533	0.69	1
4751	5337	0.533	0.533	0.54	1
3838	4544	0.533	0.533	0.82	1
2168	708	0.533	0.533	0.81	1
1944	3080	0.533	0.533	0.87	1
5289	3158	0.533	0.533	0.81	1
388	503	0.533	0.533	0.82	1
2138	3396	0.533	0.533	0.47	1
5093	340	0.533	0.533	0.66	1
5500	3112	0.533	0.533	0.48	1
5106	6061	0.533	0.533	0.80	1
4172	4167	0.533	0.533	0.61	1
3732	2244	0.533	0.533	0.31	1
4090	2782	0.533	0.533	0.74	1
4583	632	0.533	0.533	0.86	1
4238	9	0.533	0.533	0.48	1
4020	4673	0.532	0.532	0.38	1
3464	248	0.532	0.532	0.71	1
2480	3082	0.532	0.532	0.63	1
1425	741	0.532	0.532	0.64	1
1276	5622	0.532	0.532	0.83	1
3815	5093	0.532	0.532	0.69	1
4653	6051	0.532	0.532	0.40	1
5396	2956	0.532	0.532	0.56	1
2004	4635	0.532	0.532	0.87	1
5009	6079	0.532	0.532	0.85	1
4391	3121	0.532	0.532	0.84	1
3392	3484	0.532	0.532	0.82	1
1607	5373	0.532	0.532	0.75	1
1157	4783	0.532	0.532	0.50	1
943	3721	0.532	0.532	0.76	1
243	496	0.532	0.532	0.73	1
2466	5981	0.532	0.532	0.72	1
1447	1957	0.532	0.532	0.79	1
5809	340	0.531	0.531	0.69	1
3798	4006	0.531	0.531	0.69	1
3480	281	0.531	0.531	0.43	1
3841	300	0.531	0.531	0.76	1
2557	270	0.531	0.531	0.82	1
3	6087	0.531	0.531	0.51	1
3605	1948	0.531	0.531	0.26	1
1768	270	0.531	0.531	0.82	1
1439	2599	0.531	0.531	0.87	1
3763	582	0.531	0.531	0.36	1
3762	416	0.531	0.531	0.55	1
2658	3495	0.531	0.531	0.52	1
9	2886	0.531	0.531	0.68	1
5748	868	0.530	0.530	0.70	1
4551	495	0.530	0.530	0.86	1
2260	3201	0.530	0.530	0.84	1
2218	349	0.530	0.530	0.84	1
1489	369	0.530	0.530	0.71	1
3562	3144	0.530	0.530	0.81	1
3915	2906	0.530	0.530	0.66	1
80	575	0.530	0.530	0.75	1
1851	232	0.530	0.530	0.64	1
1407	3	0.530	0.530	0.60	1
5683	3095	0.530	0.530	0.44	1
4380	5616	0.530	0.530	0.77	1
4114	3161	0.530	0.530	0.83	1
3813	3798	0.530	0.530	0.67	1
4510	3110	0.530	0.530	0.56	1
1762	325	0.530	0.530	0.79	1
2190	3000	0.530	0.530	0.78	1
1186	2296	0.529	0.529	0.86	1
4168	4806	0.529	0.529	0.78	1
1743	2096	0.529	0.529	0.28	1
911	2141	0.529	0.529	0.75	1
5116	2609	0.529	0.529	0.58	1
1069	767	0.529	0.529	0.63	1
5571	3355	0.529	0.529	0.82	1
4458	72	0.529	0.529	0.91	1
3048	2949	0.529	0.529	0.49	1
3141	779	0.529	0.529	0.83	1
2939	765	0.529	0.529	0.60	1
2898	3462	0.529	0.529	0.84	1
5488	5602	0.529	0.529	0.42	1
3796	2056	0.529	0.529	0.80	1
1662	2567	0.529	0.529	0.77	1
4113	4510	0.529	0.529	0.56	1
1439	2306	0.529	0.529	0.89	1
5906	5985	0.528	0.528	0.65	1
1288	4237	0.528	0.528	0.45	1
3876	4513	0.528	0.528	0.66	1
8	5363	0.528	0.528	0.68	1
4448	4279	0.528	0.528	0.69	1
5231	2722	0.528	0.528	0.83	1
4485	3071	0.528	0.528	0.81	1
4782	3057	0.528	0.528	0.40	1
3913	5261	0.528	0.528	0.59	1
2607	5873	0.528	0.528	0.73	1
1743	1701	0.528	0.528	0.49	1
4014	3023	0.528	0.528	0.77	1
3204	236	0.528	0.528	0.56	1
2903	3038	0.527	0.527	0.80	1
1517	5775	0.527	0.527	0.67	1
841	6137	0.527	0.527	0.73	1
1186	5191	0.527	0.527	0.85	1
2994	307	0.527	0.527	0.74	1
1596	679	0.527	0.527	0.90	1
1719	5034	0.527	0.527	0.57	1
6087	376	0.527	0.527	0.26	1
2306	2567	0.527	0.527	0.82	1
5329	2781	0.527	0.527	0.88	1
5098	2802	0.527	0.527	0.44	1
4857	2967	0.527	0.527	0.31	1
4971	765	0.527	0.527	0.54	1
4486	861	0.527	0.527	0.41	1
905	3922	0.527	0.527	0.84	1
3547	3801	0.527	0.527	0.65	1
3961	709	0.526	0.526	0.76	1
4208	1709	0.526	0.526	0.66	1
2872	3270	0.526	0.526	0.66	1
983	2469	0.526	0.526	0.73	1
2004	5938	0.526	0.526	0.84	1
2704	5989	0.526	0.526	0.47	1
2300	850	0.526	0.526	0.70	1
2978	3086	0.526	0.526	0.24	1
2128	790	0.526	0.526	0.62	1
5462	511	0.526	0.526	0.70	1
4265	781	0.526	0.526	0.50	1
3787	2722	0.526	0.526	0.63	1
2138	728	0.526	0.526	0.70	1
1410	6016	0.526	0.526	0.67	1
2194	34	0.525	0.525	0.81	1
1604	5614	0.525	0.525	0.80	1
967	3669	0.525	0.525	0.65	1
5288	6089	0.525	0.525	0.73	1
3766	1218	0.525	0.525	0.82	1
1501	3441	0.525	0.525	0.82	1
1510	2886	0.525	0.525	0.66	1
4781	375	0.525	0.525	0.86	1
3582	1789	0.525	0.525	0.83	1
2363	2526	0.525	0.525	0.65	1
1833	3508	0.525	0.525	0.26	1
2850	401	0.525	0.525	0.86	1
5093	1496	0.525	0.525	0.69	1
4434	40	0.525	0.525	0.45	1
4577	212	0.524	0.524	0.50	1
3936	2260	0.524	0.524	0.84	1
2167	139	0.524	0.524	0.77	1
4863	5649	0.524	0.524	0.85	1
903	4502	0.524	0.524	0.71	1
998	68	0.524	0.524	0.67	1
4342	5674	0.524	0.524	0.76	1
2604	5578	0.523	0.523	0.88	1
369	854	0.523	0.523	0.78	1
5504	75	0.523	0.523	0.55	1
2129	5150	0.523	0.523	0.34	1
1319	3299	0.523	0.523	0.73	1
4582	4673	0.523	0.523	0.39	1
3614	4577	0.523	0.523	0.40	1
1019	2457	0.523	0.523	0.33	1
5922	40	0.523	0.523	0.53	1
4609	765	0.523	0.523	0.58	1
3275	781	0.523	0.523	0.51	1
2431	1489	0.523	0.523	0.75	1
2557	163	0.523	0.523	0.80	1
1612	6027	0.523	0.523	0.62	1
6016	721	0.522	0.522	0.78	1
4106	5499	0.522	0.522	0.62	1
940	4836	0.522	0.522	0.52	1
1762	4827	0.522	0.522	0.81	1
4315	6079	0.522	0.522	0.79	1
4390	5318	0.522	0.522	0.73	1
1340	5782	0.522	0.522	0.74	1
1318	72	0.522	0.522	0.87	1
4510	2810	0.522	0.522	0.60	1
2872	705	0.522	0.522	0.69	1
946	1789	0.522	0.522	0.81	1
3860	3261	0.522	0.522	0.79	1
1976	5137	0.522	0.522	0.82	1
1502	600	0.522	0.522	0.53	1
1292	3799	0.522	0.522	0.69	1
5618	6032	0.521	0.521	0.83	1
3565	4986	0.521	0.521	0.62	1
3936	72	0.521	0.521	0.87	1
947	2721	0.521	0.521	0.52	1
2272	798	0.521	0.521	0.75	1
1656	790	0.521	0.521	0.68	1
1283	2200	0.521	0.521	0.89	1
1725	1562	0.521	0.521	0.42	1
4267	2552	0.521	0.521	0.37	1
3884	3038	0.521	0.521	0.83	1
1342	3512	0.521	0.521	0.75	1
1763	637	0.520	0.520	0.84	1
1323	1331	0.520	0.520	0.50	1
3971	4705	0.520	0.520	0.71	1
372	790	0.520	0.520	0.80	1
2967	780	0.520	0.520	0.62	1
3787	3042	0.520	0.520	0.58	1
3279	511	0.520	0.520	0.69	1
4599	1974	0.520	0.520	0.71	1
4459	2737	0.520	0.520	0.84	1
2138	3414	0.520	0.520	0.75	1
3838	5574	0.520	0.520	0.83	1
2775	2814	0.520	0.520	0.35	1
1946	573	0.520	0.520	0.59	1
3787	864	0.520	0.520	0.62	1
5450	5831	0.520	0.520	0.54	1
2000	2153	0.520	0.520	0.81	1
3838	5273	0.519	0.519	0.79	1
2240	2291	0.519	0.519	0.86	1
1464	340	0.519	0.519	0.69	1
2091	440	0.519	0.519	0.60	1
1240	40	0.519	0.519	0.51	1
4401	5178	0.519	0.519	0.82	1
4441	5709	0.519	0.519	0.39	1
4128	4434	0.519	0.519	0.43	1
3936	5614	0.519	0.519	0.80	1
3791	4069	0.519	0.519	0.82	1
1388	4380	0.519	0.519	0.85	1
5011	3376	0.519	0.519	0.76	1
2584	5871	0.519	0.519	0.67	1
907	1766	0.519	0.519	0.68	1
1768	234	0.519	0.519	0.84	1
1189	4106	0.519	0.519	0.60	1
1	2480	0.519	0.519	0.62	1
3716	1541	0.519	0.519	0.77	1
1850	3311	0.519	0.519	0.54	1
937	798	0.519	0.519	0.75	1
4431	2384	0.518	0.518	0.78	1
1344	1957	0.518	0.518	0.76	1
4528	2939	0.518	0.518	0.87	1
1856	5064	0.518	0.518	0.61	1
5440	80	0.518	0.518	0.84	1
1197	506	0.518	0.518	0.87	1
1572	335	0.518	0.518	0.59	1
3608	679	0.518	0.518	0.70	1
3481	401	0.518	0.518	0.86	1
5625	5986	0.518	0.518	0.66	1
1998	3474	0.518	0.518	0.68	1
1650	1992	0.518	0.518	0.71	1
4135	4613	0.517	0.517	0.66	1
1642	5719	0.517	0.517	0.89	1
1433	6016	0.517	0.517	0.67	1
4562	4105	0.517	0.517	0.66	1
4010	568	0.517	0.517	0.68	1
1225	413	0.517	0.517	0.92	1
3732	51	0.517	0.517	0.64	1
2517	5984	0.517	0.517	0.76	1
4102	5905	0.517	0.517	0.39	1
1596	5386	0.517	0.517	0.81	1
2129	487	0.517	0.517	0.54	1
1948	152	0.517	0.517	0.77	1
1852	234	0.517	0.517	0.86	1
1344	5231	0.517	0.517	0.80	1
4193	469	0.516	0.516	0.87	1
1567	22	0.516	0.516	0.55	1
1923	5191	0.516	0.516	0.80	1
2420	2667	0.516	0.516	0.76	1
6087	3281	0.516	0.516	0.27	1
2072	4898	0.516	0.516	0.70	1
4485	3376	0.516	0.516	0.93	1
4072	171	0.516	0.516	0.66	1
3829	1850	0.516	0.516	0.46	1
4706	798	0.516	0.516	0.80	1
3711	4785	0.516	0.516	0.79	1
2138	3415	0.516	0.516	0.70	1
1328	1579	0.516	0.516	0.72	1
4606	2693	0.516	0.516	0.70	1
2967	5906	0.516	0.516	0.59	1
4947	2926	0.515	0.515	0.85	1
3924	2306	0.515	0.515	0.87	1
1236	5990	0.515	0.515	0.69	1
5892	420	0.515	0.515	0.56	1
4693	5375	0.515	0.515	0.83	1
2727	3271	0.515	0.515	0.60	1
3842	3927	0.515	0.515	0.62	1
3639	5742	0.515	0.515	0.77	1
3622	1802	0.515	0.515	0.81	1
2926	6066	0.515	0.515	0.71	1
1284	630	0.515	0.515	0.85	1
4806	4745	0.515	0.515	0.76	1
3544	932	0.515	0.515	0.55	1
2168	4875	0.515	0.515	0.83	1
4692	6054	0.515	0.515	0.57	1
4141	5334	0.515	0.515	0.64	1
5204	301	0.515	0.515	0.71	1
5790	6165	0.515	0.515	0.86	1
4607	4636	0.515	0.515	0.70	1
1298	5045	0.515	0.515	0.74	1
1282	1478	0.515	0.515	0.71	1
5260	5790	0.515	0.515	0.85	1
1388	1604	0.515	0.515	0.88	1
5204	780	0.514	0.514	0.66	1
4021	175	0.514	0.514	0.70	1
5386	3000	0.514	0.514	0.79	1
2168	2431	0.514	0.514	0.89	1
1712	5341	0.514	0.514	0.88	1
1572	383	0.514	0.514	0.54	1
2401	2955	0.514	0.514	0.74	1
2491	2653	0.514	0.514	0.53	1
1474	2557	0.514	0.514	0.86	1
5495	5926	0.514	0.514	0.56	1
3947	2072	0.514	0.514	0.77	1
5099	724	0.514	0.514	0.64	1
1889	1509	0.514	0.514	0.76	1
1439	5578	0.514	0.514	0.89	1
2699	5854	0.514	0.514	0.44	1
4102	3003	0.513	0.513	0.73	1
1937	3042	0.513	0.513	0.81	1
4577	767	0.513	0.513	0.62	1
1109	2076	0.513	0.513	0.70	1
677	6166	0.513	0.513	0.75	1
3544	4609	0.513	0.513	0.51	1
3715	625	0.513	0.513	0.83	1
2499	2907	0.513	0.513	0.76	1
1305	1572	0.513	0.513	0.64	1
2838	3095	0.513	0.513	0.39	1
4459	3091	0.513	0.513	0.87	1
3869	6016	0.513	0.513	0.77	1
3759	3071	0.513	0.513	0.55	1
5789	3879	0.513	0.513	0.72	1
5211	239	0.513	0.513	0.63	1
1515	1683	0.513	0.513	0.60	1
396	440	0.513	0.513	0.45	1
2752	5462	0.513	0.513	0.68	1
1340	1712	0.513	0.513	0.88	1
2145	755	0.512	0.512	0.71	1
5150	5992	0.512	0.512	0.71	1
4384	758	0.512	0.512	0.72	1
4106	1360	0.512	0.512	0.70	1
5196	394	0.512	0.512	0.84	1
4193	3342	0.512	0.512	0.86	1
4094	5137	0.512	0.512	0.79	1
3969	1937	0.512	0.512	0.70	1
5041	6125	0.512	0.512	0.56	1
1210	5248	0.512	0.512	0.86	1
3577	5502	0.512	0.512	0.90	1
1076	3924	0.512	0.512	0.81	1
5204	3152	0.512	0.512	0.60	1
3094	3364	0.512	0.512	0.38	1
1911	2548	0.512	0.512	0.77	1
1089	4390	0.512	0.512	0.81	1
3213	784	0.511	0.511	0.40	1
1992	68	0.511	0.511	0.64	1
1045	339	0.511	0.511	0.35	1
2431	6034	0.511	0.511	0.88	1
1407	1799	0.511	0.511	0.48	1
1185	2301	0.511	0.511	0.80	1
5654	3331	0.511	0.511	0.77	1
3039	629	0.511	0.511	0.83	1
416	864	0.511	0.511	0.68	1
5231	113	0.510	0.510	0.81	1
4991	40	0.510	0.510	0.51	1
964	5567	0.510	0.510	0.62	1
1911	2906	0.510	0.510	0.53	1
1703	570	0.510	0.510	0.64	1
1624	305	0.510	0.510	0.50	1
5708	5992	0.510	0.510	0.82	1
4080	2939	0.510	0.510	0.76	1
3716	5137	0.510	0.510	0.81	1
1799	2358	0.510	0.510	0.48	1
2471	6053	0.510	0.510	0.47	1
5356	765	0.510	0.510	0.63	1
1567	4412	0.510	0.510	0.62	1
4857	3118	0.509	0.509	0.64	1
4471	1805	0.509	0.509	0.82	1
2236	4918	0.509	0.509	0.31	1
4390	2443	0.509	0.509	0.65	1
1795	2575	0.509	0.509	0.72	1
4396	4342	0.509	0.509	0.88	1
2006	6165	0.509	0.509	0.86	1
1998	3331	0.509	0.509	0.67	1
1308	4628	0.509	0.509	0.56	1
911	3039	0.509	0.509	0.83	1
4744	4991	0.509	0.509	0.38	1
1360	5499	0.509	0.509	0.70	1
1069	2138	0.509	0.509	0.60	1
2556	3370	0.509	0.509	0.72	1
2830	5463	0.508	0.508	0.72	1
1768	5105	0.508	0.508	0.82	1
1284	4829	0.508	0.508	0.80	1
5509	40	0.508	0.508	0.41	1
6182	6188	0.508	0.508	0.45	1
3787	1344	0.508	0.508	0.57	1
1094	5709	0.508	0.508	0.69	1
2401	3107	0.508	0.508	0.81	1
2301	409	0.508	0.508	0.52	1
1199	6016	0.508	0.508	0.72	1
2360	5815	0.508	0.508	0.78	1
2480	2886	0.508	0.508	0.51	1
4814	2454	0.508	0.508	0.76	1
2759	69	0.508	0.508	0.67	1
5012	3467	0.507	0.507	0.77	1
2390	6025	0.507	0.507	0.79	1
2033	3430	0.507	0.507	0.82	1
2129	2898	0.507	0.507	0.30	1
1813	2847	0.507	0.507	0.45	1
1171	4852	0.507	0.507	0.77	1
4875	4673	0.507	0.507	0.59	1
4521	5491	0.507	0.507	0.92	1
6016	408	0.507	0.507	0.69	1
4135	4577	0.507	0.507	0.68	1
3370	3446	0.507	0.507	0.73	1
1846	4627	0.507	0.507	0.83	1
6016	670	0.506	0.506	0.67	1
5414	6043	0.506	0.506	0.86	1
2680	5487	0.506	0.506	0.89	1
2149	5578	0.506	0.506	0.85	1
5134	4839	0.506	0.506	0.40	1
4577	5039	0.506	0.506	0.45	1
2693	4047	0.506	0.506	0.62	1
5843	6086	0.506	0.506	0.55	1
4576	5592	0.506	0.506	0.83	1
4575	42	0.506	0.506	0.78	1
2436	6016	0.506	0.506	0.60	1
5964	71	0.506	0.506	0.69	1
5247	5905	0.506	0.506	0.39	1
991	2260	0.506	0.506	0.84	1
4583	5790	0.506	0.506	0.86	1
4448	3438	0.506	0.506	0.82	1
2243	3514	0.506	0.506	0.70	1
1998	3358	0.506	0.506	0.80	1
1415	691	0.506	0.506	0.61	1
5991	5694	0.506	0.506	0.34	1
5216	5738	0.506	0.506	0.79	1
4583	2006	0.506	0.506	0.86	1
3547	2167	0.506	0.506	0.79	1
3446	552	0.506	0.506	0.26	1
2870	5674	0.506	0.506	0.49	1
1015	5656	0.505	0.505	0.58	1
1119	2443	0.505	0.505	0.68	1
3687	297	0.505	0.505	0.43	1
5858	443	0.505	0.505	0.70	1
3703	1509	0.505	0.505	0.75	1
441	586	0.505	0.505	0.77	1
4613	728	0.505	0.505	0.79	1
2301	5418	0.505	0.505	0.86	1
1298	3703	0.505	0.505	0.71	1
5155	3129	0.505	0.505	0.61	1
4168	2539	0.505	0.505	0.77	1
4817	46	0.504	0.504	0.91	1
3971	2668	0.504	0.504	0.67	1
2871	6054	0.504	0.504	0.48	1
2141	183	0.504	0.504	0.61	1
2802	164	0.504	0.504	0.48	1
6002	6127	0.504	0.504	0.84	1
4099	2480	0.504	0.504	0.59	1
3806	1922	0.504	0.504	0.70	1
1446	2480	0.504	0.504	0.54	1
3873	4767	0.504	0.504	0.34	1
3763	1312	0.504	0.504	0.58	1
1911	4890	0.504	0.504	0.72	1
4981	2808	0.504	0.504	0.65	1
4673	2431	0.504	0.504	0.44	1
4238	6087	0.504	0.504	0.42	1
2452	147	0.504	0.504	0.33	1
1197	4198	0.504	0.504	0.84	1
4803	586	0.504	0.504	0.76	1
5132	338	0.503	0.503	0.71	1
2674	6071	0.503	0.503	0.46	1
1056	9	0.503	0.503	0.19	1
1049	206	0.503	0.503	0.27	1
5618	706	0.503	0.503	0.83	1
3686	4021	0.503	0.503	0.68	1
5758	348	0.503	0.503	0.74	1
2740	68	0.503	0.503	0.63	1
2549	2906	0.503	0.503	0.45	1
1464	2872	0.503	0.503	0.66	1
610	630	0.503	0.503	0.76	1
4986	2778	0.503	0.503	0.67	1
2329	5195	0.503	0.503	0.82	1
4554	42	0.503	0.503	0.79	1
3060	3404	0.503	0.503	0.58	1
3908	1463	0.503	0.503	0.81	1
1282	3378	0.503	0.503	0.83	1
984	6016	0.503	0.503	0.71	1
3815	3270	0.503	0.503	0.63	1
2431	854	0.503	0.503	0.83	1
2244	236	0.503	0.503	0.44	1
1258	144	0.503	0.503	0.60	1
1189	5499	0.503	0.503	0.59	1
932	4609	0.503	0.503	0.83	1
5433	668	0.502	0.502	0.56	1
1146	2306	0.502	0.502	0.85	1
2024	3000	0.502	0.502	0.77	1
1243	4803	0.502	0.502	0.80	1
1230	175	0.502	0.502	0.80	1
2698	6045	0.502	0.502	0.51	1
1937	2903	0.502	0.502	0.77	1
4510	5970	0.502	0.502	0.53	1
1587	2416	0.502	0.502	0.63	1
1124	3950	0.502	0.502	0.28	1
6051	2907	0.502	0.502	0.81	1
4206	5873	0.502	0.502	0.49	1
4563	623	0.502	0.502	0.77	1
1186	4878	0.502	0.502	0.83	1
1036	3079	0.502	0.502	0.29	1
5854	5755	0.502	0.502	0.43	1
5790	34	0.502	0.502	0.84	1
5318	3032	0.502	0.502	0.89	1
1856	3088	0.502	0.502	0.56	1
1298	1889	0.502	0.502	0.74	1
2613	741	0.502	0.502	0.66	1
5854	1609	0.501	0.501	0.42	1
2153	3360	0.501	0.501	0.75	1
938	4773	0.501	0.501	0.72	1
3762	171	0.501	0.501	0.67	1
2265	3067	0.501	0.501	0.69	1
1655	5616	0.501	0.501	0.75	1
3342	122	0.501	0.501	0.84	1
1596	2190	0.501	0.501	0.76	1
3	2480	0.501	0.501	0.53	1
4652	2072	0.501	0.501	0.74	1
4914	5917	0.501	0.501	0.56	1
2138	5324	0.501	0.501	0.67	1
4827	2751	0.501	0.501	0.75	1
2168	5664	0.501	0.501	0.85	1
5690	3094	0.501	0.501	0.33	1
1842	121	0.501	0.501	0.85	1
5710	40	0.501	0.501	0.54	1
3279	3325	0.501	0.501	0.72	1
4259	1743	0.500	0.500	0.30	1
2233	96	0.500	0.500	0.48	1
1408	4230	0.500	0.500	0.69	1
6037	4278	0.500	0.500	0.76	1
4485	3000	0.500	0.500	0.91	1
2077	6031	0.500	0.500	0.75	1
4775	2535	0.500	0.500	0.37	1
2111	2791	0.500	0.500	0.68	1
1037	1237	0.500	0.500	0.50	1
3824	336	0.500	0.500	0.67	1
982	5150	0.500	0.500	0.75	1
3284	5926	0.500	0.500	0.59	1
3726	3312	0.500	0.500	0.74	1
2241	4899	0.500	0.500	0.61	1
990	3155	0.500	0.500	0.76	1
5728	112	0.500	0.500	0.73	1
4421	1787	0.500	0.500	0.40	1
4744	3252	0.500	0.500	0.39	1
4693	6053	0.500	0.500	0.84	1
2339	4298	0.500	0.500	0.58	1
1693	3207	0.500	0.500	0.42	1
3692	4577	0.499	0.499	0.29	1
1789	4510	0.499	0.499	0.83	1
2569	5067	0.499	0.499	0.57	1
2363	5337	0.499	0.499	0.26	1
4157	4689	0.499	0.499	0.29	1
1076	5536	0.499	0.499	0.78	1
216	424	0.499	0.499	0.54	1
3762	1447	0.499	0.499	0.59	1
34	677	0.499	0.499	0.74	1
4985	2358	0.499	0.499	0.54	1
3589	40	0.499	0.499	0.50	1
1889	5045	0.499	0.499	0.73	1
1766	1551	0.499	0.499	0.48	1
1056	2978	0.499	0.499	0.19	1
6016	462	0.499	0.499	0.69	1
4487	5409	0.499	0.499	0.71	1
2697	5440	0.499	0.499	0.83	1
5131	6087	0.499	0.499	0.46	1
1736	4562	0.499	0.499	0.66	1
5261	5819	0.499	0.499	0.53	1
1534	4135	0.499	0.499	0.65	1
3129	5872	0.498	0.498	0.55	1
1898	2820	0.498	0.498	0.83	1
1204	5965	0.498	0.498	0.80	1
3815	5809	0.498	0.498	0.68	1
1595	8	0.498	0.498	0.72	1
5045	1509	0.498	0.498	0.74	1
3815	1911	0.498	0.498	0.50	1
1510	3	0.498	0.498	0.63	1
40	767	0.498	0.498	0.56	1
3270	1496	0.498	0.498	0.64	1
940	5109	0.498	0.498	0.75	1
4863	877	0.497	0.497	0.70	1
2570	5554	0.497	0.497	0.70	1
2065	2443	0.497	0.497	0.68	1
5187	2260	0.497	0.497	0.82	1
4692	5708	0.497	0.497	0.58	1
3813	4441	0.497	0.497	0.64	1
1388	1655	0.497	0.497	0.83	1
5738	139	0.497	0.497	0.79	1
1662	3225	0.497	0.497	0.83	1
4403	5100	0.496	0.496	0.28	1
4105	365	0.496	0.496	0.56	1
1596	4485	0.496	0.496	0.91	1
2357	790	0.496	0.496	0.53	1
728	790	0.496	0.496	0.84	1
4778	6106	0.496	0.496	0.71	1
3256	668	0.496	0.496	0.47	1
4114	5105	0.496	0.496	0.79	1
1105	3316	0.496	0.496	0.66	1
1076	1439	0.496	0.496	0.82	1
1092	2717	0.496	0.496	0.50	1
2453	33	0.496	0.496	0.70	1
1759	73	0.496	0.496	0.78	1
3799	1881	0.496	0.496	0.74	1
3563	1337	0.496	0.496	0.37	1
2804	5926	0.496	0.496	0.39	1
2045	2499	0.496	0.496	0.69	1
5882	3502	0.496	0.496	0.69	1
5422	3400	0.496	0.496	0.78	1
5058	3933	0.496	0.496	0.45	1
4513	5540	0.495	0.495	0.67	1
4263	5131	0.495	0.495	0.45	1
4079	4263	0.495	0.495	0.22	1
3798	6	0.495	0.495	0.62	1
2301	2824	0.495	0.495	0.76	1
4171	312	0.495	0.495	0.81	1
5231	3042	0.495	0.495	0.81	1
1005	3560	0.495	0.495	0.23	1
20	4209	0.495	0.495	0.83	1
5965	381	0.495	0.495	0.86	1
3605	5658	0.495	0.495	0.24	1
3558	3039	0.495	0.495	0.69	1
1625	5561	0.495	0.495	0.55	1
3971	3763	0.495	0.495	0.38	1
3830	5854	0.494	0.494	0.39	1
5330	5940	0.494	0.494	0.60	1
2816	3444	0.494	0.494	0.40	1
1851	2697	0.494	0.494	0.71	1
1752	1976	0.494	0.494	0.85	1
2129	6054	0.494	0.494	0.46	1
2758	6000	0.494	0.494	0.54	1
1474	2145	0.494	0.494	0.69	1
1148	479	0.494	0.494	0.82	1
5547	570	0.494	0.494	0.80	1
4236	5516	0.494	0.494	0.49	1
2080	4783	0.494	0.494	0.37	1
1298	2282	0.494	0.494	0.71	1
1253	2178	0.494	0.494	0.28	1
1699	2563	0.494	0.494	0.65	1
1148	2988	0.494	0.494	0.28	1
2226	4909	0.494	0.494	0.42	1
1789	5324	0.494	0.494	0.84	1
573	755	0.494	0.494	0.57	1
3453	4105	0.493	0.493	0.69	1
1080	2885	0.493	0.493	0.81	1
690	776	0.493	0.493	0.71	1
2940	2802	0.493	0.493	0.50	1
1510	4238	0.493	0.493	0.57	1
1171	3841	0.493	0.493	0.76	1
3815	1552	0.493	0.493	0.64	1
1439	1662	0.493	0.493	0.81	1
4330	2727	0.493	0.493	0.86	1
2282	1509	0.493	0.493	0.75	1
1289	405	0.493	0.493	0.58	1
6016	646	0.493	0.493	0.69	1
1247	2745	0.493	0.493	0.74	1
3982	2617	0.492	0.492	0.86	1
4157	4563	0.492	0.492	0.75	1
3800	1881	0.492	0.492	0.78	1
3787	80	0.492	0.492	0.61	1
3931	2443	0.492	0.492	0.69	1
1965	4609	0.492	0.492	0.56	1
1998	5654	0.492	0.492	0.73	1
1456	473	0.492	0.492	0.36	1
1191	4596	0.492	0.492	0.72	1
4673	767	0.492	0.492	0.61	1
3262	1466	0.492	0.492	0.42	1
1278	3913	0.492	0.492	0.59	1
4462	3071	0.492	0.492	0.49	1
2480	226	0.492	0.492	0.54	1
1728	4806	0.492	0.492	0.75	1
1976	5334	0.492	0.492	0.78	1
940	1240	0.492	0.492	0.51	1
4348	3028	0.491	0.491	0.55	1
3589	236	0.491	0.491	0.50	1
2548	369	0.491	0.491	0.83	1
1394	1925	0.491	0.491	0.34	1
1064	2301	0.491	0.491	0.84	1
4013	734	0.491	0.491	0.59	1
1437	3517	0.491	0.491	0.61	1
5566	750	0.491	0.491	0.39	1
4617	6016	0.491	0.491	0.72	1
1040	40	0.491	0.491	0.52	1
2570	486	0.491	0.491	0.57	1
3815	3426	0.491	0.491	0.64	1
2262	2300	0.491	0.491	0.83	1
6102	1030	0.491	0.491	0.58	1
1289	5869	0.491	0.491	0.57	1
3579	5749	0.491	0.491	0.91	1
5330	5740	0.491	0.491	0.48	1
5013	6094	0.491	0.491	0.81	1
3815	1464	0.490	0.490	0.66	1
1105	2575	0.490	0.490	0.76	1
5763	5831	0.490	0.490	0.44	1
986	4942	0.490	0.490	0.36	1
5318	3321	0.490	0.490	0.68	1
1602	70	0.490	0.490	0.83	1
2799	32	0.490	0.490	0.25	1
9	5131	0.490	0.490	0.46	1
5854	5938	0.490	0.490	0.43	1
4986	5606	0.490	0.490	0.64	1
4777	487	0.490	0.490	0.57	1
1773	5923	0.490	0.490	0.61	1
3575	1607	0.490	0.490	0.58	1
2363	5819	0.490	0.490	0.27	1
2025	9	0.490	0.490	0.46	1
3570	2772	0.490	0.490	0.80	1
3936	6061	0.490	0.490	0.76	1
1016	2912	0.490	0.490	0.84	1
5809	1496	0.490	0.490	0.69	1
4128	2129	0.489	0.489	0.44	1
2116	2287	0.489	0.489	0.62	1
5895	6016	0.489	0.489	0.49	1
2882	6016	0.489	0.489	0.65	1
4817	5138	0.489	0.489	0.89	1
4134	6137	0.489	0.489	0.68	1
1465	5125	0.489	0.489	0.81	1
937	813	0.489	0.489	0.76	1
1197	2738	0.489	0.489	0.78	1
4064	629	0.488	0.488	0.73	1
3791	6130	0.488	0.488	0.77	1
2906	153	0.488	0.488	0.63	1
1286	709	0.488	0.488	0.72	1
5817	6016	0.488	0.488	0.75	1
3732	735	0.488	0.488	0.62	1
4715	2135	0.488	0.488	0.53	1
1700	4563	0.488	0.488	0.78	1
959	3256	0.488	0.488	0.44	1
932	663	0.488	0.488	0.76	1
4875	5618	0.488	0.488	0.80	1
3940	2139	0.488	0.488	0.43	1
3732	3978	0.488	0.488	0.39	1
4256	4441	0.488	0.488	0.39	1
1957	2722	0.488	0.488	0.73	1
2431	2548	0.488	0.488	0.86	1
3634	2679	0.488	0.488	0.68	1
2569	2941	0.488	0.488	0.64	1
1740	680	0.488	0.488	0.77	1
5683	710	0.488	0.488	0.68	1
2801	2872	0.488	0.488	0.66	1
2565	6033	0.487	0.487	0.34	1
2487	5334	0.487	0.487	0.60	1
2443	3332	0.487	0.487	0.71	1
2025	6087	0.487	0.487	0.49	1
5892	177	0.487	0.487	0.56	1
4263	3281	0.487	0.487	0.33	1
1766	4750	0.487	0.487	0.29	1
4827	73	0.487	0.487	0.73	1
6097	370	0.487	0.487	0.79	1
4628	281	0.487	0.487	0.50	1
3380	340	0.487	0.487	0.76	1
2011	843	0.487	0.487	0.47	1
905	469	0.487	0.487	0.82	1
4092	1507	0.487	0.487	0.82	1
5242	678	0.486	0.486	0.83	1
5110	5749	0.486	0.486	0.52	1
4857	5530	0.486	0.486	0.74	1
3801	1098	0.486	0.486	0.77	1
3183	6079	0.486	0.486	0.73	1
3118	71	0.486	0.486	0.54	1
2783	2946	0.486	0.486	0.84	1
1243	441	0.486	0.486	0.79	1
5422	771	0.486	0.486	0.60	1
4170	40	0.486	0.486	0.44	1
3884	575	0.486	0.486	0.75	1
1985	1479	0.486	0.486	0.67	1
1404	5098	0.486	0.486	0.73	1
992	1699	0.486	0.486	0.74	1
5561	719	0.486	0.486	0.69	1
4658	41	0.486	0.486	0.78	1
4304	2601	0.486	0.486	0.76	1
4114	3936	0.486	0.486	0.80	1
2283	379	0.486	0.486	0.75	1
4680	4742	0.486	0.486	0.67	1
4135	790	0.486	0.486	0.71	1
4114	5334	0.486	0.486	0.75	1
3774	2980	0.486	0.486	0.81	1
3767	1468	0.486	0.486	0.65	1
3292	380	0.486	0.486	0.58	1
2801	1496	0.486	0.486	0.66	1
1076	2567	0.486	0.486	0.76	1
5336	2872	0.486	0.486	0.64	1
4488	5195	0.486	0.486	0.83	1
5738	572	0.486	0.486	0.74	1
3831	1557	0.486	0.486	0.48	1
4582	2548	0.486	0.486	0.81	1
1937	113	0.486	0.486	0.76	1
3703	292	0.485	0.485	0.72	1
1552	1496	0.485	0.485	0.64	1
1659	487	0.485	0.485	0.53	1
2173	2872	0.485	0.485	0.66	1
1646	623	0.485	0.485	0.28	1
4384	40	0.485	0.485	0.62	1
3686	40	0.485	0.485	0.37	1
5334	3407	0.485	0.485	0.79	1
1567	4473	0.485	0.485	0.57	1
2181	2161	0.485	0.485	0.73	1
4092	4955	0.485	0.485	0.77	1
2259	6016	0.485	0.485	0.65	1
1506	5047	0.484	0.484	0.41	1
2640	5814	0.484	0.484	0.49	1
5488	5495	0.484	0.484	0.50	1
2988	1546	0.484	0.484	0.50	1
3562	5983	0.484	0.484	0.24	1
964	5111	0.484	0.484	0.60	1
4583	677	0.484	0.484	0.74	1
1404	5656	0.484	0.484	0.72	1
1161	340	0.484	0.484	0.68	1
906	5488	0.484	0.484	0.69	1
1889	3703	0.484	0.484	0.74	1
2609	5938	0.484	0.484	0.38	1
952	2783	0.484	0.484	0.80	1
1699	5065	0.484	0.484	0.74	1
1232	2751	0.484	0.484	0.71	1
4129	3879	0.483	0.483	0.56	1
3787	416	0.483	0.483	0.66	1
2480	5461	0.483	0.483	0.60	1
2189	5485	0.483	0.483	0.60	1
1838	671	0.483	0.483	0.43	1
1747	3252	0.483	0.483	0.50	1
2141	5463	0.483	0.483	0.61	1
1047	2335	0.483	0.483	0.55	1
5417	494	0.483	0.483	0.46	1
4128	2115	0.483	0.483	0.81	1
4199	1881	0.483	0.483	0.72	1
340	551	0.483	0.483	0.70	1
4742	3038	0.483	0.483	0.70	1
1789	81	0.483	0.483	0.86	1
1620	5840	0.483	0.483	0.71	1
1248	2301	0.483	0.483	0.66	1
3589	854	0.483	0.483	0.81	1
1572	5067	0.483	0.483	0.51	1
4544	2823	0.483	0.483	0.70	1
2369	623	0.483	0.483	0.29	1
1534	287	0.483	0.483	0.79	1
4167	5530	0.483	0.483	0.66	1
1623	5758	0.482	0.482	0.79	1
4088	2087	0.482	0.482	0.78	1
1232	73	0.482	0.482	0.77	1
5800	2802	0.482	0.482	0.50	1
1623	3215	0.482	0.482	0.76	1
4673	369	0.482	0.482	0.57	1
3626	356	0.482	0.482	0.53	1
2569	118	0.482	0.482	0.60	1
1625	2141	0.482	0.482	0.58	1
20	281	0.482	0.482	0.58	1
4380	2167	0.482	0.482	0.83	1
4309	6086	0.482	0.482	0.67	1
4986	3066	0.482	0.482	0.41	1
2561	277	0.482	0.482	0.68	1
4654	2504	0.482	0.482	0.60	1
6125	4261	0.482	0.482	0.85	1
2599	3225	0.482	0.482	0.79	1
3476	32	0.481	0.481	0.20	1
3884	1937	0.481	0.481	0.71	1
2535	436	0.481	0.481	0.70	1
1317	51	0.481	0.481	0.65	1
3815	3380	0.481	0.481	0.76	1
1660	2393	0.481	0.481	0.77	1
2450	376	0.481	0.481	0.72	1
1157	3803	0.481	0.481	0.67	1
968	1967	0.481	0.481	0.77	1
964	751	0.481	0.481	0.64	1
2167	5216	0.481	0.481	0.84	1
4826	3396	0.481	0.481	0.47	1
3593	5288	0.481	0.481	0.41	1
1911	871	0.481	0.481	0.71	1
3188	340	0.481	0.481	0.70	1
1047	5760	0.481	0.481	0.51	1
4905	804	0.480	0.480	0.44	1
1015	5118	0.480	0.480	0.71	1
5636	368	0.480	0.480	0.77	1
3851	1171	0.480	0.480	0.75	1
3544	4971	0.480	0.480	0.52	1
2162	495	0.480	0.480	0.86	1
3589	5728	0.480	0.480	0.71	1
2670	3311	0.480	0.480	0.75	1
4092	251	0.480	0.480	0.53	1
3868	4540	0.480	0.480	0.73	1
2864	1551	0.480	0.480	0.36	1
3240	5837	0.480	0.480	0.29	1
1572	3284	0.480	0.480	0.49	1
4485	152	0.479	0.479	0.92	1
2592	528	0.479	0.479	0.63	1
1911	1496	0.479	0.479	0.48	1
6054	226	0.479	0.479	0.55	1
1094	354	0.479	0.479	0.70	1
3292	280	0.479	0.479	0.50	1
2607	5041	0.479	0.479	0.71	1
5099	348	0.479	0.479	0.44	1
4590	4676	0.479	0.479	0.78	1
6031	3514	0.479	0.479	0.62	1
4234	1820	0.479	0.479	0.32	1
3947	2360	0.479	0.479	0.65	1
3927	388	0.479	0.479	0.65	1
3309	6027	0.479	0.479	0.75	1
988	3360	0.479	0.479	0.80	1
3868	4974	0.479	0.479	0.81	1
4590	4502	0.479	0.479	0.30	1
3931	2352	0.479	0.479	0.38	1
3024	5793	0.479	0.479	0.30	1
1194	629	0.479	0.479	0.77	1
72	234	0.479	0.479	0.84	1
4518	2792	0.479	0.479	0.61	1
1170	4820	0.479	0.479	0.27	1
2710	4065	0.478	0.478	0.81	1
2057	3071	0.478	0.478	0.54	1
3822	642	0.478	0.478	0.65	1
3641	829	0.478	0.478	0.64	1
932	765	0.478	0.478	0.57	1
5231	2903	0.478	0.478	0.81	1
4563	5332	0.478	0.478	0.81	1
2453	155	0.478	0.478	0.69	1
1591	814	0.478	0.478	0.69	1
2138	409	0.478	0.478	0.74	1
889	1759	0.478	0.478	0.77	1
911	4810	0.478	0.478	0.68	1
5228	6130	0.478	0.478	0.68	1
2653	730	0.478	0.478	0.46	1
1098	5295	0.478	0.478	0.65	1
3541	5255	0.477	0.477	0.66	1
1237	281	0.477	0.477	0.63	1
2322	679	0.477	0.477	0.69	1
3813	1783	0.477	0.477	0.73	1
5382	671	0.477	0.477	0.38	1
5116	6128	0.477	0.477	0.46	1
992	2963	0.477	0.477	0.37	1
4279	5602	0.477	0.477	0.53	1
5333	6016	0.477	0.477	0.69	1
2851	6094	0.477	0.477	0.80	1
5570	236	0.477	0.477	0.69	1
3502	41	0.477	0.477	0.74	1
1407	2886	0.477	0.477	0.62	1
3038	3517	0.477	0.477	0.69	1
1446	6054	0.477	0.477	0.52	1
4058	198	0.476	0.476	0.30	1
3082	6087	0.476	0.476	0.53	1
1076	1146	0.476	0.476	0.76	1
5096	3365	0.476	0.476	0.68	1
3815	2679	0.476	0.476	0.68	1
3568	3009	0.476	0.476	0.54	1
2872	3188	0.476	0.476	0.68	1
2640	630	0.476	0.476	0.47	1
1625	4494	0.476	0.476	0.66	1
4528	765	0.476	0.476	0.60	1
1898	184	0.476	0.476	0.61	1
1	6087	0.476	0.476	0.53	1
3549	3024	0.476	0.476	0.53	1
3380	1496	0.476	0.476	0.75	1
2758	2967	0.476	0.476	0.50	1
1092	850	0.476	0.476	0.79	1
2557	2890	0.476	0.476	0.79	1
4380	4719	0.476	0.476	0.76	1
3484	572	0.476	0.476	0.81	1
2771	368	0.476	0.476	0.77	1
920	6000	0.476	0.476	0.58	1
474	6184	0.476	0.476	0.84	1
2719	5894	0.475	0.475	0.66	1
2491	5373	0.475	0.475	0.62	1
2443	431	0.475	0.475	0.52	1
2173	340	0.475	0.475	0.66	1
1795	3512	0.475	0.475	0.55	1
988	2000	0.475	0.475	0.80	1
4947	865	0.475	0.475	0.67	1
3380	6157	0.475	0.475	0.72	1
1846	3101	0.475	0.475	0.83	1
3968	5682	0.475	0.475	0.74	1
4597	527	0.475	0.475	0.69	1
1716	5749	0.475	0.475	0.53	1
1138	1553	0.474	0.474	0.76	1
906	2969	0.474	0.474	0.82	1
5164	216	0.474	0.474	0.58	1
1407	4985	0.474	0.474	0.55	1
3918	281	0.474	0.474	0.42	1
1534	1849	0.474	0.474	0.52	1
5363	22	0.474	0.474	0.48	1
4577	5205	0.474	0.474	0.79	1
5231	80	0.474	0.474	0.81	1
2183	5488	0.474	0.474	0.65	1
6072	312	0.474	0.474	0.84	1
420	599	0.474	0.474	0.46	1
3767	4310	0.474	0.474	0.58	1
1829	5491	0.474	0.474	0.90	1
2111	4936	0.473	0.473	0.50	1
4597	5755	0.473	0.473	0.63	1
940	2814	0.473	0.473	0.47	1
5106	5137	0.473	0.473	0.82	1
4852	121	0.473	0.473	0.78	1
4006	251	0.473	0.473	0.33	1
1851	4742	0.473	0.473	0.59	1
3712	6192	0.473	0.473	0.77	1
2634	5926	0.473	0.473	0.52	1
1115	4075	0.473	0.473	0.40	1
1043	3885	0.473	0.473	0.77	1
1546	751	0.473	0.473	0.39	1
5935	722	0.473	0.473	0.55	1
4748	2112	0.473	0.473	0.59	1
3278	820	0.473	0.473	0.36	1
2237	650	0.473	0.473	0.34	1
1130	671	0.473	0.473	0.43	1
3589	1489	0.472	0.472	0.72	1
3697	761	0.472	0.472	0.40	1
1954	2578	0.472	0.472	0.70	1
4151	495	0.472	0.472	0.85	1
1298	5812	0.472	0.472	0.70	1
967	3148	0.472	0.472	0.62	1
3445	74	0.472	0.472	0.80	1
2740	5625	0.472	0.472	0.58	1
2129	2980	0.472	0.472	0.67	1
2804	3438	0.472	0.472	0.55	1
2752	3279	0.472	0.472	0.65	1
2145	5792	0.472	0.472	0.70	1
947	1572	0.472	0.472	0.47	1
908	1577	0.472	0.472	0.69	1
4509	1781	0.472	0.472	0.70	1
3589	3378	0.472	0.472	0.86	1
3561	2594	0.472	0.472	0.47	1
4256	2112	0.471	0.471	0.67	1
2838	710	0.471	0.471	0.67	1
2141	3261	0.471	0.471	0.57	1
2577	2606	0.471	0.471	0.84	1
1768	2890	0.471	0.471	0.78	1
1070	243	0.471	0.471	0.59	1
5976	40	0.471	0.471	0.46	1
2094	4947	0.471	0.471	0.84	1
1957	398	0.471	0.471	0.79	1
629	726	0.471	0.471	0.82	1
2637	42	0.471	0.471	0.85	1
3936	5616	0.471	0.471	0.76	1
2914	5624	0.471	0.471	0.38	1
5106	3200	0.470	0.470	0.80	1
4353	4094	0.470	0.470	0.75	1
2679	1496	0.470	0.470	0.70	1
1197	1289	0.470	0.470	0.79	1
950	1524	0.470	0.470	0.76	1
3494	5868	0.470	0.470	0.77	1
2306	3225	0.470	0.470	0.87	1
1047	2072	0.470	0.470	0.60	1
3787	2903	0.470	0.470	0.70	1
4828	5537	0.470	0.470	0.54	1
1076	3225	0.470	0.470	0.81	1
1298	6180	0.470	0.470	0.73	1
1489	735	0.470	0.470	0.73	1
4971	2939	0.470	0.470	0.58	1
1813	3132	0.470	0.470	0.46	1
4746	2563	0.470	0.470	0.40	1
2080	5892	0.470	0.470	0.37	1
1851	4680	0.470	0.470	0.74	1
1534	728	0.470	0.470	0.76	1
1017	2046	0.469	0.469	0.61	1
5034	3249	0.469	0.469	0.52	1
3614	236	0.469	0.469	0.46	1
1294	798	0.469	0.469	0.77	1
5561	354	0.469	0.469	0.69	1
4145	2397	0.469	0.469	0.43	1
3703	6180	0.469	0.469	0.73	1
2883	3376	0.469	0.469	0.82	1
2821	206	0.469	0.469	0.29	1
1509	5812	0.469	0.469	0.73	1
5655	288	0.469	0.469	0.62	1
5081	340	0.469	0.469	0.64	1
2623	6066	0.469	0.469	0.66	1
4099	507	0.469	0.469	0.52	1
2569	776	0.469	0.469	0.66	1
2038	2322	0.469	0.469	0.65	1
1964	3056	0.469	0.469	0.62	1
4697	3489	0.469	0.469	0.69	1
2721	6124	0.469	0.469	0.51	1
1765	5582	0.469	0.469	0.77	1
1166	3057	0.469	0.469	0.55	1
3097	236	0.468	0.468	0.43	1
5583	597	0.468	0.468	0.77	1
4931	2724	0.468	0.468	0.51	1
3686	1361	0.468	0.468	0.76	1
5293	3375	0.468	0.468	0.39	1
5567	2802	0.468	0.468	0.47	1
1794	1726	0.468	0.468	0.66	1
1130	1030	0.468	0.468	0.30	1
3618	5231	0.468	0.468	0.80	1
1299	493	0.468	0.468	0.61	1
4884	4738	0.468	0.468	0.62	1
3830	4576	0.468	0.468	0.72	1
1728	3375	0.468	0.468	0.40	1
1061	42	0.468	0.468	0.78	1
5494	474	0.468	0.468	0.85	1
5141	3517	0.468	0.468	0.61	1
4315	677	0.468	0.468	0.29	1
3715	4439	0.468	0.468	0.83	1
3391	673	0.468	0.468	0.61	1
2478	745	0.468	0.468	0.72	1
5231	5046	0.467	0.467	0.77	1
4204	718	0.467	0.467	0.28	1
3884	1851	0.467	0.467	0.79	1
252	469	0.467	0.467	0.73	1
5165	5164	0.467	0.467	0.69	1
2758	679	0.467	0.467	0.73	1
1964	845	0.467	0.467	0.68	1
1359	521	0.467	0.467	0.76	1
2634	3438	0.467	0.467	0.63	1
2578	5307	0.467	0.467	0.65	1
1655	2167	0.467	0.467	0.82	1
1310	5488	0.467	0.467	0.39	1
1552	3991	0.467	0.467	0.67	1
4969	2607	0.467	0.467	0.64	1
5716	521	0.466	0.466	0.62	1
4342	2870	0.466	0.466	0.47	1
982	2653	0.466	0.466	0.74	1
5635	573	0.466	0.466	0.81	1
1715	825	0.466	0.466	0.81	1
1656	1960	0.466	0.466	0.70	1
2460	5462	0.466	0.466	0.49	1
4810	26	0.466	0.466	0.52	1
2668	5367	0.466	0.466	0.63	1
4912	777	0.466	0.466	0.41	1
3715	1794	0.466	0.466	0.87	1
2111	5749	0.466	0.466	0.58	1
4701	4390	0.466	0.466	0.70	1
1791	2578	0.466	0.466	0.65	1
1655	2145	0.466	0.466	0.68	1
4476	9	0.466	0.466	0.59	1
5289	2606	0.466	0.466	0.61	1
4562	689	0.466	0.466	0.66	1
1735	2882	0.466	0.466	0.26	1
1051	244	0.466	0.466	0.70	1
3838	5751	0.465	0.465	0.82	1
3426	1496	0.465	0.465	0.63	1
1540	5118	0.465	0.465	0.77	1
1524	1603	0.465	0.465	0.80	1
1035	5488	0.465	0.465	0.71	1
5461	6087	0.465	0.465	0.51	1
4948	6034	0.465	0.465	0.86	1
5419	864	0.465	0.465	0.59	1
1298	292	0.464	0.464	0.71	1
5578	247	0.464	0.464	0.84	1
3929	228	0.464	0.464	0.71	1
3815	5336	0.464	0.464	0.65	1
2872	5809	0.464	0.464	0.66	1
1679	3500	0.464	0.464	0.77	1
5709	3137	0.464	0.464	0.69	1
4898	2087	0.464	0.464	0.73	1
4473	5561	0.464	0.464	0.68	1
1464	1496	0.464	0.464	0.66	1
1677	5794	0.464	0.464	0.83	1
5521	42	0.464	0.464	0.71	1
4597	2578	0.464	0.464	0.62	1
1117	1841	0.464	0.464	0.57	1
996	2301	0.464	0.464	0.81	1
1766	5658	0.464	0.464	0.36	1
1061	6171	0.464	0.464	0.78	1
4198	296	0.464	0.464	0.32	1
3592	4648	0.464	0.464	0.52	1
1342	58	0.464	0.464	0.26	1
1253	2777	0.464	0.464	0.41	1
1186	535	0.464	0.464	0.80	1
1081	1577	0.464	0.464	0.78	1
1029	199	0.464	0.464	0.63	1
3036	323	0.464	0.464	0.62	1
5578	3225	0.463	0.463	0.86	1
5354	5325	0.463	0.463	0.63	1
4229	2903	0.463	0.463	0.74	1
4575	6171	0.463	0.463	0.78	1
2561	5851	0.463	0.463	0.71	1
2242	2296	0.463	0.463	0.77	1
1540	415	0.463	0.463	0.69	1
2548	708	0.463	0.463	0.80	1
3961	5532	0.463	0.463	0.30	1
1415	3868	0.463	0.463	0.63	1
4775	2141	0.463	0.463	0.64	1
2466	6027	0.463	0.463	0.72	1
1837	5739	0.463	0.463	0.65	1
4506	335	0.463	0.463	0.74	1
3816	5981	0.463	0.463	0.67	1
908	5892	0.463	0.463	0.32	1
5141	2903	0.463	0.463	0.71	1
4510	2138	0.463	0.463	0.77	1
1661	201	0.463	0.463	0.57	1
1096	4029	0.463	0.463	0.44	1
1684	5495	0.462	0.462	0.55	1
4473	22	0.462	0.462	0.64	1
201	203	0.462	0.462	0.44	1
2693	3042	0.462	0.462	0.75	1
331	677	0.462	0.462	0.78	1
4088	2335	0.462	0.462	0.63	1
3088	396	0.462	0.462	0.57	1
2915	722	0.462	0.462	0.65	1
2480	679	0.462	0.462	0.68	1
1573	2363	0.462	0.462	0.63	1
1146	5578	0.462	0.462	0.83	1
937	5048	0.462	0.462	0.68	1
5005	678	0.462	0.462	0.84	1
4890	5367	0.462	0.462	0.78	1
4837	2967	0.462	0.462	0.57	1
1848	4540	0.462	0.462	0.70	1
4163	4272	0.461	0.461	0.79	1
1047	5944	0.461	0.461	0.75	1
5221	3071	0.461	0.461	0.47	1
5521	6171	0.461	0.461	0.84	1
4449	40	0.461	0.461	0.43	1
1541	3009	0.461	0.461	0.25	1
2154	340	0.461	0.461	0.64	1
2011	794	0.461	0.461	0.32	1
4380	2260	0.461	0.461	0.80	1
4634	1479	0.461	0.461	0.56	1
3161	573	0.461	0.461	0.53	1
3924	5578	0.461	0.461	0.86	1
2244	2681	0.461	0.461	0.27	1
4234	2759	0.461	0.461	0.58	1
2390	68	0.461	0.461	0.74	1
1979	491	0.461	0.461	0.45	1
5216	5616	0.460	0.460	0.77	1
3732	790	0.460	0.460	0.25	1
3884	2693	0.460	0.460	0.69	1
1342	1591	0.460	0.460	0.31	1
391	642	0.460	0.460	0.69	1
4554	6171	0.460	0.460	0.79	1
3161	34	0.460	0.460	0.84	1
1671	3395	0.460	0.460	0.48	1
1161	2872	0.460	0.460	0.66	1
3104	1602	0.460	0.460	0.63	1
1814	2907	0.460	0.460	0.76	1
4993	47	0.460	0.460	0.74	1
2357	236	0.460	0.460	0.51	1
1130	4623	0.460	0.460	0.83	1
5178	2962	0.460	0.460	0.77	1
4746	2788	0.460	0.460	0.69	1
5019	5863	0.460	0.460	0.71	1
4991	790	0.460	0.460	0.30	1
3688	5561	0.460	0.460	0.74	1
3654	2980	0.460	0.460	0.74	1
1762	3469	0.460	0.460	0.83	1
100	542	0.460	0.460	0.65	1
5536	5918	0.459	0.459	0.86	1
5108	6125	0.459	0.459	0.49	1
3787	3884	0.459	0.459	0.77	1
5419	5293	0.459	0.459	0.68	1
2006	1976	0.459	0.459	0.81	1
1971	2699	0.459	0.459	0.66	1
1556	5506	0.459	0.459	0.65	1
4777	5990	0.459	0.459	0.63	1
2154	2872	0.459	0.459	0.65	1
5922	3081	0.459	0.459	0.57	1
3686	5620	0.459	0.459	0.38	1
3605	5990	0.459	0.459	0.81	1
1242	3502	0.459	0.459	0.75	1
5751	678	0.459	0.459	0.79	1
5495	155	0.459	0.459	0.60	1
3407	4295	0.459	0.459	0.72	1
5304	738	0.459	0.459	0.50	1
1849	4577	0.459	0.459	0.51	1
1160	790	0.459	0.459	0.47	1
1033	4708	0.459	0.459	0.40	1
5325	417	0.458	0.458	0.63	1
1328	5906	0.458	0.458	0.55	1
6023	185	0.458	0.458	0.76	1
4279	71	0.458	0.458	0.53	1
2168	3378	0.458	0.458	0.71	1
1509	292	0.458	0.458	0.70	1
5872	5414	0.458	0.458	0.57	1
2822	3295	0.458	0.458	0.62	1
2413	5247	0.458	0.458	0.86	1
2278	2906	0.458	0.458	0.73	1
991	5738	0.458	0.458	0.77	1
4744	3097	0.458	0.458	0.36	1
3716	5312	0.458	0.458	0.73	1
4267	4390	0.458	0.458	0.76	1
2242	3342	0.458	0.458	0.75	1
6061	3411	0.457	0.457	0.77	1
5983	3440	0.457	0.457	0.58	1
1909	409	0.457	0.457	0.78	1
932	4971	0.457	0.457	0.53	1
5384	200	0.457	0.457	0.45	1
5205	790	0.457	0.457	0.81	1
4680	3517	0.457	0.457	0.69	1
4138	2429	0.457	0.457	0.54	1
2557	234	0.457	0.457	0.83	1
4384	4510	0.457	0.457	0.73	1
1509	6180	0.457	0.457	0.72	1
4507	2863	0.457	0.457	0.29	1
4747	862	0.457	0.457	0.60	1
3924	5918	0.457	0.457	0.89	1
2244	3378	0.457	0.457	0.84	1
2221	5004	0.457	0.457	0.67	1
1496	340	0.457	0.457	0.78	1
4706	3243	0.457	0.457	0.74	1
4892	5749	0.456	0.456	0.83	1
4719	79	0.456	0.456	0.79	1
2076	624	0.456	0.456	0.58	1
6034	735	0.456	0.456	0.87	1
4623	2217	0.456	0.456	0.82	1
2640	610	0.456	0.456	0.55	1
5728	735	0.456	0.456	0.71	1
4010	5180	0.456	0.456	0.59	1
3732	4434	0.456	0.456	0.34	1
3050	3224	0.456	0.456	0.71	1
4578	457	0.456	0.456	0.77	1
4088	4974	0.456	0.456	0.83	1
911	4350	0.456	0.456	0.80	1
893	2111	0.456	0.456	0.52	1
4622	1990	0.456	0.456	0.53	1
4447	632	0.456	0.456	0.31	1
340	860	0.456	0.456	0.67	1
4513	2356	0.455	0.455	0.67	1
4223	2466	0.455	0.455	0.81	1
4141	1318	0.455	0.455	0.62	1
1043	1793	0.455	0.455	0.80	1
4563	2782	0.455	0.455	0.76	1
1173	4752	0.455	0.455	0.64	1
4751	5819	0.455	0.455	0.57	1
2535	866	0.455	0.455	0.52	1
3158	3502	0.455	0.455	0.77	1
3161	5260	0.455	0.455	0.83	1
5176	3174	0.455	0.455	0.77	1
4583	3161	0.455	0.455	0.83	1
2705	3879	0.455	0.455	0.55	1
3354	834	0.455	0.455	0.57	1
2575	2556	0.455	0.455	0.72	1
2217	671	0.455	0.455	0.47	1
3697	2594	0.455	0.455	0.35	1
1288	2480	0.455	0.455	0.36	1
3459	770	0.455	0.455	0.60	1
1971	5755	0.455	0.455	0.68	1
1728	2539	0.455	0.455	0.75	1
1158	1275	0.455	0.455	0.48	1
4136	2788	0.454	0.454	0.75	1
2282	6180	0.454	0.454	0.73	1
1661	5660	0.454	0.454	0.77	1
3860	4355	0.454	0.454	0.65	1
3728	4634	0.454	0.454	0.75	1
3063	224	0.454	0.454	0.71	1
2659	471	0.454	0.454	0.77	1
1340	5341	0.454	0.454	0.71	1
1856	5740	0.454	0.454	0.45	1
1734	5766	0.454	0.454	0.85	1
1554	4672	0.454	0.454	0.70	1
1895	5462	0.454	0.454	0.56	1
929	145	0.454	0.454	0.83	1
3672	2344	0.453	0.453	0.52	1
1372	6096	0.453	0.453	0.39	1
1270	2836	0.453	0.453	0.46	1
440	577	0.453	0.453	0.68	1
1624	6065	0.453	0.453	0.44	1
2123	5179	0.453	0.453	0.72	1
4597	121	0.453	0.453	0.61	1
1319	187	0.453	0.453	0.55	1
5113	2309	0.453	0.453	0.42	1
4817	2483	0.453	0.453	0.70	1
3832	2025	0.453	0.453	0.55	1
4384	409	0.453	0.453	0.72	1
1581	3252	0.453	0.453	0.41	1
991	2167	0.453	0.453	0.84	1
5593	679	0.453	0.453	0.77	1
4145	2129	0.452	0.452	0.39	1
1646	2782	0.452	0.452	0.27	1
3984	104	0.452	0.452	0.34	1
3637	493	0.452	0.452	0.55	1
4279	41	0.452	0.452	0.55	1
3629	991	0.452	0.452	0.78	1
1219	3690	0.452	0.452	0.46	1
3732	643	0.452	0.452	0.59	1
4141	1781	0.452	0.452	0.61	1
3568	5187	0.452	0.452	0.39	1
991	1388	0.452	0.452	0.86	1
2300	3321	0.452	0.452	0.69	1
2282	292	0.452	0.452	0.72	1
1236	3292	0.452	0.452	0.50	1
2663	313	0.452	0.452	0.75	1
1781	2557	0.452	0.452	0.78	1
4861	6054	0.452	0.452	0.52	1
3585	709	0.452	0.452	0.74	1
1763	3279	0.451	0.451	0.61	1
3838	1228	0.451	0.451	0.70	1
3726	2556	0.451	0.451	0.74	1
1699	2818	0.451	0.451	0.68	1
1201	6171	0.451	0.451	0.81	1
3922	765	0.451	0.451	0.78	1
3587	4620	0.451	0.451	0.88	1
3071	790	0.451	0.451	0.64	1
2758	3118	0.451	0.451	0.61	1
4735	2699	0.451	0.451	0.76	1
2060	554	0.451	0.451	0.57	1
3183	677	0.451	0.451	0.30	1
3174	375	0.451	0.451	0.79	1
1081	2080	0.451	0.451	0.65	1
1019	5819	0.451	0.451	0.26	1
3926	40	0.451	0.451	0.61	1
3763	5687	0.451	0.451	0.29	1
4401	6060	0.451	0.451	0.56	1
3715	6039	0.451	0.451	0.82	1
2778	460	0.451	0.451	0.40	1
1298	3497	0.451	0.451	0.70	1
5858	47	0.450	0.450	0.70	1
3815	768	0.450	0.450	0.65	1
1683	3062	0.450	0.450	0.75	1
3589	6034	0.450	0.450	0.84	1
2552	3200	0.450	0.450	0.80	1
3	6054	0.450	0.450	0.49	1
2548	4948	0.450	0.450	0.85	1
3815	3188	0.450	0.450	0.68	1
3544	663	0.450	0.450	0.66	1
3183	6165	0.450	0.450	0.67	1
1858	510	0.450	0.450	0.44	1
1439	5918	0.450	0.450	0.91	1
68	149	0.450	0.450	0.43	1
1312	2668	0.449	0.449	0.75	1
4934	734	0.449	0.449	0.69	1
4116	2537	0.449	0.449	0.77	1
3701	6016	0.449	0.449	0.57	1
3431	405	0.449	0.449	0.71	1
3376	101	0.449	0.449	0.68	1
6065	5225	0.449	0.449	0.51	1
2483	2855	0.449	0.449	0.43	1
1261	1439	0.449	0.449	0.75	1
51	188	0.449	0.449	0.70	1
3860	3369	0.449	0.449	0.76	1
1390	4820	0.449	0.449	0.34	1
2567	5918	0.449	0.449	0.83	1
2372	3403	0.449	0.449	0.56	1
2178	236	0.449	0.449	0.44	1
892	5845	0.449	0.449	0.21	1
1693	659	0.449	0.449	0.58	1
4693	2471	0.449	0.449	0.81	1
4833	5800	0.449	0.449	0.82	1
1250	197	0.449	0.449	0.82	1
2423	5828	0.448	0.448	0.43	1
4238	2480	0.448	0.448	0.41	1
3813	1144	0.448	0.448	0.63	1
2727	5620	0.448	0.448	0.49	1
2044	383	0.448	0.448	0.21	1
6097	6173	0.448	0.448	0.77	1
2278	5879	0.448	0.448	0.64	1
1436	2767	0.448	0.448	0.57	1
3829	4690	0.448	0.448	0.48	1
2291	474	0.448	0.448	0.84	1
2172	2617	0.448	0.448	0.78	1
3762	2157	0.448	0.448	0.79	1
2301	3127	0.448	0.448	0.77	1
4466	5288	0.448	0.448	0.78	1
3703	3497	0.448	0.448	0.70	1
5514	5709	0.447	0.447	0.57	1
4350	2712	0.447	0.447	0.65	1
3984	4393	0.447	0.447	0.32	1
3950	1787	0.447	0.447	0.55	1
2129	2871	0.447	0.447	0.50	1
4728	2453	0.447	0.447	0.56	1
3614	1534	0.447	0.447	0.38	1
2833	2857	0.447	0.447	0.71	1
1783	4518	0.447	0.447	0.66	1
3762	1636	0.447	0.447	0.60	1
3718	3373	0.447	0.447	0.34	1
1659	5150	0.447	0.447	0.30	1
1178	466	0.447	0.447	0.76	1
998	5228	0.447	0.447	0.29	1
4135	3262	0.447	0.447	0.60	1
3815	2801	0.447	0.447	0.64	1
1972	2988	0.447	0.447	0.32	1
1909	5324	0.447	0.447	0.77	1
1998	3097	0.446	0.446	0.63	1
6078	2906	0.446	0.446	0.51	1
5366	3479	0.446	0.446	0.64	1
3884	5231	0.446	0.446	0.70	1
2443	2713	0.446	0.446	0.62	1
2167	572	0.446	0.446	0.85	1
4966	2339	0.446	0.446	0.88	1
2155	2802	0.446	0.446	0.69	1
3722	3192	0.446	0.446	0.71	1
3161	6165	0.446	0.446	0.83	1
2549	1496	0.446	0.446	0.43	1
2144	5574	0.446	0.446	0.72	1
4129	5789	0.446	0.446	0.61	1
3535	5671	0.446	0.446	0.88	1
937	1706	0.446	0.446	0.64	1
4495	4278	0.446	0.446	0.52	1
365	497	0.446	0.446	0.56	1
1736	80	0.446	0.446	0.46	1
5890	164	0.446	0.446	0.24	1
5851	277	0.446	0.446	0.54	1
3897	1051	0.446	0.446	0.43	1
1510	3281	0.446	0.446	0.56	1
4947	383	0.445	0.445	0.63	1
3787	434	0.445	0.445	0.65	1
3842	503	0.445	0.445	0.79	1
2593	5955	0.445	0.445	0.62	1
3097	790	0.445	0.445	0.23	1
1254	676	0.445	0.445	0.53	1
967	3440	0.445	0.445	0.34	1
1502	546	0.445	0.445	0.52	1
6153	2429	0.445	0.445	0.78	1
3407	632	0.445	0.445	0.85	1
2879	754	0.445	0.445	0.62	1
1850	1967	0.445	0.445	0.63	1
1077	134	0.445	0.445	0.67	1
4489	4736	0.445	0.445	0.22	1
1974	5603	0.445	0.445	0.66	1
1851	398	0.445	0.445	0.70	1
1366	474	0.445	0.445	0.85	1
5434	6138	0.445	0.445	0.58	1
5363	3463	0.445	0.445	0.59	1
4417	2978	0.445	0.445	0.22	1
1718	4507	0.445	0.445	0.50	1
3698	4878	0.445	0.445	0.66	1
2609	6051	0.445	0.445	0.37	1
889	3677	0.445	0.445	0.58	1
2544	6016	0.444	0.444	0.61	1
4145	6075	0.444	0.444	0.50	1
2582	6125	0.444	0.444	0.71	1
2189	2453	0.444	0.444	0.58	1
5790	6166	0.444	0.444	0.83	1
1288	2978	0.444	0.444	0.44	1
4244	3467	0.444	0.444	0.67	1
3762	5293	0.444	0.444	0.72	1
2167	3201	0.444	0.444	0.82	1
1977	6171	0.444	0.444	0.80	1
1569	629	0.444	0.444	0.77	1
1439	1708	0.444	0.444	0.86	1
4371	5655	0.444	0.444	0.66	1
3544	2939	0.444	0.444	0.53	1
2978	376	0.444	0.444	0.30	1
2762	26	0.444	0.444	0.47	1
1192	3148	0.444	0.444	0.61	1
5608	23	0.444	0.444	0.61	1
4531	5831	0.444	0.444	0.48	1
1423	328	0.444	0.444	0.36	1
1273	825	0.444	0.444	0.76	1
991	4719	0.444	0.444	0.77	1
4947	2792	0.444	0.444	0.65	1
3814	5658	0.444	0.444	0.39	1
4594	3059	0.444	0.444	0.41	1
2453	3360	0.444	0.444	0.82	1
1818	158	0.443	0.443	0.36	1
2872	3380	0.443	0.443	0.73	1
2469	5760	0.443	0.443	0.56	1
922	26	0.443	0.443	0.33	1
1234	155	0.443	0.443	0.71	1
1965	2137	0.443	0.443	0.55	1
3917	452	0.443	0.443	0.64	1
1639	4419	0.443	0.443	0.56	1
5660	6127	0.443	0.443	0.74	1
2172	3105	0.443	0.443	0.52	1
1283	2360	0.443	0.443	0.61	1
3097	676	0.443	0.443	0.24	1
929	687	0.443	0.443	0.68	1
3342	34	0.443	0.443	0.74	1
3695	2056	0.442	0.442	0.56	1
3649	2178	0.442	0.442	0.49	1
2872	3426	0.442	0.442	0.64	1
2024	5419	0.442	0.442	0.53	1
2267	340	0.442	0.442	0.69	1
1109	1886	0.442	0.442	0.54	1
2287	3142	0.442	0.442	0.66	1
3284	155	0.442	0.442	0.58	1
1388	3201	0.442	0.442	0.83	1
4256	4908	0.442	0.442	0.44	1
1718	80	0.442	0.442	0.54	1
5749	3195	0.442	0.442	0.51	1
4648	4677	0.442	0.442	0.49	1
3716	4353	0.442	0.442	0.70	1
270	678	0.442	0.442	0.81	1
5857	5414	0.442	0.442	0.82	1
4434	236	0.442	0.442	0.40	1
4323	4965	0.442	0.442	0.59	1
2752	176	0.442	0.442	0.70	1
1232	1762	0.442	0.442	0.75	1
6124	3514	0.441	0.441	0.31	1
4974	438	0.441	0.441	0.78	1
4705	5261	0.441	0.441	0.54	1
2693	5046	0.441	0.441	0.71	1
4167	3479	0.441	0.441	0.57	1
3837	6125	0.441	0.441	0.85	1
2890	72	0.441	0.441	0.77	1
1425	405	0.441	0.441	0.65	1
3931	1351	0.441	0.441	0.75	1
3147	474	0.441	0.441	0.83	1
3097	3502	0.441	0.441	0.70	1
4481	4776	0.441	0.441	0.67	1
4361	417	0.441	0.441	0.69	1
3183	6166	0.441	0.441	0.67	1
5623	3407	0.441	0.441	0.84	1
3716	1811	0.441	0.441	0.67	1
5532	709	0.441	0.441	0.74	1
3722	5856	0.441	0.441	0.68	1
3200	3500	0.441	0.441	0.75	1
1547	2301	0.441	0.441	0.75	1
5769	722	0.441	0.441	0.63	1
3586	4312	0.441	0.441	0.68	1
5284	2906	0.441	0.441	0.32	1
3662	6119	0.441	0.441	0.51	1
4436	6114	0.440	0.440	0.63	1
4390	4597	0.440	0.440	0.59	1
3910	64	0.440	0.440	0.62	1
3810	2661	0.440	0.440	0.72	1
1138	5506	0.440	0.440	0.80	1
1468	1600	0.440	0.440	0.63	1
3814	4503	0.440	0.440	0.72	1
3532	4444	0.440	0.440	0.41	1
4010	383	0.440	0.440	0.57	1
5462	281	0.440	0.440	0.51	1
1372	4391	0.440	0.440	0.75	1
4259	5354	0.440	0.440	0.71	1
4716	5656	0.440	0.440	0.52	1
5378	751	0.440	0.440	0.51	1
4259	3124	0.439	0.439	0.34	1
1886	2808	0.439	0.439	0.63	1
2046	861	0.439	0.439	0.39	1
259	806	0.439	0.439	0.41	1
1977	42	0.439	0.439	0.80	1
1910	4773	0.439	0.439	0.61	1
4467	2065	0.439	0.439	0.80	1
5320	3341	0.439	0.439	0.39	1
5259	2939	0.439	0.439	0.86	1
4322	5069	0.439	0.439	0.72	1
3316	3512	0.439	0.439	0.70	1
3271	1569	0.439	0.439	0.39	1
5727	6029	0.439	0.439	0.58	1
4486	5684	0.439	0.439	0.38	1
2611	5794	0.439	0.439	0.70	1
2604	5918	0.439	0.439	0.91	1
1735	6016	0.439	0.439	0.66	1
234	573	0.439	0.439	0.53	1
4613	3308	0.438	0.438	0.49	1
4264	2858	0.438	0.438	0.74	1
1575	2788	0.438	0.438	0.74	1
5366	356	0.438	0.438	0.57	1
5045	292	0.438	0.438	0.71	1
2178	5276	0.438	0.438	0.36	1
1138	4354	0.438	0.438	0.77	1
4907	263	0.438	0.438	0.57	1
4256	3271	0.438	0.438	0.46	1
4380	5614	0.438	0.438	0.76	1
4119	4434	0.438	0.438	0.52	1
2296	5485	0.438	0.438	0.71	1
4355	6130	0.438	0.438	0.67	1
3183	34	0.438	0.438	0.65	1
2341	495	0.438	0.438	0.89	1
4673	3466	0.437	0.437	0.38	1
4141	234	0.437	0.437	0.60	1
4172	5658	0.437	0.437	0.36	1
4380	5738	0.437	0.437	0.76	1
5289	2919	0.437	0.437	0.25	1
4705	448	0.437	0.437	0.56	1
4310	643	0.437	0.437	0.61	1
2556	3312	0.437	0.437	0.47	1
4510	683	0.437	0.437	0.49	1
4259	6004	0.437	0.437	0.30	1
2589	678	0.437	0.437	0.67	1
1788	152	0.437	0.437	0.72	1
5580	714	0.437	0.437	0.68	1
1643	5852	0.437	0.437	0.41	1
5710	790	0.437	0.437	0.43	1
2906	105	0.437	0.437	0.53	1
5567	1546	0.437	0.437	0.37	1
4564	1551	0.437	0.437	0.51	1
1310	4355	0.437	0.437	0.66	1
5126	3063	0.436	0.436	0.66	1
4577	5710	0.436	0.436	0.40	1
4441	2532	0.436	0.436	0.55	1
1270	4798	0.436	0.436	0.76	1
5289	22	0.436	0.436	0.46	1
4354	1556	0.436	0.436	0.62	1
3544	4528	0.436	0.436	0.57	1
1716	1987	0.436	0.436	0.40	1
5450	427	0.436	0.436	0.52	1
2283	736	0.436	0.436	0.62	1
1275	203	0.436	0.436	0.44	1
4530	1765	0.436	0.436	0.54	1
4433	3506	0.436	0.436	0.69	1
5542	5404	0.436	0.436	0.58	1
4582	2168	0.436	0.436	0.84	1
2454	130	0.436	0.436	0.72	1
1684	5228	0.436	0.436	0.44	1
415	659	0.436	0.436	0.49	1
4744	2777	0.436	0.436	0.36	1
4098	644	0.436	0.436	0.68	1
4052	6136	0.436	0.436	0.75	1
2782	5740	0.436	0.436	0.26	1
1774	2923	0.436	0.436	0.53	1
1766	1935	0.436	0.436	0.50	1
4170	1524	0.436	0.436	0.87	1
2546	3381	0.436	0.436	0.65	1
6076	3417	0.436	0.436	0.65	1
3815	5269	0.436	0.436	0.73	1
3100	5574	0.436	0.436	0.81	1
3011	5769	0.436	0.436	0.63	1
2244	2743	0.435	0.435	0.46	1
1595	2919	0.435	0.435	0.56	1
4134	1582	0.435	0.435	0.58	1
3722	5683	0.435	0.435	0.70	1
2443	249	0.435	0.435	0.64	1
5972	2961	0.435	0.435	0.69	1
4648	1515	0.435	0.435	0.47	1
2663	653	0.435	0.435	0.77	1
2005	306	0.435	0.435	0.89	1
5360	5574	0.435	0.435	0.73	1
1072	3032	0.435	0.435	0.69	1
4596	2654	0.435	0.435	0.62	1
4426	2011	0.435	0.435	0.42	1
4088	2072	0.435	0.435	0.73	1
3715	734	0.435	0.435	0.78	1
3049	5811	0.435	0.435	0.34	1
1479	175	0.435	0.435	0.39	1
1116	5709	0.435	0.435	0.40	1
3798	259	0.435	0.435	0.60	1
1999	5209	0.435	0.435	0.26	1
1838	4623	0.435	0.435	0.83	1
1999	647	0.434	0.434	0.26	1
102	641	0.434	0.434	0.56	1
5146	732	0.434	0.434	0.71	1
3860	8	0.434	0.434	0.82	1
2792	436	0.434	0.434	0.57	1
2141	246	0.434	0.434	0.71	1
2101	5097	0.434	0.434	0.47	1
2006	6166	0.434	0.434	0.86	1
1814	4735	0.434	0.434	0.72	1
937	3371	0.434	0.434	0.57	1
4128	280	0.434	0.434	0.50	1
1368	568	0.434	0.434	0.49	1
3716	3407	0.434	0.434	0.75	1
3050	5478	0.434	0.434	0.35	1
1881	5114	0.434	0.434	0.79	1
4446	237	0.433	0.433	0.67	1
3583	3158	0.433	0.433	0.47	1
2770	344	0.433	0.433	0.40	1
1924	3130	0.433	0.433	0.83	1
6127	620	0.433	0.433	0.69	1
4705	4613	0.433	0.433	0.51	1
5542	58	0.433	0.433	0.59	1
4704	5884	0.433	0.433	0.70	1
6075	774	0.433	0.433	0.44	1
5824	96	0.433	0.433	0.47	1
4597	3505	0.433	0.433	0.68	1
4391	5136	0.433	0.433	0.75	1
2923	563	0.433	0.433	0.64	1
2556	552	0.433	0.433	0.27	1
3502	5985	0.433	0.433	0.64	1
1192	1891	0.433	0.433	0.58	1
5603	3401	0.433	0.433	0.78	1
3924	1708	0.433	0.433	0.82	1
4128	6054	0.433	0.433	0.39	1
2358	2886	0.433	0.433	0.63	1
3779	5139	0.433	0.433	0.70	1
2210	3140	0.433	0.433	0.80	1
1873	4828	0.433	0.433	0.42	1
1236	3107	0.433	0.433	0.59	1
5042	5488	0.432	0.432	0.58	1
1113	1851	0.432	0.432	0.66	1
2870	516	0.432	0.432	0.44	1
1283	5772	0.432	0.432	0.66	1
959	5694	0.432	0.432	0.51	1
412	739	0.432	0.432	0.65	1
5800	751	0.432	0.432	0.53	1
4599	3401	0.432	0.432	0.74	1
4310	4747	0.432	0.432	0.61	1
3390	32	0.432	0.432	0.39	1
1849	3152	0.432	0.432	0.53	1
1628	1854	0.432	0.432	0.46	1
5766	165	0.432	0.432	0.83	1
4400	741	0.432	0.432	0.50	1
2448	201	0.432	0.432	0.48	1
3392	572	0.432	0.432	0.43	1
2912	746	0.432	0.432	0.71	1
2277	2611	0.432	0.432	0.69	1
4623	2581	0.432	0.432	0.82	1
1795	3316	0.432	0.432	0.56	1
4083	2906	0.432	0.432	0.57	1
3088	374	0.432	0.432	0.52	1
1266	1946	0.432	0.432	0.68	1
3732	4314	0.432	0.432	0.48	1
3335	55	0.431	0.431	0.60	1
3063	223	0.431	0.431	0.72	1
911	4064	0.431	0.431	0.66	1
3814	1766	0.431	0.431	0.68	1
2694	3502	0.431	0.431	0.72	1
8	2874	0.431	0.431	0.55	1
2697	3038	0.431	0.431	0.49	1
2145	275	0.431	0.431	0.71	1
1957	113	0.431	0.431	0.72	1
1848	2686	0.431	0.431	0.73	1
2	1837	0.431	0.431	0.67	1
2557	455	0.431	0.431	0.78	1
2662	6125	0.431	0.431	0.49	1
3187	1493	0.431	0.431	0.71	1
1679	2552	0.431	0.431	0.77	1
3913	3067	0.431	0.431	0.53	1
1706	813	0.431	0.431	0.81	1
998	2720	0.431	0.431	0.56	1
1957	2903	0.431	0.431	0.65	1
1494	3137	0.430	0.430	0.63	1
4510	5348	0.430	0.430	0.53	1
3562	1192	0.430	0.430	0.51	1
2931	6069	0.430	0.430	0.73	1
5800	5567	0.430	0.430	0.53	1
4795	71	0.430	0.430	0.51	1
937	3243	0.430	0.430	0.67	1
3956	383	0.430	0.430	0.53	1
5766	6155	0.430	0.430	0.83	1
5527	188	0.430	0.430	0.69	1
4611	603	0.430	0.430	0.37	1
1325	4350	0.430	0.430	0.60	1
932	2939	0.430	0.430	0.48	1
1045	591	0.430	0.430	0.78	1
5749	5900	0.429	0.429	0.85	1
1192	3440	0.429	0.429	0.36	1
5106	5260	0.429	0.429	0.80	1
4259	4092	0.429	0.429	0.76	1
4863	794	0.429	0.429	0.73	1
1985	5742	0.429	0.429	0.42	1
1305	2690	0.429	0.429	0.64	1
4407	340	0.429	0.429	0.67	1
4166	2440	0.429	0.429	0.60	1
1291	1401	0.429	0.429	0.55	1
4306	474	0.429	0.429	0.84	1
1780	5690	0.429	0.429	0.67	1
5788	3381	0.429	0.429	0.64	1
4268	1096	0.429	0.429	0.44	1
1288	794	0.429	0.429	0.30	1
5069	3271	0.429	0.429	0.37	1
4883	3514	0.429	0.429	0.45	1
3829	5034	0.429	0.429	0.45	1
3715	1469	0.429	0.429	0.82	1
5978	6165	0.428	0.428	0.77	1
4253	2557	0.428	0.428	0.81	1
4183	4467	0.428	0.428	0.39	1
1715	244	0.428	0.428	0.59	1
1617	5985	0.428	0.428	0.46	1
1524	5126	0.428	0.428	0.79	1
1160	5374	0.428	0.428	0.79	1
1617	3498	0.428	0.428	0.54	1
907	1858	0.428	0.428	0.35	1
216	288	0.428	0.428	0.59	1
5228	71	0.428	0.428	0.48	1
1835	2076	0.428	0.428	0.62	1
3815	340	0.428	0.428	0.75	1
3589	2548	0.428	0.428	0.83	1
2065	4887	0.428	0.428	0.67	1
3415	595	0.428	0.428	0.53	1
2355	2748	0.428	0.428	0.77	1
2863	2616	0.428	0.428	0.31	1
899	1662	0.428	0.428	0.41	1
4099	3431	0.427	0.427	0.69	1
4083	4541	0.427	0.427	0.60	1
2955	6075	0.427	0.427	0.50	1
1373	1893	0.427	0.427	0.79	1
5719	443	0.427	0.427	0.74	1
4824	474	0.427	0.427	0.84	1
4460	340	0.427	0.427	0.67	1
1872	2871	0.427	0.427	0.51	1
3838	1503	0.427	0.427	0.74	1
6054	487	0.427	0.427	0.50	1
2025	2480	0.427	0.427	0.52	1
4582	6089	0.427	0.427	0.66	1
2210	2500	0.427	0.427	0.79	1
4803	228	0.427	0.427	0.68	1
5578	3291	0.427	0.427	0.67	1
5606	3066	0.427	0.427	0.55	1
5467	3462	0.427	0.427	0.65	1
4228	5323	0.427	0.427	0.57	1
3161	6166	0.427	0.427	0.82	1
5368	2855	0.427	0.427	0.45	1
4510	2175	0.427	0.427	0.53	1
3266	5789	0.427	0.427	0.67	1
5620	41	0.427	0.427	0.70	1
3618	812	0.427	0.427	0.30	1
5470	271	0.426	0.426	0.63	1
5409	500	0.426	0.426	0.42	1
3800	2162	0.426	0.426	0.67	1
1412	824	0.426	0.426	0.51	1
2480	3048	0.426	0.426	0.35	1
1737	5766	0.426	0.426	0.83	1
1331	5600	0.426	0.426	0.49	1
3918	4628	0.426	0.426	0.51	1
3605	1588	0.426	0.426	0.59	1
2727	726	0.426	0.426	0.38	1
2376	5749	0.426	0.426	0.82	1
1910	107	0.426	0.426	0.41	1
6000	865	0.426	0.426	0.52	1
3108	152	0.426	0.426	0.58	1
1884	443	0.426	0.426	0.68	1
5728	369	0.426	0.426	0.62	1
1937	3517	0.426	0.426	0.71	1
678	700	0.426	0.426	0.66	1
5307	6171	0.426	0.426	0.68	1
4532	6171	0.426	0.426	0.75	1
2006	3407	0.426	0.426	0.81	1
1092	6051	0.426	0.426	0.58	1
236	871	0.426	0.426	0.75	1
5414	6138	0.425	0.425	0.62	1
4948	3366	0.425	0.425	0.53	1
3059	5041	0.425	0.425	0.43	1
2056	2987	0.425	0.425	0.47	1
4577	2247	0.425	0.425	0.45	1
4326	365	0.425	0.425	0.52	1
3813	3815	0.425	0.425	0.73	1
1256	5016	0.425	0.425	0.66	1
4582	5728	0.425	0.425	0.62	1
1278	2293	0.425	0.425	0.68	1
3301	364	0.425	0.425	0.63	1
5015	790	0.425	0.425	0.31	1
5383	34	0.425	0.425	0.86	1
3045	1466	0.425	0.425	0.28	1
1201	1974	0.425	0.425	0.62	1
3723	3371	0.425	0.425	0.33	1
1727	854	0.425	0.425	0.80	1
1317	3152	0.425	0.425	0.45	1
5269	340	0.424	0.424	0.71	1
4259	1891	0.424	0.424	0.29	1
4358	6013	0.424	0.424	0.61	1
3813	1319	0.424	0.424	0.55	1
1655	2050	0.424	0.424	0.30	1
2870	6077	0.424	0.424	0.46	1
1781	4600	0.424	0.424	0.49	1
1373	5354	0.424	0.424	0.82	1
5128	6130	0.424	0.424	0.62	1
1968	6016	0.424	0.424	0.66	1
1781	72	0.424	0.424	0.79	1
1191	337	0.424	0.424	0.54	1
4857	4878	0.424	0.424	0.76	1
3813	1477	0.424	0.424	0.59	1
3570	5620	0.424	0.424	0.39	1
2710	790	0.424	0.424	0.76	1
3188	1496	0.423	0.423	0.67	1
2149	5918	0.423	0.423	0.86	1
1805	2203	0.423	0.423	0.65	1
1595	3137	0.423	0.423	0.61	1
6	335	0.423	0.423	0.59	1
3180	4773	0.423	0.423	0.53	1
2955	5789	0.423	0.423	0.63	1
22	51	0.423	0.423	0.61	1
1193	6060	0.423	0.423	0.60	1
4244	1918	0.423	0.423	0.66	1
3908	301	0.423	0.423	0.68	1
1957	5346	0.423	0.423	0.65	1
3913	1751	0.423	0.423	0.66	1
1105	1164	0.423	0.423	0.46	1
228	441	0.423	0.423	0.67	1
4964	5409	0.423	0.423	0.44	1
4400	5869	0.423	0.423	0.35	1
2210	6129	0.423	0.423	0.79	1
3884	5141	0.423	0.423	0.76	1
176	511	0.423	0.423	0.69	1
3712	228	0.423	0.423	0.73	1
1898	2864	0.423	0.423	0.62	1
2828	740	0.422	0.422	0.82	1
1053	5946	0.422	0.422	0.80	1
4310	5402	0.422	0.422	0.57	1
2842	1546	0.422	0.422	0.35	1
1708	247	0.422	0.422	0.81	1
5945	546	0.422	0.422	0.67	1
3692	1534	0.422	0.422	0.30	1
275	573	0.422	0.422	0.54	1
5723	845	0.422	0.422	0.53	1
4099	492	0.422	0.422	0.55	1
3813	5602	0.422	0.422	0.55	1
2443	5837	0.422	0.422	0.57	1
1173	6065	0.422	0.422	0.41	1
3651	1599	0.422	0.422	0.74	1
2282	3497	0.422	0.422	0.70	1
506	837	0.422	0.422	0.68	1
3071	3464	0.422	0.422	0.58	1
2570	2721	0.422	0.422	0.53	1
5582	3045	0.422	0.422	0.66	1
4810	1479	0.422	0.422	0.58	1
51	624	0.422	0.422	0.48	1
3762	434	0.422	0.422	0.54	1
1835	246	0.422	0.422	0.62	1
1634	4910	0.422	0.422	0.59	1
1534	5710	0.422	0.422	0.45	1
5009	3183	0.421	0.421	0.59	1
4433	2352	0.421	0.421	0.40	1
2458	3381	0.421	0.421	0.66	1
905	1225	0.421	0.421	0.57	1
5141	4047	0.421	0.421	0.64	1
4384	5324	0.421	0.421	0.71	1
2680	3262	0.421	0.421	0.57	1
1765	4834	0.421	0.421	0.52	1
3732	864	0.421	0.421	0.47	1
930	4198	0.421	0.421	0.26	1
3814	5990	0.421	0.421	0.80	1
3762	4109	0.421	0.421	0.36	1
1404	4596	0.421	0.421	0.51	1
3354	353	0.421	0.421	0.67	1
4508	2417	0.420	0.420	0.60	1
4171	4390	0.420	0.420	0.69	1
1750	4485	0.420	0.420	0.84	1
923	1451	0.420	0.420	0.47	1
5234	5463	0.420	0.420	0.65	1
1288	9	0.420	0.420	0.46	1
2717	5460	0.420	0.420	0.62	1
4283	6133	0.420	0.420	0.57	1
2590	2677	0.420	0.420	0.70	1
2076	5485	0.420	0.420	0.63	1
4494	41	0.420	0.420	0.54	1
1863	2668	0.420	0.420	0.68	1
5603	1546	0.420	0.420	0.74	1
3810	2838	0.420	0.420	0.58	1
2168	3466	0.420	0.420	0.82	1
41	155	0.420	0.420	0.60	1
5137	3407	0.420	0.420	0.74	1
1093	4441	0.420	0.420	0.62	1
5517	416	0.420	0.420	0.63	1
4686	4376	0.420	0.420	0.60	1
2443	765	0.420	0.420	0.68	1
5635	1618	0.420	0.420	0.70	1
3056	33	0.420	0.420	0.53	1
4371	3000	0.419	0.419	0.67	1
4768	2967	0.419	0.419	0.53	1
3086	837	0.419	0.419	0.31	1
2744	864	0.419	0.419	0.48	1
1728	5139	0.419	0.419	0.74	1
3926	3378	0.419	0.419	0.77	1
3479	71	0.419	0.419	0.51	1
2922	630	0.419	0.419	0.53	1
2872	99	0.419	0.419	0.67	1
1484	2778	0.419	0.419	0.80	1
1820	1907	0.419	0.419	0.35	1
1599	1795	0.419	0.419	0.75	1
4583	387	0.419	0.419	0.71	1
1781	2469	0.419	0.419	0.43	1
2570	3464	0.419	0.419	0.62	1
2548	3466	0.419	0.419	0.83	1
1957	3042	0.419	0.419	0.69	1
5419	434	0.419	0.419	0.54	1
3860	1595	0.419	0.419	0.66	1
1659	5708	0.419	0.419	0.44	1
5488	6131	0.419	0.419	0.59	1
4014	5151	0.419	0.419	0.71	1
2486	4863	0.419	0.419	0.79	1
5303	5848	0.418	0.418	0.37	1
4204	1773	0.418	0.418	0.64	1
4167	2189	0.418	0.418	0.44	1
3104	724	0.418	0.418	0.66	1
6007	1489	0.418	0.418	0.58	1
1699	5561	0.418	0.418	0.68	1
5922	236	0.418	0.418	0.50	1
1265	434	0.418	0.418	0.66	1
1015	4596	0.418	0.418	0.62	1
3904	155	0.418	0.418	0.71	1
2887	824	0.418	0.418	0.51	1
2223	5903	0.418	0.418	0.82	1
2691	824	0.418	0.418	0.77	1
1421	6064	0.418	0.418	0.55	1
5139	870	0.418	0.418	0.69	1
3762	2058	0.418	0.418	0.66	1
1818	5320	0.418	0.418	0.40	1
1368	383	0.418	0.418	0.44	1
2243	2721	0.418	0.418	0.68	1
2449	790	0.418	0.418	0.53	1
2361	3310	0.418	0.418	0.64	1
3946	1789	0.417	0.417	0.66	1
3243	798	0.417	0.417	0.76	1
1886	1835	0.417	0.417	0.32	1
905	3355	0.417	0.417	0.76	1
4968	3376	0.417	0.417	0.83	1
4351	5461	0.417	0.417	0.48	1
1180	1813	0.417	0.417	0.44	1
2548	735	0.417	0.417	0.84	1
1599	5915	0.417	0.417	0.69	1
1415	2778	0.417	0.417	0.63	1
2980	101	0.417	0.417	0.58	1
5065	243	0.417	0.417	0.73	1
4607	602	0.417	0.417	0.43	1
1463	1992	0.417	0.417	0.67	1
1067	293	0.417	0.417	0.42	1
4692	274	0.417	0.417	0.52	1
2178	326	0.417	0.417	0.31	1
387	6165	0.417	0.417	0.76	1
5226	630	0.417	0.417	0.51	1
1105	3512	0.417	0.417	0.69	1
4782	6066	0.417	0.417	0.33	1
3908	5204	0.417	0.417	0.68	1
1337	2116	0.417	0.417	0.56	1
1040	4577	0.417	0.417	0.45	1
5354	3409	0.417	0.417	0.62	1
3118	2967	0.417	0.417	0.41	1
1424	2553	0.416	0.416	0.69	1
987	993	0.416	0.416	0.28	1
895	1948	0.416	0.416	0.67	1
3629	139	0.416	0.416	0.69	1
4735	5755	0.416	0.416	0.71	1
1144	5034	0.416	0.416	0.43	1
5984	5737	0.416	0.416	0.63	1
4172	5990	0.416	0.416	0.74	1
3842	5999	0.416	0.416	0.68	1
5368	5443	0.416	0.416	0.57	1
3813	1496	0.416	0.416	0.71	1
5985	493	0.416	0.416	0.55	1
4138	789	0.416	0.416	0.54	1
2173	1496	0.416	0.416	0.65	1
1655	5738	0.416	0.416	0.72	1
996	5385	0.416	0.416	0.64	1
5045	6180	0.416	0.416	0.71	1
4471	5656	0.416	0.416	0.74	1
3414	6016	0.416	0.416	0.66	1
1093	789	0.416	0.416	0.78	1
1288	3292	0.415	0.415	0.43	1
933	648	0.415	0.415	0.71	1
3316	3446	0.415	0.415	0.61	1
3342	6165	0.415	0.415	0.72	1
2172	868	0.415	0.415	0.59	1
1964	5363	0.415	0.415	0.59	1
1607	394	0.415	0.415	0.80	1
4890	5205	0.415	0.415	0.82	1
4281	2184	0.415	0.415	0.69	1
4010	719	0.415	0.415	0.69	1
2978	5649	0.415	0.415	0.58	1
1261	3924	0.415	0.415	0.71	1
1192	2654	0.415	0.415	0.51	1
1072	2289	0.415	0.415	0.42	1
6014	5047	0.415	0.415	0.78	1
4434	3378	0.415	0.415	0.78	1
316	643	0.415	0.415	0.53	1
1896	2043	0.415	0.415	0.57	1
5712	5422	0.414	0.414	0.60	1
5187	3373	0.414	0.414	0.24	1
3254	4708	0.414	0.414	0.42	1
1077	3059	0.414	0.414	0.49	1
1070	3071	0.414	0.414	0.56	1
3732	1178	0.414	0.414	0.45	1
4674	6000	0.414	0.414	0.58	1
3565	2594	0.414	0.414	0.56	1
4330	1602	0.414	0.414	0.74	1
987	1976	0.414	0.414	0.75	1
4583	5383	0.414	0.414	0.86	1
3868	1725	0.414	0.414	0.28	1
2615	91	0.414	0.414	0.72	1
4141	455	0.414	0.414	0.61	1
1706	2913	0.414	0.414	0.62	1
2726	439	0.414	0.414	0.64	1
1259	2589	0.414	0.414	0.64	1
5263	2344	0.413	0.413	0.55	1
3355	489	0.413	0.413	0.72	1
1509	3497	0.413	0.413	0.69	1
4520	1768	0.413	0.413	0.83	1
2778	450	0.413	0.413	0.38	1
5045	3497	0.413	0.413	0.69	1
5360	678	0.413	0.413	0.71	1
4229	232	0.413	0.413	0.55	1
3936	749	0.413	0.413	0.81	1
2289	5491	0.413	0.413	0.86	1
1550	5067	0.413	0.413	0.67	1
5216	5614	0.413	0.413	0.75	1
4653	2822	0.413	0.413	0.56	1
4467	2578	0.413	0.413	0.80	1
2334	2589	0.413	0.413	0.64	1
1596	2024	0.413	0.413	0.74	1
4673	708	0.413	0.413	0.34	1
1892	2794	0.413	0.413	0.28	1
1533	1876	0.413	0.413	0.73	1
3815	860	0.412	0.412	0.65	1
2482	3163	0.412	0.412	0.58	1
4909	2375	0.412	0.412	0.41	1
3814	2992	0.412	0.412	0.58	1
1728	2827	0.412	0.412	0.55	1
1310	5926	0.412	0.412	0.30	1
679	809	0.412	0.412	0.71	1
5260	3183	0.412	0.412	0.62	1
1638	2272	0.412	0.412	0.60	1
896	4271	0.412	0.412	0.66	1
2781	228	0.412	0.412	0.41	1
2594	5606	0.412	0.412	0.52	1
5800	5582	0.412	0.412	0.67	1
5150	5419	0.412	0.412	0.25	1
4128	4145	0.412	0.412	0.41	1
1312	5687	0.412	0.412	0.74	1
5290	5176	0.412	0.412	0.59	1
4484	2301	0.412	0.412	0.65	1
4543	495	0.412	0.412	0.62	1
4431	1944	0.412	0.412	0.72	1
4744	4577	0.412	0.412	0.36	1
6113	3468	0.412	0.412	0.47	1
5684	861	0.412	0.412	0.45	1
4110	3011	0.412	0.412	0.59	1
3814	1935	0.412	0.412	0.56	1
2570	41	0.412	0.412	0.65	1
1044	162	0.412	0.412	0.66	1
998	4855	0.412	0.412	0.58	1
5578	3185	0.412	0.412	0.48	1
3908	784	0.412	0.412	0.35	1
2720	71	0.412	0.412	0.53	1
1759	4798	0.411	0.411	0.58	1
1727	2168	0.411	0.411	0.80	1
1206	3961	0.411	0.411	0.28	1
5592	1609	0.411	0.411	0.48	1
5561	3417	0.411	0.411	0.64	1
4141	5978	0.411	0.411	0.62	1
1791	2329	0.411	0.411	0.59	1
1417	2565	0.411	0.411	0.41	1
4744	3378	0.411	0.411	0.80	1
2024	5748	0.411	0.411	0.61	1
5269	1496	0.411	0.411	0.75	1
4114	1474	0.411	0.411	0.76	1
4028	2043	0.411	0.411	0.65	1
2574	5563	0.411	0.411	0.67	1
1294	3243	0.411	0.411	0.71	1
4820	203	0.411	0.411	0.47	1
3562	967	0.411	0.411	0.42	1
1856	5940	0.411	0.411	0.52	1
1555	1830	0.411	0.411	0.53	1
5395	368	0.411	0.411	0.79	1
3931	328	0.411	0.411	0.39	1
6016	638	0.410	0.410	0.54	1
2606	2919	0.410	0.410	0.57	1
1719	851	0.410	0.410	0.49	1
5450	506	0.410	0.410	0.40	1
2461	2833	0.410	0.410	0.73	1
1888	2521	0.410	0.410	0.68	1
1725	689	0.410	0.410	0.26	1
4541	4337	0.410	0.410	0.29	1
3921	2823	0.410	0.410	0.61	1
1624	5111	0.410	0.410	0.45	1
889	737	0.410	0.410	0.62	1
3715	507	0.410	0.410	0.67	1
5530	780	0.410	0.410	0.70	1
323	6189	0.410	0.410	0.63	1
4439	734	0.410	0.410	0.62	1
1688	5571	0.410	0.410	0.32	1
1371	2827	0.410	0.410	0.38	1
1122	6108	0.410	0.410	0.51	1
1935	184	0.409	0.409	0.27	1
1656	3180	0.409	0.409	0.63	1
1110	4074	0.409	0.409	0.53	1
1258	4450	0.409	0.409	0.59	1
1134	517	0.409	0.409	0.62	1
6031	3479	0.409	0.409	0.61	1
5383	6165	0.409	0.409	0.85	1
3009	5616	0.409	0.409	0.70	1
1534	2178	0.409	0.409	0.39	1
1849	790	0.409	0.409	0.55	1
3313	2335	0.409	0.409	0.54	1
2223	5678	0.409	0.409	0.66	1
1292	709	0.409	0.409	0.62	1
4141	2890	0.409	0.409	0.58	1
3589	4693	0.409	0.409	0.75	1
991	5614	0.409	0.409	0.76	1
3225	3184	0.408	0.408	0.73	1
1093	356	0.408	0.408	0.69	1
6071	6128	0.408	0.408	0.39	1
3815	1055	0.408	0.408	0.60	1
4742	2693	0.408	0.408	0.58	1
1494	568	0.408	0.408	0.61	1
2550	864	0.408	0.408	0.48	1
4777	3000	0.408	0.408	0.70	1
4773	40	0.408	0.408	0.38	1
3574	6064	0.408	0.408	0.68	1
2758	5363	0.408	0.408	0.54	1
2575	3446	0.408	0.408	0.70	1
908	1081	0.408	0.408	0.63	1
75	751	0.408	0.408	0.40	1
2601	2708	0.408	0.408	0.53	1
2004	6051	0.408	0.408	0.80	1
5635	749	0.408	0.408	0.64	1
5209	3505	0.408	0.408	0.37	1
2287	689	0.408	0.408	0.23	1
3225	5918	0.407	0.407	0.88	1
2234	476	0.407	0.407	0.71	1
5106	5537	0.407	0.407	0.52	1
3753	5484	0.407	0.407	0.75	1
2488	678	0.407	0.407	0.72	1
947	4837	0.407	0.407	0.45	1
279	833	0.407	0.407	0.62	1
3031	6075	0.407	0.407	0.42	1
1718	2007	0.407	0.407	0.33	1
1925	682	0.407	0.407	0.53	1
1684	5192	0.407	0.407	0.46	1
1791	636	0.407	0.407	0.54	1
1573	4689	0.407	0.407	0.60	1
1484	459	0.407	0.407	0.79	1
895	3000	0.407	0.407	0.82	1
3067	669	0.407	0.407	0.48	1
1661	6002	0.407	0.407	0.79	1
1496	768	0.407	0.407	0.67	1
982	3624	0.407	0.407	0.72	1
6125	337	0.406	0.406	0.65	1
1164	4775	0.406	0.406	0.34	1
1146	1708	0.406	0.406	0.80	1
5620	251	0.406	0.406	0.40	1
4766	5695	0.406	0.406	0.44	1
927	3216	0.406	0.406	0.39	1
4267	3094	0.406	0.406	0.36	1
4128	450	0.406	0.406	0.35	1
2476	5444	0.406	0.406	0.75	1
1957	4742	0.406	0.406	0.57	1
3555	1853	0.406	0.406	0.27	1
5567	5378	0.406	0.406	0.50	1
4088	811	0.406	0.406	0.70	1
1572	2570	0.406	0.406	0.47	1
3767	2123	0.406	0.406	0.64	1
3732	4773	0.406	0.406	0.25	1
2006	5260	0.406	0.406	0.86	1
1412	3414	0.406	0.406	0.52	1
3945	4006	0.406	0.406	0.56	1
2064	5955	0.406	0.406	0.65	1
1976	5383	0.406	0.406	0.83	1
4742	3292	0.405	0.405	0.53	1
4548	4777	0.405	0.405	0.42	1
1503	2833	0.405	0.405	0.65	1
1055	1496	0.405	0.405	0.60	1
4351	4899	0.405	0.405	0.31	1
5749	2962	0.405	0.405	0.84	1
4510	2691	0.405	0.405	0.77	1
5968	6075	0.405	0.405	0.44	1
5903	676	0.405	0.405	0.34	1
2443	5627	0.405	0.405	0.68	1
1698	3133	0.405	0.405	0.60	1
1624	2617	0.405	0.405	0.80	1
1432	833	0.405	0.405	0.65	1
4170	5618	0.405	0.405	0.79	1
1496	860	0.405	0.405	0.66	1
3514	71	0.405	0.405	0.54	1
2289	3032	0.405	0.405	0.38	1
5410	384	0.405	0.405	0.76	1
2158	243	0.405	0.405	0.68	1
1105	1556	0.405	0.405	0.57	1
5984	3169	0.404	0.404	0.47	1
5463	624	0.404	0.404	0.47	1
3772	42	0.404	0.404	0.74	1
2609	2822	0.404	0.404	0.55	1
2006	34	0.404	0.404	0.87	1
4520	72	0.404	0.404	0.82	1
4380	2296	0.404	0.404	0.76	1
3815	3143	0.404	0.404	0.39	1
2057	2682	0.404	0.404	0.54	1
2004	1609	0.404	0.404	0.71	1
4936	2962	0.404	0.404	0.43	1
2887	3414	0.404	0.404	0.50	1
1923	2570	0.404	0.404	0.58	1
5616	139	0.404	0.404	0.62	1
2044	5530	0.404	0.404	0.68	1
1015	4471	0.404	0.404	0.66	1
3666	3045	0.404	0.404	0.36	1
1371	4948	0.404	0.404	0.53	1
5383	5260	0.404	0.404	0.85	1
2887	3415	0.404	0.404	0.49	1
1110	767	0.404	0.404	0.61	1
4981	26	0.404	0.404	0.42	1
3656	5619	0.404	0.404	0.57	1
6124	138	0.404	0.404	0.57	1
3381	314	0.404	0.404	0.63	1
479	738	0.404	0.404	0.62	1
4326	6102	0.403	0.403	0.33	1
964	2988	0.403	0.403	0.56	1
5383	331	0.403	0.403	0.77	1
4376	2712	0.403	0.403	0.71	1
4442	5126	0.403	0.403	0.57	1
2176	5574	0.403	0.403	0.69	1
1297	340	0.403	0.403	0.62	1
5236	356	0.403	0.403	0.55	1
4055	633	0.403	0.403	0.73	1
3143	1496	0.403	0.403	0.42	1
1115	2507	0.403	0.403	0.42	1
1045	4697	0.403	0.403	0.19	1
5443	5761	0.403	0.403	0.75	1
2152	3508	0.403	0.403	0.23	1
3555	3313	0.403	0.403	0.35	1
4259	2839	0.403	0.403	0.31	1
3798	2762	0.403	0.403	0.59	1
1180	4314	0.403	0.403	0.55	1
893	2162	0.403	0.403	0.71	1
6	3378	0.403	0.403	0.58	1
4769	2482	0.403	0.403	0.40	1
3804	5460	0.403	0.403	0.24	1
4936	5434	0.402	0.402	0.39	1
3568	3718	0.402	0.402	0.49	1
1624	5800	0.402	0.402	0.54	1
139	252	0.402	0.402	0.68	1
5974	851	0.402	0.402	0.40	1
5652	2805	0.402	0.402	0.49	1
4114	270	0.402	0.402	0.70	1
4987	3163	0.402	0.402	0.70	1
3225	5738	0.402	0.402	0.63	1
3056	246	0.402	0.402	0.73	1
1118	1951	0.402	0.402	0.80	1
4577	287	0.402	0.402	0.77	1
4114	1781	0.402	0.402	0.70	1
5457	5852	0.402	0.402	0.30	1
1766	184	0.402	0.402	0.45	1
4577	2178	0.402	0.402	0.39	1
2509	3059	0.402	0.402	0.51	1
911	33	0.402	0.402	0.64	1
2575	3512	0.402	0.402	0.68	1
1998	2910	0.402	0.402	0.61	1
1153	340	0.402	0.402	0.68	1
1156	5019	0.401	0.401	0.57	1
4183	5643	0.401	0.401	0.59	1
4167	5488	0.401	0.401	0.43	1
2161	648	0.401	0.401	0.77	1
1716	2483	0.401	0.401	0.56	1
5618	862	0.401	0.401	0.70	1
4001	678	0.401	0.401	0.75	1
2154	3217	0.401	0.401	0.63	1
2194	5260	0.401	0.401	0.73	1
3940	229	0.401	0.401	0.59	1
2257	2563	0.401	0.401	0.54	1
1805	4596	0.401	0.401	0.66	1
2655	5946	0.401	0.401	0.67	1
5383	6166	0.401	0.401	0.85	1
3950	2997	0.401	0.401	0.52	1
998	746	0.401	0.401	0.54	1
3574	26	0.400	0.400	0.55	1
2017	5288	0.400	0.400	0.56	1
1813	5437	0.400	0.400	0.47	1
5454	5837	0.400	0.400	0.31	1
4582	2352	0.400	0.400	0.41	1
889	3338	0.400	0.400	0.56	1
5539	678	0.400	0.400	0.67	1
1678	3272	0.400	0.400	0.55	1
5985	868	0.400	0.400	0.51	1
5050	3148	0.400	0.400	0.71	1
1930	228	0.400	0.400	0.71	1
1242	4006	0.400	0.400	0.67	1
4561	2696	0.400	0.400	0.67	1
370	6196	0.400	0.400	0.75	1
3787	3517	0.400	0.400	0.59	1
1595	22	0.400	0.400	0.42	1
1278	3944	0.400	0.400	0.65	1
1718	5177	0.399	0.399	0.43	1
968	825	0.399	0.399	0.83	1
4724	3038	0.399	0.399	0.57	1
4322	41	0.399	0.399	0.70	1
1706	2272	0.399	0.399	0.64	1
2569	3216	0.399	0.399	0.51	1
5670	2890	0.399	0.399	0.51	1
2539	2589	0.399	0.399	0.65	1
2535	3299	0.399	0.399	0.61	1
1976	5146	0.399	0.399	0.71	1
1954	2921	0.399	0.399	0.66	1
4695	5530	0.399	0.399	0.69	1
3716	5502	0.399	0.399	0.80	1
1093	2569	0.399	0.399	0.63	1
5659	375	0.399	0.399	0.65	1
3758	5043	0.399	0.399	0.61	1
595	824	0.399	0.399	0.53	1
4582	40	0.399	0.399	0.45	1
3505	647	0.399	0.399	0.32	1
1294	1706	0.398	0.398	0.66	1
5485	3342	0.398	0.398	0.71	1
5192	5625	0.398	0.398	0.44	1
4006	1783	0.398	0.398	0.66	1
4985	3022	0.398	0.398	0.58	1
1965	3506	0.398	0.398	0.67	1
3644	103	0.398	0.398	0.63	1
2154	1496	0.398	0.398	0.62	1
1747	2178	0.398	0.398	0.25	1
4724	3071	0.398	0.398	0.41	1
1706	5856	0.398	0.398	0.62	1
983	1865	0.398	0.398	0.67	1
166	281	0.398	0.398	0.39	1
5440	232	0.398	0.398	0.67	1
2111	5178	0.398	0.398	0.45	1
1820	5476	0.398	0.398	0.36	1
978	2001	0.398	0.398	0.60	1
3629	1604	0.397	0.397	0.75	1
983	1047	0.397	0.397	0.54	1
4798	246	0.397	0.397	0.86	1
4180	5222	0.397	0.397	0.44	1
5336	1496	0.397	0.397	0.65	1
4132	469	0.397	0.397	0.81	1
1660	5771	0.397	0.397	0.37	1
3910	1536	0.397	0.397	0.63	1
1708	2149	0.397	0.397	0.82	1
1094	3626	0.397	0.397	0.54	1
3954	5052	0.397	0.397	0.66	1
3726	3331	0.397	0.397	0.66	1
3307	388	0.397	0.397	0.57	1
4624	2808	0.397	0.397	0.64	1
3728	1361	0.397	0.397	0.68	1
2589	2823	0.397	0.397	0.67	1
1412	3415	0.397	0.397	0.52	1
1046	418	0.397	0.397	0.50	1
4461	2056	0.397	0.397	0.70	1
4109	5419	0.397	0.397	0.36	1
5007	3337	0.396	0.396	0.29	1
5945	600	0.396	0.396	0.64	1
4985	4899	0.396	0.396	0.59	1
2196	2570	0.396	0.396	0.56	1
2178	2252	0.396	0.396	0.40	1
1288	6087	0.396	0.396	0.43	1
3648	4577	0.396	0.396	0.53	1
2661	710	0.396	0.396	0.62	1
2569	1602	0.396	0.396	0.45	1
2390	2231	0.396	0.396	0.75	1
4921	655	0.396	0.396	0.67	1
1015	494	0.396	0.396	0.52	1
4476	5548	0.396	0.396	0.62	1
3947	2087	0.396	0.396	0.65	1
3401	417	0.396	0.396	0.65	1
4582	1598	0.396	0.396	0.41	1
4079	6035	0.396	0.396	0.50	1
3715	4245	0.396	0.396	0.80	1
3094	5938	0.396	0.396	0.54	1
3889	149	0.396	0.396	0.53	1
3466	6034	0.396	0.396	0.86	1
4424	5527	0.395	0.395	0.67	1
3758	4566	0.395	0.395	0.54	1
2775	650	0.395	0.395	0.40	1
1124	3376	0.395	0.395	0.73	1
4673	5664	0.395	0.395	0.35	1
5246	480	0.395	0.395	0.74	1
3242	3375	0.395	0.395	0.37	1
3279	176	0.395	0.395	0.57	1
1974	4532	0.395	0.395	0.77	1
1595	4731	0.395	0.395	0.57	1
4520	2557	0.395	0.395	0.82	1
4168	5139	0.395	0.395	0.71	1
3697	2778	0.395	0.395	0.37	1
5150	679	0.395	0.395	0.74	1
3193	417	0.395	0.395	0.65	1
1976	855	0.395	0.395	0.71	1
1164	188	0.395	0.395	0.47	1
2677	838	0.394	0.394	0.68	1
1727	1489	0.394	0.394	0.71	1
3715	3037	0.394	0.394	0.77	1
4315	3407	0.394	0.394	0.72	1
4180	5915	0.394	0.394	0.76	1
2135	41	0.394	0.394	0.57	1
1706	4706	0.394	0.394	0.67	1
1138	3446	0.394	0.394	0.54	1
1044	5983	0.394	0.394	0.64	1
4114	2890	0.394	0.394	0.69	1
3762	5205	0.394	0.394	0.73	1
1802	5330	0.394	0.394	0.36	1
1539	5209	0.394	0.394	0.72	1
3715	4108	0.394	0.394	0.80	1
3370	3512	0.394	0.394	0.58	1
2691	3415	0.394	0.394	0.74	1
4148	5561	0.394	0.394	0.56	1
2267	1496	0.394	0.394	0.68	1
5155	2710	0.393	0.393	0.72	1
1346	5288	0.393	0.393	0.39	1
1109	4518	0.393	0.393	0.59	1
4609	663	0.393	0.393	0.55	1
3917	3148	0.393	0.393	0.60	1
3787	1447	0.393	0.393	0.54	1
528	718	0.393	0.393	0.29	1
5337	214	0.393	0.393	0.57	1
5290	375	0.393	0.393	0.87	1
2429	663	0.393	0.393	0.55	1
2249	3381	0.393	0.393	0.68	1
4606	575	0.393	0.393	0.59	1
4010	2094	0.393	0.393	0.61	1
3790	5362	0.393	0.393	0.75	1
3324	82	0.393	0.393	0.68	1
2626	6162	0.393	0.393	0.68	1
1193	6188	0.393	0.393	0.26	1
4510	638	0.393	0.393	0.73	1
1447	864	0.393	0.393	0.51	1
2613	405	0.393	0.393	0.46	1
4157	2363	0.393	0.393	0.25	1
3779	4806	0.393	0.393	0.68	1
3784	5137	0.392	0.392	0.83	1
2740	776	0.392	0.392	0.58	1
2581	671	0.392	0.392	0.49	1
3291	5918	0.392	0.392	0.67	1
2076	2967	0.392	0.392	0.57	1
3917	3669	0.392	0.392	0.42	1
2941	806	0.392	0.392	0.36	1
2334	2833	0.392	0.392	0.67	1
190	307	0.392	0.392	0.35	1
3485	40	0.392	0.392	0.49	1
1166	4606	0.392	0.392	0.67	1
3561	3066	0.392	0.392	0.50	1
2241	4671	0.392	0.392	0.55	1
5015	40	0.392	0.392	0.44	1
1417	4434	0.392	0.392	0.41	1
3563	3984	0.391	0.391	0.23	1
256	415	0.391	0.391	0.52	1
2537	1636	0.391	0.391	0.67	1
1205	323	0.391	0.391	0.60	1
4777	5239	0.391	0.391	0.58	1
3547	5616	0.391	0.391	0.61	1
1835	5857	0.391	0.391	0.69	1
1170	203	0.391	0.391	0.45	1
4852	603	0.391	0.391	0.61	1
4426	794	0.391	0.391	0.54	1
2969	415	0.391	0.391	0.47	1
1708	3225	0.391	0.391	0.80	1
1047	2087	0.391	0.391	0.55	1
1799	405	0.391	0.391	0.62	1
5439	5252	0.391	0.391	0.58	1
4611	5627	0.391	0.391	0.33	1
3900	187	0.391	0.391	0.39	1
1328	5069	0.391	0.391	0.34	1
3313	6177	0.390	0.390	0.56	1
1201	42	0.390	0.390	0.78	1
4744	5615	0.390	0.390	0.23	1
4719	2819	0.390	0.390	0.69	1
8	4947	0.390	0.390	0.69	1
1042	4045	0.390	0.390	0.62	1
5320	158	0.390	0.390	0.32	1
3144	221	0.390	0.390	0.66	1
2120	2441	0.390	0.390	0.49	1
1479	299	0.390	0.390	0.77	1
4130	1037	0.390	0.390	0.45	1
914	693	0.390	0.390	0.39	1
3927	1715	0.389	0.389	0.60	1
2691	3414	0.389	0.389	0.73	1
1069	5205	0.389	0.389	0.68	1
3815	1161	0.389	0.389	0.63	1
3774	1858	0.389	0.389	0.61	1
2453	383	0.389	0.389	0.55	1
5114	733	0.389	0.389	0.55	1
1069	1911	0.389	0.389	0.52	1
4521	1829	0.389	0.389	0.39	1
3434	789	0.389	0.389	0.35	1
987	2939	0.389	0.389	0.40	1
5654	3259	0.389	0.389	0.64	1
4775	3438	0.389	0.389	0.57	1
2757	3148	0.389	0.389	0.78	1
892	2775	0.389	0.389	0.25	1
3815	2267	0.389	0.389	0.66	1
2526	2872	0.389	0.389	0.65	1
922	2710	0.389	0.389	0.59	1
4705	233	0.389	0.389	0.45	1
1046	3630	0.389	0.389	0.47	1
1765	305	0.389	0.389	0.50	1
2076	2721	0.389	0.389	0.56	1
1469	1514	0.389	0.389	0.54	1
4447	5750	0.388	0.388	0.77	1
2021	5164	0.388	0.388	0.59	1
5737	243	0.388	0.388	0.73	1
4981	138	0.388	0.388	0.58	1
1781	722	0.388	0.388	0.48	1
5361	2637	0.388	0.388	0.44	1
3080	5893	0.388	0.388	0.74	1
2731	678	0.388	0.388	0.69	1
1939	5620	0.388	0.388	0.59	1
1866	3381	0.388	0.388	0.64	1
3241	267	0.388	0.388	0.70	1
1783	1479	0.388	0.388	0.71	1
4417	9	0.388	0.388	0.21	1
1765	5188	0.388	0.388	0.61	1
4609	4971	0.388	0.388	0.69	1
1967	2670	0.388	0.388	0.60	1
1096	3942	0.388	0.388	0.47	1
991	2765	0.388	0.388	0.47	1
905	5191	0.388	0.388	0.75	1
1232	325	0.388	0.388	0.60	1
3245	3453	0.387	0.387	0.75	1
1957	1636	0.387	0.387	0.60	1
4010	4473	0.387	0.387	0.69	1
452	802	0.387	0.387	0.67	1
4317	2734	0.387	0.387	0.55	1
1992	5366	0.387	0.387	0.30	1
965	5684	0.387	0.387	0.39	1
4502	3079	0.387	0.387	0.27	1
4449	236	0.387	0.387	0.40	1
3875	5045	0.387	0.387	0.61	1
1752	4807	0.387	0.387	0.69	1
4355	68	0.387	0.387	0.58	1
907	4172	0.387	0.387	0.48	1
5724	531	0.387	0.387	0.58	1
4695	2709	0.387	0.387	0.37	1
3547	1098	0.387	0.387	0.59	1
1769	5755	0.387	0.387	0.56	1
4787	5233	0.387	0.387	0.51	1
1699	2724	0.387	0.387	0.67	1
2182	5940	0.387	0.387	0.52	1
1834	5136	0.387	0.387	0.42	1
6153	5462	0.386	0.386	0.63	1
2352	2443	0.386	0.386	0.58	1
1281	1827	0.386	0.386	0.75	1
5971	3400	0.386	0.386	0.71	1
1528	679	0.386	0.386	0.71	1
1674	2988	0.386	0.386	0.42	1
2646	5627	0.386	0.386	0.56	1
2296	6165	0.386	0.386	0.70	1
6106	6076	0.386	0.386	0.60	1
2722	61	0.386	0.386	0.56	1
171	708	0.386	0.386	0.60	1
4855	3268	0.386	0.386	0.67	1
1699	5275	0.386	0.386	0.70	1
4310	532	0.386	0.386	0.58	1
2260	5216	0.386	0.386	0.78	1
1707	4806	0.386	0.386	0.65	1
3587	6029	0.386	0.386	0.74	1
3549	2127	0.386	0.386	0.45	1
3304	244	0.386	0.386	0.69	1
1837	2726	0.386	0.386	0.67	1
4999	2552	0.386	0.386	0.72	1
748	6188	0.386	0.386	0.25	1
5676	5561	0.385	0.385	0.60	1
1118	2695	0.385	0.385	0.39	1
6	4773	0.385	0.385	0.56	1
5918	247	0.385	0.385	0.81	1
3762	1539	0.385	0.385	0.79	1
3020	631	0.385	0.385	0.70	1
1173	5567	0.385	0.385	0.28	1
5069	642	0.385	0.385	0.61	1
4981	5872	0.385	0.385	0.33	1
4807	34	0.385	0.385	0.63	1
4006	3271	0.385	0.385	0.34	1
1838	6102	0.385	0.385	0.66	1
1595	4148	0.385	0.385	0.64	1
5106	6166	0.385	0.385	0.75	1
5155	2189	0.384	0.384	0.48	1
4574	2552	0.384	0.384	0.49	1
932	1327	0.384	0.384	0.81	1
4719	3201	0.384	0.384	0.75	1
4705	2668	0.384	0.384	0.63	1
2450	6087	0.384	0.384	0.76	1
3825	1769	0.384	0.384	0.40	1
5658	679	0.384	0.384	0.64	1
4837	4355	0.384	0.384	0.48	1
2570	3502	0.384	0.384	0.65	1
2320	5766	0.384	0.384	0.82	1
4930	5070	0.384	0.384	0.74	1
4909	3375	0.384	0.384	0.38	1
4208	5905	0.384	0.384	0.33	1
4518	2710	0.384	0.384	0.68	1
3180	3259	0.384	0.384	0.73	1
1747	2777	0.384	0.384	0.29	1
1020	5811	0.384	0.384	0.49	1
5742	1479	0.383	0.383	0.53	1
4434	1789	0.383	0.383	0.76	1
3815	1153	0.383	0.383	0.63	1
1267	5571	0.383	0.383	0.74	1
3815	5055	0.383	0.383	0.61	1
2569	3446	0.383	0.383	0.39	1
4135	2138	0.383	0.383	0.55	1
1164	724	0.383	0.383	0.54	1
4583	755	0.383	0.383	0.76	1
2657	669	0.383	0.383	0.33	1
1259	2833	0.383	0.383	0.71	1
3445	480	0.383	0.383	0.80	1
906	4620	0.383	0.383	0.61	1
4418	5971	0.383	0.383	0.80	1
3667	1421	0.383	0.383	0.68	1
2335	578	0.383	0.383	0.50	1
4583	3183	0.383	0.383	0.61	1
4391	2988	0.383	0.383	0.73	1
1321	679	0.382	0.382	0.70	1
5902	123	0.382	0.382	0.65	1
5627	603	0.382	0.382	0.36	1
4993	5603	0.382	0.382	0.68	1
1835	1964	0.382	0.382	0.49	1
22	866	0.382	0.382	0.52	1
1240	4577	0.382	0.382	0.37	1
1160	4577	0.382	0.382	0.45	1
4954	588	0.382	0.382	0.65	1
932	2296	0.382	0.382	0.72	1
5443	6138	0.382	0.382	0.67	1
2183	6130	0.382	0.382	0.53	1
821	6166	0.382	0.382	0.70	1
4928	3030	0.382	0.382	0.48	1
4797	3223	0.382	0.382	0.40	1
1310	71	0.382	0.382	0.49	1
1954	2352	0.382	0.382	0.30	1
1205	2909	0.382	0.382	0.78	1
1130	3631	0.382	0.382	0.78	1
3686	5485	0.382	0.382	0.31	1
4441	267	0.382	0.382	0.53	1
1308	531	0.382	0.382	0.39	1
5405	5164	0.381	0.381	0.59	1
2802	659	0.381	0.381	0.48	1
551	6157	0.381	0.381	0.65	1
5226	5814	0.381	0.381	0.33	1
4658	868	0.381	0.381	0.56	1
1230	51	0.381	0.381	0.70	1
1138	1556	0.381	0.381	0.53	1
4615	5740	0.381	0.381	0.22	1
3950	1341	0.381	0.381	0.38	1
2494	5299	0.381	0.381	0.34	1
4847	5488	0.381	0.381	0.46	1
4407	2872	0.381	0.381	0.64	1
2050	6018	0.381	0.381	0.74	1
5749	2319	0.381	0.381	0.83	1
5687	5819	0.381	0.381	0.52	1
4057	1489	0.381	0.381	0.67	1
3541	280	0.381	0.381	0.49	1
991	5616	0.381	0.381	0.74	1
5407	621	0.381	0.381	0.77	1
2948	5929	0.381	0.381	0.70	1
1727	6034	0.381	0.381	0.79	1
1070	1699	0.381	0.381	0.58	1
2331	1489	0.381	0.381	0.76	1
1197	1848	0.381	0.381	0.70	1
5730	33	0.381	0.381	0.46	1
2477	298	0.380	0.380	0.63	1
3381	3303	0.380	0.380	0.66	1
3183	3285	0.380	0.380	0.21	1
5334	2441	0.380	0.380	0.38	1
4723	3091	0.380	0.380	0.72	1
4010	1572	0.380	0.380	0.61	1
3668	3381	0.380	0.380	0.66	1
5984	3068	0.380	0.380	0.49	1
5495	71	0.380	0.380	0.46	1
4141	4991	0.380	0.380	0.57	1
4351	5467	0.380	0.380	0.39	1
922	6147	0.380	0.380	0.31	1
5561	624	0.380	0.380	0.44	1
1040	790	0.380	0.380	0.47	1
3762	3614	0.380	0.380	0.57	1
1319	1567	0.380	0.380	0.42	1
4732	348	0.380	0.380	0.48	1
3629	3936	0.380	0.380	0.73	1
3589	3910	0.380	0.380	0.56	1
2855	6138	0.380	0.380	0.39	1
4597	5848	0.380	0.380	0.59	1
3950	5120	0.380	0.380	0.51	1
3815	2872	0.380	0.380	0.70	1
3180	3312	0.380	0.380	0.60	1
1599	33	0.380	0.380	0.62	1
4518	792	0.379	0.379	0.63	1
1992	5228	0.379	0.379	0.47	1
6051	754	0.379	0.379	0.43	1
3294	75	0.379	0.379	0.36	1
1288	2631	0.379	0.379	0.37	1
365	736	0.379	0.379	0.67	1
4233	4751	0.379	0.379	0.54	1
4229	2697	0.379	0.379	0.50	1
2145	5885	0.379	0.379	0.58	1
911	22	0.379	0.379	0.65	1
4890	3176	0.379	0.379	0.80	1
2481	5363	0.379	0.379	0.63	1
1838	5135	0.379	0.379	0.65	1
3723	2080	0.379	0.379	0.30	1
4259	4180	0.379	0.379	0.75	1
1633	6075	0.379	0.379	0.71	1
4433	2137	0.379	0.379	0.56	1
2872	340	0.379	0.379	0.70	1
4458	647	0.379	0.379	0.41	1
1173	5111	0.379	0.379	0.38	1
5382	3526	0.378	0.378	0.66	1
5020	2552	0.378	0.378	0.51	1
1103	2296	0.378	0.378	0.62	1
3570	4330	0.378	0.378	0.66	1
3066	2778	0.378	0.378	0.40	1
1594	259	0.378	0.378	0.37	1
4169	6089	0.378	0.378	0.66	1
5057	648	0.378	0.378	0.72	1
2758	3272	0.378	0.378	0.64	1
1655	4719	0.378	0.378	0.74	1
5419	5047	0.378	0.378	0.29	1
2394	267	0.378	0.378	0.57	1
2200	440	0.378	0.378	0.65	1
5557	3378	0.378	0.378	0.64	1
4673	4613	0.378	0.378	0.38	1
2231	493	0.378	0.378	0.65	1
3837	2988	0.378	0.378	0.78	1
3597	1524	0.378	0.378	0.63	1
5978	1618	0.378	0.378	0.64	1
4433	634	0.378	0.378	0.35	1
1802	342	0.378	0.378	0.46	1
4199	2199	0.378	0.378	0.53	1
2203	5873	0.378	0.378	0.57	1
2024	5386	0.378	0.378	0.50	1
2176	678	0.377	0.377	0.66	1
3947	811	0.377	0.377	0.60	1
4484	4485	0.377	0.377	0.45	1
3715	1294	0.377	0.377	0.83	1
3815	2549	0.377	0.377	0.43	1
1909	5506	0.377	0.377	0.63	1
1718	2863	0.377	0.377	0.47	1
4787	5906	0.377	0.377	0.63	1
4689	5349	0.377	0.377	0.50	1
4510	2656	0.377	0.377	0.67	1
3562	590	0.377	0.377	0.68	1
4377	277	0.377	0.377	0.62	1
5488	3270	0.377	0.377	0.36	1
2999	250	0.377	0.377	0.69	1
4868	1780	0.376	0.376	0.46	1
4314	1986	0.376	0.376	0.50	1
3815	4083	0.376	0.376	0.53	1
2296	122	0.376	0.376	0.85	1
5363	3299	0.376	0.376	0.51	1
6074	3112	0.376	0.376	0.39	1
3913	4689	0.376	0.376	0.40	1
1891	4834	0.376	0.376	0.51	1
5991	363	0.376	0.376	0.24	1
4693	5156	0.376	0.376	0.70	1
2390	848	0.376	0.376	0.80	1
4044	781	0.376	0.376	0.55	1
1201	3913	0.376	0.376	0.62	1
3822	5800	0.376	0.376	0.46	1
3762	6066	0.376	0.376	0.48	1
1623	152	0.376	0.376	0.71	1
4819	3279	0.375	0.375	0.58	1
6	3261	0.375	0.375	0.55	1
4145	3292	0.375	0.375	0.45	1
3036	1466	0.375	0.375	0.72	1
2448	144	0.375	0.375	0.64	1
4355	5602	0.375	0.375	0.53	1
1186	122	0.375	0.375	0.41	1
982	2129	0.375	0.375	0.70	1
3108	280	0.375	0.375	0.29	1
4706	813	0.375	0.375	0.75	1
3651	1795	0.375	0.375	0.65	1
5903	198	0.375	0.375	0.49	1
4439	4934	0.375	0.375	0.75	1
4048	2450	0.375	0.375	0.77	1
2112	3227	0.375	0.375	0.67	1
3810	5683	0.375	0.375	0.59	1
2306	5881	0.375	0.375	0.65	1
1842	2065	0.375	0.375	0.79	1
1595	2044	0.375	0.375	0.44	1
1144	466	0.375	0.375	0.56	1
3956	2919	0.375	0.375	0.66	1
2847	5571	0.375	0.375	0.31	1
1625	5906	0.375	0.375	0.46	1
2569	3039	0.375	0.375	0.58	1
1171	2258	0.375	0.375	0.79	1
899	4689	0.375	0.375	0.39	1
2916	5660	0.374	0.374	0.71	1
4948	3183	0.374	0.374	0.24	1
4665	298	0.374	0.374	0.60	1
1265	4122	0.374	0.374	0.78	1
4930	4934	0.374	0.374	0.63	1
1933	678	0.374	0.374	0.69	1
4975	5470	0.374	0.374	0.58	1
3927	2653	0.374	0.374	0.44	1
2833	678	0.374	0.374	0.72	1
5246	74	0.374	0.374	0.74	1
1261	3225	0.374	0.374	0.69	1
4834	75	0.374	0.374	0.50	1
4129	1593	0.374	0.374	0.60	1
3371	798	0.374	0.374	0.60	1
3299	6031	0.374	0.374	0.61	1
2719	5362	0.374	0.374	0.64	1
1415	632	0.374	0.374	0.70	1
4434	790	0.374	0.374	0.22	1
1572	4857	0.374	0.374	0.58	1
5514	3056	0.373	0.373	0.52	1
1974	2534	0.373	0.373	0.66	1
4985	2998	0.373	0.373	0.56	1
2532	33	0.373	0.373	0.39	1
1134	4749	0.373	0.373	0.68	1
33	41	0.373	0.373	0.60	1
4148	2196	0.373	0.373	0.57	1
4584	2145	0.373	0.373	0.61	1
4094	4315	0.373	0.373	0.69	1
4141	1946	0.373	0.373	0.56	1
3906	1633	0.373	0.373	0.67	1
2401	5708	0.373	0.373	0.56	1
1618	755	0.373	0.373	0.63	1
2919	3137	0.373	0.373	0.62	1
1727	2548	0.373	0.373	0.79	1
1462	4874	0.373	0.373	0.41	1
948	2335	0.373	0.373	0.55	1
4485	5919	0.373	0.373	0.62	1
3732	1534	0.373	0.373	0.30	1
3909	6010	0.373	0.373	0.43	1
1539	5419	0.373	0.373	0.73	1
5099	26	0.372	0.372	0.40	1
3830	5592	0.372	0.372	0.64	1
2272	3243	0.372	0.372	0.66	1
2123	643	0.372	0.372	0.60	1
1708	2604	0.372	0.372	0.83	1
7	2010	0.372	0.372	0.41	1
3798	1924	0.372	0.372	0.68	1
2872	860	0.372	0.372	0.63	1
4745	365	0.372	0.372	0.49	1
3637	1493	0.372	0.372	0.34	1
4417	6087	0.372	0.372	0.21	1
4380	1852	0.372	0.372	0.77	1
6153	20	0.372	0.372	0.72	1
3892	2480	0.372	0.372	0.38	1
2654	5047	0.372	0.372	0.58	1
1699	6079	0.372	0.372	0.71	1
1699	3053	0.372	0.372	0.52	1
4929	235	0.372	0.372	0.62	1
2450	2612	0.372	0.372	0.69	1
2365	459	0.372	0.372	0.55	1
26	4065	0.372	0.372	0.42	1
1415	1848	0.372	0.372	0.69	1
4439	5070	0.371	0.371	0.69	1
2244	3097	0.371	0.371	0.24	1
2523	2441	0.371	0.371	0.39	1
4695	33	0.371	0.371	0.34	1
4229	3517	0.371	0.371	0.59	1
3832	2480	0.371	0.371	0.42	1
3573	4907	0.371	0.371	0.58	1
5618	708	0.371	0.371	0.80	1
4559	4834	0.371	0.371	0.48	1
2590	2758	0.371	0.371	0.52	1
1534	4204	0.371	0.371	0.49	1
905	3342	0.371	0.371	0.75	1
4092	5915	0.371	0.371	0.74	1
2229	4800	0.371	0.371	0.63	1
1992	5488	0.371	0.371	0.42	1
1342	814	0.371	0.371	0.62	1
4420	3227	0.371	0.371	0.75	1
1567	3213	0.371	0.371	0.29	1
1402	2344	0.371	0.371	0.45	1
5755	312	0.371	0.371	0.57	1
4971	198	0.371	0.371	0.44	1
2534	5858	0.371	0.371	0.63	1
2145	5670	0.371	0.371	0.63	1
4128	5409	0.371	0.371	0.41	1
3502	6130	0.371	0.371	0.60	1
5728	3466	0.370	0.370	0.69	1
5419	416	0.370	0.370	0.54	1
2721	356	0.370	0.370	0.48	1
1831	6003	0.370	0.370	0.25	1
1623	4732	0.370	0.370	0.55	1
5749	446	0.370	0.370	0.75	1
3380	286	0.370	0.370	0.53	1
3271	724	0.370	0.370	0.69	1
2405	3144	0.370	0.370	0.52	1
1432	3076	0.370	0.370	0.65	1
1317	2804	0.370	0.370	0.43	1
5694	298	0.370	0.370	0.54	1
5689	5819	0.370	0.370	0.26	1
4633	3301	0.370	0.370	0.76	1
4114	4665	0.370	0.370	0.60	1
2390	4986	0.370	0.370	0.69	1
938	6034	0.370	0.370	0.83	1
5382	3631	0.370	0.370	0.72	1
2278	5971	0.370	0.370	0.62	1
41	486	0.370	0.370	0.48	1
927	1077	0.370	0.370	0.40	1
1290	3806	0.370	0.370	0.55	1
41	776	0.370	0.370	0.55	1
5149	3381	0.370	0.370	0.65	1
4563	5920	0.370	0.370	0.70	1
181	438	0.370	0.370	0.67	1
4136	4746	0.370	0.370	0.31	1
3176	835	0.370	0.370	0.58	1
2535	5414	0.370	0.370	0.57	1
1783	5609	0.369	0.369	0.61	1
1437	488	0.369	0.369	0.32	1
1173	164	0.369	0.369	0.49	1
5615	609	0.369	0.369	0.48	1
4723	5250	0.369	0.369	0.59	1
889	3570	0.369	0.369	0.55	1
5668	812	0.369	0.369	0.63	1
3891	1130	0.369	0.369	0.26	1
5675	3453	0.369	0.369	0.56	1
5596	5458	0.369	0.369	0.66	1
4052	5069	0.369	0.369	0.63	1
3732	5922	0.369	0.369	0.28	1
2794	3000	0.369	0.369	0.68	1
2566	3076	0.369	0.369	0.43	1
2135	5031	0.369	0.369	0.59	1
5204	2721	0.369	0.369	0.50	1
1700	2363	0.369	0.369	0.61	1
2457	3342	0.369	0.369	0.65	1
1415	4507	0.369	0.369	0.66	1
5057	693	0.369	0.369	0.39	1
4912	377	0.369	0.369	0.28	1
980	4777	0.369	0.369	0.54	1
4882	5944	0.368	0.368	0.71	1
4312	1848	0.368	0.368	0.31	1
4305	5050	0.368	0.368	0.73	1
1094	5463	0.368	0.368	0.50	1
5488	68	0.368	0.368	0.39	1
3956	868	0.368	0.368	0.50	1
5985	335	0.368	0.368	0.59	1
4532	42	0.368	0.368	0.77	1
4660	5337	0.368	0.368	0.47	1
4401	2056	0.368	0.368	0.48	1
3052	96	0.368	0.368	0.50	1
5126	5618	0.368	0.368	0.72	1
2044	5609	0.368	0.368	0.24	1
1950	5575	0.368	0.368	0.32	1
5578	692	0.368	0.368	0.73	1
1186	1346	0.368	0.368	0.41	1
983	3484	0.368	0.368	0.62	1
4583	3342	0.368	0.368	0.70	1
5689	3061	0.368	0.368	0.58	1
3815	2154	0.368	0.368	0.61	1
4330	1328	0.367	0.367	0.67	1
3261	183	0.367	0.367	0.51	1
3148	150	0.367	0.367	0.62	1
1771	2082	0.367	0.367	0.83	1
9	2613	0.367	0.367	0.25	1
4006	724	0.367	0.367	0.58	1
914	4589	0.367	0.367	0.62	1
5196	3133	0.367	0.367	0.23	1
4611	2646	0.367	0.367	0.32	1
4355	2569	0.367	0.367	0.62	1
1141	2658	0.367	0.367	0.39	1
5116	6051	0.367	0.367	0.51	1
4229	1551	0.367	0.367	0.44	1
2569	175	0.367	0.367	0.50	1
5757	3520	0.367	0.367	0.55	1
5334	4058	0.367	0.367	0.29	1
3806	5488	0.367	0.367	0.38	1
3562	5108	0.367	0.367	0.42	1
3031	487	0.367	0.367	0.43	1
1791	6071	0.367	0.367	0.42	1
3010	6035	0.367	0.367	0.40	1
1853	5485	0.367	0.367	0.54	1
1148	194	0.367	0.367	0.56	1
1612	5518	0.367	0.367	0.48	1
1604	5616	0.367	0.367	0.71	1
1146	5918	0.366	0.366	0.81	1
3575	5196	0.366	0.366	0.49	1
5196	2491	0.366	0.366	0.30	1
4597	233	0.366	0.366	0.56	1
4285	3303	0.366	0.366	0.68	1
2721	5192	0.366	0.366	0.43	1
2033	6137	0.366	0.366	0.65	1
993	1084	0.366	0.366	0.33	1
4285	3381	0.366	0.366	0.67	1
2178	6157	0.366	0.366	0.43	1
1820	3197	0.366	0.366	0.26	1
1203	4590	0.366	0.366	0.49	1
4160	3184	0.366	0.366	0.39	1
1524	1986	0.366	0.366	0.66	1
3732	1858	0.366	0.366	0.28	1
2443	5172	0.366	0.366	0.53	1
4390	2258	0.366	0.366	0.77	1
1894	2802	0.366	0.366	0.41	1
2278	3217	0.366	0.366	0.69	1
4545	3453	0.366	0.366	0.51	1
3868	2335	0.366	0.366	0.56	1
1254	3484	0.365	0.365	0.71	1
5409	225	0.365	0.365	0.60	1
3900	3502	0.365	0.365	0.69	1
2898	5708	0.365	0.365	0.31	1
2535	26	0.365	0.365	0.43	1
5214	6052	0.365	0.365	0.30	1
2848	2607	0.365	0.365	0.45	1
2589	5574	0.365	0.365	0.64	1
4768	3348	0.365	0.365	0.43	1
6014	1636	0.365	0.365	0.71	1
4699	1496	0.365	0.365	0.30	1
3636	5678	0.365	0.365	0.72	1
2802	305	0.365	0.365	0.42	1
1128	2821	0.365	0.365	0.44	1
4457	4878	0.365	0.365	0.69	1
5819	107	0.365	0.365	0.38	1
5139	4745	0.365	0.365	0.73	1
2613	2978	0.365	0.365	0.25	1
1909	3358	0.365	0.365	0.58	1
1780	3364	0.365	0.365	0.24	1
2637	5719	0.365	0.365	0.44	1
1045	4390	0.365	0.365	0.64	1
5259	2681	0.364	0.364	0.79	1
1205	60	0.364	0.364	0.70	1
1036	460	0.364	0.364	0.27	1
5234	259	0.364	0.364	0.61	1
4390	2552	0.364	0.364	0.72	1
3546	3589	0.364	0.364	0.51	1
1973	4708	0.364	0.364	0.50	1
1094	4845	0.364	0.364	0.58	1
5260	755	0.364	0.364	0.74	1
4613	107	0.364	0.364	0.43	1
940	609	0.364	0.364	0.51	1
3806	344	0.364	0.364	0.40	1
2694	2721	0.364	0.364	0.57	1
4233	339	0.364	0.364	0.32	1
3669	4746	0.364	0.364	0.39	1
387	6166	0.364	0.364	0.74	1
4609	2462	0.364	0.364	0.51	1
4281	2784	0.364	0.364	0.62	1
2393	5771	0.364	0.364	0.44	1
1998	747	0.364	0.364	0.62	1
947	5204	0.364	0.364	0.46	1
5601	3381	0.364	0.364	0.61	1
4564	4750	0.364	0.364	0.28	1
3313	3514	0.364	0.364	0.31	1
1076	5979	0.364	0.364	0.52	1
4312	5150	0.364	0.364	0.33	1
5383	3407	0.364	0.364	0.84	1
5260	821	0.364	0.364	0.70	1
4198	3501	0.364	0.364	0.56	1
1432	2626	0.363	0.363	0.68	1
2344	3269	0.363	0.363	0.43	1
1854	4761	0.363	0.363	0.57	1
1811	1976	0.363	0.363	0.68	1
1417	4204	0.363	0.363	0.54	1
5463	5414	0.363	0.363	0.56	1
4778	5463	0.363	0.363	0.47	1
3697	5686	0.363	0.363	0.69	1
3648	236	0.363	0.363	0.54	1
2830	5485	0.363	0.363	0.56	1
4067	1593	0.363	0.363	0.71	1
4014	4075	0.363	0.363	0.66	1
4368	4419	0.363	0.363	0.65	1
5480	784	0.363	0.363	0.31	1
3726	3259	0.363	0.363	0.56	1
2129	5419	0.363	0.363	0.52	1
3698	5480	0.363	0.363	0.30	1
2570	784	0.363	0.363	0.55	1
1424	4436	0.363	0.363	0.45	1
938	2548	0.363	0.363	0.82	1
5532	679	0.363	0.363	0.73	1
3565	3066	0.363	0.363	0.38	1
998	2590	0.363	0.363	0.58	1
2552	3373	0.362	0.362	0.35	1
1791	5116	0.362	0.362	0.45	1
1206	709	0.362	0.362	0.62	1
5972	6124	0.362	0.362	0.52	1
3891	2581	0.362	0.362	0.30	1
1380	4689	0.362	0.362	0.23	1
5542	493	0.362	0.362	0.57	1
5350	648	0.362	0.362	0.70	1
2679	5025	0.362	0.362	0.52	1
980	864	0.362	0.362	0.61	1
4653	4467	0.362	0.362	0.46	1
3198	100	0.362	0.362	0.58	1
5708	398	0.362	0.362	0.64	1
5097	690	0.362	0.362	0.63	1
2096	3360	0.362	0.362	0.56	1
1715	2491	0.362	0.362	0.74	1
907	4128	0.362	0.362	0.47	1
4934	5070	0.362	0.362	0.65	1
1766	844	0.362	0.362	0.39	1
1683	497	0.362	0.362	0.62	1
4596	2988	0.362	0.362	0.68	1
4010	5625	0.362	0.362	0.51	1
1666	5325	0.362	0.362	0.65	1
4051	621	0.361	0.361	0.70	1
2679	71	0.361	0.361	0.47	1
1036	3066	0.361	0.361	0.28	1
5031	2390	0.361	0.361	0.73	1
4279	4883	0.361	0.361	0.47	1
2145	5334	0.361	0.361	0.62	1
1304	494	0.361	0.361	0.40	1
5740	623	0.361	0.361	0.25	1
1173	751	0.361	0.361	0.29	1
3553	1799	0.361	0.361	0.59	1
1372	3376	0.361	0.361	0.76	1
1359	2491	0.361	0.361	0.75	1
1047	4974	0.361	0.361	0.47	1
949	1774	0.361	0.361	0.43	1
3369	335	0.361	0.361	0.65	1
3198	206	0.361	0.361	0.62	1
1686	71	0.361	0.361	0.51	1
1317	5730	0.361	0.361	0.54	1
5902	493	0.361	0.361	0.61	1
5753	3035	0.361	0.361	0.48	1
4586	2884	0.361	0.361	0.60	1
4541	4559	0.361	0.361	0.29	1
4518	246	0.361	0.361	0.68	1
4358	2111	0.361	0.361	0.48	1
3956	2535	0.361	0.361	0.51	1
4883	690	0.361	0.361	0.55	1
3532	2160	0.361	0.361	0.28	1
1602	549	0.361	0.361	0.59	1
2390	5915	0.360	0.360	0.73	1
3292	5968	0.360	0.360	0.36	1
2589	2461	0.360	0.360	0.59	1
1146	1662	0.360	0.360	0.71	1
4692	5150	0.360	0.360	0.64	1
4128	2594	0.360	0.360	0.34	1
2820	2992	0.360	0.360	0.63	1
2197	3088	0.360	0.360	0.46	1
2141	3275	0.360	0.360	0.51	1
1103	4141	0.360	0.360	0.46	1
4467	5854	0.360	0.360	0.39	1
1197	4507	0.360	0.360	0.69	1
1156	1493	0.360	0.360	0.35	1
4233	4689	0.360	0.360	0.25	1
2913	6035	0.360	0.360	0.43	1
2626	279	0.360	0.360	0.71	1
1567	2792	0.360	0.360	0.47	1
3112	725	0.360	0.360	0.38	1
4695	2919	0.360	0.360	0.51	1
1958	2344	0.360	0.360	0.45	1
4582	236	0.359	0.359	0.42	1
4943	32	0.359	0.359	0.24	1
4307	1944	0.359	0.359	0.71	1
3803	4783	0.359	0.359	0.57	1
4664	2822	0.359	0.359	0.47	1
4064	4148	0.359	0.359	0.61	1
3837	802	0.359	0.359	0.55	1
2879	2959	0.359	0.359	0.46	1
1056	3431	0.359	0.359	0.62	1
4634	3130	0.359	0.359	0.66	1
2915	5885	0.359	0.359	0.65	1
2691	409	0.359	0.359	0.69	1
5067	3479	0.359	0.359	0.46	1
933	2181	0.359	0.359	0.65	1
5378	3432	0.359	0.359	0.49	1
3762	5047	0.359	0.359	0.27	1
6130	354	0.359	0.359	0.60	1
3434	271	0.359	0.359	0.50	1
4964	5861	0.359	0.359	0.30	1
4634	3104	0.359	0.359	0.45	1
3076	279	0.359	0.359	0.63	1
1524	5403	0.359	0.359	0.83	1
1510	2025	0.359	0.359	0.42	1
4015	3067	0.358	0.358	0.50	1
2060	790	0.358	0.358	0.43	1
2758	175	0.358	0.358	0.36	1
2726	5739	0.358	0.358	0.71	1
1834	1546	0.358	0.358	0.43	1
1036	774	0.358	0.358	0.39	1
5110	5525	0.358	0.358	0.68	1
1671	2872	0.358	0.358	0.51	1
9	376	0.358	0.358	0.35	1
4355	4518	0.358	0.358	0.35	1
3207	415	0.358	0.358	0.47	1
2646	603	0.358	0.358	0.44	1
2072	5815	0.358	0.358	0.69	1
1946	3097	0.358	0.358	0.47	1
3924	5152	0.358	0.358	0.72	1
3256	659	0.358	0.358	0.36	1
5922	3097	0.358	0.358	0.24	1
1325	6136	0.358	0.358	0.28	1
942	2430	0.358	0.358	0.62	1
3838	2334	0.358	0.358	0.79	1
2445	636	0.358	0.358	0.58	1
2168	3262	0.358	0.358	0.50	1
1515	3495	0.358	0.358	0.48	1
2477	811	0.357	0.357	0.67	1
5481	406	0.357	0.357	0.61	1
1599	3446	0.357	0.357	0.26	1
1874	336	0.357	0.357	0.55	1
3854	1883	0.357	0.357	0.67	1
3669	2988	0.357	0.357	0.26	1
2058	3110	0.357	0.357	0.52	1
4518	493	0.357	0.357	0.54	1
3732	4577	0.357	0.357	0.33	1
2871	5689	0.357	0.357	0.53	1
1424	4775	0.357	0.357	0.48	1
3688	4624	0.357	0.357	0.66	1
3432	6125	0.357	0.357	0.49	1
2363	5593	0.357	0.357	0.23	1
1153	2872	0.357	0.357	0.65	1
4206	134	0.357	0.357	0.55	1
3502	3514	0.357	0.357	0.63	1
6066	187	0.357	0.357	0.39	1
4723	2737	0.357	0.357	0.49	1
5367	679	0.356	0.356	0.68	1
1146	1261	0.356	0.356	0.64	1
3479	3313	0.356	0.356	0.49	1
3176	728	0.356	0.356	0.70	1
5191	252	0.356	0.356	0.66	1
4953	765	0.356	0.356	0.51	1
1388	5216	0.356	0.356	0.78	1
1128	1352	0.356	0.356	0.51	1
890	1178	0.356	0.356	0.54	1
553	6171	0.356	0.356	0.69	1
3803	4589	0.356	0.356	0.43	1
2740	5324	0.356	0.356	0.64	1
5542	33	0.356	0.356	0.52	1
3884	4229	0.356	0.356	0.68	1
2335	438	0.356	0.356	0.68	1
3407	233	0.356	0.356	0.64	1
2000	2453	0.356	0.356	0.77	1
2704	280	0.356	0.356	0.36	1
1368	8	0.356	0.356	0.34	1
2833	5273	0.356	0.356	0.65	1
1765	3124	0.356	0.356	0.48	1
3030	3145	0.356	0.356	0.51	1
5964	3514	0.355	0.355	0.48	1
1611	5236	0.355	0.355	0.36	1
1595	4518	0.355	0.355	0.34	1
5755	3500	0.355	0.355	0.53	1
3917	1546	0.355	0.355	0.35	1
2654	3148	0.355	0.355	0.62	1
1297	2872	0.355	0.355	0.57	1
3762	5992	0.355	0.355	0.72	1
5978	6166	0.355	0.355	0.74	1
3429	5918	0.355	0.355	0.66	1
1235	5578	0.355	0.355	0.28	1
1125	3376	0.355	0.355	0.52	1
5609	3479	0.355	0.355	0.50	1
3814	4564	0.355	0.355	0.49	1
3532	5473	0.355	0.355	0.25	1
1173	1575	0.355	0.355	0.58	1
1136	80	0.355	0.355	0.58	1
3913	1522	0.355	0.355	0.40	1
3798	1978	0.355	0.355	0.68	1
1964	383	0.355	0.355	0.58	1
3732	2758	0.355	0.355	0.50	1
2569	5857	0.355	0.355	0.62	1
1718	781	0.355	0.355	0.35	1
5777	609	0.355	0.355	0.36	1
2401	5409	0.355	0.355	0.49	1
1795	5676	0.354	0.354	0.46	1
4975	466	0.354	0.354	0.55	1
4541	746	0.354	0.354	0.45	1
2454	5090	0.354	0.354	0.57	1
5091	2906	0.354	0.354	0.50	1
1361	619	0.354	0.354	0.50	1
983	3947	0.354	0.354	0.56	1
5561	383	0.354	0.354	0.45	1
4656	2567	0.354	0.354	0.66	1
1273	2612	0.354	0.354	0.55	1
5561	340	0.354	0.354	0.56	1
2060	40	0.354	0.354	0.54	1
1194	726	0.354	0.354	0.35	1
5738	3285	0.354	0.354	0.58	1
4821	5819	0.354	0.354	0.49	1
4635	603	0.354	0.354	0.49	1
4389	82	0.354	0.354	0.40	1
3956	5228	0.354	0.354	0.43	1
2910	3474	0.354	0.354	0.42	1
2172	356	0.354	0.354	0.40	1
930	1689	0.354	0.354	0.55	1
3025	6174	0.354	0.354	0.60	1
3715	5305	0.354	0.354	0.75	1
5485	22	0.353	0.353	0.46	1
4446	2550	0.353	0.353	0.68	1
3324	71	0.353	0.353	0.34	1
2792	866	0.353	0.353	0.50	1
1683	178	0.353	0.353	0.64	1
3438	149	0.353	0.353	0.54	1
1794	3371	0.353	0.353	0.52	1
3641	3066	0.353	0.353	0.54	1
1768	2187	0.353	0.353	0.48	1
1144	5673	0.353	0.353	0.40	1
1128	643	0.353	0.353	0.46	1
5917	3196	0.353	0.353	0.34	1
4541	68	0.353	0.353	0.49	1
4434	3292	0.353	0.353	0.39	1
3630	418	0.353	0.353	0.44	1
2653	3133	0.353	0.353	0.43	1
4136	164	0.353	0.353	0.49	1
911	4010	0.353	0.353	0.67	1
4826	5653	0.353	0.353	0.56	1
2477	2335	0.353	0.353	0.48	1
5126	3198	0.353	0.353	0.68	1
4139	4639	0.353	0.353	0.46	1
2551	5029	0.353	0.353	0.29	1
1386	370	0.353	0.353	0.74	1
1325	4069	0.353	0.353	0.37	1
4431	4187	0.353	0.353	0.53	1
2431	790	0.352	0.352	0.41	1
2466	3494	0.352	0.352	0.70	1
2157	5287	0.352	0.352	0.77	1
1130	5135	0.352	0.352	0.65	1
2827	528	0.352	0.352	0.55	1
4262	3163	0.352	0.352	0.24	1
3956	356	0.352	0.352	0.55	1
3918	5724	0.352	0.352	0.51	1
1783	866	0.352	0.352	0.47	1
4845	866	0.352	0.352	0.46	1
4267	3009	0.352	0.352	0.36	1
3995	4005	0.352	0.352	0.38	1
1468	643	0.352	0.352	0.43	1
3076	6162	0.352	0.352	0.64	1
2758	5404	0.352	0.352	0.43	1
5110	2468	0.351	0.351	0.67	1
4658	6176	0.351	0.351	0.34	1
5273	3100	0.351	0.351	0.75	1
1512	5488	0.351	0.351	0.51	1
1206	5664	0.351	0.351	0.39	1
1179	2693	0.351	0.351	0.69	1
339	559	0.351	0.351	0.36	1
3609	3381	0.351	0.351	0.64	1
1785	5639	0.351	0.351	0.62	1
5780	256	0.351	0.351	0.61	1
3863	1551	0.351	0.351	0.56	1
3718	5755	0.351	0.351	0.53	1
2078	3631	0.351	0.351	0.67	1
4354	1909	0.351	0.351	0.61	1
2441	263	0.351	0.351	0.39	1
4541	3045	0.351	0.351	0.31	1
3838	2857	0.351	0.351	0.79	1
1820	5862	0.351	0.351	0.31	1
3022	3495	0.351	0.351	0.42	1
2363	6028	0.351	0.351	0.40	1
2123	5422	0.351	0.351	0.68	1
1844	3101	0.351	0.351	0.77	1
1612	2466	0.351	0.351	0.61	1
967	5111	0.351	0.351	0.46	1
1242	5620	0.351	0.351	0.67	1
4985	5869	0.350	0.350	0.72	1
3822	6189	0.350	0.350	0.56	1
4105	379	0.350	0.350	0.65	1
3772	6171	0.350	0.350	0.72	1
1659	6014	0.350	0.350	0.68	1
4256	724	0.350	0.350	0.55	1
4141	2087	0.350	0.350	0.62	1
1600	3378	0.350	0.350	0.76	1
3605	2980	0.350	0.350	0.59	1
2337	271	0.350	0.350	0.44	1
1252	4695	0.350	0.350	0.41	1
3375	365	0.350	0.350	0.52	1
3301	695	0.350	0.350	0.49	1
1796	3340	0.350	0.350	0.76	1
4590	459	0.350	0.350	0.42	1
2720	2758	0.350	0.350	0.47	1
2537	2781	0.350	0.350	0.71	1
1891	5800	0.350	0.350	0.51	1
1423	2921	0.350	0.350	0.58	1
1299	5985	0.350	0.350	0.54	1
5378	3104	0.350	0.350	0.60	1
2732	2959	0.350	0.350	0.31	1
1215	5620	0.350	0.350	0.38	1
6000	3514	0.350	0.350	0.31	1
4590	2693	0.350	0.350	0.70	1
2458	3303	0.350	0.350	0.67	1
1564	549	0.350	0.350	0.59	1
4390	5678	0.350	0.350	0.65	1
2293	5261	0.350	0.350	0.42	1
1462	5398	0.350	0.350	0.36	1
982	3133	0.350	0.350	0.69	1
4588	5578	0.349	0.349	0.77	1
3838	2539	0.349	0.349	0.75	1
1068	2415	0.349	0.349	0.68	1
4541	3502	0.349	0.349	0.79	1
4354	552	0.349	0.349	0.55	1
1925	1974	0.349	0.349	0.63	1
4529	2904	0.349	0.349	0.73	1
3654	5852	0.349	0.349	0.35	1
2194	6166	0.349	0.349	0.70	1
1082	573	0.349	0.349	0.53	1
3109	531	0.349	0.349	0.53	1
2980	184	0.349	0.349	0.64	1
2347	3031	0.349	0.349	0.47	1
1424	183	0.349	0.349	0.64	1
982	5708	0.349	0.349	0.64	1
4157	5819	0.349	0.349	0.23	1
1881	2426	0.349	0.349	0.61	1
356	436	0.349	0.349	0.53	1
4836	5845	0.349	0.349	0.20	1
1194	1762	0.349	0.349	0.59	1
2874	33	0.349	0.349	0.48	1
4116	1990	0.349	0.349	0.67	1
1148	1540	0.349	0.349	0.52	1
4427	3428	0.348	0.348	0.72	1
3758	3462	0.348	0.348	0.70	1
1192	5111	0.348	0.348	0.45	1
3813	3514	0.348	0.348	0.42	1
3469	325	0.348	0.348	0.69	1
982	2883	0.348	0.348	0.66	1
5983	150	0.348	0.348	0.58	1
4890	5664	0.348	0.348	0.67	1
2342	5625	0.348	0.348	0.56	1
494	496	0.348	0.348	0.45	1
1611	865	0.348	0.348	0.62	1
942	982	0.348	0.348	0.73	1
2667	48	0.348	0.348	0.53	1
1911	854	0.348	0.348	0.63	1
1138	3370	0.348	0.348	0.60	1
568	866	0.348	0.348	0.43	1
1216	2393	0.348	0.348	0.34	1
1886	2805	0.348	0.348	0.40	1
3715	4013	0.348	0.348	0.84	1
2839	479	0.348	0.348	0.64	1
1582	166	0.348	0.348	0.39	1
3838	1259	0.348	0.348	0.78	1
2526	3380	0.348	0.348	0.48	1
72	455	0.348	0.348	0.76	1
3030	1636	0.348	0.348	0.61	1
5192	149	0.347	0.347	0.39	1
5058	5868	0.347	0.347	0.37	1
1797	2234	0.347	0.347	0.73	1
1534	2431	0.347	0.347	0.41	1
4648	4907	0.347	0.347	0.49	1
4141	1474	0.347	0.347	0.61	1
3830	5837	0.347	0.347	0.59	1
5915	679	0.347	0.347	0.71	1
4908	2727	0.347	0.347	0.47	1
3872	4924	0.347	0.347	0.64	1
905	1791	0.347	0.347	0.57	1
5495	68	0.347	0.347	0.37	1
3463	868	0.347	0.347	0.56	1
2450	2480	0.347	0.347	0.75	1
4434	595	0.347	0.347	0.47	1
1693	765	0.347	0.347	0.34	1
1018	2948	0.347	0.347	0.66	1
2631	3048	0.347	0.347	0.37	1
1761	2139	0.347	0.347	0.27	1
4993	4599	0.347	0.347	0.65	1
4768	6031	0.347	0.347	0.57	1
4458	5209	0.347	0.347	0.41	1
3161	591	0.347	0.347	0.80	1
3739	2444	0.347	0.347	0.71	1
2966	5793	0.347	0.347	0.49	1
2267	5269	0.347	0.347	0.56	1
2024	3107	0.347	0.347	0.45	1
1968	3415	0.347	0.347	0.69	1
1881	4838	0.347	0.347	0.65	1
1674	3169	0.347	0.347	0.37	1
5678	6102	0.347	0.347	0.32	1
3822	2448	0.347	0.347	0.34	1
1997	3290	0.347	0.347	0.66	1
5090	339	0.346	0.346	0.25	1
3716	3022	0.346	0.346	0.50	1
2507	3407	0.346	0.346	0.71	1
2367	5315	0.346	0.346	0.70	1
2296	2457	0.346	0.346	0.64	1
3895	2565	0.346	0.346	0.64	1
3626	2830	0.346	0.346	0.67	1
2155	659	0.346	0.346	0.69	1
2012	5609	0.346	0.346	0.56	1
6102	530	0.346	0.346	0.46	1
5656	2802	0.346	0.346	0.44	1
4756	2319	0.346	0.346	0.67	1
4256	2355	0.346	0.346	0.55	1
1372	3349	0.346	0.346	0.70	1
1148	1894	0.346	0.346	0.23	1
5303	3067	0.346	0.346	0.50	1
5126	340	0.346	0.346	0.60	1
4982	5985	0.346	0.346	0.35	1
3415	6016	0.346	0.346	0.66	1
2872	1496	0.346	0.346	0.71	1
1909	552	0.346	0.346	0.59	1
1538	6020	0.346	0.346	0.64	1
1148	1594	0.346	0.346	0.23	1
5800	479	0.346	0.346	0.69	1
5409	101	0.346	0.346	0.37	1
2182	5740	0.346	0.346	0.40	1
4852	1609	0.346	0.346	0.44	1
4540	96	0.346	0.346	0.54	1
4057	6034	0.346	0.346	0.77	1
2233	5398	0.346	0.346	0.30	1
5765	2482	0.345	0.345	0.32	1
1451	4502	0.345	0.345	0.45	1
2044	33	0.345	0.345	0.32	1
130	634	0.345	0.345	0.35	1
4358	4401	0.345	0.345	0.74	1
905	535	0.345	0.345	0.72	1
734	791	0.345	0.345	0.37	1
4883	780	0.345	0.345	0.53	1
2919	3479	0.345	0.345	0.52	1
1093	4148	0.345	0.345	0.59	1
922	5906	0.345	0.345	0.53	1
1844	4627	0.345	0.345	0.76	1
5108	164	0.345	0.345	0.53	1
4579	2945	0.345	0.345	0.72	1
1386	6173	0.345	0.345	0.74	1
983	2477	0.345	0.345	0.62	1
3685	1242	0.344	0.344	0.70	1
3553	3431	0.344	0.344	0.62	1
2070	5324	0.344	0.344	0.57	1
905	2296	0.344	0.344	0.73	1
5388	5749	0.344	0.344	0.78	1
1778	4298	0.344	0.344	0.70	1
1077	189	0.344	0.344	0.20	1
1835	3417	0.344	0.344	0.62	1
1820	5777	0.344	0.344	0.43	1
4775	3369	0.344	0.344	0.44	1
4353	4447	0.344	0.344	0.24	1
1372	2024	0.344	0.344	0.57	1
4898	5760	0.344	0.344	0.52	1
1894	5023	0.344	0.344	0.19	1
5111	5378	0.344	0.344	0.44	1
1325	5561	0.344	0.344	0.53	1
1119	2065	0.344	0.344	0.76	1
2390	5542	0.343	0.343	0.67	1
1708	1928	0.343	0.343	0.43	1
4702	3184	0.343	0.343	0.42	1
3632	405	0.343	0.343	0.40	1
2301	5295	0.343	0.343	0.56	1
4673	3308	0.343	0.343	0.48	1
2781	171	0.343	0.343	0.65	1
3790	1837	0.343	0.343	0.51	1
3505	171	0.343	0.343	0.59	1
4168	4312	0.343	0.343	0.31	1
1574	2974	0.343	0.343	0.38	1
3667	3514	0.343	0.343	0.51	1
3638	4845	0.343	0.343	0.23	1
2072	2469	0.343	0.343	0.59	1
1708	4588	0.343	0.343	0.71	1
1284	3526	0.343	0.343	0.75	1
5485	5906	0.343	0.343	0.47	1
3431	741	0.343	0.343	0.69	1
5067	3097	0.343	0.343	0.55	1
3698	2057	0.343	0.343	0.43	1
2087	689	0.343	0.343	0.66	1
3908	6031	0.342	0.342	0.50	1
3666	1834	0.342	0.342	0.30	1
3544	765	0.342	0.342	0.50	1
3447	3112	0.342	0.342	0.46	1
2691	5324	0.342	0.342	0.68	1
1911	32	0.342	0.342	0.43	1
4441	5561	0.342	0.342	0.28	1
1003	5609	0.342	0.342	0.28	1
1752	3409	0.342	0.342	0.73	1
1572	746	0.342	0.342	0.62	1
1361	4350	0.342	0.342	0.69	1
4582	4890	0.342	0.342	0.70	1
2569	2758	0.342	0.342	0.60	1
1259	3100	0.342	0.342	0.75	1
5135	5382	0.342	0.342	0.65	1
4057	5728	0.342	0.342	0.65	1
4014	331	0.342	0.342	0.46	1
4489	5334	0.342	0.342	0.29	1
4067	250	0.342	0.342	0.74	1
3648	1534	0.342	0.342	0.54	1
3570	1479	0.342	0.342	0.20	1
41	58	0.342	0.342	0.48	1
5236	726	0.342	0.342	0.21	1
4215	233	0.342	0.342	0.30	1
4129	3437	0.342	0.342	0.55	1
4000	5660	0.342	0.342	0.54	1
5572	2759	0.342	0.342	0.50	1
2036	5115	0.342	0.342	0.38	1
5890	452	0.341	0.341	0.58	1
5561	5296	0.341	0.341	0.55	1
2480	5852	0.341	0.341	0.32	1
1599	5906	0.341	0.341	0.57	1
1494	4473	0.341	0.341	0.55	1
4083	1496	0.341	0.341	0.50	1
3739	2799	0.341	0.341	0.37	1
3271	73	0.341	0.341	0.63	1
2296	6166	0.341	0.341	0.68	1
5938	546	0.341	0.341	0.51	1
5905	56	0.341	0.341	0.34	1
1891	4559	0.341	0.341	0.20	1
1578	2329	0.341	0.341	0.56	1
1139	5260	0.341	0.341	0.50	1
911	3464	0.341	0.341	0.56	1
4334	700	0.341	0.341	0.58	1
3726	3180	0.341	0.341	0.61	1
5225	751	0.341	0.341	0.58	1
4905	3434	0.341	0.341	0.31	1
4052	3130	0.341	0.341	0.38	1
1935	5658	0.341	0.341	0.28	1
1462	5783	0.341	0.341	0.40	1
4088	5760	0.341	0.341	0.55	1
1769	2699	0.341	0.341	0.49	1
1992	3213	0.341	0.341	0.42	1
3584	5905	0.341	0.341	0.40	1
3086	405	0.341	0.341	0.37	1
947	4674	0.341	0.341	0.35	1
4355	766	0.341	0.341	0.73	1
5769	777	0.340	0.340	0.45	1
1791	6051	0.340	0.340	0.35	1
5824	2778	0.340	0.340	0.46	1
4584	298	0.340	0.340	0.52	1
1218	3405	0.340	0.340	0.63	1
4837	2758	0.340	0.340	0.40	1
3842	6125	0.340	0.340	0.63	1
1318	578	0.340	0.340	0.73	1
958	4380	0.340	0.340	0.72	1
5567	75	0.340	0.340	0.35	1
1109	5480	0.340	0.340	0.40	1
3997	5875	0.340	0.340	0.64	1
3762	1208	0.340	0.340	0.51	1
3071	5872	0.340	0.340	0.38	1
1999	5821	0.340	0.340	0.24	1
1889	2282	0.340	0.340	0.67	1
4189	2827	0.340	0.340	0.52	1
6125	388	0.340	0.340	0.67	1
5067	2634	0.340	0.340	0.43	1
5155	5609	0.340	0.340	0.63	1
3637	1156	0.340	0.340	0.22	1
3259	747	0.340	0.340	0.72	1
1683	5071	0.340	0.340	0.50	1
1248	3071	0.340	0.340	0.42	1
5542	26	0.340	0.340	0.47	1
2088	6128	0.340	0.340	0.41	1
1300	3508	0.340	0.340	0.23	1
1478	2115	0.339	0.339	0.57	1
1405	5877	0.339	0.339	0.32	1
5369	2949	0.339	0.339	0.42	1
4596	347	0.339	0.339	0.59	1
4069	4006	0.339	0.339	0.27	1
5429	296	0.339	0.339	0.54	1
3843	4863	0.339	0.339	0.75	1
2842	6125	0.339	0.339	0.43	1
1967	4690	0.339	0.339	0.45	1
2546	3303	0.339	0.339	0.65	1
2146	3310	0.339	0.339	0.74	1
5991	2988	0.339	0.339	0.25	1
4735	600	0.339	0.339	0.53	1
1976	5790	0.339	0.339	0.64	1
1604	1852	0.339	0.339	0.79	1
905	4637	0.339	0.339	0.58	1
5248	628	0.339	0.339	0.67	1
2539	4745	0.339	0.339	0.67	1
1908	4518	0.339	0.339	0.60	1
3816	5868	0.339	0.339	0.61	1
5986	62	0.339	0.339	0.36	1
5231	5326	0.339	0.339	0.58	1
2661	1537	0.339	0.339	0.60	1
1289	2365	0.339	0.339	0.51	1
5096	5747	0.338	0.338	0.62	1
4833	2155	0.338	0.338	0.63	1
5991	5041	0.338	0.338	0.38	1
4267	3373	0.338	0.338	0.66	1
5592	4635	0.338	0.338	0.47	1
4421	2390	0.338	0.338	0.73	1
2599	5881	0.338	0.338	0.60	1
1851	1848	0.338	0.338	0.68	1
1197	2733	0.338	0.338	0.69	1
4981	1579	0.338	0.338	0.38	1
1930	2442	0.338	0.338	0.71	1
1437	5873	0.338	0.338	0.37	1
1462	4671	0.338	0.338	0.35	1
4993	2438	0.338	0.338	0.68	1
2168	40	0.338	0.338	0.59	1
2594	2778	0.338	0.338	0.65	1
1161	1496	0.338	0.338	0.63	1
4069	4634	0.338	0.338	0.44	1
1683	4326	0.338	0.338	0.60	1
4831	2879	0.337	0.337	0.57	1
4708	429	0.337	0.337	0.28	1
4141	1655	0.337	0.337	0.61	1
1065	5574	0.337	0.337	0.64	1
1092	5460	0.337	0.337	0.36	1
3559	5660	0.337	0.337	0.64	1
1591	1599	0.337	0.337	0.50	1
3971	1312	0.337	0.337	0.37	1
452	751	0.337	0.337	0.66	1
1146	2491	0.337	0.337	0.77	1
2876	5915	0.337	0.337	0.65	1
154	195	0.337	0.337	0.43	1
5485	784	0.337	0.337	0.60	1
4690	5367	0.337	0.337	0.41	1
4632	98	0.337	0.337	0.65	1
3067	3375	0.337	0.337	0.57	1
2153	3324	0.337	0.337	0.53	1
1115	2746	0.337	0.337	0.40	1
239	6161	0.337	0.337	0.48	1
152	288	0.337	0.337	0.63	1
4114	4316	0.337	0.337	0.72	1
2199	2426	0.337	0.337	0.35	1
5188	2839	0.337	0.337	0.59	1
5135	2581	0.337	0.337	0.64	1
4947	4065	0.337	0.337	0.70	1
4855	2301	0.337	0.337	0.56	1
4668	514	0.337	0.337	0.38	1
1791	2088	0.337	0.337	0.47	1
317	524	0.337	0.337	0.52	1
4245	5739	0.337	0.337	0.77	1
4163	351	0.337	0.337	0.70	1
3941	497	0.337	0.337	0.24	1
3688	3097	0.337	0.337	0.61	1
4337	479	0.336	0.336	0.71	1
3718	3094	0.336	0.336	0.52	1
4975	3434	0.336	0.336	0.49	1
983	365	0.336	0.336	0.69	1
4074	5091	0.336	0.336	0.35	1
1194	1230	0.336	0.336	0.59	1
4001	2539	0.336	0.336	0.64	1
4929	1030	0.336	0.336	0.59	1
4861	3071	0.336	0.336	0.41	1
4350	2758	0.336	0.336	0.50	1
4279	4855	0.336	0.336	0.46	1
5765	265	0.336	0.336	0.28	1
1848	2903	0.336	0.336	0.67	1
15	6000	0.336	0.336	0.66	1
4148	6066	0.336	0.336	0.54	1
1780	4467	0.336	0.336	0.26	1
992	5664	0.336	0.336	0.32	1
4517	4924	0.336	0.336	0.36	1
2872	3143	0.336	0.336	0.39	1
2352	2431	0.336	0.336	0.53	1
6051	6128	0.336	0.336	0.34	1
5856	621	0.336	0.336	0.64	1
5080	2761	0.335	0.335	0.27	1
3097	5986	0.335	0.335	0.58	1
3514	6167	0.335	0.335	0.48	1
2752	5733	0.335	0.335	0.62	1
4614	144	0.335	0.335	0.63	1
1092	3804	0.335	0.335	0.37	1
4485	71	0.335	0.335	0.51	1
1987	3201	0.335	0.335	0.50	1
4280	5349	0.335	0.335	0.48	1
3926	236	0.335	0.335	0.54	1
2557	5792	0.335	0.335	0.72	1
4269	6094	0.335	0.335	0.66	1
2536	5352	0.335	0.335	0.46	1
2178	565	0.335	0.335	0.57	1
2141	3299	0.335	0.335	0.60	1
3158	6130	0.335	0.335	0.55	1
2205	5867	0.335	0.335	0.68	1
2189	5730	0.335	0.335	0.42	1
937	2999	0.334	0.334	0.45	1
911	1743	0.334	0.334	0.71	1
4807	5260	0.334	0.334	0.59	1
4618	4066	0.334	0.334	0.70	1
1536	443	0.334	0.334	0.60	1
8	2453	0.334	0.334	0.76	1
5187	5460	0.334	0.334	0.22	1
4473	4065	0.334	0.334	0.67	1
2288	750	0.334	0.334	0.35	1
4699	2906	0.334	0.334	0.35	1
3813	3217	0.334	0.334	0.55	1
1488	1698	0.334	0.334	0.45	1
1017	4109	0.334	0.334	0.52	1
5106	5138	0.334	0.334	0.54	1
4267	4878	0.334	0.334	0.74	1
4465	3514	0.334	0.334	0.54	1
3900	6176	0.334	0.334	0.54	1
5889	643	0.334	0.334	0.44	1
5770	482	0.334	0.334	0.42	1
1852	5792	0.334	0.334	0.77	1
4321	2466	0.334	0.334	0.83	1
926	1855	0.334	0.334	0.58	1
4496	4693	0.333	0.333	0.54	1
1047	811	0.333	0.333	0.47	1
2058	5843	0.333	0.333	0.41	1
998	4148	0.333	0.333	0.58	1
1363	4446	0.333	0.333	0.59	1
4358	446	0.333	0.333	0.79	1
4084	5824	0.333	0.333	0.39	1
3798	865	0.333	0.333	0.53	1
1711	6176	0.333	0.333	0.37	1
4021	26	0.333	0.333	0.49	1
1139	1976	0.333	0.333	0.52	1
755	6166	0.333	0.333	0.73	1
5253	3498	0.333	0.333	0.44	1
5985	724	0.333	0.333	0.50	1
4487	5658	0.333	0.333	0.55	1
2162	5648	0.333	0.333	0.58	1
2145	5740	0.333	0.333	0.62	1
1667	5233	0.333	0.333	0.63	1
4351	5407	0.333	0.333	0.38	1
4015	5671	0.333	0.333	0.24	1
2076	15	0.333	0.333	0.59	1
4148	746	0.333	0.333	0.38	1
6009	6137	0.333	0.333	0.53	1
5571	3175	0.333	0.333	0.59	1
4353	1976	0.333	0.333	0.65	1
3502	4065	0.333	0.333	0.67	1
4807	6165	0.332	0.332	0.59	1
1965	4975	0.332	0.332	0.54	1
3722	791	0.332	0.332	0.53	1
3022	3431	0.332	0.332	0.57	1
4021	5363	0.332	0.332	0.48	1
2129	514	0.332	0.332	0.35	1
1036	2927	0.332	0.332	0.59	1
948	1047	0.332	0.332	0.46	1
892	650	0.332	0.332	0.41	1
4608	734	0.332	0.332	0.72	1
5910	32	0.332	0.332	0.21	1
4541	6157	0.332	0.332	0.52	1
3156	5983	0.332	0.332	0.44	1
5236	15	0.332	0.332	0.59	1
4868	3094	0.332	0.332	0.30	1
4015	1281	0.332	0.332	0.53	1
3616	4432	0.332	0.332	0.61	1
3735	4163	0.331	0.331	0.69	1
3666	1173	0.331	0.331	0.36	1
3570	1443	0.331	0.331	0.74	1
1595	2141	0.331	0.331	0.39	1
1105	5236	0.331	0.331	0.47	1
887	681	0.331	0.331	0.60	1
4163	1934	0.331	0.331	0.75	1
2988	256	0.331	0.331	0.36	1
1063	6152	0.331	0.331	0.61	1
1858	5386	0.331	0.331	0.36	1
3101	317	0.331	0.331	0.54	1
5593	241	0.331	0.331	0.23	1
3618	369	0.331	0.331	0.43	1
899	3913	0.331	0.331	0.43	1
3217	5809	0.331	0.331	0.57	1
1278	2372	0.331	0.331	0.64	1
2138	864	0.331	0.331	0.37	1
1835	3056	0.331	0.331	0.46	1
5384	599	0.331	0.331	0.37	1
2569	5386	0.331	0.331	0.63	1
980	2781	0.331	0.331	0.66	1
4277	1381	0.331	0.331	0.68	1
914	3735	0.331	0.331	0.48	1
4114	455	0.331	0.331	0.69	1
5567	3144	0.330	0.330	0.57	1
1373	5325	0.330	0.330	0.37	1
5689	3133	0.330	0.330	0.55	1
4312	1976	0.330	0.330	0.63	1
2512	2758	0.330	0.330	0.40	1
2394	4834	0.330	0.330	0.47	1
1554	2744	0.330	0.330	0.64	1
2357	5385	0.330	0.330	0.36	1
1160	236	0.330	0.330	0.45	1
4094	6166	0.330	0.330	0.72	1
2178	5828	0.330	0.330	0.41	1
913	4128	0.330	0.330	0.68	1
2892	5581	0.330	0.330	0.43	1
2563	3000	0.330	0.330	0.61	1
1176	868	0.330	0.330	0.62	1
1802	3287	0.330	0.330	0.53	1
1572	1530	0.330	0.330	0.48	1
1116	5363	0.330	0.330	0.53	1
889	616	0.330	0.330	0.48	1
4613	3030	0.330	0.330	0.47	1
3213	71	0.330	0.330	0.56	1
1468	473	0.330	0.330	0.46	1
5724	3516	0.329	0.329	0.46	1
3698	2012	0.329	0.329	0.48	1
4742	5231	0.329	0.329	0.55	1
4310	391	0.329	0.329	0.52	1
3463	22	0.329	0.329	0.49	1
5984	5561	0.329	0.329	0.50	1
5041	5983	0.329	0.329	0.46	1
2668	5956	0.329	0.329	0.62	1
1070	2024	0.329	0.329	0.44	1
4845	5906	0.329	0.329	0.44	1
2112	5902	0.329	0.329	0.56	1
1551	844	0.329	0.329	0.33	1
4440	4531	0.329	0.329	0.44	1
2584	4955	0.329	0.329	0.32	1
1538	1797	0.329	0.329	0.62	1
5112	789	0.329	0.329	0.45	1
4128	2927	0.329	0.329	0.63	1
1128	1986	0.329	0.329	0.32	1
5795	3261	0.329	0.329	0.22	1
2864	356	0.329	0.329	0.59	1
2024	679	0.329	0.329	0.55	1
1484	1872	0.329	0.329	0.64	1
5178	446	0.329	0.329	0.70	1
2148	5905	0.329	0.329	0.55	1
1215	1740	0.328	0.328	0.51	1
5463	117	0.328	0.328	0.51	1
5367	152	0.328	0.328	0.50	1
1765	377	0.328	0.328	0.44	1
5386	790	0.328	0.328	0.42	1
4446	402	0.328	0.328	0.60	1
3843	4670	0.328	0.328	0.25	1
3071	3193	0.328	0.328	0.56	1
1258	5851	0.328	0.328	0.58	1
4295	331	0.328	0.328	0.58	1
1684	5602	0.328	0.328	0.47	1
3601	4789	0.328	0.328	0.53	1
1623	2808	0.328	0.328	0.62	1
998	2967	0.328	0.328	0.51	1
5150	5831	0.328	0.328	0.48	1
3124	802	0.328	0.328	0.29	1
2088	3295	0.328	0.328	0.43	1
1599	58	0.328	0.328	0.51	1
1019	3913	0.328	0.328	0.41	1
4664	5755	0.328	0.328	0.42	1
6125	194	0.328	0.328	0.53	1
5946	747	0.328	0.328	0.61	1
5603	154	0.328	0.328	0.69	1
2721	5926	0.328	0.328	0.46	1
1901	5364	0.328	0.328	0.47	1
992	3585	0.328	0.328	0.29	1
4865	5141	0.327	0.327	0.44	1
3715	5789	0.327	0.327	0.74	1
2461	3100	0.327	0.327	0.74	1
1348	3504	0.327	0.327	0.72	1
942	2265	0.327	0.327	0.62	1
5213	5696	0.327	0.327	0.49	1
4865	5199	0.327	0.327	0.64	1
4805	2482	0.327	0.327	0.31	1
4583	5978	0.327	0.327	0.72	1
5906	772	0.327	0.327	0.57	1
1094	5609	0.327	0.327	0.45	1
3606	4596	0.327	0.327	0.41	1
2162	5578	0.327	0.327	0.59	1
1491	240	0.327	0.327	0.54	1
4865	3308	0.327	0.327	0.49	1
3897	679	0.327	0.327	0.52	1
5430	335	0.327	0.327	0.54	1
5245	5990	0.327	0.327	0.70	1
2710	2535	0.327	0.327	0.48	1
3601	2337	0.327	0.327	0.31	1
2007	5824	0.327	0.327	0.46	1
1633	101	0.327	0.327	0.50	1
1515	365	0.327	0.327	0.48	1
1049	839	0.327	0.327	0.42	1
5269	6157	0.327	0.327	0.59	1
4424	5210	0.327	0.327	0.42	1
2341	5300	0.327	0.327	0.80	1
2139	229	0.327	0.327	0.66	1
5434	2791	0.326	0.326	0.56	1
3468	365	0.326	0.326	0.42	1
2979	3434	0.326	0.326	0.35	1
1190	1775	0.326	0.326	0.71	1
1187	1990	0.326	0.326	0.43	1
1093	4775	0.326	0.326	0.60	1
5080	4905	0.326	0.326	0.73	1
2065	2552	0.326	0.326	0.73	1
932	3342	0.326	0.326	0.69	1
5591	812	0.326	0.326	0.48	1
3651	1849	0.326	0.326	0.50	1
4756	5443	0.326	0.326	0.57	1
1776	2454	0.326	0.326	0.69	1
6114	93	0.326	0.326	0.51	1
964	6065	0.326	0.326	0.47	1
5676	814	0.326	0.326	0.52	1
2732	754	0.326	0.326	0.39	1
1318	438	0.326	0.326	0.66	1
3798	3130	0.326	0.326	0.62	1
3105	5926	0.326	0.326	0.40	1
2907	5938	0.326	0.326	0.71	1
4391	415	0.326	0.326	0.74	1
3562	1891	0.326	0.326	0.20	1
1109	4981	0.326	0.326	0.42	1
3358	6052	0.325	0.325	0.45	1
3290	3307	0.325	0.325	0.62	1
5188	3432	0.325	0.325	0.58	1
3774	2632	0.325	0.325	0.44	1
2417	2763	0.325	0.325	0.66	1
5385	3376	0.325	0.325	0.76	1
4672	3092	0.325	0.325	0.49	1
4259	164	0.325	0.325	0.56	1
1508	5749	0.325	0.325	0.57	1
1404	659	0.325	0.325	0.73	1
4680	864	0.325	0.325	0.66	1
3884	1957	0.325	0.325	0.60	1
3790	3892	0.325	0.325	0.37	1
1986	3063	0.325	0.325	0.51	1
1109	4947	0.325	0.325	0.60	1
5108	5793	0.325	0.325	0.53	1
4494	5985	0.325	0.325	0.46	1
9	405	0.325	0.325	0.33	1
4263	4426	0.325	0.325	0.53	1
47	443	0.325	0.325	0.51	1
4405	2306	0.324	0.324	0.55	1
2526	2906	0.324	0.324	0.50	1
1341	3216	0.324	0.324	0.36	1
4471	4391	0.324	0.324	0.52	1
2864	866	0.324	0.324	0.54	1
2072	477	0.324	0.324	0.65	1
1254	3035	0.324	0.324	0.64	1
4018	1823	0.324	0.324	0.46	1
3380	105	0.324	0.324	0.46	1
1774	5684	0.324	0.324	0.41	1
1373	5749	0.324	0.324	0.57	1
4094	4295	0.324	0.324	0.45	1
3131	3000	0.324	0.324	0.62	1
3562	1042	0.324	0.324	0.60	1
1776	1852	0.324	0.324	0.74	1
1698	337	0.324	0.324	0.37	1
1469	1915	0.324	0.324	0.40	1
1346	2548	0.324	0.324	0.75	1
911	2577	0.324	0.324	0.60	1
2112	4947	0.324	0.324	0.59	1
1813	6117	0.324	0.324	0.24	1
3908	2941	0.324	0.324	0.36	1
2734	3271	0.324	0.324	0.58	1
1584	4236	0.324	0.324	0.35	1
938	2168	0.324	0.324	0.77	1
790	835	0.324	0.324	0.25	1
5581	33	0.324	0.324	0.36	1
1924	2076	0.324	0.324	0.44	1
1566	3133	0.324	0.324	0.68	1
3213	3464	0.323	0.323	0.47	1
2189	4815	0.323	0.323	0.32	1
5689	502	0.323	0.323	0.56	1
5067	3514	0.323	0.323	0.48	1
3547	2877	0.323	0.323	0.66	1
1466	277	0.323	0.323	0.48	1
5324	81	0.323	0.323	0.62	1
1698	5365	0.323	0.323	0.69	1
940	972	0.323	0.323	0.49	1
1098	5216	0.323	0.323	0.52	1
3669	5108	0.323	0.323	0.57	1
3565	5465	0.323	0.323	0.40	1
2653	820	0.323	0.323	0.42	1
2535	2919	0.323	0.323	0.67	1
1230	6136	0.323	0.323	0.67	1
5069	3130	0.323	0.323	0.38	1
1135	4544	0.323	0.323	0.50	1
6052	847	0.323	0.323	0.46	1
5180	3284	0.323	0.323	0.46	1
4245	2	0.323	0.323	0.80	1
1240	3002	0.323	0.323	0.50	1
1148	1372	0.323	0.323	0.26	1
4819	5639	0.323	0.323	0.57	1
4419	5654	0.323	0.323	0.54	1
5398	271	0.323	0.323	0.60	1
2708	6052	0.323	0.323	0.23	1
5114	2781	0.323	0.323	0.57	1
3639	6064	0.323	0.323	0.62	1
5334	591	0.322	0.322	0.72	1
4660	3376	0.322	0.322	0.73	1
4583	2422	0.322	0.322	0.73	1
3605	1935	0.322	0.322	0.23	1
3596	5089	0.322	0.322	0.53	1
943	4627	0.322	0.322	0.68	1
1679	5884	0.322	0.322	0.70	1
1200	1229	0.322	0.322	0.51	1
1541	5187	0.322	0.322	0.62	1
3763	5605	0.322	0.322	0.60	1
1408	1451	0.322	0.322	0.43	1
4269	439	0.322	0.322	0.61	1
1432	5233	0.322	0.322	0.58	1
4448	2569	0.322	0.322	0.63	1
4281	1935	0.322	0.322	0.74	1
4705	5605	0.322	0.322	0.57	1
4705	2794	0.322	0.322	0.52	1
4588	5918	0.322	0.322	0.77	1
3716	632	0.322	0.322	0.66	1
1662	5115	0.322	0.322	0.26	1
932	4576	0.322	0.322	0.67	1
22	719	0.322	0.322	0.54	1
4592	2352	0.322	0.322	0.42	1
4541	5284	0.322	0.322	0.42	1
3897	2358	0.322	0.322	0.57	1
1036	4105	0.322	0.322	0.26	1
5188	221	0.322	0.322	0.65	1
1791	2045	0.322	0.322	0.65	1
887	4436	0.322	0.322	0.35	1
4129	4437	0.321	0.321	0.47	1
2413	5905	0.321	0.321	0.75	1
2199	2072	0.321	0.321	0.54	1
1567	5583	0.321	0.321	0.48	1
3857	1891	0.321	0.321	0.31	1
4584	5740	0.321	0.321	0.66	1
4518	3498	0.321	0.321	0.57	1
2123	5402	0.321	0.321	0.58	1
1595	5463	0.321	0.321	0.43	1
2112	5561	0.321	0.321	0.54	1
3380	860	0.321	0.321	0.52	1
1845	2329	0.321	0.321	0.62	1
1144	621	0.321	0.321	0.63	1
459	628	0.321	0.321	0.75	1
2926	5363	0.321	0.321	0.59	1
1386	635	0.321	0.321	0.63	1
4090	2904	0.321	0.321	0.64	1
4543	4461	0.320	0.320	0.42	1
3562	3156	0.320	0.320	0.31	1
1173	4594	0.320	0.320	0.53	1
947	690	0.320	0.320	0.50	1
5736	190	0.320	0.320	0.56	1
5378	5983	0.320	0.320	0.60	1
4775	8	0.320	0.320	0.39	1
1700	4689	0.320	0.320	0.51	1
1173	5378	0.320	0.320	0.52	1
5325	6114	0.320	0.320	0.47	1
4279	3463	0.320	0.320	0.45	1
2058	5086	0.320	0.320	0.65	1
991	1266	0.320	0.320	0.66	1
1120	2792	0.320	0.320	0.37	1
5049	5835	0.320	0.320	0.51	1
4739	176	0.320	0.320	0.58	1
4441	4855	0.320	0.320	0.46	1
3908	4989	0.320	0.320	0.31	1
3889	3464	0.320	0.320	0.51	1
2910	6052	0.320	0.320	0.39	1
1815	4548	0.320	0.320	0.60	1
4637	5356	0.320	0.320	0.45	1
1179	5231	0.320	0.320	0.71	1
5109	2957	0.320	0.320	0.43	1
3892	9	0.320	0.320	0.54	1
2330	259	0.320	0.320	0.51	1
2208	5290	0.320	0.320	0.31	1
4966	144	0.319	0.319	0.76	1
4148	5857	0.319	0.319	0.58	1
4107	5963	0.319	0.319	0.69	1
1128	1180	0.319	0.319	0.32	1
1126	3680	0.319	0.319	0.32	1
1093	5031	0.319	0.319	0.60	1
5467	3000	0.319	0.319	0.65	1
4518	616	0.319	0.319	0.56	1
3917	3124	0.319	0.319	0.34	1
2381	2478	0.319	0.319	0.63	1
2187	2557	0.319	0.319	0.42	1
4160	6055	0.319	0.319	0.36	1
3750	2570	0.319	0.319	0.61	1
4692	3000	0.319	0.319	0.64	1
71	690	0.319	0.319	0.59	1
4167	123	0.319	0.319	0.43	1
3941	3453	0.319	0.319	0.51	1
907	1659	0.319	0.319	0.47	1
1834	363	0.319	0.319	0.54	1
1089	41	0.319	0.319	0.64	1
5412	634	0.319	0.319	0.50	1
1600	5889	0.319	0.319	0.44	1
4981	3464	0.319	0.319	0.38	1
3547	5444	0.319	0.319	0.46	1
1024	2087	0.319	0.319	0.54	1
4405	6046	0.318	0.318	0.68	1
4486	2682	0.318	0.318	0.57	1
3555	6000	0.318	0.318	0.49	1
3474	847	0.318	0.318	0.30	1
2684	2441	0.318	0.318	0.35	1
1368	1595	0.318	0.318	0.28	1
971	2842	0.318	0.318	0.49	1
5261	5292	0.318	0.318	0.34	1
5031	6176	0.318	0.318	0.35	1
4815	4947	0.318	0.318	0.47	1
4391	2969	0.318	0.318	0.72	1
4310	5971	0.318	0.318	0.56	1
3166	2547	0.318	0.318	0.31	1
1577	2080	0.318	0.318	0.55	1
1468	5402	0.318	0.318	0.49	1
1417	3066	0.318	0.318	0.38	1
1371	3294	0.318	0.318	0.58	1
6039	5684	0.318	0.318	0.67	1
4128	2729	0.318	0.318	0.39	1
1659	5427	0.318	0.318	0.40	1
356	616	0.318	0.318	0.54	1
3698	6130	0.318	0.318	0.59	1
2471	5612	0.318	0.318	0.77	1
4351	5048	0.318	0.318	0.63	1
2526	5337	0.318	0.318	0.50	1
1655	5614	0.318	0.318	0.68	1
1288	4312	0.318	0.318	0.25	1
4452	722	0.318	0.318	0.74	1
4672	3172	0.317	0.317	0.39	1
3765	3187	0.317	0.317	0.55	1
4447	2487	0.317	0.317	0.39	1
5468	5530	0.317	0.317	0.54	1
2196	5366	0.317	0.317	0.51	1
5490	2744	0.317	0.317	0.50	1
1153	3380	0.317	0.317	0.51	1
2453	616	0.317	0.317	0.70	1
2149	2870	0.317	0.317	0.75	1
1633	3031	0.317	0.317	0.51	1
188	724	0.317	0.317	0.55	1
1482	4683	0.317	0.317	0.45	1
4274	82	0.317	0.317	0.63	1
3381	5796	0.317	0.317	0.67	1
1192	2509	0.317	0.317	0.29	1
3915	4541	0.317	0.317	0.48	1
3787	2157	0.317	0.317	0.73	1
3666	4337	0.317	0.317	0.46	1
2111	6060	0.317	0.317	0.42	1
5504	2509	0.317	0.317	0.46	1
4874	633	0.317	0.317	0.39	1
3530	3193	0.317	0.317	0.51	1
1599	5676	0.317	0.317	0.73	1
4756	2962	0.316	0.316	0.51	1
2888	383	0.316	0.316	0.50	1
1128	4434	0.316	0.316	0.30	1
911	4827	0.316	0.316	0.60	1
3637	5019	0.316	0.316	0.50	1
181	578	0.316	0.316	0.72	1
171	423	0.316	0.316	0.51	1
1314	4337	0.316	0.316	0.49	1
998	1783	0.316	0.316	0.61	1
2919	568	0.316	0.316	0.64	1
2101	436	0.316	0.316	0.54	1
767	790	0.316	0.316	0.45	1
3715	212	0.316	0.316	0.67	1
1093	3152	0.316	0.316	0.55	1
4548	4066	0.316	0.316	0.52	1
2788	75	0.316	0.316	0.67	1
1954	4693	0.316	0.316	0.67	1
3616	3049	0.316	0.316	0.51	1
2483	5434	0.316	0.316	0.39	1
1700	429	0.316	0.316	0.56	1
1070	5984	0.316	0.316	0.51	1
228	791	0.316	0.316	0.49	1
4775	267	0.316	0.316	0.56	1
4014	4315	0.316	0.316	0.71	1
2080	561	0.316	0.316	0.49	1
233	527	0.316	0.316	0.31	1
4313	5562	0.316	0.316	0.44	1
4141	5009	0.316	0.316	0.49	1
1691	3227	0.316	0.316	0.41	1
1371	331	0.316	0.316	0.78	1
4307	5893	0.315	0.315	0.67	1
3592	2542	0.315	0.315	0.56	1
1886	5583	0.315	0.315	0.51	1
41	301	0.315	0.315	0.64	1
4183	5460	0.315	0.315	0.26	1
1972	3169	0.315	0.315	0.37	1
3889	5067	0.315	0.315	0.41	1
2135	26	0.315	0.315	0.37	1
5337	753	0.315	0.315	0.46	1
4574	5848	0.315	0.315	0.26	1
1094	8	0.315	0.315	0.48	1
4674	865	0.315	0.315	0.33	1
3464	3886	0.315	0.315	0.60	1
1765	4780	0.315	0.315	0.53	1
4148	301	0.315	0.315	0.59	1
3698	1572	0.315	0.315	0.36	1
2523	3183	0.315	0.315	0.25	1
1654	5162	0.315	0.315	0.69	1
4230	4943	0.315	0.315	0.27	1
2555	3484	0.315	0.315	0.68	1
3815	2173	0.314	0.314	0.59	1
3311	152	0.314	0.314	0.70	1
958	2552	0.314	0.314	0.69	1
3634	4613	0.314	0.314	0.62	1
1930	434	0.314	0.314	0.65	1
1911	1489	0.314	0.314	0.56	1
4441	3261	0.314	0.314	0.20	1
3121	415	0.314	0.314	0.43	1
1716	34	0.314	0.314	0.65	1
5152	411	0.314	0.314	0.37	1
3858	2777	0.314	0.314	0.37	1
2638	2616	0.314	0.314	0.44	1
5408	637	0.314	0.314	0.61	1
5090	130	0.314	0.314	0.28	1
1194	1325	0.314	0.314	0.40	1
182	874	0.314	0.314	0.51	1
3380	6078	0.314	0.314	0.39	1
1780	4597	0.314	0.314	0.62	1
5938	6128	0.314	0.314	0.29	1
3913	5349	0.314	0.314	0.45	1
2549	3380	0.314	0.314	0.42	1
4695	2044	0.314	0.314	0.38	1
3415	408	0.314	0.314	0.72	1
1021	5878	0.314	0.314	0.42	1
4954	6003	0.313	0.313	0.25	1
4715	613	0.313	0.313	0.65	1
4485	280	0.313	0.313	0.59	1
4446	297	0.313	0.313	0.64	1
6092	2980	0.313	0.313	0.67	1
1891	3059	0.313	0.313	0.62	1
4819	6009	0.313	0.313	0.55	1
3479	68	0.313	0.313	0.50	1
2332	2818	0.313	0.313	0.47	1
1371	339	0.313	0.313	0.33	1
965	2046	0.313	0.313	0.33	1
1144	2560	0.313	0.313	0.66	1
980	942	0.313	0.313	0.59	1
356	866	0.313	0.313	0.48	1
4695	267	0.313	0.313	0.43	1
3259	3312	0.313	0.313	0.66	1
2666	418	0.313	0.313	0.35	1
2178	2906	0.313	0.313	0.49	1
2076	3512	0.313	0.313	0.71	1
1930	6192	0.313	0.313	0.73	1
1835	117	0.313	0.313	0.53	1
1518	559	0.313	0.313	0.25	1
4283	5261	0.313	0.313	0.45	1
4179	2166	0.313	0.313	0.39	1
5656	221	0.313	0.313	0.43	1
1858	4692	0.313	0.313	0.57	1
3532	3117	0.313	0.313	0.24	1
4664	546	0.313	0.313	0.28	1
3892	5367	0.313	0.313	0.35	1
1768	5792	0.313	0.313	0.70	1
1310	4448	0.313	0.313	0.57	1
1098	214	0.313	0.313	0.53	1
4948	2441	0.312	0.312	0.37	1
1679	4390	0.312	0.312	0.52	1
328	574	0.312	0.312	0.49	1
6128	1609	0.312	0.312	0.35	1
3772	5667	0.312	0.312	0.43	1
2425	3101	0.312	0.312	0.60	1
3079	3292	0.312	0.312	0.29	1
2072	2477	0.312	0.312	0.70	1
1437	5727	0.312	0.312	0.39	1
1699	2517	0.312	0.312	0.66	1
998	701	0.312	0.312	0.49	1
4447	6166	0.312	0.312	0.73	1
2838	1537	0.312	0.312	0.64	1
3715	2272	0.312	0.312	0.70	1
2076	5386	0.312	0.312	0.59	1
1951	5578	0.312	0.312	0.78	1
1700	4195	0.312	0.312	0.48	1
1045	1767	0.312	0.312	0.20	1
4064	1479	0.311	0.311	0.38	1
3313	5964	0.311	0.311	0.44	1
3137	22	0.311	0.311	0.52	1
2612	466	0.311	0.311	0.57	1
1288	3022	0.311	0.311	0.32	1
3097	767	0.311	0.311	0.45	1
2240	5766	0.311	0.311	0.77	1
2056	4872	0.311	0.311	0.45	1
2458	3359	0.311	0.311	0.62	1
2589	5273	0.311	0.311	0.54	1
2499	430	0.311	0.311	0.41	1
4010	3261	0.311	0.311	0.52	1
3908	5906	0.311	0.311	0.45	1
2507	34	0.311	0.311	0.68	1
967	6065	0.311	0.311	0.47	1
1976	2422	0.311	0.311	0.70	1
5234	155	0.311	0.311	0.48	1
1924	5069	0.311	0.311	0.37	1
2233	4874	0.311	0.311	0.37	1
1291	2119	0.311	0.311	0.54	1
5530	865	0.311	0.311	0.54	1
3956	2808	0.311	0.311	0.59	1
1092	4467	0.311	0.311	0.25	1
5055	1496	0.310	0.310	0.61	1
1128	5126	0.310	0.310	0.32	1
963	2480	0.310	0.310	0.55	1
1618	455	0.310	0.310	0.36	1
4965	5905	0.310	0.310	0.50	1
1727	5728	0.310	0.310	0.57	1
1522	139	0.310	0.310	0.66	1
8	117	0.310	0.310	0.43	1
6014	5708	0.310	0.310	0.63	1
5855	5337	0.310	0.310	0.32	1
3574	1479	0.310	0.310	0.49	1
1278	4675	0.310	0.310	0.56	1
3562	4599	0.310	0.310	0.54	1
3039	175	0.310	0.310	0.40	1
5152	2567	0.310	0.310	0.69	1
4693	5193	0.310	0.310	0.60	1
4434	5239	0.310	0.310	0.50	1
1323	1818	0.310	0.310	0.30	1
3945	5236	0.310	0.310	0.49	1
2833	5574	0.310	0.310	0.71	1
2480	681	0.310	0.310	0.48	1
1891	5890	0.310	0.310	0.38	1
942	4157	0.310	0.310	0.50	1
4441	383	0.310	0.310	0.53	1
3000	280	0.310	0.310	0.66	1
1063	5523	0.310	0.310	0.52	1
236	728	0.310	0.310	0.68	1
4447	2137	0.309	0.309	0.59	1
3185	5918	0.309	0.309	0.45	1
940	684	0.309	0.309	0.50	1
5748	6176	0.309	0.309	0.36	1
1156	6019	0.309	0.309	0.33	1
4537	115	0.309	0.309	0.73	1
4355	2183	0.309	0.309	0.35	1
1319	5986	0.309	0.309	0.57	1
4857	5972	0.309	0.309	0.59	1
2477	2087	0.309	0.309	0.79	1
1415	682	0.309	0.309	0.49	1
6	5857	0.309	0.309	0.64	1
5386	5781	0.309	0.309	0.42	1
2666	2667	0.309	0.309	0.49	1
1328	2390	0.309	0.309	0.62	1
1093	3035	0.309	0.309	0.60	1
4656	4719	0.309	0.309	0.65	1
6152	6151	0.309	0.309	0.62	1
5208	2794	0.309	0.309	0.71	1
4545	5216	0.309	0.309	0.42	1
4494	3299	0.309	0.309	0.60	1
1328	4473	0.309	0.309	0.68	1
986	2336	0.309	0.309	0.51	1
4693	777	0.309	0.309	0.71	1
3669	256	0.309	0.309	0.48	1
2021	5165	0.309	0.309	0.40	1
356	690	0.309	0.309	0.54	1
4314	4773	0.309	0.309	0.46	1
5398	633	0.308	0.308	0.33	1
2123	391	0.308	0.308	0.62	1
1762	1884	0.308	0.308	0.71	1
1128	4938	0.308	0.308	0.53	1
2907	5755	0.308	0.308	0.65	1
2267	2872	0.308	0.308	0.63	1
1700	1715	0.308	0.308	0.55	1
1539	4803	0.308	0.308	0.60	1
1230	3271	0.308	0.308	0.66	1
6051	5938	0.308	0.308	0.28	1
4462	3048	0.308	0.308	0.40	1
2609	4939	0.308	0.308	0.57	1
1711	568	0.308	0.308	0.36	1
1148	337	0.308	0.308	0.58	1
4473	726	0.308	0.308	0.58	1
1128	4481	0.308	0.308	0.34	1
6035	61	0.308	0.308	0.37	1
3414	595	0.308	0.308	0.47	1
3570	33	0.308	0.308	0.35	1
1319	2569	0.308	0.308	0.50	1
937	1593	0.308	0.308	0.60	1
4596	262	0.308	0.308	0.30	1
1708	1951	0.308	0.308	0.70	1
4968	3462	0.308	0.308	0.64	1
4863	2746	0.308	0.308	0.63	1
1281	5303	0.308	0.308	0.53	1
1200	1835	0.308	0.308	0.39	1
1056	4985	0.308	0.308	0.52	1
2772	3271	0.307	0.307	0.74	1
2599	2948	0.307	0.307	0.68	1
4271	2398	0.307	0.307	0.65	1
5347	6137	0.307	0.307	0.47	1
1736	4671	0.307	0.307	0.41	1
1181	2908	0.307	0.307	0.57	1
68	776	0.307	0.307	0.27	1
5488	356	0.307	0.307	0.36	1
4985	405	0.307	0.307	0.60	1
3772	4453	0.307	0.307	0.49	1
2721	806	0.307	0.307	0.38	1
991	4390	0.307	0.307	0.68	1
5363	183	0.307	0.307	0.35	1
4503	101	0.307	0.307	0.42	1
2178	684	0.307	0.307	0.62	1
1902	2162	0.307	0.307	0.66	1
3309	5868	0.307	0.307	0.60	1
2842	5999	0.307	0.307	0.26	1
2203	488	0.307	0.307	0.53	1
4245	5362	0.307	0.307	0.71	1
942	3913	0.307	0.307	0.59	1
5135	2217	0.307	0.307	0.65	1
4156	2129	0.307	0.307	0.29	1
2460	176	0.307	0.307	0.29	1
932	5259	0.307	0.307	0.79	1
5385	3464	0.307	0.307	0.55	1
4778	3417	0.307	0.307	0.56	1
3331	3312	0.307	0.307	0.56	1
1494	4506	0.307	0.307	0.46	1
3842	1148	0.306	0.306	0.48	1
2549	768	0.306	0.306	0.34	1
1624	751	0.306	0.306	0.45	1
3654	5749	0.306	0.306	0.54	1
1599	3316	0.306	0.306	0.52	1
1394	633	0.306	0.306	0.25	1
1367	3193	0.306	0.306	0.21	1
1208	5458	0.306	0.306	0.56	1
4238	3462	0.306	0.306	0.50	1
2634	3463	0.306	0.306	0.43	1
2021	2203	0.306	0.306	0.46	1
642	6156	0.306	0.306	0.66	1
4930	3266	0.306	0.306	0.55	1
3105	71	0.306	0.306	0.54	1
1424	5468	0.306	0.306	0.51	1
911	2874	0.306	0.306	0.62	1
719	726	0.306	0.306	0.59	1
3978	5749	0.306	0.306	0.52	1
3790	5519	0.306	0.306	0.65	1
2991	2772	0.306	0.306	0.67	1
1556	1909	0.306	0.306	0.49	1
3259	3331	0.306	0.306	0.65	1
1766	4564	0.306	0.306	0.32	1
271	466	0.306	0.306	0.49	1
4361	243	0.306	0.306	0.44	1
3669	150	0.306	0.306	0.39	1
2181	5350	0.306	0.306	0.61	1
1240	4697	0.306	0.306	0.35	1
930	514	0.306	0.306	0.34	1
3799	3924	0.305	0.305	0.69	1
4966	2522	0.305	0.305	0.58	1
1492	766	0.305	0.305	0.56	1
1379	5306	0.305	0.305	0.44	1
3811	5261	0.305	0.305	0.48	1
3739	198	0.305	0.305	0.28	1
3680	6113	0.305	0.305	0.31	1
1683	2197	0.305	0.305	0.45	1
5067	6178	0.305	0.305	0.58	1
1965	634	0.305	0.305	0.40	1
5355	5561	0.305	0.305	0.26	1
5261	3424	0.305	0.305	0.41	1
1415	96	0.305	0.305	0.53	1
890	277	0.305	0.305	0.57	1
2365	2659	0.305	0.305	0.61	1
2020	374	0.305	0.305	0.48	1
1221	2065	0.305	0.305	0.76	1
2933	3212	0.305	0.305	0.68	1
2733	5782	0.305	0.305	0.21	1
4857	6000	0.305	0.305	0.53	1
4128	5990	0.305	0.305	0.60	1
4110	4956	0.305	0.305	0.49	1
1787	2792	0.305	0.305	0.53	1
1687	3495	0.305	0.305	0.52	1
1494	40	0.305	0.305	0.49	1
1325	3130	0.305	0.305	0.26	1
279	320	0.305	0.305	0.48	1
3271	26	0.304	0.304	0.49	1
3911	1817	0.304	0.304	0.70	1
3798	1325	0.304	0.304	0.38	1
1659	2397	0.304	0.304	0.24	1
5985	22	0.304	0.304	0.41	1
5249	724	0.304	0.304	0.46	1
4680	581	0.304	0.304	0.56	1
4599	4955	0.304	0.304	0.58	1
1624	479	0.304	0.304	0.67	1
5532	5557	0.304	0.304	0.53	1
4964	5386	0.304	0.304	0.53	1
3790	3069	0.304	0.304	0.51	1
3271	41	0.304	0.304	0.64	1
2930	436	0.304	0.304	0.59	1
938	1489	0.304	0.304	0.65	1
2126	40	0.304	0.304	0.42	1
893	3978	0.304	0.304	0.57	1
5824	6016	0.304	0.304	0.28	1
4148	3299	0.304	0.304	0.56	1
3831	772	0.304	0.304	0.33	1
949	2046	0.304	0.304	0.34	1
4021	624	0.304	0.304	0.42	1
3380	5865	0.304	0.304	0.57	1
1891	479	0.304	0.304	0.69	1
4471	256	0.303	0.303	0.74	1
3716	5790	0.303	0.303	0.63	1
2415	566	0.303	0.303	0.33	1
5596	5362	0.303	0.303	0.61	1
1319	5067	0.303	0.303	0.48	1
4583	2194	0.303	0.303	0.69	1
4390	2296	0.303	0.303	0.56	1
4010	2532	0.303	0.303	0.57	1
3718	4267	0.303	0.303	0.32	1
2422	6166	0.303	0.303	0.72	1
1815	5245	0.303	0.303	0.64	1
1611	1783	0.303	0.303	0.32	1
1572	5872	0.303	0.303	0.34	1
4480	6056	0.303	0.303	0.59	1
4319	2182	0.303	0.303	0.27	1
3550	446	0.303	0.303	0.43	1
937	4706	0.303	0.303	0.31	1
4744	3446	0.303	0.303	0.44	1
4705	5672	0.303	0.303	0.45	1
2813	416	0.303	0.303	0.55	1
5233	6162	0.303	0.303	0.65	1
5231	406	0.303	0.303	0.54	1
1214	96	0.303	0.303	0.44	1
2926	868	0.303	0.303	0.57	1
1772	1813	0.303	0.303	0.48	1
1650	4883	0.303	0.303	0.45	1
1053	1960	0.303	0.303	0.57	1
5206	690	0.303	0.303	0.49	1
4267	5187	0.303	0.303	0.28	1
1944	2384	0.303	0.303	0.48	1
1328	2058	0.303	0.303	0.60	1
1572	3299	0.303	0.303	0.55	1
938	1069	0.303	0.303	0.63	1
5289	2532	0.303	0.303	0.52	1
5091	1496	0.303	0.303	0.45	1
4845	2690	0.303	0.303	0.51	1
3895	835	0.303	0.303	0.59	1
3348	865	0.303	0.303	0.44	1
2794	5369	0.303	0.303	0.27	1
2690	5602	0.303	0.303	0.55	1
6089	191	0.302	0.302	0.48	1
4279	3479	0.302	0.302	0.46	1
4006	4167	0.302	0.302	0.61	1
3941	530	0.302	0.302	0.34	1
3901	494	0.302	0.302	0.44	1
3669	337	0.302	0.302	0.32	1
1343	4939	0.302	0.302	0.59	1
1248	5990	0.302	0.302	0.41	1
354	493	0.302	0.302	0.57	1
1884	5872	0.302	0.302	0.64	1
1298	4901	0.302	0.302	0.51	1
920	4785	0.302	0.302	0.57	1
1572	6124	0.302	0.302	0.35	1
42	553	0.302	0.302	0.67	1
3541	809	0.302	0.302	0.45	1
2794	107	0.302	0.302	0.44	1
1853	5480	0.302	0.302	0.36	1
1148	305	0.302	0.302	0.48	1
4485	225	0.302	0.302	0.73	1
982	5293	0.302	0.302	0.60	1
4746	2988	0.302	0.302	0.22	1
3570	868	0.302	0.302	0.63	1
1094	6130	0.302	0.302	0.43	1
5188	2394	0.302	0.302	0.51	1
2355	641	0.302	0.302	0.46	1
2141	22	0.302	0.302	0.54	1
2097	5488	0.302	0.302	0.36	1
973	3363	0.302	0.302	0.34	1
4369	1655	0.302	0.302	0.23	1
938	5728	0.302	0.302	0.64	1
3313	5823	0.302	0.302	0.48	1
3181	3104	0.302	0.302	0.53	1
2857	3100	0.302	0.302	0.67	1
1722	3112	0.302	0.302	0.32	1
968	1607	0.302	0.302	0.58	1
5986	3438	0.301	0.301	0.51	1
2044	5986	0.301	0.301	0.48	1
51	259	0.301	0.301	0.49	1
4468	5639	0.301	0.301	0.59	1
3715	2377	0.301	0.301	0.65	1
3271	6136	0.301	0.301	0.41	1
1317	5067	0.301	0.301	0.35	1
4807	6166	0.301	0.301	0.56	1
4433	789	0.301	0.301	0.34	1
3908	3152	0.301	0.301	0.46	1
1999	474	0.301	0.301	0.71	1
4670	2033	0.301	0.301	0.65	1
1422	2961	0.301	0.301	0.43	1
3956	2570	0.301	0.301	0.53	1
2157	5209	0.301	0.301	0.73	1
1230	2961	0.301	0.301	0.56	1
6054	679	0.301	0.301	0.52	1
5257	2631	0.301	0.301	0.25	1
4773	864	0.301	0.301	0.57	1
3851	3954	0.301	0.301	0.51	1
2710	868	0.301	0.301	0.45	1
1173	1765	0.301	0.301	0.50	1
5372	781	0.301	0.301	0.31	1
4180	2390	0.301	0.301	0.59	1
3494	5981	0.301	0.301	0.57	1
3231	2547	0.301	0.301	0.29	1
1773	9	0.301	0.301	0.52	1
1415	4985	0.301	0.301	0.50	1
4506	4355	0.301	0.301	0.52	1
3104	5620	0.301	0.301	0.49	1
4582	1534	0.301	0.301	0.34	1
4358	1716	0.301	0.301	0.59	1
2441	677	0.301	0.301	0.39	1
5269	3440	0.300	0.300	0.49	1
1206	1674	0.300	0.300	0.32	1
4355	2758	0.300	0.300	0.47	1
1036	801	0.300	0.300	0.30	1
5890	3036	0.300	0.300	0.63	1
4769	1827	0.300	0.300	0.68	1
4656	5536	0.300	0.300	0.65	1
3791	4981	0.300	0.300	0.50	1
2724	243	0.300	0.300	0.53	1
1772	677	0.300	0.300	0.53	1
1380	5337	0.300	0.300	0.47	1
4167	3438	0.300	0.300	0.53	1
3732	4991	0.300	0.300	0.29	1
4312	4492	0.300	0.300	0.43	1
2131	6055	0.300	0.300	0.41	1
889	4412	0.300	0.300	0.67	1
8	3502	0.300	0.300	0.72	1
4376	4400	0.300	0.300	0.65	1
5303	5052	0.300	0.300	0.59	1
4999	5884	0.300	0.300	0.67	1
4705	5367	0.300	0.300	0.50	1
2808	5463	0.300	0.300	0.47	1
2058	794	0.300	0.300	0.30	1
5363	5485	0.300	0.300	0.48	1
5178	2319	0.300	0.300	0.63	1
4075	6165	0.300	0.300	0.72	1
3082	3000	0.300	0.300	0.66	1
2236	689	0.300	0.300	0.27	1
1148	4596	0.300	0.300	0.64	1
5386	5776	0.300	0.300	0.49	1
5326	3378	0.300	0.300	0.44	1
4716	5409	0.300	0.300	0.41	1
4664	600	0.300	0.300	0.24	1
4268	815	0.300	0.300	0.46	1
4480	3324	0.300	0.300	0.54	1
2721	3118	0.300	0.300	0.38	1
2377	3490	0.300	0.300	0.46	1
1274	2794	0.300	0.300	0.62	1
1124	488	0.300	0.300	0.37	1
4069	4322	0.299	0.299	0.61	1
4446	2744	0.299	0.299	0.62	1
2422	5260	0.299	0.299	0.71	1
1094	2874	0.299	0.299	0.46	1
3813	790	0.299	0.299	0.57	1
3148	776	0.299	0.299	0.49	1
1327	2939	0.299	0.299	0.80	1
948	2072	0.299	0.299	0.62	1
5792	573	0.299	0.299	0.50	1
5213	772	0.299	0.299	0.54	1
3739	1289	0.299	0.299	0.48	1
4268	3380	0.299	0.299	0.52	1
4263	376	0.299	0.299	0.28	1
4155	4873	0.299	0.299	0.45	1
2127	5793	0.299	0.299	0.39	1
5728	862	0.299	0.299	0.57	1
3484	2087	0.299	0.299	0.66	1
2158	75	0.299	0.299	0.31	1
5099	354	0.299	0.299	0.45	1
4870	678	0.299	0.299	0.62	1
3815	1096	0.299	0.299	0.44	1
1855	5427	0.299	0.299	0.61	1
952	767	0.299	0.299	0.61	1
5188	452	0.299	0.299	0.74	1
4634	5742	0.298	0.298	0.32	1
3570	5742	0.298	0.298	0.25	1
2168	406	0.298	0.298	0.50	1
2141	6130	0.298	0.298	0.37	1
5904	5935	0.298	0.298	0.49	1
4223	443	0.298	0.298	0.53	1
911	659	0.298	0.298	0.60	1
1	3000	0.298	0.298	0.66	1
5959	4058	0.298	0.298	0.25	1
5067	2830	0.298	0.298	0.47	1
2265	4751	0.298	0.298	0.59	1
1769	3417	0.298	0.298	0.53	1
1342	5099	0.298	0.298	0.46	1
68	71	0.298	0.298	0.29	1
4936	2376	0.298	0.298	0.46	1
3558	4006	0.298	0.298	0.39	1
4672	3186	0.298	0.298	0.49	1
3822	75	0.298	0.298	0.33	1
1555	2957	0.298	0.298	0.40	1
3	244	0.298	0.298	0.50	1
2723	5893	0.298	0.298	0.62	1
2466	5996	0.298	0.298	0.58	1
2274	423	0.298	0.298	0.42	1
4797	2400	0.298	0.298	0.23	1
4356	409	0.298	0.298	0.62	1
3716	2336	0.298	0.298	0.58	1
2552	300	0.298	0.298	0.68	1
2162	4936	0.298	0.298	0.52	1
2045	328	0.298	0.298	0.27	1
1404	150	0.298	0.298	0.72	1
938	1524	0.298	0.298	0.71	1
5178	2698	0.297	0.297	0.44	1
4089	1856	0.297	0.297	0.22	1
1886	5748	0.297	0.297	0.44	1
967	75	0.297	0.297	0.54	1
5873	241	0.297	0.297	0.37	1
2678	3041	0.297	0.297	0.35	1
1799	5869	0.297	0.297	0.69	1
4358	5110	0.297	0.297	0.71	1
4507	2686	0.297	0.297	0.62	1
1924	6136	0.297	0.297	0.32	1
6054	5992	0.297	0.297	0.59	1
3813	3272	0.297	0.297	0.54	1
2155	2757	0.297	0.297	0.67	1
1700	582	0.297	0.297	0.55	1
4907	4533	0.297	0.297	0.51	1
4561	175	0.297	0.297	0.55	1
2634	780	0.297	0.297	0.41	1
1524	5361	0.297	0.297	0.71	1
1416	4045	0.297	0.297	0.64	1
894	3637	0.297	0.297	0.31	1
5120	2559	0.297	0.297	0.32	1
3908	5025	0.297	0.297	0.43	1
3071	5530	0.297	0.297	0.56	1
1595	845	0.297	0.297	0.42	1
113	369	0.297	0.297	0.40	1
5025	71	0.297	0.297	0.54	1
4705	429	0.297	0.297	0.42	1
4693	3332	0.297	0.297	0.67	1
2012	5488	0.297	0.297	0.52	1
1678	3464	0.297	0.297	0.47	1
1258	4622	0.297	0.297	0.60	1
4462	2747	0.297	0.297	0.40	1
1699	3068	0.297	0.297	0.43	1
5363	2919	0.296	0.296	0.58	1
1096	1496	0.296	0.296	0.45	1
5968	679	0.296	0.296	0.60	1
4907	5738	0.296	0.296	0.32	1
1591	2575	0.296	0.296	0.56	1
1194	3728	0.296	0.296	0.56	1
320	6162	0.296	0.296	0.48	1
5748	383	0.296	0.296	0.50	1
5079	3451	0.296	0.296	0.52	1
4636	2643	0.296	0.296	0.57	1
3779	2539	0.296	0.296	0.67	1
4643	6089	0.296	0.296	0.33	1
3906	3107	0.296	0.296	0.31	1
3790	5596	0.296	0.296	0.44	1
3562	2896	0.296	0.296	0.43	1
1067	5803	0.296	0.296	0.30	1
1051	6014	0.296	0.296	0.67	1
4355	493	0.296	0.296	0.55	1
1978	624	0.296	0.296	0.49	1
1939	641	0.296	0.296	0.56	1
41	814	0.296	0.296	0.68	1
2454	3512	0.296	0.296	0.62	1
1258	1648	0.296	0.296	0.56	1
4516	5616	0.296	0.296	0.60	1
2365	5265	0.296	0.296	0.51	1
273	802	0.296	0.296	0.52	1
1923	4561	0.296	0.296	0.66	1
4057	2548	0.296	0.296	0.75	1
3698	2721	0.296	0.296	0.45	1
4337	5225	0.296	0.296	0.53	1
2405	5567	0.296	0.296	0.47	1
2043	2966	0.296	0.296	0.69	1
1248	1596	0.296	0.296	0.47	1
1372	1698	0.295	0.295	0.47	1
5104	732	0.295	0.295	0.59	1
1707	2430	0.295	0.295	0.38	1
1534	5570	0.295	0.295	0.60	1
5821	6188	0.295	0.295	0.35	1
3728	1479	0.295	0.295	0.61	1
2431	4991	0.295	0.295	0.38	1
4716	3287	0.295	0.295	0.43	1
4375	1968	0.295	0.295	0.67	1
3796	2162	0.295	0.295	0.58	1
5067	5972	0.295	0.295	0.47	1
4281	4360	0.295	0.295	0.60	1
3704	4416	0.295	0.295	0.69	1
3562	5023	0.295	0.295	0.29	1
3041	3462	0.295	0.295	0.66	1
1148	3036	0.295	0.295	0.75	1
3271	629	0.295	0.295	0.71	1
1572	138	0.295	0.295	0.51	1
1242	1325	0.295	0.295	0.67	1
176	271	0.295	0.295	0.41	1
5760	3392	0.295	0.295	0.52	1
3558	1479	0.295	0.295	0.34	1
3462	184	0.295	0.295	0.63	1
1979	5903	0.295	0.295	0.40	1
4985	5763	0.295	0.295	0.48	1
1173	75	0.295	0.295	0.53	1
5260	387	0.295	0.295	0.65	1
4259	1173	0.295	0.295	0.35	1
3735	526	0.295	0.295	0.54	1
3180	6052	0.295	0.295	0.19	1
1848	4487	0.295	0.295	0.66	1
4313	4744	0.294	0.294	0.36	1
2190	152	0.294	0.294	0.45	1
4576	600	0.294	0.294	0.54	1
4504	3050	0.294	0.294	0.45	1
2919	381	0.294	0.294	0.68	1
1272	4223	0.294	0.294	0.30	1
1229	734	0.294	0.294	0.36	1
3574	3104	0.294	0.294	0.56	1
1331	5059	0.294	0.294	0.40	1
4908	2355	0.294	0.294	0.44	1
4672	3262	0.294	0.294	0.40	1
4583	777	0.294	0.294	0.59	1
3726	747	0.294	0.294	0.53	1
3679	4006	0.294	0.294	0.55	1
2959	754	0.294	0.294	0.35	1
1015	1372	0.294	0.294	0.48	1
4577	2449	0.294	0.294	0.50	1
3596	5861	0.294	0.294	0.27	1
1388	5678	0.294	0.294	0.67	1
5602	138	0.294	0.294	0.57	1
1853	784	0.294	0.294	0.33	1
944	4419	0.294	0.294	0.71	1
3875	1889	0.294	0.294	0.58	1
1671	1496	0.294	0.294	0.47	1
746	865	0.294	0.294	0.44	1
4775	5906	0.294	0.294	0.54	1
4441	816	0.294	0.294	0.42	1
3031	3292	0.294	0.294	0.44	1
2668	2794	0.294	0.294	0.48	1
1148	2112	0.294	0.294	0.56	1
4440	506	0.293	0.293	0.49	1
4355	2710	0.293	0.293	0.67	1
2552	121	0.293	0.293	0.69	1
1858	2864	0.293	0.293	0.32	1
1164	719	0.293	0.293	0.52	1
1103	3342	0.293	0.293	0.54	1
3562	4365	0.293	0.293	0.51	1
1946	5334	0.293	0.293	0.24	1
3634	4928	0.293	0.293	0.64	1
3056	5581	0.293	0.293	0.52	1
1708	3291	0.293	0.293	0.59	1
1180	223	0.293	0.293	0.41	1
5983	6189	0.293	0.293	0.53	1
5906	354	0.293	0.293	0.47	1
4772	2712	0.293	0.293	0.55	1
4145	6014	0.293	0.293	0.56	1
4145	5708	0.293	0.293	0.34	1
3562	164	0.293	0.293	0.48	1
2296	489	0.293	0.293	0.65	1
1289	741	0.293	0.293	0.52	1
1069	6007	0.293	0.293	0.47	1
5462	3115	0.293	0.293	0.41	1
5293	5438	0.293	0.293	0.67	1
4334	2698	0.293	0.293	0.61	1
3941	5903	0.293	0.293	0.49	1
5407	3069	0.293	0.293	0.58	1
5260	5978	0.293	0.293	0.69	1
4719	2523	0.293	0.293	0.69	1
3623	196	0.293	0.293	0.61	1
3097	643	0.293	0.293	0.47	1
2002	678	0.293	0.293	0.63	1
4559	3059	0.293	0.293	0.46	1
4596	337	0.293	0.293	0.45	1
3913	4944	0.293	0.293	0.39	1
1276	1783	0.293	0.293	0.71	1
1144	4797	0.293	0.293	0.35	1
4485	5386	0.292	0.292	0.62	1
3688	1783	0.292	0.292	0.70	1
3575	1265	0.292	0.292	0.52	1
6027	3489	0.292	0.292	0.35	1
4138	130	0.292	0.292	0.45	1
3917	1743	0.292	0.292	0.37	1
1299	866	0.292	0.292	0.44	1
891	5875	0.292	0.292	0.47	1
706	790	0.292	0.292	0.21	1
4582	369	0.292	0.292	0.42	1
3892	1596	0.292	0.292	0.59	1
3698	5730	0.292	0.292	0.48	1
2712	3077	0.292	0.292	0.37	1
2552	3009	0.292	0.292	0.51	1
1494	1964	0.292	0.292	0.64	1
1288	1976	0.292	0.292	0.59	1
1624	3124	0.292	0.292	0.32	1
1294	3437	0.292	0.292	0.54	1
3568	5616	0.292	0.292	0.68	1
1475	2704	0.292	0.292	0.65	1
1383	2634	0.292	0.292	0.42	1
1119	6061	0.292	0.292	0.69	1
4775	183	0.292	0.292	0.38	1
3639	175	0.292	0.292	0.47	1
2679	5831	0.292	0.292	0.37	1
1148	659	0.292	0.292	0.26	1
1094	3324	0.292	0.292	0.58	1
4551	5300	0.292	0.292	0.63	1
4065	246	0.292	0.292	0.61	1
1679	2443	0.292	0.292	0.54	1
3758	1288	0.292	0.292	0.46	1
340	6161	0.292	0.292	0.70	1
3892	1948	0.292	0.292	0.36	1
3570	568	0.292	0.292	0.61	1
1522	4878	0.292	0.292	0.67	1
4635	3342	0.291	0.291	0.67	1
4444	5478	0.291	0.291	0.35	1
4441	2696	0.291	0.291	0.49	1
4051	5386	0.291	0.291	0.40	1
1539	2813	0.291	0.291	0.76	1
5413	2221	0.291	0.291	0.57	1
4982	33	0.291	0.291	0.34	1
4775	2874	0.291	0.291	0.50	1
4470	5903	0.291	0.291	0.47	1
3915	738	0.291	0.291	0.40	1
5523	5639	0.291	0.291	0.50	1
4541	2634	0.291	0.291	0.41	1
1894	2896	0.291	0.291	0.37	1
400	471	0.291	0.291	0.41	1
1380	3030	0.291	0.291	0.51	1
4974	578	0.291	0.291	0.64	1
4832	4795	0.291	0.291	0.26	1
4583	4807	0.291	0.291	0.55	1
1463	2758	0.291	0.291	0.59	1
365	632	0.291	0.291	0.47	1
5935	3337	0.291	0.291	0.41	1
5530	3369	0.291	0.291	0.61	1
2988	3124	0.291	0.291	0.24	1
1671	340	0.291	0.291	0.51	1
922	1757	0.291	0.291	0.46	1
2539	178	0.291	0.291	0.53	1
1422	1428	0.291	0.291	0.46	1
1342	1617	0.291	0.291	0.49	1
4259	496	0.291	0.291	0.45	1
4065	866	0.291	0.291	0.43	1
2830	3463	0.291	0.291	0.59	1
1148	5108	0.291	0.291	0.41	1
4599	2988	0.291	0.291	0.57	1
4305	415	0.291	0.291	0.64	1
1371	3183	0.291	0.291	0.26	1
1531	1765	0.290	0.290	0.30	1
1046	5599	0.290	0.290	0.31	1
1323	5948	0.290	0.290	0.32	1
2945	5755	0.290	0.290	0.54	1
5800	2607	0.290	0.290	0.55	1
5217	5419	0.290	0.290	0.54	1
2949	5610	0.290	0.290	0.42	1
2499	2822	0.290	0.290	0.39	1
1194	1569	0.290	0.290	0.38	1
6125	256	0.290	0.290	0.45	1
4600	2587	0.290	0.290	0.29	1
3176	466	0.290	0.290	0.51	1
1954	2300	0.290	0.290	0.63	1
1600	236	0.290	0.290	0.40	1
1595	2076	0.290	0.290	0.56	1
4337	5188	0.290	0.290	0.51	1
2358	3431	0.290	0.290	0.51	1
1148	1698	0.290	0.290	0.53	1
5069	26	0.290	0.290	0.40	1
3243	813	0.290	0.290	0.66	1
3626	3261	0.290	0.290	0.22	1
3045	3085	0.290	0.290	0.38	1
3870	1334	0.290	0.290	0.38	1
2949	5821	0.290	0.290	0.41	1
2422	34	0.290	0.290	0.70	1
1727	4673	0.290	0.290	0.37	1
5161	5915	0.290	0.290	0.35	1
3273	201	0.290	0.290	0.44	1
1976	6113	0.290	0.290	0.75	1
1128	212	0.290	0.290	0.26	1
5387	437	0.289	0.289	0.30	1
1760	2727	0.289	0.289	0.44	1
1094	2919	0.289	0.289	0.60	1
4267	2557	0.289	0.289	0.72	1
972	4836	0.289	0.289	0.48	1
3816	5518	0.289	0.289	0.35	1
1359	1708	0.289	0.289	0.73	1
5917	144	0.289	0.289	0.47	1
1489	112	0.289	0.289	0.49	1
40	854	0.289	0.289	0.47	1
6	5234	0.289	0.289	0.47	1
3266	834	0.289	0.289	0.53	1
5284	1496	0.289	0.289	0.56	1
3815	6161	0.289	0.289	0.70	1
2394	2788	0.289	0.289	0.57	1
4052	4069	0.289	0.289	0.58	1
1791	1609	0.289	0.289	0.28	1
1278	4595	0.289	0.289	0.59	1
1242	4634	0.289	0.289	0.70	1
4582	4577	0.289	0.289	0.34	1
3685	1625	0.289	0.289	0.46	1
2874	549	0.289	0.289	0.46	1
3021	3440	0.288	0.288	0.33	1
2004	6110	0.288	0.288	0.64	1
1550	5906	0.288	0.288	0.44	1
1086	5110	0.288	0.288	0.56	1
5110	2688	0.288	0.288	0.56	1
2443	328	0.288	0.288	0.44	1
1164	865	0.288	0.288	0.48	1
3592	1683	0.288	0.288	0.43	1
2304	802	0.288	0.288	0.57	1
1986	4661	0.288	0.288	0.36	1
1056	4540	0.288	0.288	0.54	1
5257	2883	0.288	0.288	0.51	1
5172	240	0.288	0.288	0.47	1
1773	4692	0.288	0.288	0.44	1
1642	2637	0.288	0.288	0.78	1
3965	6130	0.288	0.288	0.49	1
1607	6035	0.288	0.288	0.51	1
1572	5926	0.288	0.288	0.53	1
1373	5719	0.288	0.288	0.34	1
4267	3342	0.288	0.288	0.67	1
1924	5485	0.288	0.288	0.62	1
4350	4798	0.288	0.288	0.59	1
1683	6102	0.288	0.288	0.55	1
1538	2396	0.288	0.288	0.63	1
5485	746	0.288	0.288	0.58	1
1659	2980	0.288	0.288	0.63	1
5414	105	0.288	0.288	0.47	1
3789	2805	0.288	0.288	0.50	1
3626	1319	0.288	0.288	0.46	1
1284	2761	0.288	0.288	0.65	1
4981	2634	0.287	0.287	0.24	1
4899	3176	0.287	0.287	0.25	1
3965	3045	0.287	0.287	0.54	1
3815	1700	0.287	0.287	0.55	1
1799	741	0.287	0.287	0.65	1
4787	6162	0.287	0.287	0.64	1
4401	5368	0.287	0.287	0.47	1
4376	3223	0.287	0.287	0.43	1
4576	546	0.287	0.287	0.46	1
3772	3169	0.287	0.287	0.46	1
3728	4350	0.287	0.287	0.62	1
3045	642	0.287	0.287	0.52	1
3815	5284	0.287	0.287	0.55	1
3071	3031	0.287	0.287	0.48	1
960	3679	0.287	0.287	0.60	1
937	708	0.287	0.287	0.33	1
6000	3324	0.287	0.287	0.51	1
5902	641	0.287	0.287	0.42	1
4660	514	0.287	0.287	0.47	1
4312	4985	0.287	0.287	0.58	1
4151	5300	0.287	0.287	0.63	1
4148	4981	0.287	0.287	0.58	1
3180	3331	0.287	0.287	0.55	1
1992	6031	0.287	0.287	0.54	1
5542	267	0.287	0.287	0.51	1
3934	2733	0.287	0.287	0.64	1
3721	3101	0.287	0.287	0.69	1
3192	710	0.287	0.287	0.44	1
2721	202	0.287	0.287	0.45	1
2578	5462	0.287	0.287	0.48	1
1432	320	0.287	0.287	0.48	1
1205	527	0.287	0.287	0.56	1
4664	4576	0.287	0.287	0.55	1
3815	1671	0.287	0.287	0.50	1
5337	5740	0.286	0.286	0.34	1
922	5381	0.286	0.286	0.60	1
4637	430	0.286	0.286	0.50	1
4583	591	0.286	0.286	0.68	1
3778	3381	0.286	0.286	0.56	1
1047	80	0.286	0.286	0.24	1
5483	5343	0.286	0.286	0.40	1
3732	3097	0.286	0.286	0.27	1
901	3381	0.286	0.286	0.58	1
5926	436	0.286	0.286	0.48	1
4330	3271	0.286	0.286	0.56	1
2088	6051	0.286	0.286	0.45	1
2890	573	0.286	0.286	0.50	1
2540	5186	0.286	0.286	0.25	1
365	429	0.286	0.286	0.42	1
6069	4241	0.286	0.286	0.66	1
3021	2802	0.286	0.286	0.29	1
2967	746	0.286	0.286	0.36	1
1514	1915	0.286	0.286	0.67	1
5972	2967	0.286	0.286	0.50	1
5452	5992	0.286	0.286	0.54	1
3144	3256	0.286	0.286	0.59	1
2570	834	0.286	0.286	0.59	1
1624	6096	0.286	0.286	0.42	1
5286	772	0.285	0.285	0.53	1
4586	5984	0.285	0.285	0.51	1
5500	32	0.285	0.285	0.22	1
3873	4067	0.285	0.285	0.42	1
3774	101	0.285	0.285	0.45	1
3342	6166	0.285	0.285	0.64	1
3213	3514	0.285	0.285	0.27	1
964	1743	0.285	0.285	0.52	1
3924	1662	0.285	0.285	0.69	1
1766	3031	0.285	0.285	0.31	1
4069	4441	0.285	0.285	0.41	1
2289	5907	0.285	0.285	0.50	1
629	724	0.285	0.285	0.55	1
4354	3370	0.285	0.285	0.46	1
2684	3183	0.285	0.285	0.31	1
1852	5334	0.285	0.285	0.66	1
5111	3440	0.285	0.285	0.31	1
4148	2830	0.285	0.285	0.62	1
460	598	0.285	0.285	0.32	1
377	411	0.285	0.285	0.34	1
3589	1534	0.285	0.285	0.45	1
1891	323	0.285	0.285	0.47	1
1835	6106	0.285	0.285	0.45	1
1319	2044	0.285	0.285	0.23	1
1153	1496	0.285	0.285	0.63	1
4344	5549	0.285	0.285	0.40	1
3735	804	0.285	0.285	0.38	1
40	609	0.285	0.285	0.49	1
4509	455	0.285	0.285	0.33	1
1556	2575	0.285	0.285	0.47	1
1314	3217	0.285	0.285	0.54	1
1139	6165	0.285	0.285	0.39	1
1047	3249	0.285	0.285	0.33	1
6106	22	0.285	0.285	0.44	1
5261	2949	0.285	0.285	0.45	1
6	3097	0.285	0.285	0.47	1
1194	2727	0.284	0.284	0.46	1
2167	2523	0.284	0.284	0.72	1
5915	3000	0.284	0.284	0.55	1
3913	4334	0.284	0.284	0.49	1
2006	2290	0.284	0.284	0.54	1
3629	4380	0.284	0.284	0.66	1
2957	1466	0.284	0.284	0.35	1
2394	6114	0.284	0.284	0.44	1
894	4355	0.284	0.284	0.55	1
5031	868	0.284	0.284	0.59	1
3039	3314	0.284	0.284	0.57	1
2870	3291	0.284	0.284	0.56	1
1514	563	0.284	0.284	0.60	1
1351	3415	0.284	0.284	0.44	1
3677	4064	0.284	0.284	0.28	1
2854	3259	0.284	0.284	0.59	1
983	4898	0.284	0.284	0.56	1
2162	4808	0.284	0.284	0.53	1
3811	1683	0.283	0.283	0.48	1
3688	3512	0.283	0.283	0.71	1
2238	6086	0.283	0.283	0.48	1
1825	5094	0.283	0.283	0.57	1
3587	5225	0.283	0.283	0.62	1
1999	233	0.283	0.283	0.31	1
1611	5561	0.283	0.283	0.49	1
4096	4767	0.283	0.283	0.49	1
1768	5334	0.283	0.283	0.66	1
5742	770	0.283	0.283	0.38	1
4350	726	0.283	0.283	0.43	1
2111	34	0.283	0.283	0.51	1
4784	750	0.283	0.283	0.32	1
4583	821	0.283	0.283	0.66	1
3562	3036	0.283	0.283	0.74	1
5295	4773	0.283	0.283	0.33	1
4716	2802	0.283	0.283	0.41	1
4506	3479	0.283	0.283	0.43	1
4485	1588	0.283	0.283	0.68	1
2539	5903	0.283	0.283	0.57	1
1051	1596	0.283	0.283	0.33	1
198	765	0.283	0.283	0.34	1
1911	3380	0.283	0.283	0.44	1
6	5583	0.283	0.283	0.65	1
5670	5903	0.283	0.283	0.54	1
4275	5248	0.283	0.283	0.70	1
2547	633	0.283	0.283	0.26	1
3629	455	0.283	0.283	0.62	1
2617	2634	0.283	0.283	0.47	1
1539	2540	0.283	0.283	0.72	1
6051	1609	0.282	0.282	0.28	1
5134	178	0.282	0.282	0.37	1
3859	5347	0.282	0.282	0.57	1
3158	568	0.282	0.282	0.48	1
1990	4450	0.282	0.282	0.40	1
335	624	0.282	0.282	0.46	1
5461	3000	0.282	0.282	0.64	1
4256	175	0.282	0.282	0.22	1
2336	34	0.282	0.282	0.64	1
5228	746	0.282	0.282	0.30	1
1599	2076	0.282	0.282	0.41	1
1595	383	0.282	0.282	0.42	1
5985	117	0.282	0.282	0.34	1
4145	3000	0.282	0.282	0.56	1
3889	3514	0.282	0.282	0.35	1
3804	3030	0.282	0.282	0.49	1
1496	105	0.282	0.282	0.48	1
1572	4355	0.282	0.282	0.49	1
987	6165	0.282	0.282	0.68	1
5795	3502	0.282	0.282	0.70	1
3739	5034	0.282	0.282	0.34	1
3602	1135	0.282	0.282	0.72	1
2380	5456	0.282	0.282	0.44	1
1178	4376	0.282	0.282	0.41	1
4473	5620	0.282	0.282	0.65	1
2397	2980	0.282	0.282	0.57	1
3956	71	0.282	0.282	0.48	1
1802	5332	0.282	0.282	0.65	1
938	4673	0.282	0.282	0.47	1
5744	636	0.282	0.282	0.57	1
4616	5008	0.281	0.281	0.48	1
3979	4230	0.281	0.281	0.58	1
1646	2369	0.281	0.281	0.25	1
5373	664	0.281	0.281	0.53	1
5051	797	0.281	0.281	0.55	1
963	1407	0.281	0.281	0.51	1
4693	2400	0.281	0.281	0.71	1
4067	5362	0.281	0.281	0.57	1
5261	5024	0.281	0.281	0.27	1
4821	3133	0.281	0.281	0.51	1
4426	2565	0.281	0.281	0.49	1
3913	3217	0.281	0.281	0.55	1
3716	821	0.281	0.281	0.60	1
3396	1636	0.281	0.281	0.43	1
1352	206	0.281	0.281	0.34	1
5766	474	0.281	0.281	0.76	1
2569	4773	0.281	0.281	0.38	1
2337	339	0.281	0.281	0.36	1
1148	4599	0.281	0.281	0.54	1
768	6157	0.281	0.281	0.39	1
1992	2758	0.281	0.281	0.45	1
4201	5216	0.281	0.281	0.60	1
5792	72	0.281	0.281	0.70	1
4622	2637	0.281	0.281	0.38	1
3213	301	0.281	0.281	0.37	1
2072	3484	0.281	0.281	0.64	1
1972	6125	0.281	0.281	0.41	1
1192	5582	0.281	0.281	0.46	1
2334	3100	0.281	0.281	0.68	1
1971	5678	0.281	0.281	0.54	1
1425	5763	0.281	0.281	0.31	1
5116	5938	0.281	0.281	0.36	1
3936	4719	0.281	0.281	0.68	1
1265	1278	0.281	0.281	0.49	1
3917	5983	0.280	0.280	0.46	1
2025	679	0.280	0.280	0.47	1
1353	1362	0.280	0.280	0.47	1
3279	520	0.280	0.280	0.53	1
3069	790	0.280	0.280	0.21	1
2634	2942	0.280	0.280	0.38	1
4693	5243	0.280	0.280	0.68	1
2756	5583	0.280	0.280	0.72	1
1072	4521	0.280	0.280	0.39	1
893	2319	0.280	0.280	0.58	1
5025	2634	0.280	0.280	0.33	1
5368	2962	0.280	0.280	0.42	1
5662	3313	0.280	0.280	0.47	1
5073	5639	0.280	0.280	0.62	1
4094	5106	0.280	0.280	0.58	1
4048	5610	0.280	0.280	0.31	1
3036	3290	0.280	0.280	0.58	1
1687	5571	0.280	0.280	0.44	1
4015	2308	0.280	0.280	0.59	1
3175	5678	0.280	0.280	0.58	1
1423	4545	0.280	0.280	0.30	1
1361	4768	0.280	0.280	0.37	1
6035	376	0.279	0.279	0.48	1
4350	1985	0.279	0.279	0.54	1
3978	6045	0.279	0.279	0.48	1
3158	436	0.279	0.279	0.62	1
5236	766	0.279	0.279	0.22	1
3721	4627	0.279	0.279	0.67	1
3685	5488	0.279	0.279	0.45	1
2978	5852	0.279	0.279	0.45	1
2135	383	0.279	0.279	0.40	1
1045	4975	0.279	0.279	0.52	1
5303	5671	0.279	0.279	0.33	1
4596	164	0.279	0.279	0.57	1
2709	353	0.279	0.279	0.35	1
4434	2257	0.279	0.279	0.58	1
2939	693	0.279	0.279	0.27	1
1850	2843	0.279	0.279	0.54	1
3875	5812	0.279	0.279	0.57	1
1600	2060	0.279	0.279	0.43	1
4769	4995	0.279	0.279	0.59	1
1342	4069	0.279	0.279	0.30	1
1342	2189	0.279	0.279	0.39	1
3941	1683	0.279	0.279	0.54	1
2237	4858	0.279	0.279	0.40	1
1103	2552	0.279	0.279	0.23	1
1092	5027	0.279	0.279	0.30	1
991	3317	0.279	0.279	0.27	1
5991	564	0.279	0.279	0.25	1
4355	33	0.279	0.279	0.52	1
4777	5419	0.278	0.278	0.36	1
2988	305	0.278	0.278	0.34	1
5578	3429	0.278	0.278	0.58	1
4805	2602	0.278	0.278	0.25	1
3378	354	0.278	0.278	0.70	1
5155	5414	0.278	0.278	0.38	1
4360	471	0.278	0.278	0.38	1
4259	6096	0.278	0.278	0.35	1
1264	71	0.278	0.278	0.56	1
5547	430	0.278	0.278	0.69	1
2903	3071	0.278	0.278	0.44	1
2788	802	0.278	0.278	0.52	1
2372	271	0.278	0.278	0.55	1
2355	2727	0.278	0.278	0.59	1
1003	1595	0.278	0.278	0.42	1
298	477	0.278	0.278	0.62	1
250	439	0.278	0.278	0.47	1
178	365	0.278	0.278	0.45	1
5206	836	0.278	0.278	0.52	1
1092	3718	0.278	0.278	0.23	1
6031	41	0.278	0.278	0.49	1
3331	3446	0.278	0.278	0.41	1
959	5108	0.278	0.278	0.43	1
5261	230	0.278	0.278	0.46	1
5112	5225	0.278	0.278	0.48	1
4506	2830	0.278	0.278	0.66	1
4467	5027	0.278	0.278	0.34	1
3570	719	0.278	0.278	0.68	1
4984	327	0.278	0.278	0.46	1
3669	5023	0.278	0.278	0.27	1
4064	3130	0.278	0.278	0.41	1
1850	4705	0.278	0.278	0.55	1
1103	5018	0.278	0.278	0.53	1
4359	5309	0.277	0.277	0.42	1
4279	660	0.277	0.277	0.45	1
3562	4559	0.277	0.277	0.18	1
3417	868	0.277	0.277	0.53	1
2907	546	0.277	0.277	0.50	1
2864	71	0.277	0.277	0.53	1
1098	528	0.277	0.277	0.47	1
980	790	0.277	0.277	0.57	1
1326	5520	0.277	0.277	0.52	1
3605	3031	0.277	0.277	0.24	1
2072	2695	0.277	0.277	0.66	1
2051	2570	0.277	0.277	0.59	1
1380	5708	0.277	0.277	0.43	1
2557	3183	0.277	0.277	0.49	1
2111	2483	0.277	0.277	0.35	1
1765	6096	0.277	0.277	0.29	1
4316	1852	0.277	0.277	0.72	1
4170	5019	0.277	0.277	0.63	1
1776	339	0.277	0.277	0.31	1
1554	2550	0.277	0.277	0.62	1
4777	5150	0.277	0.277	0.36	1
2296	765	0.277	0.277	0.70	1
1708	3185	0.277	0.277	0.41	1
479	751	0.277	0.277	0.65	1
363	664	0.277	0.277	0.21	1
3913	2363	0.277	0.277	0.37	1
1197	3186	0.277	0.277	0.57	1
6153	190	0.277	0.277	0.47	1
4731	4947	0.277	0.277	0.49	1
3587	5023	0.277	0.277	0.37	1
3217	846	0.277	0.277	0.50	1
2236	4854	0.277	0.277	0.26	1
2071	2072	0.277	0.277	0.60	1
3553	198	0.276	0.276	0.23	1
2569	1569	0.276	0.276	0.43	1
1380	3071	0.276	0.276	0.60	1
2593	658	0.276	0.276	0.64	1
2087	211	0.276	0.276	0.57	1
1813	4534	0.276	0.276	0.41	1
4329	117	0.276	0.276	0.42	1
1283	4829	0.276	0.276	0.32	1
4735	546	0.276	0.276	0.51	1
4314	3369	0.276	0.276	0.46	1
1855	5987	0.276	0.276	0.60	1
5202	5678	0.276	0.276	0.60	1
4982	2792	0.276	0.276	0.44	1
3860	1654	0.276	0.276	0.72	1
2327	3041	0.276	0.276	0.66	1
1650	3324	0.276	0.276	0.51	1
1401	4230	0.276	0.276	0.52	1
5915	488	0.276	0.276	0.37	1
5509	112	0.276	0.276	0.51	1
4699	446	0.276	0.276	0.42	1
4689	4751	0.276	0.276	0.34	1
4141	1683	0.276	0.276	0.52	1
2119	5644	0.276	0.276	0.45	1
4868	3364	0.276	0.276	0.28	1
3695	424	0.276	0.276	0.52	1
2883	3266	0.276	0.276	0.41	1
1359	1662	0.276	0.276	0.64	1
3271	325	0.276	0.276	0.71	1
5663	824	0.276	0.276	0.43	1
2539	2833	0.276	0.276	0.67	1
2311	2523	0.276	0.276	0.57	1
1595	4775	0.276	0.276	0.37	1
932	5945	0.275	0.275	0.64	1
4148	2919	0.275	0.275	0.61	1
2577	383	0.275	0.275	0.57	1
2390	3498	0.275	0.275	0.62	1
1148	1192	0.275	0.275	0.40	1
4507	4540	0.275	0.275	0.59	1
1417	487	0.275	0.275	0.43	1
6054	3031	0.275	0.275	0.35	1
5530	3000	0.275	0.275	0.74	1
4350	5742	0.275	0.275	0.46	1
1594	5865	0.275	0.275	0.41	1
4769	5821	0.275	0.275	0.23	1
1021	732	0.275	0.275	0.42	1
4982	1886	0.275	0.275	0.56	1
1218	2794	0.275	0.275	0.34	1
1045	2454	0.275	0.275	0.59	1
6079	232	0.275	0.275	0.53	1
1240	1927	0.275	0.275	0.56	1
641	865	0.275	0.275	0.40	1
5047	5825	0.274	0.274	0.33	1
4390	3355	0.274	0.274	0.55	1
3787	4590	0.274	0.274	0.47	1
3715	1808	0.274	0.274	0.69	1
3136	5986	0.274	0.274	0.48	1
1120	4518	0.274	0.274	0.52	1
4518	3313	0.274	0.274	0.45	1
3787	4606	0.274	0.274	0.46	1
1740	4634	0.274	0.274	0.45	1
1139	1773	0.274	0.274	0.50	1
6153	4819	0.274	0.274	0.57	1
2569	58	0.274	0.274	0.32	1
4620	2654	0.274	0.274	0.47	1
3324	1466	0.274	0.274	0.39	1
1683	3375	0.274	0.274	0.54	1
1173	305	0.274	0.274	0.56	1
5052	740	0.274	0.274	0.58	1
4685	5690	0.274	0.274	0.36	1
4419	2556	0.274	0.274	0.49	1
2477	3684	0.274	0.274	0.59	1
2190	5008	0.274	0.274	0.36	1
2162	521	0.274	0.274	0.40	1
1579	58	0.274	0.274	0.54	1
5419	3133	0.274	0.274	0.50	1
1960	5366	0.274	0.274	0.67	1
1950	5503	0.274	0.274	0.39	1
1659	5043	0.274	0.274	0.38	1
3704	4891	0.274	0.274	0.69	1
2988	5983	0.274	0.274	0.48	1
2112	41	0.274	0.274	0.50	1
5116	600	0.274	0.274	0.27	1
3822	1044	0.274	0.274	0.51	1
3380	768	0.274	0.274	0.50	1
4281	1633	0.274	0.274	0.66	1
4010	443	0.274	0.274	0.52	1
5458	679	0.274	0.274	0.53	1
5231	2744	0.274	0.274	0.62	1
4821	4066	0.274	0.274	0.67	1
3900	117	0.274	0.274	0.54	1
1872	5557	0.274	0.274	0.44	1
6000	5926	0.273	0.273	0.43	1
4434	276	0.273	0.273	0.33	1
4064	4072	0.273	0.273	0.30	1
4439	708	0.273	0.273	0.50	1
2631	5308	0.273	0.273	0.27	1
5366	202	0.273	0.273	0.44	1
5255	809	0.273	0.273	0.59	1
5141	3030	0.273	0.273	0.45	1
4193	2441	0.273	0.273	0.36	1
3978	4461	0.273	0.273	0.61	1
3718	4467	0.273	0.273	0.35	1
3479	866	0.273	0.273	0.39	1
3875	3703	0.273	0.273	0.59	1
3570	4473	0.273	0.273	0.69	1
1900	4693	0.273	0.273	0.68	1
4376	632	0.273	0.273	0.59	1
3814	1659	0.273	0.273	0.44	1
1299	26	0.273	0.273	0.34	1
3715	3192	0.273	0.273	0.71	1
2474	591	0.273	0.273	0.37	1
2376	5178	0.273	0.273	0.67	1
1136	864	0.273	0.273	0.47	1
4157	4751	0.273	0.273	0.42	1
3424	777	0.273	0.273	0.36	1
3956	4837	0.273	0.273	0.38	1
2634	3152	0.272	0.272	0.28	1
2335	689	0.272	0.272	0.51	1
1811	3197	0.272	0.272	0.35	1
5354	5915	0.272	0.272	0.61	1
4069	2836	0.272	0.272	0.21	1
3679	4494	0.272	0.272	0.47	1
2758	3130	0.272	0.272	0.52	1
2659	4286	0.272	0.272	0.53	1
2556	3316	0.272	0.272	0.41	1
1759	4634	0.272	0.272	0.60	1
4768	2941	0.272	0.272	0.45	1
929	3252	0.272	0.272	0.67	1
6128	636	0.272	0.272	0.42	1
4883	5972	0.272	0.272	0.47	1
22	202	0.272	0.272	0.35	1
4815	33	0.272	0.272	0.30	1
4765	4876	0.272	0.272	0.27	1
4693	1609	0.272	0.272	0.68	1
2006	591	0.272	0.272	0.66	1
1237	6152	0.272	0.272	0.51	1
911	3148	0.272	0.272	0.73	1
1148	5603	0.272	0.272	0.55	1
2352	3217	0.272	0.272	0.51	1
1634	4689	0.272	0.272	0.42	1
1575	5188	0.272	0.272	0.58	1
1153	3261	0.272	0.272	0.21	1
5187	2552	0.272	0.272	0.28	1
4608	6086	0.272	0.272	0.66	1
1148	221	0.272	0.272	0.27	1
5616	3423	0.272	0.272	0.47	1
4441	5414	0.272	0.272	0.46	1
4084	177	0.272	0.272	0.44	1
1541	2145	0.272	0.272	0.54	1
2740	6176	0.272	0.272	0.38	1
2390	624	0.272	0.272	0.53	1
1551	398	0.272	0.272	0.62	1
4752	2988	0.271	0.271	0.23	1
4446	528	0.271	0.271	0.62	1
4148	4845	0.271	0.271	0.58	1
3679	1611	0.271	0.271	0.58	1
4825	6057	0.271	0.271	0.33	1
4775	2758	0.271	0.271	0.39	1
4745	3375	0.271	0.271	0.36	1
4690	5821	0.271	0.271	0.43	1
4590	604	0.271	0.271	0.74	1
3799	2426	0.271	0.271	0.59	1
1634	4589	0.271	0.271	0.54	1
270	573	0.271	0.271	0.51	1
123	354	0.271	0.271	0.64	1
4524	5466	0.271	0.271	0.58	1
2301	711	0.271	0.271	0.50	1
5902	26	0.271	0.271	0.41	1
5234	3498	0.271	0.271	0.66	1
4833	659	0.271	0.271	0.65	1
4092	2988	0.271	0.271	0.54	1
1919	866	0.271	0.271	0.44	1
1366	3457	0.271	0.271	0.68	1
4658	155	0.271	0.271	0.54	1
4245	791	0.271	0.271	0.53	1
4834	221	0.271	0.271	0.40	1
1519	2710	0.271	0.271	0.56	1
6061	5819	0.271	0.271	0.53	1
4010	5986	0.271	0.271	0.37	1
2363	5837	0.271	0.271	0.25	1
4309	3437	0.271	0.271	0.45	1
4201	5342	0.271	0.271	0.45	1
3950	4092	0.271	0.271	0.49	1
3913	2534	0.271	0.271	0.36	1
1713	583	0.271	0.271	0.44	1
365	811	0.271	0.271	0.67	1
1619	4705	0.271	0.271	0.48	1
5830	3464	0.271	0.271	0.46	1
5289	356	0.271	0.271	0.51	1
3148	26	0.271	0.271	0.46	1
3892	2978	0.270	0.270	0.56	1
3570	3130	0.270	0.270	0.61	1
2336	3495	0.270	0.270	0.39	1
6016	824	0.270	0.270	0.62	1
4922	2360	0.270	0.270	0.35	1
889	1924	0.270	0.270	0.58	1
5337	623	0.270	0.270	0.21	1
1843	2033	0.270	0.270	0.52	1
1205	3464	0.270	0.270	0.51	1
1197	2241	0.270	0.270	0.58	1
6060	2319	0.270	0.270	0.62	1
1964	436	0.270	0.270	0.65	1
1760	6064	0.270	0.270	0.61	1
4777	2401	0.270	0.270	0.42	1
4487	5386	0.270	0.270	0.56	1
4485	2758	0.270	0.270	0.46	1
2758	3514	0.270	0.270	0.23	1
3562	5188	0.270	0.270	0.45	1
3321	5491	0.270	0.270	0.59	1
2930	155	0.270	0.270	0.47	1
354	660	0.270	0.270	0.49	1
4807	591	0.270	0.270	0.45	1
4402	6010	0.270	0.270	0.32	1
3970	439	0.270	0.270	0.57	1
3679	1319	0.270	0.270	0.47	1
2570	2512	0.270	0.270	0.45	1
2359	5341	0.270	0.270	0.65	1
5414	724	0.269	0.269	0.56	1
3692	206	0.269	0.269	0.26	1
1171	2609	0.269	0.269	0.52	1
4674	2590	0.269	0.269	0.48	1
4114	4520	0.269	0.269	0.72	1
3104	1479	0.269	0.269	0.52	1
2974	812	0.269	0.269	0.36	1
1939	5561	0.269	0.269	0.46	1
890	4223	0.269	0.269	0.24	1
3913	2393	0.269	0.269	0.39	1
1230	1835	0.269	0.269	0.61	1
5043	2949	0.269	0.269	0.48	1
4802	5981	0.269	0.269	0.36	1
2532	5709	0.269	0.269	0.49	1
1901	5233	0.269	0.269	0.44	1
5548	4540	0.269	0.269	0.65	1
3039	865	0.269	0.269	0.53	1
2720	5926	0.269	0.269	0.39	1
5398	89	0.269	0.269	0.35	1
4855	3275	0.269	0.269	0.29	1
3531	4891	0.269	0.269	0.68	1
1892	3057	0.269	0.269	0.48	1
1156	5863	0.269	0.269	0.27	1
5872	3272	0.269	0.269	0.34	1
5385	3048	0.269	0.269	0.28	1
2094	118	0.269	0.269	0.49	1
1464	711	0.269	0.269	0.56	1
1173	4746	0.269	0.269	0.52	1
964	3822	0.269	0.269	0.48	1
2229	3115	0.268	0.268	0.66	1
5742	1602	0.268	0.268	0.40	1
4936	727	0.268	0.268	0.39	1
4279	493	0.268	0.268	0.44	1
2556	5506	0.268	0.268	0.38	1
1599	3097	0.268	0.268	0.53	1
5205	372	0.268	0.268	0.49	1
3022	5532	0.268	0.268	0.27	1
1801	2477	0.268	0.268	0.51	1
906	2988	0.268	0.268	0.63	1
5795	33	0.268	0.268	0.34	1
3381	6081	0.268	0.268	0.57	1
1757	4355	0.268	0.268	0.54	1
1582	5724	0.268	0.268	0.49	1
5948	158	0.268	0.268	0.35	1
3913	5292	0.268	0.268	0.37	1
3589	790	0.268	0.268	0.45	1
1686	3324	0.268	0.268	0.32	1
5985	601	0.268	0.268	0.56	1
3629	3603	0.268	0.268	0.44	1
2203	3349	0.268	0.268	0.36	1
4865	3461	0.268	0.268	0.58	1
4167	5748	0.268	0.268	0.52	1
1906	5984	0.268	0.268	0.39	1
1515	2542	0.268	0.268	0.53	1
886	1611	0.268	0.268	0.35	1
4465	383	0.268	0.268	0.51	1
2300	5307	0.268	0.268	0.45	1
1858	2401	0.268	0.268	0.40	1
1093	868	0.268	0.268	0.56	1
943	524	0.268	0.268	0.58	1
4673	862	0.267	0.267	0.39	1
3715	481	0.267	0.267	0.66	1
5334	3183	0.267	0.267	0.22	1
2448	738	0.267	0.267	0.40	1
2043	3462	0.267	0.267	0.55	1
1281	6047	0.267	0.267	0.24	1
5824	3292	0.267	0.267	0.31	1
5571	3132	0.267	0.267	0.30	1
4376	4666	0.267	0.267	0.49	1
4141	163	0.267	0.267	0.58	1
4088	2360	0.267	0.267	0.44	1
1921	3132	0.267	0.267	0.51	1
1221	1679	0.267	0.267	0.70	1
4890	2637	0.267	0.267	0.62	1
4330	4256	0.267	0.267	0.57	1
5261	5419	0.267	0.267	0.41	1
3956	3324	0.267	0.267	0.55	1
3570	1760	0.267	0.267	0.26	1
1462	86	0.267	0.267	0.45	1
5261	2782	0.267	0.267	0.42	1
4985	4540	0.267	0.267	0.48	1
4936	2698	0.267	0.267	0.30	1
3725	790	0.267	0.267	0.42	1
1851	5320	0.267	0.267	0.50	1
1468	2042	0.267	0.267	0.48	1
4744	3358	0.267	0.267	0.46	1
1539	5287	0.267	0.267	0.69	1
889	175	0.267	0.267	0.55	1
893	2376	0.267	0.267	0.66	1
2720	5366	0.266	0.266	0.47	1
2097	5320	0.266	0.266	0.32	1
6003	34	0.266	0.266	0.66	1
3762	514	0.266	0.266	0.31	1
3562	4305	0.266	0.266	0.58	1
4868	5690	0.266	0.266	0.28	1
4590	2352	0.266	0.266	0.37	1
2738	3191	0.266	0.266	0.46	1
4665	5670	0.266	0.266	0.65	1
1294	5846	0.266	0.266	0.68	1
4805	265	0.266	0.266	0.26	1
3956	660	0.266	0.266	0.31	1
1567	5906	0.266	0.266	0.39	1
4267	1768	0.266	0.266	0.70	1
1572	202	0.266	0.266	0.54	1
5891	503	0.266	0.266	0.42	1
5236	2808	0.266	0.266	0.55	1
4355	51	0.266	0.266	0.41	1
1240	790	0.266	0.266	0.33	1
5146	9	0.266	0.266	0.17	1
4993	1925	0.266	0.266	0.62	1
2553	814	0.266	0.266	0.59	1
2552	537	0.266	0.266	0.63	1
622	724	0.266	0.266	0.42	1
5067	6124	0.266	0.266	0.40	1
5854	3500	0.265	0.265	0.37	1
4351	5490	0.265	0.265	0.50	1
3285	2441	0.265	0.265	0.34	1
5488	5458	0.265	0.265	0.48	1
2191	6108	0.265	0.265	0.42	1
2599	5716	0.265	0.265	0.54	1
1979	2317	0.265	0.265	0.40	1
5857	22	0.265	0.265	0.54	1
20	2891	0.265	0.265	0.54	1
1986	298	0.265	0.265	0.32	1
3361	277	0.265	0.265	0.69	1
2076	784	0.265	0.265	0.53	1
3489	821	0.265	0.265	0.51	1
1510	376	0.265	0.265	0.44	1
1474	4390	0.265	0.265	0.65	1
982	3906	0.265	0.265	0.58	1
2512	3502	0.265	0.265	0.65	1
2397	5689	0.265	0.265	0.45	1
1925	5615	0.265	0.265	0.44	1
1814	2223	0.265	0.265	0.64	1
4622	5917	0.265	0.265	0.39	1
3991	340	0.265	0.265	0.33	1
2557	6079	0.265	0.265	0.75	1
3813	6176	0.265	0.265	0.34	1
2285	789	0.265	0.265	0.51	1
1051	1858	0.265	0.265	0.27	1
4233	4390	0.264	0.264	0.57	1
4094	2474	0.264	0.264	0.32	1
1093	4355	0.264	0.264	0.38	1
5578	2899	0.264	0.264	0.49	1
4193	3355	0.264	0.264	0.69	1
3965	3464	0.264	0.264	0.45	1
1474	573	0.264	0.264	0.49	1
914	789	0.264	0.264	0.48	1
5942	3112	0.264	0.264	0.29	1
4742	6075	0.264	0.264	0.39	1
4583	2111	0.264	0.264	0.48	1
3593	5171	0.264	0.264	0.48	1
2454	3035	0.264	0.264	0.63	1
1659	4660	0.264	0.264	0.47	1
679	776	0.264	0.264	0.54	1
2668	595	0.264	0.264	0.58	1
2539	870	0.264	0.264	0.60	1
6054	3071	0.264	0.264	0.42	1
4868	6051	0.264	0.264	0.23	1
4680	152	0.264	0.264	0.64	1
4596	2848	0.264	0.264	0.49	1
3873	5596	0.264	0.264	0.43	1
1125	1596	0.264	0.264	0.60	1
2088	6071	0.264	0.264	0.23	1
1802	1979	0.264	0.264	0.42	1
1794	61	0.264	0.264	0.35	1
5452	5861	0.264	0.264	0.39	1
8	2919	0.264	0.264	0.32	1
4607	4839	0.264	0.264	0.61	1
3752	198	0.264	0.264	0.25	1
1820	410	0.264	0.264	0.24	1
1604	4719	0.264	0.264	0.71	1
5997	40	0.264	0.264	0.61	1
4775	2044	0.264	0.264	0.34	1
3698	746	0.264	0.264	0.39	1
1766	2820	0.264	0.264	0.34	1
1371	2441	0.264	0.264	0.39	1
1242	1849	0.264	0.264	0.42	1
1236	3031	0.264	0.264	0.26	1
5361	5438	0.263	0.263	0.40	1
2005	2832	0.263	0.263	0.52	1
3941	3014	0.263	0.263	0.42	1
3771	3634	0.263	0.263	0.57	1
4518	4658	0.263	0.263	0.42	1
3822	4092	0.263	0.263	0.51	1
4355	776	0.263	0.263	0.34	1
3765	3354	0.263	0.263	0.51	1
1299	1519	0.263	0.263	0.42	1
1221	3200	0.263	0.263	0.70	1
944	2556	0.263	0.263	0.69	1
452	738	0.263	0.263	0.48	1
2296	3407	0.263	0.263	0.62	1
1611	1599	0.263	0.263	0.44	1
1595	4355	0.263	0.263	0.48	1
446	6166	0.263	0.263	0.70	1
4351	790	0.263	0.263	0.28	1
3870	2957	0.263	0.263	0.35	1
3716	5334	0.263	0.263	0.51	1
6014	502	0.263	0.263	0.60	1
4898	811	0.263	0.263	0.64	1
4434	4371	0.263	0.263	0.34	1
2727	2788	0.263	0.263	0.64	1
2221	740	0.263	0.263	0.65	1
1835	4748	0.263	0.263	0.35	1
5902	865	0.263	0.263	0.55	1
3601	1776	0.263	0.263	0.32	1
2277	5794	0.263	0.263	0.53	1
2818	5972	0.262	0.262	0.49	1
1128	100	0.262	0.262	0.26	1
798	813	0.262	0.262	0.64	1
4487	5708	0.262	0.262	0.53	1
1164	4473	0.262	0.262	0.49	1
3605	5708	0.262	0.262	0.27	1
3015	26	0.262	0.262	0.26	1
2906	107	0.262	0.262	0.39	1
5658	5992	0.262	0.262	0.51	1
4914	5418	0.262	0.262	0.60	1
1325	175	0.262	0.262	0.41	1
6153	5976	0.262	0.262	0.64	1
4674	776	0.262	0.262	0.39	1
4538	2134	0.262	0.262	0.54	1
2808	58	0.262	0.262	0.50	1
4784	96	0.262	0.262	0.35	1
4664	5945	0.262	0.262	0.51	1
4271	558	0.262	0.262	0.42	1
3902	2058	0.262	0.262	0.47	1
372	767	0.262	0.262	0.45	1
5903	2815	0.262	0.262	0.50	1
2830	5414	0.262	0.262	0.44	1
4981	3886	0.262	0.262	0.44	1
4831	754	0.262	0.262	0.37	1
5891	448	0.261	0.261	0.50	1
5872	493	0.261	0.261	0.40	1
2076	4908	0.261	0.261	0.59	1
1814	1769	0.261	0.261	0.44	1
6096	5983	0.261	0.261	0.40	1
4689	5918	0.261	0.261	0.28	1
3160	3369	0.261	0.261	0.38	1
2376	6045	0.261	0.261	0.64	1
993	5334	0.261	0.261	0.27	1
4447	708	0.261	0.261	0.34	1
4180	4436	0.261	0.261	0.46	1
3803	2080	0.261	0.261	0.43	1
1765	2245	0.261	0.261	0.49	1
4576	1609	0.261	0.261	0.65	1
2217	3631	0.261	0.261	0.63	1
1463	572	0.261	0.261	0.70	1
5267	272	0.261	0.261	0.53	1
5090	634	0.261	0.261	0.30	1
2341	3088	0.261	0.261	0.47	1
1867	776	0.261	0.261	0.49	1
892	206	0.261	0.261	0.24	1
4577	5509	0.261	0.261	0.25	1
4183	5116	0.261	0.261	0.37	1
2556	3512	0.261	0.261	0.33	1
4377	4966	0.261	0.261	0.72	1
1138	1909	0.261	0.261	0.53	1
5209	441	0.261	0.261	0.53	1
4149	2678	0.261	0.261	0.42	1
3001	61	0.261	0.261	0.33	1
2729	3031	0.261	0.261	0.23	1
1372	3071	0.261	0.261	0.49	1
1314	2839	0.261	0.261	0.41	1
4991	3097	0.261	0.261	0.24	1
4419	40	0.261	0.261	0.40	1
2606	5795	0.261	0.261	0.50	1
1974	2703	0.261	0.261	0.59	1
1575	4746	0.261	0.261	0.33	1
4993	5818	0.260	0.260	0.64	1
1463	5067	0.260	0.260	0.51	1
8	3137	0.260	0.260	0.45	1
4462	810	0.260	0.260	0.36	1
2179	3097	0.260	0.260	0.24	1
1693	2842	0.260	0.260	0.49	1
123	493	0.260	0.260	0.42	1
2099	5829	0.260	0.260	0.33	1
893	4401	0.260	0.260	0.42	1
6045	2319	0.260	0.260	0.55	1
5086	372	0.260	0.260	0.65	1
3860	6176	0.260	0.260	0.29	1
5269	679	0.260	0.260	0.53	1
4742	575	0.260	0.260	0.45	1
2758	2874	0.260	0.260	0.43	1
2747	3414	0.260	0.260	0.44	1
4974	352	0.260	0.260	0.44	1
4079	5457	0.260	0.260	0.36	1
2296	2668	0.260	0.260	0.46	1
1171	2300	0.260	0.260	0.55	1
1118	247	0.260	0.260	0.66	1
3125	2468	0.260	0.260	0.42	1
1903	5414	0.260	0.260	0.71	1
1745	4976	0.260	0.260	0.34	1
1738	3112	0.260	0.260	0.28	1
1524	5205	0.260	0.260	0.72	1
5293	3030	0.260	0.260	0.59	1
2620	5906	0.260	0.260	0.47	1
1978	5561	0.260	0.260	0.32	1
1257	2724	0.260	0.260	0.22	1
559	677	0.260	0.260	0.32	1
5972	3520	0.260	0.260	0.47	1
2763	375	0.260	0.260	0.49	1
998	5192	0.260	0.260	0.38	1
4607	2417	0.260	0.260	0.60	1
1115	1811	0.259	0.259	0.37	1
3562	6004	0.259	0.259	0.52	1
1036	2308	0.259	0.259	0.43	1
26	790	0.259	0.259	0.45	1
4473	4355	0.259	0.259	0.56	1
3570	325	0.259	0.259	0.61	1
4982	6130	0.259	0.259	0.36	1
1213	2372	0.259	0.259	0.30	1
913	3071	0.259	0.259	0.42	1
5463	845	0.259	0.259	0.46	1
2300	5462	0.259	0.259	0.51	1
1948	5386	0.259	0.259	0.38	1
1741	3514	0.259	0.259	0.50	1
3832	1	0.259	0.259	0.36	1
3501	632	0.259	0.259	0.51	1
2839	452	0.259	0.259	0.58	1
1567	4715	0.259	0.259	0.32	1
5548	376	0.259	0.259	0.30	1
4492	9	0.259	0.259	0.50	1
3637	5863	0.259	0.259	0.21	1
3570	1319	0.259	0.259	0.46	1
1783	5289	0.259	0.259	0.62	1
1124	6029	0.259	0.259	0.56	1
4279	3118	0.259	0.259	0.40	1
1624	4337	0.259	0.259	0.43	1
1093	3956	0.259	0.259	0.56	1
5673	365	0.258	0.258	0.42	1
4914	5691	0.258	0.258	0.56	1
3547	2827	0.258	0.258	0.38	1
1858	152	0.258	0.258	0.55	1
1388	2684	0.258	0.258	0.66	1
1053	5889	0.258	0.258	0.43	1
207	777	0.258	0.258	0.50	1
4114	5792	0.258	0.258	0.70	1
3982	1293	0.258	0.258	0.41	1
2207	643	0.258	0.258	0.44	1
1602	1479	0.258	0.258	0.35	1
5858	5603	0.258	0.258	0.60	1
3913	2648	0.258	0.258	0.41	1
2096	2153	0.258	0.258	0.33	1
621	762	0.258	0.258	0.67	1
1776	5828	0.258	0.258	0.28	1
1067	2317	0.258	0.258	0.59	1
452	6171	0.258	0.258	0.51	1
4586	67	0.258	0.258	0.61	1
3718	5187	0.258	0.258	0.27	1
1119	121	0.258	0.258	0.67	1
4985	855	0.258	0.258	0.49	1
4324	2	0.258	0.258	0.44	1
1289	2613	0.258	0.258	0.37	1
5561	22	0.258	0.258	0.22	1
4209	707	0.258	0.258	0.44	1
1965	2352	0.258	0.258	0.32	1
4390	3411	0.258	0.258	0.61	1
3311	64	0.258	0.258	0.30	1
2879	2732	0.258	0.258	0.35	1
1319	5906	0.258	0.258	0.41	1
1283	2658	0.258	0.258	0.35	1
4883	5926	0.258	0.258	0.40	1
4564	5386	0.258	0.258	0.39	1
4417	2058	0.258	0.258	0.57	1
4049	3142	0.258	0.258	0.64	1
5906	1477	0.257	0.257	0.43	1
4845	2930	0.257	0.257	0.54	1
4775	746	0.257	0.257	0.39	1
4480	3205	0.257	0.257	0.49	1
3637	3187	0.257	0.257	0.38	1
3592	5334	0.257	0.257	0.40	1
2898	5427	0.257	0.257	0.21	1
1781	339	0.257	0.257	0.25	1
1252	5296	0.257	0.257	0.48	1
5588	689	0.257	0.257	0.52	1
4476	3010	0.257	0.257	0.54	1
41	784	0.257	0.257	0.49	1
5678	749	0.257	0.257	0.64	1
4627	317	0.257	0.257	0.56	1
2679	3324	0.257	0.257	0.34	1
5463	814	0.257	0.257	0.53	1
1133	3176	0.257	0.257	0.68	1
6020	6137	0.257	0.257	0.50	1
2044	2792	0.257	0.257	0.50	1
5325	3432	0.257	0.257	0.32	1
3913	1913	0.257	0.257	0.36	1
2507	6166	0.257	0.257	0.63	1
2427	824	0.257	0.257	0.43	1
1325	1923	0.257	0.257	0.29	1
5570	4773	0.257	0.257	0.51	1
5567	3414	0.257	0.257	0.53	1
5363	866	0.257	0.257	0.37	1
2434	3281	0.257	0.257	0.43	1
5848	3200	0.257	0.257	0.55	1
3514	30	0.257	0.257	0.43	1
2949	137	0.257	0.257	0.37	1
2158	5108	0.257	0.257	0.32	1
1979	411	0.257	0.257	0.42	1
1813	6098	0.257	0.257	0.40	1
937	1638	0.257	0.257	0.46	1
4988	829	0.257	0.257	0.34	1
3679	5561	0.257	0.257	0.42	1
1835	616	0.257	0.257	0.43	1
1299	5872	0.257	0.257	0.38	1
189	704	0.257	0.257	0.50	1
2422	3407	0.257	0.257	0.67	1
3801	80	0.256	0.256	0.33	1
3762	5419	0.256	0.256	0.52	1
2838	5789	0.256	0.256	0.47	1
2291	3283	0.256	0.256	0.71	1
5286	5213	0.256	0.256	0.54	1
4653	2088	0.256	0.256	0.34	1
3814	4777	0.256	0.256	0.32	1
5655	679	0.256	0.256	0.62	1
4611	5592	0.256	0.256	0.52	1
4611	5244	0.256	0.256	0.36	1
3129	6176	0.256	0.256	0.31	1
6121	568	0.256	0.256	0.57	1
4680	2729	0.256	0.256	0.44	1
3941	5974	0.256	0.256	0.30	1
982	2975	0.256	0.256	0.40	1
917	3906	0.256	0.256	0.25	1
4845	3299	0.256	0.256	0.46	1
4689	5855	0.256	0.256	0.39	1
4092	3440	0.256	0.256	0.41	1
2124	3314	0.256	0.256	0.52	1
1807	2398	0.256	0.256	0.59	1
5386	280	0.256	0.256	0.40	1
5099	41	0.256	0.256	0.44	1
4148	26	0.256	0.256	0.42	1
3602	3971	0.256	0.256	0.66	1
3000	3464	0.256	0.256	0.73	1
450	506	0.256	0.256	0.21	1
4991	1618	0.256	0.256	0.53	1
211	811	0.256	0.256	0.48	1
4065	493	0.256	0.256	0.58	1
1987	139	0.256	0.256	0.72	1
1693	2988	0.256	0.256	0.35	1
1643	2507	0.256	0.256	0.23	1
3023	6165	0.256	0.256	0.58	1
5542	679	0.256	0.256	0.51	1
5225	3290	0.256	0.256	0.54	1
5137	5749	0.256	0.256	0.57	1
4130	4670	0.256	0.256	0.49	1
2532	549	0.256	0.256	0.27	1
5747	3279	0.255	0.255	0.37	1
3762	3133	0.255	0.255	0.48	1
2792	5414	0.255	0.255	0.47	1
5645	5983	0.255	0.255	0.45	1
5136	5873	0.255	0.255	0.31	1
1051	5427	0.255	0.255	0.24	1
930	1718	0.255	0.255	0.36	1
6151	6157	0.255	0.255	0.64	1
4656	2827	0.255	0.255	0.53	1
1716	5187	0.255	0.255	0.33	1
1707	5751	0.255	0.255	0.51	1
434	864	0.255	0.255	0.56	1
164	751	0.255	0.255	0.39	1
4908	41	0.255	0.255	0.65	1
3823	1850	0.255	0.255	0.48	1
3431	365	0.255	0.255	0.52	1
2218	6169	0.255	0.255	0.25	1
4071	610	0.255	0.255	0.58	1
2457	469	0.255	0.255	0.58	1
5623	821	0.255	0.255	0.25	1
2864	5708	0.255	0.255	0.27	1
1103	537	0.255	0.255	0.42	1
2721	41	0.255	0.255	0.42	1
5386	2818	0.255	0.255	0.43	1
4761	2480	0.255	0.255	0.31	1
3071	383	0.255	0.255	0.43	1
5334	3089	0.254	0.254	0.25	1
1447	1930	0.254	0.254	0.56	1
1197	1484	0.254	0.254	0.68	1
4831	2732	0.254	0.254	0.46	1
2301	3266	0.254	0.254	0.41	1
922	2888	0.254	0.254	0.52	1
4775	2721	0.254	0.254	0.48	1
3798	2727	0.254	0.254	0.60	1
5664	3344	0.254	0.254	0.59	1
5399	790	0.254	0.254	0.61	1
3956	2141	0.254	0.254	0.42	1
5983	751	0.254	0.254	0.39	1
4890	3030	0.254	0.254	0.45	1
4310	4992	0.254	0.254	0.58	1
3814	5427	0.254	0.254	0.39	1
3312	747	0.254	0.254	0.52	1
2698	5574	0.254	0.254	0.59	1
1954	2237	0.254	0.254	0.44	1
5462	637	0.254	0.254	0.58	1
5561	3479	0.254	0.254	0.43	1
4744	2443	0.254	0.254	0.49	1
3739	2351	0.254	0.254	0.30	1
1655	4975	0.254	0.254	0.51	1
1321	1273	0.254	0.254	0.54	1
5575	5825	0.254	0.254	0.32	1
5090	5616	0.254	0.254	0.47	1
1700	5287	0.254	0.254	0.54	1
4128	5824	0.254	0.254	0.31	1
2422	6165	0.254	0.254	0.70	1
1404	2509	0.254	0.254	0.50	1
3913	669	0.254	0.254	0.45	1
2443	5884	0.254	0.254	0.56	1
1600	4419	0.254	0.254	0.31	1
1208	4618	0.254	0.254	0.60	1
3666	2839	0.253	0.253	0.33	1
3484	811	0.253	0.253	0.65	1
1304	629	0.253	0.253	0.75	1
157	676	0.253	0.253	0.21	1
4751	4370	0.253	0.253	0.40	1
4376	3378	0.253	0.253	0.62	1
2988	2788	0.253	0.253	0.56	1
1891	221	0.253	0.253	0.24	1
1109	4148	0.253	0.253	0.41	1
1105	3726	0.253	0.253	0.28	1
2	5632	0.253	0.253	0.53	1
4689	2363	0.253	0.253	0.20	1
4149	1596	0.253	0.253	0.61	1
3926	3097	0.253	0.253	0.43	1
2682	239	0.253	0.253	0.36	1
1743	150	0.253	0.253	0.23	1
893	411	0.253	0.253	0.32	1
3532	1791	0.253	0.253	0.49	1
2365	2778	0.253	0.253	0.48	1
1528	4181	0.253	0.253	0.44	1
33	335	0.253	0.253	0.34	1
1735	582	0.253	0.253	0.39	1
1236	409	0.253	0.253	0.52	1
4845	82	0.253	0.253	0.50	1
4170	4577	0.253	0.253	0.30	1
1570	2112	0.253	0.253	0.46	1
4434	655	0.253	0.253	0.55	1
4000	271	0.253	0.253	0.50	1
4330	2569	0.253	0.253	0.38	1
6	436	0.253	0.253	0.49	1
5991	298	0.252	0.252	0.48	1
3292	460	0.252	0.252	0.37	1
2830	117	0.252	0.252	0.58	1
2688	3120	0.252	0.252	0.52	1
2422	3495	0.252	0.252	0.38	1
1625	2094	0.252	0.252	0.42	1
5155	3148	0.252	0.252	0.70	1
4931	383	0.252	0.252	0.44	1
4834	2727	0.252	0.252	0.40	1
918	2607	0.252	0.252	0.48	1
2907	6128	0.252	0.252	0.67	1
2135	866	0.252	0.252	0.38	1
5676	259	0.252	0.252	0.44	1
3929	5186	0.252	0.252	0.39	1
3469	361	0.252	0.252	0.55	1
1803	5990	0.252	0.252	0.59	1
354	616	0.252	0.252	0.49	1
5660	466	0.252	0.252	0.47	1
1850	3249	0.252	0.252	0.42	1
1416	5762	0.252	0.252	0.54	1
911	1579	0.252	0.252	0.38	1
4376	4616	0.252	0.252	0.35	1
3965	527	0.252	0.252	0.43	1
1912	633	0.252	0.252	0.31	1
1540	3124	0.252	0.252	0.50	1
1218	5821	0.252	0.252	0.39	1
967	6157	0.252	0.252	0.46	1
2390	26	0.252	0.252	0.52	1
4440	1510	0.252	0.252	0.36	1
1835	5414	0.252	0.252	0.56	1
4355	817	0.252	0.252	0.52	1
4351	5526	0.252	0.252	0.43	1
1700	1619	0.252	0.252	0.53	1
3956	6124	0.252	0.252	0.35	1
1906	679	0.252	0.252	0.50	1
1595	5709	0.252	0.252	0.46	1
4679	2301	0.251	0.251	0.66	1
4596	75	0.251	0.251	0.63	1
4561	5067	0.251	0.251	0.47	1
4148	155	0.251	0.251	0.55	1
3982	642	0.251	0.251	0.69	1
1856	2197	0.251	0.251	0.26	1
5115	801	0.251	0.251	0.24	1
3906	5990	0.251	0.251	0.27	1
3892	6087	0.251	0.251	0.50	1
3892	2999	0.251	0.251	0.31	1
3811	5337	0.251	0.251	0.46	1
2311	4957	0.251	0.251	0.42	1
2177	187	0.251	0.251	0.52	1
1851	864	0.251	0.251	0.54	1
1496	107	0.251	0.251	0.39	1
1096	2906	0.251	0.251	0.39	1
4627	744	0.251	0.251	0.75	1
4123	1789	0.251	0.251	0.72	1
3910	2637	0.251	0.251	0.48	1
6087	5548	0.251	0.251	0.36	1
5781	137	0.251	0.251	0.55	1
1700	2794	0.251	0.251	0.42	1
1434	4279	0.251	0.251	0.48	1
5141	113	0.251	0.251	0.26	1
3799	2567	0.251	0.251	0.59	1
3231	3112	0.251	0.251	0.39	1
2058	4915	0.251	0.251	0.43	1
1693	3176	0.251	0.251	0.48	1
1192	2988	0.251	0.251	0.44	1
1093	5760	0.251	0.251	0.62	1
1	4351	0.251	0.251	0.42	1
3965	356	0.251	0.251	0.48	1
3535	5868	0.251	0.251	0.57	1
3411	2827	0.251	0.251	0.50	1
4638	1520	0.251	0.251	0.29	1
3417	22	0.251	0.251	0.37	1
2577	2919	0.251	0.251	0.60	1
1457	32	0.251	0.251	0.36	1
1278	4157	0.251	0.251	0.44	1
5978	34	0.251	0.251	0.68	1
5710	5623	0.251	0.251	0.37	1
2112	2727	0.251	0.251	0.60	1
1416	1986	0.251	0.251	0.49	1
4279	2720	0.251	0.251	0.42	1
4072	2747	0.251	0.251	0.40	1
2758	5625	0.251	0.251	0.30	1
1195	5682	0.251	0.251	0.51	1
55	475	0.251	0.251	0.45	1
5852	3495	0.251	0.251	0.38	1
5790	331	0.251	0.251	0.65	1
3875	292	0.251	0.251	0.56	1
5059	96	0.250	0.250	0.33	1
4334	3439	0.250	0.250	0.54	1
3822	3124	0.250	0.250	0.31	1
3148	3324	0.250	0.250	0.57	1
2496	678	0.250	0.250	0.52	1
4135	236	0.250	0.250	0.51	1
3299	5414	0.250	0.250	0.40	1
2024	5332	0.250	0.250	0.52	1
1919	3069	0.250	0.250	0.40	1
4480	866	0.250	0.250	0.44	1
3787	790	0.250	0.250	0.45	1
1047	3814	0.250	0.250	0.34	1
5882	5985	0.250	0.250	0.57	1
5386	5369	0.250	0.250	0.33	1
4089	5819	0.250	0.250	0.24	1
1802	4766	0.250	0.250	0.33	1
1659	2871	0.250	0.250	0.39	1
5538	224	0.250	0.250	0.55	1
5485	73	0.250	0.250	0.45	1
4436	6059	0.250	0.250	0.48	1
3837	4752	0.250	0.250	0.60	1
3731	5334	0.250	0.250	0.27	1
3531	3704	0.250	0.250	0.67	1
1541	2487	0.250	0.250	0.54	1
1379	1944	0.250	0.250	0.53	1
1156	3187	0.250	0.250	0.45	1
925	4877	0.250	0.250	0.42	1
4689	2058	0.250	0.250	0.48	1
4198	2030	0.250	0.250	0.53	1
1415	2827	0.250	0.250	0.43	1
1846	524	0.250	0.250	0.43	1
4597	3200	0.250	0.250	0.47	1
2372	6061	0.250	0.250	0.49	1
2090	1466	0.250	0.250	0.53	1
1808	2999	0.250	0.250	0.29	1
1546	668	0.250	0.250	0.32	1
1351	824	0.250	0.250	0.41	1
1288	3197	0.250	0.250	0.34	1
1139	4583	0.250	0.250	0.31	1
5146	2978	0.249	0.249	0.21	1
4582	3505	0.249	0.249	0.29	1
4330	4052	0.249	0.249	0.68	1
1205	6171	0.249	0.249	0.49	1
1642	4223	0.249	0.249	0.69	1
2319	6138	0.249	0.249	0.47	1
2607	3059	0.249	0.249	0.49	1
1288	1643	0.249	0.249	0.29	1
5222	6029	0.249	0.249	0.66	1
5021	5877	0.249	0.249	0.43	1
2949	3462	0.249	0.249	0.38	1
1466	746	0.249	0.249	0.38	1
2337	5828	0.249	0.249	0.31	1
3801	5217	0.249	0.249	0.54	1
3684	352	0.249	0.249	0.39	1
3626	71	0.249	0.249	0.42	1
2482	5058	0.249	0.249	0.36	1
1284	2372	0.249	0.249	0.68	1
4462	3376	0.249	0.249	0.22	1
4321	5851	0.249	0.249	0.59	1
3798	4908	0.249	0.249	0.62	1
2407	5749	0.249	0.249	0.46	1
4109	2781	0.249	0.249	0.42	1
5286	5480	0.249	0.249	0.29	1
4518	2926	0.249	0.249	0.48	1
4295	72	0.249	0.249	0.62	1
4067	5420	0.249	0.249	0.57	1
3514	6179	0.249	0.249	0.49	1
2420	2666	0.249	0.249	0.34	1
2372	3020	0.249	0.249	0.59	1
1317	436	0.249	0.249	0.38	1
1783	443	0.248	0.248	0.49	1
1479	549	0.248	0.248	0.27	1
5378	5793	0.248	0.248	0.46	1
2919	183	0.248	0.248	0.56	1
1600	3097	0.248	0.248	0.50	1
4899	2747	0.248	0.248	0.42	1
4600	396	0.248	0.248	0.28	1
2945	6033	0.248	0.248	0.54	1
4611	4852	0.248	0.248	0.28	1
1924	5742	0.248	0.248	0.27	1
986	4543	0.248	0.248	0.25	1
4010	1978	0.248	0.248	0.53	1
3814	5245	0.248	0.248	0.51	1
1248	280	0.248	0.248	0.39	1
5922	459	0.248	0.248	0.45	1
3875	2282	0.248	0.248	0.56	1
5830	3324	0.248	0.248	0.56	1
2802	3124	0.248	0.248	0.26	1
1867	2758	0.248	0.248	0.49	1
2125	2675	0.248	0.248	0.25	1
1719	5409	0.248	0.248	0.35	1
4981	2792	0.248	0.248	0.34	1
4541	780	0.248	0.248	0.26	1
3956	6176	0.248	0.248	0.30	1
3148	5495	0.248	0.248	0.57	1
3144	6125	0.248	0.248	0.58	1
365	870	0.248	0.248	0.36	1
3086	3431	0.248	0.248	0.48	1
1205	5983	0.248	0.248	0.47	1
893	2698	0.248	0.248	0.43	1
3913	6028	0.247	0.247	0.36	1
3913	2794	0.247	0.247	0.28	1
2999	5894	0.247	0.247	0.58	1
6016	854	0.247	0.247	0.42	1
5191	2564	0.247	0.247	0.48	1
3735	5080	0.247	0.247	0.68	1
1221	6061	0.247	0.247	0.68	1
2178	3378	0.247	0.247	0.63	1
1342	493	0.247	0.247	0.55	1
1248	5843	0.247	0.247	0.44	1
2740	5906	0.247	0.247	0.41	1
1858	679	0.247	0.247	0.53	1
1146	2870	0.247	0.247	0.64	1
4705	595	0.247	0.247	0.41	1
3616	4170	0.247	0.247	0.59	1
2024	5461	0.247	0.247	0.35	1
5109	2775	0.247	0.247	0.61	1
4798	51	0.247	0.247	0.67	1
4116	2637	0.247	0.247	0.26	1
3728	5620	0.247	0.247	0.57	1
3020	5910	0.247	0.247	0.57	1
2322	3462	0.247	0.247	0.56	1
1541	3373	0.247	0.247	0.22	1
1077	2788	0.247	0.247	0.54	1
1045	34	0.247	0.247	0.73	1
993	2495	0.247	0.247	0.23	1
4198	3057	0.247	0.247	0.42	1
68	117	0.247	0.247	0.35	1
5694	5873	0.247	0.247	0.40	1
5150	244	0.247	0.247	0.56	1
5067	175	0.247	0.247	0.50	1
3494	6027	0.247	0.247	0.44	1
2758	301	0.247	0.247	0.57	1
1462	5948	0.247	0.247	0.38	1
4834	5972	0.246	0.246	0.55	1
3562	1765	0.246	0.246	0.44	1
1541	2717	0.246	0.246	0.21	1
1319	719	0.246	0.246	0.47	1
1106	2337	0.246	0.246	0.32	1
41	259	0.246	0.246	0.54	1
4416	4891	0.246	0.246	0.69	1
2363	5689	0.246	0.246	0.48	1
1282	3097	0.246	0.246	0.47	1
1053	847	0.246	0.246	0.50	1
4777	4487	0.246	0.246	0.54	1
4094	34	0.246	0.246	0.67	1
2058	5070	0.246	0.246	0.51	1
4329	2058	0.246	0.246	0.48	1
2729	3376	0.246	0.246	0.58	1
2235	5831	0.246	0.246	0.40	1
5926	3438	0.246	0.246	0.48	1
3907	698	0.246	0.246	0.48	1
3800	733	0.246	0.246	0.68	1
3790	3715	0.246	0.246	0.70	1
2725	3301	0.246	0.246	0.56	1
1372	751	0.246	0.246	0.31	1
5034	4974	0.246	0.246	0.44	1
4351	4767	0.246	0.246	0.40	1
3592	4545	0.246	0.246	0.43	1
2753	734	0.246	0.246	0.35	1
2481	6176	0.246	0.246	0.27	1
3654	46	0.245	0.245	0.54	1
3544	4611	0.245	0.245	0.36	1
1978	383	0.245	0.245	0.51	1
68	865	0.245	0.245	0.43	1
8	3611	0.245	0.245	0.42	1
3570	1494	0.245	0.245	0.64	1
3449	3084	0.245	0.245	0.41	1
2223	5755	0.245	0.245	0.61	1
5031	3498	0.245	0.245	0.55	1
4705	5365	0.245	0.245	0.43	1
2203	751	0.245	0.245	0.55	1
3685	1219	0.245	0.245	0.36	1
3684	801	0.245	0.245	0.24	1
2902	2906	0.245	0.245	0.51	1
1689	2486	0.245	0.245	0.56	1
1089	5906	0.245	0.245	0.62	1
5656	347	0.245	0.245	0.54	1
1451	5835	0.245	0.245	0.38	1
4312	5869	0.245	0.245	0.29	1
3863	3814	0.245	0.245	0.59	1
2630	3464	0.245	0.245	0.55	1
1683	4700	0.245	0.245	0.52	1
1359	5918	0.245	0.245	0.71	1
5685	591	0.245	0.245	0.75	1
4056	3895	0.245	0.245	0.52	1
3618	5141	0.245	0.245	0.44	1
3502	51	0.245	0.245	0.48	1
1496	153	0.245	0.245	0.54	1
4094	4583	0.245	0.245	0.66	1
1768	1781	0.245	0.245	0.62	1
1700	4928	0.245	0.245	0.48	1
905	122	0.245	0.245	0.37	1
5325	5915	0.245	0.245	0.34	1
2679	68	0.245	0.245	0.38	1
2569	5480	0.245	0.245	0.46	1
1178	1652	0.245	0.245	0.53	1
1976	2966	0.244	0.244	0.61	1
1534	735	0.244	0.244	0.48	1
1372	2839	0.244	0.244	0.25	1
5488	6124	0.244	0.244	0.21	1
4689	4690	0.244	0.244	0.38	1
4330	4981	0.244	0.244	0.36	1
3956	5480	0.244	0.244	0.55	1
3822	2304	0.244	0.244	0.42	1
3589	1911	0.244	0.244	0.42	1
3050	282	0.244	0.244	0.45	1
2335	660	0.244	0.244	0.33	1
2433	5096	0.244	0.244	0.46	1
1789	182	0.244	0.244	0.50	1
4982	5234	0.244	0.244	0.63	1
3978	3378	0.244	0.244	0.78	1
3152	660	0.244	0.244	0.35	1
2563	2837	0.244	0.244	0.35	1
1776	271	0.244	0.244	0.40	1
1599	3358	0.244	0.244	0.52	1
1051	2980	0.244	0.244	0.25	1
4486	2157	0.244	0.244	0.68	1
4434	5025	0.244	0.244	0.42	1
2337	4975	0.244	0.244	0.43	1
1852	4921	0.244	0.244	0.37	1
963	2978	0.244	0.244	0.49	1
5740	3088	0.244	0.244	0.45	1
4999	5848	0.244	0.244	0.50	1
1550	4441	0.244	0.244	0.46	1
1240	5276	0.244	0.244	0.34	1
1178	1923	0.244	0.244	0.42	1
5367	107	0.244	0.244	0.35	1
2570	6124	0.244	0.244	0.30	1
2168	862	0.244	0.244	0.65	1
1361	26	0.244	0.244	0.51	1
5068	4298	0.244	0.244	0.28	1
4417	4863	0.244	0.244	0.53	1
3910	416	0.244	0.244	0.52	1
3722	1794	0.244	0.244	0.52	1
3514	4974	0.244	0.244	0.55	1
1645	6104	0.244	0.244	0.65	1
3158	3324	0.244	0.244	0.47	1
1886	155	0.244	0.244	0.49	1
1808	2272	0.244	0.244	0.32	1
5178	727	0.243	0.243	0.49	1
4069	1595	0.243	0.243	0.36	1
2577	5363	0.243	0.243	0.52	1
3906	1659	0.243	0.243	0.33	1
2592	598	0.243	0.243	0.50	1
1659	4748	0.243	0.243	0.35	1
3514	838	0.243	0.243	0.41	1
2443	850	0.243	0.243	0.53	1
3015	246	0.243	0.243	0.28	1
2336	5260	0.243	0.243	0.62	1
1380	2363	0.243	0.243	0.27	1
947	3514	0.243	0.243	0.33	1
5419	5205	0.243	0.243	0.45	1
3685	790	0.243	0.243	0.51	1
3299	3152	0.243	0.243	0.49	1
2543	5231	0.243	0.243	0.59	1
4147	3160	0.243	0.243	0.52	1
3813	2694	0.243	0.243	0.52	1
2978	405	0.243	0.243	0.31	1
6063	864	0.243	0.243	0.43	1
1979	2765	0.243	0.243	0.52	1
1237	1843	0.243	0.243	0.50	1
943	3101	0.243	0.243	0.65	1
4609	2743	0.242	0.242	0.33	1
1208	1858	0.242	0.242	0.23	1
5034	2335	0.242	0.242	0.36	1
4262	233	0.242	0.242	0.25	1
4010	6136	0.242	0.242	0.56	1
4010	624	0.242	0.242	0.49	1
2661	251	0.242	0.242	0.35	1
911	2802	0.242	0.242	0.40	1
5111	2448	0.242	0.242	0.31	1
1274	293	0.242	0.242	0.61	1
3921	1728	0.242	0.242	0.41	1
3908	71	0.242	0.242	0.41	1
3568	2167	0.242	0.242	0.71	1
1293	1575	0.242	0.242	0.43	1
3292	225	0.242	0.242	0.57	1
2926	4412	0.242	0.242	0.42	1
2081	5670	0.242	0.242	0.50	1
1849	236	0.242	0.242	0.44	1
1795	4441	0.242	0.242	0.40	1
938	871	0.242	0.242	0.68	1
5718	3112	0.242	0.242	0.36	1
1930	697	0.242	0.242	0.59	1
6125	751	0.242	0.242	0.42	1
5974	5822	0.242	0.242	0.42	1
1143	3915	0.242	0.242	0.60	1
1126	5103	0.242	0.242	0.33	1
5162	494	0.242	0.242	0.36	1
4350	1924	0.242	0.242	0.55	1
3097	735	0.242	0.242	0.50	1
5116	4664	0.242	0.242	0.29	1
5003	3526	0.242	0.242	0.29	1
1653	1658	0.242	0.242	0.39	1
1556	2301	0.242	0.242	0.56	1
5506	552	0.241	0.241	0.56	1
2569	5830	0.241	0.241	0.56	1
2187	5334	0.241	0.241	0.43	1
6111	5997	0.241	0.241	0.65	1
4361	1906	0.241	0.241	0.35	1
3722	560	0.241	0.241	0.52	1
5968	767	0.241	0.241	0.40	1
5098	3133	0.241	0.241	0.41	1
4518	4731	0.241	0.241	0.47	1
4057	854	0.241	0.241	0.66	1
3550	4401	0.241	0.241	0.27	1
1552	3472	0.241	0.241	0.40	1
5111	824	0.241	0.241	0.45	1
4852	5627	0.241	0.241	0.24	1
4206	503	0.241	0.241	0.42	1
3941	2081	0.241	0.241	0.41	1
3875	6180	0.241	0.241	0.54	1
3814	2129	0.241	0.241	0.47	1
2033	6009	0.241	0.241	0.51	1
1948	2358	0.241	0.241	0.41	1
4145	2898	0.241	0.241	0.21	1
2987	2319	0.241	0.241	0.46	1
1357	2752	0.241	0.241	0.48	1
967	1834	0.241	0.241	0.46	1
5989	280	0.241	0.241	0.30	1
3739	3431	0.241	0.241	0.60	1
1075	2833	0.241	0.241	0.61	1
4172	5488	0.241	0.241	0.26	1
4045	5889	0.241	0.241	0.33	1
3030	1489	0.241	0.241	0.39	1
1892	5789	0.241	0.241	0.43	1
3593	2906	0.241	0.241	0.47	1
2721	3348	0.241	0.241	0.41	1
2058	5673	0.241	0.241	0.42	1
4826	3048	0.240	0.240	0.28	1
2508	5366	0.240	0.240	0.37	1
2058	562	0.240	0.240	0.50	1
2011	4376	0.240	0.240	0.32	1
3726	3446	0.240	0.240	0.31	1
3698	4365	0.240	0.240	0.49	1
1716	3407	0.240	0.240	0.58	1
1615	1643	0.240	0.240	0.36	1
4365	1532	0.240	0.240	0.55	1
4170	4442	0.240	0.240	0.50	1
1800	1895	0.240	0.240	0.43	1
1624	75	0.240	0.240	0.42	1
2683	5789	0.240	0.240	0.52	1
2319	377	0.240	0.240	0.33	1
2167	3009	0.240	0.240	0.68	1
1328	4597	0.240	0.240	0.52	1
5069	704	0.240	0.240	0.43	1
3858	4836	0.240	0.240	0.29	1
1361	5069	0.240	0.240	0.40	1
2762	383	0.240	0.240	0.40	1
2454	455	0.240	0.240	0.53	1
1390	1846	0.240	0.240	0.29	1
4985	6094	0.240	0.240	0.44	1
2969	2842	0.240	0.240	0.36	1
2338	3079	0.240	0.240	0.30	1
1752	4295	0.239	0.239	0.54	1
3898	836	0.239	0.239	0.58	1
2747	3415	0.239	0.239	0.45	1
2454	5951	0.239	0.239	0.53	1
1293	4810	0.239	0.239	0.49	1
958	1119	0.239	0.239	0.64	1
3889	4541	0.239	0.239	0.45	1
2569	601	0.239	0.239	0.55	1
3684	477	0.239	0.239	0.59	1
1534	1623	0.239	0.239	0.36	1
5878	708	0.239	0.239	0.56	1
5091	3380	0.239	0.239	0.40	1
3118	5366	0.239	0.239	0.38	1
1700	4613	0.239	0.239	0.54	1
1379	4307	0.239	0.239	0.58	1
1357	511	0.239	0.239	0.49	1
4450	4914	0.239	0.239	0.43	1
5245	5992	0.239	0.239	0.64	1
4948	5828	0.239	0.239	0.50	1
4616	633	0.239	0.239	0.39	1
1063	4134	0.239	0.239	0.48	1
4334	5084	0.239	0.239	0.46	1
1362	1925	0.239	0.239	0.35	1
4417	2301	0.239	0.239	0.34	1
4243	3172	0.239	0.239	0.44	1
3284	41	0.239	0.239	0.62	1
2578	3342	0.239	0.239	0.48	1
3679	814	0.238	0.238	0.55	1
1623	641	0.238	0.238	0.38	1
3562	6096	0.238	0.238	0.23	1
3553	4985	0.238	0.238	0.56	1
5373	3024	0.238	0.238	0.49	1
4975	3375	0.238	0.238	0.57	1
4689	5819	0.238	0.238	0.27	1
1842	2791	0.238	0.238	0.65	1
1591	3216	0.238	0.238	0.35	1
890	2301	0.238	0.238	0.42	1
4993	2287	0.238	0.238	0.55	1
4778	5985	0.238	0.238	0.51	1
4350	5902	0.238	0.238	0.48	1
5660	5620	0.238	0.238	0.41	1
5231	5440	0.238	0.238	0.54	1
3965	751	0.238	0.238	0.50	1
4168	6102	0.238	0.238	0.33	1
4145	4487	0.238	0.238	0.55	1
5337	3117	0.238	0.238	0.24	1
3997	3968	0.238	0.238	0.43	1
2988	5581	0.238	0.238	0.43	1
2570	5906	0.238	0.238	0.47	1
6033	794	0.238	0.238	0.25	1
1891	751	0.238	0.238	0.22	1
1872	851	0.238	0.238	0.35	1
1867	806	0.238	0.238	0.49	1
340	768	0.238	0.238	0.49	1
5118	164	0.237	0.237	0.64	1
4837	4974	0.237	0.237	0.38	1
4264	679	0.237	0.237	0.56	1
4148	3514	0.237	0.237	0.55	1
3273	572	0.237	0.237	0.36	1
221	305	0.237	0.237	0.28	1
5192	5480	0.237	0.237	0.57	1
4151	2197	0.237	0.237	0.42	1
4117	4596	0.237	0.237	0.55	1
1803	4278	0.237	0.237	0.53	1
1447	80	0.237	0.237	0.48	1
1098	4579	0.237	0.237	0.45	1
4564	2401	0.237	0.237	0.48	1
4079	2616	0.237	0.237	0.34	1
6014	3031	0.237	0.237	0.59	1
4628	2994	0.237	0.237	0.46	1
3530	4436	0.237	0.237	0.41	1
15	2967	0.237	0.237	0.57	1
5567	2988	0.237	0.237	0.21	1
5548	3262	0.237	0.237	0.47	1
2355	175	0.237	0.237	0.49	1
3847	1837	0.237	0.237	0.37	1
1103	2065	0.237	0.237	0.44	1
4837	71	0.237	0.237	0.45	1
4708	365	0.237	0.237	0.40	1
4564	487	0.237	0.237	0.49	1
1971	2587	0.237	0.237	0.54	1
1051	5245	0.237	0.237	0.41	1
3941	4853	0.237	0.237	0.38	1
3913	623	0.237	0.237	0.35	1
2038	3056	0.237	0.237	0.42	1
2002	327	0.237	0.237	0.57	1
1144	4514	0.237	0.237	0.32	1
5289	5795	0.237	0.237	0.45	1
1776	298	0.237	0.237	0.49	1
1148	4834	0.237	0.237	0.43	1
1089	33	0.237	0.237	0.36	1
3970	6094	0.236	0.236	0.44	1
1119	4390	0.236	0.236	0.61	1
2443	2578	0.236	0.236	0.46	1
6130	301	0.236	0.236	0.49	1
5434	2855	0.236	0.236	0.34	1
4506	2141	0.236	0.236	0.47	1
4355	5411	0.236	0.236	0.49	1
4268	2328	0.236	0.236	0.58	1
2417	2428	0.236	0.236	0.39	1
1864	4252	0.236	0.236	0.51	1
1752	5383	0.236	0.236	0.69	1
6087	2949	0.236	0.236	0.34	1
2363	5448	0.236	0.236	0.23	1
1965	2441	0.236	0.236	0.43	1
1305	2758	0.236	0.236	0.41	1
1073	792	0.236	0.236	0.48	1
866	868	0.236	0.236	0.39	1
4355	5430	0.236	0.236	0.57	1
3863	1935	0.236	0.236	0.52	1
3575	502	0.236	0.236	0.43	1
2347	3071	0.236	0.236	0.51	1
1976	312	0.236	0.236	0.56	1
2805	2849	0.236	0.236	0.36	1
6094	5944	0.236	0.236	0.65	1
2123	5971	0.236	0.236	0.61	1
1554	3095	0.236	0.236	0.51	1
1325	1361	0.236	0.236	0.39	1
1144	1465	0.236	0.236	0.59	1
1128	5922	0.236	0.236	0.27	1
2111	6166	0.235	0.235	0.44	1
1479	719	0.235	0.235	0.55	1
1383	277	0.235	0.235	0.56	1
1067	1277	0.235	0.235	0.42	1
4777	2629	0.235	0.235	0.35	1
3692	4776	0.235	0.235	0.52	1
2322	3071	0.235	0.235	0.47	1
1534	5561	0.235	0.235	0.44	1
1407	1948	0.235	0.235	0.41	1
1076	1359	0.235	0.235	0.60	1
6086	40	0.235	0.235	0.41	1
3130	6136	0.235	0.235	0.27	1
5414	6060	0.235	0.235	0.40	1
4069	2808	0.235	0.235	0.56	1
3108	1588	0.235	0.235	0.45	1
1064	4116	0.235	0.235	0.64	1
5523	5462	0.235	0.235	0.48	1
5337	5771	0.235	0.235	0.37	1
4418	5422	0.235	0.235	0.74	1
3787	824	0.235	0.235	0.42	1
3732	4449	0.235	0.235	0.33	1
1379	5693	0.235	0.235	0.38	1
2842	3124	0.235	0.235	0.18	1
2296	4635	0.235	0.235	0.63	1
5191	5334	0.235	0.235	0.64	1
4416	711	0.235	0.235	0.67	1
4083	2918	0.235	0.235	0.30	1
3023	3061	0.235	0.235	0.45	1
2322	6059	0.235	0.235	0.41	1
1900	2091	0.235	0.235	0.37	1
3978	4756	0.235	0.235	0.47	1
3514	2335	0.235	0.235	0.43	1
1513	3501	0.235	0.235	0.52	1
2680	5096	0.235	0.235	0.47	1
1242	2788	0.235	0.235	0.58	1
3718	5854	0.234	0.234	0.33	1
3407	339	0.234	0.234	0.63	1
2304	363	0.234	0.234	0.67	1
1306	4773	0.234	0.234	0.37	1
4281	5488	0.234	0.234	0.52	1
3799	3291	0.234	0.234	0.48	1
3558	4412	0.234	0.234	0.62	1
1221	2443	0.234	0.234	0.58	1
3799	1439	0.234	0.234	0.61	1
2872	90	0.234	0.234	0.38	1
2120	277	0.234	0.234	0.52	1
3732	2259	0.234	0.234	0.43	1
5131	5548	0.234	0.234	0.43	1
1270	3299	0.234	0.234	0.55	1
1094	1116	0.234	0.234	0.54	1
24	417	0.234	0.234	0.60	1
4586	772	0.234	0.234	0.45	1
4166	2483	0.234	0.234	0.27	1
5765	2602	0.234	0.234	0.23	1
5287	6034	0.234	0.234	0.68	1
4481	4252	0.234	0.234	0.55	1
3241	814	0.234	0.234	0.56	1
2957	5119	0.234	0.234	0.30	1
2532	845	0.234	0.234	0.42	1
1978	267	0.234	0.234	0.50	1
1180	4252	0.234	0.234	0.44	1
4891	711	0.234	0.234	0.67	1
4015	1371	0.234	0.234	0.28	1
4006	175	0.234	0.234	0.26	1
3715	4793	0.234	0.234	0.60	1
2996	367	0.234	0.234	0.45	1
4628	637	0.234	0.234	0.61	1
2758	5620	0.234	0.234	0.41	1
2422	5106	0.234	0.234	0.31	1
1415	2480	0.234	0.234	0.48	1
969	1738	0.234	0.234	0.50	1
6087	405	0.233	0.233	0.33	1
4259	4337	0.233	0.233	0.47	1
3071	690	0.233	0.233	0.45	1
3031	5708	0.233	0.233	0.33	1
2087	477	0.233	0.233	0.70	1
1602	724	0.233	0.233	0.34	1
4883	6000	0.233	0.233	0.43	1
2988	5742	0.233	0.233	0.42	1
4689	6061	0.233	0.233	0.50	1
3050	3486	0.233	0.233	0.34	1
1432	4787	0.233	0.233	0.56	1
5295	81	0.233	0.233	0.45	1
5187	2404	0.233	0.233	0.51	1
1856	2765	0.233	0.233	0.30	1
4361	1611	0.233	0.233	0.25	1
1197	296	0.233	0.233	0.48	1
1130	3526	0.233	0.233	0.55	1
5561	3216	0.233	0.233	0.40	1
4006	709	0.233	0.233	0.45	1
3548	1944	0.233	0.233	0.52	1
2507	5260	0.233	0.233	0.64	1
2141	356	0.233	0.233	0.43	1
1662	1946	0.233	0.233	0.38	1
1552	643	0.233	0.233	0.25	1
4350	1479	0.233	0.233	0.50	1
3075	3112	0.233	0.233	0.40	1
3046	5828	0.233	0.233	0.50	1
2347	5992	0.233	0.233	0.56	1
5136	2654	0.233	0.233	0.39	1
4489	573	0.233	0.233	0.46	1
4116	4450	0.233	0.233	0.44	1
4067	1735	0.233	0.233	0.40	1
3550	3978	0.233	0.233	0.25	1
1203	4446	0.233	0.233	0.60	1
972	650	0.233	0.233	0.37	1
5100	5115	0.233	0.233	0.24	1
4775	353	0.233	0.233	0.51	1
4166	5151	0.233	0.233	0.36	1
3036	75	0.233	0.233	0.59	1
2179	4773	0.233	0.233	0.28	1
572	722	0.233	0.233	0.41	1
4634	2712	0.232	0.232	0.43	1
3793	2099	0.232	0.232	0.33	1
2630	356	0.232	0.232	0.48	1
2480	5649	0.232	0.232	0.53	1
1551	57	0.232	0.232	0.57	1
4171	4319	0.232	0.232	0.24	1
3772	3193	0.232	0.232	0.45	1
5800	2788	0.232	0.232	0.54	1
5071	365	0.232	0.232	0.32	1
3148	3284	0.232	0.232	0.62	1
1044	751	0.232	0.232	0.41	1
383	679	0.232	0.232	0.50	1
5983	5909	0.232	0.232	0.48	1
5419	3376	0.232	0.232	0.55	1
5290	458	0.232	0.232	0.28	1
1372	256	0.232	0.232	0.30	1
987	609	0.232	0.232	0.35	1
911	3378	0.232	0.232	0.34	1
5386	436	0.232	0.232	0.53	1
3634	3217	0.232	0.232	0.53	1
3193	709	0.232	0.232	0.50	1
4180	2158	0.232	0.232	0.46	1
3716	5885	0.232	0.232	0.61	1
3686	1194	0.232	0.232	0.32	1
1965	789	0.232	0.232	0.38	1
5532	3462	0.232	0.232	0.70	1
3562	3917	0.232	0.232	0.45	1
3069	762	0.232	0.232	0.55	1
967	4365	0.232	0.232	0.47	1
3191	409	0.232	0.232	0.41	1
3144	751	0.232	0.232	0.50	1
3107	2955	0.232	0.232	0.70	1
2365	320	0.232	0.232	0.44	1
911	1924	0.232	0.232	0.72	1
4115	5132	0.231	0.231	0.48	1
2864	5985	0.231	0.231	0.63	1
1078	1576	0.231	0.231	0.44	1
1051	5968	0.231	0.231	0.33	1
987	3384	0.231	0.231	0.32	1
728	758	0.231	0.231	0.46	1
5609	3299	0.231	0.231	0.51	1
4792	2847	0.231	0.231	0.38	1
1319	26	0.231	0.231	0.32	1
1192	1372	0.231	0.231	0.49	1
1096	2154	0.231	0.231	0.37	1
5571	285	0.231	0.231	0.66	1
4314	3049	0.231	0.231	0.26	1
1778	2599	0.231	0.231	0.48	1
3849	4819	0.231	0.231	0.36	1
2839	3290	0.231	0.231	0.51	1
1242	3129	0.231	0.231	0.41	1
4505	781	0.231	0.231	0.31	1
2532	3137	0.231	0.231	0.59	1
1778	2306	0.231	0.231	0.55	1
1042	4083	0.231	0.231	0.55	1
4680	3292	0.231	0.231	0.56	1
4510	864	0.231	0.231	0.36	1
1534	5205	0.231	0.231	0.65	1
5687	5781	0.231	0.231	0.48	1
3666	3148	0.231	0.231	0.54	1
3061	80	0.231	0.231	0.47	1
1850	5245	0.231	0.231	0.23	1
1650	4855	0.231	0.231	0.46	1
1423	1954	0.231	0.231	0.32	1
4787	279	0.231	0.231	0.52	1
3860	5363	0.231	0.231	0.48	1
3686	629	0.231	0.231	0.69	1
1154	5280	0.231	0.231	0.41	1
6089	80	0.231	0.231	0.52	1
5215	2726	0.231	0.231	0.48	1
3562	5603	0.231	0.231	0.51	1
1750	4590	0.231	0.231	0.66	1
3059	164	0.231	0.231	0.41	1
1939	726	0.231	0.231	0.48	1
1708	2849	0.231	0.231	0.46	1
1223	2281	0.231	0.231	0.28	1
4989	5301	0.230	0.230	0.41	1
4745	2827	0.230	0.230	0.52	1
4480	4441	0.230	0.230	0.41	1
1572	5228	0.230	0.230	0.34	1
3148	5985	0.230	0.230	0.52	1
1881	2321	0.230	0.230	0.54	1
1278	3424	0.230	0.230	0.43	1
1053	3358	0.230	0.230	0.42	1
5151	591	0.230	0.230	0.48	1
1506	1715	0.230	0.230	0.51	1
1289	4996	0.230	0.230	0.35	1
1201	4993	0.230	0.230	0.59	1
5992	1551	0.230	0.230	0.64	1
3629	5334	0.230	0.230	0.55	1
3595	3765	0.230	0.230	0.46	1
2788	6125	0.230	0.230	0.55	1
4699	3380	0.230	0.230	0.24	1
3763	5781	0.230	0.230	0.47	1
5906	601	0.230	0.230	0.52	1
1643	9	0.230	0.230	0.38	1
8	6066	0.230	0.230	0.19	1
1799	855	0.230	0.230	0.41	1
1171	5248	0.230	0.230	0.49	1
1811	2778	0.230	0.230	0.36	1
1146	3799	0.230	0.230	0.61	1
2371	3309	0.229	0.229	0.67	1
1624	2218	0.229	0.229	0.42	1
2394	3459	0.229	0.229	0.52	1
1855	2864	0.229	0.229	0.66	1
3290	24	0.229	0.229	0.49	1
2838	708	0.229	0.229	0.29	1
4571	5054	0.229	0.229	0.56	1
4361	1520	0.229	0.229	0.19	1
3982	305	0.229	0.229	0.48	1
3889	2720	0.229	0.229	0.39	1
2141	4855	0.229	0.229	0.43	1
4617	812	0.229	0.229	0.47	1
3570	436	0.229	0.229	0.59	1
506	691	0.229	0.229	0.38	1
182	506	0.229	0.229	0.42	1
6063	80	0.229	0.229	0.47	1
4658	568	0.229	0.229	0.26	1
4128	4680	0.229	0.229	0.54	1
1915	621	0.229	0.229	0.34	1
1388	2016	0.229	0.229	0.67	1
4912	339	0.229	0.229	0.19	1
4541	1496	0.229	0.229	0.42	1
2712	354	0.229	0.229	0.64	1
2453	2532	0.229	0.229	0.67	1
4541	1891	0.229	0.229	0.25	1
1707	3245	0.229	0.229	0.51	1
5603	3256	0.229	0.229	0.47	1
5391	280	0.229	0.229	0.33	1
949	1017	0.229	0.229	0.44	1
3813	1156	0.229	0.229	0.26	1
922	4773	0.229	0.229	0.38	1
3935	4452	0.228	0.228	0.66	1
3331	747	0.228	0.228	0.33	1
1416	340	0.228	0.228	0.57	1
5192	3324	0.228	0.228	0.34	1
3798	175	0.228	0.228	0.45	1
2723	2441	0.228	0.228	0.35	1
4695	3160	0.228	0.228	0.27	1
4481	4661	0.228	0.228	0.32	1
4462	1976	0.228	0.228	0.36	1
4223	5058	0.228	0.228	0.37	1
3562	6157	0.228	0.228	0.45	1
2454	2681	0.228	0.228	0.54	1
5269	5809	0.228	0.228	0.43	1
5136	164	0.228	0.228	0.36	1
2469	811	0.228	0.228	0.41	1
2454	4957	0.228	0.228	0.73	1
455	722	0.228	0.228	0.40	1
5259	5677	0.228	0.228	0.48	1
3762	3141	0.228	0.228	0.51	1
4334	2731	0.228	0.228	0.52	1
2653	3393	0.228	0.228	0.34	1
2158	5752	0.228	0.228	0.44	1
1319	1978	0.228	0.228	0.42	1
5173	5819	0.228	0.228	0.27	1
3814	5452	0.228	0.228	0.36	1
2335	862	0.228	0.228	0.47	1
3956	4773	0.228	0.228	0.37	1
3152	356	0.228	0.228	0.23	1
2058	697	0.228	0.228	0.48	1
1706	3192	0.228	0.228	0.54	1
5378	641	0.228	0.228	0.43	1
2072	157	0.228	0.228	0.52	1
1118	2162	0.228	0.228	0.57	1
1049	2178	0.228	0.228	0.43	1
3815	4541	0.227	0.227	0.43	1
80	416	0.227	0.227	0.47	1
1925	4651	0.227	0.227	0.51	1
5354	3193	0.227	0.227	0.56	1
2347	276	0.227	0.227	0.34	1
2301	5385	0.227	0.227	0.47	1
1977	5719	0.227	0.227	0.54	1
1276	71	0.227	0.227	0.57	1
2668	3342	0.227	0.227	0.45	1
340	6183	0.227	0.227	0.57	1
3116	566	0.227	0.227	0.30	1
907	3292	0.227	0.227	0.41	1
5872	6176	0.227	0.227	0.19	1
3037	152	0.227	0.227	0.57	1
4807	2145	0.227	0.227	0.42	1
4447	4075	0.227	0.227	0.33	1
4061	5700	0.227	0.227	0.60	1
3688	26	0.227	0.227	0.52	1
1891	2405	0.227	0.227	0.57	1
1351	3223	0.227	0.227	0.29	1
6153	166	0.227	0.227	0.41	1
3934	2590	0.227	0.227	0.63	1
4827	3271	0.227	0.227	0.63	1
3906	4777	0.227	0.227	0.36	1
2259	767	0.227	0.227	0.45	1
1787	3296	0.227	0.227	0.46	1
1541	2552	0.227	0.227	0.22	1
4441	641	0.227	0.227	0.36	1
3206	3365	0.227	0.227	0.46	1
2798	710	0.227	0.227	0.65	1
1738	86	0.227	0.227	0.39	1
5048	708	0.226	0.226	0.55	1
4775	383	0.226	0.226	0.33	1
4485	6130	0.226	0.226	0.40	1
1388	3009	0.226	0.226	0.68	1
4596	2802	0.226	0.226	0.40	1
3991	2526	0.226	0.226	0.54	1
3791	865	0.226	0.226	0.41	1
2260	2523	0.226	0.226	0.68	1
4010	3438	0.226	0.226	0.49	1
3941	3263	0.226	0.226	0.58	1
3514	356	0.226	0.226	0.42	1
1802	5803	0.226	0.226	0.51	1
940	1049	0.226	0.226	0.36	1
4833	262	0.226	0.226	0.38	1
4114	1928	0.226	0.226	0.60	1
1496	6161	0.226	0.226	0.65	1
1184	2215	0.226	0.226	0.53	1
1003	4662	0.226	0.226	0.43	1
4991	236	0.226	0.226	0.41	1
3531	711	0.226	0.226	0.64	1
968	2347	0.226	0.226	0.35	1
3715	5843	0.226	0.226	0.62	1
2892	5752	0.226	0.226	0.40	1
889	4064	0.226	0.226	0.37	1
4014	2194	0.226	0.226	0.61	1
2710	2864	0.226	0.226	0.68	1
4554	6087	0.226	0.226	0.47	1
4458	2693	0.226	0.226	0.60	1
2480	3501	0.226	0.226	0.49	1
1691	2836	0.226	0.226	0.46	1
1139	34	0.226	0.226	0.27	1
6045	446	0.226	0.226	0.44	1
5730	3000	0.226	0.226	0.52	1
4006	3459	0.226	0.226	0.41	1
2512	5480	0.226	0.226	0.28	1
1205	2818	0.226	0.226	0.66	1
1124	243	0.226	0.226	0.45	1
5248	5462	0.226	0.226	0.48	1
4666	4784	0.226	0.226	0.30	1
1720	5770	0.226	0.226	0.39	1
5462	5387	0.225	0.225	0.48	1
2168	5205	0.225	0.225	0.73	1
1819	4877	0.225	0.225	0.34	1
1743	415	0.225	0.225	0.37	1
914	5828	0.225	0.225	0.46	1
4868	5116	0.225	0.225	0.38	1
3927	150	0.225	0.225	0.25	1
2235	406	0.225	0.225	0.49	1
2693	5440	0.225	0.225	0.55	1
1892	2347	0.225	0.225	0.45	1
1721	643	0.225	0.225	0.36	1
1053	2708	0.225	0.225	0.46	1
942	3145	0.225	0.225	0.37	1
4981	6176	0.225	0.225	0.24	1
4067	2719	0.225	0.225	0.49	1
1624	5567	0.225	0.225	0.41	1
1144	3292	0.225	0.225	0.31	1
4775	138	0.225	0.225	0.58	1
4716	305	0.225	0.225	0.39	1
2194	6165	0.225	0.225	0.65	1
1596	5990	0.225	0.225	0.66	1
1463	3392	0.225	0.225	0.66	1
1118	2041	0.225	0.225	0.54	1
4219	5286	0.225	0.225	0.48	1
2355	6136	0.225	0.225	0.63	1
1056	2480	0.225	0.225	0.18	1
5363	5542	0.225	0.225	0.33	1
921	1421	0.225	0.225	0.40	1
4109	423	0.225	0.225	0.31	1
3913	3030	0.225	0.225	0.51	1
2552	535	0.225	0.225	0.66	1
1388	3484	0.225	0.225	0.55	1
4398	4905	0.225	0.225	0.50	1
1382	643	0.225	0.225	0.48	1
1275	2026	0.225	0.225	0.38	1
1242	3130	0.225	0.225	0.64	1
1191	3059	0.225	0.225	0.34	1
5857	183	0.225	0.225	0.51	1
1278	4712	0.225	0.225	0.43	1
5419	2781	0.224	0.224	0.48	1
5150	6014	0.224	0.224	0.66	1
4981	5906	0.224	0.224	0.31	1
4672	6007	0.224	0.224	0.47	1
3422	628	0.224	0.224	0.57	1
6007	6034	0.224	0.224	0.57	1
5386	2758	0.224	0.224	0.39	1
4590	2178	0.224	0.224	0.34	1
4576	4635	0.224	0.224	0.55	1
3941	4745	0.224	0.224	0.25	1
1976	4614	0.224	0.224	0.64	1
1218	3380	0.224	0.224	0.36	1
920	1116	0.224	0.224	0.53	1
3414	3375	0.224	0.224	0.48	1
1884	73	0.224	0.224	0.65	1
1757	354	0.224	0.224	0.46	1
3797	678	0.224	0.224	0.49	1
1494	4855	0.224	0.224	0.38	1
4985	3086	0.224	0.224	0.45	1
1603	5126	0.224	0.224	0.41	1
1240	5777	0.224	0.224	0.38	1
911	5609	0.224	0.224	0.53	1
5337	2949	0.224	0.224	0.36	1
3815	3144	0.224	0.224	0.47	1
1096	5457	0.224	0.224	0.37	1
1051	4548	0.224	0.224	0.38	1
979	3361	0.224	0.224	0.58	1
5114	3007	0.224	0.224	0.48	1
4269	2999	0.224	0.224	0.59	1
3897	2864	0.224	0.224	0.30	1
1003	4441	0.224	0.224	0.23	1
932	1346	0.224	0.224	0.38	1
5126	224	0.224	0.224	0.36	1
4974	689	0.224	0.224	0.63	1
4863	5831	0.224	0.224	0.54	1
3910	434	0.224	0.224	0.50	1
2160	5840	0.224	0.224	0.56	1
5857	41	0.224	0.224	0.56	1
4996	3431	0.224	0.224	0.53	1
3143	340	0.224	0.224	0.32	1
3137	436	0.223	0.223	0.58	1
2637	1466	0.223	0.223	0.28	1
721	812	0.223	0.223	0.56	1
5369	679	0.223	0.223	0.37	1
3216	41	0.223	0.223	0.40	1
2151	5193	0.223	0.223	0.38	1
4334	5539	0.223	0.223	0.48	1
2221	4954	0.223	0.223	0.22	1
4450	2658	0.223	0.223	0.41	1
3762	4928	0.223	0.223	0.50	1
2097	708	0.223	0.223	0.29	1
2024	3082	0.223	0.223	0.30	1
4974	631	0.223	0.223	0.64	1
4119	4187	0.223	0.223	0.48	1
2569	2874	0.223	0.223	0.38	1
2065	5678	0.223	0.223	0.55	1
5996	3489	0.223	0.223	0.38	1
5903	2890	0.223	0.223	0.46	1
4914	277	0.223	0.223	0.27	1
4777	844	0.223	0.223	0.31	1
1510	3292	0.223	0.223	0.46	1
5462	642	0.223	0.223	0.41	1
4496	2252	0.223	0.223	0.29	1
3723	2913	0.223	0.223	0.24	1
2589	2857	0.223	0.223	0.47	1
2289	2578	0.223	0.223	0.66	1
2393	864	0.223	0.223	0.46	1
145	879	0.223	0.223	0.49	1
1278	1380	0.223	0.223	0.41	1
905	2717	0.223	0.223	0.48	1
5419	2747	0.223	0.223	0.40	1
4518	2808	0.223	0.223	0.53	1
4355	5485	0.223	0.223	0.39	1
2941	690	0.223	0.223	0.42	1
