a	b	entity	tar	cif_off	cif_len	pae_off	pae_len
3000	16075	AF-0000000210607080	shard_1466_batch_0.tar	12501504	66274	301904384	294105
3002	3082	AF-0000000204586043	shard_1512_batch_2.tar	25656832	81590	122569728	433417
3002	6418	AF-0000000204586047	shard_1653_batch_0.tar	95422976	123675	308829184	1001492
3002	8598	AF-0000000210607236	shard_1625_batch_0.tar	45498880	111837	273504768	831163
3002	10175	AF-0000000210607244	shard_1729_batch_0.tar	41635328	143028	693697536	1372659
3002	10816	AF-0000000210607247	shard_1529_batch_0.tar	63001600	88107	442521088	492590
3002	11372	AF-0000000204585992	shard_1623_batch_0.tar	30086144	110509	691011072	824936
3002	12638	AF-0000000210607259	shard_1657_batch_0.tar	99466240	121071	734802944	1032495
3002	13332	AF-0000000204585976	shard_1799_batch_0.tar	70876160	170091	1599856128	1901469
3002	14603	AF-0000000210607277	shard_1789_batch_0.tar	102128128	161502	1811675136	1816092
3003	3506	AF-0000000210607313	shard_1328_batch_2.tar	74913280	335800	3251675648	8257253
3003	3620	AF-0000000210607317	shard_1336_batch_1.tar	226501632	432069	5075839488	13013052
3003	5819	AF-0000000210607378	shard_1320_batch_1.tar	122616320	312629	3771408896	6972842
3003	6182	AF-0000000210607386	shard_1336_batch_1.tar	345133568	392175	11826161664	10709005
3003	6301	AF-0000000210607393	shard_1324_batch_2.tar	79631872	327133	783035904	7560044
3003	6555	AF-0000000210607401	shard_1336_batch_1.tar	152376320	392739	4947421184	11192240
3003	7100	AF-0000000210607412	shard_1318_batch_1.tar	261819904	302786	1607291904	6597044
3003	12049	AF-0000000210607435	shard_1320_batch_1.tar	246531584	308215	6657240064	6826784
3003	15049	AF-0000000210607466	shard_1308_batch_1.tar	179536896	285985	2647209984	5848422
3004	14047	AF-0000000210607505	shard_1875_batch_0.tar	54679552	199681	2188931072	3009957
3005	4961	AF-0000000210607515	shard_1740_batch_0.tar	97611264	144194	1086467584	1602278
3005	7970	AF-0000000210607523	shard_1270_batch_0.tar	137425920	232995	2164750848	4050434
3008	3920	AF-0000000210607794	shard_1790_batch_0.tar	122882560	161108	962651136	1902779
3008	3929	AF-0000000210607795	shard_1792_batch_0.tar	119095296	160581	2123546112	1939870
3008	4491	AF-0000000210607804	shard_1258_batch_1.tar	71938560	221495	2341570560	3552918
3009	9626	AF-0000000210608238	shard_1797_batch_0.tar	65678336	166622	1108404224	1856171
3009	16849	AF-0000000210608539	shard_1803_batch_0.tar	141039104	170891	459438080	1992437
3010	3387	AF-0000000210608757	shard_1594_batch_0.tar	108544	107634	634795520	756308
3011	3706	AF-0000000203922989	shard_1314_batch_1.tar	12434432	291288	6285454336	6694885
3011	4395	AF-0000000210608933	shard_1312_batch_1.tar	220341760	291974	2048880640	6220104
3011	5996	AF-0000000210608946	shard_1316_batch_1.tar	175347200	294630	2026122752	6439068
3013	5792	AF-0000000204810000	shard_1713_batch_0.tar	79692288	139269	711555072	1314965
3013	17273	AF-0000000210609255	shard_1735_batch_0.tar	86514176	148048	1096435200	1395274
3017	4107	AF-0000000210609366	shard_1538_batch_0.tar	3786752	91120	293508608	540438
3017	4386	AF-0000000210609369	shard_1808_batch_1.tar	51253248	167072	911305728	1979914
3018	4702	AF-0000000204501719	shard_1412_batch_2.tar	8020992	41271	71546880	97706
3020	3094	AF-0000000203929274	shard_1728_batch_1.tar	81918976	144074	355920896	1434961
3020	3737	AF-0000000210609626	shard_1720_batch_1.tar	45946880	137048	1349023232	1361609
3020	4284	AF-0000000210609631	shard_1312_batch_1.tar	156296192	293259	5080318976	5550872
3020	5775	AF-0000000210609641	shard_1604_batch_1.tar	17658368	106652	836690432	770983
3020	6440	AF-0000000210609646	shard_1814_batch_1.tar	45343744	172097	749856256	2086191
3020	7233	AF-0000000203929265	shard_1742_batch_1.tar	94690304	145347	1110555648	1497170
3020	7289	AF-0000000203929279	shard_1678_batch_1.tar	81513984	126808	1020450304	1064486
3020	7709	AF-0000000210609655	shard_1266_batch_1.tar	121031680	233431	3992956416	3633025
3020	8486	AF-0000000203929276	shard_1708_batch_1.tar	121379328	135009	858725888	1293792
3020	8616	AF-0000000210609660	shard_1718_batch_1.tar	24787968	138884	676869632	1355511
3020	10270	AF-0000000203929269	shard_1834_batch_1.tar	52867072	182114	2284685312	2226812
3020	12042	AF-0000000203929278	shard_1720_batch_1.tar	114221568	138645	1464016896	1360230
3020	12603	AF-0000000210609667	shard_1242_batch_1.tar	38571008	222378	881848832	3028673
3020	14441	AF-0000000210609673	shard_1758_batch_1.tar	133898752	154872	1858150912	1674788
3020	16483	AF-0000000210609683	shard_1802_batch_1.tar	159967744	171108	1789140992	1897285
3021	3373	AF-0000000203931286	shard_1826_batch_1.tar	134996480	168510	1048607232	2120764
3021	3738	AF-0000000203931287	shard_1782_batch_1.tar	127304704	156680	1444459008	1771022
3021	6032	AF-0000000203931284	shard_1828_batch_1.tar	147821056	170873	1036079616	2131167
3021	6858	AF-0000000203931289	shard_1776_batch_1.tar	90314752	154947	1633351168	1726078
3021	7233	AF-0000000203931280	shard_1774_batch_1.tar	78492672	155242	717146624	1727954
3021	8148	AF-0000000203931291	shard_1232_batch_1.tar	9726464	215393	567131136	3022567
3021	8616	AF-0000000210609698	shard_1752_batch_1.tar	52717056	148926	904332288	1565153
3021	9628	AF-0000000203931285	shard_1806_batch_1.tar	80648704	164664	1973714944	1933496
3022	3606	AF-0000000210609816	shard_1832_batch_1.tar	63681536	184103	968336896	2484898
3022	4360	AF-0000000210609823	shard_1692_batch_0.tar	34757632	131066	920552448	1286582
3022	4475	AF-0000000203815158	shard_1656_batch_1.tar	113965568	122473	398489600	1075261
3022	5018	AF-0000000203815183	shard_1562_batch_0.tar	16023040	96867	516346368	602409
3022	5019	AF-0000000210609830	shard_1278_batch_1.tar	70900736	247361	4823022592	4364339
3022	5020	AF-0000000210609831	shard_1554_batch_0.tar	38071296	94769	611006976	577802
3022	5180	AF-0000000203815157	shard_1256_batch_1.tar	171506176	230960	2950184960	4153567
3022	5628	AF-0000000210609835	shard_1640_batch_0.tar	58714112	118640	476800512	982883
3022	5751	AF-0000000210609836	shard_1634_batch_0.tar	83968000	115595	695958528	879994
3022	6931	AF-0000000210609855	shard_1878_batch_1.tar	52105216	206076	684024832	3171279
3022	7443	AF-0000000203815184	shard_1526_batch_0.tar	31151104	87107	608361472	462062
3022	10936	AF-0000000210609869	shard_1628_batch_0.tar	111019008	113547	1062809088	905357
3022	14158	AF-0000000210609880	shard_1680_batch_1.tar	19723776	130338	323746304	1164937
3022	14945	AF-0000000210609887	shard_1830_batch_1.tar	91970048	184163	1629489152	2483210
3024	3020	AF-0000000203928970	shard_1728_batch_1.tar	69129728	139754	780493824	1403289
3024	3021	AF-0000000203928978	shard_1762_batch_1.tar	150276096	149773	1094077440	1618288
3024	3737	AF-0000000210609979	shard_1756_batch_1.tar	125144576	146525	1323271680	1564511
3024	4606	AF-0000000203928990	shard_1796_batch_1.tar	123678208	164762	1508052480	1743264
3024	4697	AF-0000000210609980	shard_1240_batch_1.tar	83301376	216233	2360720384	3165064
3024	6154	AF-0000000203928968	shard_1744_batch_1.tar	97848832	144811	500030976	1495387
3024	6974	AF-0000000210609987	shard_1726_batch_1.tar	46240768	139649	943975424	1335341
3024	7233	AF-0000000203928957	shard_1774_batch_1.tar	94254080	155099	501867520	1715137
3024	8196	AF-0000000210609992	shard_1286_batch_1.tar	225649664	253311	3191235584	4312042
3024	8486	AF-0000000203928976	shard_1744_batch_1.tar	61321216	144705	1279802368	1497811
3024	8487	AF-0000000203928975	shard_1772_batch_1.tar	60118016	155038	919974400	1670290
3024	9503	AF-0000000203928974	shard_1758_batch_1.tar	139549184	148908	592312832	1587278
3024	9504	AF-0000000203928973	shard_1758_batch_1.tar	77500416	147870	1729135104	1570401
3024	9505	AF-0000000203928972	shard_1762_batch_1.tar	129438208	150008	1734633472	1607778
3024	9506	AF-0000000203928971	shard_1752_batch_1.tar	131723264	146871	566057472	1545944
3024	12042	AF-0000000203928981	shard_1754_batch_1.tar	61182464	147974	1050529792	1570848
3024	12536	AF-0000000203928987	shard_1674_batch_1.tar	96607232	124338	1286435840	1089956
3024	14708	AF-0000000210610005	shard_1768_batch_1.tar	15820800	154738	1870715392	1653863
3024	14906	AF-0000000210610006	shard_1294_batch_1.tar	67027968	262119	5456330752	4576826
3024	15433	AF-0000000210610007	shard_1788_batch_1.tar	51151872	162575	561421824	1746144
3024	16892	AF-0000000203928956	shard_1722_batch_1.tar	110286848	139046	1253847552	1368088
3024	17273	AF-0000000210610010	shard_1738_batch_1.tar	122636288	145454	1452827648	1407882
3025	6124	AF-0000000210610026	shard_1636_batch_1.tar	82494464	115343	368991744	947036
3026	6627	AF-0000000204675922	shard_1653_batch_0.tar	29898240	119939	515646464	991473
3027	4287	AF-0000000210610080	shard_1608_batch_0.tar	52767744	107747	497116672	837593
3028	3018	AF-0000000204559910	shard_1486_batch_2.tar	9363968	74393	185928192	367090
3028	5710	AF-0000000204559908	shard_1494_batch_2.tar	35822592	76452	251507712	382784
3028	5989	AF-0000000204559876	shard_1486_batch_2.tar	8991232	73280	224809984	359210
3028	7947	AF-0000000210610211	shard_1285_batch_0.tar	187443200	253043	1178931712	4778759
3028	8148	AF-0000000204559875	shard_1847_batch_0.tar	171531264	188334	1113133056	2415375
3028	16822	AF-0000000210610345	shard_1791_batch_0.tar	44762624	165813	1468513792	1897911
3028	16974	AF-0000000204559899	shard_1472_batch_2.tar	28940288	69763	214710272	308651
3029	3505	AF-0000000210610369	shard_1802_batch_1.tar	104908288	170347	2001967616	2057041
3029	3976	AF-0000000210610380	shard_1288_batch_1.tar	138447872	264198	3099860992	5148093
3029	4018	AF-0000000210610381	shard_1886_batch_1.tar	10881024	204369	2246795264	2941590
3029	4601	AF-0000000210610392	shard_1244_batch_1.tar	15671296	223994	2860177920	3607898
3029	6207	AF-0000000210610404	shard_1812_batch_1.tar	95719936	173659	1821199360	2208096
3029	6883	AF-0000000210610411	shard_1736_batch_1.tar	84217856	143029	463597568	1557324
3029	12807	AF-0000000210610423	shard_1702_batch_1.tar	100261376	133832	1234926592	1275504
3029	13312	AF-0000000210610424	shard_1224_batch_1.tar	101031424	208618	3296793600	3196696
3030	4575	AF-0000000210610450	shard_1694_batch_0.tar	81594368	132877	1376333824	1292419
3030	5773	AF-0000000210610456	shard_1680_batch_0.tar	51446784	127311	1230581248	1190926
3030	7970	AF-0000000210610461	shard_1260_batch_0.tar	213867008	225844	2010388480	3809699
3033	3741	AF-0000000203477288	shard_1702_batch_0.tar	115599360	134774	566357504	1338236
3033	4044	AF-0000000203477268	shard_1844_batch_0.tar	132915200	187607	1436121600	2625434
3033	4541	AF-0000000210610482	shard_1720_batch_0.tar	37849088	137594	627255296	1466594
3034	6621	AF-0000000210610584	shard_1660_batch_1.tar	44047360	122143	591041024	1063814
3034	10048	AF-0000000210610586	shard_1688_batch_1.tar	46070784	129569	309281280	1161266
3036	3709	AF-0000000204404226	shard_1576_batch_2.tar	20263424	101812	307316736	718060
3036	4632	AF-0000000210610835	shard_1831_batch_0.tar	43235840	176398	844482048	2382063
3036	4960	AF-0000000204404238	shard_1602_batch_2.tar	6281728	107626	475041280	790575
3036	4970	AF-0000000210610847	shard_1488_batch_1.tar	19607040	75242	317347840	379114
3036	5400	AF-0000000204404144	shard_1510_batch_1.tar	54775808	80803	532271616	455717
3036	5564	AF-0000000210610857	shard_1616_batch_2.tar	221696	111674	362068480	886867
3036	5912	AF-0000000204404297	shard_1490_batch_1.tar	18378752	75448	487107072	383673
3036	6065	AF-0000000210610884	shard_1640_batch_2.tar	28229632	117487	524241920	956158
3036	7817	AF-0000000204404123	shard_1558_batch_2.tar	31681536	95120	178497024	638109
3036	8092	AF-0000000204404156	shard_1662_batch_2.tar	38510592	124030	236374016	1115961
3036	10202	AF-0000000210610941	shard_1544_batch_2.tar	25511936	90535	134594048	586436
3036	10246	AF-0000000204404314	shard_1859_batch_0.tar	1760768	195481	985906688	2633488
3036	10592	AF-0000000210610949	shard_1536_batch_2.tar	364032	89535	105796096	561840
3036	12621	AF-0000000210610979	shard_1556_batch_2.tar	16650240	94362	111459840	624827
3036	13844	AF-0000000210610995	shard_1740_batch_2.tar	24406016	147349	851188736	1546193
3036	15297	AF-0000000210611016	shard_1765_batch_0.tar	103790080	149709	1266631680	1671431
3036	15309	AF-0000000204404236	shard_1534_batch_2.tar	13362688	89121	203724800	561223
3036	15424	AF-0000000204404068	shard_1737_batch_0.tar	111157248	145143	336611328	1571561
3036	16168	AF-0000000204404336	shard_1774_batch_2.tar	56544256	152321	280677376	1745511
3036	16559	AF-0000000210611039	shard_1760_batch_2.tar	27240960	147936	613404160	1618743
3036	16940	AF-0000000204404137	shard_1538_batch_2.tar	2990080	88891	263854592	563272
3037	3082	AF-0000000204646691	shard_1543_batch_0.tar	83266048	89466	317840384	530124
3037	3444	AF-0000000210611059	shard_1701_batch_0.tar	129868288	135348	282547200	1283552
3037	5742	AF-0000000204646674	shard_1483_batch_0.tar	58578432	71058	349862400	352533
3037	5915	AF-0000000204646687	shard_1625_batch_0.tar	33152000	114307	661748736	872934
3037	5934	AF-0000000210611101	shard_1467_batch_0.tar	45689344	67347	199280640	293587
3037	6187	AF-0000000210611106	shard_1675_batch_0.tar	45241856	123943	1264296960	1037342
3037	6418	AF-0000000204646697	shard_1683_batch_0.tar	85095424	132338	1024790016	1155784
3037	6750	AF-0000000210611119	shard_1601_batch_0.tar	9415168	103965	612796416	757483
3037	9355	AF-0000000204646617	shard_1229_batch_0.tar	117723648	212261	680908288	3186671
3037	10175	AF-0000000210611164	shard_1755_batch_0.tar	149627392	150527	841057792	1529553
3037	10255	AF-0000000210611167	shard_1857_batch_0.tar	131216384	189713	886423552	2406123
3037	10631	AF-0000000204646658	shard_1637_batch_0.tar	52097536	115229	515294720	881125
3037	11125	AF-0000000210611171	shard_1661_batch_0.tar	53328896	123187	952991744	987675
3037	11361	AF-0000000204646704	shard_1625_batch_0.tar	58160640	113966	844272128	861456
3037	12454	AF-0000000210611184	shard_1603_batch_0.tar	64771072	105147	461528576	751469
3037	12638	AF-0000000210611189	shard_1689_batch_0.tar	90464768	129083	1115556864	1176480
3037	13284	AF-0000000210611198	shard_1827_batch_0.tar	3031040	177107	1400006656	2083688
3037	14603	AF-0000000210611221	shard_1813_batch_0.tar	75161088	169607	802170368	1989740
3037	15114	AF-0000000204646656	shard_1489_batch_0.tar	47782912	73565	217988096	363680
3037	15573	AF-0000000204646631	shard_1537_batch_0.tar	64835072	89613	523460096	515874
3037	15815	AF-0000000204646675	shard_1567_batch_0.tar	89671168	96841	730512384	625997
3037	15936	AF-0000000204646610	shard_1813_batch_0.tar	64093696	173374	1103634432	2154553
3037	16877	AF-0000000210611249	shard_1805_batch_0.tar	28061184	167744	2208940032	2005246
3037	17072	AF-0000000210611255	shard_1859_batch_0.tar	85130240	195522	1402201088	2574862
3038	4617	AF-0000000210611261	shard_1628_batch_1.tar	11796480	110613	665345536	877615
3038	4745	AF-0000000210611262	shard_1658_batch_1.tar	14072320	121323	1187550720	974894
3038	15520	AF-0000000210611266	shard_1596_batch_1.tar	51544064	105438	444104192	763005
3039	4617	AF-0000000210611274	shard_1634_batch_1.tar	74219520	113467	345740800	900675
3040	3079	AF-0000000203884873	shard_1514_batch_1.tar	33516032	81208	561012736	431824
3040	3407	AF-0000000210611777	shard_1694_batch_1.tar	28021760	131848	1163053056	1260261
3040	3741	AF-0000000203884869	shard_1592_batch_0.tar	38006784	104430	768690688	739059
3040	4617	AF-0000000210611780	shard_1636_batch_1.tar	110827520	113038	919987200	916878
3040	4618	AF-0000000203884880	shard_1636_batch_1.tar	113049600	111947	550578176	909639
3040	4619	AF-0000000210611781	shard_1638_batch_1.tar	13700608	114018	515576320	919138
3040	11019	AF-0000000210611792	shard_1584_batch_1.tar	81514496	102434	693303296	721875
3040	14077	AF-0000000203884881	shard_1604_batch_1.tar	94208512	105041	501406208	786185
3042	16293	AF-0000000203605923	shard_1558_batch_0.tar	64489472	92055	384898048	632274
3044	4159	AF-0000000203852689	shard_1428_batch_0.tar	46492160	50891	240520192	163851
3044	5812	AF-0000000210612159	shard_1428_batch_0.tar	13564928	50765	103946240	140407
3044	5814	AF-0000000203852698	shard_1428_batch_0.tar	28655616	51001	128512512	150094
3044	5816	AF-0000000203852694	shard_1428_batch_0.tar	49331200	49531	171703296	135772
3044	8501	AF-0000000203852699	shard_1426_batch_0.tar	12944384	50165	251250688	142791
3044	15757	AF-0000000203852687	shard_1416_batch_0.tar	5965824	44400	84063232	105677
3047	5622	AF-0000000210612367	shard_1607_batch_0.tar	52316672	106584	345556992	839139
3047	11770	AF-0000000210612464	shard_1465_batch_0.tar	14542848	67295	344224768	277855
3047	12414	AF-0000000210612474	shard_1459_batch_0.tar	17896448	64856	358469120	262318
3050	3049	AF-0000000203829184	shard_1488_batch_0.tar	47047168	74414	230640640	300487
3051	6799	AF-0000000210612846	shard_1446_batch_0.tar	47724032	60117	263460352	230792
3051	14246	AF-0000000210612854	shard_1418_batch_0.tar	33808384	46771	107450880	128393
3052	3287	AF-0000000210612898	shard_1423_batch_0.tar	10589696	46602	177566208	133584
3052	4331	AF-0000000210612909	shard_1547_batch_0.tar	12384256	90760	402509824	556001
3052	6009	AF-0000000210612937	shard_1540_batch_2.tar	31089664	88758	139128320	540826
3052	6452	AF-0000000210612943	shard_1529_batch_0.tar	60811776	84494	541091840	480985
3052	15682	AF-0000000210613038	shard_1819_batch_0.tar	8596992	176034	1407917056	1952334
3052	16610	AF-0000000210613046	shard_1503_batch_0.tar	58355712	77028	359012864	411164
3056	5636	AF-0000000210613288	shard_1867_batch_1.tar	119916544	199327	561270272	3004064
3056	16869	AF-0000000210613300	shard_1267_batch_1.tar	93398016	239160	3842377216	4214663
3057	3779	AF-0000000203825666	shard_1410_batch_0.tar	6368768	37958	115188736	93838
3057	5147	AF-0000000210613317	shard_1502_batch_0.tar	50243584	79269	459977728	418621
3058	4129	AF-0000000203958616	shard_1498_batch_1.tar	47555072	77045	518968832	382047
3058	14415	AF-0000000203958645	shard_1658_batch_1.tar	56843776	116865	834343424	982848
3060	3953	AF-0000000203864769	shard_1516_batch_0.tar	64599552	84311	462270464	475398
3060	4670	AF-0000000203864727	shard_1442_batch_0.tar	31686656	58143	317036544	224765
3060	11342	AF-0000000203864748	shard_1532_batch_0.tar	14512640	86540	492037632	539889
3060	14537	AF-0000000203864730	shard_1662_batch_1.tar	90098176	124592	953639424	1069885
3062	9922	AF-0000000210614060	shard_1464_batch_1.tar	41756672	67770	148989440	285826
3062	10484	AF-0000000210614063	shard_1470_batch_1.tar	53256192	69169	204393984	303614
3062	10658	AF-0000000210614064	shard_1414_batch_1.tar	40056320	42132	132947968	106152
3063	4572	AF-0000000210614142	shard_1440_batch_1.tar	50934784	55495	115156480	202706
3065	3033	AF-0000000210610477	shard_1702_batch_1.tar	124514304	133982	844142080	1327991
3065	3487	AF-0000000210614245	shard_1690_batch_0.tar	31124480	133093	561887232	1263098
3065	3721	AF-0000000210614250	shard_1492_batch_0.tar	32179712	75757	357911040	373210
3065	3866	AF-0000000210614253	shard_1658_batch_0.tar	63497728	122140	859807744	1084954
3065	4152	AF-0000000210614256	shard_1662_batch_1.tar	81820160	123153	776786432	1088871
3065	4266	AF-0000000210614258	shard_1662_batch_1.tar	113067008	124410	1278967808	1119408
3065	4270	AF-0000000210614259	shard_1650_batch_0.tar	45325312	119072	248344576	1057841
3065	4278	AF-0000000210614260	shard_1626_batch_0.tar	19553280	113794	1035354112	919586
3065	4360	AF-0000000210614262	shard_1692_batch_0.tar	85501952	130047	676264448	1283935
3065	4371	AF-0000000210614263	shard_1652_batch_0.tar	90520064	121268	255655424	1062912
3065	4436	AF-0000000210614264	shard_1676_batch_1.tar	91195392	129288	1121694720	1188714
3065	4475	AF-0000000210614265	shard_1656_batch_1.tar	108003840	122026	762094592	1072561
3065	4480	AF-0000000210614266	shard_1668_batch_1.tar	24821248	124203	699885568	1133104
3065	4738	AF-0000000210614271	shard_1700_batch_0.tar	70998528	136133	958244864	1360986
3065	5018	AF-0000000210614275	shard_1562_batch_0.tar	64022016	96025	276750336	602440
3065	5019	AF-0000000210614276	shard_1278_batch_1.tar	112143360	247128	3701246464	4361508
3065	5020	AF-0000000210614277	shard_1556_batch_0.tar	26717696	94040	468794880	579566
3065	5021	AF-0000000210614278	shard_1716_batch_1.tar	43025408	142628	754376704	1350868
3065	5751	AF-0000000210614288	shard_1634_batch_0.tar	11399680	114816	826317312	883486
3065	5754	AF-0000000210614289	shard_1634_batch_0.tar	101213184	114909	247101440	882127
3065	6271	AF-0000000210614300	shard_1558_batch_0.tar	77275136	95216	281507840	583474
3065	7158	AF-0000000210614305	shard_1640_batch_0.tar	92127232	115319	882887168	996355
3065	7443	AF-0000000210614307	shard_1526_batch_0.tar	28732416	86444	412956672	461463
3065	9952	AF-0000000210614313	shard_1744_batch_1.tar	127966208	148093	1029016576	1626063
3065	11566	AF-0000000210614316	shard_1646_batch_0.tar	16240640	120517	845877248	1020457
3065	13375	AF-0000000210614322	shard_1730_batch_1.tar	85852672	143861	1436043776	1471632
3065	14901	AF-0000000210614329	shard_1682_batch_1.tar	37154304	128419	752276480	1216451
3065	14968	AF-0000000210614330	shard_1616_batch_0.tar	76626432	110423	999360000	874619
3065	17178	AF-0000000210614348	shard_1730_batch_1.tar	40489472	146234	1138317824	1501997
3066	3733	AF-0000000204658985	shard_1777_batch_0.tar	155121152	157953	1884669952	1706506
3067	3049	AF-0000000210612654	shard_1492_batch_0.tar	18124800	77251	254863872	315876
3067	3050	AF-0000000210612662	shard_1486_batch_0.tar	67655168	74319	170257920	294377
3067	3282	AF-0000000210614388	shard_1540_batch_0.tar	53343744	91131	687444992	511628
3067	3858	AF-0000000210614390	shard_1492_batch_0.tar	45118464	78335	303561728	316102
3067	6115	AF-0000000210614399	shard_1490_batch_0.tar	69554688	76514	471866368	301844
3067	9445	AF-0000000210614403	shard_1492_batch_0.tar	17360384	77202	471491072	314268
3068	3671	AF-0000000210614488	shard_1618_batch_0.tar	103625216	110470	754692608	840933
3068	4404	AF-0000000210614507	shard_1542_batch_0.tar	55661568	91177	428609024	530327
3068	5278	AF-0000000210614529	shard_1618_batch_0.tar	110549504	110304	933848576	879599
3068	6880	AF-0000000210614574	shard_1864_batch_0.tar	32306176	194165	2977638400	2575455
3068	7773	AF-0000000210614591	shard_1498_batch_0.tar	71786496	76072	457733120	392915
3068	9374	AF-0000000210614609	shard_1760_batch_0.tar	92633600	148169	1339106304	1585131
3068	10602	AF-0000000210614621	shard_1674_batch_0.tar	24226816	125151	999248896	1132461
3068	12095	AF-0000000210614639	shard_1242_batch_0.tar	64166400	218428	737903616	3586001
3068	15531	AF-0000000210614685	shard_1624_batch_0.tar	512	113293	423146496	823107
3068	15771	AF-0000000210614688	shard_1704_batch_0.tar	25628672	133570	1039920640	1296825
3068	16856	AF-0000000210614715	shard_1618_batch_0.tar	14402560	110432	675786752	885433
3068	17277	AF-0000000210614729	shard_1716_batch_0.tar	82979328	137310	883570688	1365545
3069	5237	AF-0000000210614751	shard_1556_batch_0.tar	63579648	93373	409649152	608375
3069	5664	AF-0000000210614764	shard_1482_batch_0.tar	70649344	72769	186578944	348118
3071	5369	AF-0000000203915809	shard_1670_batch_1.tar	114039296	123550	1256295936	1191289
3073	6609	AF-0000000204825360	shard_1763_batch_0.tar	45670400	152850	1191463936	1715013
3073	8110	AF-0000000204825370	shard_1625_batch_0.tar	26136576	112458	919219200	924930
3073	8169	AF-0000000210615106	shard_1743_batch_0.tar	48144896	149907	1117971968	1611182
3073	12681	AF-0000000204825367	shard_1611_batch_0.tar	32747008	109734	993360384	872530
3073	14435	AF-0000000210615112	shard_1703_batch_0.tar	94123008	135621	802416640	1313950
3073	14565	AF-0000000204825362	shard_1809_batch_0.tar	10781696	165588	1985822720	2079507
3073	16513	AF-0000000204825359	shard_1741_batch_0.tar	50917888	146623	1789772800	1571194
3074	3001	AF-0000000210607091	shard_1276_batch_0.tar	3736064	249959	542482944	4277883
3074	13736	AF-0000000203594561	shard_1648_batch_0.tar	4449280	118160	478674432	1016141
3075	4937	AF-0000000203866440	shard_1570_batch_1.tar	53011968	98173	234817536	645415
3075	6730	AF-0000000210615555	shard_1696_batch_1.tar	9221632	131453	910512640	1165560
3075	11119	AF-0000000203866463	shard_1494_batch_0.tar	46430720	75851	216836096	376027
3076	9116	AF-0000000210615648	shard_1690_batch_0.tar	68768256	129242	327252992	1169520
3076	13312	AF-0000000210615654	shard_1246_batch_0.tar	198681600	220570	3883854848	3446704
3077	3549	AF-0000000210615700	shard_1320_batch_2.tar	108100096	317637	1704913920	7126402
3077	3893	AF-0000000210615713	shard_1232_batch_2.tar	9226752	216972	1167636480	3246921
3077	4138	AF-0000000210615727	shard_1312_batch_2.tar	2634240	296968	2748084736	6021675
3077	5009	AF-0000000210615750	shard_1226_batch_2.tar	40974336	211393	980230656	3202272
3077	5010	AF-0000000210615751	shard_1272_batch_2.tar	22481920	246457	1433200640	4315060
3077	5691	AF-0000000210615764	shard_1242_batch_2.tar	103876608	224505	1652844032	3512496
3077	6265	AF-0000000210615777	shard_1330_batch_2.tar	59109888	341492	365259776	8121753
3077	6449	AF-0000000210615782	shard_1332_batch_2.tar	73021440	357905	2259722240	9002003
3077	6689	AF-0000000210615787	shard_1316_batch_2.tar	143983104	298897	3121138176	6467433
3077	6841	AF-0000000210615791	shard_1290_batch_2.tar	41641472	264395	1964976128	5055951
3077	7078	AF-0000000210615796	shard_1286_batch_2.tar	113451008	260674	771420672	4717357
3077	14229	AF-0000000210615820	shard_1264_batch_2.tar	16214528	240714	1470138368	4084054
3077	15251	AF-0000000210615822	shard_1258_batch_2.tar	97907712	235613	1818019840	3943843
3077	16298	AF-0000000210615827	shard_1280_batch_2.tar	63606272	251454	308630016	4373051
3078	5049	AF-0000000210615906	shard_1730_batch_0.tar	76389376	138784	1010640896	1436255
3078	6973	AF-0000000210615935	shard_1694_batch_0.tar	33712128	130969	1477030400	1196199
3078	7306	AF-0000000210615941	shard_1792_batch_0.tar	11769344	157757	1553911296	1932997
3078	15230	AF-0000000210615979	shard_1664_batch_0.tar	15655424	120429	732724224	1043783
3079	3666	AF-0000000203884985	shard_1506_batch_0.tar	4510208	78383	546837504	404752
3079	4169	AF-0000000203884991	shard_1560_batch_1.tar	37254144	91351	442018816	570315
3079	4312	AF-0000000203884984	shard_1494_batch_0.tar	53053952	75370	459120128	372128
3079	4317	AF-0000000203884988	shard_1510_batch_0.tar	35507200	81092	222679552	412475
3079	4617	AF-0000000210616075	shard_1606_batch_1.tar	58573312	105199	997481472	796600
3079	4618	AF-0000000203884994	shard_1606_batch_1.tar	6287872	103938	494882816	797979
3079	4619	AF-0000000210616076	shard_1608_batch_1.tar	5115904	105893	585653248	803841
3079	5979	AF-0000000203884987	shard_1490_batch_0.tar	75460096	74946	483494912	357806
3079	14077	AF-0000000203884995	shard_1574_batch_1.tar	54710784	97416	427719680	681295
3079	16036	AF-0000000210616078	shard_1852_batch_1.tar	154624512	190782	2227757056	2632188
3081	4574	AF-0000000210616199	shard_1672_batch_2.tar	37757952	119541	600412672	1035264
3081	5285	AF-0000000210616234	shard_1486_batch_2.tar	12598272	70675	232509952	347868
3081	5641	AF-0000000210616248	shard_1522_batch_2.tar	32684032	81320	90535424	468034
3081	6548	AF-0000000210616332	shard_1712_batch_2.tar	57738240	133939	442191872	1292561
3081	9322	AF-0000000210616380	shard_1825_batch_0.tar	83490816	173060	1033696768	2070179
3081	13517	AF-0000000210616471	shard_1522_batch_2.tar	10783744	81568	312745984	460888
3081	15125	AF-0000000210616520	shard_1797_batch_0.tar	8012288	163874	1203113472	1870749
3081	17153	AF-0000000210616588	shard_1759_batch_0.tar	48249344	146826	1712287232	1568777
3082	4994	AF-0000000204585416	shard_1503_batch_0.tar	78599168	78210	244610560	418113
3082	5363	AF-0000000204585401	shard_1635_batch_0.tar	87651328	117729	956042240	871914
3082	5715	AF-0000000210616620	shard_1454_batch_2.tar	13920256	62584	66461184	247599
3082	5716	AF-0000000210616621	shard_1446_batch_2.tar	25041408	59169	70245888	210400
3082	5717	AF-0000000204585434	shard_1460_batch_2.tar	18783744	64727	165685248	265144
3082	6594	AF-0000000210616635	shard_1791_batch_0.tar	142198272	167360	1010411520	1800001
3082	6649	AF-0000000210616636	shard_1613_batch_0.tar	74150400	107841	814487552	801021
3082	6865	AF-0000000204585384	shard_1265_batch_0.tar	210103296	240984	2920375296	4187038
3082	7297	AF-0000000210616645	shard_1551_batch_0.tar	90357248	90565	715216896	579060
3082	7750	AF-0000000210616650	shard_1643_batch_0.tar	90993664	118025	569624064	916605
3082	8999	AF-0000000210616663	shard_1653_batch_0.tar	94815232	120879	889726976	994763
3082	10168	AF-0000000204585375	shard_1851_batch_0.tar	180288512	189964	975118336	2397961
3082	10255	AF-0000000210616668	shard_1847_batch_0.tar	92707328	185671	1932119040	2307458
3082	10897	AF-0000000210616671	shard_1561_batch_0.tar	13287936	97479	559124480	595497
3082	12454	AF-0000000210616681	shard_1587_batch_0.tar	10533376	101686	636642304	699628
3082	12912	AF-0000000210616685	shard_1679_batch_0.tar	116165120	127716	398706688	1111448
3082	13718	AF-0000000210616691	shard_1657_batch_0.tar	72393728	116833	1016107520	983321
3082	13866	AF-0000000204585459	shard_1567_batch_0.tar	30296576	97855	313087488	616561
3082	13893	AF-0000000210616693	shard_1787_batch_0.tar	60207616	161462	1110411776	1782362
3082	14603	AF-0000000210616698	shard_1803_batch_0.tar	142229504	165377	1499154944	1932977
3082	14983	AF-0000000204585378	shard_1849_batch_0.tar	86501888	191574	2126797824	2363879
3082	15575	AF-0000000204585452	shard_1474_batch_2.tar	17144832	69973	170201088	310811
3082	16504	AF-0000000210616717	shard_1545_batch_0.tar	37645824	91925	571894272	570947
3082	16871	AF-0000000204585455	shard_1741_batch_0.tar	55351296	143678	1098716160	1417718
3082	16980	AF-0000000210616722	shard_1458_batch_2.tar	7520256	64428	169377280	259918
3082	17038	AF-0000000210616723	shard_1450_batch_2.tar	16039936	60026	174340096	223866
3082	17039	AF-0000000204585398	shard_1470_batch_2.tar	10336256	67894	70209024	302596
3084	4012	AF-0000000203641478	shard_1406_batch_0.tar	22553600	31578	110429696	51517
3085	4738	AF-0000000203809398	shard_1588_batch_0.tar	42246656	104165	336385024	759712
3085	4904	AF-0000000210616844	shard_1590_batch_0.tar	36881408	104035	501799424	769547
3086	4361	AF-0000000210616853	shard_1567_batch_0.tar	94854144	96754	291081728	670813
3086	6132	AF-0000000204615864	shard_1645_batch_0.tar	35688960	117523	663543296	988934
3087	5279	AF-0000000210616881	shard_1440_batch_0.tar	15682048	58981	150261248	210770
3089	4703	AF-0000000210617168	shard_1802_batch_0.tar	70941696	169405	1205730816	2117626
3091	4051	AF-0000000210617626	shard_1312_batch_2.tar	23363584	291916	3015730688	6205538
3091	15570	AF-0000000204122137	shard_1238_batch_2.tar	19987456	218409	1521598976	3598796
3091	16613	AF-0000000210617856	shard_1332_batch_2.tar	145765376	358158	3437963264	9159665
3092	3799	AF-0000000203705859	shard_1318_batch_0.tar	211162624	305776	3454044160	6650677
3092	4983	AF-0000000210617891	shard_1322_batch_0.tar	271949824	321133	4105596416	7291726
3092	16006	AF-0000000210617928	shard_1298_batch_0.tar	149812224	274821	5496248320	5465391
3095	8145	AF-0000000210618021	shard_1766_batch_1.tar	32227328	159406	351454208	1723931
3095	14088	AF-0000000210618033	shard_1268_batch_1.tar	127549440	245285	517007872	4509696
3097	4148	AF-0000000210618132	shard_1494_batch_0.tar	34954240	73712	374594048	400125
3097	4601	AF-0000000210618138	shard_1836_batch_0.tar	32652800	182941	1121354752	2404248
3097	4685	AF-0000000210618144	shard_1768_batch_0.tar	101914112	159242	782117888	1804048
3097	4720	AF-0000000210618146	shard_1440_batch_0.tar	29101056	54763	279016448	201779
3097	9539	AF-0000000210618186	shard_1530_batch_0.tar	61831168	86975	432901120	491238
3097	13312	AF-0000000210618198	shard_1804_batch_0.tar	154946048	167538	2318458880	2083892
3099	3167	AF-0000000210618292	shard_1499_batch_0.tar	39608320	77248	379142656	393869
3099	3168	AF-0000000210618293	shard_1747_batch_0.tar	136463872	148853	617050624	1566038
3099	4446	AF-0000000210618324	shard_1789_batch_0.tar	91147776	160212	666665472	1885061
3099	4716	AF-0000000210618330	shard_1463_batch_0.tar	48621568	64962	324247552	278493
3099	5767	AF-0000000210618344	shard_1453_batch_0.tar	5576704	61448	299268608	225198
3099	6216	AF-0000000210618359	shard_1509_batch_0.tar	52387840	81243	269321728	453024
3099	7297	AF-0000000210618376	shard_1533_batch_0.tar	63016960	85843	239210496	523332
3099	11532	AF-0000000210618395	shard_1475_batch_0.tar	23881216	69987	363744768	327188
3099	15114	AF-0000000210618426	shard_1461_batch_0.tar	18181120	64966	140815360	244334
3099	15955	AF-0000000210618431	shard_1629_batch_0.tar	108164608	111655	687757824	911920
3101	3804	AF-0000000210618637	shard_1678_batch_1.tar	125495808	128868	253267456	1082632
3103	5073	AF-0000000210650919	shard_1730_batch_1.tar	40777216	143678	1443360768	1498587
3104	7072	AF-0000000210651154	shard_1468_batch_1.tar	14856192	68035	369176064	309627
3106	3107	AF-0000000203838643	shard_1420_batch_0.tar	22119424	45152	138763264	135429
3106	3108	AF-0000000210651213	shard_1426_batch_0.tar	27659264	49342	104969216	152951
3106	3118	AF-0000000203838649	shard_1416_batch_0.tar	13521408	42925	143352832	122843
3106	3242	AF-0000000203838672	shard_1422_batch_0.tar	23613440	46905	233080320	139269
3106	3244	AF-0000000203838673	shard_1424_batch_0.tar	36202496	48550	211832832	150705
3106	3411	AF-0000000203838735	shard_1722_batch_1.tar	2264064	141142	1398246400	1489431
3106	3579	AF-0000000203838652	shard_1424_batch_0.tar	30451712	46691	185541632	148964
3106	3824	AF-0000000203838640	shard_1420_batch_0.tar	40160768	45156	183583744	135180
3106	3985	AF-0000000203838661	shard_1418_batch_0.tar	32928256	44863	162391040	126104
3106	4294	AF-0000000203838709	shard_1224_batch_1.tar	13651456	213940	3135395840	3303928
3106	4407	AF-0000000203838653	shard_1418_batch_0.tar	43715584	44963	110209536	125918
3106	4969	AF-0000000210651240	shard_1422_batch_0.tar	11476480	47841	98196480	149032
3106	5027	AF-0000000210651242	shard_1694_batch_1.tar	75691008	127586	553380864	1217068
3106	5469	AF-0000000203838664	shard_1418_batch_0.tar	27318272	44922	213607936	126732
3106	5738	AF-0000000203848098	shard_1414_batch_0.tar	16536576	41337	102058496	107688
3106	5739	AF-0000000203838654	shard_1418_batch_0.tar	43900928	44823	204996096	126063
3106	5762	AF-0000000210651257	shard_1430_batch_0.tar	14565376	51152	229936640	171006
3106	5810	AF-0000000203838667	shard_1422_batch_0.tar	9331200	46909	216190464	139639
3106	5940	AF-0000000203845437	shard_1422_batch_0.tar	24682496	46878	104259584	139408
3106	7115	AF-0000000203838721	shard_1418_batch_0.tar	22572544	45182	126093312	128391
3106	7116	AF-0000000210651280	shard_1446_batch_0.tar	51442176	57945	142324736	233190
3106	7205	AF-0000000210651282	shard_1518_batch_0.tar	62886912	82504	541627904	453707
3106	7278	AF-0000000203838725	shard_1468_batch_0.tar	6348288	66112	403184128	304155
3106	7319	AF-0000000203838666	shard_1422_batch_0.tar	34388992	47187	120100864	139467
3106	7336	AF-0000000203838646	shard_1420_batch_0.tar	31512576	44817	179159552	134166
3106	7337	AF-0000000203838662	shard_1418_batch_0.tar	29828096	44874	181198336	126568
3106	8010	AF-0000000210651292	shard_1418_batch_0.tar	6440960	44830	207224832	126385
3106	8211	AF-0000000203838670	shard_1422_batch_0.tar	10936320	47152	127611904	140819
3106	8534	AF-0000000203838644	shard_1420_batch_0.tar	29885952	45033	124036608	135512
3106	8701	AF-0000000203838671	shard_1420_batch_0.tar	35888128	46510	163690496	139080
3106	9319	AF-0000000203838668	shard_1422_batch_0.tar	20455424	46915	221541888	139369
3106	9329	AF-0000000210651305	shard_1418_batch_0.tar	6165504	43923	99655168	134925
3106	9403	AF-0000000203838647	shard_1420_batch_0.tar	45094912	45121	95287808	136132
3106	9463	AF-0000000210651307	shard_1426_batch_0.tar	35086848	49333	109722624	151461
3106	9496	AF-0000000210651310	shard_1624_batch_0.tar	40243712	110956	886166016	870618
3106	9635	AF-0000000210651311	shard_1490_batch_0.tar	36469760	73246	273812992	374372
3106	9821	AF-0000000210651314	shard_1626_batch_1.tar	86253056	109606	219024896	825817
3106	10028	AF-0000000203838645	shard_1420_batch_0.tar	42621952	45024	218775040	135359
3106	10311	AF-0000000203838703	shard_1636_batch_1.tar	37909504	116238	1072871424	885247
3106	10470	AF-0000000203838663	shard_1418_batch_0.tar	41529856	44863	172896768	126200
3106	11046	AF-0000000210651326	shard_1830_batch_1.tar	59311104	172952	1814315520	2106630
3106	11881	AF-0000000203838693	shard_1648_batch_1.tar	16731648	116953	1143012352	958592
3106	12149	AF-0000000203838639	shard_1420_batch_0.tar	9351680	45189	137012736	135584
3106	12150	AF-0000000203838655	shard_1418_batch_0.tar	30797824	44859	188846080	126319
3106	12837	AF-0000000203838641	shard_1418_batch_0.tar	27504128	44816	166160896	133367
3106	13180	AF-0000000203838637	shard_1420_batch_0.tar	30649344	45406	200610816	135856
3106	13350	AF-0000000203838674	shard_1412_batch_0.tar	20398080	40945	116314112	103916
3106	13468	AF-0000000203838660	shard_1418_batch_0.tar	12471808	44861	190783488	126265
3106	13469	AF-0000000203838642	shard_1420_batch_0.tar	27023360	44899	140126720	133354
3106	13470	AF-0000000203838659	shard_1418_batch_0.tar	6394880	45067	165501952	126513
3106	13471	AF-0000000203838658	shard_1418_batch_0.tar	8113664	44771	146276352	126294
3106	13728	AF-0000000210651364	shard_1420_batch_0.tar	16989696	44867	216563712	134794
3106	13733	AF-0000000210651365	shard_1470_batch_0.tar	29824000	67836	360304128	314135
3106	15839	AF-0000000203838651	shard_1522_batch_0.tar	49147392	81773	521080832	493190
3106	16497	AF-0000000203838736	shard_1278_batch_1.tar	202498048	239083	625634816	4142380
3107	3411	AF-0000000203835401	shard_1724_batch_1.tar	68958720	141714	996667392	1490106
3107	3985	AF-0000000203841045	shard_1420_batch_0.tar	30555136	45489	138216960	126754
3107	4407	AF-0000000203835356	shard_1420_batch_0.tar	41910784	45474	201278464	126316
3107	5209	AF-0000000210651488	shard_1426_batch_0.tar	1555456	50369	198946816	163247
3107	5738	AF-0000000203848089	shard_1414_batch_0.tar	24150016	41700	135592960	108891
3107	7337	AF-0000000203841579	shard_1420_batch_0.tar	2700800	45545	122392064	127001
3107	9319	AF-0000000203844123	shard_1422_batch_0.tar	24335872	47644	137726976	140951
3107	10470	AF-0000000203835365	shard_1418_batch_0.tar	40153088	45512	169776128	126857
3107	12149	AF-0000000203835352	shard_1420_batch_0.tar	34075136	45476	206169600	136406
3107	12837	AF-0000000203835353	shard_1420_batch_0.tar	25841664	45192	201805824	133943
3107	13080	AF-0000000203918954	shard_1850_batch_1.tar	147753472	188593	1479804416	2685957
3107	13468	AF-0000000203835362	shard_1418_batch_0.tar	34691584	45482	176432640	126674
3107	13470	AF-0000000203835361	shard_1420_batch_0.tar	12433408	45545	198701056	126673
3107	13471	AF-0000000203835360	shard_1418_batch_0.tar	37511168	45441	178374144	126638
3107	13728	AF-0000000210651529	shard_1420_batch_0.tar	22784000	45354	94606336	135648
3107	14244	AF-0000000204631289	shard_1489_batch_0.tar	31626240	73511	373583872	365816
3108	7319	AF-0000000210653247	shard_1430_batch_0.tar	20403712	51935	116347392	167697
3108	8211	AF-0000000210653250	shard_1428_batch_0.tar	3433984	51822	180561408	168285
3108	8534	AF-0000000210653251	shard_1428_batch_0.tar	39545344	49909	97868288	152994
3108	13350	AF-0000000210653264	shard_1418_batch_0.tar	41994240	45498	86235648	129422
3109	4259	AF-0000000210653295	shard_1865_batch_1.tar	118686720	194213	2825883648	2666839
3110	7823	AF-0000000210653345	shard_1637_batch_0.tar	81861120	115540	229615616	923390
3110	8772	AF-0000000210653347	shard_1279_batch_0.tar	82119168	240680	4458147840	4093043
3110	10951	AF-0000000210653349	shard_1521_batch_0.tar	24126976	83319	331203584	452834
3110	16104	AF-0000000210653371	shard_1461_batch_0.tar	32737792	64148	207280640	266724
3115	4507	AF-0000000210654881	shard_1808_batch_0.tar	18364416	166875	694887936	1933754
3118	5810	AF-0000000203843480	shard_1418_batch_0.tar	39784960	45678	129204224	128294
3140	4697	AF-0000000210655993	shard_1844_batch_0.tar	145300992	187279	1191188480	2329281
3140	8075	AF-0000000210655996	shard_1538_batch_0.tar	33805312	94187	252005376	585500
3140	11062	AF-0000000210655998	shard_1714_batch_0.tar	30754816	140460	1023619072	1218255
3140	11519	AF-0000000210655999	shard_1636_batch_0.tar	79450624	121019	907369984	897908
3141	6544	AF-0000000210656011	shard_1831_batch_1.tar	16971264	173642	822589952	2237661
3143	7200	AF-0000000203559839	shard_1566_batch_0.tar	87301632	93265	487323136	618790
3148	5780	AF-0000000210656237	shard_1552_batch_1.tar	87212032	96357	729641472	597956
3148	10225	AF-0000000210656243	shard_1818_batch_1.tar	14364160	178351	1190037504	2098829
3148	12028	AF-0000000210656244	shard_1636_batch_1.tar	35693568	118013	810902528	946025
3148	12696	AF-0000000210656246	shard_1604_batch_1.tar	19268608	109770	507045376	764209
3148	13878	AF-0000000210656249	shard_1314_batch_2.tar	20845056	294907	2526224896	6206364
3149	5752	AF-0000000210656276	shard_1488_batch_0.tar	3678720	75538	470556672	346012
3149	7777	AF-0000000210656280	shard_1780_batch_1.tar	128344576	159927	1203596800	1792166
3149	15505	AF-0000000210656312	shard_1818_batch_1.tar	84405760	176116	648514048	2100230
3149	16206	AF-0000000210656320	shard_1676_batch_1.tar	3331584	124304	729531904	1131309
3159	3049	AF-0000000203829321	shard_1504_batch_0.tar	16313856	80711	512166400	370033
3159	3050	AF-0000000203829324	shard_1498_batch_0.tar	13466112	77318	362365440	335087
3159	9445	AF-0000000203829322	shard_1504_batch_0.tar	40658944	80623	544065024	367151
3163	3986	AF-0000000204159623	shard_1872_batch_2.tar	34049024	200488	225155072	2729605
3163	4836	AF-0000000210656738	shard_1236_batch_2.tar	93926400	217627	1488365056	3275700
3163	6649	AF-0000000210656748	shard_1264_batch_2.tar	17402368	236412	820313088	3816072
3166	13087	AF-0000000210656802	shard_1330_batch_0.tar	76870144	351441	3161419264	7881850
3167	3872	AF-0000000204772543	shard_1797_batch_0.tar	8515072	167569	1625846784	1968074
3167	5299	AF-0000000210656883	shard_1575_batch_0.tar	8796160	99896	807988224	698807
3167	7220	AF-0000000204772501	shard_1601_batch_0.tar	20327936	101858	363503616	771215
3167	15103	AF-0000000204772545	shard_1485_batch_0.tar	51098624	74388	400792064	362083
3168	3872	AF-0000000204777145	shard_1265_batch_0.tar	202272256	238659	4169239040	3981916
3168	6175	AF-0000000210657451	shard_1279_batch_1.tar	69020672	254051	2205959168	4551172
3168	6621	AF-0000000210657478	shard_1225_batch_0.tar	62207488	211351	2724173824	3065586
3168	6904	AF-0000000210657495	shard_1267_batch_0.tar	175811072	236175	1410499584	3903583
3168	12596	AF-0000000210657680	shard_1769_batch_0.tar	56208384	158023	933565440	1726611
3168	14088	AF-0000000210657724	shard_1301_batch_1.tar	94716416	276501	1238555648	5390739
3168	15735	AF-0000000210657782	shard_1857_batch_0.tar	124815360	190813	1097659904	2456974
3174	5760	AF-0000000210659175	shard_1580_batch_0.tar	11274240	98572	496338944	692185
3177	4702	AF-0000000210659578	shard_1410_batch_0.tar	8620032	37780	97937408	81162
3182	12362	AF-0000000204155921	shard_1664_batch_1.tar	40738816	123039	1269685248	1117020
3184	3185	AF-0000000210668796	shard_1427_batch_0.tar	4835840	52158	177961984	153192
3184	10045	AF-0000000204751906	shard_1443_batch_0.tar	12716032	58569	247266304	206188
3185	10045	AF-0000000210668856	shard_1443_batch_0.tar	6309888	58619	183434240	207790
3185	15978	AF-0000000210668875	shard_1789_batch_0.tar	122955776	161596	821202432	1720530
3191	3192	AF-0000000210668928	shard_1417_batch_0.tar	3893248	43730	104397312	116329
3204	3311	AF-0000000210669588	shard_1720_batch_0.tar	89837568	141376	981450752	1299806
3204	3605	AF-0000000210669589	shard_1712_batch_0.tar	84324864	138511	400867840	1279784
3204	15262	AF-0000000210669600	shard_1776_batch_0.tar	62420992	152449	2028056064	1722678
3205	3311	AF-0000000210669604	shard_1720_batch_0.tar	95911424	141093	278081536	1299361
3205	3605	AF-0000000210669605	shard_1712_batch_0.tar	12861440	138791	1125212160	1272615
3206	3206	AF-0000000210669617	shard_1573_batch_0.tar	47669248	100226	664072704	603723
3206	5053	AF-0000000210669622	shard_1573_batch_0.tar	66353152	101105	388436992	598011
3206	5054	AF-0000000210669623	shard_1575_batch_0.tar	29887488	101315	493920256	600107
3206	8578	AF-0000000210669627	shard_1579_batch_0.tar	4767744	102876	817184768	627866
3213	13288	AF-0000000210669717	shard_1640_batch_0.tar	110358528	116789	253882880	998814
3215	3216	AF-0000000210669733	shard_1220_batch_1.tar	39102464	201356	516125696	3194085
3215	3319	AF-0000000210669736	shard_1222_batch_1.tar	173698560	203190	1054787584	3225501
3215	4338	AF-0000000210669754	shard_1802_batch_1.tar	73963008	167443	1570451968	2113902
3215	4427	AF-0000000203871685	shard_1220_batch_1.tar	12174848	203488	2801399296	3222782
3215	5067	AF-0000000203871708	shard_1812_batch_1.tar	46819328	170055	2197254144	2232661
3215	5315	AF-0000000203871686	shard_1220_batch_1.tar	19641856	202777	2983027712	3190095
3215	6352	AF-0000000203871687	shard_1844_batch_1.tar	130917376	182217	2069991936	2618809
3215	11795	AF-0000000210669803	shard_1802_batch_1.tar	140906496	167374	466499072	2113646
3215	11993	AF-0000000210669808	shard_1268_batch_1.tar	120332288	240095	1446574080	4369963
3215	12826	AF-0000000203871682	shard_1858_batch_1.tar	100229632	193526	656194048	2681202
3215	13356	AF-0000000210669814	shard_1878_batch_1.tar	108379136	204522	1471370240	3046620
3215	13477	AF-0000000210669817	shard_1782_batch_1.tar	110660096	158839	718037504	1924660
3216	3319	AF-0000000210669847	shard_1222_batch_1.tar	193258496	203430	2076143104	3230899
3216	3657	AF-0000000210669865	shard_1226_batch_1.tar	144800768	212553	2894801408	3486648
3216	3758	AF-0000000210669867	shard_1814_batch_1.tar	97927168	168294	1685000192	2188475
3216	4338	AF-0000000210669908	shard_1802_batch_1.tar	150992896	167478	551054336	2113369
3216	4380	AF-0000000210669911	shard_1810_batch_1.tar	72999424	168838	2267526656	2170761
3216	4427	AF-0000000210669912	shard_1220_batch_1.tar	151710208	203201	1556780544	3223284
3216	5315	AF-0000000210669966	shard_1220_batch_1.tar	198111744	202798	1203621888	3215345
3216	6175	AF-0000000210670032	shard_1272_batch_1.tar	147575808	244756	3369868800	4537262
3216	6253	AF-0000000210670037	shard_1280_batch_1.tar	9078784	248231	2343341568	4501809
3216	6352	AF-0000000210670043	shard_1844_batch_1.tar	159273472	182602	2579831296	2613064
3216	11313	AF-0000000210670138	shard_1728_batch_1.tar	36276736	140965	1244284416	1499111
3216	11324	AF-0000000210670139	shard_1224_batch_1.tar	178967552	206059	2185932288	3108499
3216	11442	AF-0000000210670145	shard_1796_batch_1.tar	3016704	164592	2070104576	2005971
3216	11795	AF-0000000210670152	shard_1802_batch_1.tar	138884096	167646	1196406784	2113910
3216	11993	AF-0000000210670160	shard_1268_batch_1.tar	67342336	240020	4277365248	4354321
3216	12176	AF-0000000210670167	shard_1236_batch_1.tar	66658304	215830	552353280	3406309
3216	12826	AF-0000000210670183	shard_1858_batch_1.tar	126247424	193986	1836258816	2700062
3216	13385	AF-0000000210670198	shard_1838_batch_1.tar	178801664	183142	2604977664	2516947
3216	13477	AF-0000000210670203	shard_1780_batch_1.tar	5752832	158612	1428880896	1925061
3216	14928	AF-0000000210670241	shard_1760_batch_1.tar	43442688	151956	329748480	1706354
3216	15228	AF-0000000210670246	shard_1802_batch_1.tar	71283712	168251	1449132544	2118467
3216	15479	AF-0000000210670250	shard_1860_batch_1.tar	160615424	193262	962611200	2868331
3216	16035	AF-0000000210670264	shard_1786_batch_1.tar	143113216	161739	1437172224	1960688
3216	16404	AF-0000000210670275	shard_1814_batch_1.tar	103806976	173135	1550461440	2236101
3216	16806	AF-0000000210670289	shard_1252_batch_1.tar	35955712	231232	1343130112	3891162
3221	3221	AF-0000000210670357	shard_1442_batch_1.tar	43743744	56218	149750784	190165
3221	13137	AF-0000000210670376	shard_1704_batch_1.tar	24428032	136719	488495616	1308787
3221	15030	AF-0000000210670382	shard_1478_batch_1.tar	14824448	73043	194706432	347028
3221	17047	AF-0000000204119842	shard_1442_batch_1.tar	30246912	57233	270133760	183524
3227	3226	AF-0000000203884242	shard_1414_batch_0.tar	2004480	42913	104197120	109530
3227	3598	AF-0000000210670557	shard_1446_batch_0.tar	45922304	59231	159262208	235338
3228	16700	AF-0000000210670711	shard_1594_batch_0.tar	2838016	105655	615226880	778090
3233	9979	AF-0000000210671035	shard_1609_batch_0.tar	13493248	106844	384867328	842741
3234	5203	AF-0000000210671072	shard_1608_batch_2.tar	14642176	107098	443731456	783262
3234	8864	AF-0000000210671109	shard_1510_batch_2.tar	5890560	81146	143961600	435848
3234	10225	AF-0000000210671115	shard_1656_batch_2.tar	8708608	123024	377400832	1013172
3238	7607	AF-0000000204706217	shard_1741_batch_0.tar	33690624	145837	1063902208	1436900
3239	5807	AF-0000000210671289	shard_1741_batch_0.tar	30289920	146235	566891520	1427530
3239	5815	AF-0000000210671290	shard_1741_batch_0.tar	52977664	145539	521827328	1438084
3239	6718	AF-0000000210671312	shard_1741_batch_0.tar	109125632	146172	1708140544	1441266
3239	7185	AF-0000000210671322	shard_1691_batch_0.tar	123605504	131480	501373952	1248347
3239	7607	AF-0000000210671323	shard_1739_batch_0.tar	103407104	145873	1365500928	1437240
3239	9328	AF-0000000210671335	shard_1743_batch_0.tar	125453824	145500	1438299136	1459208
3239	12974	AF-0000000210671370	shard_1687_batch_0.tar	19584000	128153	1118732800	1178378
3239	13553	AF-0000000210671382	shard_1743_batch_0.tar	69749760	145050	495863296	1459461
3239	13861	AF-0000000210671388	shard_1761_batch_0.tar	10155520	153248	1296108032	1748103
3239	16306	AF-0000000210671412	shard_1755_batch_0.tar	4397568	150585	1323263488	1594584
3241	6376	AF-0000000210671458	shard_1688_batch_0.tar	97606144	127822	279954944	1185725
3242	8211	AF-0000000203847078	shard_1424_batch_0.tar	14463488	49296	161863680	146020
3244	8211	AF-0000000203847081	shard_1426_batch_0.tar	40935424	50987	210832896	160077
3245	5773	AF-0000000210671575	shard_1654_batch_1.tar	13803008	121523	466507264	1050772
3246	4702	AF-0000000210671595	shard_1408_batch_0.tar	25308672	37770	74686464	81489
3252	6109	AF-0000000204171074	shard_1674_batch_2.tar	39510016	128823	199800320	1158765
3252	7072	AF-0000000210672073	shard_1574_batch_1.tar	45404672	101325	715820032	664266
3252	13462	AF-0000000204171043	shard_1684_batch_2.tar	48399360	131777	573070848	1175702
3256	3636	AF-0000000210672181	shard_1723_batch_1.tar	81400320	141042	1001184768	1371245
3256	3645	AF-0000000210672182	shard_1275_batch_1.tar	121035264	246364	3349489152	4183002
3256	5483	AF-0000000204861197	shard_1621_batch_0.tar	42454016	109618	384839168	821788
3256	8647	AF-0000000210672184	shard_1803_batch_1.tar	61023232	168160	1192096256	1965773
3256	8804	AF-0000000210672185	shard_1791_batch_1.tar	29144064	165618	954900480	1878000
3256	10396	AF-0000000210672186	shard_1701_batch_0.tar	39572480	132486	869546496	1259040
3256	11424	AF-0000000210672188	shard_1789_batch_1.tar	150858752	158821	1631455232	1821187
3256	14609	AF-0000000204861198	shard_1713_batch_0.tar	47521792	139363	1442796032	1312112
3256	15554	AF-0000000210672191	shard_1761_batch_1.tar	5680640	150938	388102656	1667731
3256	15600	AF-0000000210672192	shard_1857_batch_1.tar	57595904	192375	1524392960	2550128
3257	12367	AF-0000000204853468	shard_1847_batch_1.tar	78417920	184694	2661974528	2430330
3258	5904	AF-0000000210672233	shard_1658_batch_0.tar	99831808	121625	958784000	1031385
3259	3192	AF-0000000210668961	shard_1412_batch_1.tar	11381248	40980	83322368	100427
3259	4071	AF-0000000210672516	shard_1512_batch_1.tar	7785472	84010	485880320	461126
3259	7170	AF-0000000210672523	shard_1546_batch_1.tar	61464064	92420	567234048	579158
3261	3555	AF-0000000210672597	shard_1630_batch_0.tar	37958656	113653	1070568448	857330
3261	3743	AF-0000000203480885	shard_1630_batch_0.tar	54757888	114106	518111232	855981
3261	4858	AF-0000000203480929	shard_1500_batch_0.tar	51232256	75708	247792640	410771
3261	7190	AF-0000000203480897	shard_1444_batch_0.tar	30744064	56743	195094528	211599
3261	7323	AF-0000000210672621	shard_1432_batch_0.tar	50127872	52721	154427392	179278
3261	7669	AF-0000000210672623	shard_1652_batch_0.tar	115366400	118664	631935488	962244
3261	10641	AF-0000000203480886	shard_1440_batch_0.tar	49168896	55210	253364736	203553
3261	11719	AF-0000000210672635	shard_1762_batch_0.tar	16245760	155776	1070730240	1657695
3261	12434	AF-0000000203480923	shard_1498_batch_0.tar	62422016	76159	305976832	392498
3261	13786	AF-0000000210672640	shard_1484_batch_0.tar	22525440	71946	178403328	353334
3261	14295	AF-0000000203480925	shard_1478_batch_0.tar	61719040	69781	275314176	331759
3261	14403	AF-0000000210672643	shard_1452_batch_0.tar	55540224	59153	188749824	243245
3261	16075	AF-0000000210672650	shard_1416_batch_0.tar	8906240	44002	188839936	123119
3261	17230	AF-0000000210672655	shard_1602_batch_0.tar	17933312	103501	890635776	767602
3261	17281	AF-0000000203480905	shard_1456_batch_0.tar	10786816	63820	162322432	268437
3262	5299	AF-0000000210672670	shard_1546_batch_1.tar	68849664	92479	290682880	605759
3262	6450	AF-0000000210672675	shard_1826_batch_2.tar	4300800	175322	1219181568	2251879
3262	6725	AF-0000000210672676	shard_1876_batch_2.tar	13368832	202787	403661312	2933486
3262	7734	AF-0000000210672680	shard_1259_batch_0.tar	33444864	232696	4087707136	3706239
3262	9420	AF-0000000210672685	shard_1688_batch_2.tar	36748800	131658	380786688	1228892
3262	10078	AF-0000000210672686	shard_1728_batch_2.tar	44004864	144365	816233472	1456085
3262	11545	AF-0000000210672691	shard_1720_batch_2.tar	67147264	139680	607267328	1399793
3262	11938	AF-0000000210672693	shard_1858_batch_2.tar	69881344	196114	1070252544	2768146
3262	11982	AF-0000000210672695	shard_1672_batch_2.tar	55805952	129195	301953536	1110368
3262	15780	AF-0000000210672704	shard_1766_batch_2.tar	59060736	155513	861624832	1739194
3262	17015	AF-0000000210672710	shard_1297_batch_0.tar	95768064	268435	2073625088	5208968
3262	17215	AF-0000000210672711	shard_1590_batch_1.tar	24313344	102959	230764544	751886
3263	4003	AF-0000000210672726	shard_1475_batch_0.tar	49798144	69601	185529856	320645
3263	4419	AF-0000000210672728	shard_1529_batch_0.tar	59678720	83965	231391744	498923
3264	3259	AF-0000000210672512	shard_1448_batch_0.tar	52467712	60661	262960128	229889
3264	3263	AF-0000000203823653	shard_1474_batch_0.tar	49126400	70015	140941312	323414
3264	3943	AF-0000000210672794	shard_1468_batch_0.tar	16254976	68024	406854656	302407
3264	3996	AF-0000000210672796	shard_1652_batch_1.tar	31728128	116334	1231714816	967224
3264	4428	AF-0000000210672799	shard_1822_batch_1.tar	128478720	176433	1454661120	2278391
3264	5066	AF-0000000203823652	shard_1592_batch_0.tar	75657728	104827	277254144	777055
3264	5414	AF-0000000210672804	shard_1492_batch_0.tar	6867968	75979	211630080	386093
3264	11142	AF-0000000210672816	shard_1746_batch_1.tar	76096000	145539	1670082560	1519100
3265	3029	AF-0000000210610366	shard_1560_batch_1.tar	52913664	94215	779382784	625078
3265	3057	AF-0000000203910093	shard_1410_batch_0.tar	25447424	37963	83287552	88004
3265	3191	AF-0000000203910119	shard_1412_batch_0.tar	10142720	41132	96890880	101293
3265	3192	AF-0000000210668962	shard_1412_batch_0.tar	38704128	41006	118669824	98870
3265	3215	AF-0000000203910095	shard_1660_batch_1.tar	116697088	121021	1015395328	1089661
3265	3506	AF-0000000203910110	shard_1694_batch_1.tar	36125696	132672	1385925120	1266675
3265	3779	AF-0000000203910083	shard_1410_batch_0.tar	9856000	38030	120892416	88193
3265	4038	AF-0000000203910084	shard_1500_batch_1.tar	68584960	78968	541254656	414049
3265	4801	AF-0000000203910079	shard_1502_batch_1.tar	32161792	76114	256943104	421004
3265	4987	AF-0000000210672850	shard_1504_batch_1.tar	51657728	78616	222509056	429296
3265	5148	AF-0000000203910080	shard_1502_batch_1.tar	38614016	79792	290646528	413643
3265	5150	AF-0000000203910081	shard_1508_batch_1.tar	15726080	81328	288470016	445435
3265	5152	AF-0000000210672855	shard_1506_batch_1.tar	65641984	80584	563321856	443657
3265	5362	AF-0000000210672857	shard_1444_batch_0.tar	355328	59224	156923904	226388
3265	5671	AF-0000000210672860	shard_1412_batch_0.tar	31930368	41202	146084864	97001
3265	6002	AF-0000000203910100	shard_1518_batch_1.tar	19983360	83715	555975168	479161
3265	7269	AF-0000000210672878	shard_1488_batch_0.tar	21078016	72131	452339712	374508
3265	12103	AF-0000000210672882	shard_1448_batch_0.tar	21486080	60178	301565440	228971
3265	12562	AF-0000000210672883	shard_1772_batch_1.tar	60273664	155894	1945181184	1731974
3266	3614	AF-0000000203586934	shard_1408_batch_0.tar	14751232	34852	97167360	68621
3267	3425	AF-0000000204431797	shard_1592_batch_2.tar	17015296	101484	170876416	667030
3270	3084	AF-0000000203641725	shard_1406_batch_0.tar	6473728	29131	67269632	44371
3270	3186	AF-0000000203641742	shard_1406_batch_0.tar	5991424	29621	109191168	43341
3270	3485	AF-0000000203641732	shard_1406_batch_0.tar	9168384	30297	77828608	49289
3270	3572	AF-0000000203641727	shard_1406_batch_0.tar	2758656	27126	102763008	37190
3270	4012	AF-0000000203641726	shard_1406_batch_0.tar	24872960	29954	103939584	47451
3270	4756	AF-0000000203641735	shard_1466_batch_0.tar	41593856	66006	306373632	285741
3270	9537	AF-0000000203641728	shard_1406_batch_0.tar	20873216	28375	71073280	42050
3270	11634	AF-0000000203641733	shard_1406_batch_0.tar	19242496	29879	85461504	48104
3270	12835	AF-0000000203641724	shard_1416_batch_0.tar	43923968	44940	178219008	118542
3270	14161	AF-0000000203641740	shard_1406_batch_0.tar	12886016	30534	96864768	49543
3270	15310	AF-0000000203641741	shard_1406_batch_0.tar	27494400	31109	105065472	52167
3270	16075	AF-0000000210673099	shard_1406_batch_0.tar	13480960	27232	69492224	37561
3271	16689	AF-0000000210673165	shard_1276_batch_1.tar	189605376	249350	725962752	4254753
3272	3391	AF-0000000210673175	shard_1812_batch_1.tar	81886208	172594	2159638016	2007103
3272	4033	AF-0000000210673183	shard_1830_batch_1.tar	54976512	181802	1697827840	2265230
3272	4592	AF-0000000210673193	shard_1846_batch_1.tar	125867008	188096	2024933376	2395659
3272	4836	AF-0000000210673200	shard_1776_batch_1.tar	84591104	159023	1997816320	1817885
3272	4960	AF-0000000210673202	shard_1784_batch_1.tar	158478848	163495	2129103872	1772159
3272	5040	AF-0000000210673205	shard_1794_batch_1.tar	108444160	162054	1995730944	1816588
3272	5707	AF-0000000210673211	shard_1714_batch_1.tar	94455296	139134	419648512	1289222
3272	5760	AF-0000000210673219	shard_1732_batch_1.tar	132356096	145088	1106014720	1402981
3272	5910	AF-0000000210673224	shard_1738_batch_1.tar	98881536	145401	1718894080	1458651
3272	6201	AF-0000000210673230	shard_1848_batch_1.tar	170696704	189757	2680003072	2460218
3272	6322	AF-0000000210673232	shard_1836_batch_1.tar	118284288	183175	2056661504	2397033
3272	7065	AF-0000000210673242	shard_1806_batch_1.tar	106876416	168695	516867072	1965700
3272	7225	AF-0000000210673245	shard_1830_batch_1.tar	169449472	178692	2389612544	2220627
3272	8234	AF-0000000210673254	shard_1872_batch_1.tar	19149312	202279	2178131968	2787354
3272	8853	AF-0000000210673257	shard_1316_batch_2.tar	141273600	302137	3267077120	6384512
3272	11725	AF-0000000210673268	shard_1774_batch_1.tar	67092480	156635	1958639104	1672347
3272	12202	AF-0000000210673275	shard_1844_batch_1.tar	152747008	190584	1991498240	2487939
3272	12492	AF-0000000210673278	shard_1832_batch_1.tar	6341120	183036	1999118336	2223224
3272	13009	AF-0000000210673281	shard_1260_batch_1.tar	146725888	230786	2123168768	3656534
3272	13454	AF-0000000210673285	shard_1280_batch_1.tar	68406784	250566	4315072512	4426782
3272	14021	AF-0000000210673288	shard_1732_batch_1.tar	56024576	145544	362006528	1410103
3272	14023	AF-0000000210673290	shard_1792_batch_1.tar	75750912	166015	1068591104	1872694
3272	14211	AF-0000000210673294	shard_1284_batch_1.tar	121558016	250183	3447152128	4320751
3272	14375	AF-0000000210673296	shard_1274_batch_1.tar	34461184	243050	2799560192	4004359
3272	14825	AF-0000000210673299	shard_1790_batch_1.tar	14655488	164593	1146490880	1745185
3272	15309	AF-0000000210673301	shard_1730_batch_1.tar	42358784	144767	1705374720	1402195
3272	15453	AF-0000000210673303	shard_1734_batch_1.tar	79023104	147119	377678848	1412557
3272	15988	AF-0000000210673311	shard_1868_batch_1.tar	153663488	197024	1819737088	2769519
3272	16440	AF-0000000210673314	shard_1784_batch_1.tar	44824576	162480	1485393408	1742657
3273	9185	AF-0000000203975544	shard_1880_batch_1.tar	21420544	200975	3011327488	2909885
3273	15030	AF-0000000210673619	shard_1860_batch_1.tar	92430848	194904	2780650496	2635581
3274	4138	AF-0000000210673673	shard_1292_batch_0.tar	35479040	261255	4606253568	4812983
3274	4433	AF-0000000210673683	shard_1228_batch_0.tar	51132928	207419	1268855296	3134028
3274	4446	AF-0000000210673684	shard_1300_batch_0.tar	158295552	264289	5278692864	5087770
3274	5901	AF-0000000210673753	shard_1324_batch_0.tar	292331520	313993	5818205696	6564795
3274	6389	AF-0000000210673776	shard_1282_batch_0.tar	243050496	242364	2501113856	4283609
3274	6841	AF-0000000210673796	shard_1258_batch_0.tar	161177088	228630	2488243712	3775400
3274	7100	AF-0000000210673810	shard_1254_batch_0.tar	22992384	221376	3201631232	3588998
3274	7129	AF-0000000210673813	shard_1334_batch_0.tar	149765120	366378	2144327680	9567486
3274	8921	AF-0000000210673843	shard_1292_batch_0.tar	156059648	255886	1997099008	4920938
3274	16740	AF-0000000210673959	shard_1286_batch_0.tar	42231808	253200	1375753216	4540731
3274	16747	AF-0000000210673961	shard_1242_batch_0.tar	109194752	212269	2633212416	3301506
3275	3307	AF-0000000210673974	shard_1750_batch_2.tar	2572288	146099	632528384	1550493
3275	3413	AF-0000000210673980	shard_1814_batch_2.tar	85453312	170644	934161920	2122913
3275	3435	AF-0000000210673981	shard_1750_batch_2.tar	33940480	146389	771097600	1544822
3275	3509	AF-0000000210673982	shard_1861_batch_0.tar	119813120	184207	2621030400	2512466
3275	3695	AF-0000000210673987	shard_1666_batch_2.tar	16962560	121267	639084544	1069437
3275	3773	AF-0000000210673989	shard_1754_batch_2.tar	14254592	147616	622360576	1571891
3275	3937	AF-0000000210673992	shard_1648_batch_2.tar	25719808	116414	248602624	997950
3275	3997	AF-0000000210673995	shard_1744_batch_2.tar	29442560	144529	225025024	1431088
3275	4138	AF-0000000210673999	shard_1854_batch_2.tar	62479360	193968	787016192	2607511
3275	4180	AF-0000000210674001	shard_1784_batch_2.tar	65629184	155950	532956160	1809215
3275	4565	AF-0000000210674012	shard_1772_batch_2.tar	18318336	156837	216672256	1733694
3275	4643	AF-0000000210674015	shard_1850_batch_2.tar	68334592	186362	1194771456	2416962
3275	4779	AF-0000000210674018	shard_1708_batch_2.tar	66344448	131298	293484032	1228345
3275	4894	AF-0000000210674020	shard_1754_batch_2.tar	43160064	147861	422307328	1577444
3275	5097	AF-0000000210674027	shard_1820_batch_2.tar	36193280	174280	707930624	2099556
3275	5355	AF-0000000210674031	shard_1752_batch_2.tar	41915392	147909	301799424	1546159
3275	5686	AF-0000000210674039	shard_1754_batch_2.tar	22443008	148101	885857280	1576946
3275	5698	AF-0000000210674040	shard_1726_batch_2.tar	45452288	140787	668834304	1420630
3275	5856	AF-0000000210674047	shard_1778_batch_2.tar	29131776	153503	921103872	1725038
3275	6124	AF-0000000210674056	shard_1744_batch_2.tar	62802944	146095	566090240	1520328
3275	6389	AF-0000000210674063	shard_1832_batch_2.tar	64796672	173854	183768064	2158847
3275	6393	AF-0000000210674064	shard_1686_batch_2.tar	17654272	126699	666279424	1109410
3275	6443	AF-0000000210674065	shard_1794_batch_2.tar	55857664	156798	521811456	1796486
3275	6473	AF-0000000210674066	shard_1832_batch_2.tar	51917824	178040	544953344	2362821
3275	7102	AF-0000000210674080	shard_1648_batch_2.tar	50835968	116672	544400896	992594
3275	7129	AF-0000000210674082	shard_1321_batch_0.tar	218806784	298452	1339190784	6356589
3275	7143	AF-0000000210674083	shard_1804_batch_2.tar	35154432	169026	221239296	2007377
3275	7180	AF-0000000210674084	shard_1319_batch_0.tar	146096640	295392	5318683648	6167846
3275	8920	AF-0000000210674094	shard_1762_batch_2.tar	71438848	153985	183097856	1660496
3275	9327	AF-0000000210674096	shard_1862_batch_2.tar	23757312	186836	1047798272	2613268
3275	9671	AF-0000000210674098	shard_1269_batch_0.tar	86316544	236757	3136559104	3888091
3275	10044	AF-0000000210674101	shard_1662_batch_2.tar	45814272	121022	643949056	1083424
3275	12558	AF-0000000210674120	shard_1664_batch_2.tar	13441024	122296	338993664	1041587
3275	13205	AF-0000000210674124	shard_1764_batch_2.tar	69200384	153752	631950848	1676790
3275	13435	AF-0000000210674130	shard_1222_batch_2.tar	13933568	204367	638508544	2930115
3275	15133	AF-0000000210674139	shard_1580_batch_1.tar	91346432	99007	519380992	664260
3275	16004	AF-0000000210674144	shard_1876_batch_2.tar	32357888	202714	444338176	2800653
3275	16644	AF-0000000210674150	shard_1273_batch_0.tar	210601984	241275	3677800960	4087129
3275	16982	AF-0000000210674153	shard_1876_batch_2.tar	60258816	198581	821831168	2905750
3275	17177	AF-0000000210674155	shard_1728_batch_2.tar	66667008	139459	849623040	1405760
3275	17291	AF-0000000210674157	shard_1317_batch_0.tar	167604224	292495	3376864768	6107938
3276	3279	AF-0000000210674177	shard_1705_batch_0.tar	120458240	134238	1159048192	1284196
3276	4694	AF-0000000204472568	shard_1223_batch_0.tar	152591360	213200	1994081280	3176205
3276	5206	AF-0000000210674183	shard_1705_batch_0.tar	13332480	132495	918893568	1298235
3276	6450	AF-0000000210674188	shard_1839_batch_0.tar	2585600	179814	1257188352	2430248
3276	6689	AF-0000000210674189	shard_1789_batch_0.tar	93121536	156867	459609088	1924153
3276	6887	AF-0000000210674190	shard_1809_batch_0.tar	72917504	172672	1258605568	2170553
3276	6894	AF-0000000210674191	shard_1715_batch_0.tar	58062336	134240	925163008	1255829
3277	3453	AF-0000000210674213	shard_1650_batch_1.tar	38572544	119932	506605568	1079286
3277	3788	AF-0000000210674220	shard_1594_batch_0.tar	17809408	105225	805689344	787607
3277	5203	AF-0000000210674245	shard_1740_batch_1.tar	144574464	144280	1174978048	1533291
3277	5671	AF-0000000210674254	shard_1514_batch_0.tar	31091200	82854	188189696	442495
3277	6243	AF-0000000210674262	shard_1774_batch_1.tar	58983424	155022	435117056	1678508
3277	10728	AF-0000000210674294	shard_1238_batch_1.tar	82374656	219335	1414606336	3629040
3277	10963	AF-0000000210674295	shard_1738_batch_1.tar	120875008	146639	1443702784	1542460
3277	11313	AF-0000000210674299	shard_1578_batch_1.tar	55879680	99848	545021952	705980
3277	14181	AF-0000000210674323	shard_1852_batch_1.tar	21380096	186038	1882201600	2542281
3277	14198	AF-0000000210674324	shard_1688_batch_1.tar	17705472	130349	1262929920	1205100
3277	14774	AF-0000000210674330	shard_1220_batch_1.tar	130438144	207115	2571596800	3140130
3278	6198	AF-0000000210674354	shard_1848_batch_0.tar	70438912	186285	2353766912	2567333
3279	3689	AF-0000000210674713	shard_1878_batch_0.tar	82638848	201100	1201751040	3036295
3279	4119	AF-0000000210674722	shard_1238_batch_0.tar	145112576	218817	2510935552	3366183
3279	4491	AF-0000000210674739	shard_1314_batch_0.tar	170719744	284903	5469384192	5814799
3279	4816	AF-0000000210674747	shard_1766_batch_0.tar	11868160	156322	1640171520	1732190
3279	5743	AF-0000000210674763	shard_1686_batch_0.tar	117085184	130790	444811776	1180493
3279	6101	AF-0000000210674772	shard_1786_batch_0.tar	60593664	161956	1539372032	1882134
3279	6516	AF-0000000210674784	shard_1826_batch_0.tar	119890432	179292	1433729024	2326067
3279	7191	AF-0000000210674792	shard_1802_batch_0.tar	163463680	168774	2112627712	2043138
3279	9069	AF-0000000210674802	shard_1278_batch_0.tar	249063936	251101	2510252544	4302839
3279	10107	AF-0000000210674806	shard_1274_batch_0.tar	226987520	244366	3035921920	4217706
3279	12122	AF-0000000210674813	shard_1704_batch_0.tar	121208832	136642	934795264	1327638
3279	12755	AF-0000000210674819	shard_1270_batch_0.tar	80795136	245109	4305080832	4258144
3279	13370	AF-0000000210674823	shard_1704_batch_0.tar	47547392	136055	1187677696	1316136
3279	15930	AF-0000000210674841	shard_1870_batch_0.tar	199802368	200083	1785520128	2859382
3280	8349	AF-0000000210674915	shard_1556_batch_0.tar	68712448	90360	349258752	585332
3281	15682	AF-0000000210675168	shard_1846_batch_0.tar	95968768	189176	1129204736	2285503
3283	3327	AF-0000000210675547	shard_1790_batch_1.tar	106243584	158906	899772928	1881511
3283	3895	AF-0000000210675552	shard_1804_batch_2.tar	32604160	164493	802304512	1996120
3283	4555	AF-0000000210675558	shard_1826_batch_2.tar	65282560	172286	1286529024	2247235
3283	7024	AF-0000000210675575	shard_1820_batch_2.tar	16595456	172556	262749184	2202183
3283	7025	AF-0000000210675576	shard_1810_batch_2.tar	65037824	168586	852950016	2096636
3283	7026	AF-0000000210675577	shard_1808_batch_2.tar	67844096	169439	1006574080	2094402
3283	8378	AF-0000000210675580	shard_1250_batch_2.tar	108082176	224442	926989824	3723330
3283	9795	AF-0000000204105090	shard_1246_batch_2.tar	87377920	219469	1067091968	3496837
3284	3867	AF-0000000203517900	shard_1668_batch_0.tar	96308224	123776	433590784	1155203
3284	4280	AF-0000000203517899	shard_1672_batch_0.tar	104714752	127375	435320320	1190947
3284	4961	AF-0000000210675621	shard_1704_batch_0.tar	4631552	135363	798370304	1367220
3284	14861	AF-0000000210675637	shard_1314_batch_0.tar	275400192	296361	1440397312	6155079
3285	3309	AF-0000000210675678	shard_1724_batch_1.tar	70815232	139562	541425664	1418408
3285	3435	AF-0000000210675680	shard_1722_batch_1.tar	3958784	136626	571890688	1373620
3285	3773	AF-0000000210675681	shard_1726_batch_1.tar	20135424	137098	576986112	1391424
3285	4020	AF-0000000210675682	shard_1700_batch_1.tar	117563392	130004	600850944	1244752
3285	4894	AF-0000000204081055	shard_1726_batch_1.tar	132769792	137720	736386560	1403373
3286	3041	AF-0000000210611879	shard_1742_batch_0.tar	46633984	142572	1573494272	1495692
3286	4020	AF-0000000210675693	shard_1710_batch_0.tar	28094976	134003	1466553856	1301997
3286	11803	AF-0000000210675709	shard_1282_batch_0.tar	40349184	249021	2908334080	4336815
3286	14211	AF-0000000210675713	shard_1228_batch_0.tar	34908160	204238	3216147968	3005614
3286	14375	AF-0000000210675714	shard_1876_batch_0.tar	61882880	197787	2582362112	2803434
3287	5382	AF-0000000210676459	shard_1605_batch_0.tar	69157376	106383	457270272	807550
3287	10670	AF-0000000210676520	shard_1763_batch_0.tar	82630656	154847	1321284608	1808070
3287	14181	AF-0000000210676547	shard_1751_batch_0.tar	11137024	145998	1192818176	1536484
3287	14534	AF-0000000210676554	shard_1467_batch_0.tar	30821888	67520	288912896	298061
3288	3394	AF-0000000210676583	shard_1697_batch_0.tar	30786048	135453	1454050816	1345981
3288	3689	AF-0000000210676584	shard_1817_batch_0.tar	161694208	172411	1756272128	2231521
3288	3704	AF-0000000210676585	shard_1715_batch_0.tar	19218944	141645	973609984	1460239
3288	3706	AF-0000000210676586	shard_1863_batch_0.tar	166555648	195567	2530304512	2923292
3288	4589	AF-0000000210676595	shard_1311_batch_0.tar	283385344	272592	6206978048	5521936
3288	4728	AF-0000000210676596	shard_1749_batch_0.tar	37301760	150095	654806016	1655847
3288	5187	AF-0000000210676597	shard_1667_batch_0.tar	52526080	126554	447582208	1124263
3288	5673	AF-0000000210676599	shard_1707_batch_0.tar	118447104	138879	1145112576	1408081
3288	16334	AF-0000000210676611	shard_1713_batch_0.tar	2637824	139410	866052096	1438323
3289	6376	AF-0000000210676651	shard_1610_batch_0.tar	6556160	106737	526200320	830253
3289	7339	AF-0000000203640995	shard_1526_batch_0.tar	45635584	85300	212259840	504544
3289	9795	AF-0000000203640982	shard_1728_batch_0.tar	103541248	140947	375343104	1445115
3289	11351	AF-0000000210676677	shard_1452_batch_0.tar	30734336	61366	128083456	250888
3289	12215	AF-0000000210676680	shard_1468_batch_0.tar	5523968	64913	283022848	300718
3289	13997	AF-0000000210676685	shard_1462_batch_0.tar	60873728	63144	209871872	283901
3289	16847	AF-0000000203640956	shard_1414_batch_0.tar	18952704	41917	94124544	114962
3290	15353	AF-0000000210676841	shard_1556_batch_1.tar	63309824	95137	279527936	577997
3294	7283	AF-0000000210677215	shard_1810_batch_0.tar	119761920	170252	2326852096	2172978
3294	16689	AF-0000000210677221	shard_1290_batch_0.tar	6029824	261107	2642045952	5000316
3295	3657	AF-0000000210677227	shard_1808_batch_1.tar	118245376	173762	1281189888	2216673
3295	4322	AF-0000000210677240	shard_1672_batch_1.tar	86983680	126356	580216832	1181668
3295	4339	AF-0000000210677242	shard_1722_batch_1.tar	120976896	144478	479446528	1482434
3295	10718	AF-0000000210677297	shard_1746_batch_1.tar	120614400	147940	779661312	1576051
3295	12018	AF-0000000210677303	shard_1222_batch_1.tar	168678912	202338	1892796416	2924517
3296	12628	AF-0000000210677353	shard_1610_batch_0.tar	46743552	107462	607207936	783344
3297	3563	AF-0000000210677356	shard_1533_batch_0.tar	6087680	87549	594259456	509036
3297	3670	AF-0000000210677357	shard_1561_batch_0.tar	4424704	94035	195551232	625705
3297	8542	AF-0000000210677369	shard_1561_batch_0.tar	32890368	94211	742483456	625912
3297	14481	AF-0000000210677372	shard_1557_batch_0.tar	93578752	94474	677818368	610970
3297	15823	AF-0000000210677373	shard_1563_batch_0.tar	22262272	96070	754955776	632611
3297	16060	AF-0000000210677375	shard_1571_batch_0.tar	78990848	98710	423828992	664529
3297	16400	AF-0000000210677377	shard_1551_batch_0.tar	56733696	92963	653639168	594740
3297	16401	AF-0000000210677378	shard_1569_batch_0.tar	65523712	98275	755220480	661600
3298	3098	AF-0000000204163698	shard_1812_batch_2.tar	64087552	165299	349514752	1918510
3299	4037	AF-0000000204136612	shard_1498_batch_1.tar	44205568	77910	310260224	413867
3299	4038	AF-0000000204136613	shard_1504_batch_1.tar	37304320	79546	488387584	433657
3299	4365	AF-0000000204136605	shard_1502_batch_1.tar	63863808	79856	304457728	423958
3299	4801	AF-0000000204136604	shard_1504_batch_1.tar	19394048	76460	322564608	438858
3299	4987	AF-0000000210678413	shard_1508_batch_1.tar	47879680	79333	324949504	450533
3299	5152	AF-0000000210678416	shard_1508_batch_1.tar	77007872	81013	546558976	456186
3300	3003	AF-0000000210607303	shard_1334_batch_1.tar	57600512	378738	9465350656	10477690
3300	3017	AF-0000000210609360	shard_1836_batch_1.tar	67923456	183842	382701056	2420269
3300	3751	AF-0000000210678444	shard_1300_batch_1.tar	144047616	275236	4317442560	5397989
3300	3873	AF-0000000210678447	shard_1874_batch_1.tar	189595648	203485	1112651776	2949255
3300	4687	AF-0000000210678462	shard_1306_batch_1.tar	35864576	286170	3037736960	5998488
3300	4704	AF-0000000210678466	shard_1286_batch_1.tar	11341824	262733	2659102208	4826469
3300	4706	AF-0000000210678468	shard_1330_batch_1.tar	339287552	340172	5982155776	8021083
3300	4923	AF-0000000210678473	shard_1326_batch_1.tar	137626624	336899	1914891264	8122706
3300	5157	AF-0000000210678477	shard_1306_batch_1.tar	57106944	285289	2232104960	5987531
3300	5768	AF-0000000210678482	shard_1856_batch_1.tar	18469888	196944	2370309120	2709134
3300	6841	AF-0000000210678503	shard_1270_batch_1.tar	51668992	244465	4590199296	4326593
3300	12322	AF-0000000210678530	shard_1292_batch_1.tar	101088768	262378	1118737408	4797152
3303	3598	AF-0000000210678570	shard_1494_batch_0.tar	8309248	76745	440087040	405056
3303	4681	AF-0000000210678589	shard_1550_batch_0.tar	57133568	94207	689508864	574969
3303	5729	AF-0000000210678596	shard_1464_batch_0.tar	7345152	67476	238824960	298361
3303	6015	AF-0000000210678600	shard_1484_batch_0.tar	47199232	74138	327045632	370135
3303	6301	AF-0000000210678603	shard_1712_batch_0.tar	114961920	141313	718859776	1373828
3303	7023	AF-0000000210678606	shard_1526_batch_0.tar	13954560	86844	346510336	491355
3303	8612	AF-0000000210678610	shard_1478_batch_0.tar	2081792	71878	449333760	330514
3303	9011	AF-0000000210678613	shard_1664_batch_0.tar	85043712	124775	924008448	1100799
3303	9223	AF-0000000210678614	shard_1466_batch_0.tar	62850560	66925	245990400	291205
3303	13953	AF-0000000210678625	shard_1242_batch_0.tar	5120512	226891	3056582656	3385147
3303	14719	AF-0000000210678626	shard_1540_batch_0.tar	51624960	90002	508936192	550175
3303	15793	AF-0000000210678628	shard_1528_batch_0.tar	14295552	88754	262928896	519496
3303	16595	AF-0000000210678630	shard_1470_batch_0.tar	60221440	70357	281670144	307022
3304	3782	AF-0000000210678673	shard_1550_batch_0.tar	58352128	92040	466168832	618719
3304	3920	AF-0000000210678675	shard_1792_batch_1.tar	15478272	162126	401145344	1902627
3304	3929	AF-0000000210678676	shard_1792_batch_0.tar	105896448	162214	1643787776	1946042
3304	4122	AF-0000000203775418	shard_1454_batch_0.tar	24354816	62189	133410304	257976
3304	5768	AF-0000000210678683	shard_1484_batch_0.tar	4195328	74659	453018624	362206
3304	15800	AF-0000000203775419	shard_1452_batch_0.tar	16592384	61176	351954432	262678
3306	3453	AF-0000000210678736	shard_1756_batch_0.tar	132845568	148750	1265750528	1732752
3306	5625	AF-0000000210678853	shard_1686_batch_0.tar	45623296	125419	1268625408	1262418
3306	12416	AF-0000000210679061	shard_1844_batch_0.tar	77203456	182957	1114366464	2471089
3307	3435	AF-0000000210679355	shard_1746_batch_2.tar	26998272	146116	525456896	1526427
3307	3579	AF-0000000210679357	shard_1578_batch_1.tar	73170944	98031	210965504	695069
3307	3773	AF-0000000210679360	shard_1750_batch_2.tar	52626944	147197	315055616	1549486
3307	3997	AF-0000000210679363	shard_1740_batch_2.tar	40512000	143402	826845696	1408742
3307	4180	AF-0000000210679365	shard_1782_batch_2.tar	9228288	155942	782822912	1776747
3307	4894	AF-0000000210679371	shard_1750_batch_2.tar	74852864	147237	581387264	1554161
3307	7180	AF-0000000210679383	shard_1319_batch_0.tar	2766848	294683	4950383104	6136338
3307	16644	AF-0000000210679410	shard_1271_batch_0.tar	191251968	240581	1647424512	4047047
3308	3309	AF-0000000210679411	shard_1767_batch_0.tar	155597824	155557	507634176	1728278
3308	3773	AF-0000000210679415	shard_1767_batch_0.tar	91160064	153373	435393536	1729094
3308	4180	AF-0000000210679420	shard_1797_batch_0.tar	153259520	162397	2088604160	1960790
3308	4894	AF-0000000210679424	shard_1767_batch_0.tar	154979328	153193	401680384	1716727
3308	7709	AF-0000000210679451	shard_1283_batch_0.tar	219966464	246336	3675643904	4144898
3308	16820	AF-0000000210679470	shard_1881_batch_0.tar	91994624	201258	2242821632	2809282
3308	16870	AF-0000000210679471	shard_1259_batch_0.tar	201193984	232127	3765839872	3521092
3308	17291	AF-0000000210679474	shard_1319_batch_0.tar	56725504	297503	3531734528	6297202
3309	3773	AF-0000000210679479	shard_1753_batch_0.tar	60638720	150388	476033024	1593611
3309	7129	AF-0000000210679503	shard_1321_batch_0.tar	45502464	301516	2877313536	6389656
3309	7180	AF-0000000210679506	shard_1319_batch_0.tar	266688000	296959	1373912064	6156694
3310	10567	AF-0000000210680372	shard_1624_batch_0.tar	76033024	114073	802995712	889576
3310	13818	AF-0000000210680396	shard_1798_batch_0.tar	154407424	169704	1911483392	2081074
3310	15084	AF-0000000210680409	shard_1792_batch_0.tar	70426624	166505	1881004032	2028553
3310	15750	AF-0000000210680417	shard_1624_batch_0.tar	98702336	115291	302487040	911745
3310	16178	AF-0000000210680423	shard_1768_batch_0.tar	33526272	157766	412052480	1823464
3310	17023	AF-0000000210680432	shard_1258_batch_0.tar	512	233621	3416185344	4111719
3311	3976	AF-0000000210680440	shard_1308_batch_1.tar	67675648	292434	970155008	6028974
3312	3216	AF-0000000210669845	shard_1772_batch_1.tar	143321600	155784	547152384	1823373
3312	4699	AF-0000000203919875	shard_1580_batch_1.tar	91446272	102058	314954240	714832
3312	6094	AF-0000000203919886	shard_1666_batch_1.tar	97502208	125117	828819968	1113367
3312	6646	AF-0000000203919882	shard_1694_batch_1.tar	113725952	133910	515083776	1234117
3313	9774	AF-0000000203870074	shard_1668_batch_1.tar	3393536	123529	1191190528	1097792
3313	12650	AF-0000000210680519	shard_1878_batch_1.tar	3425280	201317	2570966016	3045500
3314	3522	AF-0000000204008370	shard_1432_batch_0.tar	8129024	53518	253549568	180526
3314	5855	AF-0000000204008371	shard_1586_batch_1.tar	15271936	100770	817823744	708011
3314	12665	AF-0000000210680533	shard_1838_batch_1.tar	182667264	184811	1821746176	2484429
3315	3316	AF-0000000203888315	shard_1662_batch_1.tar	71179776	121763	422579712	1095255
3315	3503	AF-0000000210680802	shard_1830_batch_1.tar	47940096	183335	1745314816	2174280
3315	7281	AF-0000000203888317	shard_1550_batch_1.tar	80713216	94150	217094656	608218
3315	7970	AF-0000000210680809	shard_1836_batch_1.tar	128977920	175221	1210540544	2214891
3316	3081	AF-0000000210616139	shard_1798_batch_0.tar	52555776	162378	1071547904	2044630
3316	3215	AF-0000000203545479	shard_1886_batch_0.tar	92370944	206190	908738048	3268628
3316	3216	AF-0000000210669846	shard_1886_batch_0.tar	83170816	206348	1265541120	3282565
3316	3319	AF-0000000210680816	shard_1224_batch_0.tar	849408	207208	735191040	3287242
3316	3789	AF-0000000203545486	shard_1782_batch_0.tar	17783808	161165	770953728	1900092
3316	3806	AF-0000000210680844	shard_1832_batch_0.tar	117835776	175720	2465830400	2379170
3316	3897	AF-0000000210680846	shard_1234_batch_0.tar	164329984	215906	2836296704	3463474
3316	4338	AF-0000000210680869	shard_1808_batch_0.tar	115032576	170422	1356494336	2164809
3316	4427	AF-0000000203545480	shard_1886_batch_0.tar	86512640	206679	2884669952	3285776
3316	4697	AF-0000000210680892	shard_1278_batch_0.tar	186631168	245634	2602489344	4379761
3316	5038	AF-0000000210680907	shard_1294_batch_0.tar	13771776	265379	1864497152	5312833
3316	5315	AF-0000000203545482	shard_1886_batch_0.tar	26673152	206203	520586752	3244290
3316	6120	AF-0000000210680952	shard_1708_batch_0.tar	49107456	137116	394246656	1389400
3316	6190	AF-0000000210680957	shard_1258_batch_0.tar	112221696	234438	1788186624	3794682
3316	6352	AF-0000000203545483	shard_1848_batch_0.tar	44560896	185578	1287986176	2674323
3316	6458	AF-0000000210680965	shard_1308_batch_0.tar	108729344	280767	1184941568	5684193
3316	6471	AF-0000000210680966	shard_1840_batch_0.tar	95968256	185445	371082752	2623786
3316	6527	AF-0000000203545451	shard_1846_batch_0.tar	15406592	187916	889438208	2604323
3316	6558	AF-0000000210680974	shard_1848_batch_0.tar	143874560	184899	1131248640	2429230
3316	6974	AF-0000000210680994	shard_1808_batch_0.tar	36740096	168790	791875584	2105620
3316	7019	AF-0000000210680998	shard_1824_batch_0.tar	61649408	175267	622631424	2357001
3316	7104	AF-0000000203545546	shard_1760_batch_0.tar	101437952	152555	564423168	1744106
3316	8756	AF-0000000210681028	shard_1694_batch_0.tar	113264640	132260	519618048	1258864
3316	9814	AF-0000000203545574	shard_1286_batch_0.tar	49704448	254640	3264787968	4534755
3316	11795	AF-0000000210681068	shard_1808_batch_0.tar	150771200	170185	513676288	2181378
3316	11895	AF-0000000203545452	shard_1748_batch_0.tar	306176	149721	1675768832	1620340
3316	11993	AF-0000000210681076	shard_1270_batch_0.tar	11697664	242983	3669722624	4423002
3316	12085	AF-0000000210681082	shard_1766_batch_0.tar	69000704	154081	1367021056	1800610
3316	12440	AF-0000000210681091	shard_1676_batch_0.tar	63514112	125675	579220480	1152227
3316	12826	AF-0000000203545450	shard_1862_batch_0.tar	109426688	196635	2164122624	2746109
3316	13326	AF-0000000203545539	shard_1808_batch_0.tar	39988736	170544	1199740416	2144917
3316	13356	AF-0000000210681111	shard_1880_batch_0.tar	131903488	207401	1468667392	3125232
3316	13362	AF-0000000203545513	shard_1246_batch_0.tar	26973184	224603	1137139712	3771504
3316	13385	AF-0000000210681113	shard_1842_batch_0.tar	97036800	185700	2232767488	2600608
3316	13823	AF-0000000203545463	shard_1830_batch_0.tar	153705472	179621	2116926976	2426384
3316	14202	AF-0000000210681139	shard_1304_batch_0.tar	171573248	277368	934561280	5451416
3316	14548	AF-0000000210681146	shard_1282_batch_0.tar	41360384	248597	2894397440	4750041
3316	15644	AF-0000000210681165	shard_1800_batch_0.tar	109346816	166548	533508608	2066517
3316	16035	AF-0000000203545448	shard_1792_batch_0.tar	42028032	165146	546901504	2065910
3316	16081	AF-0000000203545449	shard_1784_batch_0.tar	59249664	160836	1227288576	1924157
3316	16133	AF-0000000203545540	shard_1250_batch_0.tar	104573952	229867	3885800960	3765593
3316	16563	AF-0000000203545509	shard_1706_batch_0.tar	125002752	135043	1376629760	1371011
3316	16806	AF-0000000210681193	shard_1256_batch_0.tar	194398208	234214	1495044608	3957792
3316	17023	AF-0000000210681199	shard_1294_batch_0.tar	239756800	263094	1040923648	5281279
3319	4288	AF-0000000210681685	shard_1740_batch_1.tar	78637056	145136	1305321984	1594231
3319	6527	AF-0000000210681919	shard_1844_batch_1.tar	68620800	185938	1823704064	2557184
3319	6605	AF-0000000210681923	shard_1828_batch_1.tar	144768000	177542	529425408	2406918
3319	6656	AF-0000000210681927	shard_1854_batch_1.tar	129999360	191114	2901050368	2645038
3319	7311	AF-0000000210681971	shard_1262_batch_1.tar	68432896	234599	911943168	4097981
3319	9119	AF-0000000210682023	shard_1794_batch_1.tar	110601216	162732	2105150464	2008624
3319	11993	AF-0000000210682115	shard_1268_batch_1.tar	90186752	240823	813065216	4380996
3319	12176	AF-0000000210682125	shard_1236_batch_1.tar	95348736	216717	1039798272	3437712
3319	12771	AF-0000000210682158	shard_1844_batch_1.tar	60218880	185733	1749635584	2620869
3319	13477	AF-0000000210682195	shard_1784_batch_1.tar	92588544	159471	1043871232	1937684
3319	13727	AF-0000000210682205	shard_1726_batch_1.tar	34681856	139591	535405568	1456801
3319	16404	AF-0000000210682325	shard_1816_batch_1.tar	9774080	173753	1650818560	2253483
3319	17023	AF-0000000210682363	shard_1292_batch_1.tar	137740800	260786	4919021056	5230453
3321	6236	AF-0000000210682457	shard_1724_batch_0.tar	29899264	137205	667471872	1327029
3325	4355	AF-0000000210682575	shard_1328_batch_1.tar	209782784	339822	2187110912	7982599
3325	5203	AF-0000000210682581	shard_1246_batch_0.tar	190785024	222744	2541475840	3517161
3325	5292	AF-0000000210682582	shard_1826_batch_0.tar	87953920	179135	421291008	2222128
3325	16080	AF-0000000210682635	shard_1326_batch_1.tar	233225216	328040	1945217536	7372072
3325	16455	AF-0000000210682639	shard_1334_batch_0.tar	155631104	369539	1938254336	9697455
3325	16981	AF-0000000210682642	shard_1278_batch_1.tar	83409408	247719	2657693696	4408298
3327	6072	AF-0000000210682740	shard_1244_batch_2.tar	99738624	222610	1187226624	3416859
3327	6276	AF-0000000210682743	shard_1732_batch_1.tar	52996608	144039	1182558208	1531611
3328	16726	AF-0000000204104542	shard_1720_batch_1.tar	43262976	141247	725744128	1417452
3329	4572	AF-0000000210682914	shard_1886_batch_1.tar	131165184	206983	1384631296	3301325
3331	3330	AF-0000000210682968	shard_1299_batch_0.tar	80434688	274752	930441728	4960587
3332	4994	AF-0000000203983798	shard_1498_batch_1.tar	62949888	75552	218782208	397131
3334	3687	AF-0000000210683087	shard_1788_batch_0.tar	140037120	165740	2170325504	2004478
3334	4369	AF-0000000210683091	shard_1790_batch_0.tar	2471936	166518	1387003392	1999115
3334	4539	AF-0000000210683092	shard_1788_batch_0.tar	146242560	165089	1138691072	1995867
3334	4776	AF-0000000210683093	shard_1836_batch_0.tar	31922176	183746	1706934272	2465559
3334	6166	AF-0000000210683094	shard_1784_batch_0.tar	25272320	162800	1644274688	1963307
3334	7188	AF-0000000210683097	shard_1800_batch_0.tar	118592000	169411	1185772544	2081046
3334	16126	AF-0000000210683112	shard_1778_batch_0.tar	39257600	163000	312076800	1916417
3335	3228	AF-0000000204237525	shard_1452_batch_1.tar	47983104	62619	325713920	258764
3335	3849	AF-0000000210683130	shard_1875_batch_0.tar	172561408	201345	1255008256	3049254
3335	6450	AF-0000000210683147	shard_1834_batch_2.tar	17670144	179543	1126771200	2343059
3335	7060	AF-0000000204237545	shard_1722_batch_2.tar	24809472	144486	395638272	1376509
3335	7142	AF-0000000210683151	shard_1456_batch_1.tar	51774976	63514	231804928	268327
3335	7568	AF-0000000210683153	shard_1750_batch_2.tar	13901824	148425	597065216	1606163
3335	7933	AF-0000000210683155	shard_1672_batch_2.tar	24784896	125717	462736384	1075904
3335	10270	AF-0000000204237533	shard_1756_batch_2.tar	36529664	153333	835715072	1644224
3335	10350	AF-0000000210683158	shard_1624_batch_2.tar	23876096	112102	256943616	896452
3335	12628	AF-0000000210683171	shard_1474_batch_1.tar	36075008	69868	326619648	330248
3335	12846	AF-0000000204237530	shard_1836_batch_2.tar	4372480	185515	218411008	2378664
3335	14914	AF-0000000210683176	shard_1480_batch_1.tar	54493696	72452	229978112	328584
3335	15780	AF-0000000210683180	shard_1776_batch_2.tar	65533952	159398	177948160	1807255
3335	16654	AF-0000000210683184	shard_1760_batch_2.tar	61694464	155138	696274944	1755156
3336	3328	AF-0000000210682810	shard_1630_batch_2.tar	50981888	114744	502526464	893082
3336	5206	AF-0000000210683195	shard_1698_batch_2.tar	7399936	132277	750970880	1260388
3336	6450	AF-0000000210683202	shard_1834_batch_2.tar	1452544	179109	620310016	2346962
3336	7568	AF-0000000210683209	shard_1750_batch_2.tar	67348992	147810	748672512	1626749
3336	10270	AF-0000000210683212	shard_1756_batch_2.tar	26896384	152637	714744320	1646865
3336	10350	AF-0000000210683215	shard_1624_batch_2.tar	12375040	111781	287333888	905907
3336	12628	AF-0000000210683223	shard_1474_batch_1.tar	33526784	69585	305505792	329325
3336	15780	AF-0000000210683230	shard_1776_batch_2.tar	18203648	159076	320820224	1806220
3338	3319	AF-0000000210681595	shard_1318_batch_0.tar	183499776	305218	5276390400	6693536
3338	4259	AF-0000000210683277	shard_1318_batch_0.tar	301009408	305414	6096951808	6514378
3338	5616	AF-0000000210683291	shard_1260_batch_0.tar	50094592	236350	3894280704	3879480
3338	5661	AF-0000000210683292	shard_1262_batch_0.tar	137572864	237119	3886207488	3891631
3338	5687	AF-0000000210683293	shard_1272_batch_0.tar	167141376	245674	2621883392	4166821
3338	5770	AF-0000000210683297	shard_1262_batch_0.tar	16320512	237034	2008516096	3892448
3338	5775	AF-0000000210683298	shard_1272_batch_0.tar	137272320	244499	4508966400	4160082
3338	8122	AF-0000000210683313	shard_1310_batch_0.tar	185027584	292170	3274590208	5720042
3338	9263	AF-0000000210683314	shard_1298_batch_0.tar	169174016	272206	2194818048	5275719
3338	14473	AF-0000000210683334	shard_1336_batch_0.tar	353654272	384457	4117983232	10617231
3339	13002	AF-0000000210683499	shard_1710_batch_1.tar	82505728	134460	365919744	1352265
3339	14534	AF-0000000210683519	shard_1636_batch_1.tar	111058432	114611	823188992	956255
3339	14572	AF-0000000210683521	shard_1544_batch_1.tar	27542528	89764	487133184	579703
3339	14965	AF-0000000210683526	shard_1306_batch_1.tar	113973248	281844	5412620800	5217122
3339	15468	AF-0000000210683536	shard_1732_batch_1.tar	28702720	140129	859850752	1532507
3339	15663	AF-0000000210683541	shard_1740_batch_1.tar	30488064	141178	1374894080	1583714
3340	4826	AF-0000000210683575	shard_1310_batch_1.tar	154797568	289740	5780410880	5730199
3340	12044	AF-0000000210683599	shard_1772_batch_0.tar	7258112	157865	1294746624	1766709
3341	12112	AF-0000000210683641	shard_1512_batch_1.tar	69596672	82264	423197184	448811
3341	12566	AF-0000000210683643	shard_1702_batch_2.tar	3529216	135301	401491968	1303692
3341	12985	AF-0000000210683644	shard_1804_batch_2.tar	11549184	172446	868388352	1948946
3341	16611	AF-0000000210683654	shard_1772_batch_2.tar	70440448	157455	741139968	1828274
3342	4999	AF-0000000210683686	shard_1818_batch_0.tar	94819840	169749	1054670336	2105779
3342	5073	AF-0000000210683688	shard_1812_batch_0.tar	67385344	170923	430197760	2103154
3343	3755	AF-0000000204750311	shard_1777_batch_0.tar	152880128	165404	1732921856	1846743
3343	5198	AF-0000000210683887	shard_1843_batch_0.tar	47345152	186577	2723882496	2474600
3343	6595	AF-0000000210683926	shard_1333_batch_0.tar	129301504	343543	5392507904	8639854
3343	6701	AF-0000000204750326	shard_1259_batch_0.tar	13334016	241278	3321366528	3970517
3343	8705	AF-0000000210683960	shard_1851_batch_0.tar	5683712	196234	2825111552	2620560
3343	8721	AF-0000000204750268	shard_1887_batch_0.tar	74889728	215636	2518338560	3146301
3343	14125	AF-0000000210684020	shard_1289_batch_0.tar	181918720	270980	1179420672	4754517
3343	16687	AF-0000000210684059	shard_1289_batch_0.tar	162676736	262635	1920318464	4705631
3345	4809	AF-0000000210684391	shard_1223_batch_0.tar	153223680	198853	2285179904	2973299
3345	5703	AF-0000000210684414	shard_1443_batch_0.tar	54816256	58513	298573312	208195
3345	6765	AF-0000000210684451	shard_1867_batch_0.tar	150696960	201316	733801472	2855358
3345	13956	AF-0000000210684517	shard_1659_batch_0.tar	99999232	119384	992903168	1031673
3345	16559	AF-0000000210684540	shard_1663_batch_0.tar	37716992	118892	283058176	1017738
3348	3773	AF-0000000210684643	shard_1734_batch_0.tar	144763904	140606	1216549888	1437927
3348	6262	AF-0000000210684669	shard_1738_batch_0.tar	20526080	143056	1298250240	1488523
3348	7129	AF-0000000210684672	shard_1316_batch_1.tar	268481536	291537	1421301248	6156821
3348	7180	AF-0000000210684673	shard_1314_batch_1.tar	42571264	287895	3168043008	5981086
3348	13205	AF-0000000210684693	shard_1746_batch_0.tar	66019840	147170	1235922944	1569632
3348	14818	AF-0000000210684697	shard_1588_batch_0.tar	38610432	100713	284518400	724578
3349	3929	AF-0000000210684996	shard_1806_batch_0.tar	14551040	167207	1442448896	2083076
3349	11683	AF-0000000203775307	shard_1664_batch_0.tar	108181504	124029	412256768	1066982
3349	15802	AF-0000000203775306	shard_1736_batch_0.tar	97018880	146541	1742854144	1522954
3350	3721	AF-0000000203816482	shard_1490_batch_0.tar	66384384	75692	214829568	367829
3350	4371	AF-0000000210685032	shard_1650_batch_0.tar	36268032	121303	276528128	1053622
3350	4436	AF-0000000210685033	shard_1672_batch_1.tar	120859136	129184	370810880	1177531
3350	4475	AF-0000000203816478	shard_1654_batch_0.tar	28289536	121529	793573888	1072248
3350	4650	AF-0000000210685036	shard_1556_batch_0.tar	33998336	95923	723476992	584515
3350	5018	AF-0000000203816516	shard_1560_batch_0.tar	31024640	96356	317683200	593687
3350	5019	AF-0000000210685038	shard_1276_batch_1.tar	86794752	246803	955804160	4349219
3350	5020	AF-0000000210685039	shard_1552_batch_0.tar	58272768	94198	389790208	570492
3350	5021	AF-0000000210685040	shard_1714_batch_1.tar	46159872	142732	1096884736	1341500
3350	5502	AF-0000000210685041	shard_1538_batch_0.tar	36071936	91048	620966912	514637
3350	5751	AF-0000000210685042	shard_1632_batch_0.tar	61040128	114919	840470016	870019
3350	5754	AF-0000000210685043	shard_1630_batch_0.tar	61089792	115084	955101184	881342
3350	6271	AF-0000000210685050	shard_1554_batch_0.tar	11726336	94806	301680640	575073
3350	6636	AF-0000000210685052	shard_1536_batch_0.tar	10628608	89908	448094208	546471
3350	6733	AF-0000000203816481	shard_1488_batch_0.tar	40887296	75148	196264448	361333
3350	8932	AF-0000000203816505	shard_1640_batch_0.tar	40788480	118038	799490048	980425
3350	9449	AF-0000000210685057	shard_1856_batch_1.tar	177936384	193697	2004241408	2817250
3350	11588	AF-0000000203816521	shard_1856_batch_1.tar	139116544	196119	1518430720	2756978
3350	14871	AF-0000000203816483	shard_1632_batch_0.tar	112270336	115191	477698048	880969
3350	15328	AF-0000000203816515	shard_1570_batch_0.tar	9871360	100619	639495680	631667
3352	3601	AF-0000000203643539	shard_1850_batch_0.tar	181405184	192022	790638592	2655062
3358	14131	AF-0000000210685773	shard_1420_batch_1.tar	144384	45490	111493120	135619
3362	3799	AF-0000000210686299	shard_1656_batch_0.tar	6709248	121379	254200320	1029765
3362	3834	AF-0000000210686300	shard_1580_batch_0.tar	59330048	101361	863101952	717340
3362	3933	AF-0000000210686302	shard_1610_batch_0.tar	107731968	106745	867394560	803806
3362	3996	AF-0000000210686304	shard_1682_batch_0.tar	50132992	124238	371095552	1156427
3362	4032	AF-0000000210686306	shard_1570_batch_0.tar	24786432	100179	606319104	652842
3362	4033	AF-0000000210686307	shard_1644_batch_0.tar	71244800	119250	363939328	965423
3362	4257	AF-0000000210686323	shard_1574_batch_0.tar	65867264	99642	330807296	647633
3362	4258	AF-0000000210686324	shard_1576_batch_0.tar	76016128	99260	630313472	642032
3362	4363	AF-0000000210686328	shard_1574_batch_0.tar	29645312	97882	468730880	686085
3362	4716	AF-0000000210686342	shard_1502_batch_0.tar	20971520	77061	510922752	421899
3362	4718	AF-0000000210686344	shard_1508_batch_0.tar	60993024	79506	528957952	412754
3362	7017	AF-0000000210686418	shard_1584_batch_0.tar	26382336	101538	209124352	736037
3362	9119	AF-0000000210686443	shard_1620_batch_0.tar	51553280	110400	412433920	856277
3362	9303	AF-0000000210686444	shard_1792_batch_0.tar	28319744	164701	900818432	1958004
3362	11824	AF-0000000210686462	shard_1298_batch_0.tar	168634368	271919	4155015168	4896944
3362	13816	AF-0000000210686496	shard_1644_batch_0.tar	21794816	117295	345598464	991102
3362	14770	AF-0000000210686509	shard_1584_batch_0.tar	43323392	100713	214239232	717070
3362	15682	AF-0000000210686524	shard_1866_batch_0.tar	124212736	199135	948790784	2678278
3363	3758	AF-0000000210686566	shard_1759_batch_0.tar	57577472	142634	1710743040	1543393
3363	4158	AF-0000000210686570	shard_1761_batch_0.tar	131339264	145208	505914880	1523334
3363	4463	AF-0000000204663851	shard_1799_batch_0.tar	80301568	159563	1104642048	1837703
3363	5832	AF-0000000210686587	shard_1271_batch_0.tar	231434240	234924	1166202368	4052778
3363	6451	AF-0000000210686596	shard_1283_batch_0.tar	128969216	241088	2524729856	4279824
3363	6928	AF-0000000210686601	shard_1801_batch_0.tar	125489152	157040	576582144	1818257
3363	7128	AF-0000000210686603	shard_1747_batch_0.tar	21787136	139269	500660736	1456355
3363	7813	AF-0000000210686606	shard_1313_batch_0.tar	119235072	287805	4060509696	5704170
3363	10115	AF-0000000210686611	shard_1815_batch_0.tar	117967872	163606	2432579584	2006432
3363	10364	AF-0000000210686612	shard_1259_batch_0.tar	37421056	221382	503068160	3496573
3363	12222	AF-0000000204663845	shard_1257_batch_0.tar	82358272	216920	1290008064	3466714
3366	3852	AF-0000000210686740	shard_1600_batch_1.tar	10880512	103140	320410624	699733
3366	6864	AF-0000000210686760	shard_1622_batch_1.tar	81017856	110274	798481408	822148
3367	3371	AF-0000000210686798	shard_1460_batch_0.tar	49160704	64915	143592448	288791
3367	3592	AF-0000000210686805	shard_1580_batch_0.tar	57085952	101938	615651328	719759
3367	4522	AF-0000000210686815	shard_1282_batch_0.tar	79605248	255455	1739108864	4544274
3367	4610	AF-0000000210686818	shard_1498_batch_0.tar	43651072	78534	527249408	411035
3367	6492	AF-0000000210686839	shard_1688_batch_0.tar	125475840	132535	766724096	1217457
3367	11713	AF-0000000210686852	shard_1486_batch_0.tar	41287680	73644	238081536	356608
3367	11961	AF-0000000210686854	shard_1702_batch_0.tar	132947968	132023	723056128	1287145
3367	16346	AF-0000000210686873	shard_1612_batch_0.tar	66120704	109341	633269760	831211
3367	16379	AF-0000000210686874	shard_1450_batch_0.tar	27440128	60763	156476928	253787
3368	5310	AF-0000000203679502	shard_1630_batch_0.tar	84753920	113400	1073262080	907530
3368	16561	AF-0000000210686927	shard_1634_batch_0.tar	9423360	116747	712719360	951485
3369	4126	AF-0000000210687071	shard_1718_batch_2.tar	31358464	140626	686082560	1378601
3369	4877	AF-0000000210687101	shard_1236_batch_2.tar	58452992	217442	1832812032	3349735
3369	5731	AF-0000000210687135	shard_1742_batch_1.tar	71956480	147429	1624175616	1543817
3369	5977	AF-0000000210687159	shard_1318_batch_2.tar	120516096	303531	2076162048	6485376
3369	10261	AF-0000000210687250	shard_1878_batch_2.tar	77192704	201855	355400192	2981449
3369	10860	AF-0000000210687257	shard_1750_batch_2.tar	22324224	149949	346478080	1571376
3369	11016	AF-0000000210687261	shard_1826_batch_2.tar	32185856	175790	842529792	2169239
3369	12001	AF-0000000210687279	shard_1242_batch_2.tar	26633728	218091	750699008	3333081
3369	13292	AF-0000000210687303	shard_1266_batch_2.tar	65150976	238582	663642624	3884575
3369	13415	AF-0000000210687309	shard_1320_batch_2.tar	54265344	300849	835522048	6396799
3369	13517	AF-0000000210687314	shard_1672_batch_1.tar	70305280	126227	931172864	1121894
3369	14102	AF-0000000210687326	shard_1860_batch_2.tar	40227840	193361	800974336	2653682
3369	14835	AF-0000000210687344	shard_1714_batch_2.tar	54669312	137620	310245376	1333781
3369	15471	AF-0000000210687364	shard_1790_batch_2.tar	17771520	164737	497353216	1895956
3369	16984	AF-0000000210687399	shard_1228_batch_2.tar	80466944	210591	582445056	3240349
3370	3411	AF-0000000204125863	shard_1784_batch_2.tar	28916224	162736	674999296	1919656
3370	4167	AF-0000000204125833	shard_1240_batch_2.tar	46668800	220158	819479552	3564750
3370	4181	AF-0000000210687863	shard_1258_batch_2.tar	30556160	231354	916514304	3803875
3370	4459	AF-0000000210687872	shard_1592_batch_1.tar	1371136	102614	217771008	777594
3370	4461	AF-0000000210687874	shard_1250_batch_2.tar	109669376	224871	736733184	3735167
3370	4586	AF-0000000204125830	shard_1484_batch_1.tar	28052480	72053	142217216	346457
3370	5040	AF-0000000210687889	shard_1566_batch_1.tar	43664896	92156	322106368	633476
3370	5671	AF-0000000210687902	shard_1464_batch_1.tar	47974912	66001	351011328	267360
3370	6653	AF-0000000204125856	shard_1620_batch_1.tar	59070976	111364	890865664	868019
3370	9853	AF-0000000210687963	shard_1870_batch_2.tar	68895744	200913	1098615296	2804666
3370	10892	AF-0000000204125864	shard_1260_batch_2.tar	80720384	234601	260898304	3709673
3370	13248	AF-0000000210687992	shard_1754_batch_2.tar	24869888	147782	911604224	1644429
3370	15157	AF-0000000210688016	shard_1552_batch_1.tar	28235776	92756	558803968	584570
3370	15189	AF-0000000210688017	shard_1610_batch_1.tar	103589376	106606	560055296	823057
3370	15886	AF-0000000210688027	shard_1886_batch_2.tar	72912896	197104	725773824	2934206
3370	16243	AF-0000000210688036	shard_1696_batch_1.tar	44055552	131029	566988288	1254061
3370	16588	AF-0000000204125852	shard_1788_batch_2.tar	61719552	162861	897382400	1909890
3372	3929	AF-0000000210688418	shard_1816_batch_1.tar	62657536	171043	633198592	2193307
3372	8153	AF-0000000210688451	shard_1600_batch_0.tar	90289152	106833	606123008	750851
3372	15800	AF-0000000210688469	shard_1478_batch_0.tar	15845376	70563	183550464	347707
3373	3738	AF-0000000203930627	shard_1842_batch_1.tar	147593216	175699	1852314112	2294370
3374	4213	AF-0000000210688494	shard_1332_batch_2.tar	46249984	358392	4066313216	8360464
3374	7233	AF-0000000210688503	shard_1272_batch_2.tar	38620672	237976	1245178880	3926013
3375	3084	AF-0000000203664899	shard_1408_batch_0.tar	13779968	35842	109806592	72124
3375	3270	AF-0000000203664902	shard_1406_batch_0.tar	24675328	34226	75181056	67017
3375	3485	AF-0000000203664908	shard_1408_batch_0.tar	12635136	36793	79120384	78377
3375	4011	AF-0000000203664907	shard_1408_batch_0.tar	10087424	36451	106778112	74888
3375	4012	AF-0000000203664900	shard_1408_batch_0.tar	21474304	36682	74531328	75544
3375	6073	AF-0000000203664904	shard_1410_batch_0.tar	14432768	38863	109752320	89709
3375	9537	AF-0000000203664903	shard_1408_batch_0.tar	10678784	35050	132748800	69415
3375	11634	AF-0000000203664909	shard_1408_batch_0.tar	2937856	36454	110162432	76043
3376	4975	AF-0000000210688604	shard_1794_batch_1.tar	126855168	165688	1941628928	1902215
3377	15675	AF-0000000203762980	shard_1538_batch_0.tar	39848448	89686	231239168	549606
3378	7048	AF-0000000210688652	shard_1336_batch_0.tar	145690624	388305	10824840704	10911872
3379	3378	AF-0000000210688636	shard_1326_batch_0.tar	299045888	312742	4670178304	7533627
3385	7664	AF-0000000210689234	shard_1652_batch_1.tar	80669184	122367	906310144	1037384
3385	7688	AF-0000000210689235	shard_1586_batch_1.tar	37588992	103288	387693568	690494
3385	7743	AF-0000000204146961	shard_1712_batch_2.tar	44954112	133250	505979392	1196621
3385	8132	AF-0000000210689236	shard_1878_batch_2.tar	36864000	193881	1095009792	2639271
3385	8244	AF-0000000204146966	shard_1694_batch_2.tar	53951488	126848	563783168	1164341
3385	8721	AF-0000000204146960	shard_1624_batch_1.tar	86962688	114559	1047838208	855822
3385	9814	AF-0000000204146975	shard_1826_batch_2.tar	3052032	176470	1196845056	2060066
3385	12351	AF-0000000210689248	shard_1572_batch_1.tar	11816448	99940	425802240	659130
3385	14803	AF-0000000204146969	shard_1676_batch_1.tar	75269632	127417	1153745920	1148543
3385	15006	AF-0000000210689264	shard_1514_batch_1.tar	37595648	81858	596937728	450017
3385	16202	AF-0000000204146972	shard_1418_batch_1.tar	32875520	47015	148160512	126723
3385	16741	AF-0000000210689266	shard_1722_batch_2.tar	41571840	139428	373214208	1380930
3386	4255	AF-0000000210689273	shard_1860_batch_1.tar	89109504	194134	392727552	2692005
3386	7072	AF-0000000210689298	shard_1518_batch_1.tar	84483584	83940	312576000	442159
3386	7298	AF-0000000210689300	shard_1800_batch_1.tar	146801664	164927	1375455232	1934388
3386	12477	AF-0000000210689320	shard_1622_batch_1.tar	106147328	111167	572613632	813086
3387	3407	AF-0000000210689356	shard_1746_batch_0.tar	93038080	150260	1573751296	1607574
3388	3265	AF-0000000210672822	shard_1480_batch_0.tar	15593984	71342	169833472	346754
3388	3429	AF-0000000210689422	shard_1476_batch_0.tar	215552	69982	148127744	328403
3388	3549	AF-0000000210689423	shard_1848_batch_0.tar	148776960	192531	2101904896	2596615
3388	3620	AF-0000000210689425	shard_1282_batch_1.tar	157244416	262393	1493372928	4917236
3388	4563	AF-0000000210689445	shard_1734_batch_0.tar	129286144	145431	626575872	1530236
3388	4766	AF-0000000210689449	shard_1766_batch_0.tar	67911168	156805	1504684544	1752916
3389	3227	AF-0000000203769229	shard_1460_batch_0.tar	45473792	66493	154676224	284333
3389	4766	AF-0000000210689488	shard_1738_batch_0.tar	125746688	148897	397637632	1572080
3391	9629	AF-0000000210689815	shard_1644_batch_1.tar	71598592	113964	686048768	991210
3392	3392	AF-0000000210689837	shard_1710_batch_1.tar	43823616	136346	1400271872	1255093
3392	3671	AF-0000000203938262	shard_1710_batch_1.tar	25498624	138097	493381120	1270604
3392	3727	AF-0000000204137618	shard_1620_batch_1.tar	81241088	112512	970153984	849552
3392	12477	AF-0000000210689855	shard_1644_batch_0.tar	92855808	117485	361261056	927466
3392	15581	AF-0000000203682808	shard_1608_batch_0.tar	53971456	107902	447415296	811539
3394	3704	AF-0000000203548480	shard_1706_batch_0.tar	48122880	138259	724995584	1372301
3394	6163	AF-0000000203548479	shard_1744_batch_0.tar	74818560	148945	733958144	1572387
3394	9921	AF-0000000210690024	shard_1230_batch_0.tar	105310720	214291	2743666176	3340633
3394	16334	AF-0000000203548486	shard_1704_batch_0.tar	114009600	136145	1228647424	1357774
3395	3394	AF-0000000203548611	shard_1694_batch_0.tar	40905216	134669	455749632	1299299
3395	3704	AF-0000000203548613	shard_1712_batch_0.tar	69528576	140762	1134641152	1412695
3395	3899	AF-0000000210690036	shard_1724_batch_0.tar	11946496	144406	1061168640	1493966
3395	3900	AF-0000000203548612	shard_1752_batch_0.tar	150236160	151330	323497472	1691018
3395	4547	AF-0000000203548615	shard_1760_batch_0.tar	42321408	155570	1739078144	1710629
3395	4728	AF-0000000203548631	shard_1746_batch_0.tar	121119744	149402	1766722048	1622592
3395	6163	AF-0000000203548607	shard_1750_batch_0.tar	116613120	151957	1589460992	1667934
3395	8250	AF-0000000203548619	shard_1610_batch_0.tar	73051648	110143	677947904	868934
3395	14190	AF-0000000203548668	shard_1300_batch_0.tar	61798912	269432	911221248	5551936
3396	4547	AF-0000000203548593	shard_1788_batch_0.tar	74692096	165659	983238144	1912218
3397	3327	AF-0000000210682680	shard_1694_batch_1.tar	17480704	131541	1119886336	1120408
3397	3328	AF-0000000210682812	shard_1754_batch_1.tar	96983040	152428	1774656000	1603805
3397	3895	AF-0000000210690615	shard_1710_batch_2.tar	2638336	137089	732425216	1214736
3397	10527	AF-0000000210690663	shard_1700_batch_1.tar	48010752	134559	745194496	1233907
3398	3425	AF-0000000203718292	shard_1590_batch_0.tar	57920000	101758	458336768	669808
3399	3370	AF-0000000204631783	shard_1783_batch_0.tar	100071424	158072	827347456	1808167
3399	3400	AF-0000000210690915	shard_1251_batch_0.tar	172434432	224800	2092567040	3633140
3399	4168	AF-0000000210690924	shard_1845_batch_0.tar	20772864	184877	1240598016	2444656
3399	5681	AF-0000000210690936	shard_1817_batch_0.tar	11684864	172794	2014724608	2171669
3399	10048	AF-0000000210690955	shard_1249_batch_0.tar	151746560	222764	3002032128	3566341
3399	14710	AF-0000000210690962	shard_1247_batch_0.tar	181539840	219193	1411931648	3459483
3399	15988	AF-0000000204631782	shard_1877_batch_0.tar	19780096	199231	1165179904	2897049
3400	13422	AF-0000000210690998	shard_1845_batch_0.tar	39699456	186646	986622976	2445814
3401	3529	AF-0000000210691090	shard_1246_batch_0.tar	128994816	228894	3472126976	3698900
3401	6269	AF-0000000210691152	shard_1308_batch_0.tar	141684736	292689	1961121280	6307729
3401	14797	AF-0000000210691218	shard_1316_batch_0.tar	266187264	293903	831622656	6013758
3403	12665	AF-0000000210691367	shard_1848_batch_1.tar	60057088	189298	419400704	2657194
3403	12860	AF-0000000204029538	shard_1554_batch_1.tar	80592384	96983	551065088	587164
3404	3515	AF-0000000210691377	shard_1290_batch_0.tar	258556416	258396	2265664512	4767556
3404	3908	AF-0000000210691399	shard_1300_batch_0.tar	130308608	272217	2165885440	5378196
3404	4075	AF-0000000210691407	shard_1296_batch_0.tar	27246592	265746	1457497088	5234684
3404	4446	AF-0000000210691426	shard_1294_batch_0.tar	223703040	263494	3620219392	4946898
3404	5391	AF-0000000210691478	shard_1284_batch_0.tar	60693504	254332	582533120	4706063
3404	5392	AF-0000000210691479	shard_1298_batch_0.tar	180306432	269083	1097843712	5270033
3404	5758	AF-0000000210691521	shard_1826_batch_0.tar	88673280	179195	2312564736	2228186
3404	5775	AF-0000000210691528	shard_1836_batch_0.tar	27865600	182789	2285716992	2335591
3404	6556	AF-0000000210691559	shard_1226_batch_0.tar	143286784	210647	1539316736	3175746
3404	6769	AF-0000000210691570	shard_1270_batch_0.tar	31824896	241691	4362265600	4138760
3404	9745	AF-0000000210691605	shard_1286_batch_0.tar	188104192	255249	2064999936	4709755
3404	13363	AF-0000000210691636	shard_1326_batch_0.tar	30320640	327313	7657117696	7246483
3404	15200	AF-0000000210691656	shard_1280_batch_0.tar	6803968	249178	1025263616	4332868
3404	16690	AF-0000000210691676	shard_1328_batch_0.tar	191838208	329551	4541569536	7459633
3407	3089	AF-0000000210617156	shard_1815_batch_0.tar	63959552	174090	803034624	2230532
3407	3620	AF-0000000210691937	shard_1311_batch_0.tar	216462336	296885	3592718848	6402942
3407	4467	AF-0000000210692024	shard_1585_batch_0.tar	48420864	101482	304141312	702253
3407	4625	AF-0000000210692039	shard_1295_batch_0.tar	130721280	267256	4865646080	4975519
3407	4695	AF-0000000210692049	shard_1287_batch_0.tar	92435968	262076	3375412224	5060642
3407	4702	AF-0000000210692050	shard_1591_batch_0.tar	732160	103809	415126528	754015
3407	4703	AF-0000000210692051	shard_1805_batch_0.tar	86474240	169896	2080601600	2137432
3407	4766	AF-0000000210692057	shard_1851_batch_0.tar	30822400	191279	1095634944	2665639
3407	5819	AF-0000000210692123	shard_1827_batch_0.tar	124431872	177792	2404913152	2286535
3407	6265	AF-0000000210692148	shard_1283_batch_0.tar	4846080	250353	1579206144	4496392
3407	6492	AF-0000000210692164	shard_1829_batch_0.tar	156340224	180503	1625042944	2335496
3407	6850	AF-0000000210692202	shard_1241_batch_0.tar	52492800	220224	1976523264	3487699
3407	7100	AF-0000000210692210	shard_1807_batch_0.tar	134935040	167567	1930531328	2073713
3407	10435	AF-0000000210692275	shard_1731_batch_0.tar	118433280	145026	736965632	1513650
3407	10615	AF-0000000210692278	shard_1879_batch_0.tar	66467840	202449	1759347712	2999354
3407	11961	AF-0000000210692302	shard_1837_batch_0.tar	97726976	180769	1507057664	2436740
3407	16298	AF-0000000210692399	shard_1787_batch_0.tar	63161856	161481	1593950720	1858578
3409	3411	AF-0000000210692623	shard_1235_batch_1.tar	115251200	218805	1090969600	3541440
3409	4216	AF-0000000210692659	shard_1869_batch_1.tar	151126528	198695	3055982080	2964847
3409	4992	AF-0000000210692688	shard_1773_batch_0.tar	59333120	156623	489782272	1843159
3409	5039	AF-0000000210692690	shard_1273_batch_1.tar	174014464	249338	2189673472	4569195
3409	5087	AF-0000000210692695	shard_1779_batch_0.tar	65814528	163582	730978816	1953730
3409	5510	AF-0000000210692712	shard_1781_batch_0.tar	40387584	157622	1041930240	1889568
3409	5990	AF-0000000210692731	shard_1841_batch_1.tar	52228096	183902	1507383808	2476738
3409	6329	AF-0000000210692743	shard_1851_batch_1.tar	108879360	189143	2698888704	2529245
3409	6458	AF-0000000210692745	shard_1303_batch_1.tar	67579904	276119	4614096896	5426842
3409	6529	AF-0000000210692749	shard_1759_batch_0.tar	111225344	154156	1384927232	1676257
3409	8233	AF-0000000210692785	shard_1313_batch_1.tar	84623360	291975	1285938176	6250937
3409	9885	AF-0000000210692805	shard_1655_batch_0.tar	39238144	123374	611299328	1083829
3409	10079	AF-0000000210692808	shard_1821_batch_1.tar	22109696	178205	2407843328	2332788
3409	13771	AF-0000000210692859	shard_1699_batch_0.tar	128569344	134230	743250944	1304249
3409	14398	AF-0000000210692868	shard_1241_batch_1.tar	198230528	223897	733622272	3495956
3409	15073	AF-0000000210692880	shard_1829_batch_1.tar	40947200	180481	2148152832	2463770
3409	16132	AF-0000000210692903	shard_1855_batch_1.tar	98843136	192832	2942793216	2787699
3410	3672	AF-0000000210693824	shard_1584_batch_1.tar	20958208	96837	560448512	664128
3410	7264	AF-0000000203976151	shard_1466_batch_0.tar	51161600	65791	278046720	280415
3410	13314	AF-0000000210693835	shard_1770_batch_1.tar	105248256	150295	1748699136	1566231
3411	3340	AF-0000000210683565	shard_1863_batch_1.tar	160052736	197089	1293770752	2768769
3411	3579	AF-0000000204830605	shard_1731_batch_0.tar	135257600	143811	1044938240	1527426
3411	3941	AF-0000000210693932	shard_1233_batch_1.tar	76541952	212841	3521793536	3438242
3411	5820	AF-0000000210693969	shard_1285_batch_1.tar	218882560	257629	3321413120	4711802
3411	7664	AF-0000000210694002	shard_1229_batch_1.tar	133678592	214792	2782548480	3239802
3411	10079	AF-0000000210694019	shard_1863_batch_1.tar	60692992	196273	1801300992	2850529
3411	10870	AF-0000000210694024	shard_1261_batch_1.tar	38072320	237056	2652738560	4057666
3411	10972	AF-0000000210694025	shard_1265_batch_1.tar	175360512	238679	732389376	3935539
3411	12325	AF-0000000210694043	shard_1251_batch_1.tar	212474368	225947	2797949952	3556005
3411	13205	AF-0000000210694051	shard_1865_batch_1.tar	160864768	199378	2855413760	2867056
3411	13880	AF-0000000210694066	shard_1737_batch_0.tar	9780224	145665	1338547200	1542941
3412	3370	AF-0000000210687851	shard_1565_batch_0.tar	1169920	95705	294124544	651634
3412	3571	AF-0000000210694205	shard_1569_batch_0.tar	25284096	96471	510210048	663490
3412	4350	AF-0000000210694211	shard_1557_batch_0.tar	77860864	93804	672322560	624347
3412	5705	AF-0000000210694216	shard_1561_batch_0.tar	50514944	95539	556645888	636028
3412	6170	AF-0000000210694219	shard_1557_batch_0.tar	37898240	94180	395968512	620821
3413	4938	AF-0000000210694236	shard_1858_batch_2.tar	48885248	191491	1323390976	2687663
3413	13285	AF-0000000210694252	shard_1316_batch_2.tar	73165312	302856	3133750272	6192606
3414	4012	AF-0000000203640143	shard_1418_batch_0.tar	4596224	46816	140316160	130894
3415	3670	AF-0000000203903214	shard_1466_batch_0.tar	63189504	65371	196850176	292141
3415	9612	AF-0000000210694543	shard_1504_batch_1.tar	26236928	75688	519905280	391429
3415	10949	AF-0000000210694547	shard_1628_batch_1.tar	101756416	114744	356656640	904960
3416	3928	AF-0000000210694823	shard_1868_batch_1.tar	142515200	195198	1328358400	2768396
3416	15826	AF-0000000210694861	shard_1852_batch_1.tar	164137984	190661	907584512	2605264
3416	16854	AF-0000000210694862	shard_1790_batch_1.tar	117268992	164143	476672512	1908615
3417	4002	AF-0000000210694894	shard_1742_batch_1.tar	59553792	146366	626087936	1634740
3417	9323	AF-0000000210694924	shard_1428_batch_0.tar	40856064	48934	165922304	167602
3417	14861	AF-0000000210694939	shard_1294_batch_1.tar	61699072	263550	3369923584	4880024
3418	3619	AF-0000000210694949	shard_1600_batch_1.tar	95872000	106846	866417152	742381
3418	4629	AF-0000000210694962	shard_1446_batch_0.tar	10209792	59620	259601920	236822
3420	7940	AF-0000000210695062	shard_1786_batch_1.tar	44731392	166744	461035520	1890092
3420	14690	AF-0000000210695087	shard_1570_batch_0.tar	50591232	95097	814692864	663003
3421	3531	AF-0000000204029078	shard_1512_batch_1.tar	12345856	81257	367025152	431059
3421	3570	AF-0000000210695145	shard_1746_batch_1.tar	91458560	141132	320249856	1414867
3421	4636	AF-0000000210695149	shard_1478_batch_1.tar	55198720	69078	410596864	320578
3421	6081	AF-0000000204029076	shard_1468_batch_1.tar	30057472	67149	269010432	288526
3421	9444	AF-0000000204029079	shard_1500_batch_1.tar	75984384	76268	210199552	395643
3421	9634	AF-0000000204029080	shard_1570_batch_1.tar	56278528	97562	751448576	681999
3421	13314	AF-0000000210695155	shard_1760_batch_1.tar	122185216	148220	1602408448	1500886
3422	4617	AF-0000000210695279	shard_1648_batch_1.tar	30729728	116499	657844224	968905
3422	4618	AF-0000000210695280	shard_1648_batch_1.tar	118328320	115697	449995264	963751
3422	4619	AF-0000000210695281	shard_1650_batch_1.tar	99233792	117253	929360896	980245
3423	9071	AF-0000000210695376	shard_1697_batch_0.tar	120028672	130759	587173888	1280138
3424	15066	AF-0000000210695889	shard_1852_batch_1.tar	87213568	188934	2109126144	2690088
3425	4416	AF-0000000204272190	shard_1584_batch_2.tar	8492544	98937	162730496	630427
3427	3491	AF-0000000210695993	shard_1570_batch_0.tar	41782784	98712	799547392	671025
3427	4651	AF-0000000210696000	shard_1564_batch_0.tar	39308288	94910	687029760	670711
3427	11133	AF-0000000210696013	shard_1562_batch_0.tar	69322752	93697	449881088	637065
3427	12689	AF-0000000210696016	shard_1542_batch_0.tar	43195392	88576	373163520	568860
3427	14450	AF-0000000203669029	shard_1496_batch_0.tar	2555392	75123	405736448	395332
3427	15121	AF-0000000210696020	shard_1678_batch_0.tar	29746688	129225	367279104	1125706
3427	17157	AF-0000000210696023	shard_1670_batch_0.tar	378368	126563	1164886016	1085011
3428	3029	AF-0000000210610368	shard_1560_batch_0.tar	94567424	94353	558842368	629233
3428	3502	AF-0000000210696025	shard_1594_batch_0.tar	72843264	105577	658327552	736799
3428	4353	AF-0000000210696042	shard_1476_batch_0.tar	44574208	70076	214737920	332019
3428	4365	AF-0000000203586591	shard_1498_batch_0.tar	23934464	79301	189646336	402725
3428	4367	AF-0000000203586595	shard_1510_batch_0.tar	72692224	81773	589411840	462739
3428	4675	AF-0000000210696046	shard_1508_batch_0.tar	34595328	80386	498812928	433665
3428	4801	AF-0000000203586590	shard_1502_batch_0.tar	78591488	76082	495346176	426617
3428	4803	AF-0000000203586642	shard_1488_batch_0.tar	14613504	75813	496689664	378830
3428	4947	AF-0000000210696049	shard_1498_batch_0.tar	37156864	78368	432093184	411202
3428	4987	AF-0000000210696050	shard_1506_batch_0.tar	24773120	78464	223710720	433754
3428	5145	AF-0000000203586580	shard_1408_batch_0.tar	13929472	36869	108267520	78805
3428	5147	AF-0000000210696051	shard_1498_batch_0.tar	61326848	78853	413984768	409333
3428	5148	AF-0000000203586592	shard_1500_batch_0.tar	6463488	79467	278126080	415603
3428	5149	AF-0000000203586593	shard_1498_batch_0.tar	23620608	78341	155609600	397763
3428	5150	AF-0000000203586594	shard_1508_batch_0.tar	66334720	81404	430773760	443193
3428	5151	AF-0000000210696052	shard_1498_batch_0.tar	25264640	78560	509501952	409181
3428	5152	AF-0000000210696053	shard_1506_batch_0.tar	19760640	80319	576133120	442374
3428	5879	AF-0000000203586587	shard_1408_batch_0.tar	17884160	37273	135350272	79593
3428	7269	AF-0000000210696071	shard_1490_batch_0.tar	44422656	71779	359534080	373566
3428	13386	AF-0000000203586581	shard_1408_batch_0.tar	25608704	37179	95784448	80137
3428	15092	AF-0000000203586574	shard_1496_batch_0.tar	10081280	77506	367476736	402987
3429	3266	AF-0000000203587097	shard_1408_batch_0.tar	3574272	34555	143665152	67605
3429	3419	AF-0000000203587098	shard_1408_batch_0.tar	30531072	34737	96720384	67352
3429	3614	AF-0000000203587099	shard_1408_batch_0.tar	36903424	34692	128414208	67943
3430	10201	AF-0000000210696261	shard_1861_batch_0.tar	116308480	196930	935439872	2650624
3431	3676	AF-0000000210696331	shard_1312_batch_0.tar	270779904	298302	3853487616	6538040
3431	3930	AF-0000000210696336	shard_1312_batch_0.tar	85188608	298265	5080532480	6639787
3431	6599	AF-0000000210696392	shard_1330_batch_0.tar	23101440	345576	4472890880	8823368
3431	14941	AF-0000000210696436	shard_1312_batch_0.tar	262320640	296135	2299734016	6600558
3432	5750	AF-0000000210696507	shard_1604_batch_0.tar	77488640	109029	992212992	767649
3434	3329	AF-0000000210682879	shard_1330_batch_1.tar	74283008	347269	7025711616	9065016
3435	3773	AF-0000000210696924	shard_1750_batch_2.tar	15694336	147203	517464576	1541585
3435	6443	AF-0000000210696944	shard_1790_batch_2.tar	82035712	156182	445824512	1768035
3435	7289	AF-0000000210696951	shard_1706_batch_2.tar	47353344	134227	425796608	1261178
3436	5555	AF-0000000210696999	shard_1826_batch_0.tar	21141504	176606	1399543296	2462824
3437	3345	AF-0000000203722716	shard_1794_batch_0.tar	82102272	164591	1541338624	2072755
3437	12176	AF-0000000210697195	shard_1280_batch_0.tar	14619648	250752	1986073600	4704196
3437	12605	AF-0000000210697200	shard_1856_batch_0.tar	45404160	191563	1780349440	2839521
3437	15814	AF-0000000203722527	shard_1822_batch_0.tar	176499712	176494	2264051712	2324895
3437	15975	AF-0000000210697244	shard_1298_batch_0.tar	143617024	275428	559265792	5517517
3439	3020	AF-0000000203928637	shard_1780_batch_1.tar	80376320	150422	1644271104	1720753
3439	3024	AF-0000000203928634	shard_1810_batch_1.tar	91952640	160107	1945419264	1948197
3439	3737	AF-0000000210697269	shard_1804_batch_1.tar	47546880	157793	1518623744	1892516
3439	4518	AF-0000000203928644	shard_1866_batch_1.tar	23549440	180268	3124815360	2563163
3439	4697	AF-0000000210697274	shard_1264_batch_1.tar	39848448	226861	3301341184	3632810
3439	6154	AF-0000000203928635	shard_1794_batch_1.tar	132333568	155458	1641682944	1835016
3439	6974	AF-0000000210697287	shard_1778_batch_1.tar	136891392	150659	1728047104	1621257
3439	8196	AF-0000000210697294	shard_1300_batch_1.tar	119926784	263836	2076075520	4877923
3439	8486	AF-0000000203928643	shard_1794_batch_1.tar	8809472	155262	400343040	1830620
3439	8487	AF-0000000203928642	shard_1818_batch_1.tar	33823744	166103	2040454656	2006284
3439	9374	AF-0000000210697297	shard_1880_batch_1.tar	25950720	192429	2623413760	2776604
3439	9503	AF-0000000203928641	shard_1806_batch_1.tar	2226176	159508	1006167040	1923183
3439	9504	AF-0000000203928640	shard_1804_batch_1.tar	71129600	158122	745435648	1925298
3439	9505	AF-0000000203928639	shard_1808_batch_1.tar	18829312	160934	511940096	1936642
3439	9506	AF-0000000203928638	shard_1800_batch_1.tar	68583936	157748	678700544	1886279
3439	9628	AF-0000000203928645	shard_1848_batch_1.tar	94990848	175478	1907953664	2339323
3439	11180	AF-0000000210697299	shard_1792_batch_1.tar	90515456	156759	424471040	1767820
3439	11563	AF-0000000210697301	shard_1880_batch_1.tar	56073216	197730	2826453504	2713127
3439	12042	AF-0000000203928647	shard_1804_batch_1.tar	51947520	158598	1449382400	1916407
3439	14454	AF-0000000203928629	shard_1854_batch_1.tar	127331328	182132	2566629376	2531108
3439	14906	AF-0000000210697309	shard_1308_batch_1.tar	283906048	272746	5987914752	5135992
3440	3020	AF-0000000210609624	shard_1722_batch_1.tar	46424064	137416	1461550080	1364549
3440	3024	AF-0000000210609978	shard_1756_batch_1.tar	108502016	147528	582553088	1574401
3440	3439	AF-0000000210697268	shard_1804_batch_1.tar	5447168	157449	1209522176	1918171
3440	3737	AF-0000000210697311	shard_1748_batch_1.tar	142692864	144352	552604672	1528479
3440	3738	AF-0000000210697312	shard_1778_batch_1.tar	153377792	153666	539317248	1734056
3440	4486	AF-0000000210697315	shard_1820_batch_1.tar	35374080	162524	596601344	2055597
3440	4518	AF-0000000210697317	shard_1826_batch_1.tar	175252480	166986	890209792	2119354
3440	6154	AF-0000000210697321	shard_1738_batch_1.tar	78944256	143072	659497984	1449826
3440	6854	AF-0000000210697322	shard_1724_batch_1.tar	81479680	140123	859873280	1378167
3440	7062	AF-0000000210697326	shard_1730_batch_1.tar	10682368	141064	637317632	1419539
3440	7427	AF-0000000210697328	shard_1780_batch_1.tar	103794176	153142	1173408768	1740850
3440	8387	AF-0000000210697331	shard_1784_batch_1.tar	26483200	157101	1773260288	1791707
3440	8486	AF-0000000210697332	shard_1736_batch_1.tar	10242560	142232	1055717888	1459321
3440	8487	AF-0000000210697333	shard_1764_batch_1.tar	40869376	153235	1401172992	1638958
3440	9503	AF-0000000210697335	shard_1752_batch_1.tar	94573568	146471	1104826880	1548970
3440	9504	AF-0000000210697336	shard_1750_batch_1.tar	18503680	145329	478695424	1537947
3440	9505	AF-0000000210697337	shard_1754_batch_1.tar	18500096	148331	1793917952	1570647
3440	9506	AF-0000000210697338	shard_1746_batch_1.tar	124197376	144842	1219516928	1517715
3440	12042	AF-0000000210697344	shard_1748_batch_1.tar	125622784	145697	374776320	1530657
3440	12503	AF-0000000210697346	shard_1852_batch_1.tar	134892544	191039	1217217024	2352646
3440	13330	AF-0000000210697347	shard_1766_batch_1.tar	49479680	150501	380380672	1641070
3440	15677	AF-0000000210697355	shard_1774_batch_1.tar	149250048	153672	385337856	1615301
3441	3021	AF-0000000203930714	shard_1810_batch_1.tar	88320512	165438	1222366720	1999696
3441	3024	AF-0000000203930698	shard_1812_batch_1.tar	39542784	165093	731977216	2003421
3441	3373	AF-0000000203930705	shard_1864_batch_1.tar	91234816	183675	1017327616	2557085
3441	3439	AF-0000000203930697	shard_1850_batch_1.tar	33757184	175520	1861241344	2370624
3441	3737	AF-0000000210697358	shard_1806_batch_1.tar	27911168	162421	1852991488	1949890
3441	3738	AF-0000000203930706	shard_1830_batch_1.tar	113484288	172447	1645613568	2158686
3441	4518	AF-0000000203930701	shard_1868_batch_1.tar	196615168	185593	1353513472	2577999
3441	4697	AF-0000000210697362	shard_1266_batch_1.tar	162192384	231567	485550080	3643319
3441	4918	AF-0000000203930709	shard_1844_batch_1.tar	8772608	177969	1864426496	2335176
3441	4971	AF-0000000210697364	shard_1660_batch_1.tar	66829824	118233	1247795712	1001911
3441	5606	AF-0000000203930688	shard_1772_batch_1.tar	67880448	151605	325965312	1664525
3441	5679	AF-0000000210697366	shard_1628_batch_1.tar	24356352	109413	1052066816	833895
3441	5848	AF-0000000203930717	shard_1820_batch_1.tar	117280768	169136	1541849600	2072148
3441	5849	AF-0000000203930719	shard_1826_batch_1.tar	11645440	171083	426935808	2110845
3441	6032	AF-0000000203930702	shard_1868_batch_1.tar	172954112	185830	2556452352	2583356
3441	6154	AF-0000000203930699	shard_1796_batch_1.tar	45813760	160486	903929856	1874924
3441	6710	AF-0000000210697372	shard_1234_batch_1.tar	90977280	208897	2417288192	3107602
3441	6858	AF-0000000203930715	shard_1824_batch_1.tar	94624768	170328	1179856384	2162845
3441	6959	AF-0000000210697374	shard_1826_batch_1.tar	117325312	171653	1278597120	2150324
3441	7596	AF-0000000203930710	shard_1830_batch_1.tar	22509056	173551	2357686784	2178919
3441	8387	AF-0000000203930713	shard_1834_batch_1.tar	91852800	174998	824787968	2218873
3441	8616	AF-0000000210697381	shard_1804_batch_1.tar	61615104	164290	1101249536	1929996
3441	9436	AF-0000000203930711	shard_1832_batch_1.tar	88170496	174559	2169097728	2200735
3441	9628	AF-0000000203930703	shard_1850_batch_1.tar	86764544	180531	1653035008	2366877
3441	9956	AF-0000000210697386	shard_1836_batch_1.tar	177881088	175613	756559360	2228793
3441	10460	AF-0000000210697388	shard_1830_batch_1.tar	161108480	172484	1239780352	2145522
3441	11180	AF-0000000210697389	shard_1794_batch_1.tar	56082432	161601	2126151168	1780119
3441	15354	AF-0000000203930718	shard_1856_batch_1.tar	12921344	183991	2512698368	2449183
3441	15355	AF-0000000203930716	shard_1828_batch_1.tar	96625664	173075	2267280384	2128359
3443	3294	AF-0000000203630041	shard_1308_batch_0.tar	222796800	283196	1853353984	6107700
3444	3501	AF-0000000210697571	shard_1678_batch_1.tar	17938432	126462	472405504	1160557
3444	5361	AF-0000000210697601	shard_1234_batch_2.tar	49925632	217091	498072576	3478725
3444	7091	AF-0000000210697625	shard_1768_batch_1.tar	131083264	154071	965722112	1712734
3444	8939	AF-0000000210697639	shard_1836_batch_2.tar	21437952	183916	733266432	2326380
3444	11646	AF-0000000210697654	shard_1860_batch_2.tar	67517440	194907	651267072	2702087
3444	13106	AF-0000000210697663	shard_1860_batch_2.tar	80324096	189614	1398384640	2604663
3444	14774	AF-0000000210697674	shard_1258_batch_2.tar	59880960	235702	1432409088	3941458
3444	15399	AF-0000000210697677	shard_1262_batch_2.tar	86919680	229359	730305536	3848367
3444	15528	AF-0000000210697678	shard_1626_batch_1.tar	71342592	114946	704279040	894703
3447	4209	AF-0000000210697724	shard_1834_batch_0.tar	73404416	182738	1300887040	2368700
3447	4354	AF-0000000210697725	shard_1730_batch_0.tar	114513408	141891	316678656	1498754
3447	4603	AF-0000000210697726	shard_1680_batch_0.tar	89773568	126834	1072187904	1151229
3447	4604	AF-0000000210697727	shard_1728_batch_0.tar	15769088	140847	1274652160	1477741
3447	4755	AF-0000000210697728	shard_1712_batch_0.tar	39627264	137075	1434057216	1360810
3447	6752	AF-0000000210697737	shard_1788_batch_0.tar	119991808	164553	2156961280	1991873
3447	7023	AF-0000000210697739	shard_1698_batch_0.tar	34908160	133252	612199424	1270103
3450	4601	AF-0000000210698147	shard_1850_batch_2.tar	23591424	191428	1382912512	2592037
3450	4711	AF-0000000204106786	shard_1236_batch_2.tar	18527232	220437	823643648	3453571
3450	5892	AF-0000000204106788	shard_1448_batch_1.tar	15169536	60562	340841984	232612
3450	9812	AF-0000000210698153	shard_1654_batch_1.tar	46067200	119068	836281344	1019412
3450	13399	AF-0000000210698156	shard_1868_batch_2.tar	72711680	201304	1294392832	2905247
3451	3019	AF-0000000210609587	shard_1671_batch_0.tar	89965568	125679	420218880	1105066
3452	5730	AF-0000000210698190	shard_1448_batch_1.tar	38521344	60786	161821696	237741
3453	3227	AF-0000000203862302	shard_1510_batch_0.tar	33296384	81489	200867840	448214
3453	3371	AF-0000000203862311	shard_1524_batch_0.tar	49171456	86258	306927104	510552
3453	5671	AF-0000000210698249	shard_1510_batch_0.tar	55006208	82138	533450752	428571
3453	12246	AF-0000000210698277	shard_1590_batch_1.tar	64079360	104061	250861568	769127
3454	5671	AF-0000000210698302	shard_1468_batch_0.tar	47470592	69425	145401856	304599
3456	14618	AF-0000000210698578	shard_1786_batch_2.tar	65759744	163331	750558208	1884867
3458	3133	AF-0000000210655744	shard_1502_batch_0.tar	68255232	76260	479453184	418473
3459	4781	AF-0000000210698749	shard_1565_batch_0.tar	2925056	101023	580996096	614130
3460	4828	AF-0000000210698782	shard_1822_batch_1.tar	43515392	178815	1408541696	2226081
3460	7168	AF-0000000210698799	shard_1826_batch_1.tar	154892800	181432	2413346816	2348450
3460	10048	AF-0000000210698806	shard_1250_batch_1.tar	132192256	228262	3464221696	3731974
3461	3295	AF-0000000210677225	shard_1684_batch_1.tar	126039552	130354	306239488	1221050
3461	3676	AF-0000000210698901	shard_1668_batch_1.tar	24693760	126748	943424512	1104925
3461	3930	AF-0000000210698904	shard_1668_batch_1.tar	4379648	126690	847340032	1099175
3461	4322	AF-0000000210698912	shard_1684_batch_1.tar	90458624	130498	1364940288	1216740
3461	4323	AF-0000000210698913	shard_1702_batch_1.tar	27044352	135237	462099968	1338675
3461	8099	AF-0000000210698946	shard_1752_batch_1.tar	118901760	150876	931165184	1653881
3461	9752	AF-0000000210698949	shard_1580_batch_1.tar	24893440	102236	418029568	736942
3461	12018	AF-0000000210698953	shard_1226_batch_1.tar	135486464	206117	1030819840	3017054
3461	15837	AF-0000000210698967	shard_1666_batch_1.tar	45552640	125276	1157640704	1105767
3461	16792	AF-0000000210698972	shard_1270_batch_1.tar	53138432	240386	3077521920	3923168
3463	3043	AF-0000000210612074	shard_1726_batch_0.tar	18861056	137881	510776320	1223079
3464	7970	AF-0000000210699060	shard_1258_batch_0.tar	200620032	222973	4114792960	3729113
3465	4196	AF-0000000204697399	shard_1545_batch_0.tar	52045824	92264	576419328	548770
3465	4294	AF-0000000204697395	shard_1253_batch_0.tar	63500800	234018	2687334912	3972487
3465	4463	AF-0000000204697400	shard_1675_batch_0.tar	1392128	127220	602626560	1064919
3465	4809	AF-0000000210699083	shard_1245_batch_0.tar	16955392	213677	1122527744	3445138
3465	5027	AF-0000000210699084	shard_1755_batch_0.tar	49293312	148249	918829056	1633980
3465	6323	AF-0000000204697390	shard_1805_batch_0.tar	135974400	173491	1307750912	2036502
3465	6720	AF-0000000210699101	shard_1641_batch_0.tar	41365504	118179	555100672	907397
3465	12776	AF-0000000210699137	shard_1533_batch_0.tar	11129344	87009	312030208	515651
3465	14536	AF-0000000210699145	shard_1681_batch_0.tar	77654528	126785	1128723456	1090411
3465	14681	AF-0000000210699147	shard_1777_batch_0.tar	119861760	155833	1314186752	1780246
3468	3354	AF-0000000210685430	shard_1222_batch_1.tar	101203456	202611	2576642048	3182209
3468	4112	AF-0000000210699256	shard_1564_batch_1.tar	56291328	95179	609550848	608918
3468	8936	AF-0000000210699279	shard_1230_batch_1.tar	19495424	207809	3115381248	3428446
3468	14785	AF-0000000210699293	shard_1636_batch_1.tar	5857792	111585	1079419392	860096
3469	4089	AF-0000000210699355	shard_1662_batch_0.tar	113714688	124358	491377664	1079211
3473	3228	AF-0000000210670603	shard_1534_batch_1.tar	71779840	89380	289446400	530711
3474	5680	AF-0000000210700946	shard_1408_batch_0.tar	21808128	37046	107622912	75799
3474	6746	AF-0000000204003267	shard_1406_batch_0.tar	11918848	33723	65742336	60429
3474	11715	AF-0000000210700974	shard_1780_batch_1.tar	159548928	157806	949320704	1913697
3474	13835	AF-0000000210700989	shard_1736_batch_1.tar	36960768	145789	617761792	1415595
3477	3003	AF-0000000210607311	shard_1328_batch_1.tar	224807424	341961	3491632128	8470189
3477	4522	AF-0000000210701376	shard_1328_batch_1.tar	282143232	335906	7375195648	7827793
3477	5362	AF-0000000210701391	shard_1770_batch_1.tar	140738560	159632	373914624	1810735
3477	6169	AF-0000000210701400	shard_1328_batch_1.tar	109708800	337693	1172816896	8507164
3480	6276	AF-0000000210701814	shard_1728_batch_1.tar	106554880	143790	461011968	1460652
3481	3089	AF-0000000210617157	shard_1794_batch_1.tar	45475840	165420	1227629056	1933108
3481	3592	AF-0000000210701849	shard_1724_batch_1.tar	38994432	141850	843022848	1349575
3481	4706	AF-0000000210701874	shard_1294_batch_1.tar	170886144	262097	5303819776	4913761
3481	4715	AF-0000000210701875	shard_1782_batch_1.tar	101500928	155972	2056791552	1702455
3481	4766	AF-0000000210701877	shard_1834_batch_1.tar	83468288	182637	1643793408	2357331
3481	5606	AF-0000000210701886	shard_1722_batch_1.tar	55859200	140078	317898240	1380497
3481	5661	AF-0000000210701890	shard_1626_batch_1.tar	101174784	112648	808916992	851355
3481	5768	AF-0000000210701892	shard_1638_batch_1.tar	33061888	117918	759501312	894374
3481	5792	AF-0000000210701894	shard_1722_batch_1.tar	109157376	140371	898208256	1370794
3481	5961	AF-0000000210701899	shard_1258_batch_1.tar	107040768	230298	3210158080	3672229
3481	6182	AF-0000000210701901	shard_1274_batch_1.tar	237137920	247950	585093120	4277070
3481	16080	AF-0000000210701951	shard_1296_batch_1.tar	97420800	269127	3862211072	4838814
3481	16477	AF-0000000210701953	shard_1288_batch_1.tar	81295360	257314	3801047552	4455517
3481	17127	AF-0000000210701962	shard_1836_batch_1.tar	59118592	181658	2213969408	2120427
3482	8096	AF-0000000210701999	shard_1710_batch_0.tar	50697728	138191	722531328	1301525
3483	3704	AF-0000000210702077	shard_1763_batch_0.tar	4791808	157175	1386600960	1724195
3483	5744	AF-0000000210702110	shard_1615_batch_0.tar	89506304	111700	517370368	836742
3483	6473	AF-0000000210702122	shard_1849_batch_0.tar	11536896	189075	1650277376	2596027
3483	12213	AF-0000000210702178	shard_1649_batch_0.tar	84848640	120456	972074496	995438
3483	12906	AF-0000000210702190	shard_1645_batch_0.tar	31174656	119608	951489536	980462
3483	14147	AF-0000000210702206	shard_1813_batch_0.tar	137295872	174695	1694254080	2166331
3483	15103	AF-0000000210702227	shard_1643_batch_0.tar	113743872	120200	275169280	961325
3484	15224	AF-0000000210702297	shard_1742_batch_0.tar	95173632	147450	555414528	1583534
3485	4012	AF-0000000203665939	shard_1406_batch_0.tar	16221696	32620	58617344	56778
3485	10581	AF-0000000210702324	shard_1406_batch_0.tar	642048	27834	79068672	38858
3485	11634	AF-0000000203665943	shard_1406_batch_0.tar	13072384	32394	76144640	57489
3485	15310	AF-0000000203665950	shard_1406_batch_0.tar	11816448	33568	92311552	61834
3486	3436	AF-0000000210696983	shard_1224_batch_0.tar	154956288	210294	744721920	3405014
3486	3823	AF-0000000203522479	shard_1230_batch_0.tar	101872640	214338	649902592	3520872
3486	5094	AF-0000000203522477	shard_1226_batch_0.tar	84737536	211145	3032882688	3448173
3486	5108	AF-0000000203522480	shard_1568_batch_0.tar	86634496	100528	556172288	697045
3486	6696	AF-0000000210702370	shard_1228_batch_0.tar	202089472	213279	1412191744	3496483
3487	3022	AF-0000000210609815	shard_1690_batch_0.tar	59243520	133444	1370131456	1264489
3487	3799	AF-0000000210702385	shard_1730_batch_0.tar	119994368	144131	1610549248	1470492
3487	4961	AF-0000000210702423	shard_1722_batch_0.tar	134063104	143072	1364424704	1504424
3487	5773	AF-0000000210702435	shard_1690_batch_0.tar	59770368	133275	420321280	1267140
3488	16750	AF-0000000210702721	shard_1304_batch_2.tar	6458880	279029	658787840	5513452
3491	3417	AF-0000000210694891	shard_1576_batch_1.tar	75979264	99819	673888768	695315
3491	3481	AF-0000000210701845	shard_1730_batch_1.tar	23460864	144371	1024243712	1404885
3491	3781	AF-0000000210702804	shard_1750_batch_1.tar	27373056	152371	1425436160	1642840
3491	5616	AF-0000000210702823	shard_1568_batch_1.tar	27395584	99213	736852480	690904
3491	6809	AF-0000000210702851	shard_1760_batch_1.tar	144217600	155230	452479488	1597973
3491	7018	AF-0000000210702854	shard_1654_batch_1.tar	40492544	123495	637305856	1066702
3491	9759	AF-0000000210702861	shard_1726_batch_1.tar	5578240	140997	469063680	1452441
3491	10359	AF-0000000210702863	shard_1740_batch_1.tar	105699840	146154	1314622976	1453279
3491	11133	AF-0000000210702864	shard_1674_batch_1.tar	67722240	127048	833314304	1167754
3491	13491	AF-0000000210702877	shard_1658_batch_1.tar	70564352	123774	896098304	1072399
3491	15629	AF-0000000210702887	shard_1848_batch_1.tar	56636928	192463	2020923392	2535225
3491	17157	AF-0000000210702894	shard_1766_batch_1.tar	3409920	159494	538058752	1799979
3492	6818	AF-0000000210702986	shard_1300_batch_1.tar	141031936	272181	601892864	5590779
3492	17016	AF-0000000203916638	shard_1336_batch_1.tar	341446144	402097	11926272512	11734136
3494	3442	AF-0000000203745889	shard_1258_batch_0.tar	96332288	236041	1630739456	4174145
3494	3579	AF-0000000203745850	shard_1764_batch_0.tar	88730624	156506	1825856512	1772447
3494	4572	AF-0000000210703026	shard_1762_batch_0.tar	95252480	155267	727172096	1730845
3494	5038	AF-0000000210703041	shard_1310_batch_1.tar	160857088	292394	4909467136	6100361
3494	5990	AF-0000000210703062	shard_1232_batch_0.tar	67664896	215026	1507334144	3340568
3494	6599	AF-0000000210703076	shard_1262_batch_0.tar	118972928	239788	3807621632	4149517
3494	8777	AF-0000000210703105	shard_1226_batch_0.tar	195528704	212122	1038327296	3292138
3494	11684	AF-0000000210703129	shard_1784_batch_0.tar	38382592	163774	1733399552	1911737
3494	13449	AF-0000000210703149	shard_1802_batch_0.tar	107361792	171832	1381097472	2075239
3494	13700	AF-0000000210703152	shard_1820_batch_0.tar	144994304	177629	1440791040	2231689
3494	14550	AF-0000000210703160	shard_1304_batch_1.tar	124367360	278911	3790466560	5841633
3494	14752	AF-0000000210703163	shard_1270_batch_0.tar	180166656	243774	2131193344	4332680
3495	3362	AF-0000000210686287	shard_1658_batch_0.tar	48048128	120809	1097862656	1010774
3495	3579	AF-0000000210703204	shard_1564_batch_0.tar	53280256	94967	588737024	640650
3495	3799	AF-0000000210703207	shard_1724_batch_0.tar	31597056	141074	453415936	1419079
3495	4035	AF-0000000210703210	shard_1654_batch_0.tar	117959680	121031	445969408	964557
3495	4259	AF-0000000210703218	shard_1818_batch_0.tar	67789312	173179	411815424	2181568
3495	4263	AF-0000000210703221	shard_1744_batch_0.tar	94675968	147869	1585900544	1548230
3495	4350	AF-0000000210703223	shard_1626_batch_0.tar	12402688	112292	975898112	908914
3495	4586	AF-0000000210703229	shard_1578_batch_0.tar	72754176	99423	447465472	678311
3495	5004	AF-0000000210703237	shard_1820_batch_0.tar	27943424	172631	2461926912	2144445
3495	5040	AF-0000000210703238	shard_1664_batch_0.tar	56229376	118729	1194480128	1015066
3495	5083	AF-0000000210703239	shard_1680_batch_0.tar	77510144	128122	1135727104	1120874
3495	5980	AF-0000000210703263	shard_1658_batch_0.tar	83870720	122436	990064128	997984
3495	5982	AF-0000000210703264	shard_1670_batch_0.tar	43869696	125302	1328172032	1071083
3495	5983	AF-0000000210703265	shard_1650_batch_0.tar	1700864	120080	686048256	955614
3495	5984	AF-0000000210703266	shard_1756_batch_0.tar	90460160	151170	393043456	1609241
3495	5985	AF-0000000210703267	shard_1768_batch_0.tar	3286016	156275	1700052992	1700132
3495	6148	AF-0000000210703272	shard_1780_batch_0.tar	123827200	158003	500610560	1813892
3495	6239	AF-0000000210703273	shard_1746_batch_0.tar	5369856	149382	1656304128	1533765
3495	6303	AF-0000000210703275	shard_1280_batch_0.tar	142258688	252090	1160034816	4650327
3495	6403	AF-0000000210703277	shard_1756_batch_0.tar	84686336	150751	1898061824	1621540
3495	6470	AF-0000000210703279	shard_1808_batch_0.tar	114858496	173178	2348137984	2072834
3495	8777	AF-0000000210703309	shard_1760_batch_0.tar	51383296	150465	807734272	1663609
3495	11824	AF-0000000210703334	shard_1312_batch_0.tar	150154240	291630	2431691264	5669312
3495	13146	AF-0000000210703345	shard_1726_batch_0.tar	98155008	142179	1130018304	1394331
3495	13396	AF-0000000210703349	shard_1758_batch_0.tar	87922176	150176	648019456	1681261
3495	13716	AF-0000000210703353	shard_1818_batch_0.tar	157604352	171834	2502257152	2068542
3495	14603	AF-0000000210703361	shard_1862_batch_0.tar	80353280	192755	1695327744	2616106
3495	15346	AF-0000000210703372	shard_1312_batch_0.tar	77576192	295202	569332736	5781717
3495	16080	AF-0000000210703384	shard_1288_batch_0.tar	68060672	260610	767219200	4678002
3495	16536	AF-0000000210703395	shard_1756_batch_0.tar	68887040	150982	1167763968	1621084
3495	16688	AF-0000000210703400	shard_1864_batch_0.tar	38198784	199132	831494144	2745787
3495	17243	AF-0000000210703406	shard_1844_batch_0.tar	13273600	187883	2809809920	2327026
3496	12665	AF-0000000210703480	shard_1852_batch_1.tar	82276864	190573	2426543104	2713487
3498	10115	AF-0000000210703504	shard_1750_batch_1.tar	9920000	144349	1261619712	1478432
3499	4082	AF-0000000210703509	shard_1650_batch_1.tar	13963776	117326	312729600	957051
3499	4617	AF-0000000210703510	shard_1654_batch_1.tar	6067200	117002	348697600	988239
3499	4618	AF-0000000210703511	shard_1654_batch_1.tar	115593216	116307	1213075968	982560
3499	4619	AF-0000000210703512	shard_1656_batch_1.tar	89725952	117991	631910400	997151
3499	12349	AF-0000000210703520	shard_1540_batch_0.tar	35609088	87592	207739392	557746
3500	13969	AF-0000000210703581	shard_1756_batch_1.tar	141424128	151417	1007796736	1696057
3501	5292	AF-0000000210703618	shard_1510_batch_2.tar	35450880	77597	197167104	428659
3501	5769	AF-0000000210703637	shard_1538_batch_2.tar	14686208	86883	345710080	503408
3501	15127	AF-0000000210703855	shard_1703_batch_0.tar	13591040	129705	367659008	1203119
3501	17039	AF-0000000210703907	shard_1462_batch_2.tar	33284096	62323	84755968	262918
3502	4755	AF-0000000210703926	shard_1715_batch_0.tar	69331456	139416	902218752	1336416
3502	5433	AF-0000000210703931	shard_1629_batch_0.tar	70649856	116646	540776960	887263
3502	8330	AF-0000000210703939	shard_1795_batch_0.tar	34626048	166660	1482960896	1932825
3502	9710	AF-0000000210703940	shard_1843_batch_0.tar	144333312	184968	529460736	2449176
3503	5073	AF-0000000210704288	shard_1294_batch_1.tar	187432448	269689	767410688	5228815
3503	5244	AF-0000000210704290	shard_1300_batch_1.tar	94219776	280786	3196027904	5210205
3504	3417	AF-0000000210694892	shard_1464_batch_0.tar	46796800	63640	408927232	297136
3504	3616	AF-0000000210704756	shard_1608_batch_0.tar	108163072	107396	439630848	812624
3505	9935	AF-0000000210704805	shard_1694_batch_1.tar	14544896	136534	1279717888	1239989
3505	13461	AF-0000000210704811	shard_1724_batch_1.tar	89568768	145451	981092352	1442438
3506	3034	AF-0000000210610579	shard_1706_batch_1.tar	117207040	135430	285962752	1359942
3506	3429	AF-0000000204009288	shard_1690_batch_1.tar	112931328	130706	540764672	1244060
3506	3806	AF-0000000210704825	shard_1850_batch_1.tar	59778048	184887	600972800	2564917
3506	4584	AF-0000000204009298	shard_1832_batch_1.tar	23574528	182028	1903180800	2430897
3506	6849	AF-0000000210704850	shard_1708_batch_1.tar	57326592	135534	1464811520	1346569
3507	3505	AF-0000000203908786	shard_1834_batch_1.tar	152678912	184235	784034816	2315300
3507	3976	AF-0000000203908789	shard_1300_batch_1.tar	224886272	278578	2936687616	5613316
3507	3997	AF-0000000210704872	shard_1784_batch_1.tar	117436928	159060	359709184	1742467
3507	4138	AF-0000000210704874	shard_1880_batch_1.tar	93175296	208113	3346042368	2952664
3507	4209	AF-0000000210704875	shard_1842_batch_1.tar	12112384	187039	2132618240	2557307
3507	4226	AF-0000000203908801	shard_1304_batch_1.tar	267176960	281243	1207894528	5781193
3507	4341	AF-0000000210704876	shard_1752_batch_1.tar	85512704	151752	918328832	1564095
3507	4629	AF-0000000210704879	shard_1644_batch_1.tar	101180928	117775	763653632	947603
3507	4635	AF-0000000203908784	shard_1796_batch_1.tar	141826048	164057	1057579520	2049295
3507	4695	AF-0000000203908794	shard_1288_batch_1.tar	110176768	264254	1422108672	4997591
3507	5207	AF-0000000210704884	shard_1296_batch_1.tar	20202496	268447	4781127680	5368716
3507	5600	AF-0000000203908788	shard_1638_batch_1.tar	77312512	116922	415502336	918793
3507	5789	AF-0000000203908795	shard_1726_batch_1.tar	103244800	141490	1342929920	1412391
3507	5950	AF-0000000203908797	shard_1838_batch_1.tar	16569344	179859	2031210496	2366472
3507	6246	AF-0000000203908782	shard_1624_batch_1.tar	42608640	111654	1087346176	856362
3507	8913	AF-0000000210704895	shard_1854_batch_1.tar	89927168	188313	2358840832	2541646
3507	11961	AF-0000000210704897	shard_1842_batch_1.tar	78538752	182255	391616512	2434245
3509	3041	AF-0000000210611882	shard_1866_batch_2.tar	72518144	185134	237991936	2564476
3509	3755	AF-0000000210705244	shard_1766_batch_2.tar	50848256	148403	722224128	1629462
3509	4587	AF-0000000210705263	shard_1736_batch_2.tar	47188480	136686	179900416	1400221
3509	7123	AF-0000000210705314	shard_1856_batch_2.tar	22197248	182933	757809152	2543333
3509	7296	AF-0000000210705317	shard_1786_batch_2.tar	51263488	152307	974434816	1718610
3510	3029	AF-0000000210610370	shard_1810_batch_1.tar	44637184	168518	1008645632	2074569
3510	3399	AF-0000000210690916	shard_1228_batch_1.tar	26203648	207716	1658394112	3071808
3510	3975	AF-0000000210705402	shard_1832_batch_1.tar	116272128	179116	1317677056	2319727
3510	4258	AF-0000000210705423	shard_1732_batch_1.tar	134813696	141198	565341184	1498706
3510	4545	AF-0000000210705438	shard_1748_batch_1.tar	40899072	147917	636705792	1589979
3510	4741	AF-0000000210705463	shard_1256_batch_1.tar	72617472	227371	1859310080	3653733
3510	5179	AF-0000000210705500	shard_1310_batch_1.tar	59863552	279307	3683525632	5512609
3510	5313	AF-0000000210705519	shard_1752_batch_1.tar	17350656	149317	1727106048	1616626
3510	5358	AF-0000000210705522	shard_1278_batch_1.tar	198240768	249710	1188160000	4710071
3510	5683	AF-0000000210705552	shard_1664_batch_1.tar	27494400	122435	934420480	1076600
3510	5695	AF-0000000210705554	shard_1750_batch_1.tar	115710976	148004	909754368	1599452
3510	6187	AF-0000000210705614	shard_1816_batch_1.tar	107675136	169916	577954304	2071641
3510	6211	AF-0000000210705617	shard_1304_batch_1.tar	234425856	277887	1792650752	5333631
3510	6276	AF-0000000210705628	shard_1830_batch_1.tar	78623232	177979	1606259200	2314781
3510	6367	AF-0000000210705637	shard_1846_batch_1.tar	72019968	186040	2785751552	2568719
3510	6394	AF-0000000210705641	shard_1236_batch_1.tar	44481024	215143	2042027008	3277045
3510	6507	AF-0000000210705661	shard_1746_batch_1.tar	12977152	145345	1238127616	1581870
3510	6599	AF-0000000210705672	shard_1876_batch_1.tar	30955008	201472	3144130048	2901686
3510	6763	AF-0000000210705691	shard_1732_batch_1.tar	32462848	139937	1001566208	1430745
3510	7277	AF-0000000210705731	shard_1758_batch_1.tar	114488832	150191	1262793728	1655247
3510	7819	AF-0000000210705767	shard_1244_batch_1.tar	130817536	220254	480745472	3542826
3510	8068	AF-0000000210705782	shard_1790_batch_1.tar	149069824	160009	1834100224	1861238
3510	8771	AF-0000000210705850	shard_1240_batch_1.tar	99807232	217107	564972544	3457318
3510	9312	AF-0000000210705875	shard_1830_batch_1.tar	30829056	175800	843713024	2174761
3510	9369	AF-0000000210705878	shard_1258_batch_1.tar	104241152	233972	3936909824	3933830
3510	9421	AF-0000000210705884	shard_1746_batch_1.tar	60428288	141823	456648704	1501106
3510	9649	AF-0000000210705899	shard_1634_batch_1.tar	71331840	113487	995487744	927115
3510	10245	AF-0000000210705953	shard_1858_batch_1.tar	121206784	185695	1349888512	2594165
3510	10434	AF-0000000210705963	shard_1270_batch_1.tar	138899968	239428	1190810624	4133103
3510	10521	AF-0000000210705968	shard_1794_batch_1.tar	30724608	161847	1552549888	1953834
3510	10538	AF-0000000210705972	shard_1286_batch_1.tar	122753536	248765	1449492992	4486444
3510	11178	AF-0000000210706021	shard_1248_batch_1.tar	199576064	224637	2705625088	3654961
3510	11179	AF-0000000210706022	shard_1254_batch_1.tar	115311104	223555	3824466432	3721103
3510	11784	AF-0000000210706068	shard_1838_batch_1.tar	4237824	180035	876973056	2386588
3510	11903	AF-0000000210706077	shard_1848_batch_1.tar	12639232	183589	1832816640	2474915
3510	12158	AF-0000000210706108	shard_1296_batch_1.tar	260686848	270376	2724532736	5168227
3510	12263	AF-0000000210706116	shard_1280_batch_1.tar	102929920	249992	4588346368	4479290
3510	12413	AF-0000000210706130	shard_1262_batch_1.tar	179196416	228840	2167516160	3849989
3510	12726	AF-0000000210706153	shard_1240_batch_1.tar	198584320	215922	3404004352	3355354
3510	12791	AF-0000000210706159	shard_1302_batch_1.tar	77233664	265669	4417710592	5017413
3510	13130	AF-0000000210706182	shard_1246_batch_1.tar	72522240	218781	461053440	3422774
3510	13589	AF-0000000210706219	shard_1816_batch_1.tar	172867584	173188	1321512448	2170746
3510	14158	AF-0000000210706255	shard_1792_batch_1.tar	164758528	163147	1707475456	1885015
3510	14201	AF-0000000210706258	shard_1830_batch_1.tar	2703872	176579	1278350848	2252823
3510	14603	AF-0000000210706302	shard_1240_batch_1.tar	76738560	215156	3333229056	3333926
3510	14707	AF-0000000210706305	shard_1794_batch_1.tar	75494912	164078	1303767552	1960678
3510	14947	AF-0000000210706324	shard_1768_batch_1.tar	123746816	154194	1503703040	1720849
3510	15021	AF-0000000210706335	shard_1710_batch_1.tar	275968	135799	863992320	1289890
3510	15943	AF-0000000210706425	shard_1820_batch_1.tar	3346944	173457	1261567488	2134786
3510	16255	AF-0000000210706458	shard_1770_batch_1.tar	12105728	153985	916352512	1722957
3510	16607	AF-0000000210706491	shard_1870_batch_1.tar	132906496	199705	2652229632	2783995
3510	16656	AF-0000000210706496	shard_1318_batch_1.tar	135512576	290391	1051413504	6015205
3510	16764	AF-0000000210706506	shard_1294_batch_1.tar	240021504	260925	2332703744	4924639
3510	16816	AF-0000000210706514	shard_1820_batch_1.tar	112363520	172704	1232926208	2224967
3510	16982	AF-0000000210706531	shard_1244_batch_1.tar	169948160	217522	2627466752	3432921
3510	17014	AF-0000000210706536	shard_1292_batch_1.tar	184359424	260330	4395160064	4845533
3511	3718	AF-0000000210706568	shard_1756_batch_1.tar	62008320	156235	1059688448	1707265
3511	4006	AF-0000000210706569	shard_1758_batch_1.tar	37382656	156667	1692677120	1743952
3511	4840	AF-0000000210706577	shard_1746_batch_1.tar	24779264	150313	1184761344	1638636
3511	13474	AF-0000000210706587	shard_1752_batch_1.tar	132020736	154563	1827346432	1700253
3512	6999	AF-0000000210706638	shard_1827_batch_0.tar	134262784	180354	1493365760	2242791
3512	8842	AF-0000000210706645	shard_1843_batch_0.tar	183166976	188371	2471564288	2425440
3514	5073	AF-0000000210707060	shard_1782_batch_2.tar	64337920	161246	967017984	1861452
3515	3592	AF-0000000210707160	shard_1834_batch_2.tar	11134976	180936	1156756992	2361663
3515	4081	AF-0000000210707169	shard_1298_batch_2.tar	122741760	266691	1149120000	5486694
3515	4395	AF-0000000210707172	shard_1274_batch_2.tar	83529216	243929	693536256	4254998
3515	4446	AF-0000000204149407	shard_1272_batch_2.tar	114172416	239412	1728415744	4286579
3515	5386	AF-0000000210707183	shard_1294_batch_2.tar	2929152	261461	1867449344	4984768
3515	5388	AF-0000000204149402	shard_1276_batch_2.tar	16150016	244784	897527296	4320242
3515	6621	AF-0000000210707211	shard_1240_batch_2.tar	83720192	217993	1307740160	3426010
3515	8139	AF-0000000204149408	shard_1230_batch_2.tar	70352384	208361	1475106304	3012614
3515	9753	AF-0000000210707231	shard_1280_batch_2.tar	32478720	244797	779033088	4466230
3515	12599	AF-0000000204149412	shard_1760_batch_2.tar	27542528	150833	756191744	1667306
3515	14261	AF-0000000204149419	shard_1842_batch_2.tar	16030208	182437	183884288	2398338
3515	15988	AF-0000000204149410	shard_1880_batch_2.tar	3502080	201927	465150464	2966695
3515	16233	AF-0000000210707271	shard_1292_batch_2.tar	18984448	259729	418229248	5091890
3515	16283	AF-0000000204149400	shard_1282_batch_2.tar	90691584	246918	567831552	4466819
3515	16457	AF-0000000204149401	shard_1274_batch_2.tar	55721472	243052	778547200	4218401
3517	4601	AF-0000000210707478	shard_1834_batch_1.tar	145559040	182391	1763154432	2375180
3517	4711	AF-0000000210707479	shard_1224_batch_1.tar	192226304	211327	584947200	3204678
3517	6052	AF-0000000210707482	shard_1556_batch_1.tar	50771456	91689	293038080	584357
3517	13399	AF-0000000210707485	shard_1854_batch_1.tar	59811840	192551	437813248	2671697
3518	17071	AF-0000000210707964	shard_1254_batch_0.tar	63105024	226131	1314024448	3760370
3519	3027	AF-0000000203577995	shard_1630_batch_0.tar	19098624	114001	487562752	837904
3519	3042	AF-0000000203577994	shard_1630_batch_0.tar	8169984	114197	369642496	845443
3522	3265	AF-0000000203762734	shard_1414_batch_0.tar	33925632	42427	125606400	108886
3522	4053	AF-0000000203762740	shard_1486_batch_0.tar	9151488	75207	339072512	354165
3522	4565	AF-0000000210708110	shard_1600_batch_0.tar	60290560	107054	271562240	769747
3522	4728	AF-0000000203762733	shard_1598_batch_0.tar	73272832	104894	912101376	770746
3522	5596	AF-0000000210708113	shard_1542_batch_0.tar	48913408	92886	393242624	548861
3522	6025	AF-0000000203762732	shard_1422_batch_0.tar	2476032	48115	197760512	128802
3522	6265	AF-0000000210708120	shard_1850_batch_0.tar	148169728	187372	2146341376	2506097
3522	16561	AF-0000000210708126	shard_1458_batch_0.tar	64561664	65261	137116160	279872
3523	11014	AF-0000000210708144	shard_1578_batch_0.tar	71349760	99011	560856576	685763
3524	12599	AF-0000000203490178	shard_1526_batch_0.tar	66225664	86606	651948032	501465
3526	7171	AF-0000000210708600	shard_1666_batch_2.tar	12941312	124877	568740352	1097561
3526	7625	AF-0000000210708604	shard_1614_batch_1.tar	2647040	107769	342090752	841064
3526	15194	AF-0000000210708633	shard_1772_batch_2.tar	77231104	155918	454813184	1770301
3527	3491	AF-0000000210702799	shard_1568_batch_1.tar	93413376	99569	441767936	694083
3527	4715	AF-0000000204231173	shard_1634_batch_2.tar	46725120	111026	485683200	928002
3527	4938	AF-0000000210708665	shard_1686_batch_2.tar	53925376	128187	309056512	1234659
3527	5206	AF-0000000210708672	shard_1692_batch_2.tar	4798976	129048	306980864	1212436
3527	5212	AF-0000000210708673	shard_1470_batch_1.tar	38605824	69037	176123904	286167
3527	6506	AF-0000000210708694	shard_1658_batch_2.tar	57402880	121336	168000512	1080456
3527	6513	AF-0000000204231126	shard_1646_batch_2.tar	29938176	117961	131211776	1029443
3527	6887	AF-0000000210708704	shard_1798_batch_2.tar	2177024	169642	1139393536	2129146
3527	7273	AF-0000000210708710	shard_1804_batch_2.tar	23094272	165916	755874304	1997080
3527	8264	AF-0000000210708719	shard_1538_batch_1.tar	72252416	89150	364400128	504661
3527	8324	AF-0000000210708721	shard_1245_batch_0.tar	19187200	219465	2195884544	3449194
3527	8417	AF-0000000204231101	shard_1800_batch_2.tar	56769536	167332	177494016	2085471
3527	9225	AF-0000000210708730	shard_1279_batch_0.tar	98136064	247590	749714944	4286176
3527	9280	AF-0000000210708731	shard_1754_batch_2.tar	67146240	147929	691857920	1647864
3527	9759	AF-0000000210708737	shard_1618_batch_2.tar	3256832	108310	286098944	836712
3527	9924	AF-0000000210708738	shard_1836_batch_2.tar	4926976	181808	606230528	2437332
3527	10090	AF-0000000210708740	shard_1866_batch_2.tar	23733760	198705	825510400	2841164
3527	11727	AF-0000000210708759	shard_1422_batch_1.tar	36648960	48943	162348032	136674
3527	11975	AF-0000000210708761	shard_1750_batch_2.tar	10576896	152598	544585728	1642949
3527	11997	AF-0000000210708763	shard_1782_batch_2.tar	7277568	159999	804959232	1812711
3527	12335	AF-0000000210708768	shard_1748_batch_2.tar	58211840	149972	316424192	1606824
3527	12786	AF-0000000210708772	shard_1748_batch_2.tar	56274432	151301	274077696	1610074
3527	13015	AF-0000000210708773	shard_1714_batch_2.tar	6266880	139997	426841088	1373166
3527	13340	AF-0000000210708777	shard_1245_batch_0.tar	178198016	212113	2625156096	3448850
3527	14326	AF-0000000204231140	shard_1704_batch_2.tar	24698880	135227	226677760	1253817
3527	14586	AF-0000000204231093	shard_1704_batch_2.tar	25924096	138348	431242752	1280852
3527	15200	AF-0000000210708790	shard_1728_batch_2.tar	15293952	141056	460612096	1414298
3527	15245	AF-0000000210708791	shard_1734_batch_2.tar	34341376	146485	368521728	1485254
3527	15315	AF-0000000204231141	shard_1299_batch_0.tar	247544832	274847	2406236160	5230807
3527	15376	AF-0000000210708794	shard_1245_batch_0.tar	208509440	225369	491945472	3523039
3527	15589	AF-0000000210708801	shard_1490_batch_1.tar	55676928	75337	446652416	376608
3527	15739	AF-0000000210708806	shard_1498_batch_1.tar	39427072	77436	203832320	397753
3527	15909	AF-0000000204231127	shard_1748_batch_2.tar	35233280	148996	246007808	1537583
3527	16143	AF-0000000204231074	shard_1562_batch_1.tar	40284672	95610	507809792	632015
3527	17006	AF-0000000210708821	shard_1881_batch_0.tar	3102208	207367	1364212736	2977434
3529	5742	AF-0000000210708899	shard_1602_batch_0.tar	70409216	105528	905598464	820326
3529	6241	AF-0000000210708927	shard_1630_batch_0.tar	39680000	114921	755939328	968895
3529	13428	AF-0000000210708977	shard_1708_batch_0.tar	67246080	135331	983519232	1359242
3530	3570	AF-0000000210709005	shard_1776_batch_1.tar	63723520	149685	1908432384	1610847
3530	4636	AF-0000000210709018	shard_1510_batch_1.tar	31460352	77681	520231424	422666
3530	4854	AF-0000000204030508	shard_1512_batch_1.tar	61404672	78022	501592064	432403
3530	5040	AF-0000000210709021	shard_1600_batch_1.tar	85176832	100369	940695040	746446
3530	6010	AF-0000000204030501	shard_1668_batch_1.tar	123778048	120366	331315200	1058888
3530	6090	AF-0000000204030507	shard_1492_batch_1.tar	36527616	73047	176581120	364136
3530	6650	AF-0000000204030517	shard_1624_batch_1.tar	56396800	110061	225768448	819442
3530	7311	AF-0000000210709045	shard_1842_batch_1.tar	159888896	183102	2765732352	2423258
3530	8902	AF-0000000204030504	shard_1544_batch_1.tar	41235456	88837	741483520	533721
3530	8920	AF-0000000210709046	shard_1694_batch_1.tar	9603072	131868	564631040	1221864
3530	9433	AF-0000000204030498	shard_1528_batch_1.tar	63453696	84247	541791744	486466
3530	12637	AF-0000000210709058	shard_1710_batch_1.tar	120811520	135962	767496192	1304716
3530	13314	AF-0000000210709060	shard_1788_batch_1.tar	60142080	156400	915141632	1709764
3530	15061	AF-0000000210709063	shard_1850_batch_1.tar	177214976	184573	2032207872	2343898
3530	16536	AF-0000000210709066	shard_1700_batch_1.tar	39931904	131865	311512064	1252167
3530	17118	AF-0000000210709068	shard_1592_batch_1.tar	66471424	100867	230511616	724084
3531	3570	AF-0000000210709069	shard_1732_batch_1.tar	12622336	136842	775023104	1325095
3531	4617	AF-0000000210709073	shard_1610_batch_1.tar	56183296	106826	958168064	814146
3531	4636	AF-0000000210709075	shard_1462_batch_1.tar	20587008	64326	125666816	282011
3531	4854	AF-0000000204030728	shard_1466_batch_0.tar	13640192	64998	199214592	286189
3531	9433	AF-0000000204030722	shard_1478_batch_1.tar	51014656	70492	455676928	334179
3531	12283	AF-0000000210709085	shard_1600_batch_1.tar	41355264	108008	435176448	738623
3531	13314	AF-0000000210709087	shard_1744_batch_1.tar	12631040	143865	1282935808	1407161
3532	4629	AF-0000000210709282	shard_1434_batch_0.tar	22339584	54002	187725824	191195
3533	3727	AF-0000000204137694	shard_1526_batch_1.tar	37202944	86109	197993472	429729
3533	10398	AF-0000000204137695	shard_1526_batch_1.tar	79167488	86237	638556672	433054
3534	3976	AF-0000000210709332	shard_1292_batch_1.tar	258022400	268547	3548120576	5101698
3534	4384	AF-0000000210709337	shard_1624_batch_1.tar	85030912	113218	234759680	861632
3535	4415	AF-0000000210709451	shard_1800_batch_0.tar	136032768	162572	571432960	1801268
3535	6905	AF-0000000210709472	shard_1660_batch_0.tar	13069824	117918	562015744	1046146
3535	12437	AF-0000000210709484	shard_1618_batch_0.tar	73310720	105741	862162944	820236
3536	5845	AF-0000000210709500	shard_1688_batch_0.tar	660480	126555	259741184	1214395
3538	4078	AF-0000000203760299	shard_1848_batch_0.tar	151627264	195464	1588785664	2659901
3538	4454	AF-0000000210709717	shard_1854_batch_0.tar	60963328	198084	1445440000	2730522
3538	4455	AF-0000000210709718	shard_1850_batch_0.tar	178744832	195827	2523037184	2683061
3538	6646	AF-0000000203760286	shard_1814_batch_0.tar	42777088	178395	2374713344	2179660
3538	7224	AF-0000000210709771	shard_1856_batch_0.tar	117803008	197029	2685026816	2589715
3538	9269	AF-0000000210709785	shard_1284_batch_1.tar	250022400	254659	1085219840	4763223
3538	13262	AF-0000000203760301	shard_1248_batch_0.tar	104358912	227799	3525831680	3579104
3538	13769	AF-0000000210709806	shard_1640_batch_0.tar	79490048	120811	338674688	953483
3538	14488	AF-0000000210709813	shard_1752_batch_0.tar	138283008	155396	1417952768	1671410
3538	16928	AF-0000000203760280	shard_1688_batch_0.tar	17342976	134853	623805440	1208717
3539	4538	AF-0000000210709837	shard_1661_batch_0.tar	90636800	122731	349903360	1079518
3539	4582	AF-0000000210709838	shard_1837_batch_1.tar	30993408	181995	2097676800	2399642
3539	12239	AF-0000000204804571	shard_1659_batch_0.tar	42570752	122691	885326848	1079657
3539	15697	AF-0000000204804561	shard_1725_batch_0.tar	108733952	141424	815984128	1483695
3539	16600	AF-0000000204804557	shard_1665_batch_0.tar	36494336	123723	458120192	1097179
3541	3013	AF-0000000210609071	shard_1774_batch_0.tar	83982848	157605	1687459840	1617650
3541	3021	AF-0000000210609688	shard_1776_batch_0.tar	129965056	155644	1128889344	1611018
3541	3494	AF-0000000210703001	shard_1226_batch_0.tar	141586432	211803	2053327872	3169634
3541	3545	AF-0000000210710006	shard_1678_batch_0.tar	76929536	124727	1241035264	1047020
3541	3546	AF-0000000210710007	shard_1708_batch_0.tar	77532160	132801	849228800	1186097
3541	3585	AF-0000000210710010	shard_1708_batch_0.tar	55706112	132737	538042368	1195814
3541	3658	AF-0000000210710013	shard_1718_batch_0.tar	52509184	134096	1393644032	1245160
3541	3673	AF-0000000210710016	shard_1782_batch_0.tar	134081536	155424	1892611072	1669931
3541	3680	AF-0000000210710017	shard_1776_batch_0.tar	46949376	157680	828776960	1622375
3541	3681	AF-0000000210710018	shard_1718_batch_0.tar	3238400	134235	1439284736	1241476
3541	3731	AF-0000000210710024	shard_1628_batch_0.tar	13393920	111616	1094276608	836487
3541	3732	AF-0000000210710025	shard_1720_batch_0.tar	25153024	137095	968978944	1251140
3541	3938	AF-0000000210710029	shard_1768_batch_0.tar	44034048	151494	1182891008	1671958
3541	4228	AF-0000000210710047	shard_1684_batch_0.tar	17811968	126919	949049344	1106455
3541	4351	AF-0000000210710059	shard_1806_batch_0.tar	115534848	169711	2269483008	2022176
3541	4502	AF-0000000210710067	shard_1622_batch_0.tar	21883904	110350	846421504	782642
3541	4698	AF-0000000210710073	shard_1816_batch_0.tar	18144256	170325	1194772480	2001634
3541	4790	AF-0000000210710078	shard_1756_batch_0.tar	76934656	150412	761145856	1582679
3541	4791	AF-0000000210710079	shard_1756_batch_0.tar	132085760	149937	564602368	1578603
3541	4864	AF-0000000210710081	shard_1646_batch_0.tar	108922368	116422	325142528	934027
3541	4992	AF-0000000210710085	shard_1724_batch_0.tar	120024064	136308	1174109696	1265461
3541	5002	AF-0000000210710087	shard_1650_batch_0.tar	95685632	118616	1136353280	950404
3541	5101	AF-0000000210710093	shard_1644_batch_0.tar	110034944	116075	427945984	924139
3541	5264	AF-0000000210710096	shard_1610_batch_0.tar	30803968	106381	280844288	750773
3541	5375	AF-0000000210710100	shard_1286_batch_0.tar	231719936	239916	823562752	4326293
3541	5754	AF-0000000210710117	shard_1714_batch_0.tar	58871296	135585	1491168768	1298064
3541	6026	AF-0000000210710132	shard_1778_batch_0.tar	105122816	155890	1379011072	1695561
3541	6111	AF-0000000210710134	shard_1792_batch_0.tar	60646400	161994	1335605760	1737904
3541	6155	AF-0000000210710137	shard_1880_batch_0.tar	21843456	199323	1614871552	2847110
3541	6512	AF-0000000210710139	shard_1228_batch_0.tar	74550784	206535	1153674752	3072667
3541	6984	AF-0000000210710149	shard_1872_batch_0.tar	89793536	198256	674152960	2748006
3541	7168	AF-0000000210710152	shard_1726_batch_0.tar	44691968	140819	700983296	1389413
3541	7246	AF-0000000210710156	shard_1596_batch_0.tar	12067328	102844	220844544	693599
3541	7743	AF-0000000210710164	shard_1858_batch_0.tar	20190208	185853	695029248	2394846
3541	8461	AF-0000000210710169	shard_1832_batch_0.tar	122921472	176907	2266907648	2117226
3541	8590	AF-0000000210710172	shard_1740_batch_0.tar	65937920	145402	823811072	1440693
3541	9312	AF-0000000210710175	shard_1798_batch_0.tar	59245568	163686	364813824	1777807
3541	9377	AF-0000000210710178	shard_1678_batch_0.tar	79751680	125912	519512064	1054464
3541	11518	AF-0000000210710188	shard_1806_batch_0.tar	164046848	166566	1706352128	1977513
3541	11629	AF-0000000210710189	shard_1742_batch_0.tar	76801536	144372	1046835712	1380598
3541	11912	AF-0000000210710191	shard_1618_batch_0.tar	82749440	109367	874115072	777973
3541	12323	AF-0000000210710203	shard_1798_batch_0.tar	104509952	162864	1227150336	1771810
3541	12553	AF-0000000210710204	shard_1772_batch_0.tar	42785792	155615	465330176	1645139
3541	13479	AF-0000000210710212	shard_1862_batch_0.tar	786432	190736	950011392	2431507
3541	13830	AF-0000000210710216	shard_1234_batch_0.tar	20803584	212610	1671708672	3027681
3541	14534	AF-0000000210710222	shard_1684_batch_0.tar	106236416	127852	1073801728	1092402
3541	14805	AF-0000000210710223	shard_1706_batch_0.tar	28707328	133346	1318425088	1247330
3541	14817	AF-0000000210710224	shard_1786_batch_0.tar	149038592	159531	2172909056	1731034
3541	14930	AF-0000000210710227	shard_1654_batch_0.tar	61868032	120285	618728448	978141
3541	15110	AF-0000000210710231	shard_1774_batch_0.tar	39219712	156881	2054954496	1705158
3541	15833	AF-0000000210710238	shard_1668_batch_0.tar	20812800	122360	1031603712	1016436
3541	16497	AF-0000000210710243	shard_1320_batch_0.tar	267294208	294638	1397573120	6175757
3542	3167	AF-0000000204792199	shard_1501_batch_0.tar	11271168	79219	522108928	404285
3542	3168	AF-0000000204792200	shard_1749_batch_0.tar	121330176	150587	1280940032	1597899
3542	5767	AF-0000000204792196	shard_1455_batch_0.tar	32844800	63389	352656384	233961
3544	3549	AF-0000000210710607	shard_1248_batch_0.tar	49159168	229142	581663232	3662392
3544	4766	AF-0000000210710629	shard_1856_batch_0.tar	136927232	192878	1695989248	2673902
3544	5222	AF-0000000210710632	shard_1254_batch_0.tar	143705600	232884	3044456448	3900391
3545	3585	AF-0000000210710665	shard_1578_batch_0.tar	51175936	96981	207340544	635934
3545	3673	AF-0000000210710668	shard_1668_batch_0.tar	1005568	120302	1231205376	966893
3545	3731	AF-0000000210710673	shard_1498_batch_0.tar	1176576	76110	432908288	372548
3545	3732	AF-0000000210710674	shard_1592_batch_0.tar	52931072	101820	649968640	679391
3545	3919	AF-0000000210710676	shard_1568_batch_0.tar	81917952	95133	747371520	611136
3545	4306	AF-0000000210710684	shard_1722_batch_0.tar	80598528	139466	392841216	1407083
3545	4992	AF-0000000210710688	shard_1596_batch_0.tar	82849280	100983	553759744	685002
3545	5264	AF-0000000210710690	shard_1482_batch_0.tar	41866752	70919	401253376	321631
3545	6111	AF-0000000210710694	shard_1680_batch_0.tar	55711232	126891	591349248	1027808
3545	6256	AF-0000000210710697	shard_1644_batch_0.tar	84666880	115143	290625024	920277
3545	6646	AF-0000000210710702	shard_1666_batch_0.tar	105582592	123317	740902912	1051522
3545	7224	AF-0000000210710711	shard_1730_batch_0.tar	100777984	142653	1638341120	1378890
3545	15690	AF-0000000210710731	shard_1772_batch_1.tar	20049920	154303	592692224	1610686
3545	17073	AF-0000000210710736	shard_1606_batch_0.tar	77597184	107018	324402176	794879
3545	17146	AF-0000000210710737	shard_1576_batch_0.tar	71910400	97874	589413376	635248
3546	3545	AF-0000000210710664	shard_1576_batch_0.tar	73111040	97140	629686784	625812
3546	3585	AF-0000000210710738	shard_1610_batch_0.tar	80480256	104882	262894080	754225
3546	3658	AF-0000000210710740	shard_1622_batch_0.tar	17595392	106490	239350272	781454
3546	3673	AF-0000000210710742	shard_1696_batch_0.tar	58203136	128654	408145920	1109628
3546	3681	AF-0000000210710743	shard_1620_batch_0.tar	80446976	106750	892338176	785485
3546	3731	AF-0000000210710745	shard_1526_batch_0.tar	76819968	84819	472193536	465239
3546	3919	AF-0000000210710748	shard_1600_batch_0.tar	65648128	103222	299765760	722837
3546	4306	AF-0000000210710753	shard_1748_batch_0.tar	50593792	147539	1539738624	1589630
3546	4502	AF-0000000210710757	shard_1520_batch_0.tar	62409728	82728	489614848	439088
3546	4992	AF-0000000210710761	shard_1628_batch_0.tar	109659648	108967	311953408	807627
3546	5336	AF-0000000210710767	shard_1558_batch_0.tar	5069824	92263	711844864	586379
3546	6111	AF-0000000210710773	shard_1708_batch_0.tar	41840128	134658	1552729600	1187029
3546	6259	AF-0000000210710775	shard_1556_batch_0.tar	36948480	92419	698700800	588948
3546	7224	AF-0000000210710785	shard_1756_batch_0.tar	13574144	150318	635476480	1551179
3546	11326	AF-0000000210710794	shard_1626_batch_0.tar	74801664	107159	374566912	826424
3546	11912	AF-0000000210710798	shard_1516_batch_0.tar	2709504	82007	594512896	423934
3546	13297	AF-0000000210710801	shard_1800_batch_1.tar	95259648	166456	489671680	1826579
3546	14715	AF-0000000210710806	shard_1682_batch_0.tar	72296448	126447	567006720	1171093
3546	14930	AF-0000000210710807	shard_1550_batch_0.tar	72983040	92389	720445952	576242
3546	15029	AF-0000000210710809	shard_1686_batch_0.tar	65764352	126723	598365696	1199846
3546	15833	AF-0000000210710810	shard_1564_batch_0.tar	46371840	94854	285535232	613654
3546	17146	AF-0000000210710818	shard_1608_batch_0.tar	77378048	105880	999780864	756325
3549	3598	AF-0000000210711116	shard_1815_batch_0.tar	83611136	177947	1192867840	2209177
3549	6518	AF-0000000210711193	shard_1313_batch_1.tar	87265280	295789	2665370112	5950592
3550	6397	AF-0000000210711276	shard_1220_batch_0.tar	41471488	181075	1527909376	2827693
3551	3466	AF-0000000210699165	shard_1464_batch_0.tar	25035264	65519	370793984	281433
3551	4193	AF-0000000203507694	shard_1450_batch_0.tar	11449344	60585	162481152	237374
3551	8957	AF-0000000210711334	shard_1474_batch_0.tar	57284096	69774	439749632	317841
3551	11924	AF-0000000203507690	shard_1568_batch_0.tar	97516544	96599	513562624	651439
3552	3553	AF-0000000203862169	shard_1406_batch_0.tar	30843904	23998	70666240	25332
3554	3917	AF-0000000210711380	shard_1434_batch_0.tar	6780416	54084	177051136	154057
3554	7520	AF-0000000210711434	shard_1494_batch_1.tar	44473344	76047	494977024	383673
3555	3743	AF-0000000210711553	shard_1790_batch_0.tar	103462912	165897	2186049024	1915002
3556	7311	AF-0000000210711573	shard_1826_batch_2.tar	46318080	178545	1232601600	2216705
3557	6671	AF-0000000210711655	shard_1230_batch_1.tar	93968896	216851	2746393600	3414872
3559	9646	AF-0000000210711714	shard_1723_batch_1.tar	38964736	141712	284237312	1387983
3560	3228	AF-0000000210670604	shard_1552_batch_1.tar	87868928	94464	686554624	620116
3561	5671	AF-0000000210712828	shard_1526_batch_0.tar	39735296	87115	619870208	493889
3563	3226	AF-0000000210670504	shard_1444_batch_0.tar	46761984	57144	147387392	214768
3563	3227	AF-0000000210670556	shard_1442_batch_0.tar	42216960	57233	150696448	219351
3563	3371	AF-0000000210688056	shard_1454_batch_0.tar	32635392	61878	220957184	248887
3563	8453	AF-0000000210712885	shard_1618_batch_1.tar	25199104	110273	546950656	828078
3564	7048	AF-0000000210712912	shard_1322_batch_0.tar	32004096	317915	4027042304	7606302
3564	8330	AF-0000000210712915	shard_1796_batch_0.tar	35073024	165390	1492041728	1953262
3566	3018	AF-0000000204532123	shard_1486_batch_2.tar	25201152	72053	181584896	372970
3566	3028	AF-0000000204532140	shard_1572_batch_2.tar	49211392	96857	245795840	666298
3566	4960	AF-0000000204532108	shard_1570_batch_2.tar	13556736	97152	319121920	677273
3566	5660	AF-0000000204532096	shard_1466_batch_2.tar	21362176	64827	123372544	297131
3566	5742	AF-0000000204532083	shard_1488_batch_2.tar	3412992	71551	206061056	372711
3566	5820	AF-0000000210713144	shard_1845_batch_0.tar	67339776	185571	1414760448	2458230
3566	7171	AF-0000000204531955	shard_1596_batch_2.tar	33922048	104885	317108736	768241
3566	11021	AF-0000000210713247	shard_1723_batch_0.tar	72944128	135014	947465728	1329332
3566	11090	AF-0000000210713249	shard_1584_batch_2.tar	40985088	100423	270430208	710918
3566	14050	AF-0000000204532146	shard_1522_batch_2.tar	14247936	84202	224642048	482895
3566	15281	AF-0000000204532176	shard_1663_batch_0.tar	73201664	123694	546151424	1091166
3566	16343	AF-0000000204532160	shard_1598_batch_2.tar	22609920	103429	141541888	784618
3566	16919	AF-0000000210713373	shard_1548_batch_2.tar	14213632	92891	183076864	608530
3566	17005	AF-0000000204532071	shard_1875_batch_0.tar	86908416	200837	1769160192	2978730
3567	5616	AF-0000000210713394	shard_1608_batch_0.tar	68052480	110318	394575872	828486
3569	5203	AF-0000000210713522	shard_1280_batch_2.tar	125565952	253679	1931880960	4642513
3569	5204	AF-0000000210713523	shard_1283_batch_0.tar	61830144	256603	576396800	4708535
3569	5411	AF-0000000210713524	shard_1280_batch_2.tar	2756096	255277	1287603712	4792784
3569	5745	AF-0000000210713548	shard_1856_batch_2.tar	37655040	196648	518688768	2717555
3569	15031	AF-0000000210713600	shard_1838_batch_2.tar	85500928	187231	1024331776	2455224
3570	3410	AF-0000000210693821	shard_1759_batch_0.tar	133488640	143916	1544779264	1476512
3570	3672	AF-0000000210713661	shard_1781_batch_0.tar	20746240	150118	1915466240	1645781
3570	3919	AF-0000000210713664	shard_1773_batch_0.tar	59490304	149165	1100668928	1579306
3570	3938	AF-0000000210713665	shard_1829_batch_0.tar	160128000	170072	2178395648	2241600
3570	4636	AF-0000000210713676	shard_1697_batch_0.tar	9359360	124804	653730304	1133207
3570	4854	AF-0000000210713680	shard_1701_batch_0.tar	129068544	125352	725910016	1146960
3570	5077	AF-0000000210713686	shard_1737_batch_0.tar	47533056	137668	894120448	1339108
3570	5652	AF-0000000210713691	shard_1729_batch_0.tar	76240896	135460	1267436032	1292638
3570	6090	AF-0000000210713706	shard_1679_batch_0.tar	1276416	120189	1182513664	1026201
3570	6095	AF-0000000210713708	shard_1685_batch_0.tar	36573184	122395	909741056	1072947
3570	6096	AF-0000000210713709	shard_1687_batch_0.tar	3117056	123110	1364873728	1062082
3570	6359	AF-0000000210713716	shard_1809_batch_0.tar	105548800	160373	1314456064	1872572
3570	6556	AF-0000000210713720	shard_1819_batch_0.tar	58142720	168335	826132992	2106262
3570	6635	AF-0000000210713724	shard_1779_batch_0.tar	49958912	147400	348605440	1608289
3570	6650	AF-0000000210713725	shard_1793_batch_0.tar	134403584	157323	1907707392	1747391
3570	6914	AF-0000000210713730	shard_1881_batch_0.tar	125043200	199702	1346850304	2830947
3570	7178	AF-0000000210713739	shard_1803_batch_0.tar	111273984	159199	1728664576	1829268
3570	7264	AF-0000000210713742	shard_1673_batch_0.tar	12279296	119309	788828160	999200
3570	7289	AF-0000000210713743	shard_1799_batch_0.tar	118027776	159439	1772046336	1880657
3570	7311	AF-0000000210713745	shard_1265_batch_0.tar	1647616	230525	1979304448	3825240
3570	8902	AF-0000000210713749	shard_1729_batch_0.tar	110253056	135796	576690688	1324093
3570	9088	AF-0000000210713750	shard_1707_batch_0.tar	19168256	129051	1301350400	1169339
3570	9433	AF-0000000210713751	shard_1715_batch_0.tar	30505472	131308	1054569472	1219429
3570	9434	AF-0000000210713752	shard_1781_batch_0.tar	134782976	151128	1511028224	1677922
3570	9440	AF-0000000210713753	shard_1703_batch_0.tar	130206720	126911	1110076928	1169264
3570	9441	AF-0000000210713754	shard_1727_batch_0.tar	7153152	134603	1504606720	1293801
3570	9444	AF-0000000210713755	shard_1721_batch_0.tar	88310272	132760	1530629632	1254930
3570	10403	AF-0000000210713761	shard_1695_batch_0.tar	35728384	125507	1038571008	1115903
3570	11373	AF-0000000210713765	shard_1755_batch_0.tar	100868608	140877	979320320	1487627
3570	11767	AF-0000000210713768	shard_1699_batch_0.tar	64958976	127641	518341632	1142054
3570	12081	AF-0000000210713773	shard_1791_batch_0.tar	140738560	155264	908360192	1725380
3570	12090	AF-0000000210713774	shard_1739_batch_0.tar	24672768	137831	1674389504	1364141
3570	13210	AF-0000000210713779	shard_1703_batch_0.tar	109033472	128090	793512960	1171503
3570	13281	AF-0000000210713780	shard_1777_batch_0.tar	157197824	150394	1076624384	1626648
3570	13314	AF-0000000210713781	shard_1233_batch_0.tar	119681024	203471	424743424	3036744
3570	13475	AF-0000000210713782	shard_1717_batch_0.tar	125245440	130884	748193280	1223682
3570	13609	AF-0000000210713783	shard_1753_batch_0.tar	134808064	141588	1606995456	1459586
3570	14449	AF-0000000210713788	shard_1755_batch_0.tar	115750400	141973	1239483392	1457113
3570	15149	AF-0000000210713792	shard_1711_batch_0.tar	129101824	131411	1269782528	1203726
3570	17227	AF-0000000210713809	shard_1721_batch_0.tar	38675968	132684	1006838784	1264786
3571	3092	AF-0000000210617874	shard_1303_batch_0.tar	96876544	280194	3352634368	5649383
3571	3953	AF-0000000210713820	shard_1546_batch_1.tar	33611776	91147	649133568	563118
3571	4933	AF-0000000210713858	shard_1658_batch_2.tar	59746304	119692	250317312	1069636
3571	5412	AF-0000000210713875	shard_1598_batch_2.tar	11668480	103824	452145664	784540
3571	6165	AF-0000000210713898	shard_1480_batch_1.tar	45990912	72255	398766592	356983
3571	12159	AF-0000000210713970	shard_1584_batch_2.tar	519680	103081	347907584	749862
3572	4012	AF-0000000203641613	shard_1406_batch_0.tar	4384768	29342	72343040	44464
3572	10581	AF-0000000210714280	shard_1406_batch_0.tar	7820800	24628	88488960	28223
3572	12215	AF-0000000210714281	shard_1440_batch_0.tar	4096000	55991	228869632	203007
3573	7994	AF-0000000210714369	shard_1630_batch_0.tar	71077376	110266	975944192	885192
3574	3506	AF-0000000204738236	shard_1755_batch_0.tar	113628160	151391	1840407552	1708955
3574	5122	AF-0000000210714520	shard_1707_batch_0.tar	43119616	137932	1423705600	1330298
3574	5673	AF-0000000210714522	shard_1599_batch_0.tar	16935936	107439	975083008	817039
3574	11340	AF-0000000210714525	shard_1475_batch_0.tar	2596352	69750	198840320	326039
3577	7127	AF-0000000210714785	shard_1254_batch_0.tar	225678848	225377	1096086528	3614331
3577	12119	AF-0000000210714826	shard_1330_batch_0.tar	512	330039	5933761024	7655388
3579	3118	AF-0000000210655290	shard_1420_batch_0.tar	19075072	45468	147090944	135273
3579	3479	AF-0000000210701701	shard_1620_batch_0.tar	53128192	110218	254116352	903944
3579	3985	AF-0000000203838421	shard_1422_batch_0.tar	43534336	47110	164639232	139133
3579	4407	AF-0000000203838415	shard_1422_batch_0.tar	20015104	47055	212136448	139013
3579	5469	AF-0000000203838423	shard_1422_batch_0.tar	30858752	47128	136866816	140531
3579	5810	AF-0000000203843482	shard_1426_batch_0.tar	45707776	49284	242190336	154035
3579	8010	AF-0000000210715140	shard_1422_batch_0.tar	19867648	47119	167692288	138663
3579	8211	AF-0000000203838425	shard_1426_batch_0.tar	38986752	49359	158266880	154684
3579	10470	AF-0000000203838422	shard_1422_batch_0.tar	42752000	47156	188134912	138886
3579	10928	AF-0000000210715175	shard_1494_batch_0.tar	9773568	75341	469983744	393569
3579	12150	AF-0000000203838417	shard_1422_batch_0.tar	13577216	47034	191779840	138694
3579	13468	AF-0000000203838420	shard_1422_batch_0.tar	42703872	47125	227451904	138907
3579	13470	AF-0000000203838419	shard_1422_batch_0.tar	8756224	47060	118675456	138667
3579	13728	AF-0000000210715237	shard_1424_batch_0.tar	43164672	47084	202216448	147951
3581	7362	AF-0000000210715363	shard_1784_batch_0.tar	10217472	165228	1229213696	1830538
3584	3522	AF-0000000203464581	shard_1546_batch_0.tar	7993344	89069	546110464	561409
3584	4573	AF-0000000210715652	shard_1618_batch_0.tar	57368064	107282	228704768	804620
3584	4787	AF-0000000210715654	shard_1714_batch_0.tar	89065472	134853	505604608	1239349
3584	16413	AF-0000000210715665	shard_1706_batch_0.tar	17884672	131217	943897088	1175249
3585	3673	AF-0000000210715670	shard_1696_batch_0.tar	106180608	128431	1494906880	1121819
3585	4992	AF-0000000210715720	shard_1628_batch_0.tar	59851264	108904	411423744	828888
3585	5264	AF-0000000210715734	shard_1510_batch_0.tar	10956800	78745	179568128	417375
3585	12323	AF-0000000210715821	shard_1716_batch_0.tar	50826240	135442	815471104	1224152
3585	12881	AF-0000000210715826	shard_1754_batch_0.tar	135106048	150947	1888093184	1483032
3585	13087	AF-0000000210715828	shard_1304_batch_0.tar	236802560	278347	3647268352	4792822
3585	13413	AF-0000000210715835	shard_1648_batch_0.tar	97278464	118172	568182272	962935
3587	3077	AF-0000000210615703	shard_1330_batch_2.tar	24192000	351834	1233287680	8742235
3587	3689	AF-0000000210715894	shard_1304_batch_2.tar	75366400	278240	1539181568	5641576
3587	4601	AF-0000000210715917	shard_1325_batch_0.tar	188646400	324718	6008760320	7202170
3587	4645	AF-0000000210715919	shard_1276_batch_2.tar	34960384	252173	2375385088	4293921
3587	5010	AF-0000000210715935	shard_1270_batch_2.tar	109133312	244222	1311707648	4205369
3587	6479	AF-0000000210715957	shard_1234_batch_2.tar	65276928	220592	717911040	3405623
3587	6611	AF-0000000210715963	shard_1306_batch_2.tar	98329600	281088	1944237568	5690366
3587	6841	AF-0000000210715968	shard_1288_batch_2.tar	128843264	262909	2495269376	4898270
3587	14229	AF-0000000210715995	shard_1260_batch_2.tar	95959552	239219	1362086912	3974106
3587	15251	AF-0000000210715999	shard_1256_batch_2.tar	79076864	233070	541515776	3832090
3589	3290	AF-0000000210676791	shard_1846_batch_0.tar	120816128	189874	2575281664	2452113
3591	4898	AF-0000000210716342	shard_1802_batch_2.tar	1850880	169599	691605504	2145766
3591	6276	AF-0000000210716368	shard_1806_batch_2.tar	34972672	171206	1154336768	2181606
3591	6573	AF-0000000210716372	shard_1806_batch_2.tar	66050048	173319	849513472	2126270
3591	6610	AF-0000000210716373	shard_1258_batch_2.tar	7428608	229446	487793152	3766502
3591	10061	AF-0000000210716396	shard_1774_batch_2.tar	18603008	158262	923715584	1762076
3591	11627	AF-0000000210716403	shard_1303_batch_0.tar	237779968	273923	2235363328	5396986
3591	11633	AF-0000000210716404	shard_1264_batch_2.tar	82432000	237634	1748398080	4078756
3591	12712	AF-0000000210716413	shard_1754_batch_2.tar	41946112	151166	641687040	1653118
3591	12753	AF-0000000210716414	shard_1722_batch_2.tar	40441856	142324	253345792	1380926
3591	12923	AF-0000000210716416	shard_1634_batch_1.tar	17756160	116475	1036939776	918234
3591	12999	AF-0000000210716419	shard_1616_batch_1.tar	62332416	110540	1004550656	846881
3591	14798	AF-0000000210716427	shard_1868_batch_2.tar	60562432	196974	576516096	2758580
3591	16099	AF-0000000210716434	shard_1866_batch_2.tar	64406528	194264	936727040	2799571
3592	5606	AF-0000000210716644	shard_1666_batch_1.tar	26460672	124854	1316209152	1103487
3592	6518	AF-0000000210716675	shard_1238_batch_1.tar	115215872	218802	917908992	3343794
3592	7906	AF-0000000210716698	shard_1286_batch_2.tar	51395584	252524	588304896	4367275
3592	15296	AF-0000000210716767	shard_1304_batch_2.tar	48793088	287506	1178653184	5609244
3592	16477	AF-0000000210716779	shard_1270_batch_2.tar	121069568	241492	463299584	4088925
3593	3467	AF-0000000210699232	shard_1852_batch_1.tar	137398784	192532	767366144	2532367
3593	4584	AF-0000000210717196	shard_1856_batch_1.tar	123879936	195665	2642969088	2738881
3593	11967	AF-0000000210717208	shard_1318_batch_1.tar	236132864	307571	6425862144	6375526
3593	15975	AF-0000000210717217	shard_1288_batch_1.tar	17408512	265835	961165824	4755829
3595	4791	AF-0000000210717488	shard_1608_batch_0.tar	76300288	105050	992488448	810362
3601	3014	AF-0000000204040904	shard_1852_batch_1.tar	152121344	193528	2467375616	2719491
3601	3293	AF-0000000210677182	shard_1852_batch_1.tar	17555456	191436	2849265664	2642165
3602	4566	AF-0000000203704003	shard_1582_batch_0.tar	46545408	101805	893045760	684798
3602	14577	AF-0000000210718108	shard_1740_batch_0.tar	115152896	144813	387628544	1419495
3602	14582	AF-0000000203704002	shard_1742_batch_0.tar	97841152	144854	436795392	1430822
3604	13733	AF-0000000210718181	shard_1510_batch_1.tar	75210752	79258	524261888	436977
3606	5773	AF-0000000210718260	shard_1833_batch_0.tar	180727808	184084	2262928384	2483337
3606	9998	AF-0000000210718275	shard_1739_batch_0.tar	101944320	147952	536562176	1582433
3607	4519	AF-0000000210718490	shard_1300_batch_2.tar	130302976	280555	2057132032	5514220
3609	3022	AF-0000000210609817	shard_1634_batch_0.tar	9195520	115180	389787648	930407
3609	3065	AF-0000000210614249	shard_1632_batch_0.tar	80252416	114576	532770816	880841
3609	3350	AF-0000000210685030	shard_1632_batch_0.tar	110082560	114533	263764480	877766
3609	3371	AF-0000000210688057	shard_1514_batch_0.tar	70781440	81931	369840128	462771
3609	3729	AF-0000000210718501	shard_1692_batch_0.tar	86958592	128446	834068480	1291360
3609	3741	AF-0000000210718502	shard_1634_batch_0.tar	109007872	115921	838276608	937501
3609	3742	AF-0000000210718503	shard_1634_batch_0.tar	100284928	114779	574604288	888341
3609	4286	AF-0000000210718521	shard_1644_batch_0.tar	113846784	119486	669354496	1018768
3609	4575	AF-0000000210718533	shard_1648_batch_0.tar	65546240	120267	353061376	981556
3609	4867	AF-0000000210718552	shard_1672_batch_0.tar	118389248	126830	1223822336	1127651
3609	4903	AF-0000000210718553	shard_1670_batch_1.tar	82190848	125929	641930240	1112008
3609	4923	AF-0000000210718556	shard_1256_batch_1.tar	34368000	235020	860905984	3977852
3609	5021	AF-0000000210718560	shard_1710_batch_1.tar	123017216	138811	1217205760	1278842
3609	5046	AF-0000000210718561	shard_1636_batch_0.tar	93241856	117525	263424000	962962
3609	5047	AF-0000000210718562	shard_1480_batch_0.tar	45421056	70122	342995968	291979
3609	5048	AF-0000000210718563	shard_1476_batch_0.tar	35443712	68629	170208768	278474
3609	5553	AF-0000000210718578	shard_1602_batch_0.tar	75338752	106814	440190464	819888
3609	5558	AF-0000000210718579	shard_1478_batch_0.tar	56832000	69379	461359616	282473
3609	5677	AF-0000000210718585	shard_1490_batch_0.tar	66914816	74017	384604672	367360
3609	5678	AF-0000000210718586	shard_1478_batch_0.tar	33061888	70153	312379904	284800
3609	5699	AF-0000000210718588	shard_1548_batch_0.tar	69725184	92804	336029696	592228
3609	5750	AF-0000000210718604	shard_1508_batch_0.tar	26211328	78922	394010624	428729
3609	5773	AF-0000000210718614	shard_1634_batch_0.tar	104471552	114970	943824384	951817
3609	5784	AF-0000000210718616	shard_1478_batch_0.tar	70249984	70049	143598592	286803
3609	5785	AF-0000000210718617	shard_1480_batch_0.tar	17988096	70174	340669440	291635
3609	5786	AF-0000000210718618	shard_1476_batch_0.tar	59525120	68852	219680768	277595
3609	5993	AF-0000000210718629	shard_1272_batch_1.tar	62150144	245158	3810091008	4350646
3609	6057	AF-0000000210718630	shard_1282_batch_1.tar	31570432	252462	1914548736	4624947
3609	6119	AF-0000000210718634	shard_1648_batch_0.tar	116364288	120366	984929792	987303
3609	6578	AF-0000000210718643	shard_1602_batch_0.tar	15352320	106077	478065152	802454
3609	6823	AF-0000000210718648	shard_1744_batch_1.tar	137646592	147221	1295182336	1608788
3609	6824	AF-0000000210718649	shard_1646_batch_0.tar	53343232	120171	1083420672	981641
3609	7970	AF-0000000210718654	shard_1242_batch_1.tar	78948864	213794	2149027840	3380960
3609	11921	AF-0000000210718668	shard_1866_batch_1.tar	196887552	194831	797521920	2939869
3609	15964	AF-0000000210718709	shard_1476_batch_0.tar	37505024	69525	196800000	275246
3609	16001	AF-0000000210718710	shard_1478_batch_0.tar	1513984	69782	337971200	285178
3609	16166	AF-0000000210718713	shard_1556_batch_0.tar	42252800	93324	687648768	610265
3609	16335	AF-0000000210718714	shard_1476_batch_0.tar	2356224	69289	352928256	279460
3610	4446	AF-0000000210719096	shard_1796_batch_0.tar	117245952	164199	1732220928	1939862
3611	4498	AF-0000000210719138	shard_1784_batch_1.tar	33117184	160413	722051584	1927532
3614	3419	AF-0000000203619644	shard_1408_batch_0.tar	18479104	34760	69926400	68656
3619	3976	AF-0000000210720502	shard_1288_batch_1.tar	248853504	264593	4857573376	5037457
3619	4138	AF-0000000210720505	shard_1854_batch_1.tar	161081344	195211	1880294912	2557277
3619	4190	AF-0000000210720506	shard_1688_batch_1.tar	118248960	131030	1058643968	1192862
3619	4226	AF-0000000210720507	shard_1292_batch_1.tar	5817856	266525	2067410432	5214732
3619	4341	AF-0000000210720510	shard_1706_batch_1.tar	120759808	138467	289961984	1271665
3619	5207	AF-0000000210720527	shard_1282_batch_1.tar	251997696	254776	498644992	4742225
3619	6626	AF-0000000210720543	shard_1742_batch_1.tar	92026368	145890	791717888	1444085
3619	6815	AF-0000000210720547	shard_1262_batch_1.tar	91652096	239646	2524812800	3907883
3619	10635	AF-0000000210720551	shard_1228_batch_1.tar	194513920	210556	2130878464	3011754
3619	12160	AF-0000000210720557	shard_1588_batch_1.tar	61266944	104179	747764224	700613
3619	14964	AF-0000000210720562	shard_1708_batch_1.tar	71464960	137974	626669568	1269168
3619	15202	AF-0000000210720563	shard_1286_batch_1.tar	33060864	260236	2687523328	4425851
3619	15364	AF-0000000210720565	shard_1646_batch_1.tar	19103232	119393	815875584	962734
3619	17303	AF-0000000210720575	shard_1612_batch_1.tar	23199232	110319	477723648	794509
3620	6210	AF-0000000210720652	shard_1320_batch_2.tar	64476160	319609	1567905280	7257612
3622	12141	AF-0000000210720875	shard_1443_batch_0.tar	27520000	58938	222035968	208735
3623	6900	AF-0000000210721081	shard_1837_batch_1.tar	366592	179966	1659768320	2250023
3623	15550	AF-0000000210721146	shard_1615_batch_0.tar	29851648	108291	996292096	823208
3630	3636	AF-0000000210721222	shard_1751_batch_1.tar	125974528	151829	1481051648	1556799
3630	5483	AF-0000000210721225	shard_1653_batch_0.tar	109601792	120388	624933888	961473
3630	7910	AF-0000000210721228	shard_1637_batch_0.tar	17075712	117744	874441216	942107
3630	14765	AF-0000000210721231	shard_1253_batch_1.tar	3213824	228283	1454778880	3571697
3630	15554	AF-0000000210721232	shard_1787_batch_1.tar	101083136	161933	846711808	1856932
3636	9655	AF-0000000210721298	shard_1781_batch_1.tar	154455040	161650	800695296	1798216
3636	11424	AF-0000000210721305	shard_1733_batch_1.tar	73490944	142291	293241344	1401602
3636	13014	AF-0000000210721311	shard_1639_batch_0.tar	36474368	119365	282508800	932041
3636	15554	AF-0000000210721324	shard_1701_batch_0.tar	74919936	134130	718245888	1276614
3637	3636	AF-0000000210721272	shard_1757_batch_1.tar	124433408	153381	942555136	1605724
3637	3645	AF-0000000210721332	shard_1287_batch_1.tar	256534528	258113	2577302016	4557420
3637	5483	AF-0000000204857022	shard_1661_batch_0.tar	66870784	121876	1087755264	1017271
3637	7175	AF-0000000210721342	shard_1841_batch_1.tar	77869056	186269	697369600	2344978
3637	10396	AF-0000000210721344	shard_1739_batch_1.tar	89077760	144758	1633874944	1478992
3637	11132	AF-0000000210721346	shard_1827_batch_1.tar	121862656	179806	2387331072	2174283
3637	12181	AF-0000000204857025	shard_1829_batch_1.tar	157243392	180475	2432844288	2219529
3637	14190	AF-0000000204857024	shard_1315_batch_1.tar	150919680	293731	4407527936	6329117
3637	15554	AF-0000000210721351	shard_1793_batch_1.tar	46191616	163491	2046124032	1914561
3637	15600	AF-0000000210721352	shard_1877_batch_1.tar	102012416	204225	606133760	2830674
3642	16809	AF-0000000210721388	shard_1747_batch_1.tar	23789568	152415	1092539904	1613085
3645	3636	AF-0000000210721273	shard_1251_batch_1.tar	5728768	228782	3600022528	3559937
3645	5483	AF-0000000210721403	shard_1867_batch_1.tar	68097536	197531	1446735360	2664230
3645	5565	AF-0000000210721404	shard_1327_batch_1.tar	88311296	334896	3347805696	7494886
3645	7761	AF-0000000210721410	shard_1287_batch_1.tar	198469120	259247	3582349312	4535448
3645	8647	AF-0000000210721412	shard_1285_batch_1.tar	5129728	256575	4960925696	4433291
3645	8906	AF-0000000210721414	shard_1335_batch_1.tar	279045632	380600	4503657472	9627583
3645	9842	AF-0000000210721416	shard_1275_batch_1.tar	24457216	248316	3116983296	4191155
3645	10170	AF-0000000210721417	shard_1319_batch_1.tar	174660096	304472	2094412288	6325359
3645	11424	AF-0000000210721420	shard_1279_batch_1.tar	113050112	247515	821465600	4211245
3645	12181	AF-0000000210721422	shard_1285_batch_1.tar	195580928	256164	2057320448	4485177
3645	13014	AF-0000000210721425	shard_1243_batch_1.tar	111440896	223964	598723584	3378828
3645	13628	AF-0000000210721427	shard_1283_batch_1.tar	61719040	254856	1541896192	4447620
3645	15600	AF-0000000210721429	shard_1305_batch_1.tar	184202240	280006	3060121088	5343966
3645	16831	AF-0000000210721434	shard_1317_batch_1.tar	14410752	304542	3881619456	6277182
3648	3018	AF-0000000203878744	shard_1680_batch_1.tar	68433408	127970	294896128	1180051
3648	3215	AF-0000000203878716	shard_1222_batch_1.tar	171188224	204158	2349445632	3227539
3648	3216	AF-0000000210669863	shard_1222_batch_1.tar	89746944	204331	1144305152	3248656
3648	3316	AF-0000000203878694	shard_1886_batch_1.tar	142680576	207355	2249737728	3296052
3648	3319	AF-0000000210681625	shard_1222_batch_1.tar	1027584	205431	3229993984	3244652
3648	3806	AF-0000000210721570	shard_1828_batch_1.tar	94645248	174387	800320512	2316485
3648	4059	AF-0000000210721573	shard_1772_batch_1.tar	60747776	155899	566455296	1801830
3648	4338	AF-0000000210721577	shard_1804_batch_1.tar	146327552	168472	1325076992	2122253
3648	4351	AF-0000000210721578	shard_1854_batch_1.tar	165687296	192234	698266624	2774633
3648	4427	AF-0000000203878717	shard_1222_batch_1.tar	95783424	203699	1604508160	3256893
3648	4855	AF-0000000203878725	shard_1680_batch_1.tar	80020992	127521	1187524096	1170379
3648	5315	AF-0000000203878719	shard_1220_batch_1.tar	201406464	204165	3128483840	3214043
3648	6352	AF-0000000203878720	shard_1844_batch_1.tar	15127552	183378	698911232	2624328
3648	6974	AF-0000000210721608	shard_1804_batch_1.tar	167506944	167533	1941894656	2080837
3648	11085	AF-0000000210721633	shard_1842_batch_1.tar	93714944	183156	679511040	2520829
3648	11313	AF-0000000203878703	shard_1730_batch_1.tar	115093504	142031	1275036160	1510024
3648	11795	AF-0000000210721639	shard_1804_batch_1.tar	162949632	168591	419356672	2124110
3648	11930	AF-0000000210721641	shard_1790_batch_1.tar	147924992	163084	1729401856	1963398
3648	12283	AF-0000000210721646	shard_1810_batch_1.tar	75060224	172226	2330142208	2139722
3648	12826	AF-0000000203878704	shard_1858_batch_1.tar	86469120	194991	756755456	2721459
3648	13356	AF-0000000210721655	shard_1878_batch_1.tar	54744064	205787	1725262848	3055818
3648	13385	AF-0000000210721656	shard_1840_batch_1.tar	160475648	184267	1623151616	2529826
3648	13477	AF-0000000210721658	shard_1782_batch_1.tar	123089920	159623	1403944448	1930587
3648	16035	AF-0000000203878700	shard_1788_batch_1.tar	50025472	163021	614627328	1969649
3648	16081	AF-0000000203878702	shard_1778_batch_1.tar	139135488	158724	1983160832	1868201
3648	16133	AF-0000000203878755	shard_1248_batch_1.tar	20698624	228015	3067231744	3708066
3648	16432	AF-0000000210721679	shard_1822_batch_1.tar	21068288	177080	1294070272	2425989
3649	4715	AF-0000000204269918	shard_1640_batch_2.tar	51749376	113303	391098880	962358
3649	5212	AF-0000000210722044	shard_1476_batch_1.tar	30400512	70827	450202624	314719
3649	6267	AF-0000000204269906	shard_1604_batch_2.tar	36613120	108643	453993472	806494
3649	6506	AF-0000000210722057	shard_1666_batch_2.tar	8285184	122753	361559552	1120101
3649	6513	AF-0000000204269897	shard_1654_batch_2.tar	34795008	119603	210405888	1062533
3649	7139	AF-0000000210722069	shard_1694_batch_2.tar	60241408	133259	634760704	1222327
3649	8027	AF-0000000210722077	shard_1618_batch_2.tar	48832512	111247	502322176	892996
3649	9268	AF-0000000204269878	shard_1778_batch_2.tar	22253056	153419	991253504	1707312
3649	9280	AF-0000000210722083	shard_1760_batch_2.tar	31083008	149764	532291072	1683006
3649	11975	AF-0000000210722100	shard_1758_batch_2.tar	40715264	154347	827568640	1698239
3649	13015	AF-0000000210722103	shard_1720_batch_2.tar	59667456	141676	618497024	1430024
3649	13232	AF-0000000210722106	shard_1704_batch_2.tar	6830080	137147	684399104	1264894
3649	13387	AF-0000000204269863	shard_1508_batch_1.tar	36602880	79237	424561152	429375
3649	13439	AF-0000000210722109	shard_1674_batch_2.tar	21795840	125353	484566528	1148767
3649	13518	AF-0000000210722111	shard_1652_batch_2.tar	38117888	120914	293520896	1047847
3649	13926	AF-0000000204269894	shard_1766_batch_2.tar	76647936	155610	187027456	1789090
3649	13933	AF-0000000204269905	shard_1722_batch_2.tar	9355776	137198	214010880	1346026
3649	14162	AF-0000000210722115	shard_1524_batch_1.tar	33502720	83556	647638528	509073
3649	14686	AF-0000000210722117	shard_1676_batch_2.tar	55330304	126102	365296128	1134207
3649	15200	AF-0000000210722123	shard_1736_batch_2.tar	6583296	142832	606121472	1467827
3649	15245	AF-0000000210722124	shard_1740_batch_2.tar	6920192	148558	167227904	1526692
3649	15376	AF-0000000210722125	shard_1249_batch_0.tar	45674496	227368	3830797312	3655387
3649	15909	AF-0000000204269898	shard_1754_batch_2.tar	4995072	151438	418949120	1612508
3649	16493	AF-0000000204269901	shard_1285_batch_0.tar	159936000	256152	828683776	4429735
3649	16691	AF-0000000210722139	shard_1670_batch_2.tar	24951808	123572	407675904	1101512
3649	17006	AF-0000000210722143	shard_1223_batch_0.tar	135723520	209012	676642816	3040800
3653	6828	AF-0000000204744670	shard_1721_batch_0.tar	97619456	137985	812957184	1403382
3653	9050	AF-0000000204744675	shard_1503_batch_0.tar	48746496	77710	492322304	414500
3653	9123	AF-0000000210722665	shard_1585_batch_0.tar	78277632	103086	504891392	755558
3653	9448	AF-0000000204744682	shard_1807_batch_0.tar	93770240	169081	1919889920	2195098
3655	3300	AF-0000000210678438	shard_1274_batch_1.tar	85231104	250015	2546981888	4450220
3655	3976	AF-0000000210722894	shard_1300_batch_1.tar	179676160	281176	2341307904	5642897
3655	4138	AF-0000000210722897	shard_1220_batch_1.tar	92384256	212572	1403642880	3085845
3655	4384	AF-0000000210722900	shard_1662_batch_1.tar	43095040	126288	444588544	1080560
3655	5207	AF-0000000210722913	shard_1296_batch_1.tar	249394176	271425	2474320896	5388384
3655	6919	AF-0000000210722920	shard_1224_batch_1.tar	21222912	215621	1197616640	3325568
3655	9873	AF-0000000210722923	shard_1674_batch_1.tar	86434304	129670	477613056	1145487
3655	15858	AF-0000000210722934	shard_1672_batch_1.tar	47904256	130519	1160431104	1136797
3656	13482	AF-0000000203551035	shard_1682_batch_0.tar	81730560	127876	1288957952	1192803
3657	5147	AF-0000000210723310	shard_1798_batch_1.tar	13869568	170867	2119227392	2099776
3657	10177	AF-0000000210723361	shard_1308_batch_1.tar	153830400	287442	3324911104	5941517
3658	3545	AF-0000000210710666	shard_1588_batch_1.tar	99118080	98722	800869376	667598
3658	3585	AF-0000000210715668	shard_1622_batch_1.tar	92294144	106074	271518720	795362
3658	3673	AF-0000000210723541	shard_1706_batch_1.tar	40823296	129578	1005926912	1173700
3658	3731	AF-0000000210723542	shard_1538_batch_1.tar	10999808	86401	627911680	504107
3658	3732	AF-0000000203927629	shard_1636_batch_1.tar	88102912	111086	991368704	844843
3658	4502	AF-0000000210723545	shard_1532_batch_1.tar	14331392	84327	278381056	472063
3658	4817	AF-0000000210723550	shard_1616_batch_1.tar	62999040	107434	465582592	867751
3658	6111	AF-0000000210723556	shard_1720_batch_1.tar	90592256	136071	1355920896	1242951
3658	11330	AF-0000000210723568	shard_1818_batch_1.tar	118066688	169337	1355250688	2072288
3658	15634	AF-0000000210723579	shard_1626_batch_1.tar	51023360	110067	343937536	845733
3658	17146	AF-0000000203927632	shard_1620_batch_1.tar	74847232	107015	1007503360	791768
3659	3003	AF-0000000210607318	shard_1336_batch_1.tar	1980928	408096	8546278912	12444023
3659	6297	AF-0000000210723601	shard_1268_batch_1.tar	54291968	239065	3531445248	4410415
3659	6697	AF-0000000210723603	shard_1306_batch_1.tar	101242880	281278	4131123712	6089059
3659	6745	AF-0000000203922823	shard_1316_batch_1.tar	170548224	282718	617606656	6436691
3659	11185	AF-0000000210723611	shard_1258_batch_1.tar	44673536	232130	4024003584	4094352
3659	15471	AF-0000000210723622	shard_1278_batch_1.tar	159530496	248681	1232052736	4670809
3660	3011	AF-0000000203666090	shard_1254_batch_0.tar	191679488	229185	2697480704	3872032
3660	6274	AF-0000000210723668	shard_1256_batch_0.tar	62211072	229586	4119337472	3776637
3661	3576	AF-0000000210714622	shard_1286_batch_0.tar	198424576	256774	5032372736	4704479
3661	3617	AF-0000000210720296	shard_1622_batch_0.tar	100150784	110650	756492800	844764
3661	3820	AF-0000000210723815	shard_1284_batch_0.tar	26105344	254242	2764905472	4667792
3661	3987	AF-0000000210723816	shard_1618_batch_0.tar	79759360	108789	928822784	825095
3661	4347	AF-0000000210723818	shard_1782_batch_0.tar	41721856	158788	2107575808	1835933
3661	5656	AF-0000000210723821	shard_1622_batch_0.tar	52386816	111065	518995968	855718
3661	7309	AF-0000000210723824	shard_1610_batch_0.tar	93975552	107148	383539712	823314
3661	9761	AF-0000000210723825	shard_1830_batch_0.tar	44834304	176538	1203139584	2327207
3662	9839	AF-0000000210723853	shard_1806_batch_0.tar	13859328	172063	790059520	2128303
3663	3755	AF-0000000210724156	shard_1777_batch_0.tar	54692864	163464	1702328320	1848200
3663	7069	AF-0000000210724212	shard_1297_batch_1.tar	172001280	272014	1383700992	4956993
3663	11895	AF-0000000210724231	shard_1797_batch_0.tar	46966272	170946	2122403840	1980914
3663	13358	AF-0000000210724243	shard_1289_batch_1.tar	17453056	263759	3008786432	4669940
3664	4617	AF-0000000210724275	shard_1622_batch_1.tar	19704832	110171	447022080	864286
3664	4618	AF-0000000203885063	shard_1622_batch_1.tar	29498880	109442	801895936	860817
3664	4619	AF-0000000210724276	shard_1624_batch_1.tar	69641216	110934	1092635136	867616
3664	14077	AF-0000000203885064	shard_1588_batch_1.tar	97985536	102173	855275520	737582
3665	4617	AF-0000000210724280	shard_1626_batch_1.tar	78972928	111036	1103232000	869974
3665	4618	AF-0000000203885107	shard_1626_batch_1.tar	8087552	110052	946028544	864757
3665	4619	AF-0000000210724281	shard_1628_batch_1.tar	5272064	111715	426798592	885506
3665	10848	AF-0000000203885096	shard_1480_batch_0.tar	50663424	72259	390435328	334596
3666	4317	AF-0000000203884821	shard_1528_batch_1.tar	38428672	85953	345592832	470593
3669	3541	AF-0000000210710015	shard_1718_batch_1.tar	34745344	133034	1324712448	1245641
3669	3545	AF-0000000210710667	shard_1588_batch_1.tar	86690304	97452	511925248	667270
3669	3546	AF-0000000210710741	shard_1622_batch_1.tar	6998016	105684	938761728	783574
3669	3585	AF-0000000210715669	shard_1622_batch_1.tar	65146880	105147	746007552	792081
3669	3658	AF-0000000203927734	shard_1634_batch_1.tar	82209792	106567	775413248	829184
3669	3673	AF-0000000210724514	shard_1708_batch_1.tar	13159936	128630	1412337664	1169149
3669	3681	AF-0000000210724515	shard_1632_batch_1.tar	47342592	106888	502050304	838858
3669	3731	AF-0000000210724516	shard_1538_batch_1.tar	40622080	84967	240839680	508901
3669	4502	AF-0000000210724522	shard_1530_batch_1.tar	74468864	83364	422673408	482883
3669	5264	AF-0000000203927727	shard_1520_batch_1.tar	59301888	79408	382944256	443481
3669	5375	AF-0000000203927721	shard_1256_batch_1.tar	8823808	213262	1733112832	3514047
3669	6111	AF-0000000210724536	shard_1720_batch_1.tar	97889792	135141	1459988992	1236203
3669	6259	AF-0000000210724540	shard_1568_batch_1.tar	33803264	92601	242093568	624198
3669	7060	AF-0000000203927740	shard_1788_batch_1.tar	117550592	160188	1242653696	1763436
3669	7224	AF-0000000210724547	shard_1766_batch_1.tar	51499008	150679	1722515456	1583685
3669	7246	AF-0000000203927723	shard_1508_batch_1.tar	15322624	75798	308270080	404854
3669	9377	AF-0000000203927728	shard_1588_batch_1.tar	72780288	98910	895627264	685563
3669	10456	AF-0000000210724550	shard_1590_batch_1.tar	79822848	97427	556933120	668269
3669	11330	AF-0000000210724553	shard_1818_batch_1.tar	169226240	168487	2406899712	2080608
3669	11912	AF-0000000210724557	shard_1528_batch_1.tar	34405888	82455	516583424	459562
3670	4287	AF-0000000210724607	shard_1604_batch_0.tar	13857280	105719	275921408	816183
3670	6222	AF-0000000210724610	shard_1798_batch_0.tar	90924544	165563	2077324800	1956055
3672	4854	AF-0000000210724641	shard_1519_batch_0.tar	58580480	77991	487057920	436739
3672	7264	AF-0000000210724662	shard_1491_batch_0.tar	70303744	72182	245483520	344363
3672	13314	AF-0000000210724678	shard_1793_batch_0.tar	22782976	156952	437714944	1735430
3673	4502	AF-0000000210724701	shard_1608_batch_0.tar	56262144	106164	441264640	739619
3673	5264	AF-0000000210724707	shard_1598_batch_0.tar	7633920	102481	693541888	689959
3673	5375	AF-0000000210724709	shard_1282_batch_0.tar	195754496	236180	4995832832	4186495
3673	6063	AF-0000000210724714	shard_1782_batch_0.tar	1943552	155352	607165440	1653396
3673	7289	AF-0000000210724723	shard_1720_batch_0.tar	134799872	137300	809833984	1294719
3674	7190	AF-0000000204050255	shard_1428_batch_0.tar	35513856	52207	253679616	162468
3674	9965	AF-0000000204050292	shard_1230_batch_2.tar	51321856	212378	1224240640	3100075
3674	12057	AF-0000000210724979	shard_1648_batch_1.tar	77611520	122805	714457088	962416
3674	14560	AF-0000000210724994	shard_1504_batch_1.tar	79565312	79793	172382720	418623
3674	16219	AF-0000000210725003	shard_1426_batch_0.tar	43613184	52920	239786496	167890
3674	16517	AF-0000000210725005	shard_1734_batch_1.tar	27507200	147631	1659509248	1332322
3675	5775	AF-0000000210725034	shard_1767_batch_0.tar	144193024	149487	1568948736	1659705
3675	11694	AF-0000000210725053	shard_1289_batch_0.tar	106808320	251281	3249097728	4737184
3675	12046	AF-0000000210725056	shard_1223_batch_0.tar	148209664	198151	1456373760	2918627
3675	14686	AF-0000000210725063	shard_1879_batch_0.tar	144742912	198596	794941440	2870371
3676	3295	AF-0000000210677228	shard_1656_batch_1.tar	57989120	123309	839297536	1047515
3676	3509	AF-0000000210705243	shard_1824_batch_1.tar	122376704	170494	685340672	2156638
3676	3581	AF-0000000210715355	shard_1704_batch_1.tar	130119168	139592	284831744	1338303
3676	3585	AF-0000000210715671	shard_1624_batch_1.tar	90024960	112006	514114560	873296
3676	4100	AF-0000000210725081	shard_1474_batch_0.tar	6463488	71373	250587136	296173
3676	4119	AF-0000000210725082	shard_1828_batch_1.tar	106172928	180694	2576766976	2301426
3676	4133	AF-0000000210725084	shard_1870_batch_1.tar	158148608	199328	1483632128	2847493
3676	4322	AF-0000000210725090	shard_1654_batch_1.tar	63182848	123420	1004474368	1038114
3676	5060	AF-0000000210725117	shard_1582_batch_1.tar	11334144	103271	787109888	709736
3676	5354	AF-0000000210725126	shard_1614_batch_1.tar	4411904	109917	262179840	858122
3676	5676	AF-0000000210725135	shard_1486_batch_0.tar	3940352	74289	218918912	329692
3676	5893	AF-0000000210725147	shard_1566_batch_1.tar	29313536	94365	812268544	605163
3676	6120	AF-0000000210725152	shard_1538_batch_1.tar	76936192	92110	611089408	543066
3676	6239	AF-0000000210725160	shard_1704_batch_1.tar	100297216	139084	830025216	1363275
3676	6292	AF-0000000210725163	shard_1846_batch_1.tar	173415936	189221	2527985664	2509900
3676	6515	AF-0000000210725169	shard_1540_batch_1.tar	73235456	92134	720862208	558996
3676	6835	AF-0000000210725183	shard_1266_batch_1.tar	77353984	237323	3415358464	4036048
3676	7311	AF-0000000210725195	shard_1852_batch_1.tar	2293248	191621	863644160	2626864
3676	7419	AF-0000000210725197	shard_1298_batch_1.tar	249913856	271877	2140514816	5291676
3676	8730	AF-0000000210725205	shard_1224_batch_1.tar	117004288	208116	2984894976	3146966
3676	9353	AF-0000000210725208	shard_1840_batch_1.tar	51466752	185400	1966951936	2411056
3676	9569	AF-0000000210725212	shard_1840_batch_1.tar	156980736	184837	1265936384	2312053
3676	9895	AF-0000000210725217	shard_1788_batch_1.tar	77965824	162374	1815860224	1887317
3676	10230	AF-0000000210725221	shard_1302_batch_1.tar	187468800	275222	3402066432	5700426
3676	10567	AF-0000000210725223	shard_1566_batch_1.tar	58050048	97980	207988736	626776
3676	11625	AF-0000000210725232	shard_1300_batch_1.tar	236640768	274259	4185706496	5227128
3676	12112	AF-0000000210725243	shard_1532_batch_1.tar	22379520	88729	261257216	511060
3676	12649	AF-0000000210725254	shard_1554_batch_1.tar	27244544	95369	581833728	617203
3676	12755	AF-0000000210725256	shard_1874_batch_1.tar	179098624	206794	1895248896	2984585
3676	14165	AF-0000000210725279	shard_1486_batch_0.tar	3713024	74913	285423616	333030
3676	16783	AF-0000000210725325	shard_1484_batch_0.tar	55726080	74335	180540928	330126
3676	16792	AF-0000000210725326	shard_1260_batch_1.tar	229375488	232292	819248128	3749709
3676	16823	AF-0000000210725327	shard_1296_batch_1.tar	163003904	265294	3699740672	4914644
3678	3840	AF-0000000210725500	shard_1250_batch_0.tar	215447040	224267	2281416704	3681477
3678	6060	AF-0000000210725526	shard_1742_batch_0.tar	103913984	149925	1703076352	1631113
3678	12869	AF-0000000210725546	shard_1764_batch_0.tar	22510592	156628	855114240	1745721
3679	3594	AF-0000000210717283	shard_1798_batch_1.tar	58121728	166866	1549233664	2100479
3679	3898	AF-0000000210725564	shard_1828_batch_1.tar	14367232	177458	720881152	2370811
3679	3921	AF-0000000203935589	shard_1854_batch_1.tar	44660736	189963	2582435328	2688349
3679	6326	AF-0000000203935588	shard_1798_batch_1.tar	77919744	166506	1598562816	2074635
3680	3013	AF-0000000203689466	shard_1758_batch_0.tar	73665536	155679	524009984	1622542
3680	4116	AF-0000000203689449	shard_1646_batch_0.tar	22346240	119438	987387392	951129
3680	9852	AF-0000000210725614	shard_1622_batch_0.tar	30096896	114177	465722880	850919
3680	11318	AF-0000000210725620	shard_1708_batch_0.tar	103591936	139320	697521152	1200402
3680	14708	AF-0000000210725630	shard_1766_batch_0.tar	137568768	157588	437018112	1671919
3681	3545	AF-0000000210710669	shard_1588_batch_0.tar	83483648	98843	388860416	656199
3681	3585	AF-0000000210715672	shard_1620_batch_0.tar	40689152	106311	401299456	799572
3681	3731	AF-0000000210725648	shard_1536_batch_0.tar	3376640	86249	196387328	503347
3681	3732	AF-0000000210725649	shard_1634_batch_0.tar	40002560	111141	267338752	851096
3681	3733	AF-0000000210725650	shard_1794_batch_0.tar	121225216	161633	2096419328	1729182
3681	3872	AF-0000000210725653	shard_1838_batch_0.tar	122716160	181977	1183186944	2373618
3681	3919	AF-0000000210725654	shard_1610_batch_0.tar	40950784	104613	274350592	776072
3681	4082	AF-0000000210725659	shard_1674_batch_0.tar	48616960	122642	751387648	1072126
3681	4502	AF-0000000210725669	shard_1530_batch_0.tar	86639616	84532	504257536	484520
3681	4992	AF-0000000210725679	shard_1638_batch_0.tar	58263040	110376	917143552	874934
3681	4993	AF-0000000210725680	shard_1586_batch_0.tar	28197888	97374	807948800	696066
3681	5264	AF-0000000210725687	shard_1520_batch_0.tar	46469632	80469	327812608	436748
3681	5990	AF-0000000210725697	shard_1730_batch_0.tar	6772224	138167	1693433856	1345452
3681	6276	AF-0000000210725708	shard_1726_batch_0.tar	59016192	138990	1488150528	1438942
3681	6401	AF-0000000210725710	shard_1654_batch_0.tar	17836544	118780	722427904	1028837
3681	6500	AF-0000000210725712	shard_1688_batch_0.tar	127597568	127377	920663040	1160570
3681	6782	AF-0000000210725719	shard_1812_batch_0.tar	42783744	169539	1233878016	2142549
3681	7225	AF-0000000210725727	shard_1670_batch_0.tar	85244416	119443	834025472	1050765
3681	12129	AF-0000000210725744	shard_1716_batch_0.tar	25548800	134023	1490034176	1313790
3681	13233	AF-0000000210725747	shard_1638_batch_0.tar	14414336	112758	544192000	935896
3681	13234	AF-0000000210725748	shard_1646_batch_0.tar	34134016	115003	416156160	970051
3681	13461	AF-0000000210725751	shard_1602_batch_0.tar	65693184	103851	451324928	783854
3681	14495	AF-0000000210725754	shard_1276_batch_0.tar	34424320	240316	2615836160	4167492
3681	17070	AF-0000000210725771	shard_1754_batch_0.tar	59604992	145066	484133888	1501020
3682	3228	AF-0000000210670607	shard_1466_batch_1.tar	33980416	64694	404474368	288623
3682	12628	AF-0000000210725806	shard_1488_batch_1.tar	23430656	72048	172305920	348981
3683	3788	AF-0000000210725883	shard_1578_batch_1.tar	17887232	101898	260776448	733361
3683	5671	AF-0000000210725904	shard_1500_batch_0.tar	20791296	79019	526388224	395124
3683	11302	AF-0000000210725924	shard_1684_batch_1.tar	35238912	129388	384472064	1192633
3683	16584	AF-0000000210725938	shard_1774_batch_1.tar	10135552	160813	906663424	1759813
3684	3311	AF-0000000210680436	shard_1808_batch_2.tar	512	173612	263619584	2021298
3684	5130	AF-0000000210725996	shard_1614_batch_1.tar	10601984	112746	803058176	840651
3684	5351	AF-0000000210725999	shard_1688_batch_2.tar	30021632	130689	131346944	1205091
3684	5788	AF-0000000210726007	shard_1560_batch_1.tar	50122752	97599	461231104	644347
3684	6222	AF-0000000210726011	shard_1852_batch_2.tar	93810176	193702	599502848	2576582
3684	14197	AF-0000000210726040	shard_1260_batch_2.tar	71815680	231635	1105496576	3965863
3686	10162	AF-0000000210726241	shard_1759_batch_0.tar	119351808	155345	940638208	1651475
3687	4539	AF-0000000210726250	shard_1788_batch_0.tar	139212288	165075	551036416	1984681
3687	4776	AF-0000000210726251	shard_1836_batch_0.tar	26591232	183694	2569949184	2457302
3687	6166	AF-0000000203465648	shard_1786_batch_0.tar	38454784	163042	942821888	1999158
3687	7188	AF-0000000210726255	shard_1800_batch_0.tar	127804928	169640	479680512	2072290
3687	11050	AF-0000000203465650	shard_1652_batch_0.tar	88833024	119541	352727040	1032168
3689	3394	AF-0000000210689997	shard_1808_batch_0.tar	40331776	168893	935889408	2170927
3689	4395	AF-0000000210726365	shard_1256_batch_0.tar	133512704	229744	1601049600	3908353
3689	4601	AF-0000000210726373	shard_1282_batch_0.tar	104483840	251538	1263979008	4593849
3689	6911	AF-0000000210726415	shard_1818_batch_0.tar	166714368	171296	2071406592	2214560
3689	10946	AF-0000000210726447	shard_1720_batch_0.tar	9192960	137732	1502339584	1415400
3690	3997	AF-0000000210726552	shard_1810_batch_0.tar	156138496	169517	1247257600	2033909
3690	6008	AF-0000000210726641	shard_1720_batch_0.tar	41665024	141332	1371693568	1402095
3690	13415	AF-0000000210726786	shard_1320_batch_0.tar	31520768	298139	3471328256	6279662
3690	14977	AF-0000000210726830	shard_1816_batch_0.tar	150062592	175539	419404288	2150479
3690	16871	AF-0000000210726858	shard_1876_batch_0.tar	8568320	199375	2768894464	2817660
3690	16912	AF-0000000210726860	shard_1790_batch_0.tar	85689344	166261	888571392	1941705
3691	6045	AF-0000000210726920	shard_1280_batch_2.tar	92800000	244763	1690776064	4478066
3692	3013	AF-0000000210609077	shard_1653_batch_0.tar	19240448	121498	896849920	953060
3692	3731	AF-0000000210726978	shard_1493_batch_0.tar	6510080	75400	493036544	379994
3692	3733	AF-0000000210726979	shard_1757_batch_1.tar	49719296	150921	910326272	1480043
3692	4993	AF-0000000210727015	shard_1539_batch_0.tar	40159744	86762	500193280	515175
3692	5698	AF-0000000210727034	shard_1619_batch_0.tar	32779776	110372	862454784	863400
3692	8454	AF-0000000210727084	shard_1679_batch_0.tar	81342976	130009	943483904	1101133
3692	13479	AF-0000000210727099	shard_1773_batch_0.tar	16303616	153819	542141440	1578781
3692	15329	AF-0000000210727103	shard_1589_batch_0.tar	39061504	98796	663780352	704962
3694	3265	AF-0000000203958877	shard_1450_batch_0.tar	18247680	58935	148295168	236946
3694	3389	AF-0000000203958861	shard_1526_batch_1.tar	22517760	85469	421186560	503211
3694	3577	AF-0000000210714646	shard_1784_batch_1.tar	82694144	157921	440838656	1730447
3694	3598	AF-0000000210717755	shard_1508_batch_1.tar	56100352	78216	334654464	427992
3694	3689	AF-0000000210726350	shard_1746_batch_1.tar	68036608	143385	634407936	1556037
3694	4353	AF-0000000210727448	shard_1556_batch_1.tar	52281856	91731	207891456	582859
3694	5101	AF-0000000203958906	shard_1500_batch_1.tar	18462208	76117	263988224	384594
3694	6548	AF-0000000210727486	shard_1646_batch_1.tar	117160448	116492	574129152	956897
3694	8071	AF-0000000210727500	shard_1514_batch_1.tar	55158784	80203	487436800	431098
3694	8171	AF-0000000203958909	shard_1514_batch_1.tar	72030720	79844	439646208	452421
3694	11560	AF-0000000210727522	shard_1550_batch_1.tar	15234560	90547	671124992	562971
3694	11715	AF-0000000210727524	shard_1832_batch_1.tar	50990080	177478	2233341952	2426618
3694	12539	AF-0000000203958839	shard_1560_batch_1.tar	65244160	94387	432016896	631661
3694	13332	AF-0000000203958845	shard_1808_batch_1.tar	113990144	171369	1473256448	1993406
3694	15101	AF-0000000210727548	shard_1766_batch_1.tar	57739264	151809	769933824	1759450
3696	3728	AF-0000000210727634	shard_1633_batch_0.tar	103587840	113191	470986240	909427
3696	3798	AF-0000000210727636	shard_1585_batch_0.tar	58320896	101980	422450688	702656
3696	4613	AF-0000000210727649	shard_1547_batch_0.tar	45478400	90638	715129856	580358
3696	6031	AF-0000000210727668	shard_1651_batch_0.tar	8635392	120942	619392000	952956
3696	6093	AF-0000000210727670	shard_1615_batch_0.tar	87953408	109178	1002230784	792982
3697	3029	AF-0000000210610371	shard_1311_batch_1.tar	13885952	290866	4840047616	5907473
3697	3329	AF-0000000210682887	shard_1337_batch_1.tar	72204800	396821	10900685312	11357304
3697	3873	AF-0000000210727715	shard_1289_batch_1.tar	199603712	262496	2851813888	4747175
3697	4807	AF-0000000210727738	shard_1293_batch_1.tar	52049408	267020	3313917440	4928315
3697	5008	AF-0000000210727740	shard_1279_batch_1.tar	218785280	254202	4418607616	4487148
3697	5009	AF-0000000210727741	shard_1277_batch_1.tar	94780928	249582	918045184	4431299
3697	5010	AF-0000000210727742	shard_1307_batch_1.tar	123313664	284107	5826807296	5665642
3697	14707	AF-0000000210727779	shard_1307_batch_1.tar	114534912	287257	2084933120	5812310
3698	5723	AF-0000000210728092	shard_1706_batch_2.tar	17449472	136909	160113152	1426849
3699	11376	AF-0000000204717513	shard_1883_batch_0.tar	88259072	203417	2266595328	3248644
3699	13269	AF-0000000204717584	shard_1831_batch_0.tar	88673792	174764	2494129664	2471859
3700	4226	AF-0000000204204856	shard_1289_batch_0.tar	155642368	263625	4810726400	5096959
3700	4475	AF-0000000204204835	shard_1700_batch_2.tar	35046400	135332	137182720	1292915
3700	6222	AF-0000000210728436	shard_1858_batch_2.tar	24638976	195886	546924032	2657046
3700	6809	AF-0000000210728442	shard_1780_batch_2.tar	43311616	161739	326178816	1768135
3701	4347	AF-0000000203966615	shard_1830_batch_1.tar	82400768	181016	1936860160	2323038
3702	5989	AF-0000000203888531	shard_1500_batch_0.tar	76387840	76255	535540224	420530
3702	6233	AF-0000000210728546	shard_1768_batch_1.tar	151922176	154503	421228544	1686919
3702	9709	AF-0000000203888516	shard_1768_batch_1.tar	42990592	154344	519693312	1776359
3703	4181	AF-0000000210728570	shard_1320_batch_1.tar	67185152	312725	1749872640	6895041
3703	5218	AF-0000000210728594	shard_1838_batch_0.tar	159981056	185017	1557851648	2461023
3703	7794	AF-0000000210728643	shard_1320_batch_1.tar	180029440	312974	6193973248	6665656
3703	8723	AF-0000000210728651	shard_1844_batch_0.tar	129160192	190145	2385408000	2588299
3703	16606	AF-0000000210728706	shard_1870_batch_0.tar	53332992	201358	1481715200	2881804
3704	3873	AF-0000000210728713	shard_1640_batch_0.tar	114227200	118692	612326912	971048
3705	4702	AF-0000000204344570	shard_1408_batch_1.tar	30839808	37408	126738944	74484
3706	3023	AF-0000000203924114	shard_1832_batch_1.tar	20491264	179808	1113506816	2471586
3706	3329	AF-0000000210682888	shard_1320_batch_1.tar	239709184	309686	5469042688	7532129
3706	3434	AF-0000000210696844	shard_1312_batch_1.tar	132867584	291273	1376041984	6584917
3706	3659	AF-0000000203924121	shard_1322_batch_1.tar	196890112	312606	6645280768	7757526
3706	3827	AF-0000000210728949	shard_1322_batch_1.tar	244056064	310808	4295016960	7632134
3706	3828	AF-0000000203924124	shard_1322_batch_1.tar	225267200	310910	3810676224	7712913
3706	4074	AF-0000000210728951	shard_1314_batch_1.tar	49362944	292484	5673942016	6636285
3706	4223	AF-0000000210728957	shard_1248_batch_1.tar	117261824	222033	474365440	3595553
3706	5281	AF-0000000203924122	shard_1314_batch_1.tar	213948928	295298	2910099456	6815469
3706	5325	AF-0000000210728965	shard_1308_batch_1.tar	261667840	282264	3784356352	5924354
3706	6567	AF-0000000203924123	shard_1322_batch_1.tar	293761536	308627	5894140416	7637633
3706	6690	AF-0000000210728984	shard_1322_batch_1.tar	270187520	311733	2173270528	7688948
3706	12274	AF-0000000210728995	shard_1264_batch_1.tar	214365696	238948	955702272	4156249
3706	16385	AF-0000000203924113	shard_1272_batch_1.tar	208543232	242901	2664681984	4478353
3706	16421	AF-0000000210729012	shard_1322_batch_1.tar	266697216	317287	983289856	7706508
3707	3174	AF-0000000203508747	shard_1582_batch_0.tar	97088000	98808	872568832	705131
3707	5804	AF-0000000203508731	shard_1554_batch_0.tar	54265856	93777	756074496	568012
3707	10690	AF-0000000210729054	shard_1638_batch_0.tar	53574144	114718	283902976	945866
3707	15990	AF-0000000210729079	shard_1808_batch_0.tar	1039360	171157	1939428864	2178023
3707	16477	AF-0000000210729081	shard_1226_batch_0.tar	107220992	209767	2819699200	3062276
3707	17221	AF-0000000203508744	shard_1808_batch_0.tar	15098368	171768	839970304	2196466
3709	3247	AF-0000000204384703	shard_1530_batch_1.tar	14800896	90430	303140864	522326
3709	3651	AF-0000000210722392	shard_1758_batch_2.tar	65896960	155494	371908096	1663840
3709	4820	AF-0000000204384628	shard_1476_batch_1.tar	60926976	72814	233714688	340296
3709	5725	AF-0000000204384652	shard_1530_batch_1.tar	16652800	88768	277273088	546911
3709	5749	AF-0000000204384680	shard_1438_batch_1.tar	13306880	57845	196951552	202527
3709	5750	AF-0000000204384682	shard_1464_batch_1.tar	50534400	67198	136038912	289573
3709	6043	AF-0000000210729252	shard_1839_batch_0.tar	29110272	186546	2414945792	2412098
3709	8126	AF-0000000204384655	shard_1552_batch_2.tar	13502464	93849	285672448	613750
3709	8196	AF-0000000210729284	shard_1245_batch_0.tar	141794816	222450	433304576	3368307
3709	10246	AF-0000000204384701	shard_1825_batch_0.tar	163867136	180657	1652249600	2236474
3709	13292	AF-0000000210729331	shard_1829_batch_0.tar	71761920	180005	659036672	2147030
3709	13844	AF-0000000210729341	shard_1690_batch_2.tar	14436352	133158	317087744	1234578
3709	14241	AF-0000000210729347	shard_1829_batch_0.tar	96057856	180880	421028864	2362644
3709	14906	AF-0000000210729359	shard_1257_batch_0.tar	211190784	230685	787022336	3633864
3709	15104	AF-0000000210729362	shard_1544_batch_2.tar	27549696	92270	306875392	553622
3709	15125	AF-0000000210729363	shard_1742_batch_2.tar	64428544	149491	170591232	1502086
3709	15493	AF-0000000204384566	shard_1706_batch_2.tar	67785216	138116	745732096	1353959
3710	3012	AF-0000000210608983	shard_1808_batch_0.tar	156780032	164641	1561033728	1919430
3710	3321	AF-0000000210682445	shard_1796_batch_0.tar	8193536	157574	371184128	1820403
3710	4563	AF-0000000210729425	shard_1830_batch_0.tar	16993280	176595	1656442368	2218765
3710	4565	AF-0000000210729426	shard_1806_batch_0.tar	163023872	167054	2329219072	1998023
3710	4716	AF-0000000210729429	shard_1636_batch_0.tar	20475904	110630	363843072	876262
3710	6262	AF-0000000210729439	shard_1792_batch_0.tar	48788480	159586	868744192	1879372
3710	7722	AF-0000000203729621	shard_1792_batch_0.tar	15249408	156138	354612224	1811375
3710	12129	AF-0000000210729451	shard_1806_batch_0.tar	166446080	163572	1875631104	1944557
3711	4075	AF-0000000210729488	shard_1321_batch_1.tar	121139712	299950	6206337536	7253327
3711	4446	AF-0000000210729504	shard_1319_batch_1.tar	275542016	299058	3156252672	6996929
3711	5076	AF-0000000210729522	shard_1271_batch_1.tar	177261568	234867	489968128	4467502
3711	6178	AF-0000000210729555	shard_1319_batch_1.tar	92668416	301959	3512249856	6947408
3711	6211	AF-0000000210729558	shard_1333_batch_1.tar	322036736	360900	6154276352	9403203
3711	6757	AF-0000000210729569	shard_1325_batch_1.tar	257343488	315779	4925922816	7801686
3711	7213	AF-0000000210729585	shard_1301_batch_1.tar	152312320	265121	4501592576	5567663
3711	8448	AF-0000000210729595	shard_1337_batch_1.tar	219373056	398011	2707753984	11568960
3711	8595	AF-0000000210729598	shard_1333_batch_1.tar	194490368	356273	8529025536	9272638
3711	10225	AF-0000000210729613	shard_1305_batch_1.tar	158807040	276015	4673101312	5851138
3711	10800	AF-0000000210729617	shard_1303_batch_1.tar	230064128	271001	5791431168	5696008
3711	12143	AF-0000000210729631	shard_1305_batch_1.tar	125832192	271575	1525300736	5745002
3711	14213	AF-0000000210729655	shard_1235_batch_1.tar	74349568	212417	3328558080	3624129
3711	14918	AF-0000000210729668	shard_1287_batch_1.tar	244370944	251834	1892607488	5014511
3711	15160	AF-0000000210729673	shard_1319_batch_1.tar	267928576	299888	5384525824	6857933
3711	16131	AF-0000000210729687	shard_1311_batch_1.tar	180908544	280670	5706008064	6106121
3711	17019	AF-0000000210729700	shard_1317_batch_1.tar	31219712	296216	2257039360	6793538
3713	5930	AF-0000000210730121	shard_1744_batch_1.tar	77032448	149237	1433348608	1614199
3714	5768	AF-0000000210730143	shard_1796_batch_2.tar	34045440	168660	423041024	1939173
3717	3511	AF-0000000210706567	shard_1756_batch_1.tar	119038464	155093	530448384	1711186
3717	3718	AF-0000000210730481	shard_1764_batch_1.tar	26624000	159566	614359552	1780281
3717	4336	AF-0000000210730485	shard_1758_batch_1.tar	103496704	155459	1878019584	1742585
3717	4840	AF-0000000210730488	shard_1754_batch_1.tar	79195648	154223	1631165440	1716860
3717	16584	AF-0000000210730502	shard_1828_batch_1.tar	137597952	182930	1528888320	2310814
3718	4006	AF-0000000210730510	shard_1766_batch_1.tar	37190656	161690	691065856	1809796
3718	4840	AF-0000000210730519	shard_1754_batch_1.tar	12600320	155494	1629471232	1693324
3719	4671	AF-0000000210730559	shard_1604_batch_1.tar	6981120	107336	835077120	820542
3720	3505	AF-0000000210704784	shard_1662_batch_1.tar	33724416	126842	929439744	1099216
3720	3937	AF-0000000210730580	shard_1488_batch_0.tar	39683584	73748	418694144	378023
3720	4137	AF-0000000210730585	shard_1564_batch_1.tar	60082688	98416	475824640	646530
3720	12174	AF-0000000210730596	shard_1444_batch_0.tar	23918592	59168	130806784	206694
3721	3022	AF-0000000203628943	shard_1492_batch_0.tar	18356224	75905	475202560	372703
3721	3741	AF-0000000203628945	shard_1492_batch_0.tar	59562496	76574	166419456	377149
3721	5773	AF-0000000210730625	shard_1492_batch_0.tar	19814912	75752	256295936	374045
3722	3011	AF-0000000210608919	shard_1312_batch_1.tar	136102400	288374	2836012032	6717771
3722	3329	AF-0000000210682890	shard_1320_batch_1.tar	119178752	306463	2421564928	7456597
3722	3434	AF-0000000210696846	shard_1312_batch_1.tar	287074816	288900	4273614336	6621654
3722	3659	AF-0000000210723585	shard_1322_batch_1.tar	202854400	310509	2454348288	7621041
3722	3827	AF-0000000210730653	shard_1322_batch_1.tar	231571456	308258	4280166400	7516330
3722	3828	AF-0000000210730654	shard_1320_batch_1.tar	288895488	307453	1642221056	7504544
3722	4074	AF-0000000210730655	shard_1312_batch_1.tar	200782848	290817	692094464	6682675
3722	5281	AF-0000000210730666	shard_1314_batch_1.tar	73104896	292303	4371674112	6691477
3722	6567	AF-0000000210730678	shard_1320_batch_1.tar	128768512	305735	7121589760	7492551
3722	6690	AF-0000000210730680	shard_1322_batch_1.tar	12597248	309213	2468737024	7509056
3722	12274	AF-0000000210730689	shard_1262_batch_1.tar	185089024	235241	753854976	4098104
3722	16421	AF-0000000210730697	shard_1322_batch_1.tar	306993664	315682	5201025536	7762456
3723	6067	AF-0000000210730765	shard_1706_batch_2.tar	56683520	132375	692527616	1213027
3724	3009	AF-0000000210607885	shard_1700_batch_1.tar	25753600	136627	1106076672	1184582
3724	5838	AF-0000000210730883	shard_1814_batch_1.tar	29023232	174025	2366978048	2117158
3724	9780	AF-0000000210730905	shard_1588_batch_1.tar	84820480	103815	199034368	731489
3724	11968	AF-0000000210730916	shard_1822_batch_1.tar	104782336	177695	935206400	2043133
3725	3247	AF-0000000210671754	shard_1496_batch_1.tar	72494592	79958	344137728	401860
3725	3251	AF-0000000210671937	shard_1496_batch_1.tar	67748864	80024	450010624	399485
3725	12262	AF-0000000210731279	shard_1512_batch_1.tar	51575296	84415	471874560	471233
3725	12414	AF-0000000210731283	shard_1476_batch_1.tar	47965696	71966	255539712	326226
3726	3598	AF-0000000210717756	shard_1664_batch_1.tar	9345536	122025	305976832	1112157
3726	7496	AF-0000000210731496	shard_1688_batch_1.tar	120087552	130116	817716224	1253875
3726	7849	AF-0000000210731498	shard_1768_batch_1.tar	14882816	152726	364374016	1757358
3726	12120	AF-0000000210731507	shard_1696_batch_1.tar	40306176	130480	1313850880	1273349
3726	13530	AF-0000000210731510	shard_1690_batch_1.tar	97385472	131545	564039168	1264767
3727	10398	AF-0000000204137622	shard_1526_batch_1.tar	17386496	86047	656039424	436494
3729	3741	AF-0000000203477414	shard_1700_batch_0.tar	109379072	133066	699624448	1339314
3730	4877	AF-0000000204611488	shard_1797_batch_0.tar	76901376	164679	530721280	1892739
3730	12928	AF-0000000210732105	shard_1669_batch_0.tar	107420160	118347	302139392	1009211
3730	17012	AF-0000000210732125	shard_1239_batch_0.tar	58496512	217497	1109834240	3354651
3731	3585	AF-0000000210715675	shard_1526_batch_0.tar	50734592	84736	418521088	474060
3731	3673	AF-0000000210724693	shard_1616_batch_0.tar	109074432	107921	484076032	769798
3731	3733	AF-0000000210732215	shard_1718_batch_0.tar	121108992	138996	1169082880	1260545
3731	3919	AF-0000000210732216	shard_1518_batch_0.tar	83065344	82681	248704000	453661
3731	4306	AF-0000000210732223	shard_1674_batch_0.tar	15172608	127228	917813248	1152913
3731	4502	AF-0000000210732226	shard_1450_batch_0.tar	19726848	61880	290233856	240113
3731	4992	AF-0000000210732232	shard_1544_batch_0.tar	88111104	88157	558408704	528951
3731	5264	AF-0000000210732237	shard_1444_batch_0.tar	12393984	58256	159380480	214415
3731	6063	AF-0000000210732246	shard_1630_batch_0.tar	48075776	111761	408504832	811491
3731	7224	AF-0000000210732267	shard_1684_batch_0.tar	114459648	129746	1412930560	1140423
3731	16527	AF-0000000210732293	shard_1450_batch_0.tar	33828352	59967	252549632	235405
3731	17146	AF-0000000210732296	shard_1524_batch_0.tar	10837504	85480	519002112	477502
3732	3465	AF-0000000203523793	shard_1578_batch_0.tar	17482752	100872	809593856	660231
3732	3585	AF-0000000210715676	shard_1624_batch_0.tar	72861184	109747	1041086464	821305
3732	3731	AF-0000000210732214	shard_1540_batch_0.tar	84998656	88837	357320192	524332
3732	3733	AF-0000000203523776	shard_1796_batch_0.tar	9192448	164529	1096388096	1755091
3732	4502	AF-0000000210732300	shard_1532_batch_0.tar	31042560	87149	666820096	484395
3732	4992	AF-0000000210732303	shard_1642_batch_0.tar	98532352	113634	924358656	873313
3732	4993	AF-0000000203523778	shard_1590_batch_0.tar	46145024	100972	457652224	683522
3732	5264	AF-0000000203523779	shard_1522_batch_0.tar	14658048	83448	218967040	454482
3732	6111	AF-0000000210732308	shard_1722_batch_0.tar	51292672	139535	1131984384	1256713
3732	6529	AF-0000000210732309	shard_1624_batch_0.tar	60169216	111791	1077190144	801180
3732	7224	AF-0000000210732312	shard_1768_batch_0.tar	51844096	154963	1348051968	1645033
3732	7289	AF-0000000203523789	shard_1650_batch_0.tar	79807488	118657	555256832	956250
3732	9732	AF-0000000203523791	shard_1662_batch_0.tar	51195392	120145	1058979328	988121
3732	12323	AF-0000000210732318	shard_1728_batch_0.tar	116834816	140456	1050470912	1291056
3732	12854	AF-0000000210732320	shard_1670_batch_0.tar	20355072	121536	353857536	1081333
3732	13233	AF-0000000203523795	shard_1642_batch_0.tar	7692288	115953	363375616	923007
3732	13479	AF-0000000210732322	shard_1810_batch_0.tar	29837824	167344	521763840	1863631
3732	13869	AF-0000000203523777	shard_1596_batch_0.tar	30782976	104724	464887808	724174
3732	15273	AF-0000000210732326	shard_1860_batch_0.tar	15393792	190493	2895708160	2586591
3732	15329	AF-0000000203523796	shard_1640_batch_0.tar	85987328	112612	660891136	890473
3732	15459	AF-0000000210732328	shard_1872_batch_0.tar	137217024	202324	2592379904	2781944
3732	16036	AF-0000000210732332	shard_1226_batch_0.tar	197872640	212059	452057088	3146477
3732	17023	AF-0000000210732338	shard_1236_batch_0.tar	37520896	214900	620385280	3454474
3732	17146	AF-0000000203523788	shard_1622_batch_0.tar	61071360	110173	217490944	820902
3733	3453	AF-0000000203523899	shard_1798_batch_0.tar	103164928	166810	963275264	1950032
3733	4993	AF-0000000203523891	shard_1760_batch_0.tar	67716608	151030	423787008	1499266
3733	5832	AF-0000000210732350	shard_1294_batch_0.tar	195507200	266721	577938432	4870941
3733	6646	AF-0000000203523898	shard_1844_batch_0.tar	3757056	186075	1985227776	2392334
3733	13479	AF-0000000210732373	shard_1242_batch_0.tar	69046784	217212	2063898624	3126415
3733	16789	AF-0000000203523890	shard_1766_batch_0.tar	16408064	153288	1823374848	1552524
3734	3370	AF-0000000210687856	shard_1854_batch_0.tar	12348928	188676	2927492608	2645656
3736	3343	AF-0000000204830251	shard_1249_batch_1.tar	48539136	228764	1963388928	3650526
3736	3409	AF-0000000210692641	shard_1873_batch_1.tar	173189120	201739	1774706688	2954977
3736	4167	AF-0000000204830211	shard_1305_batch_1.tar	78077952	276548	2290407936	5707418
3736	4644	AF-0000000204830207	shard_1695_batch_0.tar	60140544	131664	578180096	1208359
3736	5038	AF-0000000210732792	shard_1293_batch_1.tar	261855232	261465	2199899648	4954489
3736	5304	AF-0000000210732796	shard_1281_batch_1.tar	217256448	251421	704122880	4376593
3736	5377	AF-0000000210732799	shard_1315_batch_1.tar	31691264	295515	4842833920	5997782
3736	6526	AF-0000000210732814	shard_1801_batch_0.tar	68991488	166167	905633280	2005805
3736	12588	AF-0000000204830243	shard_1659_batch_0.tar	97185280	121162	576198144	1009602
3736	13266	AF-0000000210732834	shard_1231_batch_1.tar	55284736	213367	547730432	3177804
3736	14603	AF-0000000210732847	shard_1251_batch_1.tar	106255360	223482	2619138048	3445230
3736	15073	AF-0000000210732849	shard_1837_batch_1.tar	41116160	181158	1485663744	2335476
3736	15397	AF-0000000210732851	shard_1785_batch_0.tar	158878720	158546	472232960	1768790
3736	17257	AF-0000000204830205	shard_1733_batch_0.tar	33911808	144004	778836480	1470500
3737	3738	AF-0000000210733165	shard_1776_batch_1.tar	40758784	153565	1031966720	1727878
3737	8616	AF-0000000210733192	shard_1746_batch_1.tar	98728960	145881	1491971072	1530425
3737	9242	AF-0000000210733193	shard_1844_batch_1.tar	114260992	185046	2446802944	2144204
3737	12042	AF-0000000210733209	shard_1748_batch_1.tar	15907328	145106	1279407616	1526110
3737	12675	AF-0000000210733213	shard_1820_batch_1.tar	30815744	170117	1176887296	1968638
3737	14598	AF-0000000210733223	shard_1712_batch_1.tar	17472512	138463	831662080	1243525
3737	15095	AF-0000000210733225	shard_1656_batch_1.tar	73133568	119583	545073152	979204
3737	15943	AF-0000000210733229	shard_1766_batch_1.tar	111965184	152923	361778176	1539846
3737	16820	AF-0000000210733231	shard_1870_batch_1.tar	4811264	195403	579532288	2532119
3739	3515	AF-0000000210707162	shard_1292_batch_0.tar	66174464	261792	3886896128	4942579
3739	4446	AF-0000000210733338	shard_1298_batch_0.tar	10552832	266856	1279392768	5135798
3739	5388	AF-0000000210733357	shard_1300_batch_0.tar	77089792	272134	5718294016	5327313
3739	9689	AF-0000000210733409	shard_1322_batch_0.tar	236793856	317216	933523456	6984549
3739	16457	AF-0000000210733450	shard_1298_batch_0.tar	111911936	270078	2293102592	5305243
3739	16690	AF-0000000210733453	shard_1328_batch_0.tar	61114880	333318	2161252352	7617828
3741	3708	AF-0000000203817038	shard_1694_batch_1.tar	3471872	133588	955899904	1293387
3741	5180	AF-0000000203817039	shard_1256_batch_1.tar	77266944	231333	963312128	4146732
3742	3721	AF-0000000203816683	shard_1492_batch_0.tar	1064448	75973	324830208	371427
3742	4475	AF-0000000203816680	shard_1656_batch_1.tar	22569984	121925	967693312	1078375
3742	5018	AF-0000000203816715	shard_1562_batch_0.tar	1540096	96466	246836224	604938
3742	5019	AF-0000000210733640	shard_1278_batch_1.tar	125880320	247089	2758977536	4375105
3742	5020	AF-0000000210733641	shard_1554_batch_0.tar	16159744	94344	262996480	578928
3742	5502	AF-0000000210733644	shard_1540_batch_0.tar	34354688	91183	255309824	525543
3742	5751	AF-0000000210733645	shard_1634_batch_0.tar	81176576	115130	761415680	893377
3742	5754	AF-0000000210733646	shard_1634_batch_0.tar	110518272	115216	401848320	922389
3742	6271	AF-0000000210733652	shard_1558_batch_0.tar	75075072	95432	672266240	588061
3742	6636	AF-0000000210733654	shard_1538_batch_0.tar	81530368	90145	340214784	556742
3742	7443	AF-0000000203816716	shard_1526_batch_0.tar	56616960	86912	315991552	463502
3742	8932	AF-0000000203816705	shard_1642_batch_0.tar	84545024	118428	812552704	993827
3742	15328	AF-0000000203816714	shard_1572_batch_0.tar	3473408	100658	829383680	640030
3746	3010	AF-0000000210608764	shard_1276_batch_2.tar	82738688	255420	1440326144	4640667
3746	3077	AF-0000000210615709	shard_1335_batch_0.tar	75430400	389266	7593399808	10442682
3746	3387	AF-0000000210689363	shard_1294_batch_2.tar	38318592	274721	628660224	5355733
3746	3388	AF-0000000210689428	shard_1286_batch_2.tar	59606016	263801	664334848	5024529
3746	3620	AF-0000000210720625	shard_1336_batch_2.tar	29665792	422054	5158651392	12397370
3746	3697	AF-0000000210727713	shard_1336_batch_2.tar	162882048	425854	4249518592	12382578
3746	3920	AF-0000000210733973	shard_1329_batch_0.tar	278527488	339090	6949682176	8260698
3746	3929	AF-0000000210733974	shard_1329_batch_0.tar	25185792	338756	4478982656	8215572
3746	3936	AF-0000000210733975	shard_1330_batch_2.tar	50777088	353806	3043512832	8746782
3746	4280	AF-0000000210733989	shard_1292_batch_2.tar	74134528	272454	1314511360	5248105
3746	4353	AF-0000000210733993	shard_1286_batch_2.tar	96201216	263309	1255242752	4709783
3746	4522	AF-0000000210733997	shard_1336_batch_2.tar	193377792	426862	3193913856	12558154
3746	4704	AF-0000000210734000	shard_1319_batch_0.tar	100332544	317033	5946997760	7068883
3746	5639	AF-0000000210734022	shard_1302_batch_2.tar	40722944	286791	1811879424	5615390
3746	5819	AF-0000000210734032	shard_1314_batch_2.tar	137618944	301995	1893679616	6422510
3746	6210	AF-0000000210734046	shard_1320_batch_2.tar	40885248	321485	693529088	7307019
3746	6506	AF-0000000210734054	shard_1312_batch_2.tar	127257600	299464	2208516608	6202559
3746	6513	AF-0000000210734055	shard_1310_batch_2.tar	26361344	296652	1450341376	6176705
3746	6611	AF-0000000210734061	shard_1323_batch_0.tar	257630208	315747	2935033856	7301701
3746	6616	AF-0000000210734062	shard_1323_batch_0.tar	73824256	321782	2667223040	7137276
3746	7229	AF-0000000210734076	shard_1329_batch_0.tar	191529472	346936	1069304320	8319043
3746	12107	AF-0000000210734110	shard_1329_batch_0.tar	318508544	342808	5086193664	8337504
3746	12126	AF-0000000210734111	shard_1333_batch_0.tar	270900224	370071	3137255424	9383174
3746	14694	AF-0000000210734131	shard_1330_batch_2.tar	62562304	350402	1451907584	8484692
3746	15792	AF-0000000210734145	shard_1325_batch_0.tar	13824000	325035	4445702144	7545508
3746	16477	AF-0000000210734158	shard_1334_batch_2.tar	127086592	390244	2353137152	10422397
3746	16693	AF-0000000210734161	shard_1323_batch_0.tar	305320960	318961	4162482176	7164869
3746	17305	AF-0000000210734170	shard_1319_batch_0.tar	33546752	309861	5383009280	6887979
3747	3913	AF-0000000210734303	shard_1815_batch_0.tar	10406912	173494	686516736	2051222
3747	3914	AF-0000000210734304	shard_1815_batch_0.tar	59433984	174231	493250048	2059888
3747	4482	AF-0000000210734307	shard_1815_batch_0.tar	109408256	174545	1588015104	2064203
3747	14877	AF-0000000210734311	shard_1813_batch_0.tar	146489344	173726	1040799744	2030288
3747	14878	AF-0000000210734312	shard_1813_batch_0.tar	128831488	173778	945896960	2032422
3747	14879	AF-0000000210734313	shard_1813_batch_0.tar	73945600	173703	969166848	2035577
3748	3300	AF-0000000210678443	shard_1266_batch_0.tar	227241984	239264	3558539776	4063973
3748	3549	AF-0000000210711122	shard_1236_batch_0.tar	190263808	220680	475982848	3455940
3748	3573	AF-0000000210714301	shard_1752_batch_0.tar	36738048	144841	1861269504	1494894
3748	3620	AF-0000000210720626	shard_1306_batch_1.tar	245930496	290974	820902912	6032667
3748	3746	AF-0000000210733963	shard_1310_batch_1.tar	43639808	292555	1192478720	5957608
3748	3976	AF-0000000210734324	shard_1294_batch_1.tar	217694208	270079	1370804224	5311565
3748	4018	AF-0000000210734326	shard_1232_batch_0.tar	23675392	209369	578753536	3057322
3748	4226	AF-0000000210734329	shard_1298_batch_1.tar	154095616	271639	4684778496	5355696
3748	4607	AF-0000000210734331	shard_1722_batch_0.tar	27764736	137412	1202719744	1328274
3748	4615	AF-0000000210734332	shard_1650_batch_0.tar	22648832	118050	346123264	972400
3748	4766	AF-0000000210734338	shard_1840_batch_0.tar	181613056	184651	2235943936	2459415
3748	5207	AF-0000000210734343	shard_1290_batch_1.tar	92030464	260170	3291202560	5010932
3748	5600	AF-0000000210734346	shard_1614_batch_0.tar	57639936	108739	321922560	826433
3748	6169	AF-0000000210734350	shard_1318_batch_1.tar	100203520	298180	5434960896	6767756
3748	6883	AF-0000000210734359	shard_1756_batch_0.tar	57603072	148611	1826574336	1631897
3748	13312	AF-0000000210734368	shard_1234_batch_0.tar	37667840	214474	732724224	3277215
3748	15364	AF-0000000210734372	shard_1674_batch_0.tar	41645056	124455	630712320	1112682
3748	16628	AF-0000000210734373	shard_1226_batch_0.tar	116758528	208675	2062300672	3204347
3748	16893	AF-0000000210734376	shard_1696_batch_0.tar	71494144	131129	1352814592	1217343
3749	3228	AF-0000000204746978	shard_1447_batch_0.tar	55395840	59437	234942464	234154
3749	3459	AF-0000000210698746	shard_1505_batch_0.tar	39468544	81816	172068352	407461
3749	4781	AF-0000000210734382	shard_1515_batch_0.tar	10993664	85696	246123008	441807
3749	4930	AF-0000000210734383	shard_1459_batch_0.tar	53903872	65611	209191936	268124
3751	3434	AF-0000000210696848	shard_1307_batch_1.tar	69532672	283480	4397010944	5871318
3751	4124	AF-0000000210734708	shard_1831_batch_1.tar	162039296	177639	2421383168	2440450
3751	12120	AF-0000000210734761	shard_1797_batch_0.tar	92781568	164877	1293962752	2003695
3752	3411	AF-0000000204098143	shard_1256_batch_2.tar	107838464	227876	1934590976	3818127
3752	3709	AF-0000000204098110	shard_1768_batch_1.tar	45340160	153470	633031680	1683759
3752	4634	AF-0000000204098009	shard_1268_batch_2.tar	17901568	234106	1747365888	3998799
3752	4836	AF-0000000210734977	shard_1780_batch_1.tar	117289472	155382	308032000	1782788
3752	5079	AF-0000000210734984	shard_1856_batch_2.tar	66404352	186551	1261948928	2540495
3752	5682	AF-0000000210734999	shard_1804_batch_1.tar	67899392	164116	1584438272	1993655
3752	5736	AF-0000000204098123	shard_1770_batch_1.tar	103834624	152837	1678105088	1686461
3752	5760	AF-0000000210735005	shard_1736_batch_1.tar	40756224	140948	1117305856	1458820
3752	9814	AF-0000000204098145	shard_1294_batch_2.tar	113050112	258990	2212644864	4630608
3754	3148	AF-0000000210656226	shard_1660_batch_2.tar	23694336	125781	531191296	1017711
3754	3167	AF-0000000204442668	shard_1524_batch_2.tar	28282368	86770	292228608	509163
3754	3242	AF-0000000204442498	shard_1478_batch_2.tar	24334848	72119	148076544	341527
3754	3531	AF-0000000204442533	shard_1522_batch_2.tar	19265024	85673	188098048	503120
3754	3969	AF-0000000210735324	shard_1532_batch_2.tar	37460480	88048	315998720	551227
3754	4126	AF-0000000204442545	shard_1516_batch_2.tar	24552448	85128	85672960	477092
3754	4252	AF-0000000204442408	shard_1725_batch_0.tar	62826496	142143	1591294976	1495010
3754	4294	AF-0000000204442582	shard_1259_batch_0.tar	182559744	238523	3387552256	4072298
3754	5054	AF-0000000204442642	shard_1562_batch_2.tar	43865088	98504	361419776	630742
3754	5210	AF-0000000204442580	shard_1468_batch_2.tar	419328	69093	118899200	284341
3754	5239	AF-0000000204442564	shard_1508_batch_2.tar	19287040	80527	213804544	435933
3754	5285	AF-0000000204442577	shard_1444_batch_1.tar	9207808	59901	226566144	221195
3754	5579	AF-0000000204442443	shard_1648_batch_2.tar	20298752	123010	163119616	1020872
3754	5706	AF-0000000204442596	shard_1484_batch_2.tar	521728	73528	93455872	368633
3754	5752	AF-0000000204442578	shard_1448_batch_2.tar	15911424	60904	166462464	220185
3754	5978	AF-0000000204442663	shard_1574_batch_2.tar	21054464	99572	134117888	721140
3754	6201	AF-0000000210735387	shard_1660_batch_2.tar	46712832	124334	310714368	1077439
3754	6262	AF-0000000210735389	shard_1662_batch_2.tar	21404160	122946	311225344	1099249
3754	6806	AF-0000000210735403	shard_1807_batch_0.tar	153572352	170844	356219904	1986572
3754	7114	AF-0000000210735412	shard_1819_batch_0.tar	8773632	172060	1345486848	2206729
3754	7116	AF-0000000210735413	shard_1516_batch_2.tar	40163328	82924	118455808	470371
3754	7794	AF-0000000204442981	shard_1261_batch_0.tar	150760960	236666	3398315008	3720019
3754	7838	AF-0000000210735425	shard_1720_batch_2.tar	143360	140970	783734272	1370991
3754	8139	AF-0000000204442518	shard_1720_batch_2.tar	11415040	139117	364435968	1317445
3754	8211	AF-0000000204442496	shard_1478_batch_2.tar	10108416	72207	73006592	340250
3754	8315	AF-0000000204442653	shard_1861_batch_0.tar	190087168	194044	1342190080	2569368
3754	8656	AF-0000000210735437	shard_1590_batch_2.tar	31225856	103864	429837824	733513
3754	9134	AF-0000000210735441	shard_1267_batch_0.tar	62092800	232232	1576361984	3835151
3754	9415	AF-0000000204442442	shard_1715_batch_0.tar	95949824	139185	1503409664	1383109
3754	9898	AF-0000000204442452	shard_1680_batch_2.tar	33783296	123622	266344960	1098441
3754	10265	AF-0000000204442445	shard_1799_batch_0.tar	114178048	168013	1469263360	1892620
3754	10303	AF-0000000204442426	shard_1783_batch_0.tar	63055360	165195	1095059456	1741978
3754	12134	AF-0000000210735470	shard_1767_batch_0.tar	9181184	153190	622228480	1751007
3754	12325	AF-0000000210735472	shard_1769_batch_0.tar	27487232	154242	380165632	1648999
3754	13106	AF-0000000210735487	shard_1763_batch_0.tar	43814912	147963	893566464	1618064
3754	13284	AF-0000000210735491	shard_1825_batch_0.tar	134671360	177586	442176000	2107353
3754	13878	AF-0000000210735499	shard_1297_batch_0.tar	117760000	263941	4000701952	5053891
3754	14219	AF-0000000210735504	shard_1468_batch_2.tar	21316096	68755	176308224	282170
3754	14383	AF-0000000204442581	shard_1468_batch_2.tar	13288448	68772	172975104	282914
3754	14834	AF-0000000210735514	shard_1251_batch_0.tar	138078208	230251	961099776	3788433
3754	15253	AF-0000000210735521	shard_1877_batch_0.tar	115126272	201127	1326109184	2844225
3754	15462	AF-0000000210735525	shard_1759_batch_0.tar	46399488	153722	1867056128	1732494
3754	15469	AF-0000000210735526	shard_1755_batch_0.tar	145063936	152724	548819456	1717891
3754	15517	AF-0000000210735529	shard_1251_batch_0.tar	112116224	229183	1124534784	3861104
3754	15560	AF-0000000210735531	shard_1512_batch_2.tar	40683008	84086	182723584	468764
3754	16210	AF-0000000204442536	shard_1486_batch_2.tar	27973120	73750	80039936	376521
3754	16369	AF-0000000204442532	shard_1530_batch_2.tar	1784320	88902	217984512	538820
3754	16430	AF-0000000210735545	shard_1849_batch_0.tar	143133696	190456	2611086848	2607591
3754	16644	AF-0000000210735551	shard_1233_batch_0.tar	165385216	214798	2058397696	3209328
3754	17071	AF-0000000210735557	shard_1871_batch_0.tar	160078848	196985	3017575936	2875407
3755	5156	AF-0000000204436825	shard_1692_batch_2.tar	266240	132790	382691840	1232182
3757	3890	AF-0000000204056530	shard_1538_batch_1.tar	65590784	88794	298475520	529406
3757	4163	AF-0000000210735755	shard_1776_batch_1.tar	71681024	155883	1862588928	1764421
3757	4397	AF-0000000210735759	shard_1704_batch_1.tar	131615232	129971	1341036544	1263913
3757	5023	AF-0000000210735763	shard_1644_batch_1.tar	13688320	115782	495286784	884236
3757	14518	AF-0000000210735834	shard_1764_batch_1.tar	12535296	154312	693736448	1682680
3757	14560	AF-0000000210735835	shard_1564_batch_1.tar	87278080	96059	710554112	657827
3757	15587	AF-0000000204056494	shard_1600_batch_1.tar	66910208	108709	921921536	801191
3758	4790	AF-0000000210735921	shard_1720_batch_0.tar	22892544	137192	1404958208	1383454
3758	4791	AF-0000000210735922	shard_1718_batch_0.tar	75666432	136687	763985408	1376543
3759	3228	AF-0000000204747047	shard_1455_batch_0.tar	512	63084	242115072	265730
3759	3459	AF-0000000210698747	shard_1517_batch_0.tar	31966208	85254	192187904	452789
3759	3749	AF-0000000204747059	shard_1471_batch_0.tar	20847104	69589	395738624	308577
3759	4781	AF-0000000210736013	shard_1527_batch_0.tar	33824768	88764	398821888	485089
3759	4930	AF-0000000210736014	shard_1469_batch_0.tar	6896640	69101	281850368	299871
3759	10557	AF-0000000210736023	shard_1573_batch_0.tar	9456128	101224	416019456	640320
3759	12018	AF-0000000210736027	shard_1831_batch_0.tar	73621504	175569	2417064448	2199108
3759	14598	AF-0000000204747056	shard_1575_batch_0.tar	41666560	103402	529629696	662283
3759	15800	AF-0000000204747046	shard_1455_batch_0.tar	58653184	61943	189320192	261550
3760	3029	AF-0000000210610374	shard_1753_batch_0.tar	12541952	149684	1121724416	1608804
3760	3387	AF-0000000210689364	shard_1707_batch_0.tar	1922560	137066	1190493696	1323334
3760	3388	AF-0000000210689429	shard_1677_batch_0.tar	27387392	126421	710626816	1092135
3760	3806	AF-0000000210736048	shard_1751_batch_0.tar	17138688	145377	1543302144	1507930
3760	3910	AF-0000000210736051	shard_1599_batch_0.tar	64537088	105085	358520320	761853
3760	4135	AF-0000000210736062	shard_1807_batch_0.tar	28511232	171038	383019520	2061230
3760	4493	AF-0000000210736079	shard_1285_batch_0.tar	187697152	253290	2100362240	4652454
3760	4629	AF-0000000210736085	shard_1589_batch_0.tar	92642816	102510	640960512	712704
3760	4985	AF-0000000210736098	shard_1729_batch_0.tar	65202688	143479	535087104	1404241
3760	5081	AF-0000000210736099	shard_1659_batch_0.tar	17906688	122332	447854592	1028498
3760	5600	AF-0000000210736112	shard_1585_batch_0.tar	86467072	101674	357161472	707330
3760	5768	AF-0000000210736122	shard_1621_batch_0.tar	561664	112631	299742208	864659
3760	5789	AF-0000000210736125	shard_1677_batch_0.tar	33767424	126485	1197462016	1119357
3760	6509	AF-0000000210736158	shard_1617_batch_0.tar	54231040	109550	810034176	826193
3760	6620	AF-0000000210736160	shard_1811_batch_0.tar	82419200	172245	1848231424	2067730
3760	6621	AF-0000000210736161	shard_1817_batch_0.tar	11154432	174418	1522308096	2113063
3760	6812	AF-0000000210736168	shard_1677_batch_0.tar	101081088	128378	909534720	1142521
3760	7135	AF-0000000210736173	shard_1675_batch_0.tar	124695552	124861	1246154752	1098581
3760	10851	AF-0000000210736192	shard_1813_batch_0.tar	94879744	174372	2316437504	2140198
3760	12013	AF-0000000210736204	shard_1243_batch_0.tar	101872640	222985	2041369088	3535597
3760	12553	AF-0000000210736220	shard_1751_batch_0.tar	85574144	149323	1047080960	1527568
3760	13288	AF-0000000210736223	shard_1777_batch_0.tar	62545920	157564	368960000	1831067
3760	13401	AF-0000000210736225	shard_1853_batch_0.tar	25250816	189958	821671936	2590024
3760	14321	AF-0000000210736237	shard_1715_batch_0.tar	115839488	133776	270907904	1317097
3760	15636	AF-0000000210736249	shard_1713_batch_0.tar	136675328	137968	891710464	1340679
3760	15686	AF-0000000210736253	shard_1809_batch_0.tar	34477056	173719	1822531584	2138212
3760	15762	AF-0000000210736256	shard_1723_batch_0.tar	1289728	139895	463001088	1324524
3760	16353	AF-0000000210736264	shard_1821_batch_0.tar	50447872	174772	1168079872	2224684
3761	3893	AF-0000000210736285	shard_1690_batch_0.tar	18172416	128132	953215488	1179750
3762	3411	AF-0000000203750311	shard_1270_batch_0.tar	63762944	246687	2272409600	4497951
3762	4196	AF-0000000203750276	shard_1816_batch_0.tar	47924224	177136	2249038336	2262101
3762	4955	AF-0000000210736317	shard_1872_batch_0.tar	140853760	205749	2238519808	3091555
3762	5027	AF-0000000210736318	shard_1260_batch_0.tar	214808064	233117	3131085312	3957666
3762	5039	AF-0000000203750240	shard_1298_batch_1.tar	225656832	276830	1767880192	5630235
3762	5209	AF-0000000210736322	shard_1756_batch_0.tar	106767360	155264	1642045952	1759203
3762	5304	AF-0000000210736326	shard_1300_batch_1.tar	224606720	278654	3142736896	5457516
3762	5726	AF-0000000203750271	shard_1768_batch_0.tar	72976896	158205	701729280	1858070
3762	8723	AF-0000000203750279	shard_1852_batch_0.tar	17777664	193041	744932864	2792890
3762	10439	AF-0000000203750273	shard_1272_batch_0.tar	43152896	235858	4448966656	4279998
3762	12092	AF-0000000210736377	shard_1298_batch_1.tar	82630144	277000	3492361728	5480528
3762	13766	AF-0000000203750255	shard_1782_batch_0.tar	85865984	164539	2120572416	1940076
3763	3483	AF-0000000210702079	shard_1783_batch_0.tar	133682688	163879	1376841216	1972295
3763	5144	AF-0000000210736654	shard_1592_batch_2.tar	31360512	106014	474650624	750588
3763	5196	AF-0000000210736657	shard_1618_batch_2.tar	13398528	112877	380807168	852609
3763	5631	AF-0000000210736664	shard_1594_batch_2.tar	31389184	106745	156203520	762784
3763	5744	AF-0000000210736667	shard_1592_batch_2.tar	13850112	106296	203961344	749676
3763	6058	AF-0000000210736679	shard_1251_batch_0.tar	87778304	228114	2165304320	3615687
3763	14147	AF-0000000210736752	shard_1799_batch_0.tar	6041600	168263	1439519232	2030545
3763	14158	AF-0000000210736753	shard_1742_batch_2.tar	14869504	149522	312825344	1607020
3763	14170	AF-0000000210736754	shard_1773_batch_0.tar	12971520	161072	957900288	1836179
3763	14594	AF-0000000210736760	shard_1255_batch_0.tar	112180224	229452	1082528768	3588192
3763	15002	AF-0000000210736766	shard_1785_batch_0.tar	82396672	166175	1694528000	1938504
3763	17011	AF-0000000210736777	shard_1261_batch_0.tar	120923648	239161	2241566720	3993068
3763	17059	AF-0000000210736778	shard_1767_batch_0.tar	629248	157878	1323726848	1806063
3764	5775	AF-0000000210736794	shard_1649_batch_0.tar	71063552	118638	756915712	1000793
3764	6944	AF-0000000210736801	shard_1807_batch_0.tar	103281664	169265	434517504	1999947
3764	9387	AF-0000000210736806	shard_1687_batch_0.tar	38825984	130572	814249472	1182697
3764	10919	AF-0000000210736810	shard_1861_batch_0.tar	137774080	191210	1685473280	2652635
3765	4545	AF-0000000210737140	shard_1730_batch_0.tar	54019072	145231	1536220672	1463864
3765	8744	AF-0000000210737212	shard_1320_batch_0.tar	79154688	305734	4471705088	6515720
3765	14316	AF-0000000210737252	shard_1704_batch_0.tar	46725632	135675	1241769472	1330008
3765	15125	AF-0000000210737261	shard_1860_batch_0.tar	112005120	196422	1390042112	2620181
3767	3764	AF-0000000210736784	shard_1809_batch_0.tar	106222080	165776	460274176	1985275
3767	3958	AF-0000000210737299	shard_1883_batch_0.tar	163935232	197644	1885855232	2755182
3767	4116	AF-0000000210737300	shard_1703_batch_0.tar	79853568	131178	1118698496	1249337
3767	6049	AF-0000000210737306	shard_1869_batch_0.tar	181540352	188068	2087905792	2596653
3768	4172	AF-0000000210737454	shard_1242_batch_1.tar	51684352	222668	839802368	3506084
3770	4928	AF-0000000210737505	shard_1293_batch_0.tar	228677632	262687	4340427264	5086691
3770	6276	AF-0000000210737518	shard_1233_batch_0.tar	102000640	215688	1755670016	3517151
3770	6943	AF-0000000210737523	shard_1301_batch_0.tar	233814016	270423	1849221120	5386632
3770	7358	AF-0000000210737526	shard_1283_batch_0.tar	68945920	252393	657351680	4586797
3770	8492	AF-0000000210737528	shard_1289_batch_0.tar	51736064	258350	2153696256	4865972
3770	9663	AF-0000000210737531	shard_1263_batch_0.tar	104530432	238337	2474403840	4109611
3770	12352	AF-0000000210737540	shard_1801_batch_0.tar	147368448	167814	542848000	2030915
3770	13400	AF-0000000210737545	shard_1793_batch_0.tar	58159616	164689	1317285376	1945865
3772	3385	AF-0000000203650657	shard_1520_batch_0.tar	64704000	87080	442386432	469784
3772	3803	AF-0000000210737953	shard_1554_batch_0.tar	58438144	94859	410980864	589108
3772	4820	AF-0000000203650667	shard_1528_batch_0.tar	67486720	89537	425001984	502115
3772	5800	AF-0000000203650600	shard_1558_batch_0.tar	36042752	98697	317474816	604412
3772	6548	AF-0000000210738037	shard_1700_batch_0.tar	126515712	136726	1421357056	1260507
3772	6806	AF-0000000210738049	shard_1834_batch_0.tar	12407808	184694	1963653120	2232199
3772	7125	AF-0000000210738064	shard_1864_batch_0.tar	70725120	197475	620969984	2860431
3772	9255	AF-0000000210738092	shard_1604_batch_0.tar	62587904	110321	830847488	781971
3772	10567	AF-0000000203650698	shard_1566_batch_0.tar	6547456	98306	205225984	622641
3772	10573	AF-0000000210738111	shard_1296_batch_0.tar	219643392	272213	3260526080	5011582
3772	10959	AF-0000000210738115	shard_1670_batch_0.tar	112166400	126196	670657536	1062494
3772	12136	AF-0000000210738135	shard_1814_batch_0.tar	146384896	172344	2238958592	2122407
3772	12258	AF-0000000203650650	shard_1652_batch_0.tar	20699136	123089	378961408	1020248
3772	12938	AF-0000000210738148	shard_1794_batch_0.tar	119247360	169548	1061711872	1941773
3772	13770	AF-0000000210738164	shard_1716_batch_0.tar	106359296	141269	1325884928	1327493
3772	14112	AF-0000000210738170	shard_1780_batch_0.tar	88380416	166051	1393268224	1857765
3772	14394	AF-0000000210738176	shard_1574_batch_0.tar	27231744	101218	285451776	651530
3772	14628	AF-0000000203650718	shard_1594_batch_0.tar	7043584	108405	769317376	750749
3772	15524	AF-0000000210738199	shard_1732_batch_0.tar	4937728	145653	963042816	1424713
3772	16466	AF-0000000210738222	shard_1278_batch_0.tar	109135872	252800	2646342656	4375056
3772	16870	AF-0000000203650722	shard_1224_batch_0.tar	65612800	214331	1536110080	2989891
3773	3941	AF-0000000210738338	shard_1813_batch_0.tar	1726976	167064	857394688	2024737
3773	5355	AF-0000000210738372	shard_1753_batch_0.tar	27990528	147926	838981120	1546517
3773	6500	AF-0000000210738397	shard_1747_batch_0.tar	22831616	147191	483699200	1525487
3773	13205	AF-0000000210738454	shard_1765_batch_0.tar	47077888	154153	328167936	1644757
3773	17177	AF-0000000210738497	shard_1729_batch_0.tar	140878336	139271	1198095872	1406437
3778	3316	AF-0000000210680842	shard_1288_batch_2.tar	77394432	255819	435853312	5031758
3778	5324	AF-0000000210738796	shard_1324_batch_2.tar	112990720	315620	1698471424	7285464
3778	5460	AF-0000000210738803	shard_1262_batch_2.tar	10384384	233201	1897620992	3991153
3778	5783	AF-0000000210738831	shard_1838_batch_1.tar	12335616	181145	2649398784	2447427
3778	5991	AF-0000000210738848	shard_1316_batch_2.tar	15278592	290046	2364907520	6676071
3778	6148	AF-0000000210738860	shard_1272_batch_2.tar	101199360	239379	1761979904	4364581
3778	6167	AF-0000000210738861	shard_1284_batch_2.tar	77174784	250377	504453632	4674933
3778	6620	AF-0000000210738880	shard_1280_batch_1.tar	42648064	250142	695150592	4571496
3778	6914	AF-0000000210738894	shard_1282_batch_2.tar	81300480	253098	1253413376	4571969
3778	7145	AF-0000000210738902	shard_1230_batch_2.tar	53861888	208261	1269380096	3384672
3778	11180	AF-0000000210738953	shard_1248_batch_1.tar	137124352	222730	1379947520	3617532
3778	11343	AF-0000000210738954	shard_1220_batch_1.tar	98599936	201975	1505571840	3217553
3778	14040	AF-0000000210739004	shard_1298_batch_2.tar	59069952	263693	270874112	5185257
3778	16388	AF-0000000210739046	shard_1258_batch_2.tar	20985344	229497	1436351488	3893039
3779	5147	AF-0000000210739075	shard_1502_batch_0.tar	2131968	79228	298233856	422997
3780	3057	AF-0000000203666817	shard_1410_batch_0.tar	12640256	38108	82286592	93947
3780	3265	AF-0000000203666819	shard_1410_batch_0.tar	23264768	37970	132432384	88584
3780	3779	AF-0000000203666809	shard_1410_batch_0.tar	6012416	38101	131990016	94154
3780	4038	AF-0000000203666812	shard_1506_batch_0.tar	51727360	79390	409998336	428489
3780	4365	AF-0000000203666805	shard_1502_batch_0.tar	3248128	79965	240859648	421819
3780	4720	AF-0000000203666810	shard_1412_batch_0.tar	15896064	39345	78936064	100158
3780	4801	AF-0000000203666804	shard_1506_batch_0.tar	20570112	76534	505648640	439791
3780	4987	AF-0000000210739089	shard_1508_batch_0.tar	68615680	78975	567209472	447135
3780	5147	AF-0000000210739090	shard_1502_batch_0.tar	40893440	79251	341012992	418560
3780	5148	AF-0000000203666806	shard_1506_batch_0.tar	33490432	80295	314976256	433480
3780	5150	AF-0000000203666807	shard_1512_batch_0.tar	55788544	81994	317320192	463084
3780	5152	AF-0000000210739092	shard_1510_batch_0.tar	67616768	80839	506897920	456709
3780	6002	AF-0000000203666820	shard_1522_batch_0.tar	31415808	84268	617776128	496583
3780	7269	AF-0000000210739098	shard_1494_batch_0.tar	75756544	72288	244249088	387325
3781	7018	AF-0000000210739119	shard_1724_batch_1.tar	98497536	144791	837338112	1459347
3781	11133	AF-0000000210739124	shard_1742_batch_1.tar	13195264	147845	1485169152	1577864
3781	17157	AF-0000000210739138	shard_1822_batch_1.tar	11840000	181034	496050688	2303121
3783	6207	AF-0000000210739518	shard_1642_batch_0.tar	76479488	118539	1107872256	986464
3783	9541	AF-0000000210739525	shard_1614_batch_0.tar	26954240	109526	252313088	837824
3783	16598	AF-0000000203740065	shard_1462_batch_0.tar	46749696	62815	202257920	254631
3786	3228	AF-0000000210670609	shard_1240_batch_0.tar	28947456	217872	3731484160	3672415
3788	3454	AF-0000000203703717	shard_1540_batch_0.tar	13423616	91135	467552256	557665
3788	4145	AF-0000000203703716	shard_1534_batch_0.tar	66864640	88814	252716544	541127
3788	5433	AF-0000000210739974	shard_1480_batch_0.tar	20306432	73849	294707200	355471
3789	4824	AF-0000000203892842	shard_1522_batch_1.tar	36571136	86397	641502720	468838
3789	4839	AF-0000000203892826	shard_1510_batch_1.tar	51914240	82669	433040384	441324
3789	5660	AF-0000000203892839	shard_1484_batch_0.tar	29905408	74317	387967488	357366
3789	5709	AF-0000000210740042	shard_1468_batch_0.tar	18052096	69030	361817600	296203
3789	9814	AF-0000000203892875	shard_1222_batch_1.tar	205143552	205918	1320619008	2779063
3789	15125	AF-0000000210740095	shard_1780_batch_1.tar	35020288	162157	322481664	1707267
3789	17245	AF-0000000210740111	shard_1666_batch_1.tar	98128896	126414	917317632	1082105
3792	6548	AF-0000000210740314	shard_1766_batch_0.tar	80206848	152881	1777677312	1669025
3793	12620	AF-0000000204613442	shard_1613_batch_0.tar	94102016	103951	938711552	747547
3796	3016	AF-0000000210609331	shard_1666_batch_1.tar	4879872	123721	1303242752	1104686
3796	3340	AF-0000000210683569	shard_1660_batch_1.tar	57570304	121980	892222464	1050519
3796	4453	AF-0000000210740807	shard_1600_batch_1.tar	24250368	106243	932836864	815201
3796	6222	AF-0000000210740809	shard_1796_batch_1.tar	62986240	166929	1778176000	1942816
3798	3041	AF-0000000210611886	shard_1701_batch_0.tar	109604352	130660	1134851072	1227377
3798	3060	AF-0000000210613691	shard_1553_batch_0.tar	25453568	92343	351622144	600825
3798	3234	AF-0000000210671059	shard_1503_batch_0.tar	49298944	78291	245438464	398167
3798	3509	AF-0000000210705247	shard_1821_batch_0.tar	77794304	166150	2270696448	2053859
3798	3732	AF-0000000210732298	shard_1633_batch_0.tar	112944128	112198	1042527744	904207
3798	3801	AF-0000000210740919	shard_1683_batch_0.tar	41661440	123878	459098112	1121493
3798	3994	AF-0000000210740924	shard_1703_batch_0.tar	109840384	133131	1457668096	1255698
3798	3997	AF-0000000210740925	shard_1683_batch_0.tar	61362688	125901	415281152	1092903
3798	4168	AF-0000000210740932	shard_1675_batch_0.tar	94809600	125741	1193698304	1115672
3798	4171	AF-0000000210740933	shard_1603_batch_0.tar	12369408	103295	208147968	746278
3798	5209	AF-0000000210740972	shard_1517_batch_0.tar	21393920	82832	470232576	442991
3798	5394	AF-0000000210740981	shard_1699_batch_0.tar	101403136	127958	336078848	1186541
3798	5724	AF-0000000210740990	shard_1537_batch_0.tar	57844736	87965	354287616	511533
3798	5766	AF-0000000210740997	shard_1521_batch_0.tar	15265280	84297	441162752	469207
3798	5821	AF-0000000210741000	shard_1539_batch_0.tar	19050496	88345	572915200	522152
3798	5871	AF-0000000210741002	shard_1643_batch_0.tar	106625536	117008	860236800	949984
3798	5978	AF-0000000210741004	shard_1611_batch_0.tar	41412608	107125	369235968	797275
3798	6038	AF-0000000210741010	shard_1531_batch_0.tar	21550080	85458	649589760	510138
3798	6053	AF-0000000210741012	shard_1581_batch_0.tar	100255744	99239	659631616	685471
3798	6093	AF-0000000210741014	shard_1655_batch_0.tar	119434752	118109	747553792	1019500
3798	6148	AF-0000000210741018	shard_1739_batch_0.tar	17082880	143593	1181004800	1506021
3798	6173	AF-0000000210741020	shard_1547_batch_0.tar	62939136	91875	690849792	550144
3798	6442	AF-0000000210741025	shard_1685_batch_0.tar	2100224	122854	836026880	1105016
3798	6961	AF-0000000210741042	shard_1629_batch_0.tar	1485824	112766	674511872	891638
3798	7116	AF-0000000210741048	shard_1551_batch_0.tar	30941696	91295	422935552	574292
3798	7224	AF-0000000210741057	shard_1763_batch_0.tar	135964160	152895	1037348352	1635480
3798	8918	AF-0000000210741081	shard_1627_batch_0.tar	108118528	111589	687648256	860441
3798	12016	AF-0000000210741095	shard_1641_batch_0.tar	75735040	116645	721861120	954147
3798	12037	AF-0000000210741096	shard_1861_batch_0.tar	163329024	185768	2035129344	2481292
3798	12134	AF-0000000210741104	shard_1795_batch_0.tar	121814528	161409	518495744	1949617
3798	13494	AF-0000000210741121	shard_1585_batch_0.tar	30097920	98817	522230784	667067
3798	13707	AF-0000000210741124	shard_1555_batch_0.tar	59141632	93454	240941056	588820
3798	13734	AF-0000000210741125	shard_1509_batch_0.tar	59139072	80512	442164224	433057
3798	13766	AF-0000000210741126	shard_1549_batch_0.tar	15527424	91607	618031616	559970
3798	14243	AF-0000000210741131	shard_1671_batch_0.tar	8561152	124857	849865728	1108541
3798	14426	AF-0000000210741135	shard_1533_batch_0.tar	46102528	85989	292123648	505934
3798	14959	AF-0000000210741144	shard_1653_batch_0.tar	25158656	119008	859864064	964806
3798	16244	AF-0000000210741162	shard_1313_batch_0.tar	44232704	294878	705539584	5990941
3799	16979	AF-0000000210741327	shard_1810_batch_0.tar	168352256	174493	1618697216	2070892
3800	5821	AF-0000000210741416	shard_1632_batch_1.tar	114711040	106921	699294720	864079
3800	9511	AF-0000000210741421	shard_1224_batch_2.tar	41418752	202122	595443712	3171224
3801	3994	AF-0000000210741428	shard_1752_batch_2.tar	56462336	145959	910062080	1503356
3801	4193	AF-0000000210741430	shard_1544_batch_1.tar	23965696	87907	619659264	553048
3801	6117	AF-0000000210741444	shard_1738_batch_2.tar	63020544	135833	366061568	1395641
3801	6500	AF-0000000210741447	shard_1738_batch_2.tar	49494528	142030	635473920	1458077
3802	5768	AF-0000000210741500	shard_1812_batch_0.tar	122752512	177393	1494780416	2139782
3803	4116	AF-0000000210741566	shard_1496_batch_0.tar	1930240	75996	242765824	404385
3803	5775	AF-0000000210741732	shard_1498_batch_0.tar	55465984	75935	482340864	404091
3803	5792	AF-0000000210741739	shard_1568_batch_0.tar	35150336	95365	204019200	636713
3803	5838	AF-0000000210741748	shard_1738_batch_0.tar	22441984	144938	284104704	1482639
3803	5973	AF-0000000210741760	shard_1498_batch_0.tar	55695360	77600	486795776	418413
3803	6700	AF-0000000210741804	shard_1590_batch_0.tar	19073536	100458	494484480	701389
3803	6702	AF-0000000210741805	shard_1702_batch_0.tar	28760064	135009	751133696	1198018
3803	6988	AF-0000000210741821	shard_1852_batch_0.tar	35986944	189993	1330861568	2592879
3803	10079	AF-0000000210741884	shard_1626_batch_0.tar	112000000	111587	1076396544	870804
3803	11302	AF-0000000210741898	shard_1610_batch_0.tar	26902528	106710	453228032	798849
3803	14283	AF-0000000210741960	shard_1482_batch_0.tar	15438848	70422	233629184	334454
3805	4541	AF-0000000210742054	shard_1778_batch_0.tar	136988672	158550	516292608	1897455
3805	5046	AF-0000000203467092	shard_1764_batch_0.tar	8848384	157233	1213310976	1761297
3805	9543	AF-0000000210742072	shard_1880_batch_0.tar	4550144	201631	2284072960	3140997
3805	10789	AF-0000000203467087	shard_1710_batch_0.tar	60056064	137079	442230272	1369888
3806	5628	AF-0000000210742119	shard_1699_batch_0.tar	3905024	130132	823772672	1240054
3806	5702	AF-0000000210742121	shard_1583_batch_0.tar	89128448	97490	735531008	682428
3806	6229	AF-0000000210742138	shard_1641_batch_0.tar	87404544	110673	231576576	923241
3806	6458	AF-0000000210742142	shard_1283_batch_0.tar	23667712	247195	2692393984	4335335
3806	12421	AF-0000000210742177	shard_1685_batch_0.tar	18358272	124736	971412480	1144709
3807	4086	AF-0000000204227336	shard_1730_batch_2.tar	28308992	144490	256036352	1495919
3807	5670	AF-0000000210742224	shard_1698_batch_2.tar	6727168	135724	138970624	1274601
3807	6056	AF-0000000210742225	shard_1834_batch_2.tar	82065920	186788	1178219008	2467928
3807	6181	AF-0000000204227322	shard_1694_batch_2.tar	11493888	132389	329712640	1214052
3807	6305	AF-0000000210742227	shard_1776_batch_2.tar	24572928	159439	815130112	1814046
3807	7290	AF-0000000210742231	shard_1526_batch_1.tar	21468160	87022	567555584	508217
3807	7712	AF-0000000210742234	shard_1706_batch_2.tar	54487552	137115	145882112	1311635
3807	10275	AF-0000000210742238	shard_1682_batch_2.tar	55452672	128254	613820928	1157625
3807	10515	AF-0000000204227347	shard_1260_batch_2.tar	86793216	225990	984112128	4059323
3807	11443	AF-0000000210742242	shard_1580_batch_1.tar	28247040	100914	210985472	704336
3807	11577	AF-0000000210742243	shard_1766_batch_2.tar	53945344	154953	550803456	1686001
3807	13053	AF-0000000204227315	shard_1881_batch_0.tar	4350976	204409	1660903424	3111331
3807	13162	AF-0000000210742247	shard_1634_batch_2.tar	33550848	115338	475497472	930784
3807	13806	AF-0000000210742250	shard_1702_batch_2.tar	26510336	133408	712971776	1246824
3807	14295	AF-0000000204227337	shard_1496_batch_1.tar	35943936	76989	504543232	390978
3807	14780	AF-0000000204227346	shard_1752_batch_2.tar	12419584	150516	541895680	1576676
3807	15504	AF-0000000210742255	shard_1524_batch_1.tar	9230848	85126	459796992	523757
3807	16271	AF-0000000210742257	shard_1644_batch_1.tar	70286848	120000	972442112	955925
3807	16591	AF-0000000210742259	shard_1542_batch_1.tar	15420416	89569	232558080	563018
3807	16818	AF-0000000210742261	shard_1748_batch_2.tar	19355136	148617	481075200	1542486
3807	17010	AF-0000000210742262	shard_1301_batch_0.tar	231070208	271729	2630817792	5744477
3808	10326	AF-0000000210742272	shard_1770_batch_2.tar	55818752	156337	720685056	1695298
3808	11577	AF-0000000210742274	shard_1764_batch_2.tar	2488320	154724	260517888	1687937
3808	12374	AF-0000000210742276	shard_1736_batch_2.tar	64357888	147066	687907328	1479693
3808	16680	AF-0000000210742281	shard_1291_batch_0.tar	224815616	263397	1893444096	4622771
3808	16818	AF-0000000210742282	shard_1748_batch_2.tar	10501120	148148	846064640	1565019
3809	4688	AF-0000000210742290	shard_1834_batch_2.tar	725504	182431	752840192	2400590
3809	7052	AF-0000000210742303	shard_1818_batch_2.tar	27758080	177930	217554432	2060469
3809	9960	AF-0000000204227900	shard_1520_batch_1.tar	22998528	84819	600834560	489965
3809	10443	AF-0000000210742309	shard_1762_batch_2.tar	20347392	154816	474457600	1710647
3809	11699	AF-0000000210742311	shard_1488_batch_1.tar	60016128	74417	312926208	350196
3809	11992	AF-0000000210742312	shard_1586_batch_1.tar	8759808	100622	709099520	721005
3809	16271	AF-0000000210742329	shard_1642_batch_2.tar	28526592	119257	469502464	953571
3809	16869	AF-0000000210742331	shard_1730_batch_2.tar	71668736	143321	184688128	1467536
3809	16963	AF-0000000210742333	shard_1222_batch_2.tar	3960832	210054	1089773056	2983834
3810	3809	AF-0000000210742284	shard_1488_batch_1.tar	28867072	73746	402804736	370688
3810	3811	AF-0000000210742335	shard_1482_batch_1.tar	22901248	72612	288777216	341104
3810	3849	AF-0000000210742336	shard_1878_batch_2.tar	37058560	202070	1165366272	3081994
3810	4015	AF-0000000210742342	shard_1726_batch_2.tar	21307904	141532	548966400	1443353
3810	4086	AF-0000000210742344	shard_1728_batch_2.tar	57320960	142501	273192448	1487863
3810	4695	AF-0000000210742356	shard_1222_batch_2.tar	55674368	210160	459012096	3142231
3810	5059	AF-0000000210742367	shard_1614_batch_1.tar	14454272	110345	501489152	843284
3810	5100	AF-0000000210742368	shard_1488_batch_1.tar	5805568	72066	301487104	350198
3810	5620	AF-0000000210742377	shard_1482_batch_1.tar	65887744	72614	308865024	349189
3810	5625	AF-0000000210742379	shard_1486_batch_1.tar	58364928	72138	489082368	347676
3810	5632	AF-0000000210742380	shard_1486_batch_1.tar	27473920	73036	446251008	350410
3810	5740	AF-0000000210742387	shard_1482_batch_1.tar	63036416	71267	139325440	339107
3810	6056	AF-0000000210742394	shard_1832_batch_2.tar	26151936	184583	554293248	2394699
3810	6408	AF-0000000210742400	shard_1528_batch_1.tar	22679040	87051	668296704	522756
3810	6689	AF-0000000210742404	shard_1786_batch_2.tar	34155008	157018	911112192	1851970
3810	6842	AF-0000000210742409	shard_1616_batch_2.tar	14481920	111928	261150720	845914
3810	7206	AF-0000000210742419	shard_1488_batch_1.tar	32125440	73920	416932352	359197
3810	8399	AF-0000000210742429	shard_1850_batch_2.tar	74801152	190287	403912704	2685123
3810	9113	AF-0000000210742434	shard_1784_batch_2.tar	46498304	161871	745145856	1808129
3810	9207	AF-0000000210742436	shard_1682_batch_2.tar	25982976	127488	572966400	1159557
3810	9227	AF-0000000210742437	shard_1264_batch_2.tar	12883456	239255	574650880	4239638
3810	9833	AF-0000000210742441	shard_1726_batch_2.tar	8716288	140909	256035328	1418798
3810	9909	AF-0000000210742443	shard_1762_batch_2.tar	56254976	151205	148071424	1583048
3810	10165	AF-0000000210742444	shard_1812_batch_2.tar	42450944	173665	1045387264	2103006
3810	10360	AF-0000000210742446	shard_1672_batch_2.tar	51220992	126268	375212544	1146506
3810	11115	AF-0000000210742453	shard_1732_batch_2.tar	51510784	143967	502990336	1504776
3810	11459	AF-0000000210742455	shard_1744_batch_2.tar	46246912	149595	221956608	1523677
3810	11699	AF-0000000210742457	shard_1488_batch_1.tar	65153024	73275	497796096	352504
3810	11707	AF-0000000210742458	shard_1816_batch_2.tar	45896192	175107	1139250688	2261408
3810	12033	AF-0000000210742464	shard_1804_batch_2.tar	43998720	170248	1158674944	1919818
3810	12110	AF-0000000210742466	shard_1482_batch_1.tar	68020736	72345	251793920	342462
3810	12300	AF-0000000210742469	shard_1490_batch_1.tar	12005888	74510	255705600	370384
3810	13297	AF-0000000210742475	shard_1752_batch_2.tar	14077440	149983	605836288	1496483
3810	13364	AF-0000000210742476	shard_1283_batch_0.tar	90024448	253974	2264240128	4626201
3810	13370	AF-0000000210742477	shard_1488_batch_1.tar	43281408	73964	353976832	363002
3810	13383	AF-0000000210742478	shard_1836_batch_2.tar	73782784	184867	975586816	2382933
3810	14234	AF-0000000210742489	shard_1492_batch_1.tar	54249984	74450	337494528	393329
3810	14350	AF-0000000210742490	shard_1480_batch_1.tar	31207424	70687	339378176	338054
3810	14381	AF-0000000210742491	shard_1526_batch_1.tar	35721216	84357	577140736	497327
3810	14444	AF-0000000210742493	shard_1846_batch_2.tar	54738432	190851	1346103808	2608968
3810	15304	AF-0000000210742502	shard_1484_batch_1.tar	18695680	72511	428897792	339553
3810	15954	AF-0000000210742514	shard_1245_batch_0.tar	53647872	220479	1422370304	3744937
3810	16271	AF-0000000210742520	shard_1640_batch_2.tar	358912	118148	330367488	944741
3810	16330	AF-0000000210742522	shard_1706_batch_2.tar	10988544	134249	674320384	1306407
3810	16375	AF-0000000210742524	shard_1754_batch_2.tar	41337344	150356	704908800	1639206
3811	4304	AF-0000000210742546	shard_1610_batch_2.tar	27215360	110377	131138560	807924
3811	5102	AF-0000000210742558	shard_1476_batch_1.tar	59707904	71364	289782272	335016
3811	5740	AF-0000000210742570	shard_1478_batch_1.tar	10995200	71027	364254720	322780
3811	6056	AF-0000000210742576	shard_1830_batch_2.tar	56888832	184544	561710592	2389651
3811	7206	AF-0000000210742589	shard_1484_batch_1.tar	69848576	73859	420720128	352566
3811	8091	AF-0000000210742594	shard_1538_batch_1.tar	49621504	88800	492613632	529379
3811	8153	AF-0000000210742595	shard_1566_batch_1.tar	73012224	98269	737345024	632267
3811	8255	AF-0000000210742596	shard_1804_batch_2.tar	12570624	170705	583074304	2077200
3811	8378	AF-0000000210742597	shard_1776_batch_2.tar	61877248	159833	494814720	1790442
3811	8596	AF-0000000210742599	shard_1269_batch_0.tar	160248832	244967	3443110912	4442951
3811	9181	AF-0000000210742601	shard_1682_batch_2.tar	51295744	129529	126633984	1087887
3811	9258	AF-0000000210742602	shard_1264_batch_2.tar	85036032	241814	931000320	4375476
3811	10024	AF-0000000210742603	shard_1231_batch_0.tar	151319552	216130	3194670080	3025845
3811	10443	AF-0000000210742604	shard_1756_batch_2.tar	31022080	153838	703260672	1665621
3811	11577	AF-0000000210742612	shard_1760_batch_2.tar	11377664	153185	401729536	1678612
3811	11972	AF-0000000210742616	shard_1578_batch_1.tar	41510912	99711	518279168	730568
3811	11997	AF-0000000210742617	shard_1788_batch_2.tar	8004608	162600	688813056	1879770
3811	12059	AF-0000000210742619	shard_1776_batch_2.tar	8965632	161523	199128064	1711944
3811	12284	AF-0000000210742622	shard_1484_batch_1.tar	14823424	74284	482864128	353119
3811	12603	AF-0000000210742626	shard_1854_batch_2.tar	48681472	193326	913641472	2385559
3811	14809	AF-0000000210742644	shard_1784_batch_2.tar	26327040	163206	497419776	1883807
3811	16963	AF-0000000210742656	shard_1220_batch_2.tar	40757760	208013	451049984	2977096
3812	4161	AF-0000000210742724	shard_1731_batch_0.tar	97646592	142156	809805824	1410980
3814	4472	AF-0000000210742761	shard_1838_batch_2.tar	58955776	181623	1050609664	2335178
3814	6953	AF-0000000204080813	shard_1858_batch_2.tar	15332864	188835	799846912	2613845
3814	17177	AF-0000000210742770	shard_1796_batch_1.tar	127817216	162500	1686822400	1928966
3815	8854	AF-0000000210742774	shard_1519_batch_0.tar	64817664	84633	465564672	478714
3817	3370	AF-0000000204019556	shard_1248_batch_1.tar	45119488	224765	1905325056	3705153
3817	12325	AF-0000000210744546	shard_1312_batch_2.tar	53522432	288933	859675136	5891064
3817	14398	AF-0000000210744553	shard_1318_batch_2.tar	27105792	304851	2919801344	6688495
3817	17257	AF-0000000204019544	shard_1244_batch_1.tar	164171264	223784	2736402944	3651537
3819	3818	AF-0000000210744582	shard_1242_batch_1.tar	4427776	225873	2370768896	3674020
3820	3576	AF-0000000210714624	shard_1328_batch_0.tar	242506240	337499	975937024	8268889
3820	3617	AF-0000000210720297	shard_1854_batch_0.tar	131806720	190773	2450100736	2586028
3820	3987	AF-0000000210744666	shard_1850_batch_0.tar	104413184	189547	2571307008	2537826
3821	12104	AF-0000000204189275	shard_1504_batch_1.tar	32727040	78660	547247616	429932
3821	14257	AF-0000000204189282	shard_1520_batch_1.tar	43708416	83819	538184704	472200
3822	4708	AF-0000000204015735	shard_1308_batch_2.tar	66803200	286663	1368377856	6031210
3822	12417	AF-0000000210744921	shard_1644_batch_1.tar	117357056	119842	785057280	974739
3822	13969	AF-0000000210744923	shard_1636_batch_1.tar	56900608	118507	1040142336	939329
3822	15741	AF-0000000210744926	shard_1786_batch_1.tar	98285568	159316	2124390400	1801813
3822	15871	AF-0000000210744927	shard_1874_batch_1.tar	179924480	203994	723068928	2813894
3822	16331	AF-0000000210744929	shard_1750_batch_1.tar	16093696	148230	728068096	1564152
3822	17289	AF-0000000210744930	shard_1636_batch_1.tar	73649664	118115	1086904832	939774
3823	5108	AF-0000000203527048	shard_1230_batch_0.tar	193780736	213994	3477746688	3524476
3823	5318	AF-0000000210744938	shard_1228_batch_0.tar	38954496	211253	698064384	3467006
3824	3118	AF-0000000210655292	shard_1416_batch_0.tar	16096768	43713	185544704	122774
3824	3579	AF-0000000203834776	shard_1424_batch_0.tar	8556032	47124	186461696	150201
3824	3985	AF-0000000203834785	shard_1418_batch_0.tar	6897664	45451	129463296	127743
3824	4294	AF-0000000203834805	shard_1224_batch_1.tar	24607232	213429	1708145152	3321862
3824	4407	AF-0000000203834777	shard_1420_batch_0.tar	37789184	45629	117196800	127473
3824	5469	AF-0000000203834788	shard_1420_batch_0.tar	473600	45627	95979008	129112
3824	5810	AF-0000000203834790	shard_1422_batch_0.tar	16986624	47704	116785664	141373
3824	5940	AF-0000000203845428	shard_1422_batch_0.tar	14502400	47569	131655680	141139
3824	7319	AF-0000000203834789	shard_1422_batch_0.tar	43678720	47804	185519616	140877
3824	7337	AF-0000000203834786	shard_1420_batch_0.tar	28351488	45459	166045184	127554
3824	8010	AF-0000000210745015	shard_1418_batch_0.tar	15066112	45511	174597632	127282
3824	8534	AF-0000000203834774	shard_1420_batch_0.tar	659968	45427	91775488	135991
3824	10470	AF-0000000203834787	shard_1420_batch_0.tar	3226112	45550	90960384	127249
3824	11046	AF-0000000210745028	shard_1830_batch_1.tar	46321152	173763	369291776	2107807
3824	12149	AF-0000000203834773	shard_1420_batch_0.tar	26079744	45277	170111488	136562
3824	12150	AF-0000000203834779	shard_1420_batch_0.tar	9545216	45402	141102080	127164
3824	13468	AF-0000000203834784	shard_1420_batch_0.tar	40345088	45641	88345600	127865
3824	13470	AF-0000000203834783	shard_1418_batch_0.tar	36217344	45657	104698880	127355
3824	13471	AF-0000000203834782	shard_1418_batch_0.tar	21557760	45594	181452288	127974
3824	13728	AF-0000000210745046	shard_1420_batch_0.tar	15094784	45240	90130944	134690
3825	3414	AF-0000000203640570	shard_1440_batch_0.tar	927744	57664	244411904	203666
3825	3958	AF-0000000210745076	shard_1722_batch_0.tar	52285440	135615	1172213760	1337002
3825	4992	AF-0000000210745086	shard_1526_batch_0.tar	41721344	83232	214302208	485381
3825	5606	AF-0000000203640554	shard_1536_batch_0.tar	11799552	88158	595682304	524900
3825	6423	AF-0000000203640612	shard_1706_batch_0.tar	33227776	135228	1235026944	1237865
3825	6531	AF-0000000210745100	shard_1588_batch_0.tar	103250944	102467	324795904	724766
3825	7467	AF-0000000210745110	shard_1722_batch_0.tar	52847104	139582	416565248	1352906
3825	8657	AF-0000000210745113	shard_1450_batch_0.tar	33335296	62783	209377280	237744
3825	12835	AF-0000000203640571	shard_1440_batch_0.tar	48819712	58106	257502208	206347
3825	14560	AF-0000000210745133	shard_1510_batch_0.tar	76714496	80979	466949632	450494
3826	3013	AF-0000000203965319	shard_1808_batch_1.tar	107140608	172861	1862744064	2034744
3826	3319	AF-0000000210681640	shard_1868_batch_1.tar	35436544	197725	1978044928	2797777
3826	3930	AF-0000000203965257	shard_1760_batch_1.tar	56228352	154582	381295104	1603161
3826	4339	AF-0000000210745244	shard_1814_batch_1.tar	152465920	175358	2341869056	2086069
3826	4340	AF-0000000210745245	shard_1814_batch_1.tar	13738496	175874	521188352	2087797
3826	5203	AF-0000000203965252	shard_1832_batch_1.tar	67670016	179072	1866036224	2254777
3826	5204	AF-0000000203965254	shard_1834_batch_1.tar	133676544	182168	441622528	2288111
3826	6126	AF-0000000203965262	shard_1862_batch_1.tar	124980224	196894	1927941632	2614186
3826	8550	AF-0000000203965311	shard_1686_batch_1.tar	9417728	132067	506464256	1127375
3826	9946	AF-0000000210745310	shard_1824_batch_1.tar	21364736	179746	1526855168	2113637
3826	12232	AF-0000000210745329	shard_1880_batch_1.tar	49491456	206073	976246784	2952971
3826	14222	AF-0000000210745353	shard_1756_batch_1.tar	62165504	152839	1201099264	1540567
3826	14349	AF-0000000210745356	shard_1752_batch_1.tar	18099712	151830	1624835072	1502334
3826	16806	AF-0000000210745387	shard_1240_batch_1.tar	218661888	224299	1325529600	3327388
3826	16841	AF-0000000210745389	shard_1770_batch_1.tar	3936768	155957	1214939136	1640273
3827	3329	AF-0000000210682894	shard_1334_batch_1.tar	269386752	367550	7385523712	10079655
3827	3433	AF-0000000210696778	shard_1258_batch_1.tar	215923712	231191	708593664	4017442
3827	3434	AF-0000000210696850	shard_1330_batch_1.tar	234670592	350247	6983619584	9284751
3827	4072	AF-0000000210745399	shard_1258_batch_1.tar	57472000	232252	2067693568	4070888
3827	4386	AF-0000000210745410	shard_1326_batch_1.tar	189036544	324792	4008908288	7487842
3827	5281	AF-0000000210745418	shard_1332_batch_1.tar	311131648	353692	2974008320	9409684
3827	6567	AF-0000000210745427	shard_1334_batch_1.tar	176260608	366903	7395603968	10199149
3827	6757	AF-0000000210745431	shard_1326_batch_1.tar	157648384	324942	4873977856	7624891
3827	15146	AF-0000000210745445	shard_1238_batch_1.tar	144377856	217167	3659080704	3561244
3828	5578	AF-0000000210745454	shard_1256_batch_1.tar	170817024	230203	1683827712	4001495
3830	3943	AF-0000000210745472	shard_1468_batch_0.tar	47957504	67732	388055552	302966
3831	4617	AF-0000000210745492	shard_1636_batch_1.tar	68419584	112924	269387264	920184
3831	4618	AF-0000000203884544	shard_1636_batch_1.tar	5969920	111796	828837376	909155
3831	4619	AF-0000000210745493	shard_1638_batch_1.tar	87028224	113826	248055296	925814
3831	5652	AF-0000000210745498	shard_1516_batch_1.tar	14427648	80810	317023744	442998
3831	7182	AF-0000000210745502	shard_1656_batch_1.tar	106168832	120978	659870720	1022680
3831	12547	AF-0000000203884556	shard_1508_batch_0.tar	49541632	80974	207799808	423112
3831	13154	AF-0000000203884547	shard_1862_batch_1.tar	124219392	185699	2504670720	2456769
3831	14077	AF-0000000203884545	shard_1604_batch_1.tar	76310528	104767	663003136	788422
3831	16319	AF-0000000210745519	shard_1612_batch_1.tar	34981376	108338	806813184	806602
3833	3348	AF-0000000210684644	shard_1730_batch_0.tar	42647040	136703	1694779904	1392249
3833	3778	AF-0000000210738718	shard_1252_batch_0.tar	24732672	221481	3975953408	3849046
3833	4175	AF-0000000210745534	shard_1698_batch_0.tar	109286912	131101	1198911488	1265430
3833	5441	AF-0000000210745543	shard_1742_batch_0.tar	85698048	142286	1080997376	1544360
3833	5991	AF-0000000210745544	shard_1238_batch_0.tar	147526144	208542	2664744448	3480255
3833	6017	AF-0000000203541313	shard_1800_batch_0.tar	131835904	160947	1123867648	1960472
3833	6148	AF-0000000210745545	shard_1790_batch_0.tar	158457344	157884	672857600	1849561
3833	6167	AF-0000000210745546	shard_1816_batch_0.tar	144829952	169227	1089151488	2060444
3833	7145	AF-0000000210745549	shard_1696_batch_0.tar	113918464	126137	584172544	1234696
3833	7180	AF-0000000210745550	shard_1318_batch_0.tar	239777280	291671	3842880512	6121015
3833	14040	AF-0000000210745559	shard_1850_batch_0.tar	88429568	182855	1189587968	2497347
3835	4417	AF-0000000210745725	shard_1506_batch_1.tar	79065600	79067	280380928	449827
3836	7664	AF-0000000210745806	shard_1860_batch_1.tar	153999360	197636	2454085120	2651706
3836	16536	AF-0000000210745813	shard_1832_batch_1.tar	15057920	182616	1392146432	2309021
3836	16673	AF-0000000210745814	shard_1876_batch_1.tar	29735936	203955	2518683136	2871370
3838	12869	AF-0000000210745888	shard_1814_batch_0.tar	6457344	176717	1681852928	2268001
3839	3029	AF-0000000210610376	shard_1618_batch_1.tar	62338048	108900	311349760	871700
3839	4108	AF-0000000210745900	shard_1562_batch_1.tar	42683904	93493	336437760	627121
3839	4601	AF-0000000210745902	shard_1832_batch_1.tar	91612160	181334	2300969984	2391941
3839	6883	AF-0000000210745909	shard_1590_batch_1.tar	48437248	100543	386733568	738184
3839	13399	AF-0000000210745911	shard_1852_batch_1.tar	179601408	191879	1604961280	2655469
3843	4208	AF-0000000210746033	shard_1876_batch_0.tar	184125952	204218	2701303808	2986290
3843	5324	AF-0000000210746040	shard_1872_batch_0.tar	183216128	200727	1022340608	2901032
3843	5326	AF-0000000210746042	shard_1856_batch_0.tar	32681472	194271	551998464	2670511
3843	7074	AF-0000000210746050	shard_1860_batch_0.tar	97344000	196656	2472696320	2728663
3843	7978	AF-0000000210746053	shard_1864_batch_0.tar	146441728	193989	2526794240	2745561
3843	16097	AF-0000000210746059	shard_1872_batch_0.tar	179777024	203248	2395950592	2921089
3844	6744	AF-0000000210746078	shard_1286_batch_0.tar	30928384	227774	4989899264	4473574
3845	15989	AF-0000000210746108	shard_1594_batch_0.tar	90063872	103585	905354752	762070
3845	16049	AF-0000000210746109	shard_1806_batch_0.tar	51631616	169299	775554560	2125409
3849	3707	AF-0000000210729018	shard_1868_batch_2.tar	47593984	197621	1246479360	2959833
3849	5325	AF-0000000210746213	shard_1327_batch_0.tar	253740544	322000	3242799104	7787203
3849	5616	AF-0000000210746217	shard_1870_batch_2.tar	23428096	199391	599528448	3003441
3849	5620	AF-0000000210746218	shard_1876_batch_2.tar	12961280	202507	1454802944	3068427
3849	5743	AF-0000000210746221	shard_1868_batch_2.tar	74905600	198882	208242688	2935108
3849	6682	AF-0000000210746241	shard_1873_batch_0.tar	23780352	200199	1323492352	3016921
3851	3562	AF-0000000210712851	shard_1522_batch_0.tar	40155136	86129	586698752	503532
3851	4766	AF-0000000210746332	shard_1692_batch_0.tar	107256320	133533	489397248	1250965
3851	6534	AF-0000000210746356	shard_1492_batch_0.tar	56199680	76137	479706112	373083
3851	16693	AF-0000000210746386	shard_1712_batch_0.tar	89739264	137039	985317376	1223048
3856	5523	AF-0000000210746913	shard_1576_batch_0.tar	57971712	102211	459425280	700655
3857	3577	AF-0000000210714660	shard_1746_batch_2.tar	17750016	147352	328234496	1464297
3857	3881	AF-0000000210747147	shard_1436_batch_1.tar	14312448	54628	242343424	197168
3858	3049	AF-0000000203828775	shard_1494_batch_0.tar	20241408	78466	430000128	328237
3858	3050	AF-0000000203828777	shard_1488_batch_0.tar	1504256	75603	479365120	306991
3858	6115	AF-0000000210747195	shard_1494_batch_0.tar	57657344	78378	511193600	317158
3858	9445	AF-0000000203828776	shard_1496_batch_0.tar	76506112	78679	501937152	329000
3859	4060	AF-0000000210747393	shard_1813_batch_0.tar	144070656	169697	1131472384	2232263
3859	12239	AF-0000000204804786	shard_1659_batch_0.tar	3161088	122429	833166336	1072386
3861	10919	AF-0000000210747520	shard_1750_batch_0.tar	72966144	147014	369363456	1613291
3862	4115	AF-0000000210747841	shard_1806_batch_0.tar	50425856	170993	1346098176	1895164
3863	7793	AF-0000000210747887	shard_1786_batch_0.tar	118198784	161594	1067773440	1775527
3866	3022	AF-0000000204597041	shard_1659_batch_0.tar	32241664	122752	487288320	1081960
3866	5773	AF-0000000210748020	shard_1659_batch_0.tar	10399232	122642	737007616	1082624
3867	5773	AF-0000000210748063	shard_1638_batch_0.tar	55578112	116948	543205888	985370
3868	6544	AF-0000000210748095	shard_1251_batch_1.tar	188139008	223312	1547483136	3486744
3869	5073	AF-0000000210748355	shard_1800_batch_0.tar	40937472	166239	1168117760	2019282
3870	3022	AF-0000000210609819	shard_1704_batch_0.tar	23433216	136466	519171072	1363019
3870	4961	AF-0000000210748396	shard_1738_batch_0.tar	116933120	146118	834179072	1587249
3870	5696	AF-0000000210748400	shard_1616_batch_0.tar	77732864	110905	794290688	869129
3870	5773	AF-0000000210748402	shard_1704_batch_0.tar	37454848	136769	839272960	1364755
3870	7970	AF-0000000210748404	shard_1270_batch_0.tar	163431936	235711	4554101248	4049489
3871	5100	AF-0000000210748609	shard_1601_batch_0.tar	80586752	105802	264317440	787756
3873	3329	AF-0000000210682897	shard_1255_batch_0.tar	80356352	230119	1186061824	3933506
3877	3843	AF-0000000210746028	shard_1854_batch_0.tar	107017728	191978	2517452288	2650306
3877	5222	AF-0000000210749463	shard_1314_batch_0.tar	194717696	298908	3606022144	6460861
3877	5235	AF-0000000210749464	shard_1864_batch_0.tar	177406464	196133	2911839232	2789437
3877	5236	AF-0000000210749465	shard_1852_batch_0.tar	21228544	190565	1489561088	2629372
3877	5237	AF-0000000210749466	shard_1226_batch_0.tar	202114048	210303	1391370240	3232813
3877	5238	AF-0000000210749467	shard_1860_batch_0.tar	79800320	196093	784014336	2728183
3877	11512	AF-0000000210749506	shard_1230_batch_0.tar	95017472	214619	3255756288	3327685
3879	3022	AF-0000000203562217	shard_1640_batch_0.tar	81381376	118023	1130300416	971116
3879	4961	AF-0000000210749562	shard_1674_batch_0.tar	28675072	127220	557626368	1197107
3879	6111	AF-0000000210749564	shard_1722_batch_0.tar	5540864	139807	931727872	1323009
3880	6824	AF-0000000210749598	shard_1649_batch_0.tar	105490944	120367	754927616	998322
3881	4363	AF-0000000210749673	shard_1488_batch_1.tar	53672448	72223	144875008	356518
3882	6198	AF-0000000210749750	shard_1851_batch_1.tar	27577856	188704	663641088	2582826
3882	6404	AF-0000000210749751	shard_1773_batch_1.tar	101881856	155805	2020815872	1812742
3884	3920	AF-0000000210750120	shard_1786_batch_0.tar	129965056	161265	873638912	1871330
3884	3929	AF-0000000210750121	shard_1788_batch_0.tar	97506304	161074	911368704	1894555
3884	4563	AF-0000000210750132	shard_1672_batch_0.tar	70885888	127688	328815616	1092290
3884	16559	AF-0000000210750171	shard_1682_batch_0.tar	61920768	124939	291870208	1122881
3886	3577	AF-0000000210714664	shard_1830_batch_2.tar	541696	179260	625969664	2199099
3886	5346	AF-0000000210750460	shard_1550_batch_1.tar	23383040	93615	521667584	597840
3886	6626	AF-0000000210750467	shard_1696_batch_1.tar	12552704	131472	1400181248	1266710
3886	14861	AF-0000000210750479	shard_1310_batch_2.tar	50595840	291170	2124793344	5964384
3886	16814	AF-0000000210750482	shard_1746_batch_2.tar	55127040	149672	614220288	1621704
3888	12941	AF-0000000203594453	shard_1772_batch_0.tar	74996736	159988	518040064	1751819
3889	3549	AF-0000000210711127	shard_1330_batch_1.tar	55911424	350712	3720827392	8725142
3889	3551	AF-0000000210711306	shard_1284_batch_0.tar	150746624	252378	3060265472	4547341
3889	4439	AF-0000000210750641	shard_1272_batch_0.tar	160768000	242056	3269613568	4141194
3889	4706	AF-0000000210750657	shard_1336_batch_1.tar	238651904	394735	2871932416	10913335
3889	4807	AF-0000000210750664	shard_1292_batch_1.tar	194886656	262636	894621696	4975257
3889	5222	AF-0000000210750677	shard_1332_batch_1.tar	285098496	355929	1657591808	8838446
3889	5467	AF-0000000210750683	shard_1326_batch_1.tar	204110336	323319	4782267392	7292924
3889	6534	AF-0000000210750720	shard_1288_batch_0.tar	255611392	258809	3414701056	4777603
3889	7058	AF-0000000210750731	shard_1336_batch_1.tar	173046784	420801	7824585216	12671479
3889	7191	AF-0000000210750734	shard_1308_batch_1.tar	238537216	283105	3032704512	5736568
3889	9099	AF-0000000210750744	shard_1314_batch_0.tar	30987264	294448	5457037824	6338549
3889	10635	AF-0000000210750752	shard_1330_batch_1.tar	242979840	346773	8482409472	8592324
3889	11817	AF-0000000210750757	shard_1260_batch_0.tar	94355456	232446	608710656	3836065
3889	11974	AF-0000000210750759	shard_1306_batch_1.tar	5068288	281405	1603592192	5782041
3889	16018	AF-0000000210750800	shard_1336_batch_1.tar	59290624	398212	2396840448	11761756
3889	16419	AF-0000000210750808	shard_1330_batch_1.tar	181547520	350851	6790463488	8603307
3889	16846	AF-0000000210750818	shard_1274_batch_0.tar	221073408	244268	4354225152	4270611
3890	4708	AF-0000000204613155	shard_1309_batch_0.tar	189260288	286009	2067984384	5979204
3890	13606	AF-0000000204613167	shard_1571_batch_0.tar	67129856	100083	280677376	683134
3891	3065	AF-0000000210614254	shard_1678_batch_0.tar	30788608	123699	745051136	1174958
3891	4575	AF-0000000210750925	shard_1692_batch_0.tar	53040128	129372	997306368	1278432
3891	5773	AF-0000000210750931	shard_1678_batch_0.tar	91949056	123999	683931648	1183104
3891	6288	AF-0000000210750933	shard_1270_batch_0.tar	196009984	240385	2616076800	4517212
3891	7970	AF-0000000210750936	shard_1260_batch_0.tar	88476160	223385	2123851776	3769872
3892	3741	AF-0000000203708398	shard_1708_batch_0.tar	24967168	137794	986225664	1376699
3892	4575	AF-0000000210750943	shard_1722_batch_0.tar	46490112	142574	1014817280	1442450
3892	6824	AF-0000000210750946	shard_1720_batch_0.tar	10753024	141675	769452544	1452464
3892	7970	AF-0000000210750947	shard_1270_batch_0.tar	129652736	235764	3346624000	4075130
3893	3562	AF-0000000203595157	shard_1556_batch_0.tar	44528128	95290	619701248	654546
3893	15917	AF-0000000203595161	shard_1828_batch_0.tar	45156352	181061	1815685120	2325011
3893	17070	AF-0000000210751007	shard_1694_batch_0.tar	63227904	130107	775090176	1213034
3895	3328	AF-0000000210682816	shard_1730_batch_1.tar	108342272	142780	291798016	1417829
3895	6072	AF-0000000210751038	shard_1252_batch_2.tar	77476352	228760	727851008	3677989
3895	16464	AF-0000000210751064	shard_1248_batch_2.tar	38218752	226315	418586112	3613269
3897	7282	AF-0000000210751318	shard_1869_batch_0.tar	152078848	199295	1815710208	2872729
3898	3594	AF-0000000210717286	shard_1816_batch_1.tar	133832704	174485	530756096	2255671
3898	4822	AF-0000000210751371	shard_1676_batch_1.tar	75780608	127400	1020354560	1156914
3898	6326	AF-0000000210751409	shard_1816_batch_1.tar	51012096	173800	1312905728	2234771
3898	6847	AF-0000000210751413	shard_1790_batch_1.tar	112666112	164384	1013153792	2004258
3898	6910	AF-0000000210751414	shard_1254_batch_1.tar	143870464	229290	2246696960	3831433
3899	6163	AF-0000000210751454	shard_1772_batch_0.tar	124019712	158990	573956096	1797818
3900	3394	AF-0000000203548793	shard_1746_batch_0.tar	67371520	149368	1400909824	1651079
3900	3704	AF-0000000203548794	shard_1762_batch_0.tar	112523776	155498	1487416320	1775428
3900	6163	AF-0000000203548791	shard_1796_batch_0.tar	11533824	166648	1875120128	1988676
3900	9273	AF-0000000210751469	shard_1760_batch_0.tar	85390336	150125	932620800	1710814
3900	10009	AF-0000000210751470	shard_1230_batch_0.tar	180726272	212674	620880384	3394099
3901	10092	AF-0000000204026079	shard_1850_batch_1.tar	184984064	187430	1929186816	2497632
3902	11305	AF-0000000210751551	shard_1230_batch_2.tar	84239360	214791	748537344	3256528
3902	12203	AF-0000000210751553	shard_1302_batch_2.tar	84504576	273068	2681818112	5511264
3902	12767	AF-0000000210751554	shard_1230_batch_2.tar	76122624	212984	1211078144	3312514
3902	15833	AF-0000000210751559	shard_1810_batch_2.tar	38773760	169820	228655104	2126615
3904	3598	AF-0000000210717760	shard_1666_batch_0.tar	118564864	123850	347341312	1078463
3904	7157	AF-0000000210751576	shard_1720_batch_0.tar	39965184	140668	1143041536	1402029
3904	7497	AF-0000000210751578	shard_1732_batch_1.tar	14792704	145884	1377243648	1515714
3904	12618	AF-0000000210751579	shard_1756_batch_1.tar	10367488	151480	1077758464	1644991
3905	3752	AF-0000000203767449	shard_1800_batch_0.tar	121272832	160474	616309248	1929838
3905	3789	AF-0000000203767406	shard_1610_batch_0.tar	108932608	106748	1014946304	803406
3905	3828	AF-0000000203767415	shard_1266_batch_1.tar	27983872	235221	1937076736	4294364
3905	4576	AF-0000000203767372	shard_1740_batch_0.tar	77137920	141578	1504768000	1431705
3905	4938	AF-0000000210751600	shard_1750_batch_0.tar	45965312	145322	387078144	1630620
3905	5647	AF-0000000203767512	shard_1570_batch_0.tar	16701952	95652	833248768	656330
3905	5702	AF-0000000203767501	shard_1504_batch_0.tar	39060992	76809	278369792	422857
3905	5914	AF-0000000203767521	shard_1494_batch_0.tar	76530688	73514	179987968	367633
3905	6044	AF-0000000210751625	shard_1256_batch_1.tar	195824640	227402	3201933824	3641179
3905	6138	AF-0000000203767369	shard_1242_batch_1.tar	43447808	222090	1226711552	3582011
3905	6523	AF-0000000203767375	shard_1858_batch_0.tar	86309888	194135	1443254784	2690085
3905	6900	AF-0000000210751649	shard_1818_batch_0.tar	3334144	171316	785891328	2087734
3905	6949	AF-0000000210751650	shard_1796_batch_1.tar	150298624	155157	2068278784	1825241
3905	6990	AF-0000000210751651	shard_1252_batch_1.tar	172084224	221899	2861983744	3470751
3905	7297	AF-0000000210751657	shard_1588_batch_0.tar	101199872	98381	844928512	717089
3905	7664	AF-0000000210751659	shard_1744_batch_0.tar	48248320	146509	1475826688	1540586
3905	7842	AF-0000000203767444	shard_1854_batch_1.tar	90693120	187616	1958511616	2569023
3905	8008	AF-0000000203767542	shard_1818_batch_0.tar	86729728	172068	1250978304	2033952
3905	8019	AF-0000000203767387	shard_1574_batch_0.tar	32646144	93724	269806080	690092
3905	8184	AF-0000000203767556	shard_1822_batch_0.tar	26258432	175228	1795750400	2115435
3905	9340	AF-0000000210751668	shard_1266_batch_1.tar	181298176	236056	1707895808	3801612
3905	11082	AF-0000000203767538	shard_1666_batch_0.tar	116817920	121646	336700416	1037043
3905	11670	AF-0000000203767441	shard_1834_batch_1.tar	47386624	182231	1655761408	2355249
3905	11819	AF-0000000210751688	shard_1690_batch_0.tar	9988608	128195	276442624	1193392
3905	11820	AF-0000000203767550	shard_1620_batch_0.tar	72403456	106421	624567808	865228
3905	11839	AF-0000000210751689	shard_1702_batch_0.tar	32936960	131683	1520002560	1281555
3905	13227	AF-0000000203767546	shard_1852_batch_0.tar	175057408	188487	2760452608	2526916
3905	13526	AF-0000000203767379	shard_1810_batch_1.tar	114078720	168915	849890304	2151974
3905	13662	AF-0000000210751712	shard_1790_batch_0.tar	31683584	165595	1459361792	1911988
3905	14045	AF-0000000210751720	shard_1732_batch_0.tar	121286144	139200	351618560	1463048
3905	14675	AF-0000000210751732	shard_1262_batch_1.tar	203258368	232809	1521167360	4073653
3905	15207	AF-0000000210751741	shard_1258_batch_1.tar	62610944	227134	1535796736	3744925
3905	15217	AF-0000000203767530	shard_1692_batch_0.tar	128621568	129476	606814720	1203530
3905	15873	AF-0000000210751754	shard_1560_batch_0.tar	48223744	89821	621383168	605535
3905	16621	AF-0000000203767563	shard_1878_batch_0.tar	140295168	202270	956663296	3108574
3905	16876	AF-0000000203767447	shard_1718_batch_0.tar	71737856	137142	1282053632	1414040
3905	16919	AF-0000000210751767	shard_1564_batch_0.tar	31437312	95962	311120896	622520
3906	4824	AF-0000000204543007	shard_1486_batch_2.tar	5922304	74585	195031552	368557
3906	5655	AF-0000000204542969	shard_1472_batch_2.tar	9955840	70346	194533376	317050
3906	5736	AF-0000000204543031	shard_1528_batch_2.tar	15473152	88232	296550400	537822
3906	5746	AF-0000000210751800	shard_1470_batch_2.tar	12839424	69590	118960128	307265
3906	5747	AF-0000000204543019	shard_1466_batch_2.tar	33420800	67586	167401984	298717
3906	14603	AF-0000000210751857	shard_1805_batch_0.tar	81220608	167397	393419264	1976968
3906	15207	AF-0000000210751863	shard_1245_batch_0.tar	128817664	221338	942434816	3450965
3906	16974	AF-0000000204542978	shard_1458_batch_2.tar	18249216	65127	114365952	269491
3908	3515	AF-0000000210707167	shard_1282_batch_0.tar	25103872	249259	3457454080	4517455
3908	3739	AF-0000000210733326	shard_1302_batch_0.tar	6696960	275874	1721508352	5494371
3908	4446	AF-0000000210753197	shard_1286_batch_0.tar	114183168	254901	4448085504	4683408
3908	5386	AF-0000000210753198	shard_1304_batch_0.tar	191173120	275955	4696278528	5532504
3908	5391	AF-0000000210753203	shard_1276_batch_0.tar	135939072	245681	1582882304	4469582
3908	5392	AF-0000000210753204	shard_1292_batch_0.tar	174008832	260552	528465920	4972884
3908	12760	AF-0000000210753218	shard_1284_batch_0.tar	159957504	253702	4311538688	4648181
3910	6500	AF-0000000210753538	shard_1592_batch_1.tar	11508736	104901	910862336	755929
3912	5073	AF-0000000210753597	shard_1857_batch_0.tar	79156736	188354	2124560896	2651630
3913	3914	AF-0000000210753622	shard_1815_batch_0.tar	31901184	172834	2340140032	2063277
3913	4482	AF-0000000210753630	shard_1815_batch_0.tar	92340736	173151	2098178048	2065891
3913	14877	AF-0000000210753651	shard_1813_batch_0.tar	18357760	172542	1524990464	2033050
3913	14878	AF-0000000210753652	shard_1813_batch_0.tar	141105664	172548	1472642560	2037935
3913	14879	AF-0000000210753653	shard_1813_batch_0.tar	90368512	172363	1976513024	2036780
3914	4482	AF-0000000210753662	shard_1815_batch_0.tar	57159168	172628	1477197824	2071024
3914	14877	AF-0000000210753669	shard_1813_batch_0.tar	139539968	173264	2116968448	2041743
3914	14879	AF-0000000210753671	shard_1815_batch_0.tar	119006208	173035	1831464960	2045797
3915	3167	AF-0000000210656824	shard_1223_batch_0.tar	153839616	207468	529143808	3077189
3915	3168	AF-0000000210657312	shard_1305_batch_1.tar	138382848	279043	4460921856	5757539
3915	4971	AF-0000000210753693	shard_1863_batch_0.tar	8429056	196093	963718656	2771319
3915	5321	AF-0000000210753702	shard_1263_batch_0.tar	12809728	232086	3988477440	4055881
3915	5767	AF-0000000210753727	shard_1855_batch_0.tar	55655936	192228	2345974784	2594923
3915	6548	AF-0000000210753738	shard_1273_batch_0.tar	101422592	244416	2331809280	4396711
3915	9909	AF-0000000210753773	shard_1309_batch_1.tar	4285952	282997	2569277952	5842526
3915	10484	AF-0000000210753776	shard_1229_batch_0.tar	200130048	212273	1243000832	3327151
3915	14743	AF-0000000210753829	shard_1251_batch_0.tar	16108032	225160	605808128	3857991
3915	16913	AF-0000000210753863	shard_1243_batch_1.tar	217128448	221107	1146602496	3633369
3916	4037	AF-0000000203586193	shard_1494_batch_0.tar	25711616	77124	446657536	400946
3916	4038	AF-0000000203586194	shard_1500_batch_0.tar	28208128	78704	395884032	418295
3916	4365	AF-0000000203586186	shard_1496_batch_0.tar	18540544	79442	369490432	397473
3916	4675	AF-0000000210754334	shard_1506_batch_0.tar	26308608	80331	326210560	432090
3916	4801	AF-0000000203586185	shard_1500_batch_0.tar	30886912	76035	273979904	417999
3916	4987	AF-0000000210754336	shard_1504_batch_0.tar	45876224	78091	384850432	425868
3916	5147	AF-0000000210754337	shard_1496_batch_0.tar	5195264	78677	520538624	398674
3916	5148	AF-0000000203586187	shard_1500_batch_0.tar	7251456	79555	519900672	415946
3916	5149	AF-0000000203586188	shard_1496_batch_0.tar	69528064	78381	460820992	397667
3916	5150	AF-0000000203586189	shard_1506_batch_0.tar	33970688	81255	533981696	435311
3916	5151	AF-0000000210754338	shard_1496_batch_0.tar	32425984	78322	503843840	400677
3916	5152	AF-0000000210754339	shard_1504_batch_0.tar	3838976	80006	244214272	435530
3916	7310	AF-0000000203586183	shard_1410_batch_0.tar	19551232	38856	136381440	89418
3916	15092	AF-0000000203586181	shard_1494_batch_0.tar	45583360	77202	490551296	396074
3917	5763	AF-0000000210754559	shard_1420_batch_1.tar	27723776	47762	195596288	133680
3917	7520	AF-0000000210754593	shard_1494_batch_1.tar	50179072	76259	403160576	388357
3919	4502	AF-0000000210754682	shard_1513_batch_0.tar	71627776	80525	278642688	445775
3919	5479	AF-0000000210754690	shard_1499_batch_0.tar	35086848	76416	533538304	395082
3919	7129	AF-0000000210754702	shard_1309_batch_1.tar	183258112	275724	1823441920	5296212
3919	7180	AF-0000000210754704	shard_1305_batch_1.tar	119940096	271964	796214272	5173792
3919	7311	AF-0000000210754709	shard_1839_batch_0.tar	35703808	182469	1930806272	2386324
3919	17291	AF-0000000210754732	shard_1303_batch_1.tar	47072768	269965	4883907584	5109301
3920	3349	AF-0000000210684995	shard_1804_batch_0.tar	163421184	167681	2154199552	2042231
3920	3372	AF-0000000210688417	shard_1816_batch_1.tar	11518464	171048	791912448	2123780
3920	4327	AF-0000000210754819	shard_1792_batch_1.tar	50967040	163577	1210443776	1919578
3920	4446	AF-0000000210754822	shard_1282_batch_1.tar	177803776	250179	3948726784	4616626
3920	4716	AF-0000000210754831	shard_1768_batch_0.tar	57492480	153781	1533523968	1733417
3920	5362	AF-0000000210754842	shard_1802_batch_0.tar	66209280	167262	859154432	2016991
3920	5634	AF-0000000210754845	shard_1806_batch_0.tar	106102272	168542	1656440320	2061005
3920	7191	AF-0000000210754868	shard_1870_batch_1.tar	47042048	198585	2759820800	2847536
3920	12103	AF-0000000210754890	shard_1806_batch_0.tar	23940096	168868	1891651072	2082043
3920	12104	AF-0000000210754891	shard_1798_batch_0.tar	18585600	165578	1297125376	2001221
3920	12105	AF-0000000210754892	shard_1808_batch_1.tar	31849984	168810	1127010304	2091347
3920	15351	AF-0000000210754917	shard_1792_batch_1.tar	119219200	162067	2226825728	1957240
3921	3407	AF-0000000210691976	shard_1856_batch_1.tar	95898624	192177	1872841216	2625736
3921	3594	AF-0000000210717287	shard_1844_batch_1.tar	74408448	186292	2282926592	2583345
3921	3898	AF-0000000210751357	shard_1868_batch_1.tar	162809344	196911	624479232	2867917
3921	6139	AF-0000000210754946	shard_1222_batch_1.tar	144781312	205438	1680670720	3172546
3921	6326	AF-0000000203935270	shard_1842_batch_1.tar	182720000	185665	2105769984	2561220
3921	6737	AF-0000000203935271	shard_1250_batch_1.tar	146146304	221338	1474427904	3714668
3921	15808	AF-0000000203935272	shard_1220_batch_1.tar	160434176	206103	2490613248	3143090
3921	16369	AF-0000000203935274	shard_1738_batch_1.tar	105631744	146435	1529598464	1528799
3922	3594	AF-0000000210717288	shard_1830_batch_1.tar	172137984	179146	2060472320	2409118
3922	3898	AF-0000000210751358	shard_1856_batch_1.tar	48726528	188738	1267444224	2696079
3922	3921	AF-0000000210754928	shard_1878_batch_1.tar	136653824	202180	1527694336	3044421
3922	5439	AF-0000000210755003	shard_1722_batch_1.tar	122968576	138192	517391872	1390316
3922	6398	AF-0000000210755043	shard_1306_batch_1.tar	5923328	278894	5062493184	5730317
3922	6910	AF-0000000210755049	shard_1262_batch_1.tar	154537472	234087	3206685696	4018577
3922	9924	AF-0000000210755058	shard_1278_batch_1.tar	11721728	246495	1395459584	4418732
3922	12118	AF-0000000210755066	shard_1272_batch_1.tar	48454656	243597	1130537472	4240501
3922	13525	AF-0000000210755071	shard_1828_batch_1.tar	81743872	178535	436148736	2379474
3922	15808	AF-0000000210755085	shard_1872_batch_1.tar	190373888	198709	1775945216	2968140
3922	15836	AF-0000000210755086	shard_1252_batch_1.tar	37798400	229253	2537583104	3846541
3922	16340	AF-0000000210755089	shard_1878_batch_1.tar	115340800	202317	2600486912	3081729
3923	3648	AF-0000000203792623	shard_1674_batch_0.tar	28426752	124283	1323528192	1132793
3923	4830	AF-0000000203792618	shard_1508_batch_0.tar	67882496	79580	397986816	442397
3923	5412	AF-0000000203792617	shard_1516_batch_0.tar	72078848	81118	483693056	478242
3924	13431	AF-0000000210755285	shard_1568_batch_0.tar	84565504	96807	548413440	663016
3926	3927	AF-0000000204658941	shard_1407_batch_0.tar	22813184	27473	82957824	44685
3926	8141	AF-0000000204658931	shard_1409_batch_0.tar	33379328	32546	94699520	72511
3926	8143	AF-0000000204658932	shard_1409_batch_0.tar	8022016	32676	144027648	72321
3926	13215	AF-0000000204658942	shard_1407_batch_0.tar	15291392	27387	85110784	45142
3927	8177	AF-0000000204658915	shard_1409_batch_0.tar	9502208	32289	135221248	66342
3927	13215	AF-0000000204658921	shard_1407_batch_0.tar	17691136	27463	87670784	44849
3929	4327	AF-0000000210755651	shard_1794_batch_0.tar	25602560	163105	1074871296	1939459
3929	5174	AF-0000000210755663	shard_1276_batch_1.tar	102192128	247717	2861717504	4459622
3929	5634	AF-0000000210755669	shard_1808_batch_1.tar	16943104	168183	1916216320	2079765
3929	7068	AF-0000000210755685	shard_1276_batch_1.tar	210946560	246601	916784640	4431807
3929	7164	AF-0000000210755686	shard_1850_batch_0.tar	66932224	187308	380734464	2631465
3929	12103	AF-0000000210755697	shard_1808_batch_1.tar	107655680	168611	2144757248	2096791
3929	15351	AF-0000000210755719	shard_1794_batch_0.tar	13310976	161554	508903424	1976064
3930	3295	AF-0000000210677232	shard_1654_batch_1.tar	23403520	123042	962729984	1039836
3930	4133	AF-0000000210755751	shard_1870_batch_1.tar	66702848	199207	3038019072	2816394
3930	4322	AF-0000000203932326	shard_1654_batch_1.tar	5345792	123008	307090944	1040660
3930	5676	AF-0000000203932325	shard_1484_batch_0.tar	9071104	74404	198575616	330822
3930	7419	AF-0000000203932329	shard_1298_batch_1.tar	129962496	271529	2790984704	5264702
3930	9353	AF-0000000210755784	shard_1840_batch_1.tar	103224320	185234	851358720	2395415
3930	10230	AF-0000000210755786	shard_1302_batch_1.tar	140406784	275062	2736596992	5687223
3931	5821	AF-0000000210755876	shard_1546_batch_2.tar	23600128	88684	372843520	558405
3931	10044	AF-0000000210755957	shard_1600_batch_2.tar	43392512	102769	145643008	766924
3931	12277	AF-0000000210755988	shard_1787_batch_0.tar	69639680	153402	1685740544	1798405
3931	14159	AF-0000000210756017	shard_1730_batch_2.tar	12293632	141010	509451264	1433840
3932	4372	AF-0000000210756094	shard_1251_batch_0.tar	92339712	219443	3031465984	3471118
3932	4889	AF-0000000210756096	shard_1303_batch_0.tar	216793088	268938	5634553856	5302717
3933	4586	AF-0000000210756115	shard_1530_batch_0.tar	28297216	85032	323520512	512075
3933	5980	AF-0000000210756121	shard_1610_batch_0.tar	9942528	108554	382742528	796169
3933	5983	AF-0000000210756123	shard_1602_batch_0.tar	35342848	105980	881873408	767046
3933	6239	AF-0000000210756127	shard_1704_batch_0.tar	36364800	135027	634121728	1296809
3933	6880	AF-0000000210756130	shard_1228_batch_0.tar	82644480	208377	1568571904	3175800
3933	13146	AF-0000000210756132	shard_1684_batch_0.tar	81589248	128211	965419008	1175041
3933	16688	AF-0000000210756137	shard_1838_batch_0.tar	63293952	184351	2366183424	2372856
3936	3089	AF-0000000203577683	shard_1256_batch_0.tar	47344640	229307	3648477184	3818476
3936	3411	AF-0000000203577753	shard_1292_batch_0.tar	211534336	260797	3170662400	4925014
3936	3481	AF-0000000210701861	shard_1246_batch_0.tar	199804928	220532	439876608	3457411
3936	3549	AF-0000000210711128	shard_1304_batch_0.tar	6716928	281677	3363225088	5606337
3936	3592	AF-0000000210716605	shard_1220_batch_0.tar	201315840	205339	1092892160	3012981
3936	3620	AF-0000000203577719	shard_1330_batch_0.tar	86896640	352165	865473536	8528583
3936	4138	AF-0000000210756159	shard_1290_batch_0.tar	260608	261839	2293612032	4698886
3936	4445	AF-0000000210756173	shard_1310_batch_0.tar	10652160	284638	1016960512	6009056
3936	4715	AF-0000000203577752	shard_1250_batch_0.tar	211121664	219899	1614826496	3506729
3936	4765	AF-0000000210756182	shard_1272_batch_0.tar	244830720	243141	2889200640	4283488
3936	4766	AF-0000000210756183	shard_1276_batch_0.tar	178299904	246540	2711304192	4328355
3936	4790	AF-0000000210756184	shard_1232_batch_0.tar	37913088	213411	2767419904	3258673
3936	4806	AF-0000000210756185	shard_1862_batch_0.tar	92923904	193116	1089733120	2688884
3936	4807	AF-0000000203577673	shard_1862_batch_0.tar	20022272	192744	1095236096	2671855
3936	4826	AF-0000000210756186	shard_1332_batch_0.tar	127605760	354258	4472403456	8393813
3936	5004	AF-0000000210756188	shard_1278_batch_0.tar	224264192	245153	1815950848	4336287
3936	5144	AF-0000000203577742	shard_1808_batch_0.tar	74492416	168192	881841664	2044023
3936	5196	AF-0000000210756191	shard_1826_batch_0.tar	30458880	175440	712935424	2220677
3936	5222	AF-0000000210756192	shard_1308_batch_0.tar	164320256	285940	6033714688	5838324
3936	5477	AF-0000000210756196	shard_1280_batch_0.tar	66383360	249547	3797674496	4439516
3936	5768	AF-0000000210756206	shard_1834_batch_0.tar	139621888	181460	982699520	2287359
3936	5821	AF-0000000210756212	shard_1824_batch_0.tar	90923008	175002	2307419136	2163671
3936	6449	AF-0000000203577712	shard_1324_batch_0.tar	87451136	323386	5989113856	7184586
3936	6518	AF-0000000210756227	shard_1316_batch_0.tar	41610752	297484	6008029696	6208212
3936	6534	AF-0000000210756228	shard_1854_batch_0.tar	38089728	189123	2797329920	2530054
3936	6659	AF-0000000203577687	shard_1834_batch_0.tar	151143424	181108	966349312	2319514
3936	6776	AF-0000000210756231	shard_1300_batch_0.tar	130037248	270697	2902263296	5227038
3936	6809	AF-0000000210756232	shard_1260_batch_0.tar	99521536	231789	1818293760	3766209
3936	7048	AF-0000000210756238	shard_1334_batch_0.tar	110909440	373614	3952031744	9877040
3936	10359	AF-0000000210756253	shard_1250_batch_0.tar	166084096	222123	1418014208	3502017
3936	11642	AF-0000000203577750	shard_1278_batch_0.tar	172587520	247843	2973795840	4377889
3936	12049	AF-0000000210756264	shard_1258_batch_0.tar	225832960	228394	3444093952	3683512
3936	12089	AF-0000000203577714	shard_1834_batch_0.tar	7120896	179124	2604278784	2281608
3936	12213	AF-0000000203577744	shard_1830_batch_0.tar	45734912	177595	625272832	2275917
3936	12307	AF-0000000210756266	shard_1810_batch_0.tar	86502912	169742	1920720896	2048646
3936	12322	AF-0000000210756267	shard_1280_batch_0.tar	156844544	247723	3362767360	4358360
3936	12906	AF-0000000203577743	shard_1828_batch_0.tar	136506368	176640	1050731008	2234044
3936	13202	AF-0000000210756274	shard_1274_batch_0.tar	166149120	243042	525162496	4228179
3936	13415	AF-0000000210756275	shard_1332_batch_0.tar	353717760	341147	3033198592	8230424
3936	14162	AF-0000000210756283	shard_1860_batch_0.tar	86035968	190873	3020886016	2608202
3936	15677	AF-0000000210756288	shard_1252_batch_0.tar	186213888	223425	1120856576	3494519
3936	17127	AF-0000000203577670	shard_1276_batch_0.tar	232452096	245319	892941312	4201192
3938	3516	AF-0000000210707293	shard_1558_batch_1.tar	44335616	93368	320675840	596921
3938	4572	AF-0000000210756379	shard_1574_batch_1.tar	68718592	95232	691343872	672021
3938	4858	AF-0000000204210549	shard_1652_batch_2.tar	33161728	117043	450145280	1018530
3938	6812	AF-0000000210756416	shard_1676_batch_2.tar	61356544	125928	180581376	1138429
3938	7467	AF-0000000210756423	shard_1848_batch_2.tar	20418048	183848	1044416000	2474962
3938	7889	AF-0000000204210524	shard_1842_batch_2.tar	49895424	184045	593277952	2415890
3938	9762	AF-0000000210756435	shard_1254_batch_2.tar	59702272	225454	839174656	4022235
3938	10899	AF-0000000204210486	shard_1718_batch_2.tar	8879616	135797	610725376	1390135
3938	11917	AF-0000000204210450	shard_1576_batch_1.tar	92939264	94804	602840064	673778
3938	12434	AF-0000000204210529	shard_1650_batch_2.tar	20398592	117478	337331200	1008544
3938	12835	AF-0000000204210460	shard_1592_batch_1.tar	5670400	102666	839086080	738038
3938	14736	AF-0000000204210522	shard_1708_batch_2.tar	27925504	133897	664326656	1375260
3938	15589	AF-0000000210756471	shard_1636_batch_2.tar	24917504	113318	192741376	923618
3938	15743	AF-0000000204210548	shard_1660_batch_2.tar	13214720	121209	565712896	1056969
3941	4446	AF-0000000210757006	shard_1244_batch_2.tar	37500416	215866	331024384	3492344
3945	3528	AF-0000000203644793	shard_1788_batch_0.tar	98329088	163960	507235328	1879489
3945	16814	AF-0000000210757315	shard_1820_batch_0.tar	148185088	175695	1905486848	2265320
3945	17021	AF-0000000203644794	shard_1814_batch_0.tar	136074752	174186	1965804544	2179395
3946	16042	AF-0000000210757320	shard_1774_batch_0.tar	136384512	156420	1763981312	1780453
3948	4541	AF-0000000210757539	shard_1822_batch_1.tar	101583872	176701	2283503616	2387126
3950	3054	AF-0000000204009227	shard_1762_batch_1.tar	23409664	156915	1286280704	1745370
3950	3574	AF-0000000204009235	shard_1630_batch_1.tar	109878272	115705	1094439936	952073
3950	13312	AF-0000000210757629	shard_1224_batch_1.tar	56400384	210915	1755010048	3273495
3950	16954	AF-0000000210757632	shard_1782_batch_1.tar	101337600	162794	348503040	1910316
3953	4167	AF-0000000204828770	shard_1245_batch_1.tar	100679680	222199	706905088	3669590
3955	4213	AF-0000000210758070	shard_1322_batch_1.tar	189040640	311829	6835644416	6565403
3955	5673	AF-0000000210758077	shard_1832_batch_0.tar	95834112	180761	2208624640	2429824
3955	5952	AF-0000000210758078	shard_1316_batch_1.tar	11979264	291637	3423661568	6342563
3957	4469	AF-0000000210758572	shard_1860_batch_2.tar	58919424	198219	1053067264	2542407
3958	8671	AF-0000000210758752	shard_1237_batch_0.tar	116598784	208778	3502871552	3086061
3958	9700	AF-0000000210758761	shard_1253_batch_0.tar	87339008	223991	1225783808	3472117
3958	15332	AF-0000000210758833	shard_1305_batch_0.tar	58017792	276867	3472939008	5130771
3958	15682	AF-0000000210758839	shard_1291_batch_0.tar	229311488	258081	3786253312	4404263
3959	5702	AF-0000000204710596	shard_1579_batch_0.tar	2839040	101480	528124928	675190
3959	5736	AF-0000000204710604	shard_1637_batch_0.tar	90633216	118328	458166272	975045
3959	5807	AF-0000000204710613	shard_1741_batch_0.tar	70787072	147697	1036411392	1527570
3959	5815	AF-0000000210759290	shard_1741_batch_0.tar	63439360	147489	1706621952	1517797
3959	6293	AF-0000000210759301	shard_1237_batch_0.tar	162409984	218629	2848715264	3492031
3959	9328	AF-0000000210759315	shard_1743_batch_0.tar	30803456	148291	690123264	1578754
3959	12418	AF-0000000210759331	shard_1239_batch_0.tar	20000768	221789	1562902016	3494495
3959	13230	AF-0000000210759338	shard_1265_batch_0.tar	86005248	242896	1562278400	4229817
3959	13553	AF-0000000204710611	shard_1743_batch_0.tar	141871104	147782	1407245312	1545841
3959	13679	AF-0000000210759344	shard_1237_batch_0.tar	62191616	220904	3582859776	3592087
3959	13704	AF-0000000210759345	shard_1723_batch_0.tar	134326784	140000	1567893504	1394951
3959	13768	AF-0000000204710615	shard_1741_batch_0.tar	47980032	147867	429597696	1510589
3959	14889	AF-0000000204710568	shard_1731_batch_0.tar	26092032	144664	1410990080	1482663
3959	16122	AF-0000000210759364	shard_1833_batch_0.tar	63760896	183899	2286709760	2432357
3960	5173	AF-0000000203939694	shard_1852_batch_1.tar	110895616	193131	2401142784	2676833
3962	3542	AF-0000000204164282	shard_1494_batch_1.tar	13665792	76168	286667264	372091
3962	4233	AF-0000000204164242	shard_1548_batch_1.tar	21662208	84755	247383552	546758
3962	5893	AF-0000000210759422	shard_1492_batch_1.tar	59673088	71430	214370816	370251
3962	6599	AF-0000000210759433	shard_1734_batch_2.tar	24003584	144541	624134144	1467608
3962	7664	AF-0000000210759444	shard_1690_batch_1.tar	1444352	132863	1391797248	1251994
3962	9814	AF-0000000204164290	shard_1850_batch_2.tar	71779840	186846	1139048960	2361592
3962	11684	AF-0000000210759465	shard_1474_batch_1.tar	15334912	69025	270919680	327568
3962	13966	AF-0000000210759479	shard_1728_batch_2.tar	425984	131204	714610176	1347998
3962	14350	AF-0000000204164262	shard_1480_batch_1.tar	51106816	71144	161470464	341208
3962	14492	AF-0000000204164267	shard_1520_batch_1.tar	73402880	84769	461849088	493631
3962	15030	AF-0000000210759486	shard_1504_batch_1.tar	51815936	80959	262402048	438114
3962	16545	AF-0000000210759495	shard_1301_batch_0.tar	110739456	251885	3996957184	4953334
3963	4069	AF-0000000204594795	shard_1409_batch_0.tar	4080640	35718	113091584	69111
3963	4092	AF-0000000204594799	shard_1409_batch_0.tar	12242432	37273	140407296	73391
3963	4193	AF-0000000204594797	shard_1409_batch_0.tar	34312192	36604	103651840	70145
3963	4405	AF-0000000210759819	shard_1409_batch_0.tar	15334912	35992	126197760	66006
3963	4406	AF-0000000204594798	shard_1409_batch_0.tar	2873856	37339	143655424	73501
3963	5615	AF-0000000204594803	shard_1409_batch_0.tar	28599296	36655	68763648	69576
3963	6475	AF-0000000210759823	shard_1705_batch_0.tar	123455488	133918	312176128	1206847
3963	11872	AF-0000000204594796	shard_1409_batch_0.tar	6859264	37058	109443072	71584
3965	16585	AF-0000000203931889	shard_1286_batch_1.tar	98750464	255879	1123462656	4888569
3966	4878	AF-0000000210760124	shard_1846_batch_1.tar	56385024	187406	1758226944	2418616
3966	7340	AF-0000000210760133	shard_1856_batch_1.tar	156306944	191745	2214430720	2616067
3968	5311	AF-0000000210760266	shard_1787_batch_0.tar	114150400	163714	1384119296	1864969
3969	3018	AF-0000000210609400	shard_1462_batch_2.tar	30872576	65693	105927680	288778
3969	5611	AF-0000000210760509	shard_1456_batch_2.tar	8456704	62681	141716992	263630
3969	5789	AF-0000000210760564	shard_1556_batch_2.tar	20084736	93743	224815104	610071
3969	8196	AF-0000000210760687	shard_1243_batch_0.tar	87897088	219465	1263219712	3314653
3969	9352	AF-0000000210760721	shard_1845_batch_0.tar	143980032	186998	993861120	2514477
3969	16974	AF-0000000210760998	shard_1450_batch_2.tar	13870080	60882	77958656	247156
3970	3421	AF-0000000204029130	shard_1520_batch_1.tar	34579456	83969	380525568	468994
3970	3530	AF-0000000204029131	shard_1556_batch_1.tar	3138560	92375	508978176	573834
3970	3531	AF-0000000204029132	shard_1504_batch_1.tar	47248384	79309	173213696	413308
3970	3570	AF-0000000210713666	shard_1740_batch_1.tar	37540864	139646	412462592	1374444
3970	4854	AF-0000000204029127	shard_1474_batch_1.tar	61458432	67554	345631232	313534
3970	13314	AF-0000000210761015	shard_1754_batch_1.tar	21377536	146404	1353142272	1463013
3970	15273	AF-0000000210761017	shard_1824_batch_1.tar	97278464	174287	414916096	2175437
3972	4880	AF-0000000210761025	shard_1764_batch_1.tar	142509568	157733	1584430080	1805958
3973	3967	AF-0000000203804156	shard_1858_batch_1.tar	51145216	190063	1253622784	2527801
3973	13572	AF-0000000203804160	shard_1532_batch_0.tar	57659904	87880	326868992	528629
3973	13771	AF-0000000210761066	shard_1462_batch_0.tar	22707712	63663	181480960	288618
3973	16726	AF-0000000203804158	shard_1548_batch_0.tar	88458240	92281	643407360	549433
3975	3300	AF-0000000210678452	shard_1268_batch_1.tar	195277824	244122	2244537856	4242700
3975	4322	AF-0000000210761100	shard_1744_batch_1.tar	140022784	149271	1467640832	1600917
3975	4323	AF-0000000210761101	shard_1762_batch_1.tar	120161792	153774	1949170688	1721517
3975	4491	AF-0000000210761103	shard_1306_batch_1.tar	87688192	272977	1525151232	5269483
3975	4790	AF-0000000210761109	shard_1766_batch_1.tar	94035968	156205	1693803520	1756178
3975	5072	AF-0000000210761113	shard_1666_batch_1.tar	55165440	124937	1279988224	1056870
3975	6003	AF-0000000210761128	shard_1794_batch_1.tar	33212416	165352	977068544	1937223
3975	7739	AF-0000000210761139	shard_1784_batch_1.tar	98752000	161322	1964583936	1908927
3975	17016	AF-0000000210761166	shard_1314_batch_1.tar	96824832	281558	992945664	5886396
3977	5768	AF-0000000210761286	shard_1750_batch_2.tar	66736128	154003	371935744	1610277
3978	6413	AF-0000000210761327	shard_1337_batch_0.tar	93615616	393874	2293485056	10741850
3980	7130	AF-0000000210761535	shard_1848_batch_0.tar	112488960	188882	459098624	2416655
3980	8582	AF-0000000210761543	shard_1272_batch_0.tar	210816000	243086	556876288	4024498
3980	9598	AF-0000000210761546	shard_1326_batch_0.tar	320922112	328634	6751826432	7185248
3980	12872	AF-0000000210761563	shard_1242_batch_0.tar	108748800	220832	3111965184	3403405
3980	14708	AF-0000000210761574	shard_1226_batch_0.tar	14837760	212756	433162752	2989860
3981	4232	AF-0000000210761605	shard_1495_batch_0.tar	31531520	76591	489604096	396363
3981	4768	AF-0000000210761609	shard_1503_batch_0.tar	6203392	77111	415439872	414834
3981	13530	AF-0000000210761619	shard_1501_batch_0.tar	73328128	79893	482200064	417022
3981	15793	AF-0000000210761621	shard_1509_batch_0.tar	63685120	82790	385350656	446907
3981	17303	AF-0000000210761623	shard_1465_batch_0.tar	1883648	67855	394554368	301006
3982	4586	AF-0000000210761629	shard_1528_batch_1.tar	34233344	83723	296602112	501242
3984	6544	AF-0000000210761729	shard_1879_batch_0.tar	117885952	197064	2052104192	2932540
3985	3118	AF-0000000203837099	shard_1416_batch_0.tar	3518464	43318	144793600	112208
3985	4407	AF-0000000203841049	shard_1418_batch_0.tar	13590016	44615	132869120	131645
3985	5469	AF-0000000203841055	shard_1418_batch_0.tar	12938752	44665	204595200	132442
3985	5738	AF-0000000203848109	shard_1414_batch_0.tar	31271424	41475	181237760	108391
3985	5739	AF-0000000203841050	shard_1418_batch_0.tar	24606720	44588	167973376	131514
3985	8211	AF-0000000203841056	shard_1420_batch_0.tar	24794624	47465	118695936	141212
3985	10470	AF-0000000203841054	shard_1418_batch_0.tar	1019392	44727	164458496	131483
3985	12150	AF-0000000203841051	shard_1418_batch_0.tar	38387712	44553	106393600	131581
3985	13350	AF-0000000203841057	shard_1412_batch_0.tar	25046016	41213	84273152	103965
3985	13468	AF-0000000203841053	shard_1418_batch_0.tar	39647744	44601	169241088	131873
3985	13470	AF-0000000203841052	shard_1418_batch_0.tar	44638208	44622	105869824	131827
3986	5606	AF-0000000203630966	shard_1544_batch_0.tar	24838656	90371	672214016	511094
3986	5792	AF-0000000203630967	shard_1544_batch_0.tar	69000192	90420	487080448	506065
3986	8914	AF-0000000210761950	shard_1872_batch_0.tar	17731072	200408	2168140800	2746909
3986	10079	AF-0000000210761953	shard_1602_batch_0.tar	56033280	106263	801207296	801668
3986	12176	AF-0000000210761961	shard_1728_batch_0.tar	99094528	143177	1362834432	1443586
3988	4587	AF-0000000210762126	shard_1668_batch_1.tar	27074048	125358	1059298304	1020388
3988	4836	AF-0000000210762135	shard_1734_batch_1.tar	95009280	145138	1333681152	1464262
3988	5611	AF-0000000210762149	shard_1654_batch_1.tar	56991744	121564	409693184	948665
3988	5789	AF-0000000210762174	shard_1756_batch_1.tar	82929664	151566	1225590784	1565156
3988	12872	AF-0000000210762233	shard_1844_batch_1.tar	120789504	188409	2221504512	2390169
3988	13144	AF-0000000210762234	shard_1872_batch_1.tar	5242880	200387	2018960896	2782924
3988	16273	AF-0000000210762261	shard_1314_batch_1.tar	30398976	287343	3493890048	5689304
3988	16748	AF-0000000210762265	shard_1852_batch_1.tar	60368896	194451	2895533568	2532083
3989	7173	AF-0000000210762398	shard_1564_batch_0.tar	14513664	93617	247575040	660935
3991	3228	AF-0000000203918417	shard_1584_batch_1.tar	69084672	101327	371650560	735229
3991	5606	AF-0000000203918416	shard_1710_batch_1.tar	71096320	136090	1172282368	1341601
3993	4826	AF-0000000210763210	shard_1312_batch_2.tar	76095488	290848	1345785344	5790532
3993	6389	AF-0000000210763217	shard_1846_batch_2.tar	93313536	181292	760377344	2348060
3993	6809	AF-0000000210763220	shard_1810_batch_2.tar	11369984	169862	1089564672	1964309
3994	17121	AF-0000000210763268	shard_1560_batch_1.tar	65148416	94872	681362944	614127
3995	7192	AF-0000000210763287	shard_1645_batch_0.tar	95341568	117006	883320320	963821
3995	9612	AF-0000000210763293	shard_1501_batch_0.tar	42323968	73895	476101120	369820
3995	14367	AF-0000000210763306	shard_1481_batch_0.tar	4945408	70871	155571200	332493
3997	3435	AF-0000000210696927	shard_1740_batch_0.tar	98055680	143716	1723632640	1404304
3997	4617	AF-0000000210763396	shard_1728_batch_1.tar	115919872	138907	761896960	1358466
4008	3282	AF-0000000210675421	shard_1562_batch_1.tar	92292096	94854	785119744	603609
4011	3084	AF-0000000203665832	shard_1406_batch_0.tar	4414976	31236	100035072	51052
4011	3270	AF-0000000203665835	shard_1406_batch_0.tar	29629952	29803	94288896	46984
4011	3572	AF-0000000203665834	shard_1406_batch_0.tar	19302912	29272	94799872	43723
4013	3574	AF-0000000204008672	shard_1642_batch_1.tar	16950272	117710	469916672	959755
4014	3011	AF-0000000203588299	shard_1234_batch_0.tar	6094848	215323	3590453248	3560751
4014	3362	AF-0000000210686305	shard_1578_batch_0.tar	43419136	100614	702321152	656573
4018	3910	AF-0000000210753521	shard_1788_batch_1.tar	19127296	160773	1671203840	1758345
4018	3976	AF-0000000210761169	shard_1322_batch_1.tar	79463424	318306	5966786048	7125826
4022	3448	AF-0000000210697769	shard_1470_batch_0.tar	57849344	68795	324795392	322663
4023	3735	AF-0000000210732543	shard_1456_batch_0.tar	24578048	64697	369538560	265502
4024	3228	AF-0000000203567293	shard_1566_batch_0.tar	41391104	95483	454432768	622182
4024	3591	AF-0000000210716327	shard_1766_batch_0.tar	11557888	154292	1049233920	1717455
4028	3657	AF-0000000210723281	shard_1238_batch_1.tar	208019456	222613	2088304640	3520111
4029	3045	AF-0000000210612171	shard_1719_batch_0.tar	69770240	132383	1319071744	1336662
4033	3092	AF-0000000210617878	shard_1316_batch_0.tar	162072576	304457	6800522240	6503973
4035	3799	AF-0000000210741220	shard_1654_batch_0.tar	44358656	121652	444970496	998278
4035	3933	AF-0000000210756113	shard_1606_batch_0.tar	72162304	106783	620482560	775703
4037	3057	AF-0000000203667228	shard_1500_batch_0.tar	56752128	77650	361167360	415182
4037	3265	AF-0000000203667230	shard_1496_batch_0.tar	59394048	77403	517372416	395906
4037	3266	AF-0000000203667203	shard_1492_batch_0.tar	6484480	75947	322918400	388408
4037	3419	AF-0000000203667204	shard_1492_batch_0.tar	50237440	76167	154165248	388605
4037	3429	AF-0000000203667205	shard_1492_batch_0.tar	45197312	75948	409609728	392168
4037	3614	AF-0000000203667211	shard_1492_batch_0.tar	47256576	75943	486989824	390649
4037	3779	AF-0000000203667213	shard_1500_batch_0.tar	1267712	77668	276899328	414506
4037	3780	AF-0000000203667214	shard_1500_batch_0.tar	1422336	77661	403722752	413825
4038	3057	AF-0000000203667296	shard_1504_batch_0.tar	48600064	79041	477568512	430829
4038	3266	AF-0000000203667279	shard_1498_batch_0.tar	56318976	77319	153977344	408208
4038	3419	AF-0000000203667280	shard_1498_batch_0.tar	10728448	77399	521571328	407556
4038	3429	AF-0000000203667281	shard_1498_batch_0.tar	57960960	77022	490042880	408258
4038	3614	AF-0000000203667285	shard_1498_batch_0.tar	22368768	77471	279963648	409244
4038	3779	AF-0000000203667286	shard_1506_batch_0.tar	64006656	79239	163277312	431006
4041	3867	AF-0000000203784010	shard_1638_batch_0.tar	87972864	116102	670482944	1004635
4042	3867	AF-0000000203783979	shard_1638_batch_0.tar	27289088	114956	1033512448	1001712
4046	3837	AF-0000000210745854	shard_1582_batch_0.tar	13433856	101935	463889920	717280
4047	3812	AF-0000000210742722	shard_1542_batch_1.tar	57793536	92062	290775552	573391
4052	3121	AF-0000000210655570	shard_1512_batch_1.tar	51164672	79995	191707648	457332
4052	3573	AF-0000000210714306	shard_1590_batch_1.tar	2713088	99107	882305536	714179
4052	3982	AF-0000000210761625	shard_1552_batch_1.tar	45377024	89975	295370752	582473
4052	3996	AF-0000000210763317	shard_1628_batch_1.tar	76209664	109376	933486080	860574
4052	3997	AF-0000000210763388	shard_1608_batch_1.tar	72354816	105631	614035968	781256
4055	3124	AF-0000000204484387	shard_1406_batch_2.tar	11355648	32634	44538368	57587
4055	3803	AF-0000000210741557	shard_1446_batch_1.tar	44009472	58103	144113664	229716
4058	3215	AF-0000000210669748	shard_1778_batch_0.tar	64504320	158356	1223785472	1891510
4058	3216	AF-0000000210669886	shard_1778_batch_0.tar	115826688	158253	1342755328	1902965
4058	3319	AF-0000000210681660	shard_1780_batch_0.tar	76741632	159097	1160974848	1885251
4058	3648	AF-0000000210721572	shard_1780_batch_0.tar	33671680	159482	375117312	1873953
4059	3167	AF-0000000210656830	shard_1552_batch_0.tar	64374784	92669	447560192	594022
4059	3216	AF-0000000210669887	shard_1772_batch_0.tar	54116352	154454	542135296	1783414
4059	3319	AF-0000000210681661	shard_1774_batch_0.tar	102200832	155730	393649152	1800289
4067	3672	AF-0000000210724636	shard_1516_batch_1.tar	34993664	80396	525884928	469298
4067	3997	AF-0000000210763391	shard_1580_batch_1.tar	24494080	99535	605064704	688637
4073	3077	AF-0000000210615725	shard_1252_batch_1.tar	76822528	231330	1140837888	3811414
4073	3409	AF-0000000210692654	shard_1754_batch_1.tar	149625856	153129	1559927296	1725624
4073	3778	AF-0000000210738735	shard_1222_batch_1.tar	155761664	204273	3116731904	3190067
4075	3011	AF-0000000210608927	shard_1314_batch_1.tar	203544576	289889	4252499456	6699046
4075	3329	AF-0000000210682903	shard_1320_batch_1.tar	18869248	308059	2905472000	7500048
4075	3434	AF-0000000210696854	shard_1312_batch_1.tar	191697408	290626	1036193280	6673902
4075	3659	AF-0000000210723590	shard_1322_batch_1.tar	110710272	311580	5845532160	7747498
4075	3827	AF-0000000210745401	shard_1322_batch_1.tar	86370304	310054	3644263936	7516940
4075	3828	AF-0000000210745451	shard_1322_batch_1.tar	84807680	309041	6932783616	7532186
4076	3011	AF-0000000210608928	shard_1312_batch_1.tar	19029504	287381	3468852736	6433674
4076	3329	AF-0000000210682904	shard_1318_batch_1.tar	65769472	305932	4725810688	7223038
4076	3434	AF-0000000210696855	shard_1310_batch_1.tar	61289472	287643	4503393792	6381904
4076	3659	AF-0000000210723591	shard_1320_batch_1.tar	14837760	309391	1515631616	7513414
4076	3827	AF-0000000210745402	shard_1320_batch_1.tar	304031232	307691	3474878976	7236717
4076	3828	AF-0000000210745452	shard_1320_batch_1.tar	65028608	306981	1810759168	7308416
4078	3700	AF-0000000204010906	shard_1792_batch_1.tar	138509824	169539	1747871744	1999085
4079	3980	AF-0000000210761481	shard_1305_batch_0.tar	35611648	280681	4147729920	5389626
4083	3009	AF-0000000210607904	shard_1749_batch_0.tar	101971968	151607	813787648	1518905
4083	3481	AF-0000000210701864	shard_1771_batch_0.tar	8354304	156521	1703025664	1664159
4091	3029	AF-0000000210610383	shard_1618_batch_0.tar	14513664	110873	782012416	855240
4092	3803	AF-0000000210741563	shard_1434_batch_2.tar	9284096	53966	57844224	187514
4095	3579	AF-0000000210715046	shard_1636_batch_2.tar	44454400	111710	478912512	944945
4103	3453	AF-0000000204067305	shard_1564_batch_1.tar	90676736	98180	647954944	651291
4107	3976	AF-0000000210761171	shard_1274_batch_1.tar	103989248	253748	3275505152	4553968
4109	3952	AF-0000000203646706	shard_1468_batch_0.tar	2971136	70049	237883904	276907
4116	3988	AF-0000000210762117	shard_1720_batch_0.tar	22751232	140664	1283116032	1328289
4118	3541	AF-0000000210710040	shard_1734_batch_1.tar	119518208	143589	1531246080	1428628
4118	3675	AF-0000000210725013	shard_1820_batch_1.tar	144119808	171009	2026305024	2198576
4118	3881	AF-0000000210749668	shard_1534_batch_1.tar	28701184	88275	392703488	526838
4122	3417	AF-0000000210694895	shard_1452_batch_0.tar	11151360	60535	273979904	258055
4122	3560	AF-0000000210712408	shard_1552_batch_0.tar	24598528	94831	530997760	621403
4122	3682	AF-0000000210725774	shard_1466_batch_0.tar	56406016	64975	320050176	286844
4122	3786	AF-0000000210739750	shard_1240_batch_0.tar	70435840	219414	3738659328	3676436
4128	3571	AF-0000000210713825	shard_1734_batch_2.tar	69210112	142905	606323200	1484900
4132	3319	AF-0000000210681675	shard_1812_batch_0.tar	110950400	172910	351686144	2218521
4132	3879	AF-0000000203569840	shard_1674_batch_0.tar	6895616	128427	1011448832	1145718
4135	3880	AF-0000000210749572	shard_1758_batch_0.tar	40150528	152659	538973696	1700482
4137	3487	AF-0000000210702393	shard_1712_batch_1.tar	78317568	140800	667595776	1379240
4137	3910	AF-0000000210753523	shard_1564_batch_1.tar	92724224	98914	740080640	675133
4144	3277	AF-0000000210674227	shard_1594_batch_0.tar	88590848	105008	710378496	803368
4144	3453	AF-0000000203698612	shard_1590_batch_0.tar	102158848	104406	659774464	789320
4144	3454	AF-0000000203698604	shard_1540_batch_0.tar	7533056	91006	236986880	569611
4144	3515	AF-0000000203698614	shard_1790_batch_0.tar	16165376	162092	2114180608	1937905
4144	3683	AF-0000000210725890	shard_1578_batch_0.tar	55202304	101758	861857792	741687
4144	3788	AF-0000000203698605	shard_1534_batch_0.tar	23695360	89002	223986176	553487
4145	3454	AF-0000000203698658	shard_1542_batch_0.tar	68521984	91015	503815168	593180
4150	3049	AF-0000000210612655	shard_1492_batch_0.tar	12014592	77444	503819776	314482
4150	3050	AF-0000000210612668	shard_1486_batch_0.tar	44170752	74747	334041088	296236
4150	3067	AF-0000000210614392	shard_1490_batch_0.tar	13899776	76874	265329152	301185
4150	3858	AF-0000000210747184	shard_1492_batch_0.tar	25096192	78532	347302912	316430
4162	3584	AF-0000000203464459	shard_1714_batch_0.tar	42415104	135284	865382912	1217436
4163	3133	AF-0000000210655749	shard_1720_batch_1.tar	70781952	137663	1520301568	1385697
4163	3516	AF-0000000210707299	shard_1712_batch_1.tar	92987904	136343	481774080	1316064
4171	3577	AF-0000000210714677	shard_1806_batch_1.tar	163428352	165247	1210556928	1893637
4173	3676	AF-0000000210725085	shard_1704_batch_0.tar	121069056	138966	1519265792	1296808
4174	3511	AF-0000000210706573	shard_1752_batch_1.tar	34272768	154611	439269888	1681185
4174	3718	AF-0000000210730513	shard_1760_batch_1.tar	153417216	159094	1894509056	1757514
4175	3281	AF-0000000210674995	shard_1578_batch_1.tar	46378496	101066	381289472	687271
4175	3541	AF-0000000210710043	shard_1724_batch_1.tar	39712256	140975	1122539520	1375066
4175	3623	AF-0000000210721025	shard_1656_batch_1.tar	24041472	120430	743586304	1007988
4175	3650	AF-0000000210722215	shard_1506_batch_1.tar	9134592	80350	279114240	420677
4175	3673	AF-0000000210724697	shard_1714_batch_1.tar	132796416	136384	583531008	1322656
4175	3731	AF-0000000210732221	shard_1544_batch_1.tar	20097024	92748	512691712	575517
4179	3636	AF-0000000210721278	shard_1828_batch_1.tar	6312448	178963	883474432	2196639
4179	3637	AF-0000000210721333	shard_1886_batch_1.tar	146222592	208918	2137577984	2993463
4180	3309	AF-0000000210679483	shard_1785_batch_0.tar	60683776	158677	1237830144	1822832
4180	3435	AF-0000000210696928	shard_1783_batch_0.tar	109313536	155740	1113523200	1763394
4182	3799	AF-0000000210741221	shard_1269_batch_0.tar	203465216	242524	2122376192	4332013
4183	3221	AF-0000000210670358	shard_1670_batch_1.tar	92639744	120802	627679744	1126306
4189	3265	AF-0000000210672842	shard_1635_batch_0.tar	89263616	111147	1029795328	896346
4189	3981	AF-0000000210761604	shard_1681_batch_0.tar	40996352	124928	424007168	1126153
4194	3751	AF-0000000210734711	shard_1295_batch_0.tar	31365632	268591	876934656	5005847
4196	3254	AF-0000000204696620	shard_1517_batch_0.tar	248832	82940	610178560	466105
4197	3899	AF-0000000210751447	shard_1862_batch_1.tar	70712320	196790	1351753216	2770004
4198	3100	AF-0000000210618540	shard_1306_batch_2.tar	58295808	277864	2652590592	5781016
4205	3843	AF-0000000210746030	shard_1854_batch_0.tar	84200960	191457	777262080	2647522
4206	3843	AF-0000000210746031	shard_1856_batch_0.tar	50806272	193979	1719677952	2685288
4207	3843	AF-0000000210746032	shard_1862_batch_0.tar	188567552	195285	2362658816	2801414
4210	3729	AF-0000000204067068	shard_1754_batch_1.tar	47859200	148866	606286848	1602170
4218	3017	AF-0000000203907499	shard_1512_batch_0.tar	52572672	82774	571339776	458448
4218	3681	AF-0000000210725663	shard_1622_batch_1.tar	70321664	109629	646880768	867959
4220	3228	AF-0000000210670614	shard_1236_batch_2.tar	106794496	216470	1570694656	3538567
4221	3228	AF-0000000210670615	shard_1282_batch_2.tar	751104	256230	2457285632	4839334
4225	3483	AF-0000000210702084	shard_1246_batch_2.tar	48155136	224708	272547328	3530583
4226	3605	AF-0000000210718217	shard_1311_batch_1.tar	289078272	291983	3691408896	6176504
4226	3976	AF-0000000204767103	shard_1335_batch_0.tar	8270848	378701	10299201024	10953113
4228	3448	AF-0000000210697776	shard_1498_batch_0.tar	52813312	77344	315537920	409144
4231	3327	AF-0000000210682706	shard_1664_batch_1.tar	117739008	120865	446119936	951260
4231	3895	AF-0000000210751025	shard_1682_batch_1.tar	9191424	126901	715709952	1061113
4236	3609	AF-0000000210718519	shard_1636_batch_0.tar	23160320	117499	671465472	903429
4236	3880	AF-0000000210749573	shard_1638_batch_0.tar	40223744	117899	746341376	956786
4239	3319	AF-0000000210681679	shard_1746_batch_0.tar	147972096	146349	1730775040	1641123
4239	3442	AF-0000000210697449	shard_1744_batch_0.tar	101924352	148813	1780589056	1660350
4240	3771	AF-0000000204171948	shard_1484_batch_1.tar	41095168	74668	333331968	357133
4247	3247	AF-0000000210671759	shard_1486_batch_1.tar	53252096	75181	451708928	349442
4247	3251	AF-0000000210671942	shard_1486_batch_1.tar	51976704	74927	391668224	348436
4250	3247	AF-0000000204131191	shard_1498_batch_1.tar	50451968	79531	478337024	390707
4250	3251	AF-0000000204131193	shard_1498_batch_1.tar	52186112	79525	542352896	392339
4250	3650	AF-0000000210722216	shard_1430_batch_1.tar	25084416	52158	137378304	163129
4256	3851	AF-0000000210746321	shard_1418_batch_0.tar	15157760	46230	163694592	125642
4258	3853	AF-0000000210746559	shard_1822_batch_0.tar	54596608	179625	364933120	2198423
4273	3657	AF-0000000210723289	shard_1281_batch_1.tar	43099136	252125	1862213120	4634629
4275	3334	AF-0000000210683089	shard_1774_batch_0.tar	80624128	160437	770933248	1866061
4275	3687	AF-0000000203465457	shard_1774_batch_0.tar	11270144	160446	1808264192	1871487
4286	3880	AF-0000000210749574	shard_1646_batch_0.tar	108684800	119417	984413696	1006200
4289	3419	AF-0000000203658695	shard_1648_batch_0.tar	66142720	115838	429252608	1029259
4293	3022	AF-0000000210609822	shard_1651_batch_0.tar	6708224	120616	739663872	1026789
4294	3107	AF-0000000203835391	shard_1225_batch_0.tar	138477056	214213	1373070848	3315545
4294	3579	AF-0000000204441753	shard_1229_batch_0.tar	141835264	214599	483282944	3385099
4295	3334	AF-0000000210683090	shard_1786_batch_0.tar	64672256	165051	785853952	1978329
4295	3687	AF-0000000210726248	shard_1786_batch_0.tar	7817728	164780	1845381120	1994198
4299	3284	AF-0000000204088608	shard_1704_batch_1.tar	123845632	135093	1378769920	1383025
4302	3414	AF-0000000210694283	shard_1709_batch_0.tar	18537984	135730	508124672	1302987
4302	3890	AF-0000000210750858	shard_1763_batch_0.tar	136426496	151544	1672856576	1550943
4303	3986	AF-0000000203637401	shard_1594_batch_0.tar	15387136	103549	637080576	703164
4306	3018	AF-0000000204005174	shard_1650_batch_1.tar	85525504	120600	773907456	1026059
4312	3038	AF-0000000203884656	shard_1514_batch_1.tar	81026048	80837	196437504	430775
4312	3666	AF-0000000203884653	shard_1512_batch_0.tar	10751488	80573	382699008	424724
4321	3131	AF-0000000210655738	shard_1591_batch_0.tar	16615424	99571	937672192	683785
4323	3295	AF-0000000210677241	shard_1690_batch_1.tar	10688512	131836	1331463168	1267714
4323	3676	AF-0000000210725091	shard_1676_batch_1.tar	121260544	128139	964959744	1139630
4323	3930	AF-0000000203932124	shard_1676_batch_1.tar	769536	127994	367816704	1149556
4334	3322	AF-0000000210682492	shard_1849_batch_0.tar	31052288	183764	1947925504	2634421
4336	3511	AF-0000000203801349	shard_1750_batch_1.tar	45425664	151989	874975232	1662126
4336	3718	AF-0000000210730515	shard_1760_batch_1.tar	50683904	156652	687868416	1748647
4338	3319	AF-0000000210681690	shard_1804_batch_0.tar	157159424	168421	1648114688	2134050
4340	3013	AF-0000000210609094	shard_1764_batch_0.tar	85461504	157814	863646720	1670828
4341	3329	AF-0000000210682909	shard_1272_batch_1.tar	71680000	246267	556430848	4404138
4341	3976	AF-0000000210761176	shard_1272_batch_1.tar	203155456	252140	2605165056	4462052
4342	3938	AF-0000000204210050	shard_1758_batch_2.tar	72953856	148529	826029056	1538677
4346	3009	AF-0000000210607915	shard_1682_batch_1.tar	75774464	128785	1202215424	1119538
4347	3009	AF-0000000210607916	shard_1734_batch_1.tar	4195328	146048	616275968	1421169
4347	3728	AF-0000000210731615	shard_1728_batch_1.tar	7601152	139099	1389728256	1447763
4349	3803	AF-0000000210741580	shard_1498_batch_0.tar	50871296	76297	378749440	405373
4350	3012	AF-0000000210608992	shard_1668_batch_0.tar	115623424	123141	371387392	1085821
4350	3764	AF-0000000210736788	shard_1650_batch_0.tar	61109760	118447	277582336	1006332
4350	3988	AF-0000000210762121	shard_1722_batch_0.tar	118316544	140611	524366336	1347049
4351	3216	AF-0000000210669910	shard_1855_batch_0.tar	10995200	191226	1413586432	2763302
4351	3319	AF-0000000210681692	shard_1857_batch_0.tar	141088768	192249	1371235328	2788502
4352	3357	AF-0000000204595440	shard_1409_batch_0.tar	377856	36782	126704128	80768
4353	3429	AF-0000000210696095	shard_1472_batch_0.tar	20621824	68823	288138752	319792
4361	3719	AF-0000000210730558	shard_1599_batch_0.tar	23132160	104989	832661504	795548
4365	3057	AF-0000000203589622	shard_1502_batch_0.tar	3409920	79717	334792704	426675
4365	3265	AF-0000000203589625	shard_1498_batch_0.tar	26129408	79483	369925120	408775
4365	3266	AF-0000000203589597	shard_1494_batch_0.tar	35950080	77835	161878016	385886
4365	3419	AF-0000000203589598	shard_1494_batch_0.tar	3456512	77884	322783232	382232
4365	3429	AF-0000000203589599	shard_1494_batch_0.tar	5927936	77774	337822720	385576
4365	3614	AF-0000000203589605	shard_1496_batch_0.tar	17217024	77892	230775808	386298
4365	3779	AF-0000000203589607	shard_1502_batch_0.tar	45971968	79780	165812736	425089
4365	3806	AF-0000000210742100	shard_1700_batch_0.tar	110322688	132250	533268992	1274780
4367	3266	AF-0000000203590348	shard_1506_batch_0.tar	12792832	80224	432793600	448511
4367	3419	AF-0000000203590349	shard_1506_batch_0.tar	24933888	80371	422498816	446813
4367	3429	AF-0000000203590350	shard_1506_batch_0.tar	64734720	80212	261441024	444181
4367	3614	AF-0000000203590359	shard_1508_batch_0.tar	52380160	80418	210450432	449131
4369	3687	AF-0000000210726249	shard_1790_batch_0.tar	63082496	166299	810698240	1987535
4371	3057	AF-0000000210613310	shard_1512_batch_0.tar	11908096	80992	238193152	463346
4371	3265	AF-0000000210672843	shard_1508_batch_0.tar	47511040	80866	410230784	448435
4371	3779	AF-0000000210739069	shard_1512_batch_0.tar	44599296	81160	387251200	464250
4382	3703	AF-0000000210728575	shard_1227_batch_0.tar	68739584	215086	1073631744	3247822
4385	3515	AF-0000000203710587	shard_1304_batch_0.tar	131666944	271855	5215392768	5304571
4386	3976	AF-0000000210761177	shard_1326_batch_1.tar	213297152	329452	5226913280	7736429
4388	3329	AF-0000000210682911	shard_1298_batch_1.tar	248540672	271277	4991002624	5629016
4388	3827	AF-0000000210745411	shard_1302_batch_1.tar	16009216	273617	2916152320	5751583
4396	3391	AF-0000000210689800	shard_1230_batch_1.tar	65938944	214666	2736773632	3079284
4401	3348	AF-0000000210684648	shard_1622_batch_0.tar	66030592	107614	477931520	867776
4404	3303	AF-0000000210678586	shard_1526_batch_0.tar	25691648	88172	207188480	503420
4404	3598	AF-0000000210717770	shard_1528_batch_0.tar	27583488	87523	517853696	517138
4407	3118	AF-0000000210655297	shard_1416_batch_0.tar	30139392	43330	144203264	112306
4415	3452	AF-0000000210698188	shard_1662_batch_0.tar	20279296	122423	397456896	994431
4415	3494	AF-0000000203792851	shard_1230_batch_1.tar	111332352	215930	761467392	3428283
4418	3538	AF-0000000204611571	shard_1685_batch_0.tar	14165504	133369	1416081920	1170591
4420	3704	AF-0000000210728719	shard_1708_batch_0.tar	104010752	138469	407494656	1397911
4423	3511	AF-0000000203801218	shard_1764_batch_1.tar	72294912	156525	1319744512	1761226
4423	3718	AF-0000000210730517	shard_1772_batch_1.tar	43819520	161313	900604416	1838765
4427	3319	AF-0000000210681697	shard_1222_batch_1.tar	172870144	204156	2257605632	3225406
4427	3806	AF-0000000210742102	shard_1826_batch_1.tar	22165504	173363	2284965376	2308758
4428	3215	AF-0000000210669756	shard_1264_batch_1.tar	224834048	236184	466678272	4237756
4428	3216	AF-0000000210669913	shard_1264_batch_1.tar	3809280	235830	3601936896	4233074
4428	3316	AF-0000000210680875	shard_1268_batch_1.tar	153923584	239467	2700085248	4330939
4428	3319	AF-0000000210681698	shard_1266_batch_1.tar	228944896	237372	1589834240	4264573
4428	3509	AF-0000000210705260	shard_1282_batch_1.tar	100045312	244978	3770635776	4586993
4428	3648	AF-0000000210721579	shard_1264_batch_1.tar	55553024	237156	1295611904	4247150
4438	3622	AF-0000000210720827	shard_1640_batch_1.tar	80069632	116457	1067211776	964779
4439	3551	AF-0000000203555018	shard_1486_batch_0.tar	50520064	72822	298186240	359839
4441	3976	AF-0000000210761178	shard_1337_batch_0.tar	398321152	414751	2079021056	11939089
4445	3515	AF-0000000210707173	shard_1292_batch_0.tar	32025088	260248	1532389376	5231735
4447	3029	AF-0000000210610390	shard_1586_batch_1.tar	93019648	101701	402780160	733022
4448	3012	AF-0000000210608994	shard_1710_batch_0.tar	112783872	136240	415444992	1285444
4448	3411	AF-0000000203548047	shard_1810_batch_0.tar	42609664	173242	1209503232	2178798
4448	3483	AF-0000000210702086	shard_1712_batch_0.tar	128124928	139818	1110430208	1343302
4448	3673	AF-0000000210724699	shard_1696_batch_0.tar	119558144	130818	726779392	1186395
4450	3228	AF-0000000210670622	shard_1224_batch_2.tar	28009472	213414	767197184	3361713
4454	3577	AF-0000000210714696	shard_1234_batch_1.tar	199485952	216074	2543059968	3142407
4454	3582	AF-0000000210715499	shard_1786_batch_1.tar	85088256	159453	690203136	1785886
4454	3730	AF-0000000210732078	shard_1744_batch_1.tar	110614016	148466	506326528	1504176
4457	3571	AF-0000000210713840	shard_1468_batch_1.tar	29783040	66886	382879232	289793
4457	3803	AF-0000000210741588	shard_1442_batch_1.tar	16179200	56481	152515072	206281
4462	3803	AF-0000000210741590	shard_1444_batch_1.tar	42531328	58426	124993024	227628
4468	3284	AF-0000000204670371	shard_1677_batch_0.tar	8436736	124809	986779648	1185799
4469	3591	AF-0000000210716332	shard_1836_batch_2.tar	61493760	185419	227978752	2392096
4469	3729	AF-0000000204138120	shard_1814_batch_2.tar	69632000	171962	222718976	2169900
4472	3135	AF-0000000210655819	shard_1596_batch_2.tar	19581952	104515	205971456	749521
4472	3681	AF-0000000210725668	shard_1727_batch_0.tar	38859264	139102	384533504	1376132
4475	3202	AF-0000000203503262	shard_1488_batch_0.tar	35858944	75288	468688384	370881
4475	3741	AF-0000000203503263	shard_1656_batch_0.tar	69233664	122746	730974720	1083317
4486	3020	AF-0000000203929933	shard_1796_batch_1.tar	147484160	155129	1966979072	1863697
4486	3024	AF-0000000203929930	shard_1824_batch_1.tar	80957440	164826	1660869632	2099450
4486	3439	AF-0000000203929928	shard_1862_batch_1.tar	114252800	174784	528703488	2489077
4486	3737	AF-0000000210733168	shard_1818_batch_1.tar	55177728	162123	479949312	2046804
4487	3191	AF-0000000204600735	shard_1419_batch_0.tar	10260992	45911	162999296	122299
4487	3192	AF-0000000210668975	shard_1419_batch_0.tar	16150016	45831	153400832	121453
4487	3883	AF-0000000210749769	shard_1569_batch_0.tar	81653760	97218	803090432	635629
4488	3041	AF-0000000210611891	shard_1664_batch_1.tar	26510848	118985	800739840	993130
4491	3028	AF-0000000203920384	shard_1274_batch_1.tar	236649984	237478	3767560704	4122046
4491	3492	AF-0000000203920366	shard_1336_batch_1.tar	167757312	394043	8674544640	10864848
4491	3605	AF-0000000210718219	shard_1314_batch_1.tar	244469248	288017	6039673856	5875855
4495	3401	AF-0000000210691116	shard_1308_batch_0.tar	189450240	293296	6212122112	6213307
4498	3577	AF-0000000210714698	shard_1836_batch_0.tar	137226240	180935	2457260032	2251354
4498	3786	AF-0000000210739755	shard_1286_batch_0.tar	139943936	256057	856665088	5076523
4498	3990	AF-0000000210762646	shard_1290_batch_0.tar	45009408	261087	2927077376	5181523
4499	3506	AF-0000000204738348	shard_1751_batch_0.tar	148449280	151154	1399049216	1663907
4501	3082	AF-0000000210616609	shard_1682_batch_0.tar	68794368	120942	1128661504	1095452
4517	3013	AF-0000000203929482	shard_1736_batch_1.tar	74728960	148642	1431059968	1474916
4517	3020	AF-0000000203929461	shard_1704_batch_1.tar	32015360	135566	1454673408	1269523
4517	3024	AF-0000000203929458	shard_1740_batch_1.tar	43725312	145244	941826560	1475696
4517	3373	AF-0000000203929472	shard_1808_batch_1.tar	57254400	164295	1060584960	1980422
4517	3439	AF-0000000203929456	shard_1790_batch_1.tar	85057536	155500	949023232	1797374
4517	3440	AF-0000000210697316	shard_1734_batch_1.tar	111405056	143560	1678536704	1427731
4517	3680	AF-0000000203929451	shard_1740_batch_1.tar	102157824	148556	319954944	1485767
4517	3737	AF-0000000210733169	shard_1732_batch_1.tar	136247808	143108	754878464	1424227
4518	3020	AF-0000000203930244	shard_1804_batch_1.tar	49407488	160070	1681582592	1922832
4518	3021	AF-0000000203930252	shard_1830_batch_1.tar	150822400	169698	1556024832	2159097
4518	3373	AF-0000000203930248	shard_1878_batch_1.tar	53945344	188536	1864758272	2729424
4518	3737	AF-0000000210733170	shard_1824_batch_1.tar	83963392	166897	670122496	2112068
4518	3738	AF-0000000203930249	shard_1846_batch_1.tar	35912192	176614	1299149312	2336888
4521	3884	AF-0000000210750130	shard_1279_batch_1.tar	217758720	253138	1084425216	4507224
4522	3697	AF-0000000210727730	shard_1337_batch_1.tar	223838720	430720	9758107648	12794653
4522	3700	AF-0000000210728412	shard_1309_batch_1.tar	207612928	289204	1231266816	5695901
4522	3849	AF-0000000210746197	shard_1335_batch_1.tar	254909952	382181	8908835328	10331466
4522	3897	AF-0000000210751293	shard_1327_batch_1.tar	9212928	327691	1012997120	7566731
4530	3515	AF-0000000210707175	shard_1837_batch_0.tar	39131648	178757	2689584640	2285250
4530	3800	AF-0000000210741414	shard_1735_batch_0.tar	585728	135632	956509696	1358556
4533	3483	AF-0000000210702088	shard_1823_batch_0.tar	46976512	178502	1194320896	2186264
4534	3279	AF-0000000210674740	shard_1790_batch_1.tar	57912320	163610	1744633856	1920677
4537	3133	AF-0000000210655753	shard_1484_batch_0.tar	11132416	72251	325289472	352889
4538	3859	AF-0000000210747401	shard_1659_batch_0.tar	43061248	122268	762228224	1076325
4541	3487	AF-0000000210702411	shard_1708_batch_0.tar	37041152	137107	1112047104	1387686
4542	3529	AF-0000000210708849	shard_1754_batch_2.tar	17744384	151099	879278592	1706601
4542	3709	AF-0000000204373118	shard_1622_batch_2.tar	15489024	114018	131842560	908863
4545	3013	AF-0000000210609099	shard_1686_batch_2.tar	6809600	132079	596389888	1171620
4547	3394	AF-0000000203548958	shard_1754_batch_0.tar	2273792	152760	1125012992	1644470
4551	3143	AF-0000000210656029	shard_1675_batch_0.tar	100275712	121390	1146443264	1115933
4553	3798	AF-0000000210740950	shard_1504_batch_2.tar	34418688	79036	276902400	419033
4555	3328	AF-0000000210682820	shard_1758_batch_1.tar	80840704	150251	406997504	1632882
4560	3470	AF-0000000203691477	shard_1646_batch_0.tar	40930304	115680	706266624	958326
4563	3505	AF-0000000210704790	shard_1839_batch_0.tar	152421376	188446	832984064	2393492
4563	3689	AF-0000000210726371	shard_1867_batch_0.tar	191505920	196448	2220398080	2826331
4565	3348	AF-0000000210684652	shard_1754_batch_2.tar	68043264	150065	344726016	1587753
4565	3411	AF-0000000210693939	shard_1870_batch_2.tar	50100224	202121	1465644032	2903506
4565	3681	AF-0000000210725670	shard_1718_batch_2.tar	66472960	137477	667060736	1335525
4565	3695	AF-0000000210727584	shard_1690_batch_1.tar	93820416	131174	464435200	1205375
4565	3773	AF-0000000210738358	shard_1772_batch_2.tar	29204992	157451	540367360	1712549
4565	3941	AF-0000000210757008	shard_1828_batch_2.tar	80666624	177047	228056576	2244768
4570	3579	AF-0000000210715057	shard_1449_batch_0.tar	60928	59012	279801344	230070
4573	3342	AF-0000000210683678	shard_1622_batch_0.tar	41488384	110675	423215616	826056
4573	3458	AF-0000000210698632	shard_1572_batch_0.tar	18477568	94684	666771968	588305
4574	3050	AF-0000000210612678	shard_1580_batch_1.tar	97618432	97798	775826944	663552
4575	3005	AF-0000000210607513	shard_1722_batch_1.tar	130736128	139884	273439232	1440204
4575	3227	AF-0000000210670571	shard_1522_batch_0.tar	33565696	86108	229100544	458141
4575	3487	AF-0000000210702412	shard_1704_batch_1.tar	111031296	138763	973851136	1361458
4575	3878	AF-0000000210749537	shard_1706_batch_1.tar	18431488	136944	1349739520	1360741
4578	3976	AF-0000000203915671	shard_1266_batch_1.tar	78797312	245960	2604378624	4304347
4580	3706	AF-0000000203923327	shard_1322_batch_1.tar	121084416	312977	3623015936	7646141
4580	3722	AF-0000000210730661	shard_1322_batch_1.tar	8808448	309749	3020983296	7576674
4580	3827	AF-0000000210745414	shard_1334_batch_1.tar	29185024	371473	4958839296	10315504
4582	3859	AF-0000000210747402	shard_1837_batch_1.tar	72390656	181621	578921984	2397481
4583	3215	AF-0000000203882134	shard_1228_batch_1.tar	107332096	208351	1048675840	3417965
4583	3216	AF-0000000210669921	shard_1228_batch_1.tar	171050496	208877	3052575744	3427979
4583	3316	AF-0000000203882083	shard_1232_batch_1.tar	187035136	211711	2328261120	3513702
4583	3319	AF-0000000210681708	shard_1230_batch_1.tar	191286784	209362	1602989056	3448957
4583	3648	AF-0000000203882141	shard_1230_batch_1.tar	178898432	209564	2979140608	3443086
4583	3803	AF-0000000210741600	shard_1734_batch_1.tar	115747840	140847	1373271040	1529539
4586	3799	AF-0000000203603708	shard_1576_batch_0.tar	71304192	99899	745264128	676921
4588	3725	AF-0000000210730971	shard_1570_batch_2.tar	13354496	100910	305190400	689558
4594	3370	AF-0000000210687876	shard_1602_batch_0.tar	101005824	106208	296050688	796206
4598	3163	AF-0000000210656737	shard_1278_batch_0.tar	99906048	249333	3539248128	4365075
4598	3164	AF-0000000210656786	shard_1270_batch_0.tar	69111808	243838	4222390272	4188268
4600	3022	AF-0000000203478047	shard_1286_batch_0.tar	215227392	258925	2194693120	5151352
4600	3228	AF-0000000203478044	shard_1248_batch_0.tar	136531968	226355	632165888	3876103
4601	3976	AF-0000000210761182	shard_1326_batch_1.tar	102441472	338162	3428467200	8292870
4605	3216	AF-0000000210669924	shard_1869_batch_0.tar	48017408	197049	1677574144	2863174
4605	3526	AF-0000000210708578	shard_1789_batch_0.tar	37213184	163163	657142272	1876909
4609	3976	AF-0000000210761183	shard_1309_batch_0.tar	107909632	293131	4243487232	6200860
4615	3274	AF-0000000210673692	shard_1839_batch_0.tar	139115008	179095	944717824	2335301
4615	3427	AF-0000000210695999	shard_1477_batch_0.tar	50504192	69972	321085440	342161
4615	3752	AF-0000000210734973	shard_1753_batch_0.tar	68220416	146713	1322805248	1517726
4617	3667	AF-0000000210724476	shard_1610_batch_1.tar	44897280	107073	228697600	812928
4618	3039	AF-0000000204124068	shard_1634_batch_1.tar	97851392	112329	764414464	894211
4618	3667	AF-0000000210724477	shard_1610_batch_1.tar	60583936	106121	599185920	803821
4619	3039	AF-0000000210611275	shard_1636_batch_1.tar	55046144	114398	589373952	910329
4619	3667	AF-0000000210724478	shard_1612_batch_1.tar	67123200	107990	463562240	818429
4623	3319	AF-0000000210681716	shard_1248_batch_1.tar	131936256	224990	1010640896	3768732
4623	3370	AF-0000000210687877	shard_1794_batch_1.tar	88097280	164845	1703105024	1975720
4623	3817	AF-0000000210744523	shard_1318_batch_2.tar	70631424	302557	2636831232	6745517
4625	3167	AF-0000000210656858	shard_1237_batch_1.tar	133868544	219549	545109504	3223115
4625	3168	AF-0000000210657354	shard_1311_batch_1.tar	18243072	291890	988067328	5734285
4632	3458	AF-0000000210698636	shard_1824_batch_0.tar	47727104	172387	810109440	2301917
4635	3369	AF-0000000210687090	shard_1828_batch_1.tar	38284288	176612	595817472	2333004
4635	3789	AF-0000000203893376	shard_1694_batch_1.tar	128980480	131782	647308800	1260355
4637	3065	AF-0000000210614268	shard_1652_batch_1.tar	28470784	118766	1117706752	1059546
4638	3605	AF-0000000210718220	shard_1686_batch_1.tar	109024768	130951	793532416	1145177
4644	3579	AF-0000000203608081	shard_1438_batch_0.tar	14716928	54987	280363520	204639
4649	3013	AF-0000000210609104	shard_1758_batch_2.tar	2270208	155634	411841536	1628903
4649	3020	AF-0000000210609633	shard_1728_batch_2.tar	68094976	143320	858228736	1408698
4649	3374	AF-0000000210688496	shard_1266_batch_2.tar	95869440	235333	367906816	3770668
4649	3680	AF-0000000210725599	shard_1760_batch_2.tar	21835776	155660	195955712	1652261
4650	3022	AF-0000000210609826	shard_1558_batch_1.tar	80556544	96560	619423232	593348
4650	3065	AF-0000000210614269	shard_1558_batch_1.tar	44619264	95707	337992192	589665
4650	3741	AF-0000000210733591	shard_1558_batch_1.tar	68716032	97208	501319168	596615
4650	3742	AF-0000000210733637	shard_1558_batch_1.tar	20401152	95976	282332672	594417
4651	3069	AF-0000000210614742	shard_1585_batch_0.tar	82276864	100656	848293888	730458
4651	3577	AF-0000000210714705	shard_1835_batch_1.tar	152114688	179555	1224978432	2265710
4655	3167	AF-0000000204772397	shard_1873_batch_0.tar	41350144	199625	1349199872	2964556
4655	3168	AF-0000000204772399	shard_1299_batch_1.tar	128874496	271076	1276000256	5498645
4656	3705	AF-0000000210728776	shard_1450_batch_0.tar	60103168	60858	245814272	236024
4656	3725	AF-0000000210730976	shard_1480_batch_1.tar	61332480	73184	346213888	344248
4658	3348	AF-0000000210684653	shard_1740_batch_1.tar	36064256	143301	726958592	1498032
4661	3089	AF-0000000203651666	shard_1778_batch_0.tar	79798272	161419	1717458944	1911866
4661	3407	AF-0000000210692043	shard_1780_batch_0.tar	12224512	162070	1017309696	1934135
4661	3936	AF-0000000203651655	shard_1238_batch_0.tar	98573824	216896	3689518080	3362964
4663	3376	AF-0000000210688602	shard_1874_batch_1.tar	103459328	202241	2257762816	3083957
4672	3719	AF-0000000210730560	shard_1587_batch_0.tar	12802048	102317	763199488	749577
4675	3266	AF-0000000210672929	shard_1504_batch_0.tar	24389120	79141	239646720	417395
4675	3419	AF-0000000210694998	shard_1504_batch_0.tar	35692544	79249	166667776	417389
4675	3429	AF-0000000210696102	shard_1504_batch_0.tar	1124352	79009	189173760	422942
4675	3614	AF-0000000210719468	shard_1506_batch_0.tar	53345792	79404	578714112	419711
4677	3295	AF-0000000210677247	shard_1778_batch_1.tar	59660288	161966	1571073536	1908396
4680	3986	AF-0000000203476189	shard_1546_batch_0.tar	49792000	91785	344001024	527339
4681	3339	AF-0000000210683411	shard_1664_batch_0.tar	11320832	122822	259938816	1077031
4681	3598	AF-0000000210717774	shard_1552_batch_0.tar	41383424	93791	588636672	590602
4684	3351	AF-0000000210685104	shard_1316_batch_1.tar	205368832	294581	758738944	6422148
4685	3095	AF-0000000210618008	shard_1869_batch_0.tar	128122880	204951	2702607360	2919991
4685	3329	AF-0000000210682916	shard_1319_batch_0.tar	25027584	308545	1060038656	6897911
4687	3976	AF-0000000210761188	shard_1321_batch_0.tar	54821376	319130	2371449344	7191818
4694	3936	AF-0000000204147821	shard_1323_batch_0.tar	3766272	317921	1786681344	7149072
4697	3216	AF-0000000210669933	shard_1274_batch_0.tar	70969344	242436	2374348288	4242222
4697	3319	AF-0000000210681725	shard_1276_batch_0.tar	160718336	243402	2940744192	4265742
4697	3373	AF-0000000210688475	shard_1272_batch_0.tar	164949504	235296	3232089600	3846864
4697	3738	AF-0000000210733233	shard_1252_batch_0.tar	3204096	223708	3551754752	3367916
4699	3282	AF-0000000210675433	shard_1574_batch_0.tar	56208384	100269	695062528	633556
4705	3300	AF-0000000210678467	shard_1269_batch_0.tar	147679232	246802	3414919680	4184335
4706	3590	AF-0000000210716270	shard_1318_batch_0.tar	255013376	301933	5823368192	6465415
4709	3705	AF-0000000210728777	shard_1544_batch_1.tar	25248768	91857	218754560	556253
4710	3976	AF-0000000210761190	shard_1310_batch_1.tar	76332032	294945	1393542656	6288691
4711	3976	AF-0000000203961907	shard_1332_batch_1.tar	273300992	365617	1092420096	9671397
4712	3397	AF-0000000210690628	shard_1312_batch_1.tar	197584384	296623	2042285568	6594086
4712	3414	AF-0000000203967237	shard_1280_batch_1.tar	211979776	254309	3405838848	4747848
4713	3045	AF-0000000210612181	shard_1703_batch_0.tar	53702656	128125	513440768	1232792
4714	3247	AF-0000000204346006	shard_1466_batch_1.tar	10136576	69906	168096256	295525
4714	3251	AF-0000000204346008	shard_1468_batch_1.tar	13465600	69959	281430016	296301
4714	3345	AF-0000000204346027	shard_1426_batch_1.tar	31982592	51796	169019392	163138
4715	3620	AF-0000000204817904	shard_1307_batch_1.tar	201880576	286440	3060351488	5941008
4720	3057	AF-0000000203666887	shard_1412_batch_0.tar	2842624	39331	132346368	99502
4720	3265	AF-0000000203666891	shard_1410_batch_0.tar	1418752	38896	79226880	94667
4720	3506	AF-0000000203666894	shard_1702_batch_0.tar	69108224	134196	976607232	1290691
4720	3779	AF-0000000203666880	shard_1412_batch_0.tar	29252096	39319	138573824	99870
4720	3955	AF-0000000210758071	shard_1700_batch_0.tar	41080832	132009	657577984	1309585
4721	3124	AF-0000000210655618	shard_1412_batch_1.tar	27877376	41484	135459328	95719
4724	3806	AF-0000000210742108	shard_1788_batch_0.tar	45151744	157624	1134918144	1865722
4728	3394	AF-0000000203804733	shard_1740_batch_1.tar	71090176	147211	1437771776	1573390
4728	3704	AF-0000000203804734	shard_1756_batch_1.tar	78342656	153369	1249785856	1694992
4736	3319	AF-0000000210681731	shard_1880_batch_0.tar	138527744	205300	832044544	3092798
4742	3817	AF-0000000210744524	shard_1326_batch_2.tar	24291328	330851	2434479616	8501338
4752	3773	AF-0000000210738363	shard_1812_batch_1.tar	23627776	169619	733981184	2031677
4752	3941	AF-0000000210757016	shard_1858_batch_2.tar	25229824	189434	223428608	2540705
4753	3516	AF-0000000210707310	shard_1482_batch_1.tar	30019584	72759	329480704	337001
4756	3516	AF-0000000210707311	shard_1486_batch_1.tar	58062848	73932	273759232	350203
4765	3087	AF-0000000210616877	shard_1693_batch_0.tar	22925824	132956	1356087808	1227143
4765	3481	AF-0000000210701876	shard_1829_batch_1.tar	70353408	179370	2352335360	2290705
4765	3851	AF-0000000210746331	shard_1683_batch_0.tar	30893568	130014	873600512	1213251
4766	3087	AF-0000000210616878	shard_1700_batch_1.tar	55693312	135828	697402368	1273960
4770	3683	AF-0000000210725895	shard_1628_batch_1.tar	23323648	114378	844016128	916545
4777	3698	AF-0000000210728077	shard_1720_batch_2.tar	23584768	141198	755624960	1485465
4779	3370	AF-0000000210687883	shard_1598_batch_1.tar	17645568	100745	355467264	748165
4779	3409	AF-0000000210692681	shard_1778_batch_1.tar	137202688	157379	1280266752	1862009
4783	3574	AF-0000000204008730	shard_1632_batch_1.tar	32570368	116410	848042496	913439
4788	3242	AF-0000000203578947	shard_1442_batch_0.tar	238592	58706	144870400	215815
4788	3244	AF-0000000203578948	shard_1446_batch_0.tar	837120	60175	255471104	229822
4789	3167	AF-0000000210656864	shard_1823_batch_0.tar	27479040	176095	944465408	2345117
4789	3168	AF-0000000210657361	shard_1277_batch_1.tar	177743872	248112	2517080064	4560072
4790	3119	AF-0000000210655554	shard_1818_batch_1.tar	122080256	174108	507731456	2131823
4790	3673	AF-0000000210724704	shard_1746_batch_1.tar	132385280	146362	1311472640	1518277
4791	3119	AF-0000000210655555	shard_1818_batch_1.tar	63054336	173678	583905280	2108280
4791	3673	AF-0000000210724705	shard_1746_batch_1.tar	22397952	146134	477023232	1520053
4793	3560	AF-0000000210712414	shard_1292_batch_1.tar	77268992	265176	4279394816	5178295
4794	3228	AF-0000000210670629	shard_1242_batch_1.tar	164130304	221880	2921643520	3649341
4794	3560	AF-0000000210712415	shard_1290_batch_1.tar	162184192	263453	5180078592	5126364
4801	3057	AF-0000000203589509	shard_1506_batch_0.tar	43490816	76151	503883264	438352
4801	3266	AF-0000000203589498	shard_1498_batch_0.tar	66789888	74630	504303104	405920
4801	3419	AF-0000000203589499	shard_1498_batch_0.tar	13236224	74667	155202560	406512
4801	3429	AF-0000000203589500	shard_1498_batch_0.tar	70303232	74397	448432640	406129
4801	3614	AF-0000000203589504	shard_1498_batch_0.tar	15964160	74572	173359616	408173
4801	3779	AF-0000000203589506	shard_1506_batch_0.tar	60624896	76371	283440640	439119
4806	3280	AF-0000000210674883	shard_1534_batch_0.tar	37049856	85121	323008512	523268
4806	3700	AF-0000000210728416	shard_1660_batch_0.tar	67353600	123765	564149248	1069289
4806	3758	AF-0000000210735923	shard_1656_batch_0.tar	68377600	117724	286900224	1010847
4810	3049	AF-0000000203828858	shard_1492_batch_0.tar	30057472	77422	345446400	315474
4810	3050	AF-0000000203828861	shard_1486_batch_0.tar	21614080	74552	376096768	295357
4810	3067	AF-0000000210614396	shard_1490_batch_0.tar	22071296	76823	245470208	305259
4810	3858	AF-0000000203828860	shard_1492_batch_0.tar	26162176	78329	382470656	318801
4812	3495	AF-0000000210703234	shard_1596_batch_0.tar	13115904	104760	384852480	730540
4812	3771	AF-0000000203603775	shard_1472_batch_0.tar	68413440	70334	404718080	313506
4812	3799	AF-0000000203603782	shard_1596_batch_0.tar	87392256	104831	293991424	732559
4812	3933	AF-0000000210756116	shard_1548_batch_0.tar	66280960	90473	246708224	560766
4813	3065	AF-0000000210614273	shard_1640_batch_0.tar	29150720	118927	286161920	984991
4820	3803	AF-0000000210741619	shard_1458_batch_1.tar	3394048	64007	364154880	272458
4821	3705	AF-0000000210728779	shard_1416_batch_1.tar	1631232	46012	93633536	121207
4826	3168	AF-0000000210657365	shard_1324_batch_2.tar	68103168	322574	3187504640	6875200
4829	3124	AF-0000000210655621	shard_1661_batch_0.tar	81412608	124015	1234657792	1014914
4829	3322	AF-0000000210682500	shard_1859_batch_0.tar	52091904	193971	839028224	2799055
4831	3808	AF-0000000204022106	shard_1448_batch_0.tar	9961984	60388	324068352	235611
4841	3511	AF-0000000210706578	shard_1774_batch_1.tar	153655808	162004	470176256	1856288
4843	3086	AF-0000000204610772	shard_1557_batch_0.tar	77005312	94973	331277824	629473
4843	3719	AF-0000000204610769	shard_1589_batch_0.tar	23185408	102956	824773632	761642
4857	3752	AF-0000000204739440	shard_1861_batch_0.tar	10488832	184078	412171776	2505453
4858	3000	AF-0000000204793036	shard_1579_batch_0.tar	60787712	98199	353806336	712326
4858	3825	AF-0000000204793024	shard_1485_batch_0.tar	64469504	71924	468939264	359919
4861	3592	AF-0000000210716629	shard_1613_batch_0.tar	68076544	110358	1028888064	841675
4861	3806	AF-0000000210742110	shard_1661_batch_0.tar	64169472	118564	529643520	1002784
4863	3022	AF-0000000204024098	shard_1638_batch_1.tar	9966080	118142	434357248	983832
4864	3000	AF-0000000203532331	shard_1542_batch_0.tar	71257600	88661	478065664	585519
4868	3027	AF-0000000203578016	shard_1630_batch_0.tar	108433408	113584	318900224	848373
4868	3042	AF-0000000203578015	shard_1630_batch_0.tar	16801280	114037	1079767552	864338
4880	3971	AF-0000000210761020	shard_1766_batch_1.tar	40468992	158218	1316553216	1815121
4881	3511	AF-0000000203801258	shard_1792_batch_1.tar	21262336	165277	493663232	1982257
4881	3717	AF-0000000210730490	shard_1798_batch_1.tar	52088832	168854	1429312000	2056711
4881	3718	AF-0000000210730521	shard_1798_batch_1.tar	60641280	169932	1664038400	2055795
4886	3451	AF-0000000210698167	shard_1539_batch_0.tar	20765184	90448	700968960	559003
4887	3259	AF-0000000210672518	shard_1878_batch_1.tar	58028032	207700	2285280768	2957969
4887	3976	AF-0000000210761192	shard_1334_batch_1.tar	148528128	377664	6978263552	10042647
4892	3028	AF-0000000204652960	shard_1587_batch_0.tar	19185664	100858	764685824	685637
4892	3489	AF-0000000204652763	shard_1605_batch_0.tar	13976576	105302	635361280	761066
4893	3100	AF-0000000204653801	shard_1225_batch_0.tar	44280320	206970	3390786560	3077974
4894	3309	AF-0000000210679486	shard_1753_batch_0.tar	129486848	150559	1783104512	1591143
4894	3435	AF-0000000210696934	shard_1751_batch_0.tar	13983232	147415	1282717184	1542724
4894	3941	AF-0000000210757018	shard_1813_batch_0.tar	169849856	167818	2079901696	2021161
4898	3114	AF-0000000210654862	shard_1624_batch_1.tar	19396608	112779	873196544	908908
4905	3921	AF-0000000210754935	shard_1848_batch_1.tar	164465664	189251	1746040832	2655516
4907	3534	AF-0000000210709345	shard_1788_batch_1.tar	73403904	163744	1765567488	1791730
4907	3976	AF-0000000210761193	shard_1296_batch_1.tar	53300224	274312	3998166016	5250078
4908	3274	AF-0000000210673708	shard_1326_batch_2.tar	45837312	322179	1901750784	7432938
4909	3184	AF-0000000210668797	shard_1249_batch_0.tar	158967808	229343	3501446144	3858641
4909	3185	AF-0000000210668826	shard_1249_batch_0.tar	165535232	229450	673467904	3854482
4915	3191	AF-0000000204069822	shard_1432_batch_1.tar	40614400	53127	217136128	180663
4915	3788	AF-0000000204069798	shard_1488_batch_1.tar	64998912	75344	337683456	380476
4915	3923	AF-0000000204069800	shard_1432_batch_0.tar	15243264	52910	222555648	176652
4918	3021	AF-0000000203931014	shard_1800_batch_1.tar	35490816	162204	1421679104	1913860
4918	3373	AF-0000000203931007	shard_1856_batch_1.tar	175620096	180778	1394060800	2455981
4918	3738	AF-0000000203931008	shard_1820_batch_1.tar	162569216	169124	1002931712	2074093
4920	3973	AF-0000000210761051	shard_1566_batch_0.tar	5867008	94174	231319552	596153
4926	3955	AF-0000000210758072	shard_1812_batch_0.tar	83322368	169511	1450281984	2150064
4930	3228	AF-0000000210670632	shard_1445_batch_0.tar	40531456	58954	135510016	229109
4930	3348	AF-0000000210684655	shard_1583_batch_0.tar	98437120	99617	817229312	698307
4930	3459	AF-0000000210698750	shard_1503_batch_0.tar	34572288	81576	337395712	403808
4938	3705	AF-0000000210728783	shard_1640_batch_1.tar	51904000	115761	897059840	955753
4939	3680	AF-0000000210725601	shard_1728_batch_1.tar	1867776	144386	1313466880	1413850
4940	3259	AF-0000000210672519	shard_1510_batch_1.tar	38940672	81855	413939200	445807
4943	3384	AF-0000000210689209	shard_1652_batch_2.tar	41157120	121800	286436864	1009779
4947	3057	AF-0000000210613314	shard_1502_batch_0.tar	47238656	78768	299881984	431158
4947	3266	AF-0000000210672930	shard_1494_batch_0.tar	53359616	76913	460282880	403741
4947	3419	AF-0000000210694999	shard_1494_batch_0.tar	23099904	76978	344423424	403740
4947	3429	AF-0000000210696105	shard_1494_batch_0.tar	20085760	76751	342113280	401550
4947	3614	AF-0000000210719469	shard_1496_batch_0.tar	63176704	77029	533381632	404808
4947	3779	AF-0000000210739072	shard_1502_batch_0.tar	29775360	78918	393423872	431127
4952	3242	AF-0000000210671505	shard_1754_batch_1.tar	40749056	146291	1111728128	1530198
4952	3244	AF-0000000210671542	shard_1758_batch_1.tar	154112	147796	1533038080	1570456
4952	3676	AF-0000000210725110	shard_1840_batch_1.tar	15911936	181337	1304504320	2343544
4959	3699	AF-0000000210728224	shard_1827_batch_0.tar	29531136	175467	1684738048	2435945
4960	3725	AF-0000000210731001	shard_1510_batch_2.tar	16055808	83326	277604352	434953
4961	3606	AF-0000000210718254	shard_1854_batch_0.tar	137376256	194044	959496192	2757874
4961	3986	AF-0000000210761900	shard_1570_batch_0.tar	69253120	98518	821310976	682060
4965	3167	AF-0000000204770704	shard_1505_batch_0.tar	77262336	80149	414189568	425217
4965	3168	AF-0000000204770705	shard_1753_batch_0.tar	13609472	151160	858191872	1602268
4965	3807	AF-0000000204770653	shard_1501_batch_0.tar	46656000	78796	245560832	420742
4965	3915	AF-0000000210753692	shard_1887_batch_0.tar	180857856	209410	2570925056	3185310
4969	3107	AF-0000000210651486	shard_1424_batch_0.tar	38556672	48687	243544064	149296
4969	3118	AF-0000000210655301	shard_1418_batch_0.tar	17533952	46326	144218624	135849
4969	3579	AF-0000000210715065	shard_1426_batch_0.tar	20760064	50310	211613696	161658
4969	3824	AF-0000000210744986	shard_1424_batch_0.tar	20427776	48749	103630336	148890
4969	3985	AF-0000000210761775	shard_1422_batch_0.tar	1016320	48145	168552960	145497
4970	3028	AF-0000000210610130	shard_1465_batch_0.tar	26143232	66699	402392064	283357
4970	3803	AF-0000000210741634	shard_1431_batch_0.tar	44864512	51757	215344128	172332
4987	3057	AF-0000000210613315	shard_1510_batch_0.tar	34368000	78939	427119104	448823
4987	3266	AF-0000000210672931	shard_1502_batch_0.tar	33585152	77152	468261376	417770
4987	3419	AF-0000000210695000	shard_1502_batch_0.tar	41844736	77221	474871296	418918
4987	3614	AF-0000000210719470	shard_1502_batch_0.tar	16135680	77063	387596288	420458
4987	3779	AF-0000000210739073	shard_1510_batch_0.tar	79410176	79221	294297600	448576
4993	3585	AF-0000000210715721	shard_1576_batch_0.tar	28050432	95856	407632896	648184
4998	3894	AF-0000000210751013	shard_1874_batch_0.tar	189187584	198064	1861423616	2972979
5006	3009	AF-0000000210607960	shard_1758_batch_0.tar	10564096	159212	1076384256	1624680
5013	3018	AF-0000000210609419	shard_1460_batch_0.tar	50745856	65067	326845440	264105
5013	3873	AF-0000000210748812	shard_1526_batch_0.tar	33154560	86660	553615872	487174
5018	3741	AF-0000000204259940	shard_1562_batch_1.tar	38638592	97442	637754880	605456
5019	3636	AF-0000000210721281	shard_1281_batch_0.tar	76020224	249481	2121475072	4295838
5019	3741	AF-0000000210733594	shard_1279_batch_0.tar	214886400	247646	4229274112	4392289
5021	3741	AF-0000000210733595	shard_1718_batch_2.tar	60844544	143538	259854336	1349218
5024	3657	AF-0000000203827885	shard_1846_batch_1.tar	136777728	185106	700821504	2646277
5024	3676	AF-0000000210725115	shard_1708_batch_1.tar	79415808	135232	775896064	1364813
5024	3930	AF-0000000203827883	shard_1710_batch_1.tar	58842624	135033	1198806528	1362638
5025	3930	AF-0000000210755761	shard_1676_batch_1.tar	13283328	128647	493145088	1171839
5027	3254	AF-0000000210672132	shard_1731_batch_0.tar	8352256	138701	912590848	1404735
5030	3206	AF-0000000210669621	shard_1573_batch_0.tar	93392896	102684	698626560	591851
5034	3636	AF-0000000210721282	shard_1719_batch_0.tar	21782016	143128	573832192	1349746
5040	3799	AF-0000000210741237	shard_1664_batch_0.tar	76359680	119447	1009122304	1014779
5041	3799	AF-0000000210741238	shard_1840_batch_1.tar	169008640	186546	1892367360	2479193
5044	3062	AF-0000000210614055	shard_1422_batch_1.tar	15510016	50214	148644864	141709
5046	3005	AF-0000000203815900	shard_1710_batch_1.tar	63802880	136939	1255709184	1374380
5046	3029	AF-0000000210610398	shard_1706_batch_1.tar	78816256	137535	1415896064	1365263
5046	3585	AF-0000000210715724	shard_1628_batch_0.tar	55617536	114216	827399680	899435
5046	3729	AF-0000000203815899	shard_1702_batch_1.tar	84267520	134860	454414848	1343410
5046	3880	AF-0000000210749579	shard_1638_batch_0.tar	43859456	117784	1081970176	953147
5046	3893	AF-0000000203815910	shard_1572_batch_0.tar	41500160	100773	401581568	696061
5046	3948	AF-0000000210757540	shard_1810_batch_1.tar	81948672	175701	1220116480	2249324
5052	3205	AF-0000000210669610	shard_1534_batch_1.tar	85845504	87849	463333888	505999
5060	3216	AF-0000000210669953	shard_1740_batch_0.tar	53731328	145534	895279616	1559016
5060	3700	AF-0000000203743829	shard_1630_batch_0.tar	95794688	116448	821154816	888380
5067	3319	AF-0000000210681760	shard_1813_batch_0.tar	41034240	171228	2255371264	2260979
5067	3448	AF-0000000210697814	shard_1573_batch_0.tar	70044160	98977	690503680	652766
5070	3401	AF-0000000210691127	shard_1866_batch_2.tar	16432128	200637	736519680	2757642
5071	3215	AF-0000000203760702	shard_1792_batch_0.tar	37741568	162126	1496533504	1978710
5071	3216	AF-0000000210669955	shard_1792_batch_0.tar	131684864	162279	1645734400	1980201
5071	3319	AF-0000000210681761	shard_1794_batch_0.tar	118916608	163473	1901607936	1998092
5073	3167	AF-0000000210656876	shard_1726_batch_2.tar	31624192	141404	711900160	1437865
5073	3168	AF-0000000210657375	shard_1230_batch_2.tar	4281856	213884	802429952	3202700
5076	3585	AF-0000000210715727	shard_1641_batch_0.tar	13070336	111777	267818496	886186
5076	3592	AF-0000000210716633	shard_1669_batch_0.tar	34786816	122376	1293344256	1076051
5078	3319	AF-0000000210681762	shard_1272_batch_0.tar	22086656	242648	1895258112	4419219
5079	3671	AF-0000000210724615	shard_1740_batch_1.tar	83922432	146866	1326465536	1491994
5079	3709	AF-0000000210729215	shard_1652_batch_1.tar	108184576	120250	974995968	970643
5079	3725	AF-0000000210731006	shard_1616_batch_1.tar	48562688	109799	823107072	836955
5081	3505	AF-0000000210704794	shard_1719_batch_0.tar	97744384	144185	1018121728	1414395
5081	3806	AF-0000000210742112	shard_1661_batch_0.tar	24589312	119998	1007207936	1057028
5083	3362	AF-0000000210686354	shard_1608_batch_0.tar	48410112	108448	648481280	818760
5083	3799	AF-0000000203601795	shard_1680_batch_0.tar	92087808	128916	599385600	1197243
5083	3933	AF-0000000210756117	shard_1634_batch_0.tar	112513024	114046	814352384	899802
5086	3591	AF-0000000210716344	shard_1718_batch_2.tar	18296832	141470	233226752	1436114
5087	3799	AF-0000000210741239	shard_1694_batch_0.tar	55553536	133980	524699648	1236937
5101	3542	AF-0000000204228649	shard_1490_batch_1.tar	56820224	75866	390590976	383625
5101	3737	AF-0000000210733172	shard_1616_batch_2.tar	17845760	108314	174439424	823991
5108	3436	AF-0000000210696994	shard_1224_batch_0.tar	170961408	210560	1424532992	3412574
5116	3620	AF-0000000203547149	shard_1306_batch_0.tar	59025408	293369	1903362560	6136419
5122	3771	AF-0000000210737587	shard_1696_batch_1.tar	125493248	136491	672475136	1298086
5144	3483	AF-0000000210702099	shard_1615_batch_0.tar	39224320	111848	853764608	845577
5145	3429	AF-0000000203585803	shard_1408_batch_0.tar	30157312	35498	94134784	72593
5147	3266	AF-0000000210672933	shard_1494_batch_0.tar	73758208	77543	224628736	387785
5147	3419	AF-0000000210695001	shard_1496_batch_0.tar	10159616	77618	453965312	386064
5147	3429	AF-0000000210696108	shard_1494_batch_0.tar	20163072	77420	288820224	385552
5147	3614	AF-0000000210719472	shard_1496_batch_0.tar	69370368	77778	475891200	388542
5148	3266	AF-0000000203590037	shard_1498_batch_0.tar	6812672	78011	378351104	397370
5148	3419	AF-0000000203590038	shard_1498_batch_0.tar	15652352	78242	311132160	396442
5148	3429	AF-0000000203590039	shard_1496_batch_0.tar	16905216	78017	509391360	407374
5148	3614	AF-0000000203590042	shard_1498_batch_0.tar	20021248	78107	413584384	399526
5149	3057	AF-0000000203590136	shard_1500_batch_0.tar	66524160	78616	264103424	420162
5149	3265	AF-0000000203590140	shard_1498_batch_0.tar	47969792	78392	381148160	405724
5149	3266	AF-0000000203590103	shard_1494_batch_0.tar	382464	76759	327049216	377019
5149	3419	AF-0000000203590104	shard_1494_batch_0.tar	30871040	76723	450210816	378511
5149	3429	AF-0000000203590105	shard_1494_batch_0.tar	72139776	76792	487014400	378180
5149	3614	AF-0000000203590113	shard_1494_batch_0.tar	18694656	76880	516976128	379300
5149	3779	AF-0000000203590116	shard_1500_batch_0.tar	47937536	78701	545871872	421414
5149	3780	AF-0000000203590117	shard_1500_batch_0.tar	48323584	78838	490565632	419682
5150	3057	AF-0000000203590263	shard_1512_batch_0.tar	80045568	81521	433001984	464420
5150	3266	AF-0000000203590250	shard_1504_batch_0.tar	2725376	79976	379838464	427865
5150	3419	AF-0000000203590251	shard_1504_batch_0.tar	38739456	79744	397597184	427725
5150	3429	AF-0000000203590252	shard_1504_batch_0.tar	67209728	79849	242977280	436971
5150	3614	AF-0000000203590257	shard_1504_batch_0.tar	64728064	80049	464502784	429936
5150	3779	AF-0000000203590258	shard_1512_batch_0.tar	3958272	81787	319119360	465868
5151	3057	AF-0000000210613318	shard_1502_batch_0.tar	40335360	78878	463283712	424849
5151	3419	AF-0000000210695002	shard_1494_batch_0.tar	43885568	77319	496855040	394410
5151	3429	AF-0000000210696109	shard_1494_batch_0.tar	11082752	76899	275119616	392085
5151	3614	AF-0000000210719473	shard_1496_batch_0.tar	66965504	77256	351105536	394312
5151	3779	AF-0000000210739076	shard_1502_batch_0.tar	28265984	79027	492018688	424147
5152	3057	AF-0000000210613319	shard_1510_batch_0.tar	74744320	80772	574333952	459355
5152	3266	AF-0000000210672935	shard_1502_batch_0.tar	56330240	78955	267693056	419305
5152	3419	AF-0000000210695003	shard_1502_batch_0.tar	6686720	79087	387174400	421158
5152	3429	AF-0000000210696110	shard_1502_batch_0.tar	16531456	78859	450835968	426655
5152	3614	AF-0000000210719474	shard_1502_batch_0.tar	17085440	78928	400497152	421890
5152	3779	AF-0000000210739077	shard_1510_batch_0.tar	20447232	80950	352183296	457772
5157	3976	AF-0000000204671908	shard_1321_batch_0.tar	77740032	317676	2836037632	7238932
5158	3226	AF-0000000210670525	shard_1674_batch_0.tar	35180544	125106	1075405824	1131110
5161	3228	AF-0000000210670634	shard_1704_batch_1.tar	15878656	134628	662201856	1327429
5161	3543	AF-0000000210710523	shard_1694_batch_1.tar	48416768	131895	356840448	1248871
5161	3930	AF-0000000210755762	shard_1798_batch_1.tar	43371008	167496	2199440896	2010197
5174	3295	AF-0000000210677253	shard_1834_batch_1.tar	107701760	184064	2038172672	2437588
5178	3295	AF-0000000210677254	shard_1660_batch_1.tar	75848704	124129	742766592	1048032
5178	3461	AF-0000000210698922	shard_1672_batch_2.tar	54140416	127680	486288384	1112209
5185	3448	AF-0000000210697818	shard_1478_batch_0.tar	64310272	71144	310012416	322104
5185	3705	AF-0000000210728789	shard_1450_batch_0.tar	28680192	61382	303080960	243292
5185	3789	AF-0000000210740030	shard_1564_batch_0.tar	28112384	97153	348356608	614797
5187	3057	AF-0000000203975205	shard_1494_batch_1.tar	55654912	76041	361945600	369368
5191	3509	AF-0000000210705275	shard_1808_batch_1.tar	121157120	163398	1581850112	1944098
5191	3703	AF-0000000210728591	shard_1814_batch_1.tar	142404608	177765	2354576896	2193951
5192	3013	AF-0000000210609115	shard_1746_batch_1.tar	91158016	152104	706522112	1538938
5192	3319	AF-0000000210681772	shard_1822_batch_1.tar	50454016	178056	1307591168	2285963
5194	3081	AF-0000000210616224	shard_1864_batch_1.tar	75446784	192116	2291846144	2630927
5196	3483	AF-0000000210702102	shard_1641_batch_0.tar	11538944	118469	827616256	947095
5203	3009	AF-0000000210607972	shard_1772_batch_1.tar	78627840	157136	912996352	1753819
5203	3728	AF-0000000210731622	shard_1766_batch_1.tar	128737280	151117	1024825344	1704231
5204	3728	AF-0000000210731623	shard_1770_batch_1.tar	40260608	153916	1933932544	1709141
5205	3724	AF-0000000210730869	shard_1542_batch_1.tar	74124288	91745	263470592	554807
5207	3311	AF-0000000210680453	shard_1306_batch_1.tar	190019072	282343	5973116416	5779529
5207	3605	AF-0000000210718227	shard_1304_batch_1.tar	213194752	279938	1078697472	5604343
5207	3976	AF-0000000210761194	shard_1332_batch_1.tar	100516864	368094	5727286272	10377431
5213	3527	AF-0000000203805265	shard_1470_batch_0.tar	37774848	68825	142163456	285087
5217	3683	AF-0000000210725898	shard_1857_batch_0.tar	144922112	195779	1223801856	2755985
5220	3370	AF-0000000210687894	shard_1288_batch_1.tar	170668032	260760	4243921408	4910918
5220	3736	AF-0000000210732795	shard_1324_batch_2.tar	131883520	317783	3180215808	7288209
5220	3817	AF-0000000210744525	shard_1336_batch_2.tar	124407296	397334	1058351104	11874295
5221	3238	AF-0000000203940608	shard_1270_batch_1.tar	237020160	242720	955884544	4070534
5221	3239	AF-0000000210671280	shard_1270_batch_1.tar	67203584	242448	4618884608	4090193
5222	3549	AF-0000000210711158	shard_1303_batch_1.tar	10755072	283607	4333096960	5653326
5242	3411	AF-0000000210693954	shard_1288_batch_2.tar	7280640	263624	2548368896	4985083
5255	3216	AF-0000000210669961	shard_1840_batch_2.tar	61331968	184543	1124210688	2626857
5255	3319	AF-0000000210681776	shard_1842_batch_2.tar	46921216	185326	1087601664	2632724
5255	3648	AF-0000000204166557	shard_1840_batch_2.tar	6475776	185854	207275008	2574656
5255	3962	AF-0000000204166572	shard_1646_batch_1.tar	66126336	118886	744340992	1007447
5255	3975	AF-0000000210761115	shard_1796_batch_2.tar	43045888	168375	175693824	2010048
5257	3228	AF-0000000210670635	shard_1282_batch_0.tar	190155776	254210	3921784832	4819771
5259	3319	AF-0000000210681778	shard_1794_batch_0.tar	83757568	164559	2164041216	2014721
5263	3541	AF-0000000210710095	shard_1714_batch_1.tar	49759744	133997	1469210624	1219696
5263	3545	AF-0000000210710689	shard_1584_batch_0.tar	95860736	98191	215670784	652486
5263	3546	AF-0000000210710765	shard_1616_batch_0.tar	74861568	106398	733622784	772716
5263	3585	AF-0000000210715733	shard_1616_batch_0.tar	74532352	105962	837556736	780208
5263	3658	AF-0000000210723552	shard_1628_batch_0.tar	78714880	107849	685780480	805929
5263	3669	AF-0000000210724529	shard_1628_batch_0.tar	65779200	106552	698113536	809663
5263	3673	AF-0000000210724706	shard_1702_batch_0.tar	31586816	129642	626085376	1144798
5263	3731	AF-0000000210732236	shard_1532_batch_0.tar	40689664	85575	192795648	488229
5265	3705	AF-0000000203980795	shard_1520_batch_1.tar	43027968	85045	419099136	479130
5265	3725	AF-0000000210731014	shard_1562_batch_1.tar	69002752	96508	764410368	623954
5265	3803	AF-0000000210741653	shard_1574_batch_1.tar	8203264	97824	745884160	669170
5270	3683	AF-0000000210725899	shard_1886_batch_0.tar	155487744	209142	2692026880	3341349
5270	3707	AF-0000000203635571	shard_1838_batch_0.tar	163310080	184383	595405824	2582237
5270	3810	AF-0000000210742373	shard_1850_batch_0.tar	136574976	188637	1252916224	2736185
5273	3986	AF-0000000210761904	shard_1698_batch_1.tar	112648192	133697	697283072	1317510
5274	3986	AF-0000000210761905	shard_1694_batch_1.tar	77402112	133215	1333152768	1248602
5282	3541	AF-0000000210710097	shard_1728_batch_1.tar	84058624	141673	835173888	1405494
5285	3579	AF-0000000204439212	shard_1410_batch_2.tar	6159360	37497	56176128	84397
5305	3370	AF-0000000210687897	shard_1834_batch_2.tar	55074304	180702	1310275072	2456360
5309	3777	AF-0000000210738705	shard_1866_batch_1.tar	128570880	191148	2011075584	2722398
5312	3167	AF-0000000210656884	shard_1651_batch_0.tar	51398656	120828	1200801792	992411
5312	3168	AF-0000000210657386	shard_1853_batch_1.tar	102326272	192168	1203485696	2610791
5312	3343	AF-0000000210683891	shard_1877_batch_0.tar	146741248	209601	722426880	3034324
5314	3803	AF-0000000210741657	shard_1670_batch_0.tar	51022336	124454	1036684800	1125945
5315	3319	AF-0000000210681786	shard_1222_batch_1.tar	56854528	203930	3208443392	3225579
5317	3486	AF-0000000210702366	shard_1232_batch_0.tar	12477440	215096	2303785984	3548872
5318	3436	AF-0000000210696996	shard_1886_batch_0.tar	66008064	208096	2732042240	3356374
5319	3436	AF-0000000210696997	shard_1818_batch_0.tar	32168960	173707	1514218496	2349939
5319	3613	AF-0000000210719340	shard_1830_batch_0.tar	123864576	178420	1057184256	2485447
5320	3167	AF-0000000210656885	shard_1574_batch_1.tar	26010624	98256	701459968	673946
5321	3167	AF-0000000210656886	shard_1602_batch_2.tar	6177280	103443	236026368	767791
5323	3843	AF-0000000210746039	shard_1860_batch_0.tar	136603648	193994	1568989696	2758406
5325	3453	AF-0000000210698245	shard_1236_batch_0.tar	128058880	214865	1129630720	3416194
5325	3843	AF-0000000210746041	shard_1856_batch_0.tar	51000832	192227	1022379008	2715943
5327	3741	AF-0000000210733596	shard_1234_batch_0.tar	156675072	217391	3369972224	3414735
5327	3843	AF-0000000210746043	shard_1856_batch_0.tar	31324160	193799	2951072768	2718680
5335	3460	AF-0000000210698785	shard_1256_batch_1.tar	148365824	236384	1972800512	4055032
5343	3995	AF-0000000210763276	shard_1479_batch_0.tar	64616960	70495	163980288	326860
5348	3247	AF-0000000203901339	shard_1634_batch_1.tar	110567424	118070	919190016	937843
5348	3789	AF-0000000203901264	shard_1672_batch_1.tar	116078592	127828	951348224	1091112
5348	3988	AF-0000000210762144	shard_1804_batch_1.tar	56019968	170648	2123472896	1898012
5362	3590	AF-0000000210716275	shard_1774_batch_0.tar	110610432	160153	347517440	1856795
5362	3853	AF-0000000210746566	shard_1798_batch_0.tar	95953408	170904	2116243456	1943323
5362	3918	AF-0000000210754658	shard_1846_batch_0.tar	58567680	190179	1275190784	2510498
5362	3929	AF-0000000210755667	shard_1802_batch_0.tar	97373184	167168	1094184448	2036446
5366	3045	AF-0000000210612192	shard_1740_batch_0.tar	86719488	140645	714414592	1476810
5376	3110	AF-0000000210653334	shard_1730_batch_0.tar	97327104	141178	893362176	1356262
5376	3465	AF-0000000203741229	shard_1728_batch_0.tar	108107264	141400	500704768	1376895
5377	3411	AF-0000000210693960	shard_1320_batch_0.tar	26028032	312425	5575819264	6828699
5384	3501	AF-0000000210703620	shard_1262_batch_0.tar	78709760	231422	2462238208	3790906
5387	3515	AF-0000000210707184	shard_1274_batch_0.tar	222305792	245269	3670292992	4271940
5387	3739	AF-0000000210733356	shard_1298_batch_0.tar	48869888	271922	3732957184	5333528
5389	3515	AF-0000000210707185	shard_1276_batch_0.tar	51251200	244912	1700892672	4301413
5389	3739	AF-0000000210733358	shard_1300_batch_0.tar	209164800	271565	3920011776	5344382
5390	3515	AF-0000000210707186	shard_1276_batch_0.tar	222488576	244996	810225664	4276737
5392	3506	AF-0000000203563314	shard_1272_batch_0.tar	151212032	243177	3020288512	4329009
5392	3515	AF-0000000203563315	shard_1278_batch_0.tar	200396800	246295	4608383488	4372137
5394	3275	AF-0000000210674033	shard_1758_batch_0.tar	68329984	145540	1677829120	1565877
5397	3184	AF-0000000210668798	shard_1562_batch_0.tar	32531968	98088	772025344	624738
5398	3499	AF-0000000210703518	shard_1658_batch_1.tar	79363584	118596	1248287232	989190
5400	3251	AF-0000000204063365	shard_1468_batch_1.tar	25840640	69742	285691392	303629
5406	3009	AF-0000000210607986	shard_1734_batch_1.tar	1449984	146107	1289342464	1420975
5414	3281	AF-0000000210675041	shard_1488_batch_0.tar	9602048	74193	363196928	391051
5414	3571	AF-0000000210713876	shard_1504_batch_0.tar	60182016	78521	258127872	431660
5416	3835	AF-0000000210745730	shard_1650_batch_0.tar	51477504	119470	713269760	1009203
5422	3725	AF-0000000210731023	shard_1604_batch_2.tar	35196416	109396	275363328	815707
5424	3496	AF-0000000203922679	shard_1244_batch_1.tar	171946496	223715	882700288	3829491
5424	3684	AF-0000000210726000	shard_1284_batch_1.tar	108507136	258630	4482884608	5039515
5424	3706	AF-0000000203922674	shard_1322_batch_1.tar	34627584	313586	6370343936	7618904
5424	3722	AF-0000000210730668	shard_1322_batch_1.tar	246256128	310842	2081181696	7608917
5424	3828	AF-0000000203922672	shard_1334_batch_1.tar	354390528	371970	8629741568	10341741
5431	3092	AF-0000000210617894	shard_1322_batch_0.tar	156352512	322679	3382937088	7468844
5438	3732	AF-0000000210732304	shard_1256_batch_1.tar	143009792	225689	990997504	3578454
5439	3047	AF-0000000210612361	shard_1468_batch_0.tar	29387776	66554	184141824	294866
5451	3993	AF-0000000210763211	shard_1721_batch_0.tar	23333888	138745	1370236928	1415761
5466	3684	AF-0000000210726001	shard_1647_batch_0.tar	4288512	120115	316765184	993600
5468	3018	AF-0000000210609431	shard_1480_batch_1.tar	72351232	73126	473505792	329164
5469	3107	AF-0000000203835366	shard_1420_batch_0.tar	18932736	45570	191722496	128049
5469	3118	AF-0000000210655309	shard_1416_batch_0.tar	8995840	43437	176903680	112564
5473	3385	AF-0000000203884080	shard_1722_batch_1.tar	69139968	141029	682352640	1354739
5483	3636	AF-0000000210721286	shard_1549_batch_0.tar	89755648	92345	660494336	570203
5499	3561	AF-0000000210712827	shard_1226_batch_2.tar	105518592	215435	584541184	3354276
5502	3022	AF-0000000210609834	shard_1540_batch_1.tar	2903040	91824	542292480	521424
5502	3065	AF-0000000210614284	shard_1540_batch_1.tar	44542464	91116	580980224	521564
5512	3071	AF-0000000203915863	shard_1668_batch_1.tar	61523456	123607	291023360	1187209
5531	3505	AF-0000000210704797	shard_1687_batch_0.tar	95912960	132558	739610624	1214545
5533	3106	AF-0000000203840394	shard_1418_batch_0.tar	19947520	44776	139278336	125439
5533	3107	AF-0000000203840387	shard_1418_batch_0.tar	13543424	45661	109557248	126845
5533	3118	AF-0000000210655310	shard_1416_batch_0.tar	12259328	43286	165271552	112139
5533	3579	AF-0000000203840393	shard_1422_batch_0.tar	2864128	47135	99478528	138333
5533	3824	AF-0000000203840384	shard_1418_batch_0.tar	2832896	45482	110081536	127183
5533	3985	AF-0000000203840403	shard_1418_batch_0.tar	8761856	44701	99251200	131666
5556	3591	AF-0000000210716346	shard_1588_batch_0.tar	84718080	103215	575640064	751943
5563	3277	AF-0000000210674251	shard_1724_batch_1.tar	97088000	141002	448547328	1457177
5563	3683	AF-0000000210725903	shard_1710_batch_1.tar	66002944	138172	1347128320	1389722
5578	3329	AF-0000000210682930	shard_1254_batch_1.tar	49300992	228474	1842148864	3971501
5579	3028	AF-0000000203735310	shard_1660_batch_0.tar	85593088	124820	793654784	1045199
5579	3988	AF-0000000210762147	shard_1810_batch_0.tar	49331200	174497	1094493696	2044391
5595	3124	AF-0000000204607190	shard_1407_batch_0.tar	20428288	26202	64839680	36428
5595	3529	AF-0000000210708871	shard_1577_batch_0.tar	31511552	98628	666148864	685421
5595	3572	AF-0000000204607139	shard_1407_batch_0.tar	28134400	30645	91242496	52630
5596	3506	AF-0000000210704838	shard_1830_batch_2.tar	13142016	183085	317552640	2416641
5600	3204	AF-0000000203908907	shard_1458_batch_0.tar	36308480	65982	346919936	272042
5600	3205	AF-0000000210669611	shard_1460_batch_0.tar	42308096	65785	169643008	272763
5600	3304	AF-0000000203908910	shard_1456_batch_0.tar	27656704	63335	173347328	248340
5600	3532	AF-0000000203908937	shard_1432_batch_0.tar	12966912	53105	107458560	177340
5600	3787	AF-0000000210739819	shard_1854_batch_1.tar	29496320	191615	2307188736	2665449
5602	3915	AF-0000000210753708	shard_1867_batch_0.tar	597504	197990	2835034112	2815460
5605	3164	AF-0000000204175195	shard_1852_batch_2.tar	26609664	190482	566422528	2470716
5610	3882	AF-0000000210749749	shard_1813_batch_1.tar	15639040	171950	376772096	2024678
5611	3872	AF-0000000210748682	shard_1747_batch_0.tar	118267904	150901	984039936	1605353
5613	3366	AF-0000000210686751	shard_1600_batch_1.tar	74189824	103105	702330880	701868
5613	3852	AF-0000000210746520	shard_1600_batch_1.tar	25000448	103354	515502592	701233
5614	3724	AF-0000000210730875	shard_1594_batch_1.tar	60126720	104633	486060544	744070
5617	3163	AF-0000000210656742	shard_1872_batch_0.tar	45113344	200900	1743861248	2715873
5620	3811	AF-0000000210742566	shard_1480_batch_1.tar	69715968	72420	409859072	344436
5624	3458	AF-0000000210698647	shard_1546_batch_1.tar	11847168	89258	182111232	555760
5624	3809	AF-0000000210742296	shard_1486_batch_1.tar	35752960	73361	467674624	345276
5624	3810	AF-0000000210742378	shard_1484_batch_1.tar	31396352	72627	436042752	341998
5624	3811	AF-0000000210742567	shard_1482_batch_1.tar	70007296	72534	401298432	343762
5627	3849	AF-0000000210746219	shard_1875_batch_0.tar	142838272	201195	711399424	3037633
5630	3168	AF-0000000210657406	shard_1735_batch_0.tar	53145600	146279	1631810560	1480530
5630	3250	AF-0000000210671913	shard_1583_batch_0.tar	93208064	99352	289750528	700863
5630	3483	AF-0000000210702107	shard_1645_batch_0.tar	105216512	119691	1103348736	981905
5630	3915	AF-0000000210753712	shard_1877_batch_0.tar	108015616	203096	2421079040	2962604
5631	3483	AF-0000000210702108	shard_1617_batch_0.tar	22528000	112286	894513664	873424
5631	3915	AF-0000000210753713	shard_1863_batch_0.tar	167536640	196151	977350144	2783597
5635	3481	AF-0000000210701888	shard_1744_batch_0.tar	103853056	148386	971849216	1559551
5635	3592	AF-0000000210716646	shard_1690_batch_0.tar	38115840	133529	864897536	1264394
5635	3803	AF-0000000210741677	shard_1592_batch_0.tar	21888000	103999	823733248	753039
5635	3986	AF-0000000203514380	shard_1570_batch_0.tar	4229120	99180	605671424	647132
5636	3803	AF-0000000210741678	shard_1578_batch_0.tar	87637504	99751	210813440	681450
5636	3986	AF-0000000210761913	shard_1556_batch_0.tar	64537088	94790	511454208	579973
5637	3986	AF-0000000203476385	shard_1546_batch_0.tar	36048384	91980	693592576	521842
5641	3579	AF-0000000204438061	shard_1424_batch_1.tar	39211520	48022	97343488	152520
5641	3585	AF-0000000210715739	shard_1498_batch_2.tar	33884672	75931	220385280	389409
5643	3279	AF-0000000210674758	shard_1686_batch_2.tar	47888384	130788	379808768	1188448
5646	3391	AF-0000000210689802	shard_1534_batch_1.tar	52015104	88174	237479424	494615
5646	3919	AF-0000000210754691	shard_1506_batch_1.tar	72919552	79035	153532928	408746
5647	3247	AF-0000000204536843	shard_1538_batch_2.tar	4170240	91784	288867328	547281
5647	3251	AF-0000000204536845	shard_1538_batch_2.tar	38270464	91697	118152704	548191
5665	3215	AF-0000000203610471	shard_1662_batch_0.tar	21393408	120373	256220160	1091227
5665	3216	AF-0000000210669983	shard_1662_batch_0.tar	3090944	120791	818344448	1107061
5665	3306	AF-0000000210678856	shard_1622_batch_0.tar	75058176	107772	279425536	926180
5673	3394	AF-0000000210690012	shard_1697_batch_0.tar	80384512	135836	1231963648	1354284
5673	3704	AF-0000000210728723	shard_1715_batch_0.tar	109590528	142294	937192960	1469189
5679	3622	AF-0000000210720844	shard_1417_batch_0.tar	32759808	45527	166733824	118347
5689	3279	AF-0000000210674760	shard_1696_batch_2.tar	19373056	134501	219333632	1263078
5692	3251	AF-0000000204550836	shard_1500_batch_2.tar	33758720	80978	136466944	415442
5695	3986	AF-0000000204160519	shard_1518_batch_1.tar	66712064	84714	406517760	460476
5698	3307	AF-0000000210679376	shard_1722_batch_2.tar	48818688	140578	731783680	1403481
5698	3673	AF-0000000210724712	shard_1736_batch_2.tar	71923200	142539	797072896	1438343
5698	3698	AF-0000000210728091	shard_1714_batch_2.tar	43961344	138903	588058112	1462992
5698	3737	AF-0000000210733173	shard_1724_batch_2.tar	47214592	139569	698241536	1381413
5702	3247	AF-0000000204498375	shard_1478_batch_2.tar	32690176	72811	235983872	324324
5702	3271	AF-0000000210673115	shard_1743_batch_0.tar	63815168	149040	456310784	1429534
5705	3579	AF-0000000210715085	shard_1472_batch_0.tar	39097344	68277	252837888	318591
5705	3655	AF-0000000210722917	shard_1698_batch_0.tar	78264832	136026	1283879424	1307749
5705	3980	AF-0000000210761501	shard_1820_batch_0.tar	53685248	176137	1490729984	2184337
5706	3028	AF-0000000204490916	shard_1494_batch_2.tar	20666368	75649	232406016	395387
5706	3529	AF-0000000210708888	shard_1608_batch_2.tar	53772288	107567	446851584	842934
5707	3803	AF-0000000210741698	shard_1450_batch_2.tar	8896512	59963	152672256	247081
5710	3247	AF-0000000204487633	shard_1480_batch_2.tar	21197824	74074	128440832	337472
5710	3251	AF-0000000204487635	shard_1480_batch_2.tar	9481216	74134	173135360	337794
5711	3247	AF-0000000204481625	shard_1484_batch_2.tar	31393280	75671	123147776	354291
5711	3251	AF-0000000204481627	shard_1484_batch_2.tar	11367936	75507	135625728	354265
5712	3501	AF-0000000210703628	shard_1444_batch_2.tar	29421056	55999	107566592	208398
5713	3287	AF-0000000210676468	shard_1409_batch_0.tar	27408896	36569	132147712	65629
5713	3501	AF-0000000210703629	shard_1442_batch_2.tar	833024	54582	75828224	200492
5717	3081	AF-0000000210616258	shard_1519_batch_0.tar	27129856	79903	438208512	455887
5717	3501	AF-0000000210703633	shard_1455_batch_0.tar	16769536	59324	336547328	239550
5717	3542	AF-0000000204638197	shard_1450_batch_2.tar	1559552	61532	135195648	235591
5717	3931	AF-0000000210755863	shard_1509_batch_0.tar	8213504	77524	229933056	419957
5718	3009	AF-0000000210608021	shard_1553_batch_0.tar	91367936	96662	223540224	606090
5718	3501	AF-0000000210703634	shard_1455_batch_0.tar	23441920	59760	242381824	242281
5719	3052	AF-0000000210612928	shard_1428_batch_2.tar	22353408	49875	77435392	156581
5719	3082	AF-0000000210616623	shard_1465_batch_0.tar	24653824	65749	176060928	269564
5719	3501	AF-0000000210703635	shard_1459_batch_0.tar	43565056	60415	371406336	248068
5720	3665	AF-0000000203555333	shard_1482_batch_0.tar	45892096	72416	188349952	346106
5721	3695	AF-0000000210727593	shard_1445_batch_0.tar	17629696	58290	268144128	228217
5721	3986	AF-0000000204767003	shard_1411_batch_0.tar	30256128	39563	140646400	85968
5725	3705	AF-0000000204382947	shard_1462_batch_1.tar	19649024	66338	269069824	293820
5726	3009	AF-0000000210608024	shard_1584_batch_2.tar	23536128	104370	102544896	725185
5728	3529	AF-0000000210708895	shard_1758_batch_0.tar	147659776	153146	1761068032	1723496
5731	3988	AF-0000000210762162	shard_1731_batch_0.tar	90611712	143953	588595712	1379947
5733	3986	AF-0000000203473552	shard_1546_batch_0.tar	22657536	90927	415985152	513406
5736	3247	AF-0000000204548531	shard_1530_batch_2.tar	798208	89557	277313536	530052
5738	3108	AF-0000000210653241	shard_1420_batch_0.tar	24937472	46092	128312320	134047
5738	3118	AF-0000000203848095	shard_1412_batch_0.tar	21897216	40188	112476672	99135
5738	3242	AF-0000000203848120	shard_1416_batch_0.tar	44557312	43429	100220928	113034
5738	3307	AF-0000000210679377	shard_1554_batch_0.tar	18052096	92879	450635264	602288
5738	3316	AF-0000000203847974	shard_1668_batch_1.tar	39734272	123719	762970624	1134727
5738	3411	AF-0000000203848521	shard_1710_batch_1.tar	81133568	138366	1383059456	1394308
5738	3579	AF-0000000203848097	shard_1416_batch_0.tar	42705920	43319	153207296	121087
5738	3703	AF-0000000210728606	shard_1724_batch_0.tar	80620544	144095	1142148608	1394393
5738	3709	AF-0000000203848333	shard_1452_batch_0.tar	192512	62686	179804672	251149
5738	3824	AF-0000000203848086	shard_1414_batch_0.tar	34360320	41862	136813056	108997
5739	3107	AF-0000000203835357	shard_1418_batch_0.tar	30979584	45433	159107584	126782
5739	3118	AF-0000000210655313	shard_1416_batch_0.tar	12936192	43349	140710912	112057
5739	3579	AF-0000000203838416	shard_1422_batch_0.tar	35564032	47059	225157632	138972
5739	3824	AF-0000000203840024	shard_1420_batch_0.tar	43431936	45489	167117312	127190
5742	3247	AF-0000000204321713	shard_1474_batch_1.tar	64368128	71154	267744768	321994
5742	3251	AF-0000000204321715	shard_1474_batch_1.tar	10439680	71137	146264064	320660
5744	3183	AF-0000000210668669	shard_1435_batch_0.tar	32165888	53321	145442816	173719
5745	3018	AF-0000000204494718	shard_1426_batch_2.tar	17069056	52172	54019072	158660
5747	3018	AF-0000000204519266	shard_1420_batch_2.tar	3778560	47296	92679168	136144
5748	3803	AF-0000000210741717	shard_1440_batch_2.tar	13177856	55942	91711488	207968
5750	3319	AF-0000000210681836	shard_1680_batch_2.tar	12179456	126530	453119488	1199027
5751	3729	AF-0000000210732040	shard_1692_batch_0.tar	128223232	128506	1119545856	1288915
5751	3741	AF-0000000210733600	shard_1634_batch_0.tar	77332480	116079	519374336	926187
5751	3850	AF-0000000210746303	shard_1570_batch_0.tar	43267072	98166	374042112	682954
5754	3022	AF-0000000210609837	shard_1634_batch_0.tar	78840832	115644	1041168384	960357
5754	3371	AF-0000000210688065	shard_1514_batch_0.tar	47379968	82138	312889856	465360
5754	3729	AF-0000000210732041	shard_1692_batch_0.tar	22210560	128759	350985216	1293865
5754	3741	AF-0000000210733601	shard_1634_batch_0.tar	56376320	116077	1031049216	937687
5755	3009	AF-0000000210608038	shard_1550_batch_2.tar	5612544	94840	352679424	586228
5755	3247	AF-0000000204335892	shard_1464_batch_1.tar	35155456	68214	276195840	278953
5755	3251	AF-0000000204335894	shard_1464_batch_1.tar	51141632	68277	396760576	281523
5755	3705	AF-0000000204335871	shard_1412_batch_1.tar	21869568	41628	122449408	99651
5757	3448	AF-0000000210697862	shard_1432_batch_1.tar	3554816	53912	156311552	172219
5766	3099	AF-0000000210618343	shard_1464_batch_2.tar	7165440	66431	148762624	261520
5766	3542	AF-0000000204523989	shard_1466_batch_2.tar	19571712	68125	146704384	272516
5766	3725	AF-0000000210731077	shard_1446_batch_2.tar	21714944	61290	106394624	233251
5766	3872	AF-0000000204523954	shard_1765_batch_0.tar	45830656	156417	1763840000	1682968
5766	3915	AF-0000000210753726	shard_1865_batch_0.tar	77484032	197199	1298269184	2737394
5767	3872	AF-0000000204369044	shard_1750_batch_2.tar	22779904	151678	925000704	1617952
5767	3986	AF-0000000204368914	shard_1430_batch_1.tar	2790400	53125	183878144	176503
5774	3388	AF-0000000210689459	shard_1516_batch_0.tar	43091968	82989	313148416	460878
5774	3591	AF-0000000210716353	shard_1634_batch_0.tar	102956544	115936	739525120	915378
5774	3770	AF-0000000210737515	shard_1780_batch_0.tar	111430144	160371	444408320	1875279
5775	3579	AF-0000000210715089	shard_1466_batch_0.tar	3130880	66232	222481920	301635
5775	3605	AF-0000000210718232	shard_1726_batch_0.tar	73866240	143230	529093120	1448899
5775	3980	AF-0000000210761515	shard_1816_batch_0.tar	116709376	174232	1539626496	2129193
5782	3247	AF-0000000204356422	shard_1444_batch_1.tar	22664704	61097	241899520	219474
5782	3251	AF-0000000204356424	shard_1444_batch_1.tar	22125056	61096	249191424	217879
5782	3705	AF-0000000204356358	shard_1408_batch_1.tar	32673792	35488	99634688	59450
5782	3806	AF-0000000210742126	shard_1538_batch_1.tar	31607296	86397	327201280	529080
5783	3115	AF-0000000210654885	shard_1497_batch_0.tar	74692608	75695	363789824	365607
5784	3010	AF-0000000203798154	shard_1442_batch_0.tar	50041344	58966	202234368	211853
5784	3388	AF-0000000210689460	shard_1468_batch_0.tar	10557440	67852	320189952	296862
5787	3028	AF-0000000204510965	shard_1462_batch_2.tar	27525120	65116	174338048	266792
5787	3047	AF-0000000210612407	shard_1412_batch_2.tar	13057536	41789	74701824	104990
5793	3986	AF-0000000210761921	shard_1546_batch_0.tar	61608448	90540	278055424	517320
5797	3749	AF-0000000204746878	shard_1451_batch_0.tar	8277504	61823	316494848	250816
5797	3759	AF-0000000204746879	shard_1461_batch_0.tar	28787712	65107	280041984	286977
5797	3794	AF-0000000210740774	shard_1537_batch_0.tar	70021632	88398	548700672	554773
5801	3986	AF-0000000203474432	shard_1546_batch_0.tar	9006080	90972	209212416	512365
5804	3013	AF-0000000203475667	shard_1714_batch_0.tar	20204032	139235	354241024	1322606
5804	3986	AF-0000000203475645	shard_1546_batch_0.tar	90986496	91056	225218560	514498
5806	3239	AF-0000000210671288	shard_1743_batch_0.tar	40759296	145329	341624832	1462306
5806	3959	AF-0000000210759289	shard_1743_batch_0.tar	141277184	148340	1585533440	1539114
5807	3238	AF-0000000204708342	shard_1741_batch_0.tar	36495360	146140	756311552	1434042
5807	3803	AF-0000000210741745	shard_1609_batch_0.tar	74066944	107040	244531200	805438
5808	3728	AF-0000000210731634	shard_1698_batch_0.tar	55314944	133263	1133419520	1221554
5808	3736	AF-0000000210732807	shard_1798_batch_0.tar	104172032	166840	1834295296	1952306
5808	3993	AF-0000000210763214	shard_1740_batch_0.tar	17714176	146410	1474113024	1522470
5810	3242	AF-0000000203843500	shard_1424_batch_0.tar	23635456	49391	143477760	146357
5810	3244	AF-0000000203843501	shard_1428_batch_0.tar	19214336	50939	190714368	159478
5816	3541	AF-0000000210710125	shard_1606_batch_1.tar	103247360	104974	961274368	762233
5819	3549	AF-0000000210711173	shard_1250_batch_0.tar	226133504	230435	2454812160	3724817
5819	3620	AF-0000000210720647	shard_1312_batch_0.tar	186940928	300008	864457728	6049117
5820	3247	AF-0000000210671783	shard_1834_batch_1.tar	1282560	184407	2431759872	2287293
5820	3251	AF-0000000210671966	shard_1834_batch_1.tar	169080320	184234	1024969728	2302182
5821	3473	AF-0000000210700772	shard_1556_batch_2.tar	4900352	95160	246639104	621620
5822	3873	AF-0000000210748820	shard_1586_batch_1.tar	14028288	103486	362966528	718450
5828	3511	AF-0000000210706581	shard_1770_batch_0.tar	123368960	159995	1141485056	1820764
5836	3325	AF-0000000210682591	shard_1332_batch_0.tar	90065920	361509	5255566336	9177821
5839	3985	AF-0000000204140038	shard_1836_batch_2.tar	46513664	173260	347958784	2206603
5841	3976	AF-0000000203933925	shard_1280_batch_1.tar	126169600	258810	3059238912	4737353
5848	3021	AF-0000000203952100	shard_1770_batch_1.tar	89867264	153601	1444453376	1675470
5848	3373	AF-0000000203952095	shard_1834_batch_1.tar	32250368	172731	482905600	2237618
5848	3738	AF-0000000203952096	shard_1792_batch_1.tar	5263360	160688	2127207936	1888018
5849	3021	AF-0000000203952187	shard_1776_batch_1.tar	40283648	155946	1797466624	1717145
5849	3373	AF-0000000203952181	shard_1838_batch_1.tar	74494464	174309	2079076352	2238973
5849	3738	AF-0000000203952182	shard_1798_batch_1.tar	68008448	163315	1484418048	1862279
5851	3362	AF-0000000210686376	shard_1674_batch_0.tar	108819456	126468	746861056	1134582
5851	3407	AF-0000000210692125	shard_1788_batch_0.tar	25439232	163702	970179584	1951158
5851	3495	AF-0000000210703261	shard_1740_batch_0.tar	120020480	146039	1050055168	1531288
5851	3799	AF-0000000210741250	shard_1740_batch_0.tar	134040576	146907	979956224	1559149
5851	3933	AF-0000000210756120	shard_1700_batch_0.tar	103993344	132542	1314978816	1286489
5859	3049	AF-0000000210612656	shard_1502_batch_0.tar	18830848	80301	533380608	371041
5859	3050	AF-0000000210612690	shard_1498_batch_0.tar	68115456	77324	167730176	340761
5860	3434	AF-0000000210696883	shard_1255_batch_1.tar	14138368	228016	3108174848	3832758
5863	3680	AF-0000000210725604	shard_1298_batch_1.tar	256166912	267749	1834848256	4920630
5866	3473	AF-0000000210700773	shard_1858_batch_0.tar	188850176	195364	2715313152	2797870
5870	3369	AF-0000000210687153	shard_1688_batch_0.tar	69493760	130096	833342464	1219417
5873	3976	AF-0000000210761199	shard_1282_batch_1.tar	200178688	261417	2634789888	4817001
5879	3266	AF-0000000203587369	shard_1408_batch_0.tar	25013248	36268	134822912	73630
5879	3429	AF-0000000203587370	shard_1408_batch_0.tar	17806848	36132	113923584	73395
5882	3057	AF-0000000203667062	shard_1412_batch_0.tar	17145344	39285	177516544	99801
5882	3265	AF-0000000203667067	shard_1410_batch_0.tar	22709760	38784	100939264	95084
5885	3247	AF-0000000210671784	shard_1550_batch_1.tar	37403136	94321	707887616	602205
5885	3251	AF-0000000210671967	shard_1550_batch_1.tar	79216640	94627	304900608	600576
5907	3028	AF-0000000210610171	shard_1591_batch_0.tar	96190976	104122	451554816	751404
5908	3018	AF-0000000210609456	shard_1558_batch_2.tar	6752768	95078	208074240	633556
5911	3251	AF-0000000204572888	shard_1534_batch_2.tar	25490432	91456	342193152	532789
5911	3705	AF-0000000204572835	shard_1458_batch_2.tar	22839296	65635	182840320	266745
5911	3930	AF-0000000204572792	shard_1585_batch_0.tar	29992960	104196	200775680	728008
5914	3247	AF-0000000204563162	shard_1468_batch_2.tar	26791936	69696	192678912	289934
5914	3251	AF-0000000204563164	shard_1468_batch_2.tar	28997120	69806	189348352	289653
5914	3725	AF-0000000210731096	shard_1436_batch_2.tar	24534528	56174	109745152	190207
5914	3774	AF-0000000210738521	shard_1731_batch_0.tar	97789440	146336	325386752	1399540
5915	3247	AF-0000000204566454	shard_1614_batch_2.tar	5434368	114090	495278080	843433
5915	3251	AF-0000000204566456	shard_1614_batch_2.tar	23773184	114248	379730944	832271
5915	3252	AF-0000000204566356	shard_1731_batch_0.tar	65505792	147409	480698368	1511166
5922	3501	AF-0000000210703645	shard_1578_batch_1.tar	60148224	96130	387496960	674104
5924	3028	AF-0000000204324376	shard_1498_batch_1.tar	66162176	77471	500459520	400877
5928	3018	AF-0000000204348671	shard_1416_batch_1.tar	43483136	45280	167781888	122540
5928	3247	AF-0000000204348683	shard_1460_batch_1.tar	19450880	67443	160434688	272380
5928	3251	AF-0000000204348685	shard_1460_batch_1.tar	19979264	67528	234479104	272228
5929	3242	AF-0000000203578433	shard_1440_batch_0.tar	33591296	57799	164801024	210224
5929	3244	AF-0000000203578434	shard_1444_batch_0.tar	10857984	58946	319428096	223508
5932	3174	AF-0000000203508194	shard_1582_batch_0.tar	19385344	99086	353839104	706276
5936	3252	AF-0000000204312072	shard_1622_batch_2.tar	51635200	115733	463252992	883201
5940	3107	AF-0000000203835369	shard_1422_batch_0.tar	24002560	47561	91718656	140811
5940	3985	AF-0000000203845448	shard_1420_batch_0.tar	13435392	47358	99290624	140127
5942	3803	AF-0000000210741758	shard_1760_batch_0.tar	22468608	143957	597682176	1580141
5948	3775	AF-0000000204760868	shard_1867_batch_0.tar	71753216	199485	2735757312	2982057
5957	3168	AF-0000000204828490	shard_1855_batch_1.tar	2306048	193267	1739410944	2562065
5957	3216	AF-0000000210670020	shard_1841_batch_1.tar	176768000	184256	559807488	2539457
5959	3877	AF-0000000210749478	shard_1230_batch_0.tar	209880064	212054	1862682112	3329005
5978	3254	AF-0000000204724944	shard_1531_batch_0.tar	72145408	85639	528218624	538327
5980	3799	AF-0000000203600998	shard_1658_batch_0.tar	109533184	123262	335403008	1022286
5982	3799	AF-0000000203601470	shard_1670_batch_0.tar	71289856	125898	459904000	1098642
5982	3933	AF-0000000210756122	shard_1624_batch_0.tar	68792832	110940	523382272	857875
5983	3799	AF-0000000210741251	shard_1650_batch_0.tar	78605312	120681	935625216	985885
5984	3799	AF-0000000210741252	shard_1756_batch_0.tar	102800896	151780	1159344128	1633930
5984	3933	AF-0000000210756124	shard_1716_batch_0.tar	81862656	137060	616448512	1356882
5985	3799	AF-0000000210741253	shard_1768_batch_0.tar	3128320	156875	1886785024	1722027
5985	3933	AF-0000000210756125	shard_1728_batch_0.tar	30844928	142950	1348441600	1442195
5992	3650	AF-0000000210722246	shard_1444_batch_0.tar	19718144	58010	234990080	216304
5992	3917	AF-0000000210754576	shard_1462_batch_0.tar	36374016	66309	366008832	278697
6003	3081	AF-0000000210616298	shard_1724_batch_1.tar	40712704	137845	1437630976	1369417
6003	3341	AF-0000000210683628	shard_1694_batch_1.tar	87544320	133266	771770368	1241648
6003	3451	AF-0000000210698171	shard_1684_batch_1.tar	44733440	130128	673765888	1156771
6003	3962	AF-0000000210759423	shard_1640_batch_1.tar	63207424	116722	745463296	955625
6008	3369	AF-0000000210687163	shard_1731_batch_0.tar	85693952	144503	796984832	1460410
6010	3799	AF-0000000203714723	shard_1726_batch_0.tar	80844288	139846	626930176	1410969
6013	3532	AF-0000000210709288	shard_1616_batch_1.tar	8324608	108893	285616128	807653
6013	3976	AF-0000000210761201	shard_1296_batch_1.tar	169691136	273480	1264156160	5307134
6017	3778	AF-0000000210738853	shard_1277_batch_0.tar	99686912	242277	1753504768	4527999
6018	3976	AF-0000000210761202	shard_1282_batch_1.tar	32593408	260089	1055746048	4764727
6021	3954	AF-0000000210757951	shard_1270_batch_0.tar	190879744	249659	1489923584	4237263
6026	3163	AF-0000000210656744	shard_1278_batch_0.tar	36094464	248136	1829031424	4313670
6032	3373	AF-0000000203930341	shard_1878_batch_1.tar	64170496	189170	989594112	2738925
6032	3738	AF-0000000203930342	shard_1846_batch_1.tar	185989632	177937	2461427712	2332497
6034	3094	AF-0000000203903250	shard_1582_batch_1.tar	90039296	102588	355168768	701526
6039	3702	AF-0000000204726694	shard_1617_batch_0.tar	81126912	109086	501926912	844010
6043	3009	AF-0000000210608086	shard_1230_batch_0.tar	76147200	216562	2126526464	3148020
6044	3168	AF-0000000210657445	shard_1310_batch_2.tar	2017280	288057	2727912448	5525787
6048	3409	AF-0000000210692734	shard_1277_batch_1.tar	126082048	250931	4416061440	4494502
6049	3009	AF-0000000210608087	shard_1824_batch_0.tar	67162112	172767	1308228608	2066799
6049	3479	AF-0000000210701733	shard_1854_batch_0.tar	73653248	184205	1385752064	2547365
6052	3013	AF-0000000210609135	shard_1706_batch_1.tar	107352576	135353	1499658752	1212436
6052	3343	AF-0000000210683912	shard_1834_batch_2.tar	26641920	185475	323115008	2352216
6052	3800	AF-0000000210741418	shard_1722_batch_2.tar	55498240	131580	236560384	1301249
6071	3657	AF-0000000203949318	shard_1250_batch_1.tar	39355392	230967	3165955072	3805498
6071	3741	AF-0000000203949313	shard_1824_batch_1.tar	163526144	180813	2323422720	2337871
6073	3084	AF-0000000203665205	shard_1406_batch_0.tar	28564992	33949	70602240	63138
6073	3270	AF-0000000203665208	shard_1406_batch_0.tar	6765568	32363	93132800	58597
6074	3227	AF-0000000210670578	shard_1433_batch_0.tar	53578752	53396	240287232	181948
6074	3760	AF-0000000210736138	shard_1603_batch_0.tar	64017920	105645	780799488	750489
6075	3013	AF-0000000210609136	shard_1254_batch_1.tar	86540288	233837	499216384	3548080
6075	3680	AF-0000000210725605	shard_1254_batch_1.tar	135801856	234074	2288013312	3582923
6075	3789	AF-0000000210740050	shard_1886_batch_1.tar	153567744	212381	1548100096	3023704
6075	3810	AF-0000000210742395	shard_1852_batch_1.tar	69703168	193201	2053148672	2542337
6075	3849	AF-0000000210746228	shard_1324_batch_1.tar	223665152	322439	5046219776	7255250
6075	3896	AF-0000000210751158	shard_1868_batch_1.tar	192441344	201046	761697280	2775930
6075	3956	AF-0000000210758226	shard_1876_batch_1.tar	192766464	205829	2515822080	2860381
6078	3938	AF-0000000203643413	shard_1780_batch_0.tar	69334016	159254	1133898240	1842578
6081	3530	AF-0000000203889764	shard_1498_batch_1.tar	27908096	75737	401903616	383874
6081	3570	AF-0000000210713705	shard_1686_batch_1.tar	115005952	123005	1063238656	1063536
6084	3707	AF-0000000210729038	shard_1794_batch_0.tar	46499840	164211	1810625536	1971591
6084	3811	AF-0000000210742578	shard_1806_batch_0.tar	162163712	168551	2333277696	2058725
6085	3515	AF-0000000210707198	shard_1308_batch_0.tar	155435520	280599	3923142144	5694534
6088	3515	AF-0000000210707199	shard_1292_batch_0.tar	22735872	261149	3024136704	5056760
6091	3393	AF-0000000210689877	shard_1510_batch_0.tar	79167488	77272	502529024	437649
6092	3898	AF-0000000210751406	shard_1666_batch_2.tar	28048384	124557	416558080	1138201
6094	3480	AF-0000000210701810	shard_1678_batch_1.tar	113581056	129325	738492416	1180775
6095	3341	AF-0000000210683629	shard_1494_batch_0.tar	72369152	76595	408858112	390599
6098	3719	AF-0000000203808561	shard_1578_batch_0.tar	81775616	99786	496671232	723802
6104	3319	AF-0000000210681878	shard_1828_batch_0.tar	165278720	178962	1633381376	2463094
6105	3844	AF-0000000210746076	shard_1292_batch_2.tar	47753216	253950	423322112	4824192
6109	3018	AF-0000000204378380	shard_1484_batch_1.tar	9110528	74254	169440256	346493
6109	3251	AF-0000000204378398	shard_1552_batch_2.tar	26728448	95785	100773376	575086
6109	3448	AF-0000000210697880	shard_1502_batch_1.tar	31205376	79841	358586880	428022
6109	3516	AF-0000000210707330	shard_1472_batch_1.tar	24141824	71210	298550784	315956
6109	3592	AF-0000000210716659	shard_1616_batch_2.tar	36083200	112942	298635776	849238
6109	3705	AF-0000000204378367	shard_1472_batch_1.tar	30206976	69786	226921472	311465
6109	3725	AF-0000000210731108	shard_1508_batch_1.tar	28114432	82642	553112576	437624
6111	3515	AF-0000000210707200	shard_1874_batch_0.tar	115664896	199263	704854016	2828225
6111	3585	AF-0000000210715751	shard_1710_batch_0.tar	51117056	134692	447644672	1183304
6111	3673	AF-0000000210724715	shard_1784_batch_0.tar	32224768	157841	1415791616	1655438
6115	3049	AF-0000000210612657	shard_1492_batch_0.tar	9630208	77198	173705216	314744
6115	3050	AF-0000000210612691	shard_1486_batch_0.tar	38673408	74452	421647872	293889
6118	3541	AF-0000000210710135	shard_1812_batch_0.tar	93324800	168572	2231714304	1976318
6119	3005	AF-0000000210607520	shard_1722_batch_1.tar	6339072	140123	942973440	1453626
6119	3606	AF-0000000210718262	shard_1842_batch_1.tar	74452480	189772	2066805248	2589965
6119	3866	AF-0000000210748022	shard_1672_batch_1.tar	37177344	128212	788042752	1165875
6119	3880	AF-0000000210749594	shard_1650_batch_0.tar	50396672	120934	984500224	1016589
6119	3892	AF-0000000210750945	shard_1722_batch_1.tar	39763456	143122	829138944	1468155
6120	3515	AF-0000000210707201	shard_1752_batch_0.tar	112190976	149413	1210852864	1600834
6120	3930	AF-0000000210755768	shard_1538_batch_0.tar	6411264	91882	507443712	542691
6122	3394	AF-0000000210690013	shard_1875_batch_0.tar	146878464	200501	2206231040	2956163
6122	3395	AF-0000000210690050	shard_1877_batch_0.tar	22224896	202590	2603325952	3018899
6124	3348	AF-0000000210684665	shard_1724_batch_2.tar	22743040	139307	493598720	1395788
6124	3773	AF-0000000210738387	shard_1744_batch_2.tar	55642112	146585	796244992	1490343
6125	3081	AF-0000000210616308	shard_1228_batch_0.tar	192028160	208237	2781406208	2960646
6126	3930	AF-0000000203965629	shard_1774_batch_1.tar	87068672	159036	1050007040	1682904
6130	3577	AF-0000000210714757	shard_1819_batch_0.tar	150267904	172398	1465475584	2076343
6132	3384	AF-0000000210689217	shard_1676_batch_2.tar	40708096	127605	220220416	1119830
6136	3090	AF-0000000203777272	shard_1794_batch_0.tar	30075904	168508	489290240	2067198
6138	3803	AF-0000000210741767	shard_1876_batch_0.tar	131781120	204992	735409664	2952773
6143	3216	AF-0000000210670030	shard_1852_batch_1.tar	176937984	188832	2153047040	2627550
6143	3319	AF-0000000210681881	shard_1854_batch_1.tar	2670080	189982	481615872	2630208
6149	3345	AF-0000000210684442	shard_1499_batch_0.tar	63690752	77729	223388672	399546
6154	3020	AF-0000000203929063	shard_1708_batch_1.tar	48672768	135231	1238457856	1291208
6154	3737	AF-0000000210733176	shard_1736_batch_1.tar	80740352	143120	847024128	1448302
6160	3226	AF-0000000203860560	shard_1678_batch_1.tar	20634112	124244	504559616	1187378
6170	3803	AF-0000000210741769	shard_1498_batch_0.tar	8857088	76186	348583424	403553
6176	3818	AF-0000000210744601	shard_1272_batch_0.tar	206136832	247540	633710592	4479469
6182	3585	AF-0000000210715755	shard_1242_batch_1.tar	136804864	222228	2152409600	3448713
6183	3930	AF-0000000210755770	shard_1254_batch_1.tar	226600448	225843	1925510144	3731021
6185	3295	AF-0000000210677271	shard_1776_batch_1.tar	19393024	160948	377993216	1900450
6189	3657	AF-0000000210723331	shard_1236_batch_1.tar	37509632	222289	3221051392	3529494
6192	3334	AF-0000000210683095	shard_1770_batch_0.tar	112326144	159940	310783488	1818694
6192	3687	AF-0000000203465684	shard_1770_batch_0.tar	27863552	159521	495802368	1823663
6201	3316	AF-0000000210680958	shard_1834_batch_0.tar	21560832	182247	1652972544	2437663
6204	3414	AF-0000000203776819	shard_1862_batch_1.tar	47420416	196272	665431040	2708872
6224	3206	AF-0000000210669624	shard_1569_batch_0.tar	86874624	101250	830518784	580934
6227	3340	AF-0000000210683580	shard_1734_batch_2.tar	50191872	141310	252672000	1460729
6230	3012	AF-0000000210609017	shard_1768_batch_2.tar	34295808	152134	817466880	1642693
6234	3834	AF-0000000203781803	shard_1622_batch_0.tar	15451648	114276	793879040	878855
6238	3334	AF-0000000210683096	shard_1794_batch_0.tar	59460608	168516	1320842240	2047396
6238	3687	AF-0000000210726253	shard_1794_batch_0.tar	144988672	168715	801232384	2074520
6239	3799	AF-0000000210741256	shard_1744_batch_0.tar	109913088	149577	388850688	1555747
6245	3404	AF-0000000210691552	shard_1820_batch_0.tar	32707584	175855	1012396544	2179180
6246	3029	AF-0000000210610405	shard_1574_batch_0.tar	36834304	98856	652555264	683423
6253	3319	AF-0000000210681893	shard_1281_batch_0.tar	204605952	249909	3291352064	4551435
6256	3081	AF-0000000210616314	shard_1700_batch_1.tar	23463936	127982	1470115840	1202429
6256	3930	AF-0000000210755771	shard_1688_batch_1.tar	98497536	130387	424314368	1213584
6262	3773	AF-0000000210738392	shard_1756_batch_2.tar	24146432	149813	399790592	1610986
6263	3592	AF-0000000210716667	shard_1301_batch_0.tar	122463744	278604	4503366656	5487770
6264	3657	AF-0000000210723334	shard_1325_batch_0.tar	319422976	326057	953839616	7606196
6266	3261	AF-0000000210672614	shard_1489_batch_0.tar	8727040	72352	400638464	372749
6268	3261	AF-0000000210672615	shard_1636_batch_0.tar	9121280	115773	881018880	886571
6270	3799	AF-0000000210741257	shard_1858_batch_0.tar	36125184	191327	2481178112	2591055
6271	3022	AF-0000000210609846	shard_1558_batch_1.tar	49391104	95712	437760000	583316
6271	3741	AF-0000000210733609	shard_1558_batch_1.tar	29111296	96351	216915968	588475
6276	3114	AF-0000000210654863	shard_1630_batch_1.tar	43630080	113474	465635840	933060
6280	3910	AF-0000000203886637	shard_1524_batch_1.tar	84155392	87037	640171520	495697
6280	3976	AF-0000000203886639	shard_1264_batch_1.tar	58422784	244228	3984369152	4326937
6284	3577	AF-0000000210714763	shard_1230_batch_1.tar	93754880	213275	1693228544	3164721
6288	3022	AF-0000000210609847	shard_1258_batch_0.tar	223750144	235119	3436056576	4190556
6288	3741	AF-0000000210733610	shard_1258_batch_0.tar	129479680	235595	3384449536	4209355
6292	3591	AF-0000000210716369	shard_1232_batch_2.tar	68162560	215016	1054119424	3361724
6292	3930	AF-0000000210755772	shard_1846_batch_2.tar	56252416	189166	448876544	2518991
6293	3515	AF-0000000210707206	shard_1292_batch_0.tar	68017152	260615	1893746688	4907754
6297	3434	AF-0000000210696887	shard_1238_batch_0.tar	209804288	218197	3350356480	3540312
6298	3216	AF-0000000210670041	shard_1792_batch_2.tar	8872960	162430	413647872	2003015
6298	3319	AF-0000000210681897	shard_1794_batch_2.tar	67975168	163445	924188160	2022260
6299	3022	AF-0000000203477896	shard_1264_batch_0.tar	43991040	235185	1798843392	4360886
6299	3741	AF-0000000203477898	shard_1264_batch_0.tar	168733696	235604	3480339456	4367997
6301	3087	AF-0000000203924610	shard_1692_batch_1.tar	50944000	135671	1001057792	1225279
6301	3620	AF-0000000203924618	shard_1316_batch_1.tar	197191680	313073	6352803840	6906981
6302	3092	AF-0000000204670759	shard_1331_batch_0.tar	112334336	350424	3409238528	8706168
6302	3634	AF-0000000204670906	shard_1759_batch_0.tar	33510400	154700	1292528128	1681173
6302	3824	AF-0000000204670772	shard_1713_batch_0.tar	14692352	139232	1302038528	1356995
6303	3799	AF-0000000210741258	shard_1281_batch_0.tar	225551360	252793	3581702144	4702085
6319	3725	AF-0000000210731111	shard_1766_batch_1.tar	22718976	156639	820884992	1720550
6322	3242	AF-0000000210671508	shard_1556_batch_1.tar	89346048	94461	779678720	605371
6322	3244	AF-0000000210671546	shard_1562_batch_1.tar	38247424	96232	421606912	628930
6322	3803	AF-0000000210741781	shard_1596_batch_1.tar	95448576	104211	725324800	763792
6323	3724	AF-0000000210730889	shard_1850_batch_1.tar	167724032	193344	816251904	2533361
6324	3526	AF-0000000210708592	shard_1764_batch_1.tar	76628480	155983	616140800	1759587
6326	3594	AF-0000000210717343	shard_1784_batch_1.tar	42064896	163348	1843752448	1961921
6352	3319	AF-0000000210681898	shard_1844_batch_1.tar	72927232	183620	834348032	2612757
6356	3728	AF-0000000210731638	shard_1302_batch_0.tar	267612160	274918	2222302720	5089904
6361	3764	AF-0000000210736798	shard_1564_batch_1.tar	69220352	95357	317433856	611331
6367	3700	AF-0000000210728438	shard_1790_batch_1.tar	112333312	166658	1372552192	1965437
6388	3733	AF-0000000210732352	shard_1311_batch_0.tar	136634368	282918	1500033024	5515257
6388	3788	AF-0000000210739982	shard_1249_batch_0.tar	77145600	221103	2512852480	3559003
6398	3697	AF-0000000210727753	shard_1336_batch_1.tar	68904960	396452	8384826880	10643326
6401	3343	AF-0000000210683919	shard_1845_batch_0.tar	138324480	193166	2338397184	2560688
6403	3799	AF-0000000203596073	shard_1756_batch_0.tar	106615808	151017	640246272	1662126
6408	3809	AF-0000000210742301	shard_1531_batch_0.tar	27256832	88077	177290240	542109
6409	3133	AF-0000000210655763	shard_1582_batch_0.tar	8759808	100816	560158208	705199
6412	3012	AF-0000000210609019	shard_1794_batch_1.tar	17943040	162924	727000064	1809274
6414	3590	AF-0000000210716287	shard_1280_batch_0.tar	212174848	252559	590896640	4627336
6414	3739	AF-0000000210733380	shard_1304_batch_0.tar	269181952	277882	2955147776	5566956
6416	3570	AF-0000000210713718	shard_1719_batch_0.tar	45364736	131659	1578431488	1258598
6430	3725	AF-0000000210731114	shard_1564_batch_1.tar	61061120	96542	635637760	651568
6430	3803	AF-0000000210741784	shard_1576_batch_1.tar	8007680	97765	254913536	680395
6434	3311	AF-0000000210680459	shard_1323_batch_0.tar	166881280	314165	6640773632	6732218
6435	3055	AF-0000000210613250	shard_1506_batch_1.tar	6717440	80993	263998976	423131
6435	3453	AF-0000000203946233	shard_1568_batch_1.tar	6813184	99034	666602496	662631
6440	3013	AF-0000000210609141	shard_1838_batch_0.tar	82497024	184514	1261946368	2265675
6448	3107	AF-0000000204700153	shard_1451_batch_0.tar	18610688	57159	257758208	240125
6448	3254	AF-0000000204700212	shard_1481_batch_0.tar	51854336	67591	221429760	333283
6448	3824	AF-0000000204700150	shard_1451_batch_0.tar	40916480	57179	313815552	238977
6448	3985	AF-0000000204700166	shard_1449_batch_0.tar	48313344	56585	195228160	234167
6449	3228	AF-0000000204030035	shard_1876_batch_1.tar	155755520	207761	3091398656	3130162
6451	3591	AF-0000000210716370	shard_1286_batch_2.tar	71694336	251140	1894548480	4526680
6452	3343	AF-0000000210683920	shard_1832_batch_2.tar	66963456	185450	398956544	2368979
6452	3501	AF-0000000210703661	shard_1574_batch_1.tar	47200256	94844	779982336	643118
6456	3281	AF-0000000210675072	shard_1552_batch_0.tar	84238336	93880	497728000	587189
6456	3739	AF-0000000210733382	shard_1866_batch_0.tar	24372736	198056	569110528	2701117
6457	3281	AF-0000000210675073	shard_1488_batch_0.tar	31872000	73816	494838784	360741
6457	3941	AF-0000000210757035	shard_1688_batch_0.tar	1310208	127594	549873152	1130668
6459	3316	AF-0000000203883335	shard_1694_batch_1.tar	89293824	131937	1187596288	1288590
6467	3490	AF-0000000210702754	shard_1286_batch_2.tar	124344320	264776	1518723584	5167941
6470	3095	AF-0000000210618016	shard_1826_batch_0.tar	117567488	182503	1930589696	2265920
6470	3343	AF-0000000210683922	shard_1244_batch_0.tar	54726144	230796	2901522944	3665092
6470	3799	AF-0000000210741259	shard_1808_batch_0.tar	117102592	173775	587243008	2060266
6471	3319	AF-0000000210681911	shard_1839_batch_0.tar	167182848	183590	2002796544	2549618
6471	3719	AF-0000000210730566	shard_1617_batch_0.tar	97102848	110394	745658368	880308
6482	3367	AF-0000000210686838	shard_1670_batch_1.tar	77662208	125742	1016857088	1038119
6482	3453	AF-0000000203957683	shard_1738_batch_1.tar	128061440	146683	687711744	1500765
6482	3481	AF-0000000210701902	shard_1796_batch_1.tar	116139008	165802	1768744960	1742722
6482	3549	AF-0000000210711190	shard_1242_batch_1.tar	172352512	227261	1846296576	3483168
6482	3592	AF-0000000210716671	shard_1746_batch_1.tar	139231232	150347	1047224320	1534712
6482	3620	AF-0000000203957696	shard_1310_batch_1.tar	250270208	297027	992445952	5818450
6482	3746	AF-0000000210734052	shard_1312_batch_1.tar	221506048	298698	5757532160	6038632
6482	3788	AF-0000000203957671	shard_1688_batch_1.tar	81853440	132009	1021880832	1162504
6482	3877	AF-0000000210749481	shard_1270_batch_1.tar	183058944	242726	1948376064	4086466
6489	3370	AF-0000000210687923	shard_1864_batch_0.tar	14388736	195033	2157357056	2612476
6492	3883	AF-0000000210749782	shard_1795_batch_0.tar	57495552	167072	1996689408	1871997
6498	3216	AF-0000000210670052	shard_1305_batch_0.tar	113720832	273527	2212890624	5304535
6498	3319	AF-0000000210681914	shard_1305_batch_0.tar	65303552	274751	4319543808	5331690
6498	3709	AF-0000000210729259	shard_1237_batch_0.tar	110481920	215122	1031375872	3086618
6505	3343	AF-0000000204433951	shard_1817_batch_0.tar	14114304	174520	1057309696	2175884
6505	3825	AF-0000000204433921	shard_1498_batch_2.tar	15671296	73503	145091584	395822
6506	3620	AF-0000000210720655	shard_1310_batch_2.tar	3182592	298068	2445378560	6287573
6508	3092	AF-0000000204257077	shard_1303_batch_0.tar	242774528	279353	1180456960	5581210
6508	3277	AF-0000000210674265	shard_1594_batch_1.tar	101422592	104347	353846272	778511
6508	3453	AF-0000000204257080	shard_1590_batch_2.tar	33750016	103798	388369920	754890
6508	3683	AF-0000000210725910	shard_1578_batch_2.tar	49570304	100922	403225600	724414
6508	3953	AF-0000000204257084	shard_1540_batch_1.tar	34465280	90518	503805952	554631
6511	3279	AF-0000000210674783	shard_1810_batch_1.tar	39638016	171325	1893605376	2137795
6512	3673	AF-0000000210724716	shard_1224_batch_1.tar	207436800	201863	2086150656	2994030
6512	3731	AF-0000000210732254	shard_1786_batch_1.tar	26971648	158299	1289269248	1834929
6512	3930	AF-0000000210755774	shard_1848_batch_1.tar	52865024	186290	775965184	2553443
6513	3592	AF-0000000210716674	shard_1742_batch_1.tar	108127232	147338	402056704	1578426
6513	3620	AF-0000000204119477	shard_1308_batch_2.tar	120579584	294726	431451648	6275161
6515	3244	AF-0000000203578642	shard_1444_batch_0.tar	5632512	58466	220502528	219295
6519	3684	AF-0000000210726015	shard_1230_batch_2.tar	100108288	213281	1295137280	3357291
6523	3725	AF-0000000210731118	shard_1812_batch_0.tar	59402240	176112	2401166848	2135451
6526	3411	AF-0000000210693986	shard_1836_batch_0.tar	147354112	184172	1140658176	2477338
6529	3585	AF-0000000210715762	shard_1610_batch_0.tar	27228672	106681	554860032	760410
6532	3554	AF-0000000210711425	shard_1440_batch_0.tar	28759552	57196	230927872	181951
6532	3917	AF-0000000210754586	shard_1440_batch_0.tar	25757184	57247	157361664	181026
6533	3676	AF-0000000210725170	shard_1830_batch_1.tar	84027392	184939	541471232	2476777
6533	3930	AF-0000000210755775	shard_1830_batch_1.tar	58403840	185313	2430912512	2486891
6534	3549	AF-0000000210711195	shard_1835_batch_0.tar	1104384	186800	453001728	2489674
6535	3215	AF-0000000210669788	shard_1702_batch_1.tar	38005760	134200	1528429056	1308000
6535	3216	AF-0000000210670058	shard_1702_batch_1.tar	20542464	134259	1352216064	1327800
6536	3174	AF-0000000204668693	shard_1605_batch_0.tar	17983488	105373	709823488	773724
6536	3261	AF-0000000204668678	shard_1475_batch_0.tar	37640704	69791	316129280	329448
6537	3174	AF-0000000210659185	shard_1635_batch_0.tar	34038784	112903	886891008	886004
6537	3725	AF-0000000210731119	shard_1501_batch_0.tar	74830848	79504	235174400	411047
6542	3929	AF-0000000210755680	shard_1848_batch_2.tar	22699520	186177	349709312	2600253
6544	3150	AF-0000000210656345	shard_1873_batch_0.tar	125907968	196663	632698368	2756899
6544	3169	AF-0000000210658975	shard_1839_batch_0.tar	116680192	179260	1709126144	2310250
6544	3173	AF-0000000210659125	shard_1279_batch_0.tar	165001728	245559	3753788928	4177338
6544	3255	AF-0000000210672179	shard_1269_batch_0.tar	197169664	234551	2189443584	3872660
6544	3327	AF-0000000210682747	shard_1859_batch_0.tar	48593408	185308	1267396096	2636658
6544	3483	AF-0000000210702124	shard_1237_batch_0.tar	28135424	212725	2781673472	3313908
6544	3558	AF-0000000210711683	shard_1269_batch_0.tar	99598336	236082	2295942656	3937152
6544	3559	AF-0000000210711707	shard_1247_batch_0.tar	169214976	219330	3618758144	3411350
6544	3599	AF-0000000210717858	shard_1259_batch_0.tar	71711744	228157	3138554880	3644401
6544	3625	AF-0000000210721175	shard_1275_batch_0.tar	230185472	242924	4424871936	4104685
6544	3626	AF-0000000210721180	shard_1265_batch_0.tar	77405184	233986	799328256	3835598
6544	3627	AF-0000000210721182	shard_1249_batch_0.tar	44331008	219115	446448640	3440769
6544	3629	AF-0000000210721208	shard_1269_batch_0.tar	71348224	237532	2214756864	3918871
6544	3631	AF-0000000210721235	shard_1887_batch_0.tar	65478144	203109	647602176	2976446
6544	3632	AF-0000000210721238	shard_1241_batch_0.tar	84711424	215723	3498547200	3317883
6544	3638	AF-0000000210721357	shard_1887_batch_0.tar	178548736	204436	1262363136	2976254
6544	3639	AF-0000000210721359	shard_1241_batch_0.tar	27327488	215853	1535352320	3326221
6544	3640	AF-0000000210721362	shard_1247_batch_0.tar	152117760	221736	564393984	3423623
6544	3641	AF-0000000210721364	shard_1279_batch_0.tar	214638592	247011	1522969088	4218959
6544	3642	AF-0000000210721370	shard_1883_batch_0.tar	30477824	201356	2239783936	2978053
6544	3643	AF-0000000210721391	shard_1293_batch_0.tar	246125056	259809	1188483072	4669423
6544	3644	AF-0000000210721394	shard_1261_batch_0.tar	6381568	229460	1518133760	3746976
6544	3652	AF-0000000210722405	shard_1251_batch_0.tar	47307776	220892	2744773120	3480596
6544	3703	AF-0000000210728620	shard_1285_batch_0.tar	35688448	251880	512264192	4769729
6544	3941	AF-0000000210757037	shard_1255_batch_0.tar	118140928	220629	1615015424	3710492
6547	3808	AF-0000000210742268	shard_1527_batch_0.tar	20149760	86479	352555520	515463
6556	3282	AF-0000000210675450	shard_1659_batch_0.tar	108324864	122490	1062056448	996244
6556	3430	AF-0000000210696259	shard_1805_batch_0.tar	80539136	172005	1168583680	2016676
6556	3755	AF-0000000210735606	shard_1599_batch_0.tar	61664768	107356	838245376	774526
6556	3799	AF-0000000210741263	shard_1721_batch_0.tar	117084672	141242	614423040	1362154
6560	3281	AF-0000000210675077	shard_1472_batch_0.tar	47289856	68720	313789952	322337
6562	3504	AF-0000000204623629	shard_1507_batch_0.tar	33280000	79067	512349184	451582
6563	3448	AF-0000000210697890	shard_1736_batch_1.tar	23995904	146605	325662720	1529415
6566	3988	AF-0000000210762182	shard_1758_batch_0.tar	143207424	153179	1471174656	1615934
6567	3329	AF-0000000210682936	shard_1334_batch_1.tar	48638464	363802	5634254848	10179185
6567	3434	AF-0000000210696889	shard_1330_batch_1.tar	45507072	346367	6874890752	9110289
6568	3549	AF-0000000210711196	shard_1862_batch_1.tar	16225792	197226	2778603520	2754001
6569	3799	AF-0000000210741264	shard_1584_batch_0.tar	6473216	102344	760651776	686680
6579	3803	AF-0000000210741796	shard_1800_batch_1.tar	124053504	160480	1750837760	1946544
6585	3799	AF-0000000204108130	shard_1886_batch_2.tar	8633856	209917	1498334720	3072791
6586	3409	AF-0000000210692753	shard_1856_batch_2.tar	31282176	195803	1333007360	2775894
6586	3411	AF-0000000204108442	shard_1226_batch_2.tar	80608768	214220	250688512	3387914
6587	3179	AF-0000000210659977	shard_1560_batch_1.tar	16560640	96938	768703488	638260
6587	3180	AF-0000000210659987	shard_1560_batch_1.tar	12026368	96813	585809408	642383
6589	3620	AF-0000000210720660	shard_1308_batch_1.tar	55439360	293577	4273992704	5793480
6590	3896	AF-0000000210751162	shard_1238_batch_2.tar	67071488	209070	1670712320	3569268
6594	3215	AF-0000000210669790	shard_1246_batch_2.tar	31319040	226734	1910345216	3512594
6594	3216	AF-0000000210670061	shard_1246_batch_2.tar	104838144	226703	1613257728	3484999
6602	3592	AF-0000000210716676	shard_1872_batch_0.tar	53968384	196945	691130368	2905451
6614	3434	AF-0000000210696891	shard_1250_batch_1.tar	50966016	226171	770474496	3866873
6616	3407	AF-0000000210692181	shard_1868_batch_1.tar	16926208	197561	1011734528	2808110
6616	3551	AF-0000000210711330	shard_1764_batch_1.tar	46743552	152290	1638013952	1541535
6616	3592	AF-0000000210716677	shard_1816_batch_1.tar	101728768	173486	484043264	2107131
6616	3620	AF-0000000210720661	shard_1322_batch_1.tar	40281600	320143	2117382656	7033486
6617	3391	AF-0000000210689806	shard_1751_batch_0.tar	10988544	147575	759568384	1558236
6617	3399	AF-0000000204635570	shard_1883_batch_0.tar	170352640	203154	2435807232	2903328
6617	3400	AF-0000000210690984	shard_1871_batch_0.tar	113835520	198443	1508813312	2745263
6619	3860	AF-0000000210747485	shard_1865_batch_1.tar	149251072	198181	1776062464	2948555
6620	3168	AF-0000000203546480	shard_1222_batch_0.tar	155379712	209744	3260649984	3039293
6625	3277	AF-0000000210674268	shard_1774_batch_1.tar	10931712	160967	1610027520	1798615
6626	3167	AF-0000000210656967	shard_1621_batch_0.tar	28958720	109667	844166144	839672
6632	3238	AF-0000000210671223	shard_1743_batch_0.tar	81724416	146884	1703083520	1459533
6632	3239	AF-0000000210671310	shard_1743_batch_0.tar	45325824	146881	1793238016	1459255
6634	3732	AF-0000000203543060	shard_1674_batch_0.tar	14666752	124871	665326080	1004286
6640	3341	AF-0000000210683633	shard_1510_batch_1.tar	75373568	82130	575514624	441624
6643	3341	AF-0000000210683634	shard_1486_batch_0.tar	71978496	74372	284697088	363238
6645	3394	AF-0000000210690016	shard_1815_batch_0.tar	157517312	174710	931153920	2144136
6645	3936	AF-0000000210756229	shard_1283_batch_0.tar	38878720	251189	4918962688	4395282
6646	3340	AF-0000000210683585	shard_1770_batch_1.tar	103370240	157857	1247612928	1757123
6646	3399	AF-0000000203856212	shard_1862_batch_1.tar	392192	194365	1110734848	2653075
6647	3228	AF-0000000210670652	shard_1700_batch_1.tar	61233664	132077	1313342976	1252702
6648	3228	AF-0000000210670653	shard_1606_batch_1.tar	17073664	108996	532916736	828293
6651	3676	AF-0000000210725173	shard_1228_batch_2.tar	34033152	215195	1150170112	3201783
6663	3411	AF-0000000210693992	shard_1830_batch_1.tar	131674112	183119	1816422912	2412209
6667	3009	AF-0000000210608131	shard_1760_batch_2.tar	45681152	155307	291985920	1675357
6673	3340	AF-0000000210683586	shard_1872_batch_0.tar	171526144	204807	857274880	2973405
6675	3319	AF-0000000210681928	shard_1278_batch_0.tar	158840832	249750	1949593600	4726068
6677	3281	AF-0000000210675081	shard_1240_batch_0.tar	93839872	217970	3321718784	3269142
6680	3515	AF-0000000210707213	shard_1274_batch_0.tar	12813824	245014	3542447616	4262497
6687	3910	AF-0000000203886558	shard_1668_batch_1.tar	79011328	123904	545714688	1030543
6687	3976	AF-0000000203886568	shard_1302_batch_1.tar	99341824	280849	2030503936	5679038
6703	3192	AF-0000000210668991	shard_1496_batch_0.tar	1624576	74974	390620160	414706
6704	3281	AF-0000000210675082	shard_1430_batch_0.tar	28242944	52036	232920064	172364
6706	3329	AF-0000000210682939	shard_1330_batch_1.tar	215262208	346913	7602129408	9045150
6706	3706	AF-0000000203923203	shard_1312_batch_1.tar	258384384	290623	3989726208	6566332
6706	3722	AF-0000000210730681	shard_1312_batch_1.tar	278569984	287425	4219963392	6622925
6707	3009	AF-0000000210608134	shard_1850_batch_2.tar	20924928	193439	1062744064	2519693
6718	3238	AF-0000000204707312	shard_1741_batch_0.tar	97175552	146282	808732672	1431238
6721	3703	AF-0000000210728624	shard_1845_batch_0.tar	173023232	190041	2743890432	2578317
6721	3762	AF-0000000204725393	shard_1853_batch_0.tar	83463680	193476	2879301632	2786275
6724	3980	AF-0000000210761527	shard_1774_batch_0.tar	7444480	158493	1617014784	1707137
6725	3549	AF-0000000210711199	shard_1321_batch_0.tar	119367168	311248	2856899584	6581779
6729	3657	AF-0000000210723339	shard_1844_batch_2.tar	61336064	191453	342724096	2564283
6730	3340	AF-0000000210683587	shard_1787_batch_0.tar	83983360	161332	1805137920	1754695
6732	3121	AF-0000000210655571	shard_1654_batch_1.tar	52489216	118269	604886016	975240
6732	3801	AF-0000000210741448	shard_1742_batch_1.tar	14821888	142647	1540140544	1439256
6735	3459	AF-0000000210698757	shard_1764_batch_1.tar	96784384	158082	818147328	1782474
6736	3447	AF-0000000210697736	shard_1686_batch_0.tar	31881728	129920	755041280	1219167
6740	3228	AF-0000000203934303	shard_1532_batch_1.tar	41994240	87763	203187200	535023
6747	3261	AF-0000000204241108	shard_1482_batch_1.tar	40791040	70987	376180224	357911
6749	3362	AF-0000000210686413	shard_1626_batch_0.tar	96232448	112949	712137728	884253
6752	3751	AF-0000000210734744	shard_1865_batch_0.tar	50705408	198429	907302400	2746195
6755	3423	AF-0000000210695372	shard_1464_batch_0.tar	43280896	67279	232739328	286651
6755	3505	AF-0000000210704801	shard_1672_batch_1.tar	94830592	129729	1293789184	1145606
6755	3843	AF-0000000210746048	shard_1472_batch_0.tar	28532736	70870	411013120	313255
6760	3515	AF-0000000203710494	shard_1314_batch_0.tar	6161920	292599	5409024512	6113866
6762	3483	AF-0000000210702130	shard_1827_batch_0.tar	120849408	180357	1869414400	2282132
6780	3592	AF-0000000210716683	shard_1838_batch_1.tar	182113792	183909	2366603264	2409103
6785	3092	AF-0000000210617899	shard_1326_batch_0.tar	64985600	331533	7313951744	8025324
6785	3571	AF-0000000210713911	shard_1726_batch_0.tar	62293504	140195	1061693952	1432110
6785	3803	AF-0000000210741810	shard_1694_batch_0.tar	67209216	129682	845008384	1234435
6788	3319	AF-0000000210681934	shard_1811_batch_0.tar	122372608	168766	1215405056	2154698
6788	3799	AF-0000000210741266	shard_1715_batch_0.tar	136903168	137403	1108351488	1319720
6795	3247	AF-0000000203889591	shard_1508_batch_1.tar	38634496	82891	394799616	434765
6795	3251	AF-0000000203889593	shard_1508_batch_1.tar	1967104	83057	435338752	429335
6795	3343	AF-0000000203889606	shard_1774_batch_1.tar	13955584	164355	572413440	1809319
6795	3458	AF-0000000210698668	shard_1544_batch_1.tar	22489088	89237	610070016	576135
6797	3579	AF-0000000210715116	shard_1271_batch_1.tar	124861440	240062	801312256	4000950
6798	3013	AF-0000000210609148	shard_1304_batch_0.tar	248227840	278100	5820135424	5050711
6799	3591	AF-0000000210716374	shard_1648_batch_2.tar	52271104	119746	518493696	1026114
6805	3988	AF-0000000210762188	shard_1794_batch_1.tar	55424512	166862	1875517952	1944767
6813	3009	AF-0000000210608142	shard_1815_batch_0.tar	101231104	176056	1931428352	2049693
6823	3339	AF-0000000210683450	shard_1780_batch_1.tar	144103936	158935	592044032	1849500
6824	3526	AF-0000000210708596	shard_1688_batch_1.tar	42249728	132533	715290624	1237793
6824	3606	AF-0000000210718267	shard_1840_batch_1.tar	71246848	189376	2065553920	2574852
6839	3705	AF-0000000210728834	shard_1702_batch_0.tar	46519296	133697	671889920	1199220
6839	3803	AF-0000000210741815	shard_1748_batch_0.tar	114224640	147047	973257728	1489134
6842	3013	AF-0000000203542249	shard_1750_batch_0.tar	41293312	153241	304673280	1547646
6844	3799	AF-0000000210741268	shard_1639_batch_0.tar	86794240	117994	1121841152	942288
6845	3673	AF-0000000210724718	shard_1876_batch_1.tar	45002752	197150	2748868608	2721595
6846	3216	AF-0000000210670074	shard_1850_batch_2.tar	76524544	187649	905164800	2591064
6846	3370	AF-0000000210687931	shard_1686_batch_2.tar	48940544	129410	350542848	1190327
6846	3688	AF-0000000210726301	shard_1834_batch_2.tar	82619904	181893	1161354240	2336994
6846	3705	AF-0000000210728835	shard_1602_batch_1.tar	29186560	106994	629946368	780817
6846	3752	AF-0000000210735040	shard_1873_batch_0.tar	166332416	195813	1736898048	2691419
6846	3938	AF-0000000210756418	shard_1780_batch_2.tar	47674880	156857	467869184	1827740
6848	3955	AF-0000000210758086	shard_1718_batch_0.tar	9396224	139222	1047764992	1396947
6850	3592	AF-0000000210716685	shard_1862_batch_0.tar	155570176	196049	471195136	2685987
6854	3020	AF-0000000203952750	shard_1694_batch_1.tar	72235008	133129	882911744	1219756
6854	3024	AF-0000000203952747	shard_1730_batch_1.tar	132373504	142155	853414400	1420891
6854	3439	AF-0000000203952746	shard_1782_batch_1.tar	88571904	152772	1156220416	1749093
6854	3737	AF-0000000210733178	shard_1722_batch_1.tar	3818496	139590	766366208	1371804
6854	3738	AF-0000000203952759	shard_1754_batch_1.tar	134483968	149690	882690048	1575104
6857	3020	AF-0000000203930193	shard_1716_batch_1.tar	40215040	138164	619444224	1337386
6857	3024	AF-0000000203930190	shard_1752_batch_1.tar	149101568	148111	1719111680	1556521
6857	3439	AF-0000000203930188	shard_1800_batch_1.tar	60513280	157649	449763840	1889199
6857	3440	AF-0000000210697323	shard_1744_batch_1.tar	61905408	145399	686098944	1510429
6857	3737	AF-0000000210733179	shard_1744_batch_1.tar	94121472	145218	775477760	1502699
6858	3373	AF-0000000203952002	shard_1838_batch_1.tar	60154880	173696	2550204416	2240179
6858	3737	AF-0000000210733180	shard_1770_batch_1.tar	40570880	151687	511179264	1677401
6858	3738	AF-0000000203952003	shard_1798_batch_1.tar	40189440	161808	2260049408	1865993
6864	3852	AF-0000000210746521	shard_1622_batch_1.tar	108289024	110407	727729152	820502
6869	3515	AF-0000000210707219	shard_1292_batch_0.tar	218938880	261102	4116367360	5004359
6880	3167	AF-0000000210656980	shard_1858_batch_1.tar	147531264	192390	2781972480	2518477
6887	3022	AF-0000000210609854	shard_1857_batch_0.tar	48623616	196456	1577953792	2827254
6898	3287	AF-0000000210676492	shard_1458_batch_0.tar	2593280	62986	150138368	270689
6900	3343	AF-0000000210683935	shard_1273_batch_0.tar	97488896	248722	877685248	4220102
6900	3725	AF-0000000210731133	shard_1763_batch_0.tar	88064000	153497	1509043200	1617729
6901	3274	AF-0000000210673798	shard_1330_batch_1.tar	79827968	333138	5933255168	7661903
6904	3167	AF-0000000210656981	shard_1799_batch_0.tar	31820288	164472	798159360	1897617
6906	3479	AF-0000000210701739	shard_1262_batch_1.tar	202307072	238132	2966483968	4076775
6910	3594	AF-0000000210717347	shard_1238_batch_1.tar	89854464	218553	2984919040	3448812
6917	3001	AF-0000000210607152	shard_1271_batch_0.tar	46428672	243926	3373391872	4092950
6917	3566	AF-0000000204203618	shard_1522_batch_1.tar	57516032	80227	626268672	488773
6926	3223	AF-0000000210670389	shard_1406_batch_0.tar	17264640	24507	83749376	32191
6928	3676	AF-0000000210725184	shard_1728_batch_1.tar	99980800	140848	777641472	1406556
6932	3803	AF-0000000210741817	shard_1504_batch_1.tar	19314176	79208	380430336	416616
6946	3809	AF-0000000204241302	shard_1490_batch_1.tar	29787136	75479	464046592	347959
6948	3597	AF-0000000210717667	shard_1822_batch_1.tar	77650944	171057	542128128	2300306
6959	3021	AF-0000000210609694	shard_1778_batch_1.tar	134191104	156158	2087734272	1754780
6959	3373	AF-0000000210688479	shard_1840_batch_1.tar	81612800	175512	512629760	2266903
6959	3738	AF-0000000210733237	shard_1800_batch_1.tar	126920704	163089	1021927424	1908793
6970	3495	AF-0000000210703294	shard_1852_batch_0.tar	118631936	188365	1876142592	2512285
6971	3370	AF-0000000210687935	shard_1460_batch_1.tar	49954304	63676	201248256	255824
6971	3448	AF-0000000210697897	shard_1426_batch_0.tar	46936064	50819	201089024	161881
6971	3799	AF-0000000210741269	shard_1546_batch_1.tar	77270528	90996	576993280	552888
6973	3931	AF-0000000210755914	shard_1608_batch_0.tar	41996800	106959	249963520	827908
6974	3319	AF-0000000210681945	shard_1804_batch_0.tar	109932032	167229	1250715648	2082518
6974	3622	AF-0000000210720857	shard_1546_batch_0.tar	82131456	92404	498862080	547934
6985	3689	AF-0000000210726419	shard_1764_batch_0.tar	113710592	151326	1849394176	1780365
6988	3018	AF-0000000210609475	shard_1829_batch_0.tar	113517568	180381	1756208128	2320682
6991	3168	AF-0000000210657505	shard_1304_batch_1.tar	138848256	279250	5167912448	5630143
6993	3580	AF-0000000210715311	shard_1225_batch_0.tar	127934464	208952	3310135296	3007381
7000	3196	AF-0000000210669327	shard_1257_batch_0.tar	138274816	230494	2512486912	3874758
7000	3370	AF-0000000210687936	shard_1279_batch_0.tar	153257984	246422	2554646528	4419441
7004	3006	AF-0000000210607532	shard_1688_batch_1.tar	36741120	132901	339322368	1177043
7004	3316	AF-0000000210680997	shard_1874_batch_1.tar	186576384	202912	1735400448	2962023
7004	3496	AF-0000000210703469	shard_1694_batch_1.tar	8801792	134307	935412736	1210461
7005	3936	AF-0000000210756235	shard_1296_batch_0.tar	67862016	266927	3004276224	5076108
7007	3042	AF-0000000210612041	shard_1658_batch_0.tar	23553024	119749	550561280	1019796
7007	3092	AF-0000000210617901	shard_1320_batch_0.tar	7438848	310261	1830838272	6883708
7007	3370	AF-0000000210687937	shard_1652_batch_0.tar	86047232	118410	652119040	959430
7007	3571	AF-0000000210713920	shard_1658_batch_0.tar	54925312	119431	1115390464	988364
7010	3178	AF-0000000210659971	shard_1230_batch_0.tar	79378432	207258	2542921728	3255120
7015	3809	AF-0000000203719443	shard_1290_batch_0.tar	14079488	265560	3309524480	4448082
7023	3227	AF-0000000204127356	shard_1474_batch_1.tar	5757440	69748	380935680	327608
7023	3526	AF-0000000210708597	shard_1640_batch_1.tar	82291200	115817	1096758784	958198
7023	3534	AF-0000000210709354	shard_1680_batch_1.tar	101312000	127750	784634368	1112236
7028	3417	AF-0000000210694915	shard_1678_batch_1.tar	33586176	123762	1057906688	1109336
7040	3755	AF-0000000203919300	shard_1522_batch_1.tar	67303424	86733	604339200	486095
7043	3570	AF-0000000210713733	shard_1833_batch_0.tar	73386496	176570	2405049344	2237232
7044	3526	AF-0000000210708598	shard_1758_batch_1.tar	107008512	151358	1070917120	1678769
7045	3542	AF-0000000210710482	shard_1638_batch_1.tar	87495168	118052	673916928	923221
7045	3958	AF-0000000210758726	shard_1852_batch_1.tar	15835648	187167	1498456576	2476535
7049	3411	AF-0000000204208120	shard_1293_batch_0.tar	115422208	266030	2889208320	5327651
7054	3849	AF-0000000210746245	shard_1875_batch_0.tar	171561984	201715	2938448384	3054825
7056	3216	AF-0000000210670081	shard_1852_batch_2.tar	54500352	188166	884360704	2729181
7056	3319	AF-0000000210681954	shard_1854_batch_2.tar	21678592	189211	1038059008	2714068
7056	3524	AF-0000000210708503	shard_1720_batch_2.tar	53188096	139392	426207232	1351265
7058	3551	AF-0000000210711332	shard_1278_batch_1.tar	77905920	250804	1115154432	4363902
7058	3620	AF-0000000210720662	shard_1336_batch_1.tar	243169792	419300	1646967296	11860336
7059	3480	AF-0000000210701821	shard_1692_batch_1.tar	100352512	134146	448641536	1238459
7060	3110	AF-0000000210653341	shard_1746_batch_2.tar	52460544	149978	208970240	1464944
7062	3020	AF-0000000203930076	shard_1700_batch_1.tar	102869504	134303	462910464	1256852
7062	3024	AF-0000000203930073	shard_1736_batch_1.tar	3797504	143785	559612928	1458675
7062	3439	AF-0000000203930072	shard_1788_batch_1.tar	65042944	154152	652717568	1795981
7062	3737	AF-0000000210733182	shard_1728_batch_1.tar	121361920	140916	869514240	1410028
7065	3799	AF-0000000210741270	shard_1680_batch_0.tar	83322368	127013	1004145664	1154116
7070	3890	AF-0000000204743354	shard_1513_batch_0.tar	46850048	82157	459771392	456469
7073	3252	AF-0000000210672074	shard_1576_batch_0.tar	81437184	101855	450438656	673321
7076	3168	AF-0000000210657515	shard_1307_batch_1.tar	44604928	286973	2179827712	5851486
7090	3009	AF-0000000210608160	shard_1237_batch_0.tar	76614144	218839	2570430464	3039788
7092	3082	AF-0000000204619715	shard_1649_batch_0.tar	61471232	115376	308591104	942933
7099	3325	AF-0000000210682598	shard_1295_batch_0.tar	130455552	265152	4027582976	4769194
7099	3444	AF-0000000210697626	shard_1231_batch_0.tar	45145088	214772	890519040	3181551
7099	3956	AF-0000000210758241	shard_1825_batch_0.tar	136107008	177042	953567744	2077398
7102	3348	AF-0000000210684671	shard_1626_batch_1.tar	79084544	109355	295477248	896220
7105	3018	AF-0000000204630779	shard_1245_batch_0.tar	210989056	221544	1657207296	3728218
7108	3496	AF-0000000204654552	shard_1455_batch_0.tar	22811648	62411	151007232	248999
7115	3254	AF-0000000204700989	shard_1441_batch_0.tar	22922752	56341	208304128	197445
7115	3755	AF-0000000204700973	shard_1445_batch_0.tar	15607808	60222	148162560	222580
7116	3041	AF-0000000210611906	shard_1631_batch_0.tar	61935616	110952	704677888	878790
7116	3254	AF-0000000210672136	shard_1477_batch_0.tar	512	69039	342097920	326183
7116	3509	AF-0000000210705313	shard_1767_batch_0.tar	132509184	146402	732131328	1610137
7117	3755	AF-0000000204703123	shard_1555_batch_0.tar	71444992	96450	424989696	636501
7119	3106	AF-0000000210651281	shard_1621_batch_0.tar	78159872	108214	505774080	876219
7119	3411	AF-0000000210693998	shard_1881_batch_0.tar	117215744	204866	3357365248	3102499
7119	3650	AF-0000000210722281	shard_1609_batch_0.tar	55282176	105425	918601216	774731
7119	3824	AF-0000000210745009	shard_1621_batch_0.tar	85234688	109191	611303936	880714
7122	3399	AF-0000000210690947	shard_1849_batch_0.tar	39191552	185343	2204720128	2479893
7135	3806	AF-0000000210742155	shard_1679_batch_0.tar	46971904	122613	1360091648	1128154
7141	3247	AF-0000000210671792	shard_1680_batch_1.tar	2711552	132848	717215744	1139754
7141	3251	AF-0000000210671975	shard_1680_batch_1.tar	58896896	132805	916347392	1144663
7145	3958	AF-0000000210758732	shard_1812_batch_1.tar	4282880	165404	1867687424	2060090
7146	3711	AF-0000000210729583	shard_1287_batch_0.tar	254830592	249599	5151762944	5024701
7149	3530	AF-0000000204765311	shard_1535_batch_0.tar	17541120	84073	182179840	505592
7149	3570	AF-0000000210713737	shard_1721_batch_0.tar	4904448	131400	613166080	1256161
7152	3465	AF-0000000204768754	shard_1655_batch_0.tar	34525696	125984	1221038080	998555
7152	3853	AF-0000000210746581	shard_1883_batch_0.tar	156296192	213989	1146070528	2883184
7153	3256	AF-0000000210672183	shard_1741_batch_1.tar	36279296	147364	1435011072	1471696
7153	3630	AF-0000000210721227	shard_1769_batch_0.tar	35793920	157628	315987456	1665118
7153	3636	AF-0000000210721292	shard_1679_batch_0.tar	115121664	129995	1017926144	1111165
7153	3637	AF-0000000210721341	shard_1775_batch_1.tar	105051648	159391	1234663936	1697510
7153	3645	AF-0000000210721406	shard_1259_batch_1.tar	51860480	234623	1337567232	3688795
7165	3545	AF-0000000210710707	shard_1550_batch_0.tar	43681280	90804	523388416	535079
7165	3731	AF-0000000210732263	shard_1502_batch_0.tar	50798592	78132	244162048	398579
7165	3732	AF-0000000203605161	shard_1596_batch_0.tar	25912832	103441	630305792	699750
7165	3919	AF-0000000210754703	shard_1574_batch_0.tar	92224000	97039	569679872	638637
7168	3673	AF-0000000210724720	shard_1716_batch_1.tar	107477504	136502	1487401984	1328727
7168	3731	AF-0000000210732264	shard_1548_batch_1.tar	30411264	92637	566149632	587698
7172	3877	AF-0000000210749487	shard_1228_batch_0.tar	512	209356	3392499712	3288020
7174	3648	AF-0000000204007549	shard_1738_batch_1.tar	62354944	145517	864924160	1563455
7175	3636	AF-0000000210721293	shard_1765_batch_1.tar	65900032	156874	1069701632	1633521
7175	3645	AF-0000000210721407	shard_1289_batch_1.tar	251929600	261968	5039832064	4664802
7180	3435	AF-0000000210696948	shard_1318_batch_2.tar	45956096	294436	1015594496	6114236
7181	3399	AF-0000000210690948	shard_1859_batch_0.tar	187379712	191579	959514624	2665396
7181	3400	AF-0000000210690988	shard_1845_batch_0.tar	144920576	186900	1309560320	2512748
7182	3400	AF-0000000210690989	shard_1845_batch_0.tar	88131072	186516	398486016	2422836
7183	3469	AF-0000000210699387	shard_1618_batch_1.tar	19599360	115003	415443456	870980
7185	3238	AF-0000000204710241	shard_1691_batch_0.tar	5390336	130905	968726528	1237399
7187	3167	AF-0000000204771261	shard_1461_batch_0.tar	132608	65330	276400128	284686
7187	3168	AF-0000000204771262	shard_1707_batch_0.tar	32966656	137189	480815616	1291784
7189	3334	AF-0000000210683098	shard_1784_batch_0.tar	98211328	165622	313000448	1966437
7189	3687	AF-0000000210726256	shard_1786_batch_0.tar	17615872	165794	685233152	1977719
7195	3995	AF-0000000210763288	shard_1413_batch_0.tar	1483264	40138	118103040	98526
7197	3099	AF-0000000210618373	shard_1434_batch_0.tar	36676096	54011	156411392	156399
7197	3542	AF-0000000204057783	shard_1436_batch_0.tar	38649856	55450	159632384	162124
7197	3705	AF-0000000204057709	shard_1408_batch_1.tar	22614528	36957	79528448	74465
7197	3915	AF-0000000210753754	shard_1840_batch_2.tar	22042112	184552	1172446208	2324396
7202	3545	AF-0000000210710710	shard_1589_batch_0.tar	80590848	99996	697365504	686544
7202	3546	AF-0000000210710784	shard_1621_batch_0.tar	16177152	108065	875135488	817705
7202	3570	AF-0000000210713740	shard_1787_batch_0.tar	66385408	153352	1138535936	1714873
7202	3919	AF-0000000210754706	shard_1613_batch_0.tar	37445632	105535	906335232	813710
7206	3094	AF-0000000210617984	shard_1632_batch_2.tar	34242048	116799	193418240	889074
7209	3257	AF-0000000204853937	shard_1831_batch_1.tar	131782656	180632	2375330304	2240113
7213	3013	AF-0000000210609159	shard_1803_batch_1.tar	90480640	166936	482044928	1865545
7221	3541	AF-0000000210710155	shard_1778_batch_0.tar	14130176	157244	1339381248	1614991
7221	3585	AF-0000000210715780	shard_1692_batch_0.tar	36888576	130120	570121728	1107181
7223	3369	AF-0000000210687212	shard_1847_batch_0.tar	97052672	187632	972653568	2552455
7224	3592	AF-0000000210716693	shard_1780_batch_1.tar	151322624	161314	2100071424	1767194
7230	3594	AF-0000000210717349	shard_1792_batch_1.tar	15147520	165450	1127208960	2028317
7233	3013	AF-0000000203485358	shard_1772_batch_0.tar	155694592	157795	773266432	1721576
7233	3680	AF-0000000203485350	shard_1774_batch_0.tar	111409152	157675	1144807424	1730857
7238	3511	AF-0000000203801392	shard_1746_batch_1.tar	145340928	150636	795582464	1639940
7238	3717	AF-0000000210730496	shard_1754_batch_1.tar	95467008	153785	351296000	1724059
7241	3803	AF-0000000210741831	shard_1856_batch_2.tar	56005120	192559	708008448	2696736
7242	3106	AF-0000000210651285	shard_1429_batch_0.tar	35665408	50695	112443904	171396
7242	3254	AF-0000000210672137	shard_1455_batch_0.tar	36328960	61718	184202752	253421
7242	3465	AF-0000000210699112	shard_1477_batch_0.tar	43652608	71628	195484672	338723
7242	3810	AF-0000000210742421	shard_1463_batch_0.tar	16131072	64715	148973056	273556
7246	3658	AF-0000000203539942	shard_1508_batch_0.tar	15229440	76696	331438080	402621
7246	3681	AF-0000000210725728	shard_1506_batch_0.tar	38733824	76958	329170432	394421
7246	3731	AF-0000000210732268	shard_1434_batch_0.tar	6062080	54951	156763136	185311
7246	3732	AF-0000000203539933	shard_1510_batch_0.tar	21999104	80132	208444928	413400
7246	3733	AF-0000000203539935	shard_1688_batch_0.tar	90106880	130446	614348288	1094702
7249	3139	AF-0000000210655868	shard_1306_batch_0.tar	241305600	283865	2440416768	5960274
7249	3411	AF-0000000210693999	shard_1316_batch_0.tar	44322816	300154	6609976832	6909460
7254	3460	AF-0000000210698800	shard_1826_batch_1.tar	160610816	181035	1465100800	2319969
7254	3541	AF-0000000210710157	shard_1724_batch_1.tar	109426176	140544	1056315904	1385076
7254	3546	AF-0000000210710786	shard_1628_batch_1.tar	20367872	113430	285839872	913136
7254	3667	AF-0000000210724485	shard_1570_batch_1.tar	93841408	100004	523115008	674944
7254	3673	AF-0000000210724722	shard_1714_batch_1.tar	57821184	136879	680425984	1331759
7254	3731	AF-0000000210732269	shard_1544_batch_1.tar	16070656	92598	216414720	580086
7256	3319	AF-0000000210681968	shard_1798_batch_0.tar	47864832	167671	323902464	2043356
7256	3409	AF-0000000210692772	shard_1782_batch_0.tar	47383552	165241	1655157248	1965889
7256	3612	AF-0000000210719176	shard_1860_batch_0.tar	124898304	200020	1019215872	2685897
7269	3057	AF-0000000210613327	shard_1492_batch_0.tar	612864	72517	437259264	387630
7269	3429	AF-0000000210696122	shard_1486_batch_0.tar	3422208	70440	277154304	362652
7269	3614	AF-0000000210719477	shard_1486_batch_0.tar	35175424	70782	248607232	361444
7269	3779	AF-0000000210739080	shard_1494_batch_0.tar	35258368	72451	477781504	386467
7271	3242	AF-0000000210671512	shard_1556_batch_1.tar	27802624	94661	718136832	606415
7271	3244	AF-0000000210671550	shard_1562_batch_1.tar	35344384	96559	740388864	630126
7271	3803	AF-0000000210741832	shard_1596_batch_1.tar	60001792	104359	243006464	765409
7274	3417	AF-0000000210694916	shard_1537_batch_0.tar	58200576	86201	674733056	542826
7281	3260	AF-0000000203569748	shard_1572_batch_0.tar	32286208	99989	353956352	687365
7294	3009	AF-0000000210608170	shard_1623_batch_0.tar	67146752	115067	504637440	856290
7295	3343	AF-0000000210683948	shard_1228_batch_0.tar	46642176	213613	1249583104	3153822
7296	3041	AF-0000000210611910	shard_1656_batch_1.tar	102270464	117232	774676480	939691
7297	3501	AF-0000000210703695	shard_1541_batch_0.tar	2636288	85571	301716480	543965
7301	3585	AF-0000000210715784	shard_1686_batch_1.tar	9944576	127295	962275328	1098064
7301	3681	AF-0000000210725731	shard_1694_batch_1.tar	28951552	129180	276953600	1138423
7304	3283	AF-0000000204129636	shard_1810_batch_2.tar	15169536	168718	491185664	2114887
7308	3546	AF-0000000210710787	shard_1806_batch_1.tar	66170368	170603	1814820864	2015673
7311	3753	AF-0000000210735278	shard_1304_batch_1.tar	168757248	277825	555002880	5636025
7319	3118	AF-0000000210655334	shard_1418_batch_0.tar	27596800	45683	198351872	126613
7319	3242	AF-0000000203842936	shard_1424_batch_0.tar	23937536	49558	152678400	147116
7319	3244	AF-0000000203842937	shard_1428_batch_0.tar	30860288	51156	136785920	160597
7319	3579	AF-0000000203842920	shard_1426_batch_0.tar	35601920	49510	178237952	153743
7319	3985	AF-0000000203842927	shard_1420_batch_0.tar	803328	47616	168201728	140599
7327	3261	AF-0000000203623109	shard_1502_batch_0.tar	42551808	76139	272297984	417246
7330	3316	AF-0000000204779521	shard_1731_batch_0.tar	27400192	141486	634900992	1515656
7330	3915	AF-0000000210753755	shard_1883_batch_0.tar	198504960	205371	964647424	3107496
7332	3049	AF-0000000203828479	shard_1494_batch_0.tar	5312512	76452	441646592	321327
7332	3050	AF-0000000203828483	shard_1488_batch_0.tar	1129472	73974	481874944	303570
7332	3067	AF-0000000210614402	shard_1492_batch_0.tar	52977152	76838	271681024	314953
7332	3159	AF-0000000203828484	shard_1504_batch_0.tar	7125504	80145	284266496	367771
7332	3858	AF-0000000203828481	shard_1494_batch_0.tar	55818240	78275	188594688	330524
7336	3107	AF-0000000203835977	shard_1420_batch_0.tar	28257280	45269	149014528	135221
7336	3108	AF-0000000210653248	shard_1428_batch_0.tar	45028352	49716	125714944	151678
7336	3118	AF-0000000210655335	shard_1416_batch_0.tar	21384704	43528	86592512	121478
7336	3579	AF-0000000203835981	shard_1424_batch_0.tar	18569728	46897	166606336	148436
7336	3728	AF-0000000210731649	shard_1550_batch_0.tar	26622976	89650	261937664	570395
7336	3824	AF-0000000203835975	shard_1420_batch_0.tar	25128448	45279	178191360	135540
7336	3985	AF-0000000203835990	shard_1418_batch_0.tar	30609920	45219	151728640	125884
7337	3118	AF-0000000203837100	shard_1416_batch_0.tar	6694912	43403	203501056	112230
7337	3579	AF-0000000203841584	shard_1422_batch_0.tar	1942528	47142	164779008	138753
7337	3985	AF-0000000203841592	shard_1418_batch_0.tar	34921984	44664	118553600	131940
7344	3506	AF-0000000203998233	shard_1250_batch_1.tar	49149440	227756	1852337152	3818305
7345	3591	AF-0000000210716382	shard_1292_batch_2.tar	129641984	263750	2396795904	4725740
7348	3300	AF-0000000210678510	shard_1331_batch_0.tar	223213056	354440	4326205952	8705881
7361	3804	AF-0000000203973919	shard_1436_batch_0.tar	50537472	55064	111831040	188557
7363	3581	AF-0000000210715364	shard_1760_batch_0.tar	109597184	157196	1724220928	1602297
7382	3777	AF-0000000210738708	shard_1866_batch_1.tar	105605120	191950	1236622848	2740611
7384	3369	AF-0000000210687214	shard_1240_batch_0.tar	163625984	217424	3074290688	3306327
7389	3905	AF-0000000203948776	shard_1680_batch_1.tar	77445632	125103	1217325568	1087894
7393	3343	AF-0000000203868479	shard_1270_batch_1.tar	207088128	249406	1553305088	4366237
7393	3705	AF-0000000203868466	shard_1720_batch_1.tar	102671360	142840	954730496	1379135
7407	3923	AF-0000000210755176	shard_1526_batch_1.tar	11998720	85284	620912128	513141
7427	3020	AF-0000000203929561	shard_1754_batch_1.tar	135540224	145419	780125696	1561863
7427	3024	AF-0000000203929558	shard_1786_batch_1.tar	72740864	155384	1145911808	1784995
7427	3439	AF-0000000203929557	shard_1830_batch_1.tar	96143360	165301	2419565568	2124459
7427	3737	AF-0000000210733183	shard_1778_batch_1.tar	17765376	152170	926517760	1733401
7435	3319	AF-0000000210681976	shard_1258_batch_1.tar	19095552	228133	1762613248	3879422
7443	3741	AF-0000000204260080	shard_1526_batch_1.tar	46672384	87833	336336384	463812
7468	3799	AF-0000000210741273	shard_1739_batch_0.tar	141550080	144205	1499477504	1459751
7496	3453	AF-0000000203707846	shard_1592_batch_0.tar	29427200	105412	821477888	792849
7496	3454	AF-0000000203707841	shard_1544_batch_0.tar	27132416	92314	297423360	583901
7496	3788	AF-0000000203707842	shard_1536_batch_0.tar	72470528	89913	696693760	539915
7526	3020	AF-0000000210609653	shard_1684_batch_1.tar	512	127300	484502016	1167837
7531	3598	AF-0000000210717814	shard_1566_batch_1.tar	94834176	96978	543095296	653254
7578	3256	AF-0000000204861214	shard_1733_batch_1.tar	124671488	145321	1697252352	1435166
7578	3636	AF-0000000210721294	shard_1669_batch_0.tar	104903680	127656	332347392	1079918
7578	3637	AF-0000000204861210	shard_1767_batch_1.tar	512	157149	637250048	1659694
7578	3645	AF-0000000210721408	shard_1255_batch_1.tar	127330816	232357	2833849856	3644970
7596	3021	AF-0000000203931058	shard_1784_batch_1.tar	105887744	158089	672019456	1766846
7596	3373	AF-0000000203931053	shard_1844_batch_1.tar	68069376	176665	469334016	2311113
7596	3737	AF-0000000210733184	shard_1778_batch_1.tar	123933184	155149	1317751808	1752810
7596	3738	AF-0000000203931054	shard_1804_batch_1.tar	31438336	165288	1856956416	1951412
7623	3334	AF-0000000210683099	shard_1748_batch_0.tar	22423040	151043	1608169472	1664237
7623	3687	AF-0000000203647039	shard_1748_batch_0.tar	44316672	150832	1140510720	1680439
7651	3420	AF-0000000210695061	shard_1677_batch_0.tar	121652224	124860	983232000	1137330
7660	3168	AF-0000000204003833	shard_1256_batch_1.tar	4889600	232162	2734292992	3736602
7660	3962	AF-0000000204003820	shard_1776_batch_1.tar	78685696	157963	545934848	1716921
7664	3018	AF-0000000210609481	shard_1646_batch_1.tar	52781056	120592	663643648	997354
7677	3013	AF-0000000210609165	shard_1744_batch_1.tar	88165888	150811	1586191360	1488494
7694	3343	AF-0000000210683951	shard_1326_batch_0.tar	118290944	336081	2345925632	7589222
7694	3374	AF-0000000210688507	shard_1334_batch_0.tar	114695168	365176	8317700608	8796710
7705	3825	AF-0000000210745111	shard_1584_batch_1.tar	17049600	101867	228767744	715212
7733	3541	AF-0000000210710163	shard_1226_batch_0.tar	177995776	209182	1801518080	2937986
7747	3028	AF-0000000210610208	shard_1750_batch_1.tar	15786496	150382	1316575232	1572275
7747	3047	AF-0000000210612437	shard_1672_batch_1.tar	87989760	127210	905986560	1072667
7760	3401	AF-0000000210691177	shard_1876_batch_2.tar	40284160	206583	694332928	2918001
7763	3168	AF-0000000204121471	shard_1300_batch_2.tar	106512384	268155	1381216256	5203640
7766	3009	AF-0000000210608188	shard_1789_batch_0.tar	106543104	167619	911550464	1890316
7773	3018	AF-0000000203486961	shard_1446_batch_0.tar	15678976	59249	163562496	232376
7773	3277	AF-0000000210674279	shard_1560_batch_0.tar	26895872	94686	674740736	636311
7773	3376	AF-0000000210688616	shard_1644_batch_0.tar	109795840	117749	418384896	970489
7773	3409	AF-0000000210692781	shard_1698_batch_0.tar	91295232	135214	1229940224	1313822
7773	3501	AF-0000000210703704	shard_1494_batch_0.tar	61301760	72461	413894656	366879
7773	3583	AF-0000000210715548	shard_1512_batch_0.tar	13391872	80288	549977600	444068
7798	3481	AF-0000000210701913	shard_1730_batch_1.tar	59920896	142495	1615834624	1325992
7799	3773	AF-0000000210738426	shard_1809_batch_0.tar	62949376	172669	2272393728	2087194
7803	3986	AF-0000000203474126	shard_1546_batch_0.tar	51268608	90672	532481536	514007
7810	3370	AF-0000000210687945	shard_1724_batch_0.tar	133406720	141653	532788224	1388341
7833	3501	AF-0000000210703706	shard_1574_batch_0.tar	40829952	93964	688268288	636481
7842	3028	AF-0000000204074307	shard_1844_batch_2.tar	18162176	185748	1156710400	2492997
7847	3214	AF-0000000203656741	shard_1462_batch_0.tar	14396416	65074	185447936	266835
7863	3370	AF-0000000210687947	shard_1826_batch_0.tar	55272448	178833	2009550848	2206029
7878	3168	AF-0000000210657536	shard_1304_batch_1.tar	50651136	280454	3630943232	5659815
7886	3416	AF-0000000210694837	shard_1883_batch_1.tar	12900864	208327	1261739520	2902783
7904	3212	AF-0000000203656737	shard_1462_batch_0.tar	26375168	65123	405773312	267756
7931	3018	AF-0000000203664650	shard_1520_batch_0.tar	2543616	84064	346423296	441281
7931	3705	AF-0000000203664626	shard_1508_batch_0.tar	51737088	79899	487542784	406495
7931	3789	AF-0000000203664590	shard_1634_batch_0.tar	73844736	115450	898608128	842463
7947	3018	AF-0000000210609483	shard_1255_batch_0.tar	213232128	227965	2018968064	3900495
7970	3371	AF-0000000210688069	shard_1854_batch_1.tar	140718592	183972	516144128	2470641
7970	3606	AF-0000000210718270	shard_1310_batch_1.tar	257795072	282508	3807064064	5747414
7970	3729	AF-0000000210732049	shard_1268_batch_1.tar	28199424	230770	4081364480	3997054
7970	3878	AF-0000000210749545	shard_1264_batch_1.tar	153352704	230128	1231086592	3916201
7970	3880	AF-0000000210749602	shard_1244_batch_1.tar	105812480	213540	1030545920	3403054
7994	3121	AF-0000000210655572	shard_1549_batch_0.tar	37095936	91057	604069888	581769
7995	3982	AF-0000000210761656	shard_1615_batch_0.tar	108847616	108279	825906688	820929
8010	3107	AF-0000000210651505	shard_1420_batch_0.tar	380928	45450	121716736	126893
8010	3985	AF-0000000210761805	shard_1418_batch_0.tar	10337280	44627	179659776	131862
8011	3139	AF-0000000210655871	shard_1856_batch_0.tar	78417408	191069	669586432	2670466
8040	3454	AF-0000000210698303	shard_1547_batch_1.tar	15793152	92818	685062656	597300
8040	3788	AF-0000000210739986	shard_1539_batch_1.tar	40046592	90440	180713984	547860
8054	3041	AF-0000000210611911	shard_1321_batch_0.tar	207291392	301147	3972685824	6386759
8054	3509	AF-0000000210705320	shard_1333_batch_0.tar	241184256	336232	5776761344	8102951
8085	3018	AF-0000000210609485	shard_1774_batch_0.tar	38739456	156799	1116726784	1684146
8085	3028	AF-0000000210610213	shard_1836_batch_0.tar	97715200	181846	2551606272	2268017
8085	3251	AF-0000000210671980	shard_1826_batch_0.tar	108635136	179351	2551200768	2127371
8085	3705	AF-0000000210728850	shard_1764_batch_0.tar	36006400	153827	1001035776	1594394
8092	3168	AF-0000000204111628	shard_1820_batch_2.tar	71115776	177006	1175451136	2174941
8126	3271	AF-0000000210673135	shard_1811_batch_0.tar	142009344	172960	1933120512	1997210
8142	3926	AF-0000000203956988	shard_1408_batch_0.tar	21884928	32360	85410304	68747
8142	3927	AF-0000000203956987	shard_1408_batch_0.tar	17289216	32222	98333184	68975
8144	3926	AF-0000000203957058	shard_1408_batch_0.tar	4346880	32611	80611328	73064
8144	3927	AF-0000000203957057	shard_1408_batch_0.tar	28819968	32929	85106688	72398
8146	3976	AF-0000000210761221	shard_1336_batch_1.tar	48775680	405411	11690906112	11159950
8160	3247	AF-0000000204167105	shard_1264_batch_2.tar	56018944	228310	1787701248	3748572
8160	3251	AF-0000000204167107	shard_1264_batch_2.tar	81961984	228193	1474223104	3758357
8189	3370	AF-0000000210687951	shard_1562_batch_2.tar	43964416	95958	108262912	638387
8196	3411	AF-0000000210694003	shard_1317_batch_0.tar	207537152	296718	717506048	6094256
8199	3926	AF-0000000203957384	shard_1408_batch_0.tar	26123264	32832	106704896	72480
8203	3407	AF-0000000210692243	shard_1297_batch_0.tar	43845632	265621	3257462272	5053732
8203	3592	AF-0000000210716701	shard_1271_batch_0.tar	87281152	241664	485293568	4094813
8206	3167	AF-0000000210657020	shard_1594_batch_0.tar	52738048	104709	329960448	781135
8234	3271	AF-0000000210673137	shard_1886_batch_1.tar	69622784	212340	658614784	3012614
8245	3319	AF-0000000210682004	shard_1252_batch_1.tar	54642176	229254	804151808	3837087
8304	3018	AF-0000000210609487	shard_1770_batch_1.tar	150647808	159701	1645355008	1713377
8304	3168	AF-0000000210657545	shard_1270_batch_1.tar	184273920	245777	4273718272	4119705
8307	3167	AF-0000000210657022	shard_1566_batch_1.tar	85347328	96406	777996288	647852
8307	3168	AF-0000000210657546	shard_1800_batch_2.tar	72110592	168508	580702720	2010397
8309	3167	AF-0000000210657023	shard_1551_batch_0.tar	22417408	95038	543550464	582686
8309	3168	AF-0000000210657547	shard_1791_batch_0.tar	163301888	166525	2173428736	1849805
8310	3139	AF-0000000203676610	shard_1824_batch_0.tar	58795520	177766	2571224576	2264011
8312	3956	AF-0000000210758255	shard_1644_batch_0.tar	97985024	118401	411637760	982229
8315	3060	AF-0000000204701588	shard_1843_batch_0.tar	97862656	183583	2088454144	2246053
8315	3254	AF-0000000204701611	shard_1837_batch_0.tar	127771136	179176	2306572800	2205335
8319	3976	AF-0000000210761222	shard_1308_batch_1.tar	199200256	292769	3365788672	6007345
8323	3566	AF-0000000210713200	shard_1825_batch_0.tar	142854656	175968	2319136256	2162782
8324	3980	AF-0000000210761542	shard_1324_batch_0.tar	306067968	318865	6675121152	7003100
8327	3081	AF-0000000210616374	shard_1648_batch_1.tar	73163264	115308	314392576	962258
8348	3411	AF-0000000204634766	shard_1841_batch_0.tar	120415744	185194	1630872576	2450240
8353	3274	AF-0000000210673835	shard_1251_batch_0.tar	32033280	220336	2791088128	3539875
8360	3501	AF-0000000210703711	shard_1772_batch_1.tar	39106048	156338	871169024	1799344
8376	3385	AF-0000000210689237	shard_1871_batch_0.tar	84121600	198046	1731672576	2674530
8387	3021	AF-0000000203931244	shard_1788_batch_1.tar	6039552	159355	686867968	1825128
8387	3373	AF-0000000203931241	shard_1848_batch_1.tar	174285312	178668	2228027392	2349569
8387	3737	AF-0000000210733189	shard_1784_batch_1.tar	12372992	156554	1470920704	1779306
8387	3738	AF-0000000203931242	shard_1810_batch_1.tar	62868480	166414	1541810688	1989659
8392	3515	AF-0000000210707224	shard_1327_batch_0.tar	249108992	327267	5414090240	8077758
8392	3567	AF-0000000210713397	shard_1307_batch_0.tar	22344704	287484	3616244224	6217282
8393	3986	AF-0000000210761947	shard_1640_batch_0.tar	75359744	117541	698798080	959762
8397	3454	AF-0000000205603510	shard_1539_batch_1.tar	30929408	89261	469913600	549917
8397	3788	AF-0000000205603511	shard_1531_batch_1.tar	16621568	87460	666555904	544076
8423	3325	AF-0000000210682602	shard_1262_batch_0.tar	187572224	234649	881174528	3986066
8428	3467	AF-0000000203455435	shard_1716_batch_0.tar	64367104	141280	1498171392	1382272
8438	3541	AF-0000000210710168	shard_1772_batch_0.tar	156952064	152213	1401329152	1581497
8438	3585	AF-0000000210715791	shard_1686_batch_0.tar	74779648	124788	342433792	1074059
8438	3732	AF-0000000210732314	shard_1698_batch_0.tar	37735936	129635	565762560	1151984
8438	3733	AF-0000000210732360	shard_1836_batch_0.tar	180974592	180304	2094217216	2158343
8448	3407	AF-0000000210692246	shard_1323_batch_0.tar	243107328	308837	3343747072	6828050
8453	3526	AF-0000000210708608	shard_1728_batch_1.tar	109857792	142364	807694336	1446343
8453	3598	AF-0000000210717820	shard_1624_batch_1.tar	17017344	112958	668385792	869095
8453	3683	AF-0000000210725919	shard_1688_batch_1.tar	109617664	131903	695869440	1254090
8486	3737	AF-0000000210733190	shard_1736_batch_1.tar	54308352	141789	1090181120	1451334
8486	3738	AF-0000000203929844	shard_1766_batch_1.tar	3876864	151455	892720640	1650213
8487	3020	AF-0000000203929826	shard_1738_batch_1.tar	70729216	145899	1642331136	1461001
8487	3737	AF-0000000210733191	shard_1764_batch_1.tar	44738560	152449	919348224	1633793
8495	3657	AF-0000000210723357	shard_1315_batch_1.tar	82400256	299982	6735034368	6433313
8515	3526	AF-0000000210708609	shard_1662_batch_2.tar	53133312	119846	434110976	1048675
8516	3325	AF-0000000210682603	shard_1224_batch_2.tar	13901824	209782	1728482816	3152820
8534	3107	AF-0000000203835355	shard_1420_batch_0.tar	28068864	45418	211631616	135998
8534	3118	AF-0000000210655339	shard_1416_batch_0.tar	37559808	43678	182008320	122526
8534	3579	AF-0000000203835554	shard_1424_batch_0.tar	18315776	47123	141175808	150157
8534	3985	AF-0000000203835562	shard_1418_batch_0.tar	24932864	45383	112706048	127304
8543	3167	AF-0000000210657028	shard_1816_batch_2.tar	42762752	171738	468620800	2142403
8550	3013	AF-0000000204733828	shard_1621_batch_0.tar	14944256	114381	536075776	825643
8550	3343	AF-0000000204733827	shard_1775_batch_0.tar	42413568	163910	1038091776	1781441
8550	3501	AF-0000000210703715	shard_1495_batch_0.tar	57363968	74427	230154752	380855
8579	3206	AF-0000000210669628	shard_1579_batch_0.tar	10358784	103696	467189760	628570
8582	3018	AF-0000000210609489	shard_1708_batch_1.tar	112171008	135551	455661056	1211199
8582	3228	AF-0000000210670667	shard_1714_batch_1.tar	22521856	137255	967977984	1275515
8596	3274	AF-0000000210673840	shard_1332_batch_0.tar	167266304	349888	7006376448	8611139
8612	3598	AF-0000000210717823	shard_1480_batch_0.tar	54725632	71678	204501504	346446
8616	3373	AF-0000000210688485	shard_1818_batch_1.tar	21913600	167991	1589972480	2058294
8616	3738	AF-0000000210733242	shard_1774_batch_1.tar	33048576	155475	1313112576	1714605
8629	3271	AF-0000000210673138	shard_1268_batch_1.tar	3136000	237405	3840041472	3858024
8636	3725	AF-0000000210731185	shard_1806_batch_1.tar	12779008	175503	1305977856	2097118
8649	3339	AF-0000000210683462	shard_1729_batch_0.tar	88841216	138385	555089408	1504151
8656	3247	AF-0000000210671799	shard_1584_batch_1.tar	39174144	102743	747077120	691140
8656	3251	AF-0000000210671982	shard_1584_batch_1.tar	20442624	102786	596966912	690518
8656	3252	AF-0000000210672081	shard_1702_batch_1.tar	105973760	136448	1371741696	1293002
8671	3018	AF-0000000210609491	shard_1681_batch_0.tar	89733120	124504	279687680	1099041
8681	3411	AF-0000000204684808	shard_1771_batch_0.tar	41145856	156034	686795776	1834788
8700	3385	AF-0000000210689239	shard_1494_batch_0.tar	56893952	75070	176030208	391682
8701	3108	AF-0000000210653252	shard_1428_batch_0.tar	35461120	51719	156244992	167751
8701	3579	AF-0000000203846481	shard_1426_batch_0.tar	31498240	49097	145959424	154180
8701	3985	AF-0000000203846489	shard_1420_batch_0.tar	16225280	47191	113888768	139387
8707	3700	AF-0000000210728452	shard_1704_batch_0.tar	27398656	136127	1360778752	1252207
8721	3401	AF-0000000210691182	shard_1252_batch_0.tar	3659776	236143	2696264704	3617546
8721	3416	AF-0000000210694843	shard_1850_batch_0.tar	159946240	189626	2373529088	2503427
8721	3515	AF-0000000203599119	shard_1220_batch_0.tar	68238848	205597	1123132416	3045593
8721	3928	AF-0000000210755582	shard_1832_batch_0.tar	27826688	181599	1249141248	2276481
8723	3755	AF-0000000204697685	shard_1583_batch_0.tar	37421056	103115	329527808	747971
8779	3509	AF-0000000210705323	shard_1724_batch_2.tar	33565696	134914	449328640	1322030
8785	3592	AF-0000000210716704	shard_1878_batch_2.tar	21063168	205034	411867136	3075626
8804	3645	AF-0000000210721413	shard_1281_batch_1.tar	108478464	253221	3896624640	4332698
8813	3370	AF-0000000204258273	shard_1802_batch_2.tar	68652544	165880	578864640	1964494
8813	3571	AF-0000000210713933	shard_1806_batch_2.tar	66396672	166764	1069175808	1937326
8816	3755	AF-0000000203658810	shard_1244_batch_0.tar	3991552	226472	1703147008	3562985
8873	3370	AF-0000000203679767	shard_1224_batch_0.tar	84971008	209302	1903831552	3023111
8875	3515	AF-0000000210707226	shard_1265_batch_1.tar	85151744	235785	1899894272	3893548
8875	3826	AF-0000000210745306	shard_1231_batch_1.tar	34926592	214322	1766886912	2899208
8877	3689	AF-0000000210726438	shard_1764_batch_0.tar	14903296	152165	1351843328	1688150
8907	3168	AF-0000000204768117	shard_1865_batch_0.tar	77682176	197240	1841767936	2677543
8918	3234	AF-0000000210671110	shard_1505_batch_0.tar	52327424	79355	343321088	418933
8918	3254	AF-0000000204713094	shard_1545_batch_0.tar	36263424	89625	416566784	562434
8918	3956	AF-0000000210758264	shard_1605_batch_0.tar	82961920	106629	810719744	789974
8920	3307	AF-0000000210679391	shard_1761_batch_0.tar	10621440	153233	1466240512	1660903
8920	3348	AF-0000000210684678	shard_1745_batch_0.tar	19303936	146889	1444395008	1547995
8920	3435	AF-0000000210696956	shard_1761_batch_0.tar	125777920	153362	1429574656	1638899
8936	3354	AF-0000000210685467	shard_1318_batch_0.tar	269600256	296503	5979763712	6966690
8939	3060	AF-0000000210613737	shard_1696_batch_0.tar	28360192	132778	1210284544	1181581
8958	3976	AF-0000000203887018	shard_1308_batch_1.tar	232563712	290648	2710583296	6120762
8973	3248	AF-0000000210671855	shard_1813_batch_0.tar	143547392	174866	1196521472	2033132
8978	3540	AF-0000000210709941	shard_1620_batch_1.tar	31983104	116192	518504960	877043
8998	3000	AF-0000000210607041	shard_1698_batch_1.tar	9272320	133345	1127547904	1314589
8998	3286	AF-0000000210675706	shard_1748_batch_1.tar	58580992	147599	1776770048	1614050
8999	3650	AF-0000000210722298	shard_1566_batch_0.tar	92874240	97222	451351552	611286
9000	3771	AF-0000000204106597	shard_1642_batch_1.tar	91351552	119032	287905280	973453
9036	3976	AF-0000000210761224	shard_1262_batch_1.tar	177071104	242606	4340509696	4157072
9079	3698	AF-0000000210728135	shard_1262_batch_1.tar	223805952	237203	1029739008	3687422
9101	3501	AF-0000000210703728	shard_1276_batch_1.tar	61945344	247560	3656693760	3843175
9107	3654	AF-0000000210722861	shard_1726_batch_1.tar	128923648	143713	1403950592	1387471
9160	3725	AF-0000000210731196	shard_1824_batch_1.tar	24225280	175937	2134652416	2263762
9162	3018	AF-0000000204859517	shard_1549_batch_0.tar	70973440	91566	681846784	546541
9162	3725	AF-0000000210731197	shard_1577_batch_0.tar	82084864	100068	626293248	654350
9164	3810	AF-0000000210742435	shard_1640_batch_0.tar	85396992	117143	467221504	982526
9184	3442	AF-0000000210697495	shard_1238_batch_0.tar	162657792	223986	700717056	3599032
9185	3728	AF-0000000210731656	shard_1658_batch_0.tar	13875200	116689	339555328	1007200
9223	3598	AF-0000000210717827	shard_1466_batch_0.tar	62647808	66523	240095744	302410
9249	3592	AF-0000000210716707	shard_1854_batch_0.tar	165295616	191971	2142851072	2617855
9273	3394	AF-0000000210690022	shard_1702_batch_2.tar	45117952	133001	676149760	1325650
9273	3704	AF-0000000210728743	shard_1720_batch_2.tar	15225344	139171	222838272	1450308
9273	3899	AF-0000000210751460	shard_1732_batch_2.tar	42798592	142530	664724992	1529760
9298	3167	AF-0000000210657041	shard_1751_batch_0.tar	149058560	152434	654541312	1604393
9298	3168	AF-0000000210657567	shard_1243_batch_1.tar	129664512	224256	2093217280	3481980
9299	3167	AF-0000000204785803	shard_1663_batch_0.tar	88433664	124685	366563328	1076765
9299	3168	AF-0000000204785804	shard_1861_batch_1.tar	48866816	195681	2564179968	2695275
9300	3168	AF-0000000210657568	shard_1327_batch_1.tar	114906624	319194	7143501312	7211035
9302	3168	AF-0000000204786415	shard_1307_batch_1.tar	277625856	282534	1309632512	5291041
9303	3167	AF-0000000204786390	shard_1761_batch_0.tar	74338816	153805	1021081600	1616872
9303	3168	AF-0000000204786391	shard_1247_batch_1.tar	144278528	225415	3236215296	3501461
9304	3168	AF-0000000210657569	shard_1269_batch_1.tar	166796288	241764	3787086848	4123686
9312	3585	AF-0000000210715797	shard_1716_batch_0.tar	108044288	136185	1175232512	1227863
9312	3732	AF-0000000210732315	shard_1728_batch_0.tar	114408960	140741	1394571264	1305636
9316	3167	AF-0000000204770992	shard_1507_batch_0.tar	18874368	80513	162324992	428993
9316	3168	AF-0000000204770993	shard_1753_batch_0.tar	49746944	151860	1577826816	1611544
9316	3915	AF-0000000210753769	shard_1887_batch_0.tar	21171712	209887	1249730048	3193684
9319	3108	AF-0000000210653254	shard_1430_batch_0.tar	5962240	51758	132619264	168612
9319	3118	AF-0000000210655343	shard_1418_batch_0.tar	29176320	45636	133127168	127508
9319	3242	AF-0000000203844146	shard_1424_batch_0.tar	46265856	49393	201468416	146186
9319	3244	AF-0000000203844147	shard_1426_batch_0.tar	16679424	50798	219796480	160259
9319	3579	AF-0000000203844127	shard_1426_batch_0.tar	31600128	49313	189762048	154360
9319	3703	AF-0000000210728660	shard_1740_batch_0.tar	51813376	149330	333379072	1513367
9319	3824	AF-0000000203844121	shard_1422_batch_0.tar	21897216	47695	226011648	141181
9319	3985	AF-0000000203844136	shard_1420_batch_0.tar	35935232	47414	96109056	140209
9327	3309	AF-0000000210679510	shard_1862_batch_1.tar	69155840	189884	2441395712	2714619
9329	3107	AF-0000000210651509	shard_1420_batch_0.tar	18548736	45080	193889792	135612
9329	3108	AF-0000000210653255	shard_1426_batch_0.tar	39652352	49304	248072192	152990
9329	3118	AF-0000000210655344	shard_1416_batch_0.tar	29692416	43005	136676864	122652
9329	3242	AF-0000000210671516	shard_1422_batch_0.tar	29440512	47061	230750208	138762
9329	3244	AF-0000000210671554	shard_1424_batch_0.tar	44906496	48373	178873344	151059
9329	3274	AF-0000000210673845	shard_1806_batch_1.tar	102633472	164414	1562393088	1972049
9329	3411	AF-0000000210694012	shard_1722_batch_1.tar	54727680	141154	652863488	1473742
9329	3579	AF-0000000210715156	shard_1424_batch_0.tar	24089088	46594	96291840	149278
9329	3824	AF-0000000210745022	shard_1420_batch_0.tar	6272512	45242	122800640	136008
9329	3985	AF-0000000210761813	shard_1418_batch_0.tar	41070080	44770	97812480	126613
9330	3018	AF-0000000204526523	shard_1413_batch_0.tar	37771776	41215	170255872	96768
9330	3177	AF-0000000210659670	shard_1410_batch_2.tar	8655872	37765	39859712	81255
9330	3246	AF-0000000210671691	shard_1410_batch_2.tar	15937024	37702	53663744	81518
9354	3485	AF-0000000210702321	shard_1518_batch_0.tar	7085056	83922	210639872	451646
9368	3810	AF-0000000210742439	shard_1672_batch_1.tar	64224768	122353	1170342912	1067290
9374	3168	AF-0000000210657572	shard_1242_batch_1.tar	134581248	217950	2953202176	3372642
9374	3648	AF-0000000210721621	shard_1232_batch_1.tar	108715008	210583	2504743936	3249023
9377	3673	AF-0000000210724727	shard_1666_batch_0.tar	54547456	122062	1082555392	999637
9380	3709	AF-0000000204859743	shard_1559_batch_0.tar	50138624	96408	786429952	655006
9394	3345	AF-0000000210684477	shard_1514_batch_0.tar	23356416	82211	614550016	457433
9394	3882	AF-0000000210749756	shard_1666_batch_1.tar	102753792	123785	1005083136	1096144
9403	3985	AF-0000000203836508	shard_1418_batch_0.tar	45741056	45512	111266816	127453
9411	3168	AF-0000000204111415	shard_1776_batch_2.tar	42270720	160660	576542208	1768189
9436	3021	AF-0000000203931158	shard_1786_batch_1.tar	123076608	158814	1136806912	1794082
9436	3373	AF-0000000203931154	shard_1846_batch_1.tar	183750144	178172	2035091968	2331862
9436	3738	AF-0000000203931155	shard_1808_batch_1.tar	116560896	165818	1425782784	1950972
9445	3049	AF-0000000203828522	shard_1494_batch_0.tar	51746816	76799	380778496	322452
9445	3050	AF-0000000203828523	shard_1488_batch_0.tar	62984192	74593	213256704	301774
9469	3257	AF-0000000210672208	shard_1285_batch_1.tar	192237056	255194	4431258112	4390630
9471	3251	AF-0000000210671984	shard_1506_batch_2.tar	23142400	81977	155427328	425747
9472	3554	AF-0000000210711440	shard_1474_batch_1.tar	24220160	70112	305836032	329565
9480	3184	AF-0000000210668808	shard_1881_batch_0.tar	23949312	209730	3041790464	3209272
9480	3185	AF-0000000210668851	shard_1881_batch_0.tar	180468736	209927	3154329088	3219231
9484	3737	AF-0000000210733196	shard_1770_batch_1.tar	103054848	153092	895937024	1668011
9496	3579	AF-0000000210715162	shard_1632_batch_1.tar	1162752	113220	772585984	904756
9501	3167	AF-0000000210657046	shard_1887_batch_0.tar	184215040	213538	1455022080	3307927
9501	3228	AF-0000000210670670	shard_1865_batch_0.tar	187982336	200780	1070270464	2908362
9501	3403	AF-0000000210691364	shard_1879_batch_0.tar	100658688	208216	695925760	3143798
9503	3020	AF-0000000203929781	shard_1724_batch_1.tar	42963968	139036	951342080	1383997
9503	3737	AF-0000000210733197	shard_1752_batch_1.tar	131271168	146020	1470134784	1543200
9504	3020	AF-0000000203929700	shard_1722_batch_1.tar	62763520	138555	316530176	1367314
9504	3737	AF-0000000210733198	shard_1750_batch_1.tar	50245120	145289	1553431552	1528372
9505	3020	AF-0000000203929673	shard_1726_batch_1.tar	17430528	140664	720708096	1399173
9505	3373	AF-0000000203929676	shard_1824_batch_1.tar	125236736	168927	1823269376	2135080
9505	3737	AF-0000000210733199	shard_1754_batch_1.tar	141285888	148119	480268800	1570991
9506	3020	AF-0000000203929624	shard_1718_batch_1.tar	47217664	137674	1636509696	1344574
9506	3737	AF-0000000210733200	shard_1744_batch_1.tar	32116224	144714	921222144	1510660
9515	3803	AF-0000000210741871	shard_1742_batch_1.tar	37996544	143625	1556451840	1447310
9516	3591	AF-0000000210716393	shard_1746_batch_1.tar	54001152	150324	739220992	1628326
9524	3468	AF-0000000210699280	shard_1302_batch_0.tar	210688000	275726	3343621120	5532216
9524	3529	AF-0000000210708959	shard_1316_batch_0.tar	159665664	300634	2785321984	6608646
9537	3084	AF-0000000203641987	shard_1406_batch_0.tar	18404864	29781	96571392	46257
9537	3485	AF-0000000203641992	shard_1406_batch_0.tar	8983040	30880	66679808	51191
9537	3572	AF-0000000203641989	shard_1406_batch_0.tar	5542400	27776	81611264	39021
9542	3704	AF-0000000203804819	shard_1732_batch_1.tar	95128064	141615	512803328	1540484
9584	3704	AF-0000000203548914	shard_1708_batch_0.tar	112964608	138566	715798528	1400499
9589	3228	AF-0000000210670671	shard_1508_batch_0.tar	4713472	80449	579929600	428527
9589	3319	AF-0000000210682040	shard_1774_batch_0.tar	138135040	156528	324254720	1876584
9594	3434	AF-0000000210696903	shard_1230_batch_0.tar	53183488	215803	591382016	3360465
9603	3407	AF-0000000210692261	shard_1756_batch_1.tar	139138560	150681	423436800	1675779
9622	3216	AF-0000000210670114	shard_1766_batch_0.tar	4210688	154453	1275016192	1741894
9622	3648	AF-0000000203701597	shard_1766_batch_0.tar	17647104	155146	1990487552	1733668
9628	3373	AF-0000000203930367	shard_1862_batch_1.tar	102900224	183633	1219444736	2509679
9628	3737	AF-0000000210733201	shard_1802_batch_1.tar	27160576	162614	1040215040	1910561
9628	3738	AF-0000000203930368	shard_1826_batch_1.tar	22522368	171176	1341636608	2117455
9635	3254	AF-0000000210672139	shard_1527_batch_0.tar	56983040	84648	406740480	485083
9637	3167	AF-0000000210657052	shard_1609_batch_0.tar	57910784	107324	313700864	826532
9637	3168	AF-0000000210657582	shard_1829_batch_0.tar	121423872	179471	847574016	2262946
9645	3247	AF-0000000210671803	shard_1536_batch_2.tar	24796672	90891	323222528	541823
9645	3251	AF-0000000210671986	shard_1536_batch_2.tar	22816768	91086	152487936	531794
9659	3700	AF-0000000204695465	shard_1611_batch_0.tar	103553024	109560	405338112	826042
9671	3515	AF-0000000210707229	shard_1308_batch_0.tar	114423808	280570	1230372352	5584363
9683	3184	AF-0000000210668809	shard_1433_batch_0.tar	27995136	54518	265320448	170059
9683	3185	AF-0000000210668852	shard_1433_batch_0.tar	32299520	54582	116786176	170110
9691	3168	AF-0000000210657583	shard_1295_batch_1.tar	216568320	266874	1184186368	4946562
9702	3228	AF-0000000210670673	shard_1229_batch_0.tar	50856960	214850	2707066368	3263897
9703	3497	AF-0000000210703496	shard_1886_batch_0.tar	129710080	205744	3292805120	3057614
9705	3803	AF-0000000210741872	shard_1595_batch_0.tar	88838656	105244	549877248	760813
9725	3409	AF-0000000210692798	shard_1856_batch_1.tar	141058048	193988	2068144128	2746231
9731	3295	AF-0000000210677290	shard_1761_batch_0.tar	141972480	154801	1845490688	1558629
9739	3081	AF-0000000210616388	shard_1768_batch_1.tar	104859648	149793	1025095168	1595843
9747	3698	AF-0000000210728141	shard_1235_batch_1.tar	153895936	213280	2610296320	3168883
9768	3167	AF-0000000210657055	shard_1879_batch_0.tar	64837120	208124	1333916160	3121449
9768	3168	AF-0000000210657586	shard_1303_batch_1.tar	245864448	280203	1408953344	5568503
9778	3706	AF-0000000210728991	shard_1263_batch_1.tar	44525568	236000	1384674816	4065472
9778	3722	AF-0000000210730686	shard_1261_batch_1.tar	219677184	233123	1621447680	4021828
9780	3622	AF-0000000210720864	shard_1466_batch_1.tar	44036096	67996	213064704	295303
9780	3725	AF-0000000210731209	shard_1482_batch_1.tar	60890112	74159	210087936	352309
9780	3803	AF-0000000210741873	shard_1492_batch_1.tar	43366912	75284	167775744	388125
9780	3840	AF-0000000210745929	shard_1764_batch_1.tar	70264832	151207	1557669888	1597064
9795	3735	AF-0000000210732596	shard_1718_batch_0.tar	126020096	139371	1130684416	1385580
9795	3947	AF-0000000210757486	shard_1848_batch_0.tar	103212544	188677	2293428736	2553068
9822	3035	AF-0000000210610723	shard_1640_batch_2.tar	10377216	114200	421622784	960332
9826	3020	AF-0000000203868879	shard_1832_batch_1.tar	83456512	183595	1086605312	2090029
9835	3591	AF-0000000210716395	shard_1795_batch_0.tar	124139520	164655	1612275712	1961430
9836	3741	AF-0000000204113275	shard_1644_batch_1.tar	75515904	119867	910597120	1021241
9870	3714	AF-0000000210730164	shard_1226_batch_0.tar	10806272	210222	2594186240	3192482
9884	3407	AF-0000000210692264	shard_1741_batch_0.tar	116937216	148879	1162954752	1560940
9884	3592	AF-0000000210716716	shard_1659_batch_0.tar	115949568	124001	638616064	1042406
9901	3689	AF-0000000210726443	shard_1878_batch_0.tar	96354304	199147	2700012032	3080138
9909	3247	AF-0000000204855696	shard_1785_batch_1.tar	60781056	161716	1982255616	1704455
9909	3705	AF-0000000204855650	shard_1711_batch_1.tar	74500096	136138	1344003072	1209695
9936	3018	AF-0000000210609501	shard_1598_batch_0.tar	34174976	106965	933074944	739356
9954	3730	AF-0000000204831237	shard_1881_batch_1.tar	175254016	202820	758467584	2899654
9956	3021	AF-0000000210609702	shard_1790_batch_1.tar	8060928	160546	1218346496	1829528
9956	3373	AF-0000000210688486	shard_1850_batch_1.tar	187817472	179274	1144900096	2372111
9956	3680	AF-0000000210725615	shard_1792_batch_1.tar	3287040	163333	2073520640	1846915
9956	3737	AF-0000000210733202	shard_1786_batch_1.tar	120802304	157757	1332285952	1798508
9956	3738	AF-0000000210733243	shard_1812_batch_1.tar	165386240	167037	2199487488	1990311
9965	3252	AF-0000000204119992	shard_1294_batch_2.tar	98392064	267057	1132206080	4882540
9965	3411	AF-0000000204120039	shard_1318_batch_2.tar	69096448	305918	2829655040	6271349
9965	3762	AF-0000000204119907	shard_1322_batch_2.tar	106470912	314607	1203134464	6903816
9965	3825	AF-0000000204119885	shard_1232_batch_2.tar	81722368	213157	306976256	3098623
9980	3348	AF-0000000210684680	shard_1258_batch_2.tar	49651712	226506	247576576	3629809
10002	3143	AF-0000000203559670	shard_1562_batch_0.tar	30710784	90834	790557184	616453
10006	3976	AF-0000000210761228	shard_1296_batch_1.tar	90138112	273856	929651712	5264384
10012	3294	AF-0000000203607650	shard_1868_batch_0.tar	149434368	201736	2971790848	2862921
10022	3545	AF-0000000210710715	shard_1781_batch_0.tar	66575872	154557	1799208448	1702911
10024	3680	AF-0000000210725616	shard_1285_batch_0.tar	232356864	258292	3610351104	4010075
10028	3107	AF-0000000203835801	shard_1420_batch_0.tar	29839872	45325	165637632	136614
10028	3579	AF-0000000203835804	shard_1424_batch_0.tar	17220608	47065	190853632	150385
10028	3985	AF-0000000203835813	shard_1420_batch_0.tar	28637184	45292	182763008	126641
10041	3419	AF-0000000210695017	shard_1738_batch_1.tar	2633728	143330	613214720	1439652
10048	3943	AF-0000000210757143	shard_1700_batch_0.tar	65606656	134101	1080731648	1251520
10070	3271	AF-0000000210673142	shard_1276_batch_1.tar	57715712	249893	2259740672	4329395
10082	3022	AF-0000000210609864	shard_1518_batch_1.tar	70373888	83186	346760192	466770
10120	3409	AF-0000000210692809	shard_1834_batch_0.tar	127232512	183502	574136320	2395747
10120	3411	AF-0000000203503404	shard_1872_batch_0.tar	15123456	201175	2821083136	2871575
10131	3980	AF-0000000210761548	shard_1295_batch_1.tar	45110784	266585	1776599552	4982317
10140	3648	AF-0000000210721627	shard_1752_batch_0.tar	86737920	148837	1686387712	1642759
10146	3980	AF-0000000210761549	shard_1872_batch_0.tar	36872192	203528	1925671424	2685331
10149	3319	AF-0000000210682060	shard_1732_batch_1.tar	64559616	144457	1688044544	1498762
10164	3978	AF-0000000210761341	shard_1336_batch_0.tar	395102208	394538	11771266560	10864775
10167	3494	AF-0000000210703119	shard_1303_batch_1.tar	51490816	279162	4689610752	5726802
10173	3483	AF-0000000210702157	shard_1871_batch_0.tar	170718720	203036	2328492544	2803294
10175	3962	AF-0000000210759457	shard_1723_batch_0.tar	66558976	140128	1160564736	1363348
10180	3558	AF-0000000210711685	shard_1296_batch_1.tar	241575424	260074	625625600	4822698
10182	3592	AF-0000000210716718	shard_1754_batch_1.tar	32261120	151648	1853936640	1589254
10188	3373	AF-0000000210688487	shard_1805_batch_0.tar	143120896	162553	1635958784	1774368
10190	3063	AF-0000000210614157	shard_1471_batch_0.tar	19452416	68207	340123136	302241
10191	3007	AF-0000000210607759	shard_1324_batch_0.tar	176130048	329341	2537635840	7487281
10196	3515	AF-0000000210707233	shard_1282_batch_0.tar	193982464	250510	1671619072	4506651
10199	3772	AF-0000000210738106	shard_1862_batch_2.tar	59482624	190650	692119552	2581771
10202	3287	AF-0000000210676515	shard_1432_batch_0.tar	22128128	52100	244033024	172155
10225	3755	AF-0000000210735651	shard_1703_batch_0.tar	16712704	137192	550163968	1298852
10228	3553	AF-0000000210711363	shard_1787_batch_1.tar	30172160	157333	578259456	1703842
10235	3401	AF-0000000210691189	shard_1310_batch_2.tar	77171200	286003	2376683520	5673482
10255	3924	AF-0000000210755273	shard_1831_batch_0.tar	178587136	177526	973133824	2121058
10307	3705	AF-0000000210728863	shard_1571_batch_0.tar	52400128	97884	277353984	633100
10325	3862	AF-0000000210747851	shard_1808_batch_2.tar	17310720	170258	429912064	2042356
10348	3910	AF-0000000203903829	shard_1462_batch_0.tar	55853568	66057	205351936	284561
10354	3836	AF-0000000210745807	shard_1774_batch_0.tar	99333120	159691	370505728	1795985
10377	3889	AF-0000000210750750	shard_1327_batch_0.tar	279518208	322768	3131031552	7408603
10377	3936	AF-0000000204722780	shard_1289_batch_0.tar	109119488	253338	4221834240	4656755
10380	3919	AF-0000000210754714	shard_1615_batch_0.tar	67988992	109415	285072896	808463
10396	3636	AF-0000000210721300	shard_1635_batch_0.tar	27216384	115104	1069370880	927066
10401	3274	AF-0000000210673855	shard_1239_batch_0.tar	168950272	213709	2590610432	3320498
10444	3511	AF-0000000203802154	shard_1752_batch_1.tar	96225280	153907	341971456	1700097
10444	3717	AF-0000000210730498	shard_1760_batch_1.tar	98924032	157492	1788103680	1745857
10448	3319	AF-0000000210682069	shard_1262_batch_2.tar	28845056	235925	1358263808	4119793
10456	3658	AF-0000000210723565	shard_1590_batch_0.tar	75956224	98740	500374016	667849
10459	3018	AF-0000000203714091	shard_1448_batch_0.tar	51072000	59352	159499776	230802
10460	3021	AF-0000000210609704	shard_1782_batch_1.tar	121147392	157614	1609177600	1760061
10460	3373	AF-0000000210688488	shard_1842_batch_1.tar	93898752	176698	1854609408	2284587
10460	3738	AF-0000000210733245	shard_1804_batch_1.tar	106441728	164060	694915584	1932049
10467	3358	AF-0000000210685768	shard_1581_batch_0.tar	55446528	97265	544811520	661310
10470	3118	AF-0000000210655348	shard_1416_batch_0.tar	44285952	43321	139132416	111788
10493	3411	AF-0000000204143619	shard_1872_batch_2.tar	36471808	201150	1427398656	3096031
10498	3592	AF-0000000210716721	shard_1800_batch_1.tar	58502144	168937	1644293632	2067666
10500	3876	AF-0000000210749194	shard_1636_batch_0.tar	38765056	112516	1134568448	817297
10509	3467	AF-0000000210699244	shard_1698_batch_1.tar	93186560	135194	1480067584	1250947
10520	3247	AF-0000000204003614	shard_1836_batch_1.tar	32770048	180838	469330432	2340037
10520	3251	AF-0000000204003616	shard_1836_batch_1.tar	88253440	180780	2007084032	2322059
10520	3566	AF-0000000204003593	shard_1846_batch_1.tar	147665408	181243	2619355136	2446054
10536	3343	AF-0000000210683978	shard_1325_batch_0.tar	190261248	326898	894166528	7532185
10543	3328	AF-0000000204179123	shard_1740_batch_2.tar	60756480	147810	751665152	1538051
10564	3073	AF-0000000204622809	shard_1623_batch_0.tar	70419968	112293	942642176	907514
10568	3186	AF-0000000210668884	shard_1500_batch_1.tar	23983616	78514	231712256	396214
10572	3995	AF-0000000210763298	shard_1479_batch_0.tar	35944960	71925	321336832	335149
10592	3251	AF-0000000210671989	shard_1494_batch_1.tar	15837696	78176	381013504	374959
10607	3407	AF-0000000210692277	shard_1238_batch_0.tar	212210688	217518	2534826496	3372044
10617	3152	AF-0000000204854987	shard_1617_batch_0.tar	16078336	112885	1012297216	854219
10622	3698	AF-0000000210728145	shard_1746_batch_1.tar	130308096	146640	515954688	1576282
10635	3407	AF-0000000210692279	shard_1247_batch_0.tar	118556160	222850	2496343040	3669196
10637	3705	AF-0000000210728865	shard_1464_batch_0.tar	45304832	68028	188139520	300695
10647	3009	AF-0000000210608266	shard_1653_batch_0.tar	72572928	123851	797139968	968025
10657	3877	AF-0000000210749502	shard_1298_batch_2.tar	1070592	273183	2593814016	5301124
10667	3810	AF-0000000210742448	shard_1856_batch_0.tar	5594112	187190	1296378368	2718543
10674	3018	AF-0000000204853721	shard_1609_batch_0.tar	107771904	108726	420709888	790452
10676	3009	AF-0000000210608268	shard_1746_batch_0.tar	121564672	149052	806269952	1455043
10688	3135	AF-0000000203999491	shard_1452_batch_0.tar	7644160	59813	191228928	243360
10696	3601	AF-0000000210718046	shard_1698_batch_1.tar	100833280	134587	621429248	1262523
10698	3168	AF-0000000210657611	shard_1778_batch_2.tar	28812288	161867	268892160	1791380
10708	3976	AF-0000000203886932	shard_1302_batch_1.tar	215643648	280376	5282595840	5638436
10720	3020	AF-0000000210609661	shard_1687_batch_0.tar	122087936	131224	1173556736	1143793
10722	3020	AF-0000000210609662	shard_1829_batch_0.tar	99274240	174854	2070269440	2067561
10723	3221	AF-0000000204124602	shard_1832_batch_2.tar	67694592	180137	1276929536	2353492
10739	3956	AF-0000000210758278	shard_1708_batch_1.tar	84209152	136776	708937728	1275366
10752	3483	AF-0000000210702164	shard_1754_batch_0.tar	90197504	152405	801827840	1565572
10777	3444	AF-0000000210697651	shard_1794_batch_2.tar	64315904	167467	854709760	2066196
10786	3124	AF-0000000203761381	shard_1406_batch_0.tar	31028736	32702	94416384	57315
10845	3221	AF-0000000210670372	shard_1558_batch_0.tar	22254080	95578	645679104	636163
10873	3200	AF-0000000210669522	shard_1816_batch_1.tar	94723072	178215	1935217664	2136311
10886	3534	AF-0000000210709368	shard_1220_batch_1.tar	138095616	204056	3349466624	3021820
10901	3167	AF-0000000210657080	shard_1881_batch_1.tar	86023680	205666	1172633600	3060325
10901	3168	AF-0000000210657614	shard_1303_batch_1.tar	177177600	277490	5076029952	5426741
10914	3636	AF-0000000210721302	shard_1681_batch_0.tar	60610560	128759	1281677824	1128949
10919	3725	AF-0000000210731235	shard_1746_batch_1.tar	38523904	148024	1037816320	1584120
10933	3168	AF-0000000210657617	shard_1801_batch_0.tar	81498624	169182	1181912064	1927346
10942	3725	AF-0000000210731236	shard_1566_batch_1.tar	84165632	95487	569590784	640032
10959	3018	AF-0000000210609507	shard_1547_batch_0.tar	51203072	91170	725536768	528112
10975	3370	AF-0000000210687966	shard_1626_batch_1.tar	41762816	110707	835477504	868865
10999	3287	AF-0000000210676521	shard_1534_batch_0.tar	53600256	86906	489217024	532363
11021	3018	AF-0000000210609509	shard_1639_batch_0.tar	62762496	113270	1150240768	871813
11022	3182	AF-0000000204155932	shard_1666_batch_1.tar	29449216	123447	348504576	1131650
11024	3620	AF-0000000210720669	shard_1326_batch_0.tar	142907904	337686	5429101568	7809644
11038	3009	AF-0000000210608275	shard_1231_batch_0.tar	32505344	212479	2852424192	3046597
11046	3579	AF-0000000210715179	shard_1836_batch_2.tar	36622336	175183	1311172096	2126937
11067	3009	AF-0000000210608276	shard_1220_batch_0.tar	5173248	209189	989380096	2987444
11067	3252	AF-0000000210672097	shard_1230_batch_0.tar	102087680	215554	2786128896	3236114
11082	3018	AF-0000000204663482	shard_1559_batch_0.tar	13604864	96046	512662528	597886
11090	3028	AF-0000000210610256	shard_1584_batch_1.tar	11197440	102420	854200832	733501
11090	3247	AF-0000000210671811	shard_1568_batch_1.tar	6412800	99968	622741504	635201
11094	3579	AF-0000000210715180	shard_1778_batch_1.tar	34577920	156660	955296256	1712337
11117	3029	AF-0000000210610420	shard_1644_batch_1.tar	15588864	117378	756869632	994926
11123	3239	AF-0000000210671352	shard_1669_batch_0.tar	62410240	124663	1018735616	1064606
11130	3370	AF-0000000210687967	shard_1855_batch_1.tar	121525760	182364	2129644544	2485637
11130	3498	AF-0000000210703505	shard_1881_batch_1.tar	10302464	195230	3101599744	2808223
11132	3256	AF-0000000210672187	shard_1799_batch_1.tar	69605888	167521	1441854464	1921034
11132	3636	AF-0000000210721303	shard_1743_batch_1.tar	85418496	149836	1094318080	1509103
11132	3645	AF-0000000210721419	shard_1283_batch_1.tar	137781760	256055	1895507968	4387490
11135	3567	AF-0000000210713398	shard_1866_batch_0.tar	166441472	198951	524867072	2939034
11142	3592	AF-0000000210716726	shard_1802_batch_2.tar	5399040	166443	178231296	1945546
11150	3022	AF-0000000210609871	shard_1254_batch_0.tar	41445376	230290	1708582912	4101696
11150	3695	AF-0000000210727607	shard_1240_batch_0.tar	46148608	218398	2208655872	3687535
11150	3741	AF-0000000210733619	shard_1254_batch_0.tar	135622656	230772	1872599040	4113331
11180	3020	AF-0000000210609663	shard_1707_batch_0.tar	15888896	136250	1050488320	1275622
11180	3168	AF-0000000210657627	shard_1833_batch_0.tar	115189760	182073	2239989248	2224919
11180	3698	AF-0000000210728147	shard_1727_batch_0.tar	47523840	143496	1017958912	1377658
11184	3092	AF-0000000210617911	shard_1336_batch_1.tar	138647552	410119	10989244416	12021576
11304	3348	AF-0000000210684685	shard_1306_batch_1.tar	211191808	281137	5028314624	5515651
11312	3407	AF-0000000210692288	shard_1616_batch_1.tar	82256896	110905	409586688	855743
11313	3319	AF-0000000210682088	shard_1732_batch_0.tar	49820672	142105	1587942912	1519760
11315	3654	AF-0000000210722867	shard_1708_batch_0.tar	58720256	137408	675316736	1208374
11319	3212	AF-0000000203656749	shard_1462_batch_0.tar	57304576	65072	346274816	265189
11319	3213	AF-0000000203656747	shard_1462_batch_0.tar	54452736	65009	160623616	265150
11319	3214	AF-0000000203656748	shard_1462_batch_0.tar	46351872	65479	170232832	267386
11337	3976	AF-0000000210761234	shard_1316_batch_1.tar	69664256	308957	3537058816	6927695
11351	3731	AF-0000000210732273	shard_1474_batch_0.tar	23316480	71155	329122816	330000
11356	3167	AF-0000000210657095	shard_1480_batch_0.tar	49572352	71810	257630208	347228
11404	3592	AF-0000000210716728	shard_1241_batch_0.tar	92682240	216702	2611348992	3409327
11404	3810	AF-0000000210742454	shard_1861_batch_0.tar	25732096	189670	1240783360	2681185
11417	3411	AF-0000000210694030	shard_1262_batch_1.tar	180612096	236846	2859951104	3851227
11418	3295	AF-0000000210677298	shard_1581_batch_0.tar	27806208	102274	449139712	722613
11421	3536	AF-0000000210709513	shard_1851_batch_0.tar	35021312	185429	1628779008	2658962
11442	3319	AF-0000000210682095	shard_1798_batch_0.tar	12063232	165457	391934464	2022420
11484	3247	AF-0000000210671812	shard_1484_batch_1.tar	60096000	75907	287367680	353878
11484	3469	AF-0000000210699401	shard_1540_batch_2.tar	19589120	91836	287585280	551992
11497	3124	AF-0000000204676348	shard_1725_batch_0.tar	43612160	143941	614306304	1406077
11499	3155	AF-0000000203761282	shard_1868_batch_0.tar	68790784	203922	519608832	3002174
11518	3673	AF-0000000210724728	shard_1798_batch_1.tar	72359424	162680	405831680	1890988
11520	3013	AF-0000000210609187	shard_1222_batch_0.tar	16636416	211259	848400896	2816493
11526	3654	AF-0000000210722869	shard_1758_batch_0.tar	33854976	152067	418300928	1626082
11529	3526	AF-0000000210708618	shard_1674_batch_1.tar	33261056	125500	471967232	1135243
11532	3585	AF-0000000210715811	shard_1526_batch_0.tar	17858560	84822	403583488	497785
11532	3682	AF-0000000210725800	shard_1480_batch_0.tar	54654976	70095	198689792	331983
11532	3749	AF-0000000203566883	shard_1458_batch_0.tar	43201024	65203	387966464	278634
11532	3759	AF-0000000203566884	shard_1468_batch_0.tar	45250560	68797	332460544	315860
11557	3709	AF-0000000203552921	shard_1580_batch_0.tar	44080128	104220	703945728	705471
11560	3227	AF-0000000210670587	shard_1480_batch_0.tar	15739904	71637	264391680	343117
11560	3976	AF-0000000210761236	shard_1260_batch_1.tar	140841472	240385	2126825984	4081775
11563	3216	AF-0000000210670146	shard_1232_batch_1.tar	157096960	213482	3095259136	3338923
11563	3319	AF-0000000210682099	shard_1234_batch_1.tar	80792064	214485	3361730048	3359683
11571	3022	AF-0000000204361506	shard_1652_batch_2.tar	7928832	120608	218299392	1047846
11582	3216	AF-0000000210670147	shard_1276_batch_0.tar	129217024	243120	1860154880	4473678
11583	3893	AF-0000000210750987	shard_1264_batch_1.tar	217224192	231548	2313879040	4137042
11603	3279	AF-0000000210674809	shard_1820_batch_2.tar	6518784	178466	1214751744	2279307
11604	3725	AF-0000000210731259	shard_1610_batch_1.tar	65829888	108555	782296064	772912
11611	3018	AF-0000000210609517	shard_1611_batch_0.tar	95097344	110312	353588224	824920
11613	3481	AF-0000000210701921	shard_1876_batch_0.tar	110373376	201556	2803491328	2718345
11623	3063	AF-0000000210614158	shard_1669_batch_0.tar	1382912	124086	1008514560	1128670
11625	3978	AF-0000000210761346	shard_1891_batch_0.tar	16499200	443778	739654144	13472615
11628	3119	AF-0000000210655557	shard_1302_batch_1.tar	115872768	271185	2402912768	5561567
11629	3585	AF-0000000210715812	shard_1650_batch_0.tar	15664128	116865	483500544	907134
11629	3732	AF-0000000210732316	shard_1662_batch_0.tar	10524160	121772	316826624	971186
11634	3084	AF-0000000203666028	shard_1406_batch_0.tar	14065152	31461	59124224	51951
11634	3414	AF-0000000203666027	shard_1418_batch_0.tar	31300608	46778	96278016	131254
11634	3572	AF-0000000203666030	shard_1406_batch_0.tar	21417472	29201	91125760	44886
11638	3808	AF-0000000204824583	shard_1799_batch_0.tar	164340224	167578	1427766784	2002853
11640	3256	AF-0000000210672189	shard_1871_batch_1.tar	111844864	200429	675305984	2783958
11640	3630	AF-0000000210721229	shard_1887_batch_1.tar	184835072	211136	2853608960	3061476
11640	3636	AF-0000000210721306	shard_1831_batch_1.tar	29748224	182741	2412190720	2286000
11640	3637	AF-0000000210721347	shard_1227_batch_1.tar	169415680	213060	2059022848	3083221
11642	3168	AF-0000000204791345	shard_1233_batch_1.tar	114503168	216486	728861696	3308877
11655	3592	AF-0000000210716730	shard_1701_batch_0.tar	25915904	131463	1485088256	1189420
11668	3274	AF-0000000210673867	shard_1223_batch_0.tar	19790336	202133	1910472704	3023067
11675	3811	AF-0000000210742614	shard_1856_batch_0.tar	38673408	191717	1601024000	2675806
11684	3563	AF-0000000210712887	shard_1474_batch_1.tar	9734656	68181	358798848	324194
11703	3281	AF-0000000210675127	shard_1814_batch_1.tar	512	168073	2413857792	2105902
11703	3391	AF-0000000210689819	shard_1856_batch_1.tar	106121728	187246	1191376896	2570199
11715	3167	AF-0000000210657103	shard_1826_batch_2.tar	31461888	176914	389870080	2320949
11727	3124	AF-0000000210655656	shard_1406_batch_0.tar	6897664	24112	76369408	26183
11733	3676	AF-0000000210725234	shard_1732_batch_0.tar	26962432	149179	1137577472	1505898
11741	3544	AF-0000000210710650	shard_1792_batch_0.tar	160022528	163480	1898628608	1790318
11741	3592	AF-0000000210716732	shard_1708_batch_0.tar	38419456	137395	1200325120	1287961
11741	3746	AF-0000000210734103	shard_1304_batch_0.tar	154281984	284761	4179308032	5511153
11751	3167	AF-0000000210657105	shard_1515_batch_0.tar	21672448	82196	380548608	474288
11751	3168	AF-0000000210657643	shard_1763_batch_1.tar	15035904	153684	1635302912	1646081
11753	3370	AF-0000000210687976	shard_1870_batch_0.tar	35691008	196795	1310704128	2930007
11754	3956	AF-0000000210758282	shard_1772_batch_1.tar	148673024	157324	1139274752	1626832
11766	3501	AF-0000000210703767	shard_1472_batch_1.tar	8390144	65728	337641472	303335
11774	3074	AF-0000000204610759	shard_1517_batch_0.tar	25923072	80332	278411264	452340
11775	3167	AF-0000000210657107	shard_1581_batch_0.tar	49040896	102727	384313856	727119
11775	3168	AF-0000000210657645	shard_1813_batch_0.tar	83442176	174307	1181361152	2105997
11775	3915	AF-0000000210753788	shard_1255_batch_1.tar	198682624	231481	2736758272	3924505
11781	3184	AF-0000000204751437	shard_1731_batch_0.tar	108484096	140597	1226492416	1452645
11791	3063	AF-0000000210614160	shard_1453_batch_0.tar	53092352	61283	332122624	237259
11792	3700	AF-0000000210728470	shard_1586_batch_1.tar	88887296	102724	504412160	702969
11795	3319	AF-0000000210682104	shard_1804_batch_0.tar	6466560	168207	1544019456	2143576
11795	3529	AF-0000000210708968	shard_1740_batch_0.tar	129020416	147103	1215035392	1630257
11836	3620	AF-0000000210720672	shard_1314_batch_1.tar	237366784	304467	2172343808	6257311
11843	3505	AF-0000000210704807	shard_1648_batch_1.tar	77972480	122510	502311936	1040732
11848	3724	AF-0000000210730915	shard_1770_batch_1.tar	84371968	157324	985873920	1725406
11860	3501	AF-0000000210703771	shard_1476_batch_0.tar	62945792	67871	305561088	317005
11866	3958	AF-0000000210758780	shard_1868_batch_2.tar	59376640	193643	1523282944	2690115
11881	3113	AF-0000000204115682	shard_1766_batch_2.tar	55024640	150926	703617024	1692371
11895	3319	AF-0000000210682108	shard_1744_batch_0.tar	137974272	147796	1788426752	1584336
11901	3277	AF-0000000210674305	shard_1834_batch_2.tar	66185728	180483	510768128	2382962
11905	3347	AF-0000000210684640	shard_1792_batch_1.tar	77250048	169273	1732193792	1895318
11912	3545	AF-0000000210710720	shard_1488_batch_0.tar	52154880	73659	470903296	336711
11912	3658	AF-0000000210723569	shard_1528_batch_1.tar	52060672	83351	579912192	458857
11912	3673	AF-0000000210724731	shard_1606_batch_1.tar	2718720	105430	830424576	723774
11912	3731	AF-0000000210732275	shard_1448_batch_0.tar	4624384	61006	183567872	223836
11912	3732	AF-0000000210732317	shard_1530_batch_1.tar	73242112	86833	566593024	470410
11913	3163	AF-0000000210656761	shard_1329_batch_0.tar	101897216	336011	6982628864	7697087
11913	3986	AF-0000000210761958	shard_1865_batch_0.tar	98762752	193510	416844288	2668533
11916	3810	AF-0000000210742459	shard_1831_batch_0.tar	26240000	179156	2066564608	2281706
11931	3773	AF-0000000210738441	shard_1263_batch_0.tar	188241408	228391	1781591040	3703545
11968	3705	AF-0000000204582014	shard_1703_batch_0.tar	122477056	135520	805004800	1198700
11977	3168	AF-0000000203538672	shard_1250_batch_0.tar	94561792	226454	2223620608	3638192
11984	3303	AF-0000000210678619	shard_1626_batch_1.tar	48967168	117579	643936768	894983
11984	3619	AF-0000000210720555	shard_1752_batch_2.tar	61151232	154055	897246208	1543423
11984	3620	AF-0000000210720673	shard_1302_batch_2.tar	63173120	288727	2239349760	5809044
11990	3266	AF-0000000203586056	shard_1408_batch_0.tar	27785216	35449	143444992	71930
11990	3614	AF-0000000203586065	shard_1408_batch_0.tar	28305408	35527	98402816	73272
11990	3916	AF-0000000203586051	shard_1408_batch_0.tar	19689472	36611	90668032	76884
12006	3274	AF-0000000210673877	shard_1270_batch_0.tar	87112192	237501	4064899072	4055756
12011	3013	AF-0000000210609191	shard_1814_batch_0.tar	165523456	173519	2366309376	2042515
12024	3063	AF-0000000210614161	shard_1646_batch_1.tar	29835776	117096	823726592	983856
12024	3526	AF-0000000210708621	shard_1768_batch_1.tar	19729920	152385	1935233024	1743930
12024	3827	AF-0000000210745439	shard_1300_batch_2.tar	104881664	269751	2205235712	5501138
12029	3274	AF-0000000210673878	shard_1258_batch_0.tar	225374208	227027	3246745600	3704342
12031	3316	AF-0000000210681079	shard_1811_batch_0.tar	5872640	168567	976131072	2106693
12033	3799	AF-0000000210741289	shard_1877_batch_1.tar	126140416	205100	2077569536	2915202
12037	3254	AF-0000000210672140	shard_1813_batch_0.tar	117920768	164315	1717452800	1924507
12041	3762	AF-0000000210736376	shard_1873_batch_0.tar	110607872	204567	2756865536	3094027
12041	3953	AF-0000000210757843	shard_1657_batch_0.tar	3761152	123065	818467840	1079922
12041	3956	AF-0000000210758287	shard_1673_batch_0.tar	126130176	126416	249791488	1140570
12045	3941	AF-0000000210757059	shard_1822_batch_0.tar	40972288	174821	686342656	2185372
12049	3167	AF-0000000210657112	shard_1677_batch_0.tar	99174400	125565	520362496	1087878
12050	3242	AF-0000000210671522	shard_1530_batch_0.tar	37877760	87797	540492288	519580
12050	3244	AF-0000000210671560	shard_1536_batch_0.tar	65140224	89324	610911744	547076
12051	3274	AF-0000000210673881	shard_1227_batch_0.tar	164603904	206555	3130280448	3097260
12052	3348	AF-0000000210684689	shard_1846_batch_2.tar	50610688	185277	355149824	2407142
12057	3227	AF-0000000210670589	shard_1636_batch_1.tar	70620672	118539	478211584	906599
12063	3123	AF-0000000210655605	shard_1318_batch_2.tar	141527040	300675	686275584	6915461
12067	3538	AF-0000000203932658	shard_1252_batch_1.tar	86168576	231731	3200798208	3731526
12067	3579	AF-0000000203932672	shard_1776_batch_1.tar	108719104	157879	1535644672	1784926
12067	3681	AF-0000000210725740	shard_1852_batch_1.tar	6680064	185912	932808192	2544095
12070	3592	AF-0000000210716742	shard_1281_batch_0.tar	223018496	252949	4490075648	4511128
12070	3620	AF-0000000210720674	shard_1337_batch_0.tar	148387840	399504	956507648	10794834
12076	3024	AF-0000000210609999	shard_1741_batch_0.tar	140515840	144976	1085043200	1345501
12076	3737	AF-0000000210733210	shard_1733_batch_0.tar	33624576	143143	1086502400	1286755
12076	3834	AF-0000000210745708	shard_1651_batch_0.tar	101327872	120071	383885824	932649
12092	3571	AF-0000000210713966	shard_1857_batch_1.tar	54108160	192421	2602446848	2774317
12092	3703	AF-0000000210728672	shard_1297_batch_1.tar	12064768	273382	2098292224	5492330
12092	3953	AF-0000000210757844	shard_1857_batch_1.tar	40399872	195242	2444453888	2775154
12094	3577	AF-0000000210714825	shard_1318_batch_1.tar	155292672	306910	4294296576	6542046
12096	3725	AF-0000000210731271	shard_1574_batch_2.tar	6345216	101374	231545856	699488
12102	3233	AF-0000000204606579	shard_1811_batch_0.tar	41365504	164805	681411072	2121444
12103	3384	AF-0000000210689223	shard_1482_batch_0.tar	67069952	73215	185562624	335947
12104	3929	AF-0000000210755698	shard_1800_batch_1.tar	12783104	165211	2139254784	2019864
12108	3681	AF-0000000210725743	shard_1259_batch_0.tar	73113088	228116	1298670080	3549903
12112	3281	AF-0000000210675130	shard_1476_batch_0.tar	34595328	69257	222202880	316078
12112	3657	AF-0000000203537257	shard_1712_batch_0.tar	89183744	139210	1241932800	1380153
12118	3594	AF-0000000210717361	shard_1250_batch_1.tar	136512000	228205	2850053120	3683400
12120	3806	AF-0000000210742175	shard_1663_batch_0.tar	117577216	117826	492157440	1019948
12125	3081	AF-0000000210616434	shard_1881_batch_0.tar	203328512	202294	722113024	3119368
12125	3931	AF-0000000210755986	shard_1875_batch_0.tar	9549824	199948	1513280512	3035085
12133	3243	AF-0000000210671539	shard_1686_batch_1.tar	40553984	130480	914773504	1209552
12135	3168	AF-0000000210657660	shard_1277_batch_0.tar	116553728	249622	3665063424	4489146
12137	3167	AF-0000000210657117	shard_1233_batch_1.tar	77843456	221702	3109231104	3508632
12137	3168	AF-0000000210657661	shard_1309_batch_1.tar	18577408	292473	2672802816	6071366
12144	3136	AF-0000000210655849	shard_1734_batch_2.tar	34054144	140924	720175104	1430206
12149	3118	AF-0000000210655355	shard_1416_batch_0.tar	23060480	43545	99971584	122033
12149	3579	AF-0000000203834685	shard_1424_batch_0.tar	13863936	46988	187814912	150085
12149	3985	AF-0000000203834692	shard_1418_batch_0.tar	42648576	45490	207598592	126850
12150	3107	AF-0000000203835358	shard_1418_batch_0.tar	37837312	45396	113868288	126682
12150	3118	AF-0000000203837094	shard_1416_batch_0.tar	38517248	43326	92056576	112159
12159	3226	AF-0000000210670542	shard_1500_batch_0.tar	3771904	80067	533450240	421755
12169	3319	AF-0000000210682124	shard_1806_batch_1.tar	100577792	166189	1171838976	2094548
12172	3020	AF-0000000210609665	shard_1699_batch_0.tar	44797952	133637	601679360	1175825
12175	3591	AF-0000000210716407	shard_1784_batch_1.tar	93885952	161926	1677550592	1882937
12181	3636	AF-0000000210721308	shard_1749_batch_1.tar	2547200	150977	1352602624	1537655
12188	3501	AF-0000000210703781	shard_1456_batch_0.tar	40501248	60633	377460224	246634
12198	3018	AF-0000000204349265	shard_1416_batch_1.tar	22916608	45375	188297728	121911
12198	3247	AF-0000000204349290	shard_1460_batch_1.tar	35389952	67456	295423488	273134
12198	3251	AF-0000000204349292	shard_1460_batch_1.tar	42662912	67641	226205696	273251
12198	3252	AF-0000000204349223	shard_1570_batch_2.tar	25404928	100852	250273792	672227
12205	3262	AF-0000000210672697	shard_1596_batch_1.tar	52281344	104498	645980672	789423
12208	3709	AF-0000000204859069	shard_1653_batch_0.tar	81154560	122209	862914048	1023299
12218	3813	AF-0000000203984940	shard_1524_batch_1.tar	85526528	86867	629312512	499414
12219	3705	AF-0000000210728881	shard_1622_batch_1.tar	2929152	112055	549774848	884480
12230	3847	AF-0000000210746132	shard_1769_batch_0.tar	140559360	157819	1792903168	1808575
12240	3106	AF-0000000203839521	shard_1418_batch_0.tar	5560832	45036	200187904	127125
12240	3107	AF-0000000203839513	shard_1420_batch_0.tar	42809344	45775	170532352	127693
12240	3118	AF-0000000210655357	shard_1416_batch_0.tar	29601792	43629	199446016	113155
12240	3579	AF-0000000203839520	shard_1424_batch_0.tar	22637568	47396	188717568	140005
12240	3824	AF-0000000203839510	shard_1420_batch_0.tar	13913088	45845	105880576	128163
12240	3985	AF-0000000203839531	shard_1418_batch_0.tar	20777984	45437	86870016	132880
12251	3700	AF-0000000210728474	shard_1750_batch_0.tar	103239168	153207	697342976	1583897
12252	3252	AF-0000000204419414	shard_1634_batch_2.tar	37292032	118151	280980480	959222
12280	3228	AF-0000000203968298	shard_1500_batch_1.tar	30861312	78495	327426560	413215
12280	3601	AF-0000000203968332	shard_1780_batch_1.tar	89521664	161676	1025383936	1854685
12283	3216	AF-0000000210670168	shard_1808_batch_0.tar	90779648	170865	676351488	2136495
12283	3319	AF-0000000210682133	shard_1810_batch_0.tar	80952832	172334	836214784	2161982
12283	3671	AF-0000000210724621	shard_1708_batch_0.tar	13609472	139110	929324544	1286532
12284	3995	AF-0000000210763301	shard_1445_batch_0.tar	18642944	59079	242236928	229565
12288	3167	AF-0000000210657120	shard_1697_batch_0.tar	82936320	134735	879026688	1247027
12288	3168	AF-0000000210657665	shard_1879_batch_1.tar	139890688	205938	2971902464	2982053
12299	3995	AF-0000000210763302	shard_1645_batch_0.tar	61911040	118506	1154704384	951468
12322	3620	AF-0000000210720675	shard_1321_batch_0.tar	262241280	315331	2633039872	6952629
12342	3167	AF-0000000204111720	shard_1568_batch_1.tar	44833280	98711	834760704	646530
12342	3168	AF-0000000204111721	shard_1802_batch_2.tar	19067904	170337	929391616	2014318
12343	3028	AF-0000000203611312	shard_1478_batch_0.tar	50004480	70924	456657920	330619
12343	3917	AF-0000000210754617	shard_1424_batch_0.tar	36852224	49571	199929344	147329
12346	3483	AF-0000000210702180	shard_1769_batch_0.tar	43316224	161331	470304768	1820292
12349	3414	AF-0000000203630702	shard_1472_batch_0.tar	37283840	69832	304970752	313637
12351	3257	AF-0000000210672215	shard_1837_batch_1.tar	150012928	183589	569580032	2301074
12368	3881	AF-0000000210749724	shard_1576_batch_1.tar	52485632	97186	647906816	661934
12387	3725	AF-0000000210731281	shard_1560_batch_1.tar	2591232	96562	647002112	610984
12392	3091	AF-0000000203613738	shard_1874_batch_0.tar	12356096	200360	797753856	3028094
12396	3110	AF-0000000210653352	shard_1530_batch_0.tar	7824384	86190	234686976	512980
12396	3465	AF-0000000210699132	shard_1528_batch_0.tar	53100544	86620	498955264	493690
12396	3755	AF-0000000210735668	shard_1506_batch_0.tar	55208960	80974	165849600	438603
12396	3956	AF-0000000210758292	shard_1556_batch_0.tar	17012224	93437	505251840	599709
12400	3221	AF-0000000210670375	shard_1680_batch_0.tar	84525056	127936	947191296	1178926
12404	3732	AF-0000000203803172	shard_1836_batch_1.tar	52709376	182700	589029376	2128630
12404	3980	AF-0000000210761560	shard_1286_batch_1.tar	251687936	257643	1361298944	4356587
12417	3087	AF-0000000210616896	shard_1588_batch_0.tar	92600320	104632	527415296	746105
12417	3240	AF-0000000210671422	shard_1546_batch_0.tar	27538432	92853	517610496	578535
12417	3598	AF-0000000210717836	shard_1612_batch_0.tar	5388288	110867	891267072	851697
12418	3566	AF-0000000210713270	shard_1860_batch_1.tar	87167488	194834	2304865792	2760460
12446	3167	AF-0000000210657130	shard_1502_batch_1.tar	35028480	80366	526037504	422333
12446	3168	AF-0000000210657675	shard_1750_batch_1.tar	67836928	152354	1143754240	1600013
12451	3467	AF-0000000203755298	shard_1728_batch_0.tar	121960448	143175	799176704	1380674
12454	3501	AF-0000000210703788	shard_1577_batch_0.tar	7674368	95801	802876928	664350
12474	3009	AF-0000000210608325	shard_1700_batch_2.tar	2576896	139436	364665344	1279553
12482	3494	AF-0000000210703136	shard_1222_batch_0.tar	166621184	212438	2649431040	3185386
12492	3081	AF-0000000210616443	shard_1686_batch_1.tar	76606976	127475	514646528	1157784
12492	3271	AF-0000000210673146	shard_1850_batch_1.tar	28613632	192609	801552384	2439975
12493	3034	AF-0000000210610587	shard_1451_batch_0.tar	52698112	61605	285302272	245961
12493	3399	AF-0000000204857519	shard_1769_batch_0.tar	71850496	154736	2005185536	1696880
12493	3459	AF-0000000210698766	shard_1525_batch_0.tar	64114688	88532	502822912	503639
12499	3673	AF-0000000210724733	shard_1823_batch_0.tar	21620224	175635	2285311488	2052806
12501	3118	AF-0000000210655360	shard_1725_batch_0.tar	78551040	138110	592011776	1378457
12501	3495	AF-0000000210703339	shard_1855_batch_0.tar	121519104	187447	764572672	2591797
12501	3736	AF-0000000210732831	shard_1245_batch_0.tar	4872704	218632	2019495424	3440105
12501	3861	AF-0000000210747522	shard_1761_batch_0.tar	2617856	149067	1491087360	1645534
12501	3976	AF-0000000210761242	shard_1319_batch_0.tar	107041792	306079	2281435136	6810957
12512	3247	AF-0000000204359258	shard_1438_batch_1.tar	27200512	58381	263235584	195067
12515	3215	AF-0000000210669811	shard_1850_batch_2.tar	59816960	185131	1248210944	2602631
12523	3241	AF-0000000210671482	shard_1464_batch_1.tar	42170368	63287	320300032	257113
12527	3806	AF-0000000210742178	shard_1275_batch_0.tar	233636352	240735	2062893056	4331054
12527	3872	AF-0000000210748717	shard_1315_batch_0.tar	84369920	298591	6751862272	6375779
12528	3448	AF-0000000210697945	shard_1710_batch_0.tar	25064448	136006	1293893120	1318964
12536	3737	AF-0000000210733211	shard_1665_batch_0.tar	25336320	122127	1204998656	1047247
12539	3219	AF-0000000203559035	shard_1598_batch_0.tar	18032640	107792	915969536	772492
12546	3215	AF-0000000210669812	shard_1834_batch_0.tar	118649856	178534	1643428864	2402148
12546	3216	AF-0000000210670180	shard_1834_batch_0.tar	16437760	178368	1849509376	2399647
12546	3316	AF-0000000210681096	shard_1838_batch_0.tar	2215424	181599	956278784	2477050
12546	3319	AF-0000000210682149	shard_1836_batch_0.tar	144420352	180158	635975168	2427964
12556	3875	AF-0000000204604514	shard_1449_batch_0.tar	2692608	61025	329933824	201657
12558	3309	AF-0000000210679518	shard_1664_batch_1.tar	6478336	124726	806044160	1040824
12560	3483	AF-0000000210702185	shard_1779_batch_0.tar	16392704	162140	1577655808	1884307
12562	3286	AF-0000000210675711	shard_1222_batch_1.tar	77905920	205251	3394830336	3078812
12585	3149	AF-0000000210656287	shard_1750_batch_0.tar	17643008	149861	809655296	1606542
12609	3124	AF-0000000204818459	shard_1435_batch_0.tar	5786624	53429	264332800	176787
12615	3167	AF-0000000210657138	shard_1692_batch_1.tar	54247936	127550	432851968	1166126
12615	3168	AF-0000000210657681	shard_1876_batch_2.tar	84564480	199308	1568903680	2791626
12619	3047	AF-0000000210612477	shard_1590_batch_1.tar	44687872	104854	614677504	718007
12665	3006	AF-0000000210607535	shard_1848_batch_1.tar	80424448	189190	1376117248	2645660
12676	3857	AF-0000000210747162	shard_1572_batch_0.tar	53853184	96634	374773248	680673
12684	3516	AF-0000000210707375	shard_1546_batch_0.tar	87396864	92249	479554560	548828
12696	3465	AF-0000000210699135	shard_1484_batch_1.tar	46446592	74708	148692480	356488
12701	3810	AF-0000000210742471	shard_1773_batch_0.tar	80392192	157811	334835712	1831672
12711	3931	AF-0000000210755994	shard_1754_batch_0.tar	6385152	145701	1692211200	1563744
12712	3319	AF-0000000210682157	shard_1807_batch_0.tar	142298624	168558	2249442304	2112492
12721	3458	AF-0000000210698708	shard_1675_batch_0.tar	30889984	121603	841128448	1165764
12733	3976	AF-0000000210761245	shard_1285_batch_0.tar	24121856	262403	3779739648	4940820
12739	3256	AF-0000000210672190	shard_1819_batch_1.tar	122067968	175503	2412105728	2124693
12739	3645	AF-0000000210721423	shard_1291_batch_1.tar	163405824	263697	737287168	4699789
12749	3013	AF-0000000204123332	shard_1694_batch_1.tar	43479552	132731	1484984832	1125622
12749	3020	AF-0000000204123329	shard_1660_batch_1.tar	59928064	119553	811401216	974653
12749	3958	AF-0000000210758800	shard_1806_batch_2.tar	74907648	163406	574827008	1923456
12760	3401	AF-0000000210691201	shard_1292_batch_1.tar	39196672	267328	603489280	5188125
12760	3788	AF-0000000210739997	shard_1794_batch_1.tar	64550400	166068	1131223552	1979412
12769	3021	AF-0000000210609705	shard_1886_batch_0.tar	187147776	209987	1586603520	3032542
12776	3956	AF-0000000210758295	shard_1560_batch_0.tar	31121920	94014	393079808	622566
12784	3168	AF-0000000204807672	shard_1319_batch_1.tar	9118720	303078	6667185152	6533138
12801	3256	AF-0000000204137835	shard_1224_batch_2.tar	43722240	211175	270702080	3107151
12801	3636	AF-0000000210721310	shard_1852_batch_2.tar	10912256	193269	810159616	2573315
12801	3637	AF-0000000204137833	shard_1242_batch_2.tar	62848000	223618	261770752	3442411
12801	3645	AF-0000000210721424	shard_1314_batch_2.tar	112776704	298175	2163584000	6073654
12809	3803	AF-0000000210741924	shard_1456_batch_0.tar	25602048	61726	303384064	258051
12819	3168	AF-0000000210657690	shard_1327_batch_1.tar	243743744	333777	7867593728	7770624
12826	3319	AF-0000000210682159	shard_1860_batch_0.tar	83109888	194915	2028790784	2706599
12835	3084	AF-0000000203640276	shard_1416_batch_0.tar	35703808	46704	125468160	125834
12837	3650	AF-0000000210722330	shard_1414_batch_0.tar	9588224	42020	185409536	116384
12837	3985	AF-0000000203835013	shard_1418_batch_0.tar	36311552	45224	184815616	124359
12846	3336	AF-0000000210683224	shard_1836_batch_0.tar	126014976	184523	2229142016	2363665
12848	3425	AF-0000000210695929	shard_1685_batch_0.tar	33312256	128945	1341376000	1180632
12849	3591	AF-0000000210716415	shard_1288_batch_0.tar	4139008	255778	2383237632	4692545
12850	3081	AF-0000000210616454	shard_1259_batch_1.tar	140399616	223557	905288704	3659522
12860	3496	AF-0000000204659880	shard_1561_batch_0.tar	12412416	99174	289049600	606272
12865	3028	AF-0000000204290621	shard_1526_batch_1.tar	13988352	87017	365931520	523058
12872	3322	AF-0000000210682525	shard_1801_batch_0.tar	122117120	167629	1432580096	2045119
12886	3281	AF-0000000210675138	shard_1484_batch_0.tar	44023296	72182	337295872	341196
12889	3370	AF-0000000204617993	shard_1509_batch_0.tar	74627584	80584	289415680	436235
12894	3890	AF-0000000204791432	shard_1557_batch_0.tar	86701056	93325	712524288	604894
12895	3585	AF-0000000210715827	shard_1516_batch_0.tar	27715584	82387	348792832	461751
12912	3009	AF-0000000210608346	shard_1767_batch_0.tar	66864640	158846	757361664	1603437
12921	3698	AF-0000000210728167	shard_1702_batch_0.tar	60749312	133880	1395362816	1233064
12935	3238	AF-0000000210671239	shard_1834_batch_2.tar	84790784	180565	332410368	2260369
12935	3673	AF-0000000210724734	shard_1844_batch_2.tar	18348544	183901	1252958208	2219674
12963	3573	AF-0000000210714400	shard_1636_batch_1.tar	21826560	111765	633082368	872681
12968	3018	AF-0000000210609526	shard_1821_batch_0.tar	153507328	174635	2052242944	2140140
12983	3020	AF-0000000210609669	shard_1828_batch_0.tar	121562112	180912	1529728512	2110508
12985	3009	AF-0000000210608350	shard_1849_batch_1.tar	94941184	193102	2248158208	2318743
12994	3149	AF-0000000210656291	shard_1652_batch_0.tar	35957248	120325	1224778752	993821
12994	3551	AF-0000000210711342	shard_1584_batch_0.tar	66404352	101368	837639680	698537
13001	3976	AF-0000000210761247	shard_1308_batch_1.tar	115539456	293341	5316956672	5831369
13016	3809	AF-0000000210742317	shard_1590_batch_2.tar	3151360	101984	195681280	727009
13022	3788	AF-0000000203761292	shard_1540_batch_0.tar	69735936	90549	710984192	563453
13028	3786	AF-0000000210739790	shard_1336_batch_0.tar	402756096	397529	10918605824	11488022
13068	3844	AF-0000000210746090	shard_1316_batch_0.tar	113559552	277310	6480134656	6030111
13106	3216	AF-0000000210670189	shard_1226_batch_2.tar	93685760	202046	1445627904	3143847
13106	3316	AF-0000000210681103	shard_1231_batch_0.tar	148110336	205395	1469967360	3219869
13106	3319	AF-0000000210682169	shard_1228_batch_2.tar	73422336	203105	1055115776	3155177
13110	3039	AF-0000000210611278	shard_1537_batch_0.tar	77263360	89584	582563840	538206
13119	3257	AF-0000000210672218	shard_1223_batch_1.tar	86340608	208469	898921984	2923984
13124	3799	AF-0000000210741297	shard_1871_batch_0.tar	171925504	199934	2630030336	2948082
13125	3168	AF-0000000210657695	shard_1294_batch_2.tar	56147456	270629	523191808	4959949
13126	3009	AF-0000000210608353	shard_1680_batch_2.tar	35586560	130561	444121088	1106464
13129	3174	AF-0000000204155988	shard_1728_batch_2.tar	47306240	139389	379830784	1356845
13140	3184	AF-0000000210668814	shard_1223_batch_0.tar	13148160	210205	1354930176	3257366
13140	3185	AF-0000000210668865	shard_1223_batch_0.tar	45656064	209691	2009487872	3252420
13144	3705	AF-0000000210728889	shard_1662_batch_0.tar	105566208	122592	255158272	1060893
13146	3799	AF-0000000210741298	shard_1726_batch_0.tar	126799872	143443	1337239040	1455674
13166	3481	AF-0000000210701933	shard_1606_batch_1.tar	101076480	107219	435463168	768302
13178	3526	AF-0000000210708625	shard_1277_batch_1.tar	82127872	249779	3211504640	4650664
13180	3985	AF-0000000203834172	shard_1420_batch_0.tar	3038208	45641	132030464	127689
13184	3239	AF-0000000210671373	shard_1293_batch_0.tar	259351552	262731	4862021632	4541405
13203	3585	AF-0000000210715829	shard_1292_batch_2.tar	25873920	256408	2221357056	4855728
13212	3435	AF-0000000210696967	shard_1776_batch_0.tar	3039232	157917	1995868160	1798571
13213	3018	AF-0000000210609528	shard_1721_batch_0.tar	117363712	139006	283831296	1297462
13213	3167	AF-0000000210657151	shard_1765_batch_0.tar	94925312	153694	472897024	1595690
13217	3465	AF-0000000210699140	shard_1802_batch_1.tar	80865792	165688	1409079296	1848014
13217	3585	AF-0000000210715830	shard_1832_batch_1.tar	62060032	174706	2053058048	2104090
13217	3767	AF-0000000210737313	shard_1240_batch_1.tar	81997824	212132	1916635136	3107496
13231	3167	AF-0000000210657153	shard_1227_batch_0.tar	35011072	213086	1353164288	3190295
13231	3168	AF-0000000210657700	shard_1307_batch_1.tar	173358080	284425	5516763648	5620295
13231	3577	AF-0000000210714838	shard_1313_batch_1.tar	137104896	291297	5526052864	5742544
13233	3319	AF-0000000210682172	shard_1789_batch_0.tar	94914048	161394	1903976448	1953769
13234	3733	AF-0000000210732371	shard_1805_batch_0.tar	157046784	167726	498583040	1924719
13244	3423	AF-0000000204072444	shard_1542_batch_1.tar	47563264	91793	413435392	568400
13253	3705	AF-0000000204784358	shard_1519_batch_0.tar	59413504	81502	280530944	478622
13258	3407	AF-0000000210692334	shard_1672_batch_1.tar	62327808	126935	1071315456	1133963
13284	3956	AF-0000000210758300	shard_1834_batch_1.tar	167456768	180499	831764480	2160284
13285	3319	AF-0000000210682176	shard_1319_batch_0.tar	75929088	307962	6710094848	6739693
13287	3710	AF-0000000210729454	shard_1780_batch_0.tar	149234176	157257	2078303744	1764142
13292	3028	AF-0000000210610278	shard_1843_batch_0.tar	178865664	184914	990487040	2368897
13296	3636	AF-0000000210721313	shard_1758_batch_2.tar	33522688	153695	331125760	1649896
13303	3196	AF-0000000210669328	shard_1729_batch_0.tar	46374400	144760	474744832	1430105
13304	3072	AF-0000000210615065	shard_1258_batch_1.tar	214270464	231195	3469734912	4144156
13304	3309	AF-0000000210679522	shard_1266_batch_1.tar	119335936	237851	501235200	4336311
13310	3251	AF-0000000210672005	shard_1803_batch_1.tar	146756608	170687	1093849088	1989927
13311	3316	AF-0000000210681109	shard_1835_batch_0.tar	127181824	180319	1656332288	2425875
13311	3700	AF-0000000210728476	shard_1744_batch_2.tar	3575296	148615	674462208	1526730
13312	3976	AF-0000000210761248	shard_1322_batch_0.tar	253740032	322806	3771662848	7532262
13313	3551	AF-0000000203853016	shard_1502_batch_0.tar	65793536	77538	433637888	406454
13313	3889	AF-0000000210750771	shard_1278_batch_1.tar	91909120	246988	4024699904	4314059
13321	3238	AF-0000000210671242	shard_1633_batch_0.tar	100112384	115003	811301888	911556
13321	3239	AF-0000000210671374	shard_1635_batch_0.tar	41956864	114977	330927104	910715
13330	3020	AF-0000000203928721	shard_1738_batch_1.tar	126596096	143508	1286737920	1463153
13330	3024	AF-0000000203928718	shard_1772_batch_1.tar	61061632	152215	1955749888	1680509
13330	3439	AF-0000000203928717	shard_1818_batch_1.tar	17355776	163354	2268854784	2026304
13330	3737	AF-0000000210733214	shard_1766_batch_1.tar	34709504	150142	512844288	1628302
13332	3319	AF-0000000210682179	shard_1258_batch_0.tar	18026496	233305	923362304	3832021
13332	3411	AF-0000000203598294	shard_1274_batch_0.tar	102294528	249356	3335653376	4364796
13332	3571	AF-0000000210713983	shard_1816_batch_0.tar	172092928	175486	1701039616	2079500
13332	3577	AF-0000000210714841	shard_1276_batch_0.tar	109390336	248430	2085445632	4002120
13335	3683	AF-0000000210725929	shard_1661_batch_0.tar	62082560	122417	287000576	1090074
13350	3728	AF-0000000210731666	shard_1532_batch_0.tar	1690112	85424	391848448	500531
13356	3319	AF-0000000210682183	shard_1878_batch_0.tar	37118976	205421	1377327616	3072746
13375	3022	AF-0000000210609877	shard_1731_batch_1.tar	27618816	144189	1196631552	1464284
13379	3682	AF-0000000210725809	shard_1539_batch_0.tar	20946944	87531	607171584	521727
13384	3216	AF-0000000210670197	shard_1759_batch_0.tar	117045760	151743	1654491648	1710691
13384	3319	AF-0000000210682188	shard_1761_batch_0.tar	9847808	152681	770353152	1723157
13385	3319	AF-0000000210682189	shard_1840_batch_0.tar	58337280	184208	1028201984	2556575
13386	3429	AF-0000000203586003	shard_1408_batch_0.tar	29451776	35840	143144448	72542
13395	3156	AF-0000000210656683	shard_1748_batch_2.tar	24457728	139415	280466432	1469387
13395	3274	AF-0000000210673907	shard_1226_batch_2.tar	38018560	204729	405210624	3036046
13397	3890	AF-0000000210750899	shard_1496_batch_0.tar	18227200	76143	289721856	372746
13398	3620	AF-0000000203748583	shard_1284_batch_0.tar	233630208	263735	4132703232	4712096
13398	3695	AF-0000000210727613	shard_1586_batch_0.tar	16422400	102183	449564160	730922
13399	3029	AF-0000000210610425	shard_1258_batch_2.tar	44290048	234431	1516790784	3954619
13399	3976	AF-0000000210761249	shard_1328_batch_2.tar	69863936	348290	370933248	8599022
13400	3591	AF-0000000210716421	shard_1648_batch_0.tar	24868352	120224	1083996160	1000866
13402	3976	AF-0000000210761250	shard_1324_batch_1.tar	12190208	328566	2904723968	7643329
13416	3303	AF-0000000210678623	shard_1638_batch_0.tar	110709760	115581	889747456	908727
13426	3506	AF-0000000204738470	shard_1757_batch_0.tar	67614720	152546	1440267776	1720250
13427	3571	AF-0000000210713987	shard_1806_batch_0.tar	33861120	168016	921220608	2049340
13429	3590	AF-0000000210716301	shard_1710_batch_0.tar	19686400	138724	1533287424	1400951
13433	3370	AF-0000000203598805	shard_1702_batch_0.tar	19138048	134601	465645568	1318628
13433	3495	AF-0000000210703351	shard_1784_batch_0.tar	8919552	160824	544553472	1890998
13433	3799	AF-0000000203598772	shard_1784_batch_0.tar	158210048	161948	423147520	1876017
13433	3836	AF-0000000210745808	shard_1854_batch_0.tar	155657728	192502	650309120	2611831
13440	3287	AF-0000000210676538	shard_1425_batch_0.tar	20371456	48638	140581376	140496
13440	3735	AF-0000000210732620	shard_1425_batch_0.tar	11961856	50004	206488064	147067
13447	3133	AF-0000000204003958	shard_1712_batch_1.tar	98651136	138970	937688576	1326626
13447	3246	AF-0000000210671712	shard_1706_batch_1.tar	92205568	135991	1082496000	1236680
13449	3028	AF-0000000210610282	shard_1538_batch_1.tar	58273280	89360	631119872	536541
13449	3435	AF-0000000210696968	shard_1630_batch_1.tar	14502912	113494	544506880	874512
13454	3919	AF-0000000210754718	shard_1852_batch_0.tar	170283520	187998	2429337600	2540619
13455	3167	AF-0000000210657159	shard_1591_batch_0.tar	2722816	103878	865875968	741057
13455	3168	AF-0000000210657709	shard_1817_batch_0.tar	142974464	175419	557533696	2097893
13455	3274	AF-0000000210673909	shard_1227_batch_0.tar	38415360	205925	959959040	3087305
13455	3616	AF-0000000210719818	shard_1725_batch_0.tar	90943488	142105	828818432	1416676
13456	3527	AF-0000000203805342	shard_1480_batch_0.tar	66888192	71678	179073536	328721
13456	3649	AF-0000000203805352	shard_1486_batch_0.tar	15382016	73302	341177856	354125
13462	3725	AF-0000000210731318	shard_1516_batch_0.tar	60918784	85068	213985792	477329
13468	3118	AF-0000000203837098	shard_1416_batch_0.tar	8862208	43308	121545728	112075
13469	3107	AF-0000000203835070	shard_1420_batch_0.tar	39587328	45069	174775808	133730
13469	3118	AF-0000000210655367	shard_1416_batch_0.tar	43520000	43429	186641920	119958
13469	3579	AF-0000000203835075	shard_1424_batch_0.tar	17868288	46686	187211264	147780
13469	3824	AF-0000000203835068	shard_1420_batch_0.tar	4649984	45177	114596864	133943
13469	3985	AF-0000000203835083	shard_1418_batch_0.tar	40338432	45188	191047168	124844
13470	3118	AF-0000000210655368	shard_1416_batch_0.tar	26357760	43413	174567424	112028
13471	3118	AF-0000000203837097	shard_1416_batch_0.tar	22881280	43451	196296192	112138
13471	3579	AF-0000000203840920	shard_1422_batch_0.tar	46769152	47228	92004864	138993
13471	3985	AF-0000000203840926	shard_1418_batch_0.tar	20963328	44722	190650880	131682
13479	3585	AF-0000000210715837	shard_1800_batch_0.tar	131001344	162843	1608820736	1779213
13488	3077	AF-0000000210615819	shard_1323_batch_0.tar	88979456	315984	1004139520	7086397
13488	3404	AF-0000000210691638	shard_1306_batch_2.tar	13895168	280509	564466176	5475561
13488	3739	AF-0000000210733431	shard_1308_batch_2.tar	126310400	282800	2650741760	5567052
13489	3491	AF-0000000210702876	shard_1671_batch_0.tar	45085184	127096	799405568	1109786
13497	3834	AF-0000000204106726	shard_1648_batch_1.tar	51576832	122287	1067212800	950910
13498	3003	AF-0000000210607453	shard_1331_batch_0.tar	235730432	345904	5360978944	8724091
13499	3409	AF-0000000210692855	shard_1791_batch_0.tar	139913728	167069	1307020800	2040620
13500	3689	AF-0000000210726480	shard_1772_batch_1.tar	155774464	154353	1430748672	1807338
13511	3800	AF-0000000203627011	shard_1270_batch_0.tar	45494784	236146	3985627136	4199909
13525	3594	AF-0000000210717365	shard_1782_batch_1.tar	28948480	163399	352165888	1962656
13529	3174	AF-0000000210659207	shard_1615_batch_0.tar	3438080	106167	588885504	816114
13530	3598	AF-0000000210717839	shard_1520_batch_1.tar	3653632	85103	428285440	474247
13532	3037	AF-0000000204758096	shard_1501_batch_0.tar	33696256	75977	511066624	396108
13535	3495	AF-0000000210703352	shard_1732_batch_1.tar	37671424	143650	277349888	1471915
13544	3496	AF-0000000210703482	shard_1550_batch_1.tar	40858112	90344	597891072	595028
13547	3204	AF-0000000210669597	shard_1487_batch_0.tar	33408000	74889	389727744	371541
13547	3205	AF-0000000210669614	shard_1487_batch_0.tar	3429888	74836	369062400	373826
13549	3437	AF-0000000210697210	shard_1236_batch_0.tar	31634944	213932	1816519168	3574720
13553	3013	AF-0000000204705800	shard_1751_batch_0.tar	61905920	150642	702347776	1555106
13567	3035	AF-0000000210610740	shard_1483_batch_0.tar	24064512	70292	227668992	354576
13569	3706	AF-0000000210728999	shard_1264_batch_0.tar	150694400	237964	3921982976	4175822
13569	3722	AF-0000000210730691	shard_1262_batch_1.tar	125663744	235057	1398261760	4067166
13586	3206	AF-0000000210669632	shard_1567_batch_0.tar	39884288	100660	487631872	601602
13594	3020	AF-0000000210609670	shard_1736_batch_0.tar	56095232	147730	528844288	1431579
13603	3889	AF-0000000210750779	shard_1319_batch_0.tar	59459072	303433	626554880	6672167
13628	3636	AF-0000000210721316	shard_1745_batch_1.tar	34716672	149533	679802880	1514271
13668	3295	AF-0000000210677310	shard_1511_batch_0.tar	44852224	82074	569002496	455119
13677	3092	AF-0000000210617921	shard_1319_batch_0.tar	120749056	308833	894359552	6799326
13677	3988	AF-0000000210762237	shard_1813_batch_0.tar	97829888	171894	441527808	1982142
13680	3343	AF-0000000210684014	shard_1242_batch_0.tar	91845120	225443	2560301568	3326029
13685	3045	AF-0000000210612218	shard_1824_batch_0.tar	112118272	171755	1142043136	2231309
13686	3167	AF-0000000210657166	shard_1599_batch_0.tar	99175936	105736	906958848	798332
13687	3306	AF-0000000210679105	shard_1708_batch_1.tar	18357760	134958	914983936	1405454
13693	3725	AF-0000000210731331	shard_1478_batch_1.tar	10338304	72544	414970368	330415
13704	3676	AF-0000000210725275	shard_1672_batch_1.tar	12772352	125486	1095809536	1113378
13707	3755	AF-0000000204447686	shard_1486_batch_2.tar	27067904	75487	247079936	363972
13716	3737	AF-0000000210733216	shard_1829_batch_0.tar	150418944	174406	486654464	1995398
13720	3811	AF-0000000210742637	shard_1468_batch_0.tar	43880960	67698	153277952	272744
13728	3118	AF-0000000210655371	shard_1416_batch_0.tar	11122176	43592	115654656	121225
13728	3985	AF-0000000210761852	shard_1418_batch_0.tar	15619584	45374	135615488	125974
13735	3667	AF-0000000210724496	shard_1664_batch_1.tar	64680448	123938	667686400	1055853
13740	3806	AF-0000000210742184	shard_1760_batch_0.tar	126183936	147525	1117941248	1634331
13768	3238	AF-0000000204709458	shard_1741_batch_0.tar	49004544	146014	500726272	1435619
13768	3239	AF-0000000210671384	shard_1741_batch_0.tar	15441920	146124	338911232	1439342
13768	3399	AF-0000000204709453	shard_1853_batch_0.tar	574464	187474	2892312064	2592149
13768	3803	AF-0000000210741948	shard_1611_batch_0.tar	33297920	107160	829019648	802137
13771	3246	AF-0000000210671714	shard_1440_batch_1.tar	36358144	55003	150196224	194181
13789	3191	AF-0000000210668954	shard_1440_batch_0.tar	4613632	56800	301380608	207479
13789	3192	AF-0000000210669002	shard_1440_batch_0.tar	51135488	56731	270452736	207234
13798	3749	AF-0000000210734397	shard_1450_batch_0.tar	58372608	63208	122222592	255818
13799	3417	AF-0000000210694935	shard_1625_batch_0.tar	65397760	112177	834501120	888167
13808	3995	AF-0000000210763305	shard_1413_batch_0.tar	421376	40357	119113728	99285
13812	3167	AF-0000000204431007	shard_1544_batch_2.tar	36699648	90135	225780736	560347
13822	3238	AF-0000000204707465	shard_1741_batch_0.tar	22352896	146260	904003584	1435708
13822	3239	AF-0000000210671387	shard_1741_batch_0.tar	11441664	146186	1482019840	1433845
13824	3156	AF-0000000210656685	shard_1750_batch_0.tar	89700864	142157	1824779264	1496852
13835	3018	AF-0000000210609535	shard_1745_batch_0.tar	127544832	149942	1805609984	1442887
13835	3735	AF-0000000210732626	shard_1733_batch_0.tar	13015552	145863	1387162624	1354813
13847	3458	AF-0000000210698714	shard_1697_batch_0.tar	95664128	130451	413772800	1263252
13852	3571	AF-0000000210713999	shard_1563_batch_0.tar	54906880	95827	772548608	627654
13873	3370	AF-0000000204755663	shard_1655_batch_0.tar	4627968	121239	368123904	961515
13891	3096	AF-0000000210618104	shard_1732_batch_1.tar	111809536	147904	887495680	1434513
13910	3744	AF-0000000210733762	shard_1261_batch_0.tar	57405440	233120	3360059392	3680071
13911	3689	AF-0000000210726486	shard_1774_batch_1.tar	47856128	155863	1507957760	1815515
13951	3915	AF-0000000210753809	shard_1276_batch_1.tar	237525504	248461	4772977152	4267801
13956	3013	AF-0000000210609214	shard_1806_batch_2.tar	9887744	168510	362968576	2037677
13959	3407	AF-0000000210692351	shard_1682_batch_0.tar	37956608	129612	252402176	1186849
13968	3018	AF-0000000204744929	shard_1501_batch_0.tar	65167872	78693	156702720	404541
13968	3028	AF-0000000204744940	shard_1591_batch_0.tar	41360384	103383	644151296	723991
13985	3758	AF-0000000210735948	shard_1316_batch_1.tar	35300864	297224	2302797312	6530820
13985	3806	AF-0000000210742189	shard_1318_batch_1.tar	192771072	302121	5792892928	6904584
13996	3799	AF-0000000210741306	shard_1313_batch_0.tar	240526848	294255	1606090752	5840491
13997	3466	AF-0000000210699215	shard_1463_batch_0.tar	32042496	63697	328483328	288849
14020	3566	AF-0000000210713304	shard_1492_batch_2.tar	22183424	74993	111235072	390638
14022	3252	AF-0000000204407535	shard_1662_batch_2.tar	9764352	125743	139638272	1098549
14030	3926	AF-0000000204658959	shard_1407_batch_0.tar	5623296	27992	84135424	45469
14030	3927	AF-0000000204658958	shard_1407_batch_0.tar	5718528	28057	103297024	44922
14047	3167	AF-0000000210657177	shard_1660_batch_1.tar	74113536	122874	382185984	1073526
14047	3168	AF-0000000210657723	shard_1858_batch_1.tar	144041472	194863	2388412928	2691082
14048	3986	AF-0000000204669315	shard_1435_batch_0.tar	19011584	52822	164724224	171129
14077	3038	AF-0000000204124116	shard_1596_batch_1.tar	5724672	102872	211190784	756925
14077	3039	AF-0000000204124111	shard_1602_batch_1.tar	42625024	105306	373509632	775471
14077	3422	AF-0000000210695283	shard_1616_batch_1.tar	56774656	108434	473258496	835188
14077	3498	AF-0000000204124109	shard_1654_batch_1.tar	90577920	117272	812798464	998845
14077	3499	AF-0000000210703522	shard_1622_batch_1.tar	52703232	109125	1051022848	851597
14077	3665	AF-0000000204124110	shard_1592_batch_1.tar	80933888	103205	202088448	746192
14077	3667	AF-0000000210724497	shard_1578_batch_1.tar	69334528	99323	631628288	692819
14081	3483	AF-0000000210702205	shard_1813_batch_0.tar	167421440	172736	2402697728	2133628
14084	3541	AF-0000000210710218	shard_1236_batch_0.tar	213156864	211798	3442223104	3060849
14084	3546	AF-0000000210710803	shard_1848_batch_0.tar	160521216	184692	1470842880	2331003
14084	3673	AF-0000000210724735	shard_1230_batch_0.tar	172835840	207884	3545233920	2962127
14092	3176	AF-0000000210659218	shard_1818_batch_0.tar	121378304	170316	861708800	2211942
14108	3279	AF-0000000210674829	shard_1836_batch_1.tar	36226560	179832	1572304384	2323589
14121	3391	AF-0000000210689822	shard_1692_batch_0.tar	132191744	130392	419585024	1258437
14139	3571	AF-0000000210714006	shard_1531_batch_0.tar	6050304	86953	271904256	516895
14146	3185	AF-0000000210668868	shard_1506_batch_0.tar	36800000	80799	442211840	436449
14149	3168	AF-0000000210657726	shard_1837_batch_1.tar	34674688	184109	789453312	2337995
14154	3013	AF-0000000210609218	shard_1849_batch_0.tar	137254912	194189	1340326912	2312541
14155	3055	AF-0000000210613274	shard_1586_batch_0.tar	62754816	103864	767789056	723378
14158	3483	AF-0000000210702207	shard_1761_batch_0.tar	55878144	155710	826723840	1745320
14161	3084	AF-0000000204069362	shard_1406_batch_1.tar	605696	32048	92056576	53412
14167	3483	AF-0000000210702208	shard_1867_batch_0.tar	161789952	199612	2697146368	2813084
14175	3020	AF-0000000210609672	shard_1702_batch_1.tar	51260416	135372	600180224	1252827
14175	3024	AF-0000000210610004	shard_1740_batch_1.tar	41655296	145002	1399728128	1456413
14175	3439	AF-0000000210697305	shard_1790_batch_1.tar	114811392	156039	1148236800	1781757
14175	3440	AF-0000000210697349	shard_1732_batch_1.tar	135963136	143325	521899008	1421133
14175	3737	AF-0000000210733220	shard_1732_batch_1.tar	60218880	143245	438309376	1412087
14176	3702	AF-0000000203915060	shard_1626_batch_1.tar	12294656	108819	799111680	895441
14190	3168	AF-0000000204779252	shard_1323_batch_1.tar	308764160	312363	2462904832	7261400
14190	3881	AF-0000000210749733	shard_1257_batch_0.tar	51074048	226097	2701794304	3909140
14191	3986	AF-0000000210761973	shard_1662_batch_1.tar	91824128	123808	1170110464	991122
14210	3530	AF-0000000203544122	shard_1692_batch_0.tar	17867264	125919	725091840	1136886
14213	3481	AF-0000000210701941	shard_1634_batch_0.tar	3389440	115490	948521984	912631
14213	3986	AF-0000000210761974	shard_1462_batch_0.tar	31448576	65885	398683648	289618
14218	3898	AF-0000000210751433	shard_1787_batch_0.tar	133044736	162547	1142204416	1919860
14251	3803	AF-0000000210741959	shard_1598_batch_0.tar	3506688	101967	812449792	764412
14264	3349	AF-0000000203775067	shard_1518_batch_0.tar	15286784	83688	506574336	461754
14264	3920	AF-0000000210754906	shard_1808_batch_1.tar	153777664	169702	1011288064	2081233
14264	3929	AF-0000000210755708	shard_1810_batch_1.tar	118722048	169278	1583681024	2096006
14269	3676	AF-0000000210725281	shard_1550_batch_0.tar	47142912	96565	630109184	541047
14270	3378	AF-0000000210688662	shard_1875_batch_0.tar	153375232	194452	2215225856	2987839
14276	3448	AF-0000000210697960	shard_1448_batch_0.tar	57081344	61069	187765248	234175
14277	3334	AF-0000000210683109	shard_1766_batch_0.tar	63209984	155835	1218963456	1801793
14277	3687	AF-0000000203465222	shard_1766_batch_0.tar	61177344	155803	1170700288	1802429
14280	3458	AF-0000000210698717	shard_1659_batch_0.tar	33474048	119137	529303552	1081821
14284	3592	AF-0000000210716759	shard_1232_batch_0.tar	140856320	213293	473873408	3357008
14287	3091	AF-0000000210617817	shard_1269_batch_0.tar	117012480	242315	2429525504	4283432
14287	3167	AF-0000000210657185	shard_1647_batch_0.tar	107129856	119683	690797056	992321
14287	3168	AF-0000000210657733	shard_1853_batch_0.tar	94003200	191517	2683887104	2485591
14287	3370	AF-0000000210688004	shard_1667_batch_0.tar	103881728	123966	1241250816	1087731
14291	3369	AF-0000000210687331	shard_1832_batch_2.tar	46842880	179640	336869888	2302965
14291	3988	AF-0000000210762244	shard_1822_batch_2.tar	77804544	176631	354462208	2083656
14295	3809	AF-0000000204241225	shard_1496_batch_1.tar	45513728	76492	294552576	387363
14313	3300	AF-0000000210678534	shard_1240_batch_1.tar	193730048	221187	2879456256	3528771
14316	3585	AF-0000000210715851	shard_1581_batch_0.tar	12413952	98141	620301312	677344
14318	3167	AF-0000000204786183	shard_1761_batch_0.tar	88024064	155900	1146863616	1696465
14318	3168	AF-0000000204786184	shard_1249_batch_1.tar	41497088	227000	3723555840	3614159
14318	3667	AF-0000000210724498	shard_1759_batch_0.tar	113209856	154715	1741835776	1676898
14319	3110	AF-0000000210653362	shard_1266_batch_0.tar	7931392	234071	2274797056	3837929
14319	3309	AF-0000000210679525	shard_1298_batch_0.tar	51592704	267952	4834646016	4995811
14319	3541	AF-0000000210710219	shard_1304_batch_0.tar	115761152	271634	4991574016	5043164
14321	3167	AF-0000000210657189	shard_1589_batch_0.tar	31597568	99267	806467072	746577
14321	3872	AF-0000000210748730	shard_1853_batch_0.tar	179697152	188072	1166242816	2632661
14323	3853	AF-0000000210746599	shard_1236_batch_2.tar	39454208	225321	281902592	3195700
14331	3676	AF-0000000210725282	shard_1883_batch_0.tar	134809088	207977	3067751424	2971673
14333	3252	AF-0000000210672113	shard_1852_batch_2.tar	41707008	196070	887090688	2732044
14335	3168	AF-0000000210657739	shard_1287_batch_1.tar	111776768	261195	1260418048	4654779
14341	3436	AF-0000000210697020	shard_1830_batch_0.tar	12467712	178356	821331456	2491528
14350	3811	AF-0000000210742641	shard_1476_batch_1.tar	55833600	70565	393744384	313259
14368	3257	AF-0000000210672222	shard_1248_batch_1.tar	141905920	225441	2459595776	3441273
14369	3799	AF-0000000204719638	shard_1673_batch_0.tar	121319424	125993	908180992	1101597
14372	3515	AF-0000000210707254	shard_1272_batch_0.tar	56884736	243057	2487817728	4167123
14373	3400	AF-0000000210691000	shard_1772_batch_1.tar	137940480	158596	493732352	1701713
14379	3316	AF-0000000204627876	shard_1833_batch_0.tar	9833472	179858	2437644800	2486087
14381	3893	AF-0000000210751002	shard_1533_batch_0.tar	880128	86574	408706560	556088
14384	3319	AF-0000000210682237	shard_1804_batch_2.tar	16809472	169478	518062080	2130819
14386	3274	AF-0000000210673924	shard_1300_batch_1.tar	180234240	260537	4407285248	5065846
14391	3228	AF-0000000210670699	shard_1749_batch_0.tar	135295488	150647	1072968192	1643626
14393	3425	AF-0000000204431819	shard_1588_batch_2.tar	24186368	100253	296799232	656943
14398	3168	AF-0000000210657740	shard_1256_batch_0.tar	196955136	234467	3186758656	3696758
14402	3809	AF-0000000210742322	shard_1788_batch_2.tar	48181760	163584	846520320	1853157
14402	3810	AF-0000000210742492	shard_1786_batch_2.tar	8332288	163124	647422464	1841118
14420	3281	AF-0000000210675155	shard_1530_batch_0.tar	55166464	88491	646717952	510589
14420	3458	AF-0000000210698721	shard_1584_batch_0.tar	16631808	101623	832622080	676110
14425	3167	AF-0000000210657192	shard_1722_batch_0.tar	98663936	138853	1604810240	1311848
14429	3370	AF-0000000203604718	shard_1696_batch_0.tar	56333824	131381	771103744	1216692
14429	3799	AF-0000000203604703	shard_1778_batch_0.tar	73104896	157994	1186053632	1782053
14436	3100	AF-0000000210618552	shard_1228_batch_1.tar	151859200	211746	573103616	3231802
14437	3022	AF-0000000204113499	shard_1634_batch_1.tar	111035904	117978	899726848	962317
14459	3592	AF-0000000210716761	shard_1251_batch_0.tar	194767360	226761	3278601728	3580456
14461	3541	AF-0000000210710221	shard_1234_batch_0.tar	34633216	213224	1475940864	3084554
14482	3228	AF-0000000210670700	shard_1652_batch_1.tar	77029888	118809	699283456	1037587
14483	3676	AF-0000000210725285	shard_1676_batch_2.tar	53277696	127231	682650112	1187833
14483	3930	AF-0000000210755798	shard_1676_batch_2.tar	32022528	127069	538116096	1189070
14488	3896	AF-0000000210751197	shard_1582_batch_1.tar	65333248	101411	509417984	710992
14492	3220	AF-0000000204427644	shard_1492_batch_2.tar	25653248	76808	239412736	402893
14493	3426	AF-0000000210695984	shard_1320_batch_0.tar	1213440	305806	696749568	7254055
14519	3681	AF-0000000210725755	shard_1798_batch_2.tar	32002048	163877	525729280	1854366
14519	3982	AF-0000000210761672	shard_1798_batch_2.tar	5724672	164401	1048817664	1892565
14527	3247	AF-0000000210671831	shard_1488_batch_1.tar	608256	76088	268933120	359010
14527	3251	AF-0000000210672014	shard_1488_batch_1.tar	2269184	76097	171942400	362789
14531	3018	AF-0000000203936300	shard_1596_batch_1.tar	41683456	105321	671290880	801185
14533	3167	AF-0000000203533332	shard_1570_batch_0.tar	1181184	99750	290913792	665299
14533	3168	AF-0000000203533333	shard_1804_batch_0.tar	135248896	171230	1915513856	2027760
14555	3216	AF-0000000210670229	shard_1712_batch_0.tar	121905152	136259	994661888	1385245
14555	3319	AF-0000000210682243	shard_1714_batch_0.tar	49123840	137069	1317267968	1395663
14557	3227	AF-0000000210670595	shard_1478_batch_0.tar	48720384	69126	272911872	328671
14566	3585	AF-0000000210715854	shard_1586_batch_0.tar	67189760	100823	297680384	671978
14580	3719	AF-0000000204604573	shard_1557_batch_0.tar	93673984	95551	438166528	596353
14581	3238	AF-0000000204707043	shard_1743_batch_0.tar	54496256	146866	781927936	1470479
14581	3239	AF-0000000210671398	shard_1743_batch_0.tar	135357440	147151	429062656	1470684
14581	3959	AF-0000000204707049	shard_1743_batch_0.tar	34526720	148418	1510407168	1565167
14588	3689	AF-0000000210726493	shard_1825_batch_0.tar	27824128	173640	1236329472	2295128
14597	3084	AF-0000000203744420	shard_1408_batch_0.tar	4272640	35023	101350912	68787
14603	3009	AF-0000000210608435	shard_1864_batch_2.tar	76441088	196126	939730432	2573996
14603	3081	AF-0000000210616505	shard_1844_batch_2.tar	37393920	180042	1169069568	2328069
14603	3316	AF-0000000210681149	shard_1254_batch_2.tar	11020800	227293	500577280	3816543
14603	3386	AF-0000000210689324	shard_1846_batch_2.tar	62830592	184490	911100416	2464790
14603	3397	AF-0000000210690685	shard_1866_batch_2.tar	60449280	195973	391987200	2729748
14603	3458	AF-0000000210698724	shard_1830_batch_2.tar	61085696	175012	819291648	2306867
14603	3496	AF-0000000210703484	shard_1782_batch_2.tar	4370432	157363	762516992	1753851
14603	3591	AF-0000000210716426	shard_1224_batch_2.tar	32418304	208075	498194432	3119393
14603	3707	AF-0000000210729069	shard_1770_batch_2.tar	35106304	153786	598652928	1687730
14603	3810	AF-0000000210742495	shard_1784_batch_2.tar	48440832	158753	558657536	1802292
14603	3896	AF-0000000210751200	shard_1808_batch_2.tar	13882880	166936	916836352	2007299
14603	3938	AF-0000000210756462	shard_1868_batch_2.tar	76697088	193786	1517771264	2804808
14603	3986	AF-0000000210761976	shard_1762_batch_2.tar	33264640	151190	479459840	1620194
14605	3459	AF-0000000210698769	shard_1576_batch_2.tar	49411584	102408	423696384	683797
14609	3636	AF-0000000210721321	shard_1647_batch_0.tar	79448064	122320	430350848	969172
14612	3049	AF-0000000210612658	shard_1504_batch_0.tar	39859200	81326	521871360	367048
14615	3905	AF-0000000203754482	shard_1850_batch_0.tar	102508032	189953	733981184	2466523
14618	3455	AF-0000000210698468	shard_1784_batch_0.tar	81975296	162662	1811300864	1870231
14622	3319	AF-0000000210682248	shard_1851_batch_1.tar	175902720	186721	2279227392	2643345
14631	3809	AF-0000000210742323	shard_1684_batch_2.tar	50621952	128662	207209984	1139541
14648	3277	AF-0000000210674329	shard_1657_batch_0.tar	38481408	122272	806885376	1082163
14648	3953	AF-0000000204675056	shard_1603_batch_0.tar	8922112	109267	411069440	804393
14656	3020	AF-0000000210609674	shard_1672_batch_1.tar	3291648	127752	371988992	1110247
14656	3676	AF-0000000210725289	shard_1646_batch_1.tar	101049856	121899	833634304	993046
14664	3295	AF-0000000210677319	shard_1644_batch_0.tar	17853952	118699	402865152	1013617
14665	3168	AF-0000000210657744	shard_1780_batch_1.tar	17481728	160998	1922132992	1876083
14665	3216	AF-0000000210670233	shard_1760_batch_1.tar	28888064	151720	346156544	1739193
14665	3319	AF-0000000210682250	shard_1762_batch_1.tar	79464960	152519	1784689152	1751041
14669	3709	AF-0000000210729353	shard_1662_batch_2.tar	22278656	122777	194833920	1036326
14671	3851	AF-0000000210746378	shard_1485_batch_0.tar	40003584	72678	185245696	352250
14671	3936	AF-0000000210756285	shard_1849_batch_0.tar	176097280	186021	560315392	2517826
14682	3494	AF-0000000210703162	shard_1263_batch_0.tar	163844096	240510	2777259520	4019236
14693	3732	AF-0000000203729404	shard_1574_batch_0.tar	91621888	98807	560148992	672878
14704	3481	AF-0000000210701943	shard_1761_batch_0.tar	145361408	154880	1419662848	1589964
14706	3009	AF-0000000210608439	shard_1662_batch_2.tar	19424256	126474	544123392	1053708
14708	3013	AF-0000000210609227	shard_1765_batch_0.tar	52665344	157824	1163286528	1660985
14711	3168	AF-0000000210657745	shard_1233_batch_0.tar	99615232	216855	3225220096	3042153
14725	3319	AF-0000000210682252	shard_1871_batch_1.tar	149960192	187661	933368320	2838556
14739	3009	AF-0000000210608443	shard_1708_batch_2.tar	19673088	138935	176700416	1248289
14744	3501	AF-0000000210703844	shard_1460_batch_0.tar	10740736	61327	172686848	255341
14757	3566	AF-0000000210713316	shard_1792_batch_1.tar	108845568	163826	2190444032	1986058
14766	3167	AF-0000000210657200	shard_1622_batch_1.tar	35921408	111866	312665600	898857
14766	3168	AF-0000000210657749	shard_1836_batch_1.tar	101620736	184004	872508928	2474349
14772	3216	AF-0000000210670235	shard_1758_batch_0.tar	97408000	151828	1443130880	1719741
14774	3515	AF-0000000210707258	shard_1294_batch_0.tar	101898240	264339	4683728384	5031830
14780	3808	AF-0000000204815616	shard_1753_batch_0.tar	71541760	150300	1382068224	1584643
14781	3705	AF-0000000203494325	shard_1710_batch_0.tar	84121088	137852	730530816	1339239
14782	3700	AF-0000000210728486	shard_1736_batch_1.tar	125102592	142422	1291020288	1473320
14785	3354	AF-0000000210685480	shard_1220_batch_1.tar	16956928	201821	1568822784	3179481
14791	3673	AF-0000000210724736	shard_1634_batch_1.tar	37355008	111495	990152192	893589
14813	3725	AF-0000000210731379	shard_1530_batch_2.tar	23200256	88611	319771648	535518
14814	3168	AF-0000000210657753	shard_1325_batch_1.tar	47473152	316605	4216542208	6803293
14823	3411	AF-0000000210694080	shard_1800_batch_1.tar	58332672	168733	336952320	2065410
14825	3435	AF-0000000210696974	shard_1670_batch_1.tar	120695808	124180	974759936	1059164
14835	3028	AF-0000000203965844	shard_1524_batch_1.tar	36528128	84539	502530560	482657
14839	3810	AF-0000000210742498	shard_1725_batch_0.tar	51015680	140519	603171328	1392559
14844	3705	AF-0000000210728911	shard_1552_batch_2.tar	7644160	92557	114398720	578339
14868	3168	AF-0000000204642365	shard_1255_batch_0.tar	59637760	234733	2486660096	3776796
14868	3941	AF-0000000210757069	shard_1237_batch_0.tar	21186560	217146	1724221440	3365584
14871	3022	AF-0000000203796284	shard_1634_batch_0.tar	14302720	115468	736766976	894683
14871	3065	AF-0000000210614328	shard_1634_batch_0.tar	7455232	115090	523169280	891195
14871	3371	AF-0000000203796402	shard_1514_batch_0.tar	2160128	82511	574579712	465659
14871	3729	AF-0000000203796241	shard_1692_batch_0.tar	33174016	128632	771282944	1294086
14871	3741	AF-0000000203796288	shard_1634_batch_0.tar	88361472	116180	971682304	948818
14871	3742	AF-0000000203796286	shard_1634_batch_0.tar	102263296	115278	509120000	936284
14874	3216	AF-0000000210670238	shard_1722_batch_1.tar	30733312	138962	361565184	1447165
14874	3316	AF-0000000203825926	shard_1728_batch_1.tar	115492864	141351	1664694784	1519070
14874	3319	AF-0000000210682257	shard_1724_batch_1.tar	61695488	140030	1558665216	1486422
14874	3648	AF-0000000203825949	shard_1722_batch_1.tar	8608256	139908	465350144	1471767
14875	3798	AF-0000000210741142	shard_1670_batch_0.tar	36943360	123761	363742720	1113599
14876	3370	AF-0000000210688013	shard_1286_batch_0.tar	6434816	256105	4026558976	4404021
14878	3914	AF-0000000210753670	shard_1813_batch_0.tar	36188672	172872	977507840	2041997
14890	3902	AF-0000000204148619	shard_1828_batch_2.tar	13314560	178041	999748608	2320295
14895	3338	AF-0000000210683338	shard_1323_batch_0.tar	261736960	314299	5849416704	6535437
14897	3724	AF-0000000210730932	shard_1680_batch_0.tar	89121792	129703	1317081600	1103188
14903	3028	AF-0000000203764633	shard_1708_batch_0.tar	133807104	134428	1146405376	1305933
14906	3411	AF-0000000210694082	shard_1321_batch_0.tar	219105792	305869	2181442048	6403033
14909	3226	AF-0000000203908450	shard_1612_batch_1.tar	15521792	108025	673368064	811768
14909	3976	AF-0000000203908452	shard_1298_batch_1.tar	141373952	276327	3398449152	5477185
14919	3163	AF-0000000210656772	shard_1250_batch_2.tar	28028928	227433	467123712	3537293
14930	3545	AF-0000000210710729	shard_1521_batch_0.tar	85091328	84363	494018560	473531
14930	3731	AF-0000000210732284	shard_1475_batch_0.tar	68656640	71674	399153664	335868
14931	3107	AF-0000000204703403	shard_1465_batch_0.tar	51944960	64931	348012544	285944
14931	3254	AF-0000000204703446	shard_1497_batch_0.tar	59483136	75510	261961728	380574
14931	3824	AF-0000000204703401	shard_1465_batch_0.tar	62277632	64729	138381312	285565
14931	3985	AF-0000000204703413	shard_1463_batch_0.tar	42636800	64682	351461888	272414
14933	3515	AF-0000000203563654	shard_1276_batch_0.tar	221254656	246198	1038197248	4290361
14934	3636	AF-0000000210721322	shard_1837_batch_1.tar	127012352	187853	2074192384	2322244
14944	3803	AF-0000000210741967	shard_1850_batch_1.tar	35067392	184162	2278564864	2610543
14946	3427	AF-0000000204077783	shard_1672_batch_1.tar	105082368	126877	462710784	1091679
14946	3781	AF-0000000210739132	shard_1824_batch_1.tar	159076864	181236	2194170368	2319315
14953	3281	AF-0000000210675160	shard_1510_batch_1.tar	8570880	81160	491693568	463143
14954	3737	AF-0000000210733224	shard_1268_batch_2.tar	87531520	236176	582963200	4258520
14959	3752	AF-0000000203579505	shard_1826_batch_0.tar	11267584	173121	1468080128	2107945
14964	3976	AF-0000000210761255	shard_1272_batch_0.tar	220344320	251743	3075576320	4515963
14994	3257	AF-0000000204853382	shard_1837_batch_1.tar	123346432	183096	982625792	2307454
15006	3616	AF-0000000210719822	shard_1698_batch_1.tar	20699136	132826	1331465728	1299195
15014	3515	AF-0000000204726586	shard_1233_batch_0.tar	152442880	208239	2792022016	3050415
15017	3886	AF-0000000203774993	shard_1542_batch_0.tar	32061440	92332	415815168	557670
15017	3920	AF-0000000210754911	shard_1774_batch_0.tar	154482688	157467	1072285696	1804368
15017	3929	AF-0000000210755714	shard_1776_batch_0.tar	110922240	157637	1396557312	1823321
15020	3370	AF-0000000210688014	shard_1458_batch_0.tar	20620800	64244	348288000	265070
15029	3005	AF-0000000210607527	shard_1760_batch_1.tar	152648192	149204	1667430912	1709527
15029	3013	AF-0000000210609233	shard_1756_batch_1.tar	151481856	151808	584128512	1608933
15030	3220	AF-0000000210670348	shard_1478_batch_2.tar	13081088	72910	138796032	344098
15040	3570	AF-0000000210713791	shard_1780_batch_1.tar	69828608	153343	1392167424	1659472
15045	3585	AF-0000000210715856	shard_1647_batch_0.tar	29369856	117657	535290368	955038
15049	3620	AF-0000000210720681	shard_1295_batch_0.tar	187014656	273619	5060065792	5304000
15051	3506	AF-0000000210704868	shard_1770_batch_0.tar	77499392	154894	1200039936	1827426
15056	3707	AF-0000000210729072	shard_1634_batch_0.tar	95892480	114710	428915200	924596
15078	3920	AF-0000000210754912	shard_1792_batch_0.tar	52418048	163442	939273728	1943436
15078	3929	AF-0000000210755715	shard_1794_batch_0.tar	99334144	163038	1381299712	1948347
15092	3265	AF-0000000203465899	shard_1496_batch_0.tar	32112640	77456	326400000	402077
15092	3429	AF-0000000203465886	shard_1492_batch_0.tar	71855616	76117	449954304	386351
15110	3110	AF-0000000210653366	shard_1648_batch_0.tar	14290944	119649	1207696384	967782
15110	3370	AF-0000000203698537	shard_1652_batch_0.tar	86537728	120564	403200512	999226
15110	3391	AF-0000000210689828	shard_1708_batch_0.tar	35392512	136814	448882688	1275666
15114	3060	AF-0000000204062324	shard_1458_batch_1.tar	7749632	64077	240451584	273163
15134	3148	AF-0000000210656254	shard_1658_batch_1.tar	74715136	123449	340126720	996998
15140	3090	AF-0000000203559688	shard_1234_batch_0.tar	115295232	211220	1734075392	3461408
15143	3433	AF-0000000210696795	shard_1260_batch_0.tar	202573824	230814	4014999552	4235174
15155	3890	AF-0000000204425379	shard_1514_batch_2.tar	39500288	84734	82683904	461447
15170	3228	AF-0000000210670703	shard_1733_batch_0.tar	64410624	145046	1252569600	1526899
15173	3167	AF-0000000210657212	shard_1854_batch_0.tar	58660352	192632	1999967744	2623454
15173	3168	AF-0000000210657767	shard_1292_batch_0.tar	252171264	264558	4960296448	4887326
15207	3018	AF-0000000210609550	shard_1876_batch_0.tar	42938880	201141	1568342528	2767867
15207	3106	AF-0000000210651385	shard_1874_batch_0.tar	40316928	198375	3262895104	2786360
15207	3178	AF-0000000210659973	shard_1302_batch_0.tar	266231808	270433	4193884672	5380334
15207	3277	AF-0000000210674332	shard_1266_batch_0.tar	38668288	236627	1132869120	3949052
15207	3351	AF-0000000210685159	shard_1334_batch_0.tar	131874304	361414	6607973888	9515458
15207	3409	AF-0000000210692884	shard_1302_batch_0.tar	120019456	276670	570881024	5441586
15207	3515	AF-0000000210707262	shard_1316_batch_0.tar	40120320	293846	2224891904	6134342
15207	3579	AF-0000000210715253	shard_1878_batch_0.tar	177824768	200665	1941722112	2841580
15216	3343	AF-0000000210684034	shard_1794_batch_0.tar	165416960	172570	853807616	2004892
15217	3411	AF-0000000204603967	shard_1863_batch_0.tar	94380032	197118	411595776	2799022
15224	3309	AF-0000000210679528	shard_1750_batch_2.tar	15393792	149847	474421248	1590509
15224	3401	AF-0000000210691224	shard_1236_batch_2.tar	102639104	221918	484850688	3270643
15237	3789	AF-0000000210740096	shard_1684_batch_0.tar	90605056	129482	526036480	1183499
15238	3541	AF-0000000210710234	shard_1598_batch_0.tar	17716736	103394	604145664	711371
15238	3545	AF-0000000210710730	shard_1472_batch_0.tar	10283520	67929	212271104	291453
15238	3658	AF-0000000203539795	shard_1508_batch_0.tar	66499584	77060	553137664	407946
15238	3669	AF-0000000203539796	shard_1508_batch_0.tar	61969920	75712	419469312	410954
15238	3673	AF-0000000210724738	shard_1584_batch_0.tar	35338240	99635	443705344	652132
15238	3681	AF-0000000210725761	shard_1508_batch_0.tar	57752064	77394	524618240	403513
15238	3731	AF-0000000210732286	shard_1436_batch_0.tar	17263616	55070	211184128	188813
15238	3919	AF-0000000210754721	shard_1490_batch_0.tar	54206464	73957	220112384	360251
15259	3657	AF-0000000210723392	shard_1822_batch_2.tar	28737024	179177	1148464128	2386327
15262	3228	AF-0000000210670704	shard_1745_batch_0.tar	98554880	141201	1287561216	1498879
15263	3688	AF-0000000210726341	shard_1852_batch_2.tar	37498368	191102	1354859008	2557603
15265	3106	AF-0000000203615699	shard_1420_batch_0.tar	5458944	45933	154476544	137274
15267	3803	AF-0000000210741974	shard_1603_batch_0.tar	48643584	106196	707005440	775222
15274	3429	AF-0000000210696133	shard_1412_batch_0.tar	28494336	40312	151955456	98945
15296	3251	AF-0000000210672019	shard_1293_batch_0.tar	91399168	270607	4360351744	4939209
15297	3705	AF-0000000210728919	shard_1645_batch_0.tar	41614336	113651	816122880	926034
15302	3453	AF-0000000210698289	shard_1226_batch_0.tar	33004032	208579	1767127040	3175825
15304	3458	AF-0000000210698731	shard_1544_batch_1.tar	42245632	89110	430481920	572253
15309	3247	AF-0000000204414089	shard_1492_batch_2.tar	8238592	77698	89714176	375869
15309	3566	AF-0000000204414063	shard_1506_batch_2.tar	21682176	78320	150733312	432330
15310	3084	AF-0000000204097620	shard_1406_batch_1.tar	16394752	32486	95363072	56308
15310	3572	AF-0000000204097622	shard_1406_batch_1.tar	17195520	30442	103874560	48552
15322	3219	AF-0000000210670332	shard_1624_batch_0.tar	78633984	116617	1034084864	868180
15325	3953	AF-0000000210757861	shard_1588_batch_1.tar	76815872	104755	887444480	764526
15328	3022	AF-0000000204259887	shard_1572_batch_1.tar	41993216	101023	220090368	638519
15338	3938	AF-0000000204748946	shard_1577_batch_0.tar	92239872	96542	693594112	667688
15347	3168	AF-0000000204233890	shard_1854_batch_2.tar	49254912	192128	857090048	2504254
15347	3370	AF-0000000204233860	shard_1668_batch_2.tar	9917952	124580	376088064	1086991
15349	3003	AF-0000000210607473	shard_1331_batch_0.tar	202716672	347587	4889782272	8967751
15352	3921	AF-0000000210754972	shard_1224_batch_1.tar	97453056	207556	1650996736	3228487
15353	3515	AF-0000000203626858	shard_1704_batch_0.tar	116724736	133204	1319342592	1269957
15354	3021	AF-0000000203952140	shard_1814_batch_1.tar	78469632	168873	365530624	2031630
15354	3373	AF-0000000203952134	shard_1868_batch_1.tar	161623552	187972	2694053888	2591432
15354	3738	AF-0000000203952135	shard_1834_batch_1.tar	168723968	175554	1277794816	2189606
15355	3021	AF-0000000203952045	shard_1780_batch_1.tar	99778048	157369	1940361216	1739945
15355	3024	AF-0000000203952034	shard_1780_batch_1.tar	82274816	157029	2094764032	1744054
15355	3373	AF-0000000203952039	shard_1840_batch_1.tar	18870784	175717	958064640	2232651
15355	3738	AF-0000000203952040	shard_1800_batch_1.tar	45408256	164029	1638293504	1891346
15383	3072	AF-0000000210615081	shard_1703_batch_0.tar	73871872	134283	1156121088	1313694
15387	3319	AF-0000000210682276	shard_1321_batch_0.tar	22909952	310642	3590552576	7092049
15395	3974	AF-0000000203577634	shard_1470_batch_0.tar	26706944	67163	415722496	307777
15410	3228	AF-0000000210670705	shard_1551_batch_0.tar	45421056	91040	551796736	605415
15415	3803	AF-0000000210741975	shard_1446_batch_1.tar	7930368	59126	324466176	232165
15418	3228	AF-0000000210670706	shard_1500_batch_0.tar	48402944	77191	251041280	404070
15437	3041	AF-0000000210611918	shard_1694_batch_0.tar	36907520	129728	912101376	1196866
15453	3247	AF-0000000203913253	shard_1496_batch_1.tar	33693696	80180	370994176	396056
15453	3271	AF-0000000210673156	shard_1758_batch_1.tar	152754176	156381	788926464	1593190
15453	3980	AF-0000000210761584	shard_1792_batch_1.tar	160652288	166992	1465232896	1859453
15455	3391	AF-0000000210689830	shard_1560_batch_1.tar	48686080	93975	753023488	608676
15465	3695	AF-0000000210727616	shard_1573_batch_0.tar	79887360	98944	468326912	679670
15471	3434	AF-0000000210696916	shard_1248_batch_2.tar	40712704	227848	1907926016	3768214
15471	3585	AF-0000000210715861	shard_1636_batch_1.tar	30703616	114936	283270656	901781
15473	3168	AF-0000000210657772	shard_1319_batch_1.tar	23107072	310089	4085289472	6798554
15475	3698	AF-0000000210728187	shard_1696_batch_0.tar	121308160	132978	867386368	1212991
15490	3316	AF-0000000203696748	shard_1768_batch_0.tar	20328960	155642	303794176	1797546
15490	3593	AF-0000000210717215	shard_1820_batch_0.tar	10613248	178819	1067032064	2152251
15494	3709	AF-0000000203683587	shard_1750_batch_0.tar	63757824	151560	1791440384	1635646
15495	3242	AF-0000000203519430	shard_1446_batch_0.tar	38945280	59219	238890496	218589
15495	3244	AF-0000000203519431	shard_1450_batch_0.tar	41613824	60606	305279488	234888
15502	3725	AF-0000000210731411	shard_1464_batch_2.tar	10617344	67367	75554304	296742
15512	3020	AF-0000000210609676	shard_1598_batch_0.tar	97616896	106230	824715776	738624
15522	3082	AF-0000000210616707	shard_1622_batch_2.tar	14246912	111712	526200320	902649
15522	3437	AF-0000000210697237	shard_1220_batch_2.tar	47604224	205837	1120950784	3220855
15522	3467	AF-0000000210699250	shard_1700_batch_2.tar	23959552	134688	510681088	1260151
15522	3501	AF-0000000210703863	shard_1614_batch_2.tar	31662592	106373	269403648	827104
15531	3020	AF-0000000203905136	shard_1706_batch_1.tar	6561792	137253	1314574848	1235550
15531	3094	AF-0000000203905130	shard_1742_batch_1.tar	37246976	150207	868882432	1515211
15536	3168	AF-0000000210657776	shard_1279_batch_0.tar	117914624	252282	2201293824	4349949
15539	3980	AF-0000000210761585	shard_1315_batch_0.tar	50496000	296830	3080689152	5748953
15547	3407	AF-0000000210692386	shard_1774_batch_2.tar	17497600	156353	478488064	1764960
15550	3149	AF-0000000210656316	shard_1612_batch_1.tar	19364864	110088	408740864	828130
15550	3583	AF-0000000210715567	shard_1560_batch_1.tar	90309632	94116	802424832	635968
15550	3597	AF-0000000210717730	shard_1524_batch_1.tar	44214272	81861	362078208	490769
15550	3744	AF-0000000210733768	shard_1502_batch_1.tar	14854144	79312	551324160	440419
15582	3000	AF-0000000210607078	shard_1510_batch_1.tar	27721216	80203	510842880	457781
15582	3414	AF-0000000210694370	shard_1440_batch_1.tar	12993536	58327	304684544	211191
15584	3018	AF-0000000204412686	shard_1466_batch_1.tar	7749120	68410	399078912	302873
15584	3566	AF-0000000204412695	shard_1546_batch_2.tar	25458688	90528	282017792	586163
15596	3018	AF-0000000203975932	shard_1530_batch_1.tar	9347584	89107	172106752	500201
15596	3047	AF-0000000210612497	shard_1534_batch_1.tar	39909376	89716	667796992	524474
15597	3758	AF-0000000210735950	shard_1747_batch_0.tar	94179328	145065	949933056	1533191
15600	3636	AF-0000000210721325	shard_1815_batch_1.tar	85795840	174317	411389440	2046129
15615	3705	AF-0000000210728927	shard_1803_batch_0.tar	43417088	171161	2024747520	2126528
15644	3216	AF-0000000210670255	shard_1794_batch_0.tar	139675648	163960	1291522048	1992663
15644	3319	AF-0000000210682292	shard_1796_batch_0.tar	98228224	165113	1652391936	1992706
15644	3448	AF-0000000210697978	shard_1548_batch_0.tar	16180224	92553	237973504	600320
15649	3501	AF-0000000210703869	shard_1500_batch_0.tar	21265408	72392	342370816	388659
15666	3571	AF-0000000210714028	shard_1858_batch_0.tar	100883456	190718	707761152	2475584
15675	3343	AF-0000000204720270	shard_1849_batch_0.tar	164555776	193345	2435589120	2545788
15675	3409	AF-0000000210692893	shard_1791_batch_0.tar	12174336	165832	1820403200	2004225
15675	3411	AF-0000000204720274	shard_1837_batch_0.tar	73669120	183800	1497393152	2485203
15677	3020	AF-0000000210609677	shard_1748_batch_0.tar	104784384	146721	829434880	1471774
15677	3737	AF-0000000210733227	shard_1774_batch_0.tar	27016192	153381	468003328	1598107
15690	3274	AF-0000000210673939	shard_1289_batch_0.tar	210256896	251044	2442469888	4519264
15697	3163	AF-0000000204745263	shard_1255_batch_0.tar	99502080	230642	3768868352	3646474
15697	3409	AF-0000000210692895	shard_1771_batch_0.tar	47926784	159152	1866634752	1823876
15697	3684	AF-0000000210726045	shard_1675_batch_0.tar	116159488	129131	1302304768	1139267
15697	3941	AF-0000000210757073	shard_1767_batch_0.tar	107080704	152224	416831488	1648253
15699	3995	AF-0000000210763307	shard_1414_batch_0.tar	8931328	41727	172555776	111568
15702	3976	AF-0000000210761260	shard_1260_batch_0.tar	180472320	242261	3247635968	4050636
15711	3009	AF-0000000210608490	shard_1320_batch_0.tar	216322048	304659	1142167552	6230015
15711	3799	AF-0000000210741311	shard_1320_batch_0.tar	233857536	302418	758012416	6368899
15712	3724	AF-0000000210730936	shard_1801_batch_0.tar	128684032	169217	1564193280	2009279
15734	3598	AF-0000000210717846	shard_1848_batch_0.tar	160135680	190166	2455258624	2462567
15736	3566	AF-0000000204116574	shard_1692_batch_1.tar	99019264	130793	1242071040	1244107
15737	3163	AF-0000000203513255	shard_1266_batch_0.tar	167242240	240087	730222592	4027149
15739	3995	AF-0000000210763308	shard_1463_batch_0.tar	9589248	65553	288509440	282577
15744	3622	AF-0000000210720889	shard_1443_batch_0.tar	50820608	59539	300921856	210374
15754	3571	AF-0000000210714031	shard_1867_batch_0.tar	137407488	195745	799845888	2760565
15764	3505	AF-0000000210704816	shard_1684_batch_1.tar	92667904	132641	1058716160	1223189
15765	3505	AF-0000000210704817	shard_1656_batch_1.tar	15138816	124466	910811136	1077854
15766	3505	AF-0000000210704818	shard_1658_batch_1.tar	48744448	124743	1039684096	1069465
15772	3139	AF-0000000210655889	shard_1238_batch_0.tar	141421056	217137	915160576	3403857
15772	3370	AF-0000000210688026	shard_1784_batch_0.tar	28008448	157799	1816960512	1811071
15772	3799	AF-0000000210741312	shard_1848_batch_0.tar	139130368	185508	2699441152	2501288
15773	3789	AF-0000000203714576	shard_1258_batch_0.tar	153698816	235093	665394688	3743906
15779	3215	AF-0000000210669826	shard_1788_batch_1.tar	101864448	159208	431488512	2000608
15779	3216	AF-0000000210670258	shard_1788_batch_1.tar	24208384	159227	538899968	1999388
15779	3319	AF-0000000210682298	shard_1790_batch_1.tar	51492352	160166	1712208896	2004204
15779	3648	AF-0000000210721677	shard_1788_batch_1.tar	47724032	160413	815294976	1999254
15779	3709	AF-0000000210729377	shard_1582_batch_1.tar	21138432	101384	246044672	728408
15779	3725	AF-0000000210731425	shard_1546_batch_1.tar	43414528	90527	713058816	575999
15787	3053	AF-0000000210613082	shard_1696_batch_0.tar	80802304	131752	410476544	1202936
15788	3319	AF-0000000210682300	shard_1800_batch_0.tar	162654208	166983	366445568	2071124
15795	3459	AF-0000000210698774	shard_1593_batch_0.tar	63053824	106354	674806784	711135
15795	3749	AF-0000000210734401	shard_1541_batch_0.tar	81473024	90930	541787648	564063
15796	3859	AF-0000000210747457	shard_1725_batch_0.tar	114301952	140923	610041344	1468369
15800	3560	AF-0000000210712448	shard_1550_batch_0.tar	373248	93711	543322112	622433
15800	3577	AF-0000000210714872	shard_1736_batch_0.tar	32572928	143866	776184832	1400658
15800	3682	AF-0000000210725812	shard_1466_batch_0.tar	20162048	63676	394368000	288836
15805	3316	AF-0000000210681170	shard_1798_batch_0.tar	141835776	163517	608238592	2052714
15808	3018	AF-0000000203936103	shard_1674_batch_1.tar	88729600	126690	243253248	1136720
15815	3018	AF-0000000204411924	shard_1488_batch_1.tar	37568000	75082	495192064	357390
15815	3437	AF-0000000204411812	shard_1845_batch_0.tar	76327424	187004	1392625152	2685089
15815	3689	AF-0000000210726510	shard_1767_batch_0.tar	119555072	153191	611805696	1757967
15821	3773	AF-0000000210738482	shard_1566_batch_1.tar	15651840	95921	807090688	640138
15828	3319	AF-0000000210682306	shard_1798_batch_1.tar	53266432	164456	1007725568	2034670
15833	3084	AF-0000000210616795	shard_1441_batch_0.tar	9385472	57640	144040960	209504
15833	3228	AF-0000000210670707	shard_1473_batch_0.tar	48130560	69016	156084224	317985
15834	3256	AF-0000000210672193	shard_1873_batch_1.tar	68449792	200951	2979870720	2750275
15836	3759	AF-0000000210736038	shard_1794_batch_2.tar	32564736	167648	315919872	1959502
15842	3419	AF-0000000210695024	shard_1446_batch_0.tar	43876864	58719	238654976	234718
15854	3244	AF-0000000210671566	shard_1694_batch_0.tar	43432960	134361	693943296	1182249
15856	3526	AF-0000000210708638	shard_1639_batch_0.tar	20771840	115880	986966016	975267
15875	3481	AF-0000000210701948	shard_1744_batch_0.tar	102960640	148675	349103104	1560519
15884	3980	AF-0000000210761589	shard_1305_batch_1.tar	158252544	271405	4739316224	5124093
15886	3592	AF-0000000210716772	shard_1250_batch_2.tar	103771136	216599	1105597440	3462205
15887	3020	AF-0000000210609681	shard_1806_batch_0.tar	42040832	168707	2175943680	1960650
15892	3978	AF-0000000210761356	shard_1336_batch_0.tar	306320384	393399	3757748736	11020175
15896	3788	AF-0000000203968808	shard_1800_batch_1.tar	7747584	163764	1114420224	2068899
15906	3168	AF-0000000204785976	shard_1311_batch_1.tar	68425216	285422	2382514688	5595522
15916	3737	AF-0000000210733228	shard_1702_batch_0.tar	76410880	130990	859958272	1176219
15935	3167	AF-0000000210657228	shard_1873_batch_1.tar	169766400	199955	1823168512	2967029
15935	3168	AF-0000000210657788	shard_1301_batch_1.tar	126818816	272280	4846523392	5302321
15951	3958	AF-0000000210758842	shard_1307_batch_0.tar	80745472	276732	1581491200	5219723
15963	3698	AF-0000000210728192	shard_1612_batch_1.tar	65043968	110033	1037509632	834577
15966	3995	AF-0000000210763310	shard_1499_batch_0.tar	55229440	78106	356390400	401878
15970	3755	AF-0000000210735721	shard_1747_batch_0.tar	87296000	150348	1140685312	1515809
15978	3184	AF-0000000210668816	shard_1788_batch_0.tar	125877248	161445	1402226688	1717159
15988	3271	AF-0000000210673162	shard_1220_batch_1.tar	143875584	206579	1192121344	2930707
16004	3274	AF-0000000210673943	shard_1303_batch_0.tar	109098496	270716	2289092096	5054084
16004	3307	AF-0000000210679408	shard_1874_batch_2.tar	11529728	202456	947117056	2759034
16004	3309	AF-0000000210679530	shard_1876_batch_2.tar	90458112	205317	625086464	2795616
16004	3348	AF-0000000210684700	shard_1866_batch_2.tar	21174784	195847	908870144	2599323
16004	3773	AF-0000000210738484	shard_1876_batch_2.tar	100265984	202695	1431630336	2825965
16008	3592	AF-0000000210716774	shard_1541_batch_0.tar	35200000	92315	506245632	571895
16014	3013	AF-0000000203691715	shard_1762_batch_0.tar	18408960	156610	1423215104	1633549
16014	3680	AF-0000000203691709	shard_1762_batch_0.tar	136441856	156610	1539872256	1655551
16034	3316	AF-0000000203701691	shard_1730_batch_0.tar	86217216	143676	1459194368	1488774
16034	3479	AF-0000000210701777	shard_1666_batch_0.tar	11957760	124761	568382976	1112006
16034	3648	AF-0000000203701703	shard_1726_batch_0.tar	48995328	141368	771241472	1457934
16035	3319	AF-0000000210682310	shard_1788_batch_0.tar	54668800	163142	1430395392	1995299
16035	3479	AF-0000000210701778	shard_1734_batch_0.tar	81349632	145520	348534784	1560093
16037	3274	AF-0000000210673946	shard_1247_batch_0.tar	141532672	220033	2457167872	3473979
16038	3006	AF-0000000210607537	shard_1259_batch_0.tar	91830272	231504	2731198464	3527815
16041	3370	AF-0000000210688031	shard_1836_batch_2.tar	68108288	184092	513239040	2404805
16041	3736	AF-0000000210732856	shard_1268_batch_2.tar	78440960	241316	632784384	4117925
16052	3168	AF-0000000204132232	shard_1774_batch_2.tar	57974272	156853	457601536	1746927
16057	3610	AF-0000000210719108	shard_1652_batch_0.tar	112699904	119633	879718400	1040988
16059	3281	AF-0000000210675173	shard_1630_batch_0.tar	72907264	113917	702322688	901759
16059	3550	AF-0000000210711299	shard_1870_batch_1.tar	87884288	175209	599111168	2637517
16066	3370	AF-0000000203503058	shard_1680_batch_0.tar	80226816	127796	1057309184	1204202
16067	3370	AF-0000000210688032	shard_1271_batch_0.tar	4140032	240634	1663671296	4075610
16070	3676	AF-0000000210725306	shard_1552_batch_1.tar	38813184	94827	314892800	592870
16073	3731	AF-0000000210732290	shard_1623_batch_0.tar	24236032	112777	1076692480	844860
16081	3215	AF-0000000203701474	shard_1778_batch_0.tar	89456640	157683	1241275392	1871093
16081	3216	AF-0000000210670265	shard_1778_batch_0.tar	16680960	158052	1004645888	1874872
16081	3319	AF-0000000210682312	shard_1780_batch_0.tar	126078464	159105	2120517632	1884997
16085	3110	AF-0000000210653370	shard_1550_batch_0.tar	60681216	92743	251838976	563924
16087	3028	AF-0000000204859228	shard_1849_batch_1.tar	17444864	186740	1189378560	2433232
16098	3216	AF-0000000210670266	shard_1712_batch_0.tar	93600768	136548	1475620864	1394258
16100	3257	AF-0000000210672228	shard_1257_batch_1.tar	171777536	228426	677868032	3591243
16112	3022	AF-0000000204259826	shard_1558_batch_1.tar	94064640	96183	368634880	590742
16112	3065	AF-0000000210614342	shard_1558_batch_1.tar	51789824	95805	417996800	591070
16112	3350	AF-0000000204259828	shard_1556_batch_1.tar	85168128	95708	420383744	583339
16112	3741	AF-0000000204259831	shard_1558_batch_1.tar	23473152	96840	284115968	593237
16112	3742	AF-0000000204259829	shard_1558_batch_1.tar	89258496	95840	799387648	594746
16117	3167	AF-0000000204861060	shard_1761_batch_1.tar	56701952	155092	752134144	1676209
16117	3168	AF-0000000204861061	shard_1247_batch_1.tar	119293952	226803	1802882560	3553805
16121	3295	AF-0000000210677338	shard_1766_batch_0.tar	65882624	154462	1143331840	1764808
16121	3676	AF-0000000210725309	shard_1752_batch_0.tar	114446848	151411	1032466944	1628550
16126	3687	AF-0000000203465544	shard_1778_batch_0.tar	21629952	162811	1776698880	1920744
16129	3453	AF-0000000210698291	shard_1612_batch_0.tar	32922112	109856	483834368	844651
16132	3370	AF-0000000210688034	shard_1710_batch_0.tar	21344768	136183	1423642624	1369347
16132	3571	AF-0000000210714037	shard_1714_batch_0.tar	81820160	136715	1590907392	1382728
16133	3215	AF-0000000204615339	shard_1249_batch_0.tar	137292800	226917	1586016768	3704684
16133	3216	AF-0000000210670268	shard_1249_batch_0.tar	95932928	226871	644484608	3703702
16133	3319	AF-0000000210682315	shard_1251_batch_0.tar	64350208	227975	1113603072	3732298
16153	3505	AF-0000000203909246	shard_1652_batch_1.tar	12788224	123515	535065088	1053965
16161	3369	AF-0000000210687373	shard_1832_batch_1.tar	42103296	179820	2449474560	2282409
16165	3592	AF-0000000210716775	shard_1829_batch_0.tar	176668672	182846	922578432	2349053
16168	3705	AF-0000000204790427	shard_1657_batch_0.tar	111070720	116778	941225984	990066
16173	3976	AF-0000000210761265	shard_1300_batch_1.tar	229265408	280534	5400831488	5586637
16183	3027	AF-0000000203532830	shard_1870_batch_0.tar	131848704	195989	424822272	2954721
16183	3551	AF-0000000203532826	shard_1864_batch_0.tar	30744064	193319	910926336	2808124
16196	3167	AF-0000000210657243	shard_1223_batch_0.tar	54241280	212790	1653365248	3088524
16196	3168	AF-0000000210657802	shard_1305_batch_1.tar	139506688	284441	3305499136	5566040
16198	3417	AF-0000000210694943	shard_1470_batch_0.tar	34250240	67778	306784256	326097
16204	3427	AF-0000000203544228	shard_1640_batch_0.tar	19372544	116207	1165504000	900144
16205	3853	AF-0000000210746601	shard_1829_batch_0.tar	92443648	181262	1681020416	2232964
16219	3009	AF-0000000210608512	shard_1568_batch_1.tar	36942848	101352	538106880	655456
16244	3370	AF-0000000210688037	shard_1304_batch_0.tar	34322944	283965	4184819712	5486643
16254	3228	AF-0000000210670708	shard_1532_batch_0.tar	54659584	89427	424754176	521989
16286	3262	AF-0000000210672706	shard_1627_batch_0.tar	46817280	113169	912287232	927636
16306	3238	AF-0000000204710422	shard_1755_batch_0.tar	69057536	150458	772049920	1579980
16310	3515	AF-0000000210707272	shard_1842_batch_1.tar	183826944	181901	384571392	2322846
16314	3483	AF-0000000210702247	shard_1875_batch_0.tar	123438592	205067	2400219648	3023236
16340	3018	AF-0000000210609565	shard_1686_batch_1.tar	88231424	130501	1072614400	1199584
16340	3594	AF-0000000210717377	shard_1844_batch_1.tar	171767296	187071	2053057024	2612858
16340	3921	AF-0000000210754978	shard_1226_batch_1.tar	99529216	210515	1557167104	3274937
16344	3770	AF-0000000210737555	shard_1278_batch_1.tar	183287808	250628	3859119104	4604801
16344	3982	AF-0000000210761677	shard_1824_batch_1.tar	17627136	174950	1159814656	2293210
16348	3501	AF-0000000210703884	shard_1448_batch_0.tar	10451968	57471	300384768	221074
16350	3949	AF-0000000210757572	shard_1715_batch_1.tar	81688576	139561	1449543680	1327750
16351	3853	AF-0000000210746604	shard_1230_batch_0.tar	102734336	216312	1017051648	3122012
16355	3167	AF-0000000210657251	shard_1689_batch_0.tar	34200576	129919	811144192	1162408
16355	3168	AF-0000000210657812	shard_1875_batch_1.tar	17022464	201562	2307725312	2841066
16362	3591	AF-0000000210716435	shard_1672_batch_2.tar	10398720	127369	141624832	1156011
16365	3216	AF-0000000210670273	shard_1712_batch_0.tar	58033664	137828	1095656448	1356731
16365	3319	AF-0000000210682324	shard_1714_batch_0.tar	103499264	138628	475907072	1373566
16365	3686	AF-0000000210726242	shard_1604_batch_0.tar	23237632	110040	607165440	812358
16373	3037	AF-0000000203645873	shard_1772_batch_0.tar	79284736	158022	1909572096	1773235
16373	3444	AF-0000000210697686	shard_1864_batch_0.tar	55141888	200173	2617208832	2936395
16375	3274	AF-0000000210673949	shard_1290_batch_0.tar	122105344	256041	1017051136	4687567
16379	3563	AF-0000000210712899	shard_1447_batch_0.tar	34116096	58258	133239296	223371
16381	3041	AF-0000000210611920	shard_1750_batch_2.tar	53524992	144592	327509504	1492510
16381	3509	AF-0000000210705358	shard_1852_batch_2.tar	88674304	179983	702447616	2425674
16381	3772	AF-0000000210738221	shard_1684_batch_1.tar	116399616	130038	1363772416	1167242
16384	3955	AF-0000000210758121	shard_1726_batch_0.tar	111433728	141429	1111639040	1481443
16388	3236	AF-0000000204249236	shard_1660_batch_2.tar	51158016	120163	442493952	1049103
16392	3709	AF-0000000210729385	shard_1552_batch_1.tar	42003456	92660	343508480	591902
16406	3247	AF-0000000210671846	shard_1644_batch_0.tar	45135872	119387	1052210176	947916
16406	3407	AF-0000000210692402	shard_1780_batch_0.tar	17062400	159775	473177600	1834227
16406	3566	AF-0000000210713359	shard_1660_batch_0.tar	23534592	119894	654290944	1024721
16406	3709	AF-0000000210729386	shard_1634_batch_0.tar	2343936	116412	1131639296	922686
16416	3343	AF-0000000210684053	shard_1328_batch_0.tar	227745792	340053	4192992768	7613637
16416	3501	AF-0000000210703887	shard_1282_batch_0.tar	85706752	250727	4611328000	4177987
16416	3689	AF-0000000210726521	shard_1324_batch_0.tar	146388480	316009	7324777472	6732371
16416	3728	AF-0000000210731685	shard_1306_batch_0.tar	40972800	279027	6027214336	5290608
16417	3168	AF-0000000203491714	shard_1230_batch_0.tar	57911296	215312	2572327936	3197089
16417	3345	AF-0000000203491716	shard_1692_batch_0.tar	63642624	132814	951192064	1237574
16418	3988	AF-0000000210762263	shard_1262_batch_0.tar	120621056	237811	850704384	4047971
16419	3407	AF-0000000210692403	shard_1245_batch_1.tar	155437568	227190	2498348032	3732771
16419	3549	AF-0000000210711238	shard_1299_batch_1.tar	239391232	279779	1352932864	5487247
16419	3592	AF-0000000210716778	shard_1867_batch_1.tar	78811648	202376	666698240	2864396
16420	3274	AF-0000000210673952	shard_1854_batch_0.tar	25968640	188213	1403977728	2511932
16421	3329	AF-0000000210682964	shard_1334_batch_1.tar	105900544	374563	913849344	10244986
16421	3828	AF-0000000210745462	shard_1334_batch_1.tar	353643008	375212	7865938944	10380765
16422	3689	AF-0000000210726522	shard_1836_batch_2.tar	71958016	176717	263296512	2354826
16432	3215	AF-0000000210669830	shard_1822_batch_0.tar	4418048	176237	497720320	2402566
16437	3810	AF-0000000210742526	shard_1492_batch_1.tar	26798080	73703	209320448	372569
16438	3810	AF-0000000210742527	shard_1476_batch_1.tar	18782208	70213	387834880	311494
16445	3919	AF-0000000210754727	shard_1697_batch_0.tar	35753472	127455	662500864	1176266
16449	3636	AF-0000000210721327	shard_1735_batch_1.tar	48009728	148648	1637417472	1458612
16449	3645	AF-0000000210721432	shard_1279_batch_1.tar	151094784	253788	508834816	4343006
16451	3325	AF-0000000210682638	shard_1313_batch_0.tar	201666560	296603	2565140992	5981050
16452	3034	AF-0000000210610596	shard_1720_batch_1.tar	45802496	143502	1100080128	1475090
16456	3515	AF-0000000203564959	shard_1274_batch_0.tar	26843648	245868	2918393856	4272194
16469	3898	AF-0000000210751440	shard_1294_batch_1.tar	231509504	260143	2008481792	5019050
16470	3657	AF-0000000210723400	shard_1317_batch_1.tar	83359232	303417	3396265984	6512557
16504	3467	AF-0000000210699254	shard_1626_batch_1.tar	62152192	115166	448106496	848016
16505	3810	AF-0000000210742529	shard_1654_batch_2.tar	18384896	118919	464589312	1036529
16506	3081	AF-0000000210616567	shard_1520_batch_1.tar	59979264	80866	631005696	457333
16506	3151	AF-0000000204119144	shard_1518_batch_1.tar	16435200	85505	410793984	500981
16506	3369	AF-0000000210687382	shard_1670_batch_1.tar	83574272	125233	1244270080	1104405
16510	3100	AF-0000000210618555	shard_1303_batch_1.tar	151143936	268470	5353060352	5193998
16518	3073	AF-0000000203788107	shard_1762_batch_0.tar	93095936	153643	723739136	1717976
16523	3689	AF-0000000210726526	shard_1816_batch_1.tar	46477824	171054	1465189376	2188411
16536	3590	AF-0000000210716308	shard_1870_batch_1.tar	98070528	200032	2378511360	2842422
16536	3799	AF-0000000210741320	shard_1754_batch_0.tar	36974080	151562	1238489600	1628367
16542	3228	AF-0000000210670710	shard_1258_batch_1.tar	13974528	237336	1195114496	4165492
16542	3496	AF-0000000210703489	shard_1268_batch_1.tar	221817344	245820	4224048128	4468872
16549	3840	AF-0000000210745939	shard_1258_batch_0.tar	91885056	230749	3761411584	3893900
16555	3082	AF-0000000204176378	shard_1670_batch_2.tar	37714944	124056	266391040	1065461
16555	3467	AF-0000000204176416	shard_1742_batch_2.tar	28059648	146960	577150976	1450117
16559	3705	AF-0000000210728938	shard_1637_batch_0.tar	75559424	111480	357401600	909415
16563	3050	AF-0000000204059194	shard_1464_batch_1.tar	26780672	65872	310751232	288093
16573	3436	AF-0000000210697033	shard_1242_batch_0.tar	186488320	221860	2511846912	3724513
16573	3823	AF-0000000210744951	shard_1246_batch_0.tar	53676032	225250	1055716352	3847101
16583	3420	AF-0000000210695095	shard_1656_batch_0.tar	19995136	120593	619355648	1022926
16585	3551	AF-0000000203532953	shard_1854_batch_0.tar	12733952	187832	2166213120	2641673
16591	3018	AF-0000000210609573	shard_1496_batch_2.tar	25562112	76182	190115840	395337
16592	3215	AF-0000000210669832	shard_1762_batch_0.tar	63309824	153609	1632198144	1749524
16592	3216	AF-0000000210670281	shard_1762_batch_0.tar	26790912	153551	1627131904	1754649
16592	3312	AF-0000000210680516	shard_1594_batch_0.tar	96460800	106214	548403712	763812
16592	3319	AF-0000000210682339	shard_1764_batch_0.tar	37698048	154811	873800192	1763348
16592	3451	AF-0000000210698186	shard_1578_batch_0.tar	24738304	101858	548325888	711076
16592	3560	AF-0000000210712450	shard_1642_batch_0.tar	19308544	120092	423456768	1010141
16592	3648	AF-0000000210721682	shard_1764_batch_0.tar	33057792	154653	851713536	1754674
16595	3598	AF-0000000210717851	shard_1473_batch_0.tar	54088704	69782	264454144	318214
16617	3050	AF-0000000210612721	shard_1636_batch_1.tar	109306368	116211	1088790528	921030
16621	3411	AF-0000000204821130	shard_1297_batch_1.tar	78232064	270194	4811472896	5429772
16624	3636	AF-0000000210721329	shard_1699_batch_1.tar	76585472	135939	347279872	1215655
16624	3637	AF-0000000210721354	shard_1791_batch_1.tar	88772096	165393	536942592	1837858
16624	3645	AF-0000000210721433	shard_1267_batch_1.tar	7470080	240957	2141417984	3921177
16643	3799	AF-0000000210741322	shard_1279_batch_0.tar	61588480	244202	3872022016	4200841
16644	3799	AF-0000000210741323	shard_1266_batch_2.tar	21301760	238838	1514193408	3961435
16657	3167	AF-0000000210657263	shard_1669_batch_0.tar	25989632	126395	573620224	1116006
16657	3168	AF-0000000210657824	shard_1863_batch_0.tar	43459584	198102	1136252416	2747569
16657	3369	AF-0000000210687387	shard_1847_batch_0.tar	114432512	189298	1707788288	2588222
16659	3698	AF-0000000210728197	shard_1249_batch_0.tar	175662080	228894	2937295872	3632906
16662	3022	AF-0000000204140338	shard_1668_batch_1.tar	109606400	125565	253987328	1119167
16682	3978	AF-0000000210761358	shard_1336_batch_0.tar	260886528	394797	10627448320	10900483
16686	3725	AF-0000000210731451	shard_1566_batch_1.tar	21898240	97523	458241536	650705
16687	3799	AF-0000000210741324	shard_1220_batch_0.tar	205674496	205563	538237952	2914198
16688	3109	AF-0000000210653302	shard_1236_batch_0.tar	182204416	220134	3458562048	3272429
16690	3515	AF-0000000210707276	shard_1322_batch_0.tar	264102912	306420	1472107008	6746018
16693	3592	AF-0000000210716784	shard_1808_batch_1.tar	4286976	170622	1318228992	2032761
16693	3620	AF-0000000210720686	shard_1320_batch_1.tar	241265152	317390	5490149376	6964611
16699	3316	AF-0000000210681189	shard_1308_batch_1.tar	134364672	277549	5413767680	5705982
16699	3348	AF-0000000210684704	shard_1276_batch_1.tar	59461632	240319	3780989952	4217120
16699	3369	AF-0000000210687388	shard_1306_batch_1.tar	136344576	275247	5854625280	5380476
16699	3370	AF-0000000210688043	shard_1244_batch_1.tar	208522752	216790	763074048	3355595
16699	3411	AF-0000000210694103	shard_1314_batch_1.tar	165510656	292203	3155844608	6160595
16707	3976	AF-0000000203954893	shard_1280_batch_1.tar	202425344	255455	1833787904	4671149
16713	3095	AF-0000000210618042	shard_1300_batch_1.tar	2756096	270221	1527646208	5609876
16717	3570	AF-0000000210713803	shard_1741_batch_0.tar	3520000	140948	1750609920	1435000
16717	3803	AF-0000000210742013	shard_1496_batch_2.tar	18459648	76556	163502592	396139
16723	3750	AF-0000000210734506	shard_1584_batch_0.tar	52556800	104944	736301568	719312
16741	3274	AF-0000000210673960	shard_1290_batch_2.tar	43206656	255258	407069696	4722190
16741	3370	AF-0000000210688045	shard_1776_batch_2.tar	61073920	156394	935783936	1809914
16745	3614	AF-0000000203586494	shard_1408_batch_0.tar	34221568	35658	100378624	70215
16749	3168	AF-0000000204149653	shard_1264_batch_2.tar	105505280	236144	1174713344	4011042
16751	3319	AF-0000000210682350	shard_1829_batch_0.tar	153296384	176453	1956339712	2357894
16762	3163	AF-0000000210656781	shard_1872_batch_0.tar	48126976	201447	1380418560	2759377
16767	3453	AF-0000000210698294	shard_1705_batch_0.tar	120866304	135524	538015744	1324740
16770	3028	AF-0000000204579512	shard_1473_batch_0.tar	66023936	70202	255926272	318040
16771	3242	AF-0000000203519205	shard_1448_batch_0.tar	17703424	59894	320742912	220954
16771	3244	AF-0000000203519206	shard_1452_batch_0.tar	34485248	61278	206796800	236864
16774	3311	AF-0000000210680469	shard_1872_batch_1.tar	53388288	202387	1429341184	2764159
16776	3592	AF-0000000210716787	shard_1270_batch_2.tar	71195136	245749	1229072384	4335951
16783	3930	AF-0000000203918599	shard_1484_batch_0.tar	64813056	73808	204574720	329959
16792	3295	AF-0000000210677343	shard_1266_batch_2.tar	76445696	235723	315608064	3805407
16793	3020	AF-0000000210609684	shard_1792_batch_0.tar	137346048	167317	717496320	1780425
16806	3319	AF-0000000210682352	shard_1254_batch_0.tar	54810624	232021	1092194304	3891631
16814	3834	AF-0000000210745712	shard_1710_batch_1.tar	35962368	138719	955339264	1354793
16815	3020	AF-0000000210609685	shard_1308_batch_2.tar	72831488	285630	2759226880	5134766
16815	3140	AF-0000000210656002	shard_1292_batch_2.tar	102342656	267226	2202059264	4423568
16820	3698	AF-0000000210728200	shard_1864_batch_0.tar	47262208	194951	1452656640	2553614
16825	3168	AF-0000000204785412	shard_1287_batch_1.tar	179356160	257219	2765429760	4698609
16825	3566	AF-0000000204785404	shard_1863_batch_0.tar	16819200	193708	817442816	2822409
16829	3184	AF-0000000210668819	shard_1283_batch_0.tar	43482624	256151	4172543488	4900974
16829	3185	AF-0000000210668881	shard_1283_batch_0.tar	53175808	255741	512049664	4903553
16833	3370	AF-0000000210688048	shard_1220_batch_0.tar	145294336	205953	873642496	3128466
16845	3803	AF-0000000210742016	shard_1444_batch_0.tar	4622848	56574	297445888	215015
16847	3084	AF-0000000203630542	shard_1408_batch_0.tar	11041280	35356	75848704	69946
16848	3788	AF-0000000210740008	shard_1814_batch_2.tar	21718016	175106	1203608576	2078128
16848	3851	AF-0000000210746387	shard_1774_batch_2.tar	27510272	159447	447045632	1662896
16848	3976	AF-0000000210761268	shard_1323_batch_0.tar	132682752	320470	5209663488	7070566
16851	3420	AF-0000000204564186	shard_1518_batch_2.tar	30000128	84820	304242176	474671
16855	3515	AF-0000000203535481	shard_1284_batch_0.tar	105278976	250785	3979884544	4515107
16861	3018	AF-0000000204842965	shard_1523_batch_0.tar	82251264	82837	422549504	474410
16864	3339	AF-0000000210683555	shard_1230_batch_1.tar	190421504	209466	1651505664	3170852
16870	3501	AF-0000000210703895	shard_1859_batch_0.tar	186997248	190497	2837444096	2425956
16870	3799	AF-0000000204754426	shard_1245_batch_0.tar	153614336	223522	3009647104	3367938
16875	3309	AF-0000000210679532	shard_1234_batch_1.tar	39019008	215341	1360287744	3420785
16877	3592	AF-0000000210716789	shard_1840_batch_1.tar	101927936	184394	1562969600	2402393
16878	3483	AF-0000000210702254	shard_1615_batch_0.tar	44416512	111879	1045291520	838057
16891	3009	AF-0000000210608545	shard_1730_batch_0.tar	30996480	147049	525651456	1418044
16897	3247	AF-0000000203769529	shard_1504_batch_0.tar	51306496	82486	468716032	411408
16897	3251	AF-0000000203769531	shard_1504_batch_0.tar	480256	82317	371022336	412500
16900	3501	AF-0000000210703898	shard_1446_batch_0.tar	14547968	56032	303130624	207052
16910	3757	AF-0000000203616290	shard_1564_batch_0.tar	69795840	97714	516836352	657948
16921	3247	AF-0000000204474714	shard_1546_batch_2.tar	21633536	94921	299661824	578147
16927	3081	AF-0000000210616580	shard_1521_batch_0.tar	69191168	81319	386418176	466927
16927	3082	AF-0000000204621985	shard_1465_batch_0.tar	65033216	66686	242185728	271612
16927	3728	AF-0000000210731689	shard_1549_batch_0.tar	80465408	90383	418362880	556687
16929	3133	AF-0000000210655809	shard_1438_batch_1.tar	26228224	55611	113929728	213171
16935	3168	AF-0000000204432444	shard_1712_batch_2.tar	41743360	139262	762077696	1310061
16945	3391	AF-0000000210689836	shard_1542_batch_1.tar	28345856	90727	431743488	572912
16952	3501	AF-0000000210703903	shard_1573_batch_0.tar	62480384	94785	719767040	658766
16954	3606	AF-0000000210718284	shard_1222_batch_0.tar	3951616	210050	1599409152	3055275
16954	3836	AF-0000000210745815	shard_1842_batch_0.tar	131105280	186746	2281724928	2429202
16971	3509	AF-0000000210705362	shard_1813_batch_1.tar	110860800	164207	1632238080	1974974
16982	3515	AF-0000000210707278	shard_1276_batch_2.tar	89963520	242648	2339708416	4392979
16982	3803	AF-0000000210742026	shard_1788_batch_2.tar	46550528	158673	912516096	1829320
16998	3669	AF-0000000204060898	shard_1804_batch_1.tar	84032000	162860	2274770944	1850866
16998	3732	AF-0000000204060896	shard_1806_batch_1.tar	158654464	167536	2312402944	1896554
17001	3773	AF-0000000210738495	shard_1308_batch_1.tar	94970880	283387	2698818048	5688670
17011	3167	AF-0000000210657276	shard_1863_batch_0.tar	13705728	199048	1319299072	2858843
17018	3185	AF-0000000210668882	shard_1606_batch_1.tar	83983360	105952	877967872	780920
17031	3119	AF-0000000204008490	shard_1758_batch_1.tar	110978560	151554	1805152256	1605285
17035	3429	AF-0000000203586518	shard_1410_batch_0.tar	586240	38066	125664768	87562
17038	3501	AF-0000000210703906	shard_1444_batch_0.tar	27310592	55100	263168000	203519
17040	3570	AF-0000000210713807	shard_1726_batch_1.tar	37831680	134455	511606272	1285256
17041	3168	AF-0000000210657841	shard_1748_batch_2.tar	15599616	150524	249119232	1584393
17053	3455	AF-0000000210698479	shard_1792_batch_2.tar	3951616	163389	714842624	1966321
17058	3613	AF-0000000210719458	shard_1242_batch_0.tar	132976640	220264	629890560	3861484
17068	3256	AF-0000000204861171	shard_1773_batch_1.tar	83668480	157186	763962880	1705677
17068	3636	AF-0000000210721331	shard_1713_batch_0.tar	42791424	139835	1235063296	1306107
17068	3637	AF-0000000204861168	shard_1803_batch_1.tar	20103168	169376	2204293120	1949797
17068	3645	AF-0000000210721436	shard_1273_batch_1.tar	3187200	244875	1156820480	4106293
17070	3009	AF-0000000210608564	shard_1795_batch_0.tar	147607040	164800	1317864448	1831925
17072	3009	AF-0000000210608565	shard_1238_batch_2.tar	53238272	221695	274960384	3285800
17074	3092	AF-0000000204654054	shard_1337_batch_0.tar	128488960	405367	9439528960	11481704
17074	3242	AF-0000000204654109	shard_1855_batch_0.tar	15055872	193988	521446400	2610187
17074	3244	AF-0000000204654110	shard_1859_batch_0.tar	83385344	195395	1754601984	2668414
17074	3343	AF-0000000204654190	shard_1311_batch_0.tar	1437184	298280	3658059264	6113561
17074	3510	AF-0000000210706544	shard_1291_batch_0.tar	150887936	262812	2708689920	4913263
17126	3167	AF-0000000210657280	shard_1555_batch_0.tar	78341120	94998	541941248	618538
17126	3168	AF-0000000210657845	shard_1793_batch_0.tar	141010432	166944	948863488	1972265
17127	3167	AF-0000000203592211	shard_1726_batch_0.tar	77866496	142800	1519477248	1362322
17128	3539	AF-0000000204805367	shard_1671_batch_0.tar	108852224	125661	853203968	1164859
17128	3859	AF-0000000204805368	shard_1671_batch_0.tar	97639936	125459	1181923328	1160756
17137	3409	AF-0000000210692915	shard_1722_batch_1.tar	60507136	142927	1518223872	1502799
17137	3411	AF-0000000204108975	shard_1780_batch_1.tar	48862720	161388	1134879232	1889889
17141	3018	AF-0000000210609582	shard_1616_batch_2.tar	39654912	108173	323141632	812856
17149	3560	AF-0000000210712455	shard_1755_batch_0.tar	96926208	154118	576358400	1710271
17150	3338	AF-0000000210683350	shard_1331_batch_0.tar	154235904	346780	3426036736	8306671
17160	3168	AF-0000000210657846	shard_1271_batch_1.tar	186998272	243873	3330199552	4113952
17190	3480	AF-0000000210701844	shard_1840_batch_1.tar	57565696	183752	1270690304	2469908
17196	3773	AF-0000000210738498	shard_1854_batch_1.tar	40440320	191270	919137280	2412938
17199	3986	AF-0000000203466668	shard_1580_batch_0.tar	66450432	100566	736809984	657078
17206	3786	AF-0000000210739808	shard_1288_batch_2.tar	62855168	258956	292671488	5165726
17213	3788	AF-0000000203871359	shard_1608_batch_1.tar	2840064	108539	725227520	822609
17215	3515	AF-0000000210707280	shard_1854_batch_1.tar	55021056	188553	1921511936	2648119
17222	3168	AF-0000000210657848	shard_1824_batch_0.tar	65214976	178394	2121072128	2205598
17226	3577	AF-0000000210714896	shard_1228_batch_1.tar	148246528	208073	745876992	2964523
17227	3309	AF-0000000210679533	shard_1614_batch_1.tar	26164736	110303	278927360	843443
17234	3238	AF-0000000203608952	shard_1604_batch_0.tar	84932096	107908	788745728	780803
17235	3610	AF-0000000210719109	shard_1821_batch_0.tar	1419264	170536	2132686336	2039660
17240	3143	AF-0000000210656037	shard_1236_batch_0.tar	31213568	205364	3164567040	3184374
17240	3434	AF-0000000210696922	shard_1326_batch_1.tar	45209600	317252	4070092288	7401632
17243	3013	AF-0000000210609253	shard_1854_batch_1.tar	13390336	195814	809799168	2399427
17244	3592	AF-0000000210716791	shard_1703_batch_0.tar	117856768	136063	514674176	1312265
17246	3283	AF-0000000204629738	shard_1771_batch_0.tar	110314496	152818	1769355264	1739523
17256	3281	AF-0000000210675188	shard_1468_batch_0.tar	29719040	65359	431258112	299097
17259	3228	AF-0000000203936240	shard_1418_batch_0.tar	33670144	46101	213078528	133641
17259	3543	AF-0000000203936241	shard_1414_batch_0.tar	18000896	43326	167473152	112092
17261	3167	AF-0000000210657283	shard_1694_batch_0.tar	2514944	127402	503582208	1161461
17262	3167	AF-0000000210657284	shard_1665_batch_0.tar	56264704	124669	396234752	1097260
17262	3168	AF-0000000210657850	shard_1861_batch_1.tar	95244288	196971	1210475520	2744803
17266	3543	AF-0000000203936213	shard_1418_batch_0.tar	24277504	47382	183009280	130327
17284	3515	AF-0000000203563231	shard_1274_batch_0.tar	119528448	245088	1801853952	4263654
17284	3739	AF-0000000210733457	shard_1298_batch_0.tar	94002688	271789	5285322752	5313895
17291	3274	AF-0000000210673972	shard_1334_batch_2.tar	69451264	359888	1854853632	9241653
17291	3309	AF-0000000210679534	shard_1316_batch_2.tar	50052608	294864	2006332416	6085508
17291	3348	AF-0000000210684705	shard_1314_batch_2.tar	101874176	285766	954676224	5864714
17291	3435	AF-0000000210696979	shard_1316_batch_2.tar	91786752	291695	822533120	6050089
17292	3936	AF-0000000204099958	shard_1272_batch_2.tar	51326976	236084	479124480	4084489
17303	3303	AF-0000000210678631	shard_1482_batch_0.tar	56137216	73391	195006464	365267
17303	3526	AF-0000000210708645	shard_1588_batch_1.tar	49652736	102551	616826880	745865
17303	3577	AF-0000000210714898	shard_1760_batch_1.tar	124510208	152371	1453747712	1583211
17303	3598	AF-0000000210717854	shard_1482_batch_0.tar	44285440	73083	430325248	366103
17306	3034	AF-0000000210610598	shard_1657_batch_0.tar	76540928	120907	1082286080	1003830
17313	3249	AF-0000000210671906	shard_1620_batch_1.tar	60638720	113355	798720512	816623
17313	3577	AF-0000000210714899	shard_1742_batch_1.tar	39169536	146993	1058629120	1452637
17313	3784	AF-0000000210739537	shard_1620_batch_1.tar	108943360	113249	597742592	828288
