a	b	entity	tar	cif_off	cif_len	pae_off	pae_len
9001	10565	AF-0000000204870155	shard_1843_batch_1.tar	75560960	184600	457308160	2496175
9002	9612	AF-0000000204059625	shard_1460_batch_1.tar	15804928	65919	349186048	252867
9003	9971	AF-0000000204929364	shard_1491_batch_0.tar	26345984	73728	281970688	364408
9004	9884	AF-0000000205008076	shard_1497_batch_1.tar	6828544	79318	227332608	420192
9004	10486	AF-0000000205008077	shard_1489_batch_1.tar	53207552	77016	414331904	398228
9004	11442	AF-0000000205008071	shard_1497_batch_1.tar	9544192	79128	505066496	418367
9005	9366	AF-0000000203996069	shard_1844_batch_1.tar	71060992	182800	1402806784	2271493
9005	10083	AF-0000000203996050	shard_1468_batch_0.tar	22025216	68718	170496512	305469
9005	12495	AF-0000000203996071	shard_1452_batch_0.tar	60842496	61188	162866688	239561
9006	9218	AF-0000000204866964	shard_1439_batch_0.tar	43839488	55762	130001408	196695
9006	10108	AF-0000000211587289	shard_1545_batch_0.tar	29467648	88401	508702208	555117
9006	10453	AF-0000000204866961	shard_1641_batch_0.tar	69476864	113471	968995840	919205
9006	11252	AF-0000000204866955	shard_1475_batch_0.tar	2037248	69853	211504640	328666
9006	11532	AF-0000000204866967	shard_1615_batch_0.tar	61120000	107280	452551168	807064
9006	11805	AF-0000000204866969	shard_1559_batch_0.tar	31499264	93496	732452352	568187
9008	9019	AF-0000000203674854	shard_1516_batch_0.tar	48138752	83250	480936960	435723
9008	9629	AF-0000000203674848	shard_1782_batch_0.tar	32989184	161602	1782979584	1840638
9008	10090	AF-0000000203674839	shard_1498_batch_0.tar	29180416	77000	507902464	362741
9008	11780	AF-0000000203674862	shard_1630_batch_0.tar	38072832	115329	793821696	916316
9008	11823	AF-0000000203674849	shard_1786_batch_0.tar	90401280	162810	723947520	1875497
9009	10103	AF-0000000204877158	shard_1517_batch_0.tar	73614336	81457	219173888	475618
9009	11594	AF-0000000204877217	shard_1665_batch_0.tar	21369856	122818	560480256	1081791
9009	11872	AF-0000000204877174	shard_1637_batch_0.tar	35253248	114533	819890688	915463
9013	9272	AF-0000000204431216	shard_1590_batch_2.tar	41402368	102847	465137152	753794
9013	11255	AF-0000000204431213	shard_1564_batch_2.tar	7801344	97148	297748992	647882
9021	10022	AF-0000000205027525	shard_1525_batch_1.tar	7332352	88356	242769408	488975
9021	10026	AF-0000000205027515	shard_1543_batch_1.tar	11401728	92171	544667136	578508
9021	10085	AF-0000000205027598	shard_1497_batch_1.tar	32431104	78857	149767168	383282
9021	10257	AF-0000000205027500	shard_1695_batch_1.tar	3875328	133277	1304058880	1237020
9022	10914	AF-0000000203719537	shard_1564_batch_0.tar	31928832	97514	301575680	628466
9022	12502	AF-0000000204883003	shard_1561_batch_0.tar	89927680	95723	527855616	608431
9024	10617	AF-0000000203507614	shard_1618_batch_0.tar	41341440	110339	835877376	746688
9028	11713	AF-0000000204648300	shard_1587_batch_0.tar	98431488	103833	564279296	743394
9030	12386	AF-0000000204879245	shard_1463_batch_0.tar	51672576	64821	362546176	278638
9031	9147	AF-0000000204001747	shard_1628_batch_1.tar	80801280	113851	493424640	912121
9031	11039	AF-0000000204001692	shard_1448_batch_0.tar	16116736	60975	240695296	228317
9031	11288	AF-0000000204001708	shard_1518_batch_1.tar	74419200	83470	617594880	496912
9031	11380	AF-0000000204001776	shard_1470_batch_1.tar	11591168	70908	143376896	305516
9034	9647	AF-0000000204870899	shard_1639_batch_0.tar	52911104	112429	532746240	826568
9034	11540	AF-0000000204870900	shard_1637_batch_0.tar	71120384	112664	965081600	821001
9035	11255	AF-0000000204111284	shard_1500_batch_1.tar	38703616	78318	263587328	399982
9035	11605	AF-0000000204111264	shard_1828_batch_1.tar	20497920	178779	433780736	2367260
9037	12222	AF-0000000205047548	shard_1483_batch_1.tar	37253120	69246	221779456	362249
9039	12526	AF-0000000204993243	shard_1731_batch_1.tar	72186880	146599	1234146304	1512490
9040	11455	AF-0000000211587531	shard_1799_batch_1.tar	46323200	165428	1011372032	1937011
9040	12552	AF-0000000205012097	shard_1637_batch_1.tar	31982592	116951	303992832	978620
9041	9708	AF-0000000204822695	shard_1609_batch_0.tar	74285568	106874	441033728	834881
9041	9905	AF-0000000204822724	shard_1801_batch_0.tar	62418432	168892	1671153664	2063051
9041	10120	AF-0000000204822743	shard_1611_batch_0.tar	54684160	109491	490091008	831386
9041	12600	AF-0000000204822810	shard_1655_batch_0.tar	26121728	121352	884332544	980284
9042	10012	AF-0000000205047259	shard_1543_batch_1.tar	62949888	90344	517450752	548972
9042	10743	AF-0000000205047262	shard_1539_batch_1.tar	5501440	90232	303430144	532613
9045	10451	AF-0000000211587534	shard_1497_batch_1.tar	66151936	74336	365667328	364842
9046	10357	AF-0000000203577077	shard_1570_batch_0.tar	84521472	99506	213203968	648730
9046	10940	AF-0000000203577075	shard_1462_batch_0.tar	34833920	66402	334091264	267215
9046	11649	AF-0000000203577076	shard_1594_batch_0.tar	97940992	105436	292665344	791154
9046	11669	AF-0000000203577083	shard_1618_batch_0.tar	58931200	110645	366389760	874079
9046	11835	AF-0000000203577042	shard_1478_batch_0.tar	41676800	72474	174339584	340117
9052	9158	AF-0000000204982303	shard_1473_batch_0.tar	63561216	70687	287417856	315598
9052	10024	AF-0000000204982368	shard_1463_batch_0.tar	14330880	66698	203958272	274552
9052	10257	AF-0000000204982257	shard_1705_batch_1.tar	75821056	137003	570515968	1279346
9052	10335	AF-0000000204982345	shard_1557_batch_1.tar	32519680	96802	322100224	627159
9052	10378	AF-0000000204982282	shard_1577_batch_1.tar	79174144	103196	377403904	714991
9052	10795	AF-0000000204982296	shard_1563_batch_1.tar	39694336	96165	550810112	641639
9052	11411	AF-0000000204982326	shard_1497_batch_0.tar	27758592	79191	428307968	399507
9052	11514	AF-0000000204982353	shard_1517_batch_1.tar	27068416	85068	350657536	474128
9052	11581	AF-0000000204982280	shard_1485_batch_0.tar	61212160	75741	232818176	369134
9052	11762	AF-0000000204982405	shard_1613_batch_1.tar	32311296	111149	842526208	857512
9052	12239	AF-0000000204982275	shard_1511_batch_0.tar	23940096	83498	578426368	465420
9053	9452	AF-0000000204955765	shard_1411_batch_1.tar	26896896	40560	107076096	85876
9053	10077	AF-0000000204955653	shard_1439_batch_0.tar	14593024	55950	186331136	203762
9053	11731	AF-0000000204955864	shard_1417_batch_0.tar	92160	44647	200174080	119162
9053	12534	AF-0000000204955905	shard_1511_batch_0.tar	34926592	81024	204652544	419005
9053	12667	AF-0000000204955679	shard_1683_batch_1.tar	24383488	129166	895740416	1154743
9054	10241	AF-0000000203738984	shard_1616_batch_0.tar	37459456	114985	304451072	886534
9054	11422	AF-0000000203738988	shard_1688_batch_0.tar	36535296	136087	516114944	1147606
9055	11170	AF-0000000204952437	shard_1477_batch_0.tar	51643904	71063	287964672	331813
9061	9356	AF-0000000204945168	shard_1297_batch_1.tar	35466240	266729	1036439040	5202311
9061	11282	AF-0000000204945109	shard_1507_batch_0.tar	44921344	81569	413898240	444305
9062	10719	AF-0000000204966084	shard_1423_batch_0.tar	17767936	50900	207869440	152231
9062	10853	AF-0000000204966097	shard_1435_batch_0.tar	19176448	57245	160576000	196155
9062	10921	AF-0000000204966153	shard_1451_batch_0.tar	19848704	63503	274163200	248448
9062	12382	AF-0000000204966069	shard_1683_batch_1.tar	4264960	130763	740617728	1171741
9064	12035	AF-0000000211587571	shard_1757_batch_1.tar	56916480	155246	1267298304	1716193
9064	12280	AF-0000000205016603	shard_1753_batch_1.tar	35931136	153407	789746176	1695604
9065	9082	AF-0000000205004469	shard_1501_batch_1.tar	69713408	80005	528962048	401754
9065	9086	AF-0000000205004428	shard_1489_batch_1.tar	70857728	74427	347869184	348321
9065	10684	AF-0000000205004497	shard_1531_batch_1.tar	62057472	87802	215462912	505975
9065	11762	AF-0000000205004505	shard_1639_batch_1.tar	72303104	117979	940736512	912167
9065	11954	AF-0000000205004476	shard_1589_batch_1.tar	82392064	104647	291094528	665352
9066	12558	AF-0000000204978443	shard_1225_batch_1.tar	200069632	212626	3267174400	3172560
9068	9147	AF-0000000203556580	shard_1628_batch_0.tar	71843840	113336	341576704	899101
9068	11836	AF-0000000203556414	shard_1586_batch_0.tar	8075264	104435	662522880	721695
9074	9846	AF-0000000203536767	shard_1668_batch_0.tar	81102336	124923	805764608	1102895
9077	12222	AF-0000000204891939	shard_1529_batch_0.tar	85033984	84752	386424320	520671
9078	10405	AF-0000000204206689	shard_1748_batch_2.tar	33746944	146476	594316800	1434951
9081	9262	AF-0000000203988586	shard_1564_batch_1.tar	85146112	97724	430158848	673735
9082	9159	AF-0000000204928993	shard_1423_batch_0.tar	22001664	49001	117027840	145254
9082	9160	AF-0000000204928932	shard_1425_batch_0.tar	16188416	49758	209965568	156476
9082	9448	AF-0000000204929137	shard_1633_batch_0.tar	41759232	116436	499393536	937257
9082	9529	AF-0000000204929105	shard_1429_batch_0.tar	23715328	53193	154116608	164284
9082	12736	AF-0000000204929133	shard_1425_batch_0.tar	12765696	49615	238436352	156547
9082	12742	AF-0000000204929095	shard_1627_batch_1.tar	66767872	115808	831149056	893399
9086	11780	AF-0000000204161094	shard_1498_batch_1.tar	21195264	76658	404322304	381215
9086	11954	AF-0000000204161086	shard_1488_batch_1.tar	47575552	74107	432840192	347260
9088	10356	AF-0000000203762005	shard_1524_batch_0.tar	81295872	87626	465196544	491770
9090	9247	AF-0000000204983293	shard_1695_batch_1.tar	98624000	134482	473896960	1246876
9090	10715	AF-0000000204983275	shard_1791_batch_1.tar	89272320	164055	988978688	1934201
9092	9263	AF-0000000211587589	shard_1485_batch_0.tar	44594688	72870	252423680	357778
9093	9453	AF-0000000204976710	shard_1539_batch_0.tar	66855936	92390	427562496	519710
9093	9719	AF-0000000204976720	shard_1555_batch_1.tar	78577152	96542	368674816	585802
9093	10826	AF-0000000204976713	shard_1537_batch_0.tar	17134592	89340	493350912	506060
9093	10868	AF-0000000204976729	shard_1537_batch_0.tar	30759936	89237	239517696	505212
9093	11172	AF-0000000204976714	shard_1537_batch_0.tar	18841088	90359	557823488	505786
9093	11520	AF-0000000204976709	shard_1537_batch_0.tar	77893120	89683	410671104	505594
9093	11834	AF-0000000204976711	shard_1549_batch_1.tar	3056640	94346	349767680	555085
9093	12202	AF-0000000204976705	shard_1537_batch_0.tar	27175936	89803	277077504	505566
9093	12203	AF-0000000204976708	shard_1535_batch_0.tar	66622976	89287	435780096	497181
9096	10202	AF-0000000204695187	shard_1431_batch_0.tar	47760384	50560	169496576	164770
9097	12423	AF-0000000203998938	shard_1522_batch_1.tar	72623104	84105	243889152	492344
9100	9718	AF-0000000204903203	shard_1571_batch_0.tar	57338368	101275	591657472	652908
9100	10868	AF-0000000204903204	shard_1557_batch_0.tar	94341632	95424	302078464	589048
9100	11172	AF-0000000204903196	shard_1559_batch_0.tar	27466752	96591	354456064	586483
9100	11834	AF-0000000204903194	shard_1571_batch_0.tar	25648640	100379	347418624	639200
9100	12202	AF-0000000204903191	shard_1557_batch_0.tar	29343744	95570	692492800	587615
9100	12203	AF-0000000204903193	shard_1555_batch_0.tar	86206464	95278	348523520	577112
9103	10542	AF-0000000204087630	shard_1672_batch_1.tar	14045696	128728	1185774592	1032785
9109	10585	AF-0000000205052249	shard_1665_batch_1.tar	6354944	122463	925277184	1002777
9112	9281	AF-0000000203513703	shard_1782_batch_0.tar	3556352	164562	1021813760	1842155
9112	9329	AF-0000000203513651	shard_1864_batch_0.tar	190809600	198169	2054946304	2755797
9112	10188	AF-0000000203513671	shard_1676_batch_0.tar	9698304	128008	929158144	1150233
9112	10369	AF-0000000205054247	shard_1677_batch_1.tar	119645696	127879	753243136	1135708
9112	12694	AF-0000000203513673	shard_1632_batch_0.tar	28067840	116260	974871040	912395
9117	12341	AF-0000000204866974	shard_1875_batch_1.tar	117131776	203419	3082855936	2955366
9124	9641	AF-0000000211604066	shard_1583_batch_1.tar	22228992	100357	644570112	686319
9126	10022	AF-0000000203861071	shard_1606_batch_1.tar	24356864	108601	448197120	780008
9131	11264	AF-0000000203806882	shard_1752_batch_1.tar	102134784	154404	845594624	1574268
9133	11408	AF-0000000203753597	shard_1586_batch_0.tar	95264256	102153	838984192	745523
9135	11006	AF-0000000204944068	shard_1865_batch_1.tar	35428864	190490	2809678336	2431838
9139	12349	AF-0000000204719913	shard_1279_batch_0.tar	200875008	246220	545326592	4494267
9140	9071	AF-0000000205053509	shard_1675_batch_1.tar	77611008	129809	593615872	1153202
9141	12355	AF-0000000203885342	shard_1656_batch_1.tar	95086080	120679	360365056	1012864
9141	12432	AF-0000000203885341	shard_1608_batch_1.tar	13614592	108228	274652160	808218
9145	9525	AF-0000000204812146	shard_1827_batch_1.tar	169773056	182545	2231771136	2278633
9145	10004	AF-0000000204812162	shard_1657_batch_0.tar	55835136	122291	1194548224	1028767
9145	10355	AF-0000000204812174	shard_1649_batch_0.tar	81248256	120475	568255488	991429
9145	10848	AF-0000000204812170	shard_1659_batch_0.tar	94478848	122867	1088156160	1030335
9145	11384	AF-0000000204812152	shard_1653_batch_0.tar	20568576	121710	394558976	1008048
9145	11645	AF-0000000204812149	shard_1701_batch_0.tar	50613760	136495	415770624	1255824
9147	11573	AF-0000000204945860	shard_1869_batch_1.tar	2185216	195510	1311858176	2663675
9151	12636	AF-0000000204849365	shard_1769_batch_0.tar	61038080	153877	1412601344	1804097
9154	9414	AF-0000000205033643	shard_1567_batch_1.tar	88820224	96281	314272256	670311
9154	9718	AF-0000000205033725	shard_1647_batch_1.tar	6110720	119982	902335488	970289
9154	10011	AF-0000000205033690	shard_1505_batch_1.tar	48776192	78109	342937088	421538
9154	10069	AF-0000000205033558	shard_1477_batch_1.tar	63291904	69083	426825216	278671
9154	10070	AF-0000000205033564	shard_1477_batch_1.tar	32999424	69405	390110720	277976
9154	10826	AF-0000000205033617	shard_1635_batch_1.tar	98173952	114965	845550592	950994
9154	10866	AF-0000000205033693	shard_1479_batch_1.tar	57448960	69691	198776832	287704
9154	10868	AF-0000000205033799	shard_1635_batch_1.tar	40766464	114792	1057500672	895856
9154	10872	AF-0000000205033752	shard_1477_batch_1.tar	33502720	69353	456290816	280651
9154	10914	AF-0000000205033543	shard_1509_batch_1.tar	6351872	79352	248967680	430512
9154	11146	AF-0000000205033565	shard_1477_batch_1.tar	24677888	68910	421260288	281005
9154	11172	AF-0000000205033634	shard_1635_batch_1.tar	25971712	115873	807577600	887847
9154	11218	AF-0000000205033781	shard_1789_batch_1.tar	51643904	163986	538580992	1859256
9154	11834	AF-0000000205033592	shard_1647_batch_1.tar	2869760	119711	824482304	957837
9154	12202	AF-0000000205033539	shard_1635_batch_1.tar	67774976	115158	634658304	893065
9154	12203	AF-0000000205033548	shard_1631_batch_1.tar	55546880	114771	734275584	878360
9154	12206	AF-0000000205033479	shard_1677_batch_1.tar	6374912	127528	674552320	1191676
9154	12504	AF-0000000205033747	shard_1479_batch_1.tar	39966208	69399	342206976	288070
9154	12565	AF-0000000205033732	shard_1477_batch_1.tar	36636160	69186	417069056	284575
9158	10197	AF-0000000204864708	shard_1549_batch_0.tar	58970624	92339	245997568	569718
9158	10600	AF-0000000204864677	shard_1445_batch_0.tar	9957888	58805	306870272	217613
9158	10810	AF-0000000204864705	shard_1423_batch_0.tar	3901952	49239	153975296	142215
9160	9022	AF-0000000203719528	shard_1560_batch_0.tar	77595648	95628	590103040	606731
9160	11240	AF-0000000203841207	shard_1424_batch_0.tar	47315456	49625	110665216	150088
9160	11570	AF-0000000204930557	shard_1422_batch_0.tar	29393408	46233	192070144	134397
9160	11958	AF-0000000203841156	shard_1422_batch_0.tar	44362240	48634	96486912	147898
9162	10465	AF-0000000204408170	shard_1540_batch_2.tar	43312128	88318	163396608	560588
9165	10521	AF-0000000204923923	shard_1273_batch_1.tar	180410368	247237	2016230912	4588097
9173	9477	AF-0000000204429393	shard_1436_batch_1.tar	13577728	57051	158746112	192749
9174	9167	AF-0000000204912135	shard_1489_batch_0.tar	20269056	74698	198690816	364339
9176	9758	AF-0000000205032182	shard_1707_batch_1.tar	27307008	134273	681864192	1293380
9176	10842	AF-0000000205032137	shard_1439_batch_0.tar	45841920	56322	119660544	205456
9179	10580	AF-0000000204628789	shard_1426_batch_2.tar	4243968	50345	98427904	150033
9179	12099	AF-0000000204628770	shard_1417_batch_0.tar	3754496	45809	164911104	122495
9182	11015	AF-0000000211606098	shard_1491_batch_1.tar	48140800	73551	348097024	372050
9186	11848	AF-0000000203910999	shard_1478_batch_0.tar	45551104	71697	225945088	339876
9187	9569	AF-0000000204658413	shard_1769_batch_0.tar	15504384	156459	1894835712	1812820
9187	10573	AF-0000000204658414	shard_1789_batch_0.tar	75255296	165546	395092992	1987736
9187	10579	AF-0000000204658433	shard_1851_batch_0.tar	69532160	193793	830355968	2668279
9187	11472	AF-0000000204658418	shard_1675_batch_0.tar	102555136	126929	899557888	1203290
9188	9127	AF-0000000204878743	shard_1517_batch_0.tar	72693248	82649	425607168	441034
9188	10799	AF-0000000204918433	shard_1541_batch_0.tar	5820928	90409	472496640	528678
9188	12476	AF-0000000204878642	shard_1439_batch_0.tar	8687104	56856	115447808	201516
9192	10043	AF-0000000204022484	shard_1576_batch_1.tar	99657216	101084	758882304	687755
9195	10350	AF-0000000204068634	shard_1628_batch_1.tar	6866944	115360	615138304	910978
9195	10354	AF-0000000204068671	shard_1580_batch_1.tar	512	102046	888279552	718782
9195	10949	AF-0000000204068555	shard_1648_batch_1.tar	78574592	121134	800965632	1003482
9195	11840	AF-0000000204068661	shard_1732_batch_1.tar	130621440	146312	508219904	1538572
9196	11198	AF-0000000204990240	shard_1431_batch_0.tar	49779200	51210	269045760	138987
9196	11199	AF-0000000204990237	shard_1431_batch_0.tar	24583168	51385	155722240	138943
9196	11406	AF-0000000204990238	shard_1431_batch_0.tar	40861696	52580	208744448	144663
9196	11561	AF-0000000204990235	shard_1431_batch_0.tar	19604480	51515	262553088	142166
9196	12196	AF-0000000204990234	shard_1431_batch_0.tar	25277440	52436	106404352	143233
9196	12197	AF-0000000204990233	shard_1431_batch_0.tar	5073920	51381	183235072	138528
9202	9320	AF-0000000211606549	shard_1852_batch_1.tar	48716800	192996	1935666176	2617854
9203	9287	AF-0000000204905705	shard_1523_batch_0.tar	5224448	84593	614447104	435435
9203	10924	AF-0000000204905707	shard_1525_batch_0.tar	49712640	85344	252234752	439463
9203	11482	AF-0000000204905706	shard_1521_batch_0.tar	32813056	84451	533710336	433174
9203	11642	AF-0000000204905727	shard_1523_batch_0.tar	32249344	85036	227571200	439547
9203	11674	AF-0000000211606562	shard_1667_batch_1.tar	66118144	123470	347375616	1106008
9203	11816	AF-0000000204905762	shard_1529_batch_0.tar	74915328	85909	378839552	453534
9203	11979	AF-0000000204905724	shard_1523_batch_0.tar	51118592	84930	511229440	438564
9203	12125	AF-0000000204905778	shard_1465_batch_0.tar	10981888	66371	303947264	285779
9214	9031	AF-0000000204244946	shard_1440_batch_1.tar	7113216	58044	147111424	194442
9214	9053	AF-0000000204245014	shard_1430_batch_1.tar	2038784	53233	165448192	175029
9214	9339	AF-0000000204244969	shard_1824_batch_2.tar	22666240	180585	429243904	2317751
9214	10258	AF-0000000204245034	shard_1642_batch_2.tar	58349568	119676	550284800	896148
9214	11039	AF-0000000204244953	shard_1458_batch_1.tar	65100800	65088	262639104	264665
9215	10868	AF-0000000205014377	shard_1659_batch_1.tar	106989056	121957	504907264	1085833
9215	11051	AF-0000000205014352	shard_1651_batch_1.tar	5905920	118952	403103744	1056303
9215	11172	AF-0000000205014360	shard_1659_batch_1.tar	88906240	123148	575797760	1090047
9215	11834	AF-0000000205014357	shard_1671_batch_1.tar	106663424	126934	350168576	1156405
9219	10247	AF-0000000204811424	shard_1443_batch_0.tar	1945088	58163	228064768	206792
9219	10251	AF-0000000204811388	shard_1495_batch_0.tar	39401984	76718	514183168	380938
9219	11024	AF-0000000204811398	shard_1555_batch_0.tar	45808128	95518	432273920	596687
9220	9758	AF-0000000204864772	shard_1809_batch_1.tar	50671104	167402	2370188800	2019588
9220	11159	AF-0000000204864782	shard_1701_batch_0.tar	92290048	133932	1089417216	1290981
9221	10959	AF-0000000205049295	shard_1463_batch_1.tar	28843008	65074	235651072	264130
9223	9272	AF-0000000204876520	shard_1437_batch_0.tar	53916160	55448	284499968	187481
9223	10536	AF-0000000204876459	shard_1433_batch_0.tar	46843392	53429	235278336	166441
9223	10579	AF-0000000204876531	shard_1737_batch_1.tar	29597184	149414	985198080	1548089
9223	12004	AF-0000000204876539	shard_1453_batch_0.tar	24101376	62421	158800896	243240
9224	10810	AF-0000000204273076	shard_1831_batch_0.tar	44673024	180254	2526732800	2260232
9227	9381	AF-0000000204594306	shard_1839_batch_0.tar	132308480	183816	2043399680	2307622
9227	11525	AF-0000000204594304	shard_1569_batch_0.tar	96194560	97424	713980416	635811
9227	11980	AF-0000000204594321	shard_1619_batch_0.tar	63657984	109925	264368640	820024
9227	12128	AF-0000000204594303	shard_1567_batch_0.tar	89475584	97354	240155648	625413
9228	9699	AF-0000000203921743	shard_1586_batch_1.tar	51834880	103087	217832960	713168
9229	11884	AF-0000000204922605	shard_1749_batch_1.tar	122979328	148943	1233200640	1528102
9231	9329	AF-0000000204610801	shard_1313_batch_0.tar	275071488	292306	5074809344	6116642
9231	12543	AF-0000000204610812	shard_1237_batch_0.tar	8969728	216347	879712256	3624404
9235	10710	AF-0000000204962900	shard_1737_batch_1.tar	82850304	140990	1320174592	1450885
9235	11482	AF-0000000204962874	shard_1735_batch_1.tar	59224576	140243	767292416	1450328
9235	11642	AF-0000000204962889	shard_1737_batch_1.tar	94414848	140566	1233306112	1460588
9235	12057	AF-0000000204962916	shard_1827_batch_1.tar	131031040	172751	1934808576	2128981
9237	9773	AF-0000000204036249	shard_1230_batch_1.tar	45600256	212666	2223076352	3123791
9237	11266	AF-0000000211618524	shard_1262_batch_1.tar	170187776	231762	4073117696	3904030
9245	10901	AF-0000000204025543	shard_1516_batch_1.tar	41864704	84554	538034176	487697
9245	10944	AF-0000000204025540	shard_1516_batch_1.tar	18117120	84640	419741696	487068
9245	11267	AF-0000000211620168	shard_1516_batch_1.tar	61767680	84652	614487552	487210
9245	11633	AF-0000000204025541	shard_1516_batch_1.tar	46155776	84801	574774272	486820
9247	9713	AF-0000000205049542	shard_1699_batch_1.tar	65252864	134587	968305664	1272945
9248	9741	AF-0000000211620270	shard_1840_batch_0.tar	16865792	185031	2678942208	2606615
9248	10565	AF-0000000211620274	shard_1840_batch_0.tar	164736512	183525	2717835776	2461570
9249	12056	AF-0000000204809167	shard_1337_batch_1.tar	365011968	427870	11945304576	12399433
9250	9650	AF-0000000203789444	shard_1618_batch_0.tar	98960896	107154	557393920	762090
9253	12360	AF-0000000204879286	shard_1705_batch_1.tar	105828352	138471	607806464	1324755
9263	9680	AF-0000000204985080	shard_1483_batch_0.tar	54529536	72552	171598336	348882
9263	10619	AF-0000000204985082	shard_1559_batch_1.tar	29404672	93919	623399936	599083
9266	10670	AF-0000000211620917	shard_1727_batch_1.tar	94551552	137780	765378560	1377429
9268	11654	AF-0000000211620919	shard_1702_batch_2.tar	49191936	138505	327279616	1299252
9270	9796	AF-0000000204926315	shard_1429_batch_0.tar	49136128	51626	191034368	156352
9272	9767	AF-0000000204975484	shard_1721_batch_1.tar	34302976	144390	1012581888	1394986
9272	11255	AF-0000000204975469	shard_1455_batch_0.tar	22298112	62932	183196672	238946
9272	11941	AF-0000000211620927	shard_1629_batch_1.tar	94318080	115217	358120448	888240
9272	12522	AF-0000000204975486	shard_1869_batch_1.tar	61619712	193364	2400091648	2604026
9272	12575	AF-0000000204975463	shard_1457_batch_0.tar	11342336	64195	223528448	254426
9274	9276	AF-0000000203904851	shard_1662_batch_1.tar	102321152	124034	258244608	1110190
9274	11219	AF-0000000203904825	shard_1280_batch_1.tar	157620224	254382	3800864768	4542655
9275	10964	AF-0000000203730855	shard_1286_batch_0.tar	150300160	267434	3847452672	4695358
9275	11872	AF-0000000203730904	shard_1614_batch_0.tar	61722624	111446	730343424	889649
9277	9823	AF-0000000205034611	shard_1869_batch_1.tar	46052864	198549	1490146816	2986384
9277	12674	AF-0000000205034706	shard_1269_batch_1.tar	236465664	240706	2573869568	4420856
9282	11786	AF-0000000205016620	shard_1667_batch_1.tar	121438720	122653	1120207360	1122899
9283	9529	AF-0000000204145298	shard_1500_batch_1.tar	48583680	79819	493111808	435669
9287	9235	AF-0000000203453846	shard_1736_batch_0.tar	64725504	140373	1518938624	1435291
9287	9998	AF-0000000203453822	shard_1712_batch_0.tar	24676352	138765	1284630528	1288143
9287	10924	AF-0000000203453800	shard_1518_batch_0.tar	7510528	83678	263347712	418985
9287	11674	AF-0000000211620939	shard_1660_batch_0.tar	29320192	121764	485551104	1071728
9287	11816	AF-0000000203453848	shard_1522_batch_0.tar	22861824	84814	397365760	435680
9290	12537	AF-0000000211621028	shard_1846_batch_0.tar	161159168	189216	742635008	2501868
9292	12432	AF-0000000204907425	shard_1571_batch_0.tar	35251200	96990	602183680	652806
9318	11353	AF-0000000211621354	shard_1817_batch_0.tar	49247232	170860	1915898880	1982529
9318	11707	AF-0000000211621359	shard_1783_batch_0.tar	9731584	156911	2043516928	1749103
9320	10357	AF-0000000204893853	shard_1829_batch_1.tar	65647616	181663	386874368	2393567
9320	10508	AF-0000000204893770	shard_1811_batch_1.tar	107907072	172366	1631565824	2135941
9320	10907	AF-0000000204893806	shard_1227_batch_1.tar	9126400	214562	709170688	3316801
9320	11911	AF-0000000204893886	shard_1857_batch_1.tar	33804288	196048	2837783552	2784006
9320	12674	AF-0000000204893865	shard_1257_batch_1.tar	37101056	232541	2637230592	3927898
9322	10367	AF-0000000205004545	shard_1465_batch_0.tar	5997568	66022	307113472	288897
9322	11123	AF-0000000205004542	shard_1465_batch_0.tar	44256256	65648	237798400	287524
9322	11326	AF-0000000205004547	shard_1465_batch_0.tar	2151936	65083	356978176	289670
9325	10103	AF-0000000203642191	shard_1220_batch_0.tar	22137344	212776	2782861824	2687601
9329	10842	AF-0000000204031156	shard_1764_batch_1.tar	77092864	154748	1920122880	1657697
9329	10914	AF-0000000204031186	shard_1768_batch_1.tar	53173248	155915	660101120	1688960
9329	11255	AF-0000000204031260	shard_1778_batch_1.tar	118978048	160726	1167441408	1756355
9329	11936	AF-0000000204031146	shard_1260_batch_1.tar	190647296	234320	603042816	3965213
9329	12264	AF-0000000204031133	shard_1222_batch_1.tar	149135872	206378	1415020032	3141360
9329	12664	AF-0000000204031245	shard_1268_batch_1.tar	132617728	247325	1405545472	4177959
9329	12670	AF-0000000204031319	shard_1286_batch_2.tar	32358912	257676	2452928000	4562275
9334	11930	AF-0000000203679885	shard_1790_batch_0.tar	81891328	163701	1086899712	1860303
9334	11941	AF-0000000211621378	shard_1834_batch_0.tar	122846720	182910	1470247424	2373424
9335	10489	AF-0000000203879873	shard_1834_batch_1.tar	95501312	181757	718945792	2370311
9335	12188	AF-0000000203879877	shard_1844_batch_1.tar	23148544	182533	1529538048	2636751
9335	12573	AF-0000000203879898	shard_1232_batch_1.tar	10158080	212904	1020592128	3428466
9339	9899	AF-0000000204867025	shard_1281_batch_1.tar	130707456	256096	4755468288	4805427
9341	9791	AF-0000000203558596	shard_1758_batch_0.tar	143361536	153099	1100988416	1612799
9341	11523	AF-0000000203558593	shard_1830_batch_0.tar	75355136	180423	683508736	2305924
9342	9156	AF-0000000204817113	shard_1427_batch_0.tar	46589952	49084	126053376	152416
9351	10456	AF-0000000204877651	shard_1477_batch_0.tar	45997568	70419	256814080	323631
9358	10364	AF-0000000204982476	shard_1797_batch_1.tar	67530752	168880	403563008	2001788
9358	11329	AF-0000000204982471	shard_1249_batch_1.tar	208715264	231130	3874996736	3897220
9360	10598	AF-0000000204932412	shard_1767_batch_1.tar	80252416	153739	1911027200	1665320
9360	12182	AF-0000000204932410	shard_1511_batch_0.tar	53717504	81692	348494848	443605
9361	10255	AF-0000000203627186	shard_1312_batch_0.tar	19208704	297577	4729859584	5898985
9363	9722	AF-0000000205049747	shard_1555_batch_1.tar	84727808	94787	199688192	587577
9363	11006	AF-0000000205049749	shard_1817_batch_1.tar	170702848	173453	1370052608	2132781
9366	9758	AF-0000000204900958	shard_1275_batch_1.tar	69721600	240894	3627112448	4085076
9366	10083	AF-0000000204900940	shard_1801_batch_1.tar	53506560	166548	412555776	1894042
9366	10936	AF-0000000204900939	shard_1817_batch_1.tar	8926208	171688	465845760	1986824
9366	11958	AF-0000000204900930	shard_1805_batch_1.tar	12587008	167044	1878814720	1850707
9374	9718	AF-0000000204640916	shard_1859_batch_0.tar	185827328	197838	1891013632	2784139
9374	9719	AF-0000000204640903	shard_1863_batch_0.tar	60094976	199388	1305447936	2811889
9374	10075	AF-0000000204640917	shard_1853_batch_0.tar	183155200	192563	2918411264	2707309
9374	10868	AF-0000000204640923	shard_1853_batch_0.tar	78678016	192297	1774641152	2667227
9374	11172	AF-0000000204640893	shard_1853_batch_0.tar	173787136	193575	1389283840	2669374
9374	11520	AF-0000000204640880	shard_1853_batch_0.tar	161570816	192546	1574264320	2672830
9374	11834	AF-0000000204640885	shard_1861_batch_0.tar	165840384	197128	514116096	2779744
9374	12202	AF-0000000204640875	shard_1853_batch_0.tar	29076480	192708	457250304	2671552
9374	12203	AF-0000000204640879	shard_1851_batch_0.tar	145055744	192367	840337408	2650240
9374	12272	AF-0000000204640864	shard_1327_batch_0.tar	199298560	326079	6670481920	8070007
9376	10734	AF-0000000204915639	shard_1741_batch_1.tar	140304384	145253	659752448	1435005
9376	11801	AF-0000000204915650	shard_1721_batch_1.tar	8329728	139278	475218432	1273197
9376	12162	AF-0000000204915644	shard_1761_batch_1.tar	43770880	153106	674884608	1501093
9376	12207	AF-0000000204915647	shard_1751_batch_1.tar	11168768	148405	992688640	1436622
9379	10389	AF-0000000204556737	shard_1743_batch_0.tar	9774592	150395	375465472	1528217
9381	11080	AF-0000000203845269	shard_1792_batch_1.tar	44205568	165333	2109648384	1866124
9383	11092	AF-0000000205047637	shard_1621_batch_1.tar	11565568	109790	754102272	801841
9386	12406	AF-0000000203711341	shard_1744_batch_0.tar	110208512	145942	1712758272	1517585
9387	10419	AF-0000000204988983	shard_1881_batch_1.tar	59618304	208538	2742270976	2980294
9387	10950	AF-0000000204988995	shard_1231_batch_1.tar	99064320	215836	3097847808	3220497
9387	11121	AF-0000000204988992	shard_1227_batch_1.tar	34995712	214316	1611670528	3165641
9387	11441	AF-0000000204988984	shard_1881_batch_1.tar	120467456	208121	3107330560	2975623
9387	11507	AF-0000000204988993	shard_1881_batch_1.tar	175457792	207821	2095892992	2982909
9387	12349	AF-0000000204989000	shard_1261_batch_1.tar	219203584	236463	723854336	3976189
9396	11293	AF-0000000211621440	shard_1238_batch_2.tar	21314560	218988	1569341952	3602149
9403	9877	AF-0000000205001159	shard_1635_batch_1.tar	82660352	117320	587475456	932848
9403	10167	AF-0000000205001216	shard_1711_batch_1.tar	83338752	140442	1481693696	1374382
9403	11361	AF-0000000205001210	shard_1655_batch_1.tar	38133248	121928	878811648	1061986
9403	11451	AF-0000000205001250	shard_1663_batch_1.tar	103685120	125080	357653504	1123522
9403	11621	AF-0000000205001140	shard_1495_batch_1.tar	74276352	77669	263540736	386623
9403	11801	AF-0000000205001243	shard_1561_batch_1.tar	44429824	97126	310869504	629772
9403	11867	AF-0000000205001132	shard_1513_batch_1.tar	27243520	84108	513594880	454927
9403	12099	AF-0000000205001139	shard_1531_batch_1.tar	76919296	90081	589452800	525322
9403	12588	AF-0000000205001248	shard_1705_batch_1.tar	106510848	136736	793081856	1281975
9406	12487	AF-0000000204930374	shard_1873_batch_1.tar	56571904	201763	2055195136	2961369
9407	10427	AF-0000000204867179	shard_1733_batch_1.tar	62326784	144810	1360870912	1478944
9407	12182	AF-0000000204867151	shard_1701_batch_0.tar	74112512	135786	400843264	1284243
9408	10600	AF-0000000203985024	shard_1800_batch_1.tar	148824576	166151	1927618560	1995626
9408	12182	AF-0000000203985025	shard_1834_batch_1.tar	156873728	180986	1020434944	2361415
9414	10904	AF-0000000204942345	shard_1599_batch_1.tar	25369600	104661	588218368	791008
9414	11051	AF-0000000204942343	shard_1567_batch_1.tar	97424896	96192	257175040	649425
9414	11959	AF-0000000204942349	shard_1567_batch_1.tar	82928640	96028	646241280	653389
9420	10465	AF-0000000204959506	shard_1619_batch_1.tar	63107072	107722	987931648	830665
9420	10796	AF-0000000204959515	shard_1569_batch_1.tar	40360448	96293	257601536	619417
9420	11411	AF-0000000204959504	shard_1563_batch_1.tar	13115392	94938	629877248	621335
9420	11723	AF-0000000204959486	shard_1581_batch_1.tar	51242496	99562	203746816	695960
9421	11936	AF-0000000204918258	shard_1257_batch_1.tar	231483904	231951	2794203648	4090411
9426	11230	AF-0000000211621505	shard_1805_batch_1.tar	149937664	172187	1007238656	2067413
9432	10817	AF-0000000204896953	shard_1823_batch_1.tar	60200960	174450	1446963712	2273596
9432	11964	AF-0000000204896941	shard_1249_batch_1.tar	101986816	222632	2201222144	3671720
9434	11722	AF-0000000205046724	shard_1223_batch_1.tar	155442688	208702	440323584	3006653
9438	12325	AF-0000000211621513	shard_1291_batch_1.tar	193303040	259082	4784102912	4703086
9441	10312	AF-0000000204991424	shard_1781_batch_1.tar	19016704	157597	1311015936	1685091
9441	10456	AF-0000000204991426	shard_1785_batch_1.tar	137233920	159149	740067328	1724101
9441	12719	AF-0000000211621520	shard_1259_batch_1.tar	77753344	229453	932174848	3599593
9442	10661	AF-0000000211621538	shard_1300_batch_1.tar	32236544	278686	5581681664	5530716
9444	9266	AF-0000000203498273	shard_1740_batch_0.tar	19338240	143432	1321903616	1444323
9444	10670	AF-0000000211621564	shard_1728_batch_0.tar	56011264	138928	1264743936	1375551
9445	11097	AF-0000000204972642	shard_1733_batch_1.tar	137294336	140543	757586944	1415567
9448	12573	AF-0000000205006229	shard_1241_batch_1.tar	131578368	221629	3359276032	3639046
9448	12742	AF-0000000205006251	shard_1817_batch_1.tar	119370752	176644	1002879488	2144963
9449	9005	AF-0000000203994777	shard_1488_batch_1.tar	2345984	73174	383991808	360167
9449	10936	AF-0000000203994775	shard_1452_batch_0.tar	27615232	61660	208014848	252888
9451	12341	AF-0000000205008082	shard_1859_batch_1.tar	169465344	196313	1599990784	2746421
9453	9100	AF-0000000204902048	shard_1561_batch_0.tar	91461632	98112	354353152	599052
9453	9154	AF-0000000204902111	shard_1637_batch_0.tar	87240704	117621	394495488	973399
9453	10003	AF-0000000204902031	shard_1541_batch_0.tar	11804160	92745	467553280	519812
9453	10094	AF-0000000204902129	shard_1571_batch_0.tar	2087424	100683	561091072	645076
9453	10904	AF-0000000204902030	shard_1669_batch_0.tar	43545088	125900	416257536	1143251
9453	11051	AF-0000000204902028	shard_1637_batch_0.tar	105483776	117545	837651456	968993
9453	11433	AF-0000000204902101	shard_1545_batch_0.tar	9163776	93704	245117952	543237
9453	11959	AF-0000000204902068	shard_1637_batch_0.tar	18012160	117622	689874432	938480
9453	12337	AF-0000000204902119	shard_1685_batch_1.tar	77803008	132884	1311476224	1225273
9453	12643	AF-0000000204902105	shard_1697_batch_1.tar	54538240	135490	1177891840	1317945
9453	12734	AF-0000000204902071	shard_1687_batch_1.tar	26739712	134260	868262912	1249761
9454	10210	AF-0000000204656877	shard_1811_batch_0.tar	59480576	174838	1840107520	2062473
9454	10664	AF-0000000204656878	shard_1725_batch_0.tar	103479808	138311	1347443712	1323108
9454	11720	AF-0000000204656891	shard_1655_batch_0.tar	55461888	120016	878316544	1027165
9457	10201	AF-0000000204885680	shard_1815_batch_1.tar	57931776	175381	1517479936	2159269
9457	10297	AF-0000000204885678	shard_1753_batch_1.tar	29864960	148995	1004564992	1573220
9457	10327	AF-0000000204885653	shard_1751_batch_1.tar	9667584	149113	638166528	1550322
9457	12582	AF-0000000204885650	shard_1653_batch_1.tar	46097920	119720	965036032	1014839
9461	9388	AF-0000000205052696	shard_1857_batch_1.tar	154347520	191163	2691488768	2541627
9461	9678	AF-0000000205052645	shard_1887_batch_1.tar	20107264	205858	2761175040	3000857
9461	10410	AF-0000000205052682	shard_1791_batch_1.tar	67241472	161883	1173691392	1867011
9464	11720	AF-0000000204855064	shard_1651_batch_0.tar	20693504	118214	361184256	969482
9464	11795	AF-0000000204855086	shard_1587_batch_0.tar	43168768	104635	240189440	706219
9464	11991	AF-0000000204855059	shard_1775_batch_1.tar	74501120	166256	402241024	1801248
9464	12210	AF-0000000204855056	shard_1787_batch_1.tar	69665792	163558	900867072	1758043
9465	10875	AF-0000000204820817	shard_1773_batch_0.tar	111199744	159186	917091840	1851737
9465	11290	AF-0000000204820808	shard_1775_batch_0.tar	57849344	159963	1201982976	1880545
9465	12069	AF-0000000204820819	shard_1225_batch_1.tar	13224448	215015	900443136	3382293
9466	11940	AF-0000000204163361	shard_1864_batch_2.tar	13219328	199681	534471168	2787562
9466	11954	AF-0000000204163354	shard_1836_batch_2.tar	76537344	185472	1096263680	2402635
9466	12632	AF-0000000204163355	shard_1878_batch_2.tar	73098240	209097	986187264	3012524
9467	10022	AF-0000000204910977	shard_1671_batch_1.tar	90740224	126967	383332864	1163717
9471	9076	AF-0000000205051758	shard_1671_batch_1.tar	118806528	122912	998227968	1159416
9471	10827	AF-0000000205051749	shard_1671_batch_1.tar	37185024	122884	1037816832	1155528
9471	10972	AF-0000000205051745	shard_1661_batch_1.tar	95008768	122544	1209198592	1028292
9471	12264	AF-0000000205051744	shard_1671_batch_1.tar	54965760	122610	698689024	1161496
9471	12334	AF-0000000205051747	shard_1507_batch_1.tar	25905152	78664	509675520	434208
9472	9913	AF-0000000204993571	shard_1607_batch_1.tar	52312064	108324	788690432	714227
9473	10828	AF-0000000211621991	shard_1584_batch_1.tar	78526976	96053	339240448	660443
9477	10352	AF-0000000204567649	shard_1488_batch_2.tar	25610240	75526	181793792	390558
9477	11649	AF-0000000204567594	shard_1579_batch_0.tar	512	100847	777035264	709670
9477	11839	AF-0000000204567464	shard_1424_batch_2.tar	23616512	50395	86431232	150931
9477	12093	AF-0000000204567293	shard_1448_batch_2.tar	4662272	61524	139839488	238201
9477	12596	AF-0000000204567606	shard_1851_batch_0.tar	129432064	186235	850375168	2335334
9477	12721	AF-0000000204567231	shard_1458_batch_2.tar	24858112	65242	112497664	275568
9480	9490	AF-0000000205050703	shard_1495_batch_1.tar	18231296	75933	152456704	376824
9480	12424	AF-0000000205050702	shard_1657_batch_1.tar	113483776	122768	762655744	1033238
9486	12406	AF-0000000203754360	shard_1726_batch_0.tar	78999040	141474	1588854784	1430537
9488	9761	AF-0000000205000759	shard_1787_batch_1.tar	98959360	164214	458551808	1866249
9488	10503	AF-0000000205000731	shard_1611_batch_1.tar	34672640	109133	896203264	815187
9488	10509	AF-0000000205000761	shard_1659_batch_1.tar	88409600	122593	1050475008	1013250
9488	10701	AF-0000000205000770	shard_1721_batch_1.tar	57930240	140023	952505856	1328900
9488	11541	AF-0000000205000633	shard_1611_batch_1.tar	71748096	109142	495161856	853923
9488	11703	AF-0000000205000627	shard_1595_batch_1.tar	64116224	105565	914424832	745975
9488	11826	AF-0000000205000650	shard_1591_batch_1.tar	55549952	103853	325336064	760007
9488	12112	AF-0000000205000695	shard_1697_batch_1.tar	111171584	134735	1461167104	1232534
9489	10783	AF-0000000204672934	shard_1261_batch_0.tar	200642048	233973	4212847104	4106796
9489	10941	AF-0000000211622055	shard_1241_batch_0.tar	111209472	218370	3322877952	3547331
9489	11077	AF-0000000204672972	shard_1259_batch_0.tar	78027776	231812	4036830208	4073509
9489	11168	AF-0000000204672953	shard_1285_batch_0.tar	198452736	254393	2524477440	4829798
9489	11696	AF-0000000204672918	shard_1243_batch_0.tar	85895168	221402	1851051520	3631432
9489	11697	AF-0000000204672935	shard_1261_batch_0.tar	20272128	233937	662928896	4116136
9491	12176	AF-0000000205043706	shard_1851_batch_1.tar	23763456	190266	2569347072	2545505
9492	11245	AF-0000000204865670	shard_1635_batch_0.tar	8949248	116830	935848960	952950
9492	12089	AF-0000000204865655	shard_1801_batch_1.tar	156081664	168372	1451356672	2060052
9492	12176	AF-0000000204865656	shard_1839_batch_1.tar	67792384	185512	2424308736	2451873
9493	9497	AF-0000000205030256	shard_1439_batch_0.tar	43496960	56184	234499584	195267
9499	11245	AF-0000000204916844	shard_1643_batch_1.tar	46002688	118758	406232064	983262
9499	12089	AF-0000000204916811	shard_1805_batch_1.tar	164840448	170952	597093376	2048726
9499	12176	AF-0000000204916812	shard_1843_batch_1.tar	24030720	188009	2065960960	2470623
9502	11632	AF-0000000203565938	shard_1830_batch_0.tar	33975808	174713	2410958848	2323788
9509	12680	AF-0000000204989019	shard_1499_batch_1.tar	21750784	78938	418684928	415073
9510	11180	AF-0000000204944712	shard_1409_batch_1.tar	25913344	38277	140374528	85512
9510	12680	AF-0000000204944715	shard_1501_batch_0.tar	77836288	78976	272741376	421696
9512	11861	AF-0000000203630676	shard_1748_batch_0.tar	76375552	150214	332833792	1697084
9513	11728	AF-0000000204854409	shard_1817_batch_1.tar	74521088	174759	2247238656	2104439
9515	9865	AF-0000000205053172	shard_1691_batch_1.tar	127213056	132675	1060942336	1113514
9517	9538	AF-0000000204610523	shard_1711_batch_0.tar	79703040	136745	984108544	1318292
9526	10919	AF-0000000204866320	shard_1453_batch_0.tar	29061120	61062	300502528	251328
9526	11095	AF-0000000204866331	shard_1449_batch_0.tar	35926016	60401	340419072	240439
9528	11124	AF-0000000204916454	shard_1647_batch_0.tar	13599744	118645	1145608704	927342
9529	9003	AF-0000000204981683	shard_1417_batch_0.tar	8308224	45183	160173568	120328
9529	12742	AF-0000000204981688	shard_1619_batch_1.tar	7255040	113779	301018112	826316
9536	9094	AF-0000000205014380	shard_1797_batch_1.tar	39965184	167175	1178052608	2029984
9541	9629	AF-0000000204997633	shard_1703_batch_1.tar	116729856	136487	527040000	1298291
9542	12268	AF-0000000205053206	shard_1807_batch_1.tar	106103808	171742	1283238912	2132161
9543	11437	AF-0000000204953150	shard_1517_batch_0.tar	49915392	81532	606454784	464466
9544	9975	AF-0000000204876599	shard_1503_batch_0.tar	52322816	78363	479836160	416844
9544	12734	AF-0000000204876592	shard_1561_batch_0.tar	30574080	97530	549161472	650589
9548	9332	AF-0000000211621376	shard_1233_batch_0.tar	103500800	213764	545244160	3382117
9548	9489	AF-0000000211622054	shard_1241_batch_0.tar	102798848	218530	3257767424	3578873
9548	9977	AF-0000000211625770	shard_1527_batch_0.tar	19631616	86170	485857280	512993
9548	10004	AF-0000000211625772	shard_1441_batch_0.tar	17931264	55702	138598912	213670
9548	10128	AF-0000000211625774	shard_1446_batch_2.tar	16514560	58376	122958336	232894
9548	10355	AF-0000000211625776	shard_1435_batch_0.tar	48965120	53962	251113984	194778
9548	10783	AF-0000000211625781	shard_1523_batch_0.tar	70616064	85355	536976384	490929
9548	10848	AF-0000000211625782	shard_1441_batch_0.tar	3820544	56088	176528896	214466
9548	10941	AF-0000000211625783	shard_1477_batch_0.tar	62412288	69257	376475648	342071
9548	11077	AF-0000000211625785	shard_1519_batch_0.tar	2534400	83625	163103232	488884
9548	11282	AF-0000000211625788	shard_1483_batch_0.tar	62236160	72545	181726720	363976
9548	11384	AF-0000000211625792	shard_1439_batch_0.tar	38143488	55001	182692352	203427
9548	11486	AF-0000000211625796	shard_1481_batch_0.tar	10818048	72093	278216704	358347
9548	11579	AF-0000000211625798	shard_1503_batch_0.tar	5562368	79358	239552512	438931
9548	11607	AF-0000000211625800	shard_1442_batch_2.tar	9616384	57042	88632832	221492
9548	11645	AF-0000000211625801	shard_1475_batch_0.tar	26710528	69648	408822784	335206
9548	11696	AF-0000000211625802	shard_1483_batch_0.tar	59014656	72166	438103552	363718
9548	11697	AF-0000000211625803	shard_1523_batch_0.tar	68299264	85333	460444672	500338
9553	11870	AF-0000000211625810	shard_1790_batch_1.tar	125001216	167784	827003904	1781519
9556	11013	AF-0000000205059667	shard_1259_batch_1.tar	219795456	226402	1830144000	3538675
9556	11921	AF-0000000205059678	shard_1763_batch_1.tar	142227968	148847	1651931136	1553188
9557	9558	AF-0000000205060221	shard_1829_batch_1.tar	114576384	180989	2139059200	2187783
9559	11441	AF-0000000205060271	shard_1727_batch_1.tar	82499072	145683	805472256	1498673
9560	9738	AF-0000000205025672	shard_1537_batch_1.tar	13130752	87636	655251456	550923
9560	10515	AF-0000000205025657	shard_1881_batch_1.tar	91182592	206827	2757447680	3073467
9560	11168	AF-0000000205025675	shard_1615_batch_1.tar	94524928	108856	1023642112	829288
9560	12575	AF-0000000205025663	shard_1469_batch_1.tar	26845184	67937	209785856	302823
9562	10369	AF-0000000205054339	shard_1771_batch_1.tar	115592704	160615	448740352	1725177
9564	12248	AF-0000000205030270	shard_1509_batch_1.tar	20682240	80703	195868672	460155
9565	10648	AF-0000000204868883	shard_1757_batch_1.tar	112508928	151551	945837056	1574593
9568	10496	AF-0000000204942364	shard_1721_batch_1.tar	55242240	140860	585855488	1392803
9568	11750	AF-0000000204942355	shard_1671_batch_1.tar	37675520	127613	1099130880	1064281
9571	9329	AF-0000000204644319	shard_1859_batch_0.tar	147023360	195395	1138016256	2677579
9572	10582	AF-0000000204712564	shard_1499_batch_0.tar	45972480	76608	214542848	407239
9572	11515	AF-0000000204712624	shard_1521_batch_0.tar	56996352	83709	306776576	478860
9575	9002	AF-0000000203627258	shard_1458_batch_0.tar	28792320	66144	200645120	246917
9577	10715	AF-0000000204971790	shard_1791_batch_1.tar	40370688	163847	2180640768	1922631
9578	9796	AF-0000000205001971	shard_1473_batch_1.tar	63981568	69769	211322368	308179
9579	9363	AF-0000000204107058	shard_1222_batch_2.tar	512	211046	1530245632	3036160
9582	10886	AF-0000000204864331	shard_1445_batch_0.tar	19000832	59625	157468672	214475
9582	12322	AF-0000000204864328	shard_1439_batch_0.tar	23591936	57106	262834688	195773
9583	10521	AF-0000000205001979	shard_1273_batch_1.tar	161754112	247853	2488638464	4637733
9583	12575	AF-0000000205001996	shard_1463_batch_0.tar	19469312	67191	315498496	288694
9588	12164	AF-0000000204916458	shard_1637_batch_1.tar	80936448	116926	1095589376	955961
9591	10734	AF-0000000204847882	shard_1549_batch_0.tar	46327808	92242	570284032	596570
9593	12583	AF-0000000204657689	shard_1327_batch_0.tar	262906880	326054	2943798784	7170892
9594	9363	AF-0000000204602229	shard_1685_batch_0.tar	85761024	129961	306789888	1173192
9594	9722	AF-0000000204602210	shard_1643_batch_0.tar	91112448	118383	939254784	976705
9598	9272	AF-0000000205051663	shard_1451_batch_0.tar	14888448	61999	299724288	244176
9606	11015	AF-0000000203616926	shard_1656_batch_0.tar	2562560	122908	1201543168	1042940
9613	10515	AF-0000000204987368	shard_1225_batch_1.tar	79897600	212186	1253157888	3194725
9613	11168	AF-0000000204987385	shard_1631_batch_1.tar	40201216	113418	600844288	894272
9613	12575	AF-0000000204987375	shard_1481_batch_0.tar	10385920	72250	355243520	353217
9619	10473	AF-0000000204644432	shard_1489_batch_0.tar	62635520	75661	360637952	361877
9626	9919	AF-0000000204886825	shard_1499_batch_0.tar	10204672	75924	388953088	406569
9626	10103	AF-0000000204886833	shard_1451_batch_0.tar	44893696	60447	199896576	240014
9626	10505	AF-0000000204886834	shard_1453_batch_0.tar	62355968	61879	184477184	250609
9626	11083	AF-0000000204886837	shard_1455_batch_0.tar	16579072	62004	257281536	246267
9626	11147	AF-0000000204886842	shard_1451_batch_0.tar	43399168	61043	163296256	242890
9626	11613	AF-0000000204886832	shard_1455_batch_0.tar	26743296	62027	289241600	251166
9627	11359	AF-0000000204939899	shard_1289_batch_1.tar	101223936	261243	3230044160	5007133
9630	9908	AF-0000000204960641	shard_1475_batch_0.tar	11297280	69338	398817792	335240
9630	10483	AF-0000000204960841	shard_1457_batch_0.tar	43318272	63658	366152704	241554
9630	10959	AF-0000000204960716	shard_1467_batch_0.tar	42337792	66427	413660160	279227
9630	11170	AF-0000000204960593	shard_1489_batch_0.tar	8876032	73726	269421568	372259
9630	12093	AF-0000000204960599	shard_1455_batch_0.tar	634368	61845	269533184	245477
9638	12584	AF-0000000205047115	shard_1629_batch_1.tar	42316288	114806	332356096	852592
9648	10012	AF-0000000205033410	shard_1563_batch_1.tar	83033088	95882	783469568	621239
9648	10743	AF-0000000205033412	shard_1559_batch_1.tar	5363200	95720	203168256	618257
9652	9544	AF-0000000205033882	shard_1447_batch_0.tar	28798976	59127	130977792	226899
9659	9088	AF-0000000204878754	shard_1597_batch_0.tar	27265024	108701	543075328	729314
9659	9587	AF-0000000204878757	shard_1723_batch_1.tar	40809472	143953	755868672	1325879
9659	11418	AF-0000000204878756	shard_1669_batch_0.tar	113552896	123958	1328336896	1004064
9664	10389	AF-0000000204028701	shard_1704_batch_1.tar	13292544	138921	1212312576	1296794
9668	11633	AF-0000000205022070	shard_1505_batch_1.tar	43342848	81847	571314688	430107
9670	9901	AF-0000000203558754	shard_1438_batch_0.tar	1935360	57675	267671552	203857
9670	11582	AF-0000000203558758	shard_1504_batch_0.tar	55137280	77357	245952000	423209
9671	10156	AF-0000000204767070	shard_1505_batch_0.tar	66778112	80105	489946624	416426
9671	11255	AF-0000000204767073	shard_1537_batch_0.tar	33533952	89577	291105792	540993
9672	11359	AF-0000000204178859	shard_1860_batch_2.tar	70048256	190840	672891392	2732013
9673	9139	AF-0000000203850589	shard_1272_batch_1.tar	175702016	242779	1760583680	4161791
9673	9588	AF-0000000203850637	shard_1536_batch_0.tar	83102208	88398	250807808	515850
9673	10910	AF-0000000203850661	shard_1586_batch_0.tar	35522560	102024	214768640	698900
9673	11095	AF-0000000203850574	shard_1510_batch_0.tar	59425280	81047	206246400	419343
9673	11410	AF-0000000203850688	shard_1528_batch_0.tar	61573120	86711	367438336	464088
9674	10357	AF-0000000204922650	shard_1541_batch_0.tar	17990656	89677	504057856	537332
9678	11019	AF-0000000203777977	shard_1718_batch_0.tar	105272832	137328	1527171584	1231808
9682	11727	AF-0000000204974879	shard_1411_batch_1.tar	15526400	37933	91808768	80132
9684	9863	AF-0000000204610121	shard_1512_batch_2.tar	12578816	82148	178180608	464159
9684	10879	AF-0000000204610125	shard_1507_batch_0.tar	28656640	80877	297552384	419932
9684	10959	AF-0000000204610122	shard_1423_batch_0.tar	16633344	47825	213334016	132155
9684	11635	AF-0000000204610119	shard_1599_batch_0.tar	44818944	103486	485701632	703491
9685	9160	AF-0000000204964788	shard_1419_batch_0.tar	9089536	44412	167532544	122797
9685	10106	AF-0000000204964842	shard_1417_batch_0.tar	27317760	43573	110105088	115851
9685	10914	AF-0000000204964809	shard_1421_batch_0.tar	28841472	46315	104933888	143230
9685	11958	AF-0000000204964782	shard_1425_batch_0.tar	19920384	48796	171645440	150384
9685	12502	AF-0000000204964812	shard_1419_batch_0.tar	37158912	44398	193622016	123173
9685	12627	AF-0000000204964825	shard_1419_batch_0.tar	11433984	44468	214777856	122981
9685	12736	AF-0000000204964849	shard_1419_batch_0.tar	3844096	44489	187517440	123021
9690	9457	AF-0000000203808949	shard_1652_batch_0.tar	25534976	118869	1136740352	992730
9697	10913	AF-0000000203759192	shard_1600_batch_0.tar	24647168	105576	635716096	779925
9698	11630	AF-0000000204977484	shard_1421_batch_0.tar	28553216	47413	225030656	137428
9698	11838	AF-0000000204977524	shard_1421_batch_0.tar	47281664	47542	160601088	136431
9698	12560	AF-0000000204977486	shard_1823_batch_1.tar	25218560	176487	614860288	2292328
9700	9193	AF-0000000204003498	shard_1856_batch_1.tar	36405760	191781	917313536	2629809
9702	10521	AF-0000000204999427	shard_1281_batch_1.tar	31246848	254755	2949119488	4916403
9703	10528	AF-0000000204733730	shard_1791_batch_0.tar	48884736	164774	1755997184	1955880
9715	11531	AF-0000000204865757	shard_1487_batch_0.tar	56275456	72734	364315648	354365
9718	11051	AF-0000000204997968	shard_1647_batch_1.tar	56716288	120028	578884096	958886
9718	11959	AF-0000000204997989	shard_1647_batch_1.tar	78260736	120083	1098848256	964089
9718	12504	AF-0000000204998014	shard_1497_batch_1.tar	64994816	78117	411359744	387453
9719	9100	AF-0000000204968319	shard_1575_batch_1.tar	16982528	102155	828797952	663162
9719	9154	AF-0000000204968371	shard_1653_batch_1.tar	67978752	121387	721989632	1011277
9719	10003	AF-0000000204968296	shard_1557_batch_1.tar	17890816	97007	467515392	578916
9719	10069	AF-0000000204968311	shard_1499_batch_1.tar	18609152	79021	183688704	397959
9719	10904	AF-0000000204968295	shard_1681_batch_1.tar	124650496	130029	573058048	1209805
9719	11051	AF-0000000204968292	shard_1653_batch_1.tar	83263488	121293	380253184	990148
9719	11218	AF-0000000204968375	shard_1807_batch_1.tar	47564288	174036	977605632	2090392
9719	11369	AF-0000000204968286	shard_1665_batch_1.tar	12598272	125726	1119292928	1126509
9719	11433	AF-0000000204968363	shard_1561_batch_1.tar	63814656	97885	607596544	608930
9719	11550	AF-0000000204968370	shard_1665_batch_1.tar	43357696	126257	909211136	1132987
9719	11959	AF-0000000204968331	shard_1653_batch_1.tar	46697984	121120	527410176	980808
9719	12504	AF-0000000204968366	shard_1501_batch_0.tar	56815104	79494	203617792	402680
9719	12734	AF-0000000204968334	shard_1701_batch_1.tar	128617472	138387	1332657664	1324665
9722	11006	AF-0000000203984044	shard_1786_batch_1.tar	13070336	161642	969127936	1858519
9725	9071	AF-0000000204618125	shard_1717_batch_0.tar	281088	143031	722084864	1440156
9725	9140	AF-0000000204618131	shard_1669_batch_0.tar	74186752	128500	291225600	1119536
9726	9065	AF-0000000204953691	shard_1743_batch_1.tar	69242368	147170	341401088	1552084
9726	10530	AF-0000000204953605	shard_1803_batch_1.tar	54945792	169684	1537928192	2039039
9726	11654	AF-0000000204953650	shard_1811_batch_1.tar	2771968	172995	745095680	2102056
9726	11954	AF-0000000204953662	shard_1741_batch_1.tar	25810944	147057	702318592	1554603
9726	12002	AF-0000000204953618	shard_1807_batch_1.tar	100464128	171654	721538560	2130985
9726	12632	AF-0000000204953663	shard_1803_batch_1.tar	32119296	169864	1868519936	2021807
9729	9348	AF-0000000204541814	shard_1627_batch_0.tar	45910016	115836	994677248	931007
9729	10914	AF-0000000204541868	shard_1470_batch_2.tar	1887232	69259	127026176	319971
9732	10510	AF-0000000204258107	shard_1863_batch_0.tar	41895424	189249	1322158592	2630819
9738	11015	AF-0000000211640037	shard_1519_batch_0.tar	47301120	82293	316623360	477785
9740	10754	AF-0000000204888158	shard_1709_batch_1.tar	105969664	139557	915657728	1253351
9740	11576	AF-0000000204888159	shard_1711_batch_1.tar	58057216	140013	384114176	1257998
9741	9001	AF-0000000203635439	shard_1842_batch_0.tar	40492032	185589	1614451200	2639972
9741	10172	AF-0000000203635442	shard_1838_batch_0.tar	122162176	184162	2510846464	2586967
9741	10218	AF-0000000203635446	shard_1840_batch_0.tar	143052800	185091	1997416960	2600790
9741	10786	AF-0000000203635460	shard_1844_batch_0.tar	161362944	187330	912467456	2672817
9741	11671	AF-0000000203635450	shard_1838_batch_0.tar	60886528	183770	2015747072	2578757
9741	11946	AF-0000000203635444	shard_1838_batch_0.tar	110716416	184354	2682963456	2569268
9746	10535	AF-0000000204963354	shard_1815_batch_1.tar	81089024	174538	1809372160	2286671
9751	9532	AF-0000000204889943	shard_1649_batch_0.tar	102376448	118709	500716032	956322
9751	10125	AF-0000000204889941	shard_1671_batch_0.tar	15343616	124299	889830400	1042991
9751	10606	AF-0000000204889942	shard_1671_batch_0.tar	123339264	124223	655337984	1040774
9751	12287	AF-0000000204889954	shard_1673_batch_1.tar	53574144	125048	795878912	1050964
9755	9759	AF-0000000205040348	shard_1669_batch_1.tar	26673664	126186	484222464	1023415
9756	9582	AF-0000000203898567	shard_1442_batch_0.tar	28686848	57999	304442368	212622
9756	9893	AF-0000000203898586	shard_1604_batch_1.tar	21747712	106999	281610240	810941
9756	10570	AF-0000000203898585	shard_1446_batch_0.tar	7627264	59356	280929792	229526
9756	11009	AF-0000000203898573	shard_1448_batch_0.tar	58109952	60130	253842944	235132
9756	12118	AF-0000000203898564	shard_1450_batch_0.tar	28122112	62090	317704192	245395
9756	12288	AF-0000000203898545	shard_1446_batch_0.tar	22113280	59229	281160192	226096
9759	9789	AF-0000000204886211	shard_1493_batch_0.tar	2900992	77715	184739840	375528
9759	10352	AF-0000000204886259	shard_1537_batch_0.tar	7637504	89786	533195776	537745
9759	11580	AF-0000000204886230	shard_1593_batch_0.tar	100420608	104994	828845056	724396
9759	12210	AF-0000000204886170	shard_1811_batch_1.tar	77318656	173583	1166502400	1915574
9760	10890	AF-0000000205012390	shard_1591_batch_1.tar	16856576	105243	931507200	715507
9761	9219	AF-0000000205019415	shard_1669_batch_1.tar	18869760	126659	1053683712	1109876
9761	10022	AF-0000000205019405	shard_1699_batch_1.tar	71990784	137031	803557888	1265446
9761	10519	AF-0000000205019537	shard_1761_batch_1.tar	93807616	151802	419383808	1608983
9761	10538	AF-0000000205019452	shard_1739_batch_1.tar	136149504	146780	1581266432	1519508
9761	12112	AF-0000000205019461	shard_1749_batch_1.tar	77556224	151225	772718080	1587569
9765	10317	AF-0000000203583136	shard_1542_batch_0.tar	88010752	92495	636175360	563794
9765	10608	AF-0000000211640050	shard_1810_batch_0.tar	87709696	174237	627497472	2174535
9765	10937	AF-0000000203583141	shard_1574_batch_0.tar	89715200	100969	796807168	673143
9770	10356	AF-0000000204668034	shard_1811_batch_0.tar	166847488	174475	440994304	2050451
9776	9562	AF-0000000204010868	shard_1848_batch_1.tar	82327552	194888	1245213184	2659766
9776	11091	AF-0000000204010845	shard_1848_batch_1.tar	63813632	195436	459697152	2652140
9778	9362	AF-0000000204971831	shard_1451_batch_0.tar	12540416	61307	153013760	232109
9779	9162	AF-0000000204955994	shard_1455_batch_0.tar	6472192	62364	223447040	250774
9779	9526	AF-0000000204956010	shard_1439_batch_0.tar	27237888	56808	266240512	207018
9779	9715	AF-0000000204956009	shard_1409_batch_1.tar	36075520	37014	132135936	79709
9779	9792	AF-0000000204956020	shard_1437_batch_0.tar	12026880	55551	155155968	187467
9787	12661	AF-0000000204869793	shard_1407_batch_0.tar	1009664	33579	66427392	66200
9788	11177	AF-0000000211640060	shard_1423_batch_0.tar	44155904	48326	206561792	131077
9788	12158	AF-0000000204987409	shard_1423_batch_0.tar	33614336	48211	142447616	125553
9789	10257	AF-0000000204957413	shard_1653_batch_1.tar	12385792	120859	972122112	1017659
9789	10564	AF-0000000211640061	shard_1683_batch_1.tar	98704896	127785	778833408	1121834
9789	10940	AF-0000000204957631	shard_1445_batch_0.tar	482816	57661	202363904	200501
9789	11531	AF-0000000204957587	shard_1527_batch_0.tar	84097024	86198	403340800	510236
9791	11720	AF-0000000204848317	shard_1741_batch_0.tar	26034688	145198	395009536	1444252
9792	9171	AF-0000000204887351	shard_1535_batch_0.tar	7121920	89073	632957952	534163
9792	11095	AF-0000000204887371	shard_1445_batch_0.tar	43629568	59312	278767616	216590
9792	12099	AF-0000000204887372	shard_1453_batch_0.tar	7217152	63564	244771840	249403
9793	11302	AF-0000000203976498	shard_1482_batch_1.tar	4792832	74068	183768576	365751
9794	11251	AF-0000000204890619	shard_1427_batch_0.tar	25788928	51769	121938432	161332
9795	12111	AF-0000000204972926	shard_1733_batch_1.tar	6671360	144833	278962176	1530080
9796	9511	AF-0000000204953744	shard_1723_batch_1.tar	38538240	140912	614370304	1378620
9796	10563	AF-0000000204953783	shard_1441_batch_0.tar	31436288	57038	150610944	203226
9796	11142	AF-0000000204953781	shard_1537_batch_0.tar	10409472	87746	697130496	518964
9796	11228	AF-0000000204953723	shard_1477_batch_0.tar	3066880	68652	308032000	319257
9796	11424	AF-0000000204953761	shard_1605_batch_1.tar	50151936	107207	239654400	800565
9796	11546	AF-0000000204953733	shard_1655_batch_1.tar	112900096	119848	1077269504	992497
9801	10565	AF-0000000204959542	shard_1829_batch_1.tar	111682048	180170	1221855744	2331757
9809	12558	AF-0000000204951854	shard_1879_batch_1.tar	33453056	208257	3018194432	3036415
9811	11424	AF-0000000204802123	shard_1225_batch_1.tar	151111168	211350	1383141888	3097661
9812	9813	AF-0000000203955579	shard_1270_batch_1.tar	46317056	249471	3892271104	4227022
9816	10015	AF-0000000204889492	shard_1663_batch_1.tar	96337408	123010	708945408	1115086
9816	10949	AF-0000000204889460	shard_1683_batch_0.tar	523776	128412	598864384	1208211
9816	11840	AF-0000000204889547	shard_1761_batch_1.tar	94729216	152910	1035572224	1743884
9816	11850	AF-0000000204889459	shard_1765_batch_1.tar	14561280	153972	628762112	1805945
9816	11949	AF-0000000204889526	shard_1791_batch_1.tar	131454976	163252	1712529408	1975737
9816	12423	AF-0000000204889468	shard_1735_batch_1.tar	22866944	142728	939550720	1515650
9817	10556	AF-0000000204885696	shard_1547_batch_0.tar	48521216	92038	743250432	573919
9817	10780	AF-0000000204885697	shard_1559_batch_0.tar	14180352	93535	243183616	606181
9820	12355	AF-0000000203885277	shard_1624_batch_1.tar	71329280	111465	409301504	873356
9820	12432	AF-0000000203885276	shard_1574_batch_1.tar	59623936	99589	573803520	685953
9822	10925	AF-0000000203646746	shard_1674_batch_0.tar	93299200	127764	299375616	1188144
9823	11976	AF-0000000204820170	shard_1241_batch_1.tar	81674752	217618	2521318400	3582318
9823	12239	AF-0000000204820157	shard_1605_batch_0.tar	27574784	106829	329812992	816512
9824	9666	AF-0000000205034477	shard_1247_batch_1.tar	53773312	226712	3854585856	3457753
9824	11976	AF-0000000205034446	shard_1319_batch_1.tar	258139136	307602	2732507136	6498056
9824	12604	AF-0000000205034457	shard_1299_batch_1.tar	50019840	272971	2428199424	5131801
9830	11672	AF-0000000204227968	shard_1486_batch_1.tar	61883392	72536	495578112	348627
9830	11775	AF-0000000204227985	shard_1488_batch_1.tar	5506560	72928	316985344	361735
9830	12413	AF-0000000211641775	shard_1820_batch_2.tar	4764160	175696	888083456	2338845
9831	10543	AF-0000000204912198	shard_1859_batch_1.tar	83623424	193454	1626997248	2786064
9831	10588	AF-0000000204912193	shard_1869_batch_1.tar	113004544	197673	2846039040	2921061
9831	11694	AF-0000000204912202	shard_1833_batch_1.tar	40173568	181318	358617088	2410646
9832	12674	AF-0000000203596766	shard_1686_batch_0.tar	64063488	128634	916655616	1217161
9833	9796	AF-0000000205029730	shard_1483_batch_1.tar	46998528	71881	205823488	337148
9835	10451	AF-0000000204061017	shard_1692_batch_1.tar	12471296	129638	1340837888	1143165
9840	11038	AF-0000000204864356	shard_1823_batch_1.tar	115041792	179577	433818624	2290900
9843	11872	AF-0000000203730842	shard_1614_batch_0.tar	18437120	111932	253980672	889791
9848	10621	AF-0000000204868185	shard_1547_batch_0.tar	32548864	91703	310776832	530571
9848	11694	AF-0000000204868195	shard_1549_batch_0.tar	52660224	92858	506880000	534956
9852	9629	AF-0000000204039908	shard_1702_batch_1.tar	77377024	135791	1269455360	1293613
9854	10092	AF-0000000204857296	shard_1517_batch_0.tar	61420032	83618	511815680	467092
9854	12571	AF-0000000204857309	shard_1547_batch_0.tar	3411968	91262	382505472	586486
9856	10217	AF-0000000204991598	shard_1743_batch_1.tar	40769024	145599	1104961024	1503151
9856	10792	AF-0000000204991587	shard_1627_batch_1.tar	17562624	111159	795594240	882161
9856	10921	AF-0000000204991573	shard_1617_batch_1.tar	32820224	109014	420712960	827312
9858	9660	AF-0000000203644269	shard_1600_batch_0.tar	27409920	103845	267590144	805982
9858	11000	AF-0000000203644270	shard_1744_batch_0.tar	108876800	145931	634608128	1547149
9862	11078	AF-0000000205016655	shard_1629_batch_1.tar	90997248	113794	1078061056	847246
9864	9781	AF-0000000204875796	shard_1567_batch_0.tar	12844544	92518	506270720	639957
9864	9943	AF-0000000204875789	shard_1569_batch_0.tar	30104576	94550	480718848	623980
9864	10615	AF-0000000204875792	shard_1567_batch_0.tar	63473664	93229	725999104	624799
9865	10188	AF-0000000203716061	shard_1560_batch_0.tar	94958080	95271	528048128	607316
9868	9022	AF-0000000205054147	shard_1721_batch_1.tar	129828352	139592	1130794496	1353695
9872	11836	AF-0000000204589771	shard_1707_batch_0.tar	49283584	137120	337466368	1299595
9874	9200	AF-0000000211606500	shard_1609_batch_0.tar	22736896	110864	435401728	781303
9880	9642	AF-0000000203953551	shard_1468_batch_0.tar	36301312	67989	164446720	294253
9880	9724	AF-0000000211638378	shard_1432_batch_0.tar	17518080	53664	217128960	183217
9881	9796	AF-0000000204904613	shard_1471_batch_0.tar	25620992	68096	292825600	294539
9884	10486	AF-0000000205008848	shard_1489_batch_1.tar	69443584	76599	276181504	392548
9887	9037	AF-0000000204864409	shard_1485_batch_0.tar	14222848	70336	188824064	362827
9887	10426	AF-0000000204864395	shard_1487_batch_0.tar	24237056	70770	474643968	370496
9887	12222	AF-0000000204864390	shard_1487_batch_0.tar	60451328	70149	176576000	368684
9887	12224	AF-0000000204864401	shard_1485_batch_0.tar	38900736	70506	310227456	363819
9889	10307	AF-0000000203813782	shard_1630_batch_0.tar	229888	115559	271148544	928094
9889	11286	AF-0000000203813779	shard_1682_batch_0.tar	121263104	129379	810525184	1135724
9890	10556	AF-0000000204993259	shard_1545_batch_1.tar	84795392	91314	249646592	569648
9892	9234	AF-0000000205000080	shard_1655_batch_1.tar	93534720	123401	973724160	1031361
9892	10458	AF-0000000205000107	shard_1679_batch_1.tar	114431488	130447	1082704896	1164092
9892	11195	AF-0000000205000098	shard_1541_batch_1.tar	37626880	92390	324863488	547513
9892	12479	AF-0000000205000109	shard_1689_batch_1.tar	25559040	131380	499466752	1245992
9893	10842	AF-0000000204960207	shard_1547_batch_0.tar	41603584	90726	188462080	566018
9893	11535	AF-0000000204960218	shard_1811_batch_1.tar	16053760	170717	2150083584	2081891
9893	11630	AF-0000000204960228	shard_1541_batch_0.tar	54385664	89382	501836800	539903
9893	11691	AF-0000000204960232	shard_1567_batch_1.tar	78703104	97416	649526784	656806
9894	9452	AF-0000000205006300	shard_1413_batch_1.tar	15369728	42632	143666688	100522
9900	10018	AF-0000000204032490	shard_1414_batch_0.tar	39160320	43712	128638464	103643
9902	11509	AF-0000000204793759	shard_1711_batch_0.tar	60083712	133008	1447321088	1336572
9902	11760	AF-0000000204793727	shard_1719_batch_0.tar	1831424	139165	1045726720	1424361
9904	9263	AF-0000000211620915	shard_1501_batch_0.tar	30060544	77621	177263104	407330
9905	9022	AF-0000000204695043	shard_1827_batch_0.tar	133190656	181539	2070441984	2350723
9905	9868	AF-0000000204695123	shard_1815_batch_0.tar	93921280	173411	1653687296	2083257
9905	10379	AF-0000000204695049	shard_1839_batch_0.tar	95426560	180514	1681199104	2306105
9905	11255	AF-0000000204695087	shard_1699_batch_0.tar	512	136578	583870976	1287055
9905	11576	AF-0000000204695052	shard_1821_batch_0.tar	83602432	178490	547292160	2286739
9905	12579	AF-0000000204695057	shard_1847_batch_0.tar	130083328	188608	2286747648	2418427
9906	9348	AF-0000000203572398	shard_1790_batch_0.tar	21302272	164498	825995776	1961717
9908	9158	AF-0000000204875437	shard_1447_batch_0.tar	40022016	59804	228499456	235714
9908	10810	AF-0000000204875446	shard_1447_batch_0.tar	19100160	59707	336152064	237758
9909	9741	AF-0000000204889116	shard_1839_batch_1.tar	176731136	184199	2133663744	2591921
9909	10565	AF-0000000204889131	shard_1837_batch_1.tar	135112704	182659	717918208	2424759
9914	9789	AF-0000000204890894	shard_1495_batch_0.tar	31839232	79254	415867392	387808
9914	9979	AF-0000000204890675	shard_1555_batch_0.tar	14554624	95576	556449792	634412
9914	10504	AF-0000000204890656	shard_1491_batch_0.tar	34310656	76412	431786496	376255
9914	10919	AF-0000000204890682	shard_1483_batch_0.tar	42923008	73852	323353600	343591
9914	11094	AF-0000000204890981	shard_1447_batch_0.tar	23085568	61877	206723072	220670
9914	11289	AF-0000000204890719	shard_1609_batch_0.tar	97636352	111693	216976896	819015
9914	11321	AF-0000000204890948	shard_1487_batch_0.tar	54852608	76654	264983552	371673
9914	11411	AF-0000000204890770	shard_1505_batch_0.tar	15960064	82660	298446336	421080
9914	11423	AF-0000000204890916	shard_1767_batch_1.tar	102584320	159845	551716352	1704252
9914	11625	AF-0000000204890688	shard_1483_batch_0.tar	11168256	74180	447607808	340752
9914	11648	AF-0000000204890864	shard_1491_batch_0.tar	68871680	76197	164188160	381201
9915	9457	AF-0000000204901029	shard_1753_batch_1.tar	45056512	149726	417723392	1582587
9915	9570	AF-0000000204901021	shard_1775_batch_1.tar	65908736	158923	1750398464	1846525
9920	9385	AF-0000000205024867	shard_1729_batch_1.tar	64205312	142562	994889216	1431965
9922	10538	AF-0000000204913237	shard_1507_batch_0.tar	2172416	80422	289790464	432738
9924	10715	AF-0000000204978987	shard_1793_batch_1.tar	8456704	163814	879856640	1943053
9925	9739	AF-0000000204132203	shard_1786_batch_2.tar	74543104	164721	790050304	1981560
9925	9954	AF-0000000204132191	shard_1774_batch_2.tar	29258752	157937	496339456	1866887
9925	10898	AF-0000000204132193	shard_1506_batch_1.tar	52794368	78999	401266688	437491
9926	9450	AF-0000000205019549	shard_1693_batch_1.tar	36409856	130746	321675264	1210339
9926	9792	AF-0000000205019585	shard_1545_batch_1.tar	63080448	92291	241089536	561515
9926	10507	AF-0000000205019626	shard_1639_batch_1.tar	33730560	115398	560134144	932481
9926	12188	AF-0000000205019553	shard_1783_batch_1.tar	132817408	159370	2057391616	1946977
9927	9068	AF-0000000204796868	shard_1483_batch_0.tar	61940736	74116	327942656	357465
9927	9454	AF-0000000204796869	shard_1523_batch_0.tar	42886144	86597	173592064	501203
9928	9796	AF-0000000204900374	shard_1439_batch_0.tar	46641664	56269	210915328	198224
9929	12368	AF-0000000204968823	shard_1727_batch_1.tar	4285952	144185	1056524800	1450604
9933	10142	AF-0000000204872124	shard_1521_batch_0.tar	2205184	85607	633772544	469280
9933	12360	AF-0000000204872224	shard_1537_batch_0.tar	48410624	91273	259306496	556146
9937	11081	AF-0000000211643724	shard_1602_batch_0.tar	11394048	108068	733542912	806419
9938	9798	AF-0000000204994414	shard_1427_batch_0.tar	9612288	50887	139225600	163257
9943	9781	AF-0000000204964918	shard_1535_batch_0.tar	55668224	84606	688628736	526065
9949	9569	AF-0000000203944722	shard_1850_batch_1.tar	34123264	192219	1594174464	2735106
9949	10573	AF-0000000203944723	shard_1864_batch_1.tar	50824704	200659	675794432	2916951
9949	11472	AF-0000000203944728	shard_1778_batch_1.tar	120260096	162872	1054291968	1886813
9951	9096	AF-0000000204737899	shard_1431_batch_0.tar	3478016	51780	192400896	171859
9951	10008	AF-0000000204737902	shard_1409_batch_0.tar	11126784	35550	125592064	67147
9951	12463	AF-0000000211643738	shard_1407_batch_0.tar	10341888	34913	99784192	60596
9952	12660	AF-0000000204793805	shard_1559_batch_0.tar	95426560	94820	226517504	608870
9956	9223	AF-0000000205058084	shard_1581_batch_1.tar	35027968	102372	442510848	678104
9957	9068	AF-0000000204880144	shard_1753_batch_1.tar	103274496	152483	950077440	1522711
9957	10890	AF-0000000204880151	shard_1755_batch_1.tar	8522240	152644	1094682624	1512138
9957	11287	AF-0000000204880246	shard_1843_batch_1.tar	159070208	187282	1241076736	2278378
9957	11619	AF-0000000204880160	shard_1727_batch_1.tar	104825856	144273	846690816	1322109
9957	11735	AF-0000000204880191	shard_1811_batch_1.tar	39014912	172762	584059904	1927945
9957	11778	AF-0000000204880197	shard_1769_batch_1.tar	89587200	156701	1637376000	1620001
9957	12358	AF-0000000204880235	shard_1795_batch_1.tar	50994688	163240	1432239616	1749501
9964	10662	AF-0000000211643814	shard_1877_batch_1.tar	16104960	200342	549435904	3105389
9971	11255	AF-0000000204779959	shard_1515_batch_0.tar	40032256	82581	322302464	433042
9972	10198	AF-0000000204908442	shard_1725_batch_1.tar	44039168	142019	1219890688	1381015
9972	10474	AF-0000000204908436	shard_1763_batch_1.tar	52823552	153280	790651392	1639425
9972	11569	AF-0000000204908435	shard_1721_batch_1.tar	69481472	140658	624819712	1369373
9973	9223	AF-0000000205012481	shard_1439_batch_0.tar	53316608	54873	219967488	178323
9973	9277	AF-0000000205012535	shard_1787_batch_1.tar	122977792	163220	1180661760	1954480
9973	10079	AF-0000000205012505	shard_1507_batch_1.tar	55136256	80336	157728256	400191
9973	10455	AF-0000000205012462	shard_1657_batch_1.tar	117292032	123854	358060032	1044670
9973	10579	AF-0000000205012518	shard_1779_batch_1.tar	153102336	163458	408668160	1829535
9973	11255	AF-0000000205012502	shard_1455_batch_0.tar	49760256	62662	260336640	242024
9973	11345	AF-0000000211643821	shard_1541_batch_1.tar	27204096	86106	565880320	537362
9973	11632	AF-0000000205012468	shard_1559_batch_1.tar	65304576	92099	488252416	581357
9973	11941	AF-0000000211643823	shard_1629_batch_1.tar	95692288	114931	1041071104	897198
9973	12575	AF-0000000205012490	shard_1459_batch_0.tar	47460352	63963	358732288	250453
9977	9061	AF-0000000204989082	shard_1555_batch_1.tar	41967104	94800	505690112	627066
9977	10941	AF-0000000211643824	shard_1525_batch_1.tar	70610432	86228	341082624	510611
9977	11282	AF-0000000204989048	shard_1533_batch_1.tar	49765888	88865	194854912	530110
9977	11322	AF-0000000204989118	shard_1537_batch_1.tar	82363904	90193	387709440	554427
9977	11484	AF-0000000204989085	shard_1543_batch_1.tar	23653376	90849	565421056	578355
9977	11486	AF-0000000204989111	shard_1531_batch_1.tar	79827968	88261	267125248	512454
9977	11667	AF-0000000204989094	shard_1525_batch_1.tar	23157760	85672	279360000	508780
9977	11696	AF-0000000204989047	shard_1533_batch_1.tar	3191808	88796	369966080	529950
9978	11613	AF-0000000203525136	shard_1530_batch_0.tar	11955200	88746	230623744	499214
9978	11848	AF-0000000203525139	shard_1534_batch_0.tar	12649984	89476	431325184	509220
9979	9792	AF-0000000204202286	shard_1510_batch_1.tar	65286144	81560	450080256	458692
9979	11625	AF-0000000204202248	shard_1480_batch_1.tar	29531136	71352	288584704	352118
9979	11723	AF-0000000204202242	shard_1518_batch_1.tar	58480128	84092	562559488	494840
9984	9828	AF-0000000204981701	shard_1589_batch_1.tar	47543808	105786	690475520	761226
9984	10904	AF-0000000204981704	shard_1545_batch_1.tar	53984256	90769	683507712	574152
9990	10120	AF-0000000204907488	shard_1525_batch_0.tar	13278720	88354	229552128	508692
9990	11080	AF-0000000204907470	shard_1457_batch_0.tar	40301056	64703	306824192	269666
9990	11315	AF-0000000204907482	shard_1613_batch_0.tar	92115968	111333	228599296	853943
9991	10272	AF-0000000203674924	shard_1572_batch_0.tar	33469952	99091	322913280	692208
9994	10324	AF-0000000204684073	shard_1587_batch_0.tar	51218944	104961	500518912	743094
9995	9162	AF-0000000205058645	shard_1769_batch_1.tar	22768128	156883	652299264	1786329
9995	9792	AF-0000000205058665	shard_1745_batch_1.tar	63734784	149679	1080396288	1572688
9995	10762	AF-0000000205058637	shard_1281_batch_1.tar	209405952	251435	1576768512	4636039
9996	9003	AF-0000000205004606	shard_1421_batch_1.tar	43670528	46721	108300800	130356
9996	9160	AF-0000000205004560	shard_1425_batch_0.tar	23086080	49739	95936512	150940
9996	10079	AF-0000000205004618	shard_1483_batch_1.tar	9178112	73446	330902016	325808
9996	10389	AF-0000000205004573	shard_1635_batch_1.tar	72089088	117249	808466432	931323
9996	10533	AF-0000000205004568	shard_1667_batch_1.tar	72614912	124534	1203547136	1096253
9996	10945	AF-0000000205004561	shard_1427_batch_0.tar	24455680	50172	225275392	152820
9996	11941	AF-0000000211643840	shard_1601_batch_1.tar	69008384	107456	624609280	775105
9998	11482	AF-0000000204893912	shard_1713_batch_1.tar	55810048	138728	1037334016	1289051
10003	9718	AF-0000000204260260	shard_1550_batch_1.tar	69585920	95775	628559360	566819
10007	9046	AF-0000000204960855	shard_1481_batch_0.tar	32405504	72810	158955520	346629
10011	9828	AF-0000000204975913	shard_1577_batch_1.tar	3524096	101566	724562944	712253
10015	9900	AF-0000000204897827	shard_1451_batch_0.tar	47051776	62587	165244416	249799
10023	9171	AF-0000000204908841	shard_1471_batch_0.tar	13826048	68931	133526528	288101
10023	9420	AF-0000000204909075	shard_1501_batch_0.tar	1889792	76996	449468416	368632
10031	9026	AF-0000000204689465	shard_1519_batch_0.tar	60431360	85949	292399104	485350
10046	9366	AF-0000000204990856	shard_1799_batch_1.tar	121383424	164912	1508724736	1805088
10052	9579	AF-0000000204597706	shard_1243_batch_0.tar	218287616	224235	3192798208	3627518
10066	9789	AF-0000000203823233	shard_1486_batch_0.tar	68174336	75277	432149504	358334
10072	9052	AF-0000000204418931	shard_1512_batch_1.tar	35596288	84479	352221696	466210
10072	9420	AF-0000000204418881	shard_1580_batch_2.tar	11059712	100526	297579520	674479
10079	9272	AF-0000000204962136	shard_1505_batch_0.tar	20701184	80743	366690304	403509
10079	9971	AF-0000000204962120	shard_1577_batch_1.tar	24940544	100558	244938240	654309
10083	9758	AF-0000000203995569	shard_1678_batch_1.tar	84218880	126066	492084736	1109640
10084	9188	AF-0000000204953236	shard_1439_batch_0.tar	39908864	57007	307053568	195287
10085	9055	AF-0000000205011674	shard_1465_batch_0.tar	40490496	68240	295529472	296473
10087	9908	AF-0000000204898168	shard_1475_batch_0.tar	16591872	70112	175533568	337879
10093	9247	AF-0000000204208899	shard_1828_batch_2.tar	73285120	181562	692198400	2358019
10096	9414	AF-0000000204995820	shard_1567_batch_1.tar	73602048	95593	728249856	644661
10096	9453	AF-0000000204995761	shard_1637_batch_1.tar	66511360	117083	893331968	939656
10096	9718	AF-0000000204995901	shard_1647_batch_1.tar	56357376	119572	954133504	987714
10096	9719	AF-0000000204995858	shard_1653_batch_1.tar	22811648	121021	710890496	978585
10103	9978	AF-0000000204885699	shard_1529_batch_0.tar	85379072	87211	567157248	485614
10111	9972	AF-0000000204901543	shard_1739_batch_1.tar	98041856	143120	762625024	1453200
10115	9682	AF-0000000204883571	shard_1561_batch_0.tar	5863424	95354	624828928	618987
10117	9824	AF-0000000205022462	shard_1275_batch_1.tar	27911680	249624	3142706176	4117814
10119	9387	AF-0000000204268016	shard_1881_batch_0.tar	166445056	208977	2696297472	2982245
10119	9559	AF-0000000204268060	shard_1726_batch_2.tar	19579392	146264	447464960	1495843
10126	9868	AF-0000000211643484	shard_1685_batch_0.tar	38242816	127909	1409188864	1160184
10126	9905	AF-0000000204619136	shard_1801_batch_0.tar	53630464	169989	1231651840	2086031
10128	9061	AF-0000000205029763	shard_1469_batch_1.tar	31161344	67589	169532928	299461
10129	9387	AF-0000000204996463	shard_1225_batch_1.tar	143733248	213448	2281388544	3130235
10130	9143	AF-0000000204630296	shard_1667_batch_0.tar	87916032	125495	693406208	1044791
10137	9112	AF-0000000203708160	shard_1734_batch_0.tar	70872064	148532	356007424	1520360
10137	9836	AF-0000000203708205	shard_1734_batch_0.tar	108897280	146186	1401094656	1487208
10137	9991	AF-0000000203708162	shard_1658_batch_0.tar	91720192	125581	1057341440	1016158
10153	9887	AF-0000000204869274	shard_1489_batch_0.tar	70980608	71513	203884544	371877
10158	9054	AF-0000000204928070	shard_1507_batch_0.tar	45727232	82060	311707648	442684
10158	9176	AF-0000000204928509	shard_1493_batch_0.tar	42345472	76896	463228928	404683
10158	9467	AF-0000000204928273	shard_1663_batch_1.tar	114866176	124005	656979456	1136180
10158	9729	AF-0000000204928151	shard_1529_batch_0.tar	24324608	88556	563999232	539341
10160	9580	AF-0000000204954737	shard_1793_batch_1.tar	2979328	165164	1155444736	1905797
10162	9387	AF-0000000204267928	shard_1881_batch_0.tar	138644992	209278	2755940352	2978985
10162	9559	AF-0000000204267961	shard_1726_batch_2.tar	10991616	145678	411057152	1498428
10170	9037	AF-0000000203621060	shard_1482_batch_0.tar	38508544	69656	246195200	361486
10170	9887	AF-0000000203621015	shard_1486_batch_0.tar	14580736	70426	197119488	376573
10171	9586	AF-0000000204982499	shard_1453_batch_0.tar	3817472	62636	119712256	248364
10173	9408	AF-0000000204903213	shard_1853_batch_1.tar	166550016	189861	857565696	2610556
10189	9158	AF-0000000204943051	shard_1447_batch_0.tar	21150720	61544	152942592	232797
10192	9329	AF-0000000204905821	shard_1223_batch_1.tar	11300864	207399	743802368	3140109
10192	9471	AF-0000000204905948	shard_1673_batch_1.tar	53825536	123130	740546048	1163002
10200	9586	AF-0000000204984788	shard_1453_batch_0.tar	42886656	61873	131197440	246255
10219	9915	AF-0000000204995998	shard_1623_batch_1.tar	41799680	112594	246202368	843042
10223	9893	AF-0000000203736703	shard_1644_batch_0.tar	26304000	117930	928496128	960752
10234	9053	AF-0000000204933045	shard_1587_batch_1.tar	74477568	104465	885632512	715859
10241	9329	AF-0000000203730486	shard_1878_batch_0.tar	197657600	208550	3220349952	2941797
10245	9915	AF-0000000204042243	shard_1820_batch_1.tar	33256960	178193	1161321472	2144878
10248	9237	AF-0000000204931535	shard_1845_batch_1.tar	96461824	184702	2775506944	2447735
10253	9587	AF-0000000204915673	shard_1761_batch_1.tar	117453312	157438	1449735680	1550546
10263	9202	AF-0000000211606550	shard_1865_batch_1.tar	19926016	195795	2080797696	2679622
10263	9438	AF-0000000204895868	shard_1297_batch_1.tar	157496832	265574	2372114944	4960623
10278	9112	AF-0000000204765087	shard_1661_batch_0.tar	9972224	124189	908148736	1065004
10279	9935	AF-0000000204971845	shard_1523_batch_0.tar	34805760	85333	467273728	475413
10288	9427	AF-0000000204889583	shard_1877_batch_1.tar	14068224	197228	2526765056	3073293
10290	9889	AF-0000000203813712	shard_1682_batch_0.tar	28880384	129510	410434560	1147275
10306	9587	AF-0000000203761903	shard_1626_batch_0.tar	82646016	116088	1066594304	870228
10307	9329	AF-0000000204167606	shard_1844_batch_2.tar	74289664	187800	569329152	2455835
10308	9855	AF-0000000205022932	shard_1711_batch_1.tar	124200448	131118	625034752	1320897
10315	9126	AF-0000000204949212	shard_1541_batch_0.tar	71737344	89536	582563328	546506
10315	9224	AF-0000000204949243	shard_1837_batch_1.tar	45530624	184063	703847936	2345030
10315	9760	AF-0000000204949596	shard_1591_batch_1.tar	13300736	106223	458998272	729543
10317	9420	AF-0000000204971223	shard_1491_batch_0.tar	40072704	74103	217740288	347194
10318	9053	AF-0000000204983369	shard_1409_batch_1.tar	17870336	38109	135032832	73756
10318	9452	AF-0000000204983354	shard_1407_batch_1.tar	3366912	34484	75758080	60356
10321	9449	AF-0000000203996335	shard_1488_batch_1.tar	3098112	75156	306631680	371969
10322	9586	AF-0000000205004682	shard_1447_batch_0.tar	57208832	60192	124328960	239380
10322	9937	AF-0000000211643720	shard_1609_batch_1.tar	58264576	110290	559595008	846500
10328	9877	AF-0000000204875846	shard_1635_batch_0.tar	54276608	116363	726270976	918561
10330	9720	AF-0000000203552122	shard_1436_batch_0.tar	22740992	55677	133918208	193395
10330	9992	AF-0000000203552128	shard_1422_batch_0.tar	25856000	48574	91002880	140261
10346	9912	AF-0000000204968911	shard_1505_batch_0.tar	61711360	80452	261682688	426680
10350	9158	AF-0000000204956784	shard_1437_batch_0.tar	51076608	56618	257583104	193736
10350	9420	AF-0000000204956949	shard_1559_batch_1.tar	35423232	93759	192571392	605278
10354	9154	AF-0000000205055820	shard_1491_batch_1.tar	61826560	74101	332278272	369527
10354	9765	AF-0000000205055585	shard_1571_batch_1.tar	60029952	99589	797019648	664047
10356	9046	AF-0000000204923633	shard_1463_batch_0.tar	26201088	66710	397706752	261618
10356	9587	AF-0000000204923664	shard_1655_batch_1.tar	24126976	123680	364455936	986991
10356	9780	AF-0000000204923666	shard_1467_batch_0.tar	67689984	67806	149505536	297433
10358	9865	AF-0000000204957693	shard_1561_batch_1.tar	35482624	95301	376955392	610763
10359	9053	AF-0000000204975556	shard_1417_batch_0.tar	5259776	45594	201390080	122260
10359	9454	AF-0000000204975515	shard_1453_batch_0.tar	30066688	63125	125718016	252773
10359	9854	AF-0000000204975522	shard_1433_batch_0.tar	30231040	54842	136471552	188442
10360	9382	AF-0000000203671210	shard_1488_batch_0.tar	2402816	74518	336812544	322032
10367	9247	AF-0000000204905988	shard_1687_batch_1.tar	128527360	131663	1131411968	1197899
10372	9630	AF-0000000204417616	shard_1452_batch_1.tar	54034432	62239	357106688	246659
10374	9977	AF-0000000204876009	shard_1481_batch_0.tar	17012224	72183	317995008	346373
10377	9382	AF-0000000203662769	shard_1562_batch_0.tar	28099584	96948	308533760	621366
10377	9851	AF-0000000203662706	shard_1756_batch_0.tar	17838080	153093	1787320832	1642962
10387	9080	AF-0000000203905000	shard_1574_batch_1.tar	17809920	101427	193823232	662336
10387	9274	AF-0000000203904919	shard_1772_batch_1.tar	13280768	161306	552408064	1745970
10387	9782	AF-0000000203904917	shard_1544_batch_1.tar	47491584	92715	297271296	551412
10389	9272	AF-0000000204755268	shard_1661_batch_0.tar	87076352	124012	1014678528	1052788
10389	9929	AF-0000000204755263	shard_1833_batch_0.tar	96632320	182915	1962226688	2307594
10389	9973	AF-0000000204755297	shard_1663_batch_0.tar	104721408	123550	307270144	1046139
10400	9789	AF-0000000204977667	shard_1425_batch_0.tar	32905728	50654	211169792	153909
10406	9086	AF-0000000204991647	shard_1499_batch_1.tar	11050496	76352	153458176	380264
10406	9334	AF-0000000204991626	shard_1775_batch_1.tar	25021952	158490	632905728	1836808
10406	9678	AF-0000000204991630	shard_1743_batch_1.tar	95984128	146355	606524416	1513486
10406	9966	AF-0000000204991769	shard_1557_batch_1.tar	86921728	94966	503509504	617772
10410	9587	AF-0000000205002883	shard_1721_batch_1.tar	44078080	141747	414640640	1318080
10419	9559	AF-0000000204267890	shard_1726_batch_2.tar	27048960	145942	574951424	1491546
10433	9671	AF-0000000204640766	shard_1505_batch_0.tar	40588800	79411	256245248	414446
10435	9334	AF-0000000204823506	shard_1767_batch_0.tar	56887808	155362	1186015744	1715088
10435	9972	AF-0000000204823569	shard_1659_batch_0.tar	116560896	121978	630329344	1070912
10439	9313	AF-0000000204980459	shard_1733_batch_1.tar	37734400	147168	515702784	1374941
10448	9789	AF-0000000204021960	shard_1450_batch_0.tar	30732800	61090	206209536	231172
10454	9407	AF-0000000203534771	shard_1716_batch_0.tar	30882304	141681	281157632	1401375
10454	9617	AF-0000000203534752	shard_1728_batch_0.tar	30415360	141938	532269568	1384352
10457	9915	AF-0000000204951900	shard_1739_batch_1.tar	60263424	145867	912941568	1440095
10458	9234	AF-0000000204951980	shard_1693_batch_1.tar	75624448	133638	706172416	1285953
10463	9854	AF-0000000205002128	shard_1563_batch_1.tar	71596032	93250	526156800	629415
10465	9158	AF-0000000204907602	shard_1479_batch_0.tar	34650624	70621	324045824	352233
10479	9822	AF-0000000203677268	shard_1760_batch_0.tar	42938368	154396	1059168256	1668665
10491	9457	AF-0000000204993677	shard_1753_batch_1.tar	36085248	149644	713076736	1571732
10505	9978	AF-0000000204907781	shard_1531_batch_0.tar	45739008	88558	324000768	497798
10508	9082	AF-0000000204962230	shard_1507_batch_0.tar	24462848	78482	535681536	442010
10508	9832	AF-0000000204962197	shard_1477_batch_0.tar	23541248	68493	456201216	329087
10509	9005	AF-0000000205030302	shard_1547_batch_1.tar	72546816	91982	643832832	575978
10509	9160	AF-0000000205030286	shard_1481_batch_1.tar	28153856	71328	175533056	346679
10515	9992	AF-0000000203781562	shard_1870_batch_1.tar	57092096	202089	1480707072	2924458
10518	9424	AF-0000000211621503	shard_1741_batch_1.tar	115690496	145258	731323904	1468659
10528	9587	AF-0000000204733441	shard_1877_batch_0.tar	117164544	206409	1185858560	2783771
10533	9237	AF-0000000204255344	shard_1253_batch_0.tar	112968704	225253	3312349696	3637324
10539	9329	AF-0000000203614289	shard_1804_batch_0.tar	68943360	169512	652228608	2027383
10547	9176	AF-0000000203980035	shard_1520_batch_1.tar	17874432	86393	615219200	490614
10556	9591	AF-0000000204847998	shard_1545_batch_0.tar	46261760	90997	557809152	575428
10557	9708	AF-0000000204893143	shard_1467_batch_0.tar	3141632	66325	212580864	289358
10566	9966	AF-0000000205010277	shard_1497_batch_1.tar	46750208	78081	245666304	405738
10573	9569	AF-0000000203944896	shard_1852_batch_1.tar	161472000	191974	1516589568	2733460
10579	9405	AF-0000000204996956	shard_1811_batch_1.tar	124126720	176467	1193051136	2179211
10579	9646	AF-0000000204996961	shard_1303_batch_1.tar	145852416	279799	555784704	5454325
10589	9320	AF-0000000204918340	shard_1871_batch_1.tar	38280192	204709	2914861056	2963131
10589	9329	AF-0000000204918319	shard_1231_batch_1.tar	75396096	216262	3332694016	3193513
10594	9029	AF-0000000203959645	shard_1824_batch_1.tar	155140608	173931	1459633152	2138877
10594	9448	AF-0000000203959757	shard_1870_batch_1.tar	153719296	197957	2520008704	2714006
10594	9529	AF-0000000203959740	shard_1708_batch_1.tar	72022016	135244	574256640	1212028
10612	9843	AF-0000000203999131	shard_1686_batch_1.tar	27331072	133032	889499648	1257279
10613	9407	AF-0000000205006363	shard_1721_batch_1.tar	125455872	141558	1470146560	1422975
10614	9162	AF-0000000204927129	shard_1639_batch_1.tar	94713856	116622	512129536	931713
10614	9979	AF-0000000204927124	shard_1653_batch_1.tar	82652160	120016	266482688	1030726
10615	9781	AF-0000000204969777	shard_1535_batch_0.tar	1164288	82965	263601664	504829
10615	9943	AF-0000000204969775	shard_1535_batch_0.tar	53436928	85205	335209984	503409
10628	9441	AF-0000000205052005	shard_1843_batch_1.tar	164672000	183371	360756736	2262670
10630	9112	AF-0000000205000810	shard_1557_batch_1.tar	52434432	96206	322727936	580640
10634	9027	AF-0000000204243826	shard_1584_batch_2.tar	47504384	98770	166959104	740954
10634	9368	AF-0000000204243937	shard_1798_batch_2.tar	15932416	165542	1099885568	1987000
10634	9587	AF-0000000204243767	shard_1786_batch_2.tar	42627584	164631	636269056	1823173
10641	9758	AF-0000000204913281	shard_1691_batch_1.tar	95028224	128723	471296000	1161984
10646	9147	AF-0000000205037314	shard_1793_batch_1.tar	40902656	164544	1713887744	1885862
10646	9469	AF-0000000205037296	shard_1311_batch_1.tar	149973504	283251	6261287424	5309361
10647	9414	AF-0000000204959017	shard_1565_batch_0.tar	29507072	94847	289655808	659245
10647	9453	AF-0000000204958984	shard_1637_batch_1.tar	109344768	116546	610728448	956452
10647	9718	AF-0000000204959078	shard_1645_batch_1.tar	94808064	118862	1014139904	948824
10647	9719	AF-0000000204959044	shard_1651_batch_1.tar	15080960	120164	726733824	1001077
10663	9112	AF-0000000204902511	shard_1547_batch_0.tar	74300928	92518	658247168	575227
10668	9666	AF-0000000204924811	shard_1733_batch_1.tar	115244544	144792	1158708224	1474759
10668	9865	AF-0000000204924763	shard_1617_batch_1.tar	53773312	110921	364945920	813912
10692	9006	AF-0000000204885058	shard_1553_batch_0.tar	46049792	90860	594117632	587000
10692	9441	AF-0000000204885134	shard_1851_batch_1.tar	2867712	185958	1387780096	2334494
10692	9863	AF-0000000204885101	shard_1669_batch_0.tar	104157184	123232	682083840	1076439
10696	9572	AF-0000000211625997	shard_1521_batch_0.tar	22248960	83144	168828416	476708
10696	9758	AF-0000000211640043	shard_1763_batch_0.tar	125795328	150933	503623680	1681244
10701	9896	AF-0000000205035988	shard_1591_batch_1.tar	60375552	102816	701079040	732693
10702	9789	AF-0000000204920993	shard_1621_batch_0.tar	36381184	112993	983216640	879199
10703	9031	AF-0000000204100322	shard_1556_batch_1.tar	25332224	90467	688188928	612678
10703	9052	AF-0000000204100387	shard_1624_batch_1.tar	107187200	109456	532372480	852572
10703	9698	AF-0000000204100385	shard_1554_batch_1.tar	37944832	89334	625154048	585588
10705	9126	AF-0000000204387392	shard_1602_batch_2.tar	33202688	105172	484526592	774960
10705	9176	AF-0000000204387592	shard_1496_batch_1.tar	19007488	76487	411095552	412265
10711	9442	AF-0000000211621541	shard_1299_batch_0.tar	137313280	274925	4653459968	5384811
10734	9193	AF-0000000204865781	shard_1713_batch_0.tar	133632512	137438	912077312	1328463
10734	9246	AF-0000000211620169	shard_1725_batch_1.tar	115845632	143829	435612672	1437366
10736	9454	AF-0000000204973867	shard_1527_batch_0.tar	76538880	86108	466590208	497246
10744	9400	AF-0000000204970618	shard_1707_batch_1.tar	72441856	132728	306701824	1214329
10754	9905	AF-0000000204241648	shard_1820_batch_2.tar	354304	178086	754629632	2266928
10755	9613	AF-0000000204887633	shard_1747_batch_1.tar	128039936	148069	480208896	1530682
10755	9720	AF-0000000204887612	shard_1737_batch_1.tar	93824000	145678	1672251392	1476226
10755	9992	AF-0000000204887630	shard_1717_batch_1.tar	93072384	138504	273310720	1307717
10756	9151	AF-0000000204899987	shard_1777_batch_1.tar	27162624	157076	938966528	1850676
10763	9320	AF-0000000204915534	shard_1841_batch_1.tar	3681280	185807	1904088576	2542841
10770	9893	AF-0000000205024946	shard_1809_batch_1.tar	12016640	170747	1251846656	2068731
10780	9591	AF-0000000204848056	shard_1557_batch_0.tar	82517504	92792	536987648	604837
10780	9890	AF-0000000204848069	shard_1557_batch_0.tar	46547456	92797	628439552	601510
10783	9332	AF-0000000204919094	shard_1253_batch_1.tar	1148416	229334	2748139520	3895379
10787	9816	AF-0000000204960337	shard_1625_batch_1.tar	10478592	109963	920378368	888823
10789	9741	AF-0000000204924821	shard_1845_batch_1.tar	61746688	187776	2012888576	2677273
10791	9467	AF-0000000204311329	shard_1630_batch_2.tar	35379200	116406	235641344	973633
10797	9741	AF-0000000205016700	shard_1839_batch_1.tar	5530624	184691	630784000	2582938
10798	9741	AF-0000000205003637	shard_1843_batch_1.tar	40657920	186449	1593373696	2637643
10799	9915	AF-0000000204918444	shard_1741_batch_1.tar	7952384	146128	1405882368	1441406
10800	9441	AF-0000000204981729	shard_1841_batch_1.tar	109435392	183714	2718384640	2222919
10806	9053	AF-0000000204975107	shard_1421_batch_0.tar	39622144	47198	97110528	134903
10806	9894	AF-0000000204975128	shard_1425_batch_0.tar	16443904	49815	197373952	148995
10808	9451	AF-0000000211621762	shard_1424_batch_0.tar	42308608	50828	159751168	155383
10814	9830	AF-0000000205045517	shard_1647_batch_1.tar	17007104	119508	403290624	963312
10817	9223	AF-0000000204922753	shard_1487_batch_0.tar	53953536	72063	266779136	342412
10826	9100	AF-0000000204928589	shard_1557_batch_0.tar	7607296	95325	356475392	587726
10829	9188	AF-0000000204919127	shard_1545_batch_0.tar	11364864	90806	416023552	542305
10829	9352	AF-0000000204919195	shard_1693_batch_1.tar	110506496	132088	995139584	1231676
10829	9457	AF-0000000204919131	shard_1753_batch_1.tar	94329344	149501	786596352	1580201
10829	9570	AF-0000000204919118	shard_1777_batch_1.tar	119536128	158829	1064388096	1861330
10838	9127	AF-0000000205029388	shard_1517_batch_1.tar	7037952	82965	406096384	441713
10838	9188	AF-0000000205029341	shard_1407_batch_0.tar	2701824	34733	107369472	51691
10842	9158	AF-0000000204518817	shard_1420_batch_2.tar	15960064	47227	102020608	133928
10844	9515	AF-0000000204742148	shard_1749_batch_0.tar	34880000	149275	880231936	1501140
10846	9008	AF-0000000204879368	shard_1505_batch_0.tar	42272768	78988	497171968	404373
10846	9052	AF-0000000204879482	shard_1461_batch_0.tar	65189376	65946	383640064	284639
10849	9062	AF-0000000204899345	shard_1435_batch_0.tar	50629632	56959	149529088	190140
10851	9052	AF-0000000204894403	shard_1461_batch_0.tar	4935680	65743	372933632	285556
10859	9218	AF-0000000204867568	shard_1421_batch_0.tar	41645568	47560	159249408	136897
10873	9144	AF-0000000204877666	shard_1559_batch_0.tar	7680512	97411	329779712	600328
10874	9162	AF-0000000204580470	shard_1454_batch_2.tar	16727552	63283	165060096	239489
10874	9779	AF-0000000204580539	shard_1411_batch_0.tar	30937600	40961	139458048	92198
10878	9158	AF-0000000205005567	shard_1413_batch_1.tar	30065664	41180	170541568	96695
10878	9171	AF-0000000205005523	shard_1477_batch_0.tar	69174784	70645	184321024	319390
10878	9420	AF-0000000205005663	shard_1509_batch_1.tar	6191616	78763	556225536	407504
10880	9403	AF-0000000204937781	shard_1657_batch_1.tar	36875264	123238	625780736	1061737
10891	9342	AF-0000000204876038	shard_1425_batch_0.tar	4430336	48827	158411264	149696
10892	9464	AF-0000000204966351	shard_1459_batch_0.tar	58390528	63447	384402944	281307
10893	9046	AF-0000000204956113	shard_1487_batch_0.tar	68620288	75382	357777408	347567
10893	9789	AF-0000000204956222	shard_1465_batch_0.tar	5390848	66952	143653888	278447
10895	9467	AF-0000000204966944	shard_1603_batch_1.tar	14759936	106644	438699008	845539
10902	9324	AF-0000000204998090	shard_1231_batch_1.tar	176759296	215056	2540046848	3072684
10902	9856	AF-0000000204998263	shard_1659_batch_1.tar	55691264	118726	694347264	943084
10904	9718	AF-0000000203817398	shard_1676_batch_1.tar	56829440	128657	536237056	1184431
10905	9698	AF-0000000204536436	shard_1478_batch_2.tar	31596032	71805	109555712	339791
10909	9157	AF-0000000204976263	shard_1457_batch_0.tar	31096832	64195	278624768	248523
10909	9365	AF-0000000204976189	shard_1559_batch_1.tar	5842944	94155	743255552	554618
10909	9407	AF-0000000204976021	shard_1631_batch_1.tar	10958336	116012	994405888	930123
10909	9481	AF-0000000204976112	shard_1549_batch_1.tar	56168960	91557	427815424	551637
10909	9529	AF-0000000204976185	shard_1433_batch_0.tar	45044224	55390	140266496	179556
10909	9784	AF-0000000204976005	shard_1493_batch_0.tar	53533184	76299	478460928	382715
10909	9998	AF-0000000204976060	shard_1671_batch_1.tar	123976704	126434	792728064	1074781
10910	9171	AF-0000000204947719	shard_1573_batch_1.tar	10180096	99916	712484864	692653
10910	9670	AF-0000000204947666	shard_1479_batch_0.tar	11964416	72358	211164672	354080
10919	9629	AF-0000000204320739	shard_1676_batch_2.tar	61099008	126641	165624320	1124433
10919	9900	AF-0000000204320566	shard_1436_batch_1.tar	43498496	54639	123637760	176103
10927	9629	AF-0000000205014435	shard_1705_batch_1.tar	67231232	137166	720448512	1302277
10929	9715	AF-0000000205023600	shard_1417_batch_1.tar	43861504	44064	109479936	114614
10930	9629	AF-0000000204970644	shard_1705_batch_1.tar	76096000	137499	1087164416	1292940
10933	9236	AF-0000000205050165	shard_1253_batch_1.tar	216406016	229120	546602496	3881225
10934	9221	AF-0000000204921828	shard_1463_batch_0.tar	43235840	64801	267273728	265867
10934	9630	AF-0000000204921807	shard_1467_batch_0.tar	60870144	66296	166047744	282709
10941	9332	AF-0000000211621377	shard_1233_batch_0.tar	179156480	213622	936541184	3364064
10942	9465	AF-0000000203808751	shard_1694_batch_1.tar	84345344	134022	592934912	1285366
10944	9668	AF-0000000204924458	shard_1505_batch_0.tar	77587456	82149	445186048	432638
10945	9022	AF-0000000203842143	shard_1560_batch_0.tar	18816512	96500	690262528	611689
10945	9685	AF-0000000203842229	shard_1418_batch_0.tar	2554368	44921	202015232	124854
10954	9973	AF-0000000204431599	shard_1470_batch_2.tar	15140352	66396	112134144	289923
10961	9457	AF-0000000204949747	shard_1753_batch_1.tar	82386432	149555	485532160	1562091
10961	9570	AF-0000000204949732	shard_1775_batch_1.tar	14523904	159231	1238103552	1839310
10964	9451	AF-0000000203732344	shard_1266_batch_0.tar	168437248	249054	880348160	3898945
10964	9843	AF-0000000203732298	shard_1286_batch_0.tar	210066944	267637	2960811008	4700278
10972	9076	AF-0000000203722011	shard_1744_batch_0.tar	90217984	147863	913340928	1635720
10972	9329	AF-0000000203721956	shard_1878_batch_0.tar	121232896	206255	2991760896	2931769
10978	9915	AF-0000000204903994	shard_1739_batch_1.tar	141882368	145969	1020851200	1435947
10982	9760	AF-0000000204799099	shard_1867_batch_1.tar	43670016	202198	1488119808	2833353
10987	9631	AF-0000000204946007	shard_1757_batch_1.tar	28906496	151502	1116454912	1573947
10991	9630	AF-0000000204062482	shard_1530_batch_1.tar	7760384	87421	289753600	513700
10991	9729	AF-0000000204062448	shard_1566_batch_1.tar	6941696	98947	327317504	660142
10993	9973	AF-0000000203510985	shard_1654_batch_0.tar	93031424	122909	816049152	1033153
10995	9758	AF-0000000203994677	shard_1764_batch_1.tar	131828224	153157	1601128960	1689716
10995	9896	AF-0000000203994639	shard_1534_batch_1.tar	21504512	89040	279860736	523542
11002	9054	AF-0000000203733432	shard_1842_batch_0.tar	15486464	188395	1675725824	2443701
11002	9275	AF-0000000203733426	shard_1876_batch_0.tar	37045248	206208	2794738688	2994011
11002	9464	AF-0000000203733472	shard_1842_batch_0.tar	46264320	187245	2709273600	2438722
11002	9843	AF-0000000203733425	shard_1876_batch_0.tar	37252096	207030	2541096960	3001730
11028	9448	AF-0000000204883719	shard_1857_batch_1.tar	104644096	191426	2285906432	2771677
11028	9926	AF-0000000204883727	shard_1783_batch_1.tar	147529728	159366	1664422400	1894910
11031	9952	AF-0000000204794123	shard_1771_batch_0.tar	38146048	157522	411246592	1724668
11035	9782	AF-0000000204003978	shard_1672_batch_1.tar	121870336	127253	551775232	1047364
11050	9052	AF-0000000204910010	shard_1747_batch_1.tar	63995904	147683	1283198976	1641070
11050	9335	AF-0000000204909882	shard_1843_batch_1.tar	78362112	181660	993837568	2596991
11050	9448	AF-0000000204910032	shard_1855_batch_1.tar	190345216	190778	1380507136	2771899
11050	9926	AF-0000000204910042	shard_1781_batch_1.tar	117400576	158112	1759984128	1878976
11054	9789	AF-0000000205009456	shard_1557_batch_1.tar	53389824	95153	374500352	585901
11077	9332	AF-0000000205059607	shard_1253_batch_1.tar	13487104	227293	2289853952	3882183
11080	9160	AF-0000000203845265	shard_1420_batch_0.tar	23119360	46814	147909632	138744
11080	9685	AF-0000000204964789	shard_1422_batch_0.tar	5338112	47056	168991232	138753
11080	9868	AF-0000000203845382	shard_1548_batch_0.tar	63966208	90958	584221184	545894
11081	9085	AF-0000000204881735	shard_1530_batch_0.tar	39287296	86907	473394176	522024
11081	9924	AF-0000000204978984	shard_1454_batch_0.tar	7364608	62469	208486912	261016
11083	9978	AF-0000000204948178	shard_1531_batch_0.tar	38689792	88674	323503104	496977
11091	9562	AF-0000000204882318	shard_1851_batch_1.tar	13893632	196561	1706674176	2659936
11094	9383	AF-0000000205010669	shard_1593_batch_1.tar	17646080	102477	936023552	683937
11094	9477	AF-0000000205010373	shard_1417_batch_1.tar	21310976	45835	182902784	119514
11095	9126	AF-0000000204492728	shard_1528_batch_2.tar	27747840	86163	165687296	486928
11096	9158	AF-0000000204977805	shard_1427_batch_0.tar	16589824	51934	174285824	156826
11096	9908	AF-0000000204977817	shard_1451_batch_0.tar	52883968	62078	184303616	250991
11110	9243	AF-0000000211619975	shard_1634_batch_0.tar	21070848	117535	964222464	943172
11117	9389	AF-0000000204023890	shard_1854_batch_1.tar	149771776	194549	1763234816	2484000
11118	9815	AF-0000000204224791	shard_1873_batch_0.tar	36712448	201804	1128991232	2740677
11120	9865	AF-0000000205007716	shard_1585_batch_1.tar	89697792	101754	501406720	690667
11123	9247	AF-0000000204239034	shard_1686_batch_2.tar	59830784	131541	370511872	1192611
11129	9457	AF-0000000205049022	shard_1753_batch_1.tar	87706624	149423	1319053312	1567730
11129	9570	AF-0000000205049015	shard_1775_batch_1.tar	91254272	159003	1960337920	1835997
11132	9798	AF-0000000204992322	shard_1429_batch_0.tar	8504832	51890	213486080	156783
11135	9899	AF-0000000204616520	shard_1793_batch_0.tar	130589184	165758	2205594112	1963489
11147	9978	AF-0000000205030843	shard_1529_batch_1.tar	11421696	87685	293287936	485404
11152	9780	AF-0000000204929490	shard_1573_batch_1.tar	56739328	99596	664072192	709646
11156	9846	AF-0000000204673030	shard_1687_batch_0.tar	41707520	129803	792827392	1182886
11156	9863	AF-0000000204673081	shard_1705_batch_0.tar	35269120	136683	1325206016	1311692
11164	9583	AF-0000000204877741	shard_1625_batch_0.tar	71161856	112917	736737792	898662
11168	9332	AF-0000000204998333	shard_1281_batch_1.tar	211912192	249388	2422898176	4613217
11168	9720	AF-0000000204998311	shard_1621_batch_1.tar	45798912	110621	1037073408	875399
11170	9126	AF-0000000204229702	shard_1588_batch_1.tar	46022144	102331	384731136	686782
11170	9158	AF-0000000204229712	shard_1458_batch_1.tar	1366016	64686	221074432	275220
11175	9062	AF-0000000204916966	shard_1449_batch_0.tar	18005504	62945	161196032	243878
11182	9165	AF-0000000204156097	shard_1502_batch_1.tar	49830912	78416	466780160	401096
11186	9594	AF-0000000204926781	shard_1663_batch_1.tar	112377856	123123	524669440	1054284
11190	9682	AF-0000000204917024	shard_1409_batch_0.tar	9464320	37150	144331264	75213
11193	9112	AF-0000000204964247	shard_1721_batch_1.tar	12273152	138614	1143200768	1438183
11193	9328	AF-0000000204964288	shard_1225_batch_1.tar	196915200	208350	923104768	3142307
11193	9976	AF-0000000204964252	shard_1823_batch_1.tar	80926208	174267	1188430336	2281646
11197	9196	AF-0000000204876052	shard_1431_batch_0.tar	27895296	52258	168129536	142582
11200	9467	AF-0000000203902353	shard_1660_batch_1.tar	116207104	121878	1075352576	1112457
11203	9320	AF-0000000204995280	shard_1805_batch_1.tar	165187072	172111	1783874560	2112247
11231	9426	AF-0000000205056101	shard_1819_batch_1.tar	102715392	176384	1426256896	2225384
11234	9160	AF-0000000203837605	shard_1418_batch_0.tar	21371392	44260	206695936	124181
11234	9685	AF-0000000203837679	shard_1420_batch_0.tar	3084800	44579	162443264	133791
11234	9905	AF-0000000203837619	shard_1684_batch_1.tar	109188096	130877	824121856	1197488
11243	9741	AF-0000000204969219	shard_1839_batch_1.tar	115207680	185719	2031094784	2586706
11243	9888	AF-0000000204969220	shard_1431_batch_0.tar	9080320	52444	105564160	170502
11251	9019	AF-0000000204943824	shard_1421_batch_0.tar	34577408	47400	218276352	129663
11255	9186	AF-0000000204948270	shard_1493_batch_0.tar	55456256	76162	283031552	381044
11255	9758	AF-0000000204948343	shard_1689_batch_1.tar	83110400	128970	942906368	1157293
11271	9973	AF-0000000204432580	shard_1644_batch_2.tar	52472832	116998	273101312	920675
11272	9572	AF-0000000204713504	shard_1517_batch_0.tar	4610048	81533	486976000	437353
11278	9831	AF-0000000205020091	shard_1855_batch_1.tar	125906944	192841	1330774016	2741749
11279	9158	AF-0000000203644180	shard_1676_batch_0.tar	54705152	127520	1290415616	1073043
11287	9678	AF-0000000205040827	shard_1761_batch_1.tar	151876608	151715	1454644736	1553814
11287	9893	AF-0000000205040901	shard_1687_batch_1.tar	58068480	129412	933529088	1196465
11289	9046	AF-0000000204862591	shard_1571_batch_0.tar	73747968	100923	556475392	662902
11289	9162	AF-0000000204862605	shard_1593_batch_0.tar	17429504	104825	266167808	727119
11289	9789	AF-0000000204862656	shard_1543_batch_0.tar	38169600	92417	566088192	559082
11300	9905	AF-0000000211643659	shard_1816_batch_0.tar	21464576	175209	1351051776	2164418
11307	9629	AF-0000000204968406	shard_1705_batch_1.tar	21433856	136664	387059712	1294546
11315	9191	AF-0000000204699452	shard_1839_batch_0.tar	135444480	186527	2701522944	2394273
11315	9515	AF-0000000204699591	shard_1801_batch_0.tar	109647360	169165	1882100224	1905684
11315	9671	AF-0000000204699444	shard_1691_batch_0.tar	56838144	132228	736920576	1225837
11315	9758	AF-0000000204699481	shard_1815_batch_0.tar	12313600	171341	1097524224	2111052
11317	9071	AF-0000000205040964	shard_1641_batch_1.tar	88128000	119547	751292416	992455
11317	9140	AF-0000000205040971	shard_1587_batch_1.tar	1040384	105019	521744896	763394
11317	9725	AF-0000000205040961	shard_1635_batch_1.tar	34825728	118577	302041600	965104
11321	9046	AF-0000000204985181	shard_1457_batch_0.tar	28785152	66130	145376768	268092
11322	9061	AF-0000000205020183	shard_1513_batch_1.tar	6023168	83368	182045184	460813
11327	9381	AF-0000000204594293	shard_1877_batch_0.tar	156340736	203626	842584064	2776583
11332	9334	AF-0000000203917640	shard_1274_batch_1.tar	233928192	245940	3924920320	4314114
11343	9188	AF-0000000204878636	shard_1532_batch_0.tar	66124800	87788	401462784	483070
11356	9588	AF-0000000205029868	shard_1465_batch_1.tar	40181760	66131	221828096	295167
11358	9289	AF-0000000203954053	shard_1314_batch_1.tar	89703936	294392	3338953216	6460638
11358	9290	AF-0000000211621024	shard_1318_batch_1.tar	161078272	302180	3158085120	6794660
11358	9291	AF-0000000203954054	shard_1318_batch_1.tar	8799232	304129	1188149760	6826424
11369	9718	AF-0000000203503236	shard_1658_batch_0.tar	116883456	124171	430116864	1100061
11379	9456	AF-0000000204680241	shard_1407_batch_0.tar	8122368	33795	60077568	59502
11379	9671	AF-0000000204680208	shard_1507_batch_0.tar	25270784	80272	569707008	425031
11398	9053	AF-0000000205006467	shard_1409_batch_1.tar	26973184	36380	122832384	74373
11407	9557	AF-0000000204885283	shard_1829_batch_1.tar	177790464	180752	517849600	2185499
11407	9558	AF-0000000204885226	shard_1835_batch_1.tar	10056192	183501	2288706560	2253773
11409	9729	AF-0000000203700358	shard_1622_batch_0.tar	7336448	112841	938319360	913795
11418	9780	AF-0000000204612121	shard_1633_batch_0.tar	51963392	114280	927992320	861703
11420	9053	AF-0000000204894075	shard_1481_batch_0.tar	71056384	72516	212941824	336236
11421	9405	AF-0000000203681061	shard_1466_batch_0.tar	32657408	68268	232899072	285308
11431	9882	AF-0000000204249623	shard_1600_batch_1.tar	58861568	105682	839889920	728276
11437	9188	AF-0000000204987903	shard_1477_batch_0.tar	25751552	70602	175161344	331800
11437	9899	AF-0000000204987897	shard_1775_batch_1.tar	95201280	159265	1639291904	1782150
11444	9548	AF-0000000211625794	shard_1523_batch_0.tar	84388352	84007	307088384	476364
11444	9977	AF-0000000204864890	shard_1577_batch_0.tar	4345856	100970	572842496	714660
11445	9796	AF-0000000204827280	shard_1543_batch_0.tar	5291520	90291	581716992	534052
11472	9569	AF-0000000204658522	shard_1761_batch_0.tar	46186496	153480	1474341888	1742850
11480	9045	AF-0000000204919253	shard_1479_batch_0.tar	54093312	68760	375877120	319128
11491	9148	AF-0000000205023711	shard_1307_batch_1.tar	144473600	285085	5866472448	5601792
11491	9234	AF-0000000205023709	shard_1679_batch_1.tar	65800192	130396	599427072	1172360
11498	9796	AF-0000000205031830	shard_1473_batch_1.tar	54348288	68818	303260160	293026
11508	9782	AF-0000000204225840	shard_1444_batch_1.tar	20876800	58985	269777920	224636
11511	9054	AF-0000000203739495	shard_1576_batch_0.tar	39680000	101396	452455424	693607
11520	9100	AF-0000000204882838	shard_1557_batch_0.tar	94150144	95821	472078848	587007
11520	9154	AF-0000000204882911	shard_1635_batch_0.tar	109137920	115113	710616576	892696
11520	9215	AF-0000000204882904	shard_1659_batch_0.tar	117676032	122590	975172608	1083636
11521	9739	AF-0000000204884032	shard_1747_batch_1.tar	148658688	153563	322246656	1647615
11521	9954	AF-0000000204884026	shard_1735_batch_1.tar	64618496	147205	926114816	1505542
11528	9128	AF-0000000204937828	shard_1453_batch_0.tar	12435456	61012	152575488	233603
11528	9223	AF-0000000204937842	shard_1423_batch_0.tar	11373568	48287	158170112	134268
11528	9767	AF-0000000204937903	shard_1697_batch_1.tar	38947328	137079	1272566272	1259113
11532	9238	AF-0000000205032506	shard_1661_batch_1.tar	83405824	118106	520825344	945920
11537	9441	AF-0000000204920299	shard_1779_batch_1.tar	39229440	157776	1241118720	1678928
11540	9647	AF-0000000204949833	shard_1637_batch_1.tar	62420480	113054	966168576	822573
11541	9176	AF-0000000203992198	shard_1472_batch_0.tar	62659072	69841	330269696	322931
11541	9896	AF-0000000203992135	shard_1482_batch_1.tar	21001728	71922	447881216	322771
11543	9249	AF-0000000204947035	shard_1305_batch_1.tar	141195776	285300	1179472896	5634553
11545	9999	AF-0000000204904825	shard_1303_batch_1.tar	149199360	277884	4504552448	5718457
11550	9718	AF-0000000205032544	shard_1659_batch_1.tar	94291456	124568	338660352	1105877
11552	9692	AF-0000000211628894	shard_1670_batch_0.tar	69646848	129212	599549440	1149891
11556	9583	AF-0000000204869878	shard_1481_batch_0.tar	35097600	71635	330379776	327914
11568	9005	AF-0000000203993408	shard_1472_batch_0.tar	43443712	67958	297379840	318860
11575	9227	AF-0000000205027840	shard_1575_batch_1.tar	22502400	97715	615593984	651674
11575	9666	AF-0000000205027928	shard_1661_batch_1.tar	10496000	122687	666345984	1041342
11576	9395	AF-0000000204242086	shard_1774_batch_2.tar	46707712	159537	944991744	1762067
11577	9424	AF-0000000211621504	shard_1785_batch_1.tar	157385216	160749	1011122688	1855767
11579	9332	AF-0000000204796981	shard_1245_batch_1.tar	94869504	222791	1678107136	3723858
11579	9489	AF-0000000204796917	shard_1253_batch_1.tar	34528768	227745	2781412352	3846078
11579	9977	AF-0000000204796962	shard_1557_batch_0.tar	28211712	95781	661285376	595302
11580	9031	AF-0000000204992442	shard_1519_batch_1.tar	72444928	84394	571992064	466119
11580	9454	AF-0000000204992460	shard_1563_batch_1.tar	66366464	96013	751784448	644766
11581	9630	AF-0000000204399565	shard_1454_batch_1.tar	35520512	63381	301916160	258374
11582	9760	AF-0000000204985346	shard_1685_batch_1.tar	26233856	129186	1028833792	1181137
11590	9107	AF-0000000205008142	shard_1801_batch_1.tar	111176704	166052	2291579904	2064181
11590	9335	AF-0000000205008144	shard_1235_batch_1.tar	144116224	212554	502179840	3489002
11591	9831	AF-0000000205021345	shard_1857_batch_1.tar	163649024	191382	498459136	2775438
11597	9448	AF-0000000204942422	shard_1833_batch_1.tar	129538048	183324	598315008	2387877
11599	9033	AF-0000000204943322	shard_1589_batch_1.tar	48998912	102441	666331648	735345
11599	9741	AF-0000000204943318	shard_1263_batch_1.tar	24909824	235112	1348728832	4168897
11599	9888	AF-0000000204943321	shard_1593_batch_1.tar	37208576	103240	480755200	751016
11603	9083	AF-0000000204890281	shard_1443_batch_0.tar	9360896	58253	218159104	207519
11607	9145	AF-0000000205016261	shard_1661_batch_1.tar	10990592	123686	381087744	1050119
11610	9796	AF-0000000204878499	shard_1441_batch_0.tar	53901312	57204	225828864	199138
11612	9112	AF-0000000205030918	shard_1543_batch_1.tar	53618688	92513	533619200	519849
11615	9112	AF-0000000203551643	shard_1798_batch_0.tar	27951616	167707	1862113792	1971899
11615	9329	AF-0000000203551648	shard_1258_batch_0.tar	58718720	234152	3342431744	3739728
11619	9053	AF-0000000204591640	shard_1411_batch_0.tar	962560	40359	163335168	88305
11619	9452	AF-0000000204591594	shard_1409_batch_0.tar	6036992	36741	70538752	65220
11619	9894	AF-0000000204591711	shard_1413_batch_0.tar	39155200	42418	131862016	102188
11620	9830	AF-0000000204927270	shard_1487_batch_0.tar	12459520	72881	160832000	350190
11628	9320	AF-0000000204921040	shard_1767_batch_1.tar	146611712	157855	392245248	1781594
11628	9832	AF-0000000204921021	shard_1435_batch_0.tar	18848256	53960	202904064	189237
11639	9053	AF-0000000204931197	shard_1439_batch_0.tar	22964224	55870	228626432	206543
11639	9630	AF-0000000204931202	shard_1473_batch_0.tar	50795008	68326	189704704	314093
11640	9247	AF-0000000204873191	shard_1689_batch_0.tar	40364032	132011	598146560	1184793
11648	9158	AF-0000000204944762	shard_1429_batch_0.tar	17581568	51752	247797760	170846
11650	9758	AF-0000000204935806	shard_1783_batch_1.tar	54296064	159886	794869760	1817489
11651	9081	AF-0000000205001419	shard_1641_batch_1.tar	58152448	117878	716009472	944967
11651	9806	AF-0000000205001406	shard_1665_batch_1.tar	52706304	123451	693960704	1089681
11653	9606	AF-0000000204987527	shard_1657_batch_1.tar	77492224	122968	536619008	1041239
11659	9086	AF-0000000204919269	shard_1487_batch_0.tar	66169344	73699	266439680	338850
11659	9340	AF-0000000204919300	shard_1855_batch_1.tar	35338752	191037	2694530048	2544589
11659	9466	AF-0000000204919272	shard_1835_batch_1.tar	66388992	185506	2635139584	2449624
11666	9428	AF-0000000203953108	shard_1852_batch_1.tar	56548352	189003	2716324864	2667702
11666	9608	AF-0000000203953107	shard_1854_batch_1.tar	13586944	189123	2156628480	2608941
11667	9583	AF-0000000204971440	shard_1481_batch_0.tar	9654784	71590	407191552	327554
11680	9782	AF-0000000204983416	shard_1415_batch_0.tar	43220992	42805	115830784	108053
11683	9160	AF-0000000203838246	shard_1422_batch_0.tar	32970752	46354	192774144	136064
11687	9112	AF-0000000204910275	shard_1677_batch_1.tar	8791040	128241	598664192	1126946
11687	9329	AF-0000000204910292	shard_1859_batch_1.tar	64367616	195268	891969024	2685126
11687	9387	AF-0000000204910394	shard_1261_batch_1.tar	158012416	238646	1194586112	4013306
11687	9865	AF-0000000204910284	shard_1561_batch_0.tar	77327872	96170	621064704	620944
11687	9976	AF-0000000204910297	shard_1789_batch_1.tar	87965696	164021	2128670208	1946551
11689	9741	AF-0000000205013930	shard_1839_batch_1.tar	51594752	185232	2469656576	2587562
11691	9420	AF-0000000204934560	shard_1549_batch_0.tar	92160	90977	214029824	549175
11696	9061	AF-0000000204597426	shard_1506_batch_2.tar	20787200	81143	205592064	450838
11696	9332	AF-0000000204597457	shard_1235_batch_0.tar	84047872	216366	686254592	3450436
11697	9332	AF-0000000204923167	shard_1255_batch_1.tar	38121472	228631	872401920	3902307
11700	9457	AF-0000000204900514	shard_1567_batch_0.tar	45643264	96572	533356032	632575
11704	9005	AF-0000000203996720	shard_1520_batch_1.tar	77748224	84003	314129408	495284
11704	9758	AF-0000000203996764	shard_1730_batch_1.tar	94352384	141282	970759168	1405812
11704	9761	AF-0000000203996828	shard_1686_batch_1.tar	658432	132193	1248220672	1187998
11704	9836	AF-0000000203996805	shard_1596_batch_1.tar	73018368	104300	208076288	777862
11705	9065	AF-0000000204946025	shard_1629_batch_1.tar	66398720	114226	965833728	846697
11722	9364	AF-0000000204878766	shard_1627_batch_0.tar	43740160	116544	822833152	939374
11731	9452	AF-0000000204997108	shard_1413_batch_1.tar	2767360	41326	96931328	98534
11732	9080	AF-0000000203624314	shard_1586_batch_0.tar	91237376	104298	561849344	687408
11732	9782	AF-0000000203624273	shard_1556_batch_0.tar	35245056	96056	471775232	601037
11735	9759	AF-0000000204916009	shard_1553_batch_0.tar	79532544	95459	428884480	579825
11735	9854	AF-0000000204915993	shard_1499_batch_0.tar	18522624	78184	456066560	401851
11736	9033	AF-0000000205021401	shard_1427_batch_0.tar	37459968	50496	105960448	158810
11736	9741	AF-0000000205021399	shard_1837_batch_1.tar	109010432	183938	1251633152	2570434
11736	9888	AF-0000000205021400	shard_1429_batch_0.tar	20145152	50948	182264832	163207
11739	9332	AF-0000000204989805	shard_1235_batch_1.tar	30545920	214993	2499605504	3465925
11739	9489	AF-0000000204989730	shard_1243_batch_1.tar	181192192	220028	546871296	3591773
11739	9548	AF-0000000211625804	shard_1481_batch_1.tar	67451392	70852	350585344	359968
11739	9977	AF-0000000204989785	shard_1531_batch_1.tar	84843008	87186	569277440	524048
11746	9865	AF-0000000203474064	shard_1560_batch_0.tar	41022464	94815	794357760	605824
11748	9973	AF-0000000204626656	shard_1515_batch_0.tar	42111488	81147	337416192	446347
11752	9080	AF-0000000205028464	shard_1673_batch_1.tar	74114048	128896	467941376	1112536
11753	9606	AF-0000000204962951	shard_1665_batch_1.tar	94161920	125005	1293877760	1075394
11755	9865	AF-0000000203473891	shard_1560_batch_0.tar	57167360	94788	477117952	602541
11758	9223	AF-0000000204949863	shard_1427_batch_0.tar	29392896	51608	108345856	151541
11759	9579	AF-0000000204629637	shard_1237_batch_0.tar	79676928	219665	1447991296	3526857
11760	9619	AF-0000000204814077	shard_1603_batch_0.tar	102282752	106726	845026816	802586
11762	9877	AF-0000000204996169	shard_1651_batch_1.tar	98807296	119768	861426688	997939
11768	9062	AF-0000000204957953	shard_1533_batch_0.tar	54778368	89127	210834944	526067
11768	9893	AF-0000000204957952	shard_1673_batch_1.tar	19950592	124623	1058476032	1103397
11773	9219	AF-0000000203991086	shard_1794_batch_1.tar	17616384	163518	1968964608	1788149
11774	9865	AF-0000000203925365	shard_1782_batch_1.tar	101824000	161194	1779490816	1732089
11778	9046	AF-0000000204945293	shard_1471_batch_0.tar	27285504	69303	182920192	292172
11786	9227	AF-0000000204980832	shard_1585_batch_1.tar	2900480	100621	664343040	669704
11790	9451	AF-0000000203793367	shard_1820_batch_1.tar	158013440	175836	1609118208	2188176
11793	9761	AF-0000000204950846	shard_1763_batch_1.tar	103037952	155333	936137216	1792395
11797	9407	AF-0000000203589326	shard_1798_batch_0.tar	81692160	169555	445233152	1972163
11801	9185	AF-0000000205005296	shard_1533_batch_1.tar	86945792	87499	331728384	536887
11801	9963	AF-0000000205005351	shard_1673_batch_1.tar	50396160	129471	386757120	1139412
11809	9258	AF-0000000203482379	shard_1622_batch_0.tar	75730944	113038	315815936	911168
11815	9272	AF-0000000204432710	shard_1532_batch_2.tar	41009152	88366	257372160	510973
11816	9235	AF-0000000204969316	shard_1741_batch_1.tar	97561088	142791	670419968	1473979
11819	9033	AF-0000000204882963	shard_1587_batch_0.tar	8474112	102622	573823488	727329
11819	9741	AF-0000000204882956	shard_1261_batch_1.tar	204409856	234185	3594868224	4143102
11819	9888	AF-0000000204882962	shard_1591_batch_0.tar	46284288	103302	930262528	743151
11823	9629	AF-0000000204917749	shard_1879_batch_1.tar	98840064	204917	1547998720	3075651
11823	9852	AF-0000000204917701	shard_1707_batch_1.tar	106183168	137801	567854080	1311558
11826	9515	AF-0000000204444582	shard_1680_batch_2.tar	38942720	128769	448717312	1074140
11830	9203	AF-0000000204919696	shard_1561_batch_0.tar	51182592	95513	717757440	632586
11830	9998	AF-0000000204919694	shard_1747_batch_1.tar	6299648	148891	739353600	1508758
11832	9272	AF-0000000211620926	shard_1454_batch_1.tar	49254912	62802	204825600	244232
11832	9973	AF-0000000211643822	shard_1454_batch_1.tar	29965824	62500	184875008	239158
11836	9046	AF-0000000203663985	shard_1628_batch_0.tar	32600576	115837	966182400	850899
11836	9789	AF-0000000203664059	shard_1600_batch_0.tar	53974016	107064	641201664	766352
11840	9158	AF-0000000205024244	shard_1529_batch_1.tar	61314560	87287	218371584	530962
11841	9251	AF-0000000203498568	shard_1862_batch_0.tar	181937664	194907	2449337856	2704100
11843	9698	AF-0000000204962470	shard_1565_batch_1.tar	37009920	97262	654245376	656731
11844	9083	AF-0000000204783526	shard_1453_batch_0.tar	5452288	62950	136913920	256686
11845	9329	AF-0000000204986277	shard_1799_batch_1.tar	139844608	167865	618448384	1911814
11852	9253	AF-0000000205009944	shard_1705_batch_1.tar	12135936	138594	1387715584	1324034
11852	9933	AF-0000000205009941	shard_1537_batch_1.tar	87568896	91227	348031488	550342
11854	9112	AF-0000000204936335	shard_1555_batch_0.tar	87245312	94677	651798528	557976
11856	9158	AF-0000000203955649	shard_1630_batch_1.tar	71128064	117190	867784704	924384
11866	9154	AF-0000000204307360	shard_1530_batch_1.tar	10148864	87703	598444544	513097
11866	9420	AF-0000000204307265	shard_1558_batch_1.tar	39049728	93997	681314304	606967
11876	9227	AF-0000000204124941	shard_1532_batch_1.tar	86032384	89374	262789632	518853
11889	9633	AF-0000000205016493	shard_1845_batch_1.tar	3934208	186168	1608320512	2506272
11903	9586	AF-0000000205012639	shard_1447_batch_0.tar	37732352	60330	181769728	240476
11903	9937	AF-0000000211643729	shard_1611_batch_1.tar	63917568	110405	515019776	853120
11917	9571	AF-0000000204874133	shard_1735_batch_1.tar	115279360	146854	1525433344	1494074
11919	9407	AF-0000000204894464	shard_1825_batch_1.tar	159876096	179228	2559795200	2236657
11919	9714	AF-0000000204894456	shard_1869_batch_1.tar	174055936	196806	2130876928	2628138
11928	9760	AF-0000000204073522	shard_1856_batch_2.tar	29925376	197640	1296092672	2579601
11929	9753	AF-0000000211640041	shard_1666_batch_1.tar	17116160	126040	1066449408	1054720
11935	9865	AF-0000000203925361	shard_1796_batch_1.tar	90995712	168163	1386188800	1879787
11941	9971	AF-0000000211643818	shard_1698_batch_2.tar	56516096	134356	733311488	1247401
11943	9868	AF-0000000203857449	shard_1712_batch_1.tar	110568960	137214	382850048	1292122
11953	9158	AF-0000000204559284	shard_1492_batch_2.tar	28426240	76027	91631616	386409
11955	9363	AF-0000000204602209	shard_1685_batch_0.tar	79245824	129941	1071120896	1176356
11955	9722	AF-0000000204602195	shard_1643_batch_0.tar	25011712	118358	1116463104	976977
11962	9227	AF-0000000204271998	shard_1574_batch_1.tar	18306048	99177	581216768	643557
11962	9973	AF-0000000204272096	shard_1542_batch_1.tar	64621056	90218	599630336	550164
11964	9272	AF-0000000204694649	shard_1705_batch_0.tar	131906560	134195	786171392	1319855
11966	9128	AF-0000000205003064	shard_1453_batch_0.tar	39686656	60990	290058240	233063
11966	9223	AF-0000000205003092	shard_1423_batch_1.tar	5220864	48229	109822464	134789
11966	9767	AF-0000000205003176	shard_1697_batch_1.tar	84451328	137604	593175040	1248305
11967	9165	AF-0000000204900038	shard_1483_batch_0.tar	42186240	72435	287686144	353591
11968	9789	AF-0000000205047024	shard_1513_batch_1.tar	15114752	81804	191630848	450656
11970	9848	AF-0000000204854502	shard_1669_batch_0.tar	52604928	125554	1285720064	1077615
11972	9045	AF-0000000204997200	shard_1485_batch_0.tar	43184128	70702	381628928	336948
11977	9003	AF-0000000204879663	shard_1421_batch_0.tar	8459776	46828	99159040	130280
11977	9223	AF-0000000204879648	shard_1423_batch_0.tar	27555840	48258	228865024	127935
11979	9998	AF-0000000204868239	shard_1713_batch_0.tar	96996864	139279	1511444992	1288916
11980	9022	AF-0000000204958045	shard_1719_batch_1.tar	128527872	140108	872987648	1383139
11987	9407	AF-0000000205046769	shard_1847_batch_1.tar	169712128	187248	1285639680	2459215
11993	9900	AF-0000000205047492	shard_1573_batch_1.tar	12372480	98865	476631040	654440
12001	9327	AF-0000000211621369	shard_1787_batch_1.tar	160269312	163064	1083838464	1928793
12007	9916	AF-0000000203659288	shard_1714_batch_0.tar	133426688	137635	724214272	1381004
12008	9760	AF-0000000203677521	shard_1748_batch_0.tar	72176640	153073	1217559040	1564409
12015	9629	AF-0000000204952596	shard_1703_batch_1.tar	133725696	136079	990515200	1288979
12037	9580	AF-0000000205012182	shard_1769_batch_1.tar	117388288	158223	1231654912	1605235
12037	9586	AF-0000000205012195	shard_1507_batch_1.tar	11932672	82332	578228736	414228
12044	9272	AF-0000000204010580	shard_1614_batch_1.tar	101457408	108558	627451392	838773
12049	9283	AF-0000000204590203	shard_1681_batch_0.tar	127305728	127989	531004416	1222357
12061	9814	AF-0000000204714421	shard_1887_batch_0.tar	159084544	205014	3004903936	2937229
12062	9268	AF-0000000211620920	shard_1703_batch_1.tar	105290752	138136	538493952	1291806
12062	9726	AF-0000000204901733	shard_1811_batch_1.tar	11915264	173102	2189746688	2107018
12070	9718	AF-0000000204107644	shard_1652_batch_1.tar	21134336	121691	1039874048	1055822
12070	9719	AF-0000000204107634	shard_1656_batch_1.tar	36964352	123261	693882368	1079012
12071	9719	AF-0000000204107587	shard_1656_batch_1.tar	38179328	123023	445127168	1084751
12075	9149	AF-0000000204109152	shard_1572_batch_1.tar	48780288	100792	692800000	656326
12081	9117	AF-0000000203943217	shard_1874_batch_1.tar	142831616	201862	3046853120	2984555
12083	9329	AF-0000000205010044	shard_1235_batch_1.tar	150629888	216469	838230016	3365756
12088	9439	AF-0000000211621518	shard_1550_batch_0.tar	5245440	92447	407884800	595706
12094	9587	AF-0000000204038421	shard_1652_batch_1.tar	69672960	123596	856179712	996387
12095	9334	AF-0000000211621379	shard_1286_batch_1.tar	156182528	255649	1675129344	4905336
12100	9329	AF-0000000204761798	shard_1307_batch_0.tar	71106560	281263	5955509760	5680665
12113	9053	AF-0000000204913800	shard_1415_batch_0.tar	21484032	43370	166800896	109900
12113	9452	AF-0000000204913772	shard_1411_batch_0.tar	6844928	40290	82471936	89008
12118	9979	AF-0000000204345154	shard_1472_batch_1.tar	28796416	69504	135990784	327236
12126	9774	AF-0000000204884399	shard_1525_batch_0.tar	35532800	85562	238857216	489401
12126	9815	AF-0000000204884377	shard_1699_batch_1.tar	91945984	135727	1164573696	1271032
12127	9438	AF-0000000204900080	shard_1305_batch_1.tar	139791872	278733	1890050560	5326242
12147	9022	AF-0000000211587494	shard_1880_batch_2.tar	27210240	200637	1443698688	2848695
12172	9267	AF-0000000211620918	shard_1734_batch_2.tar	16996352	142953	520934912	1357662
12175	9639	AF-0000000203564395	shard_1298_batch_0.tar	41787392	271165	2252649984	5248650
12178	9774	AF-0000000204594137	shard_1645_batch_0.tar	109150208	116834	299162112	973811
12189	9168	AF-0000000203849960	shard_1846_batch_1.tar	32157696	191003	1633100800	2581974
12189	9202	AF-0000000211606559	shard_1848_batch_1.tar	64580608	191562	1681779200	2586406
12189	9320	AF-0000000203850011	shard_1260_batch_1.tar	91964928	238956	869105664	4105809
12189	9926	AF-0000000203850167	shard_1814_batch_1.tar	60803584	175665	1518656000	2220414
12189	9999	AF-0000000203849973	shard_1294_batch_1.tar	144272896	267708	4635705344	5334610
12191	9366	AF-0000000204030475	shard_1850_batch_1.tar	14801920	186996	1888782848	2337200
12198	9774	AF-0000000205001578	shard_1499_batch_1.tar	54477312	76604	451433472	397279
12202	9150	AF-0000000204867710	shard_1623_batch_0.tar	2033664	112527	554869760	883480
12202	9440	AF-0000000204867722	shard_1641_batch_0.tar	86104064	118044	1112641536	989664
12203	9440	AF-0000000204881256	shard_1639_batch_0.tar	21239808	117685	331810304	983307
12214	9477	AF-0000000211621994	shard_1808_batch_0.tar	104167936	173943	1920622592	1984656
12221	9037	AF-0000000204930628	shard_1487_batch_0.tar	15354880	70957	421391360	372665
12221	9887	AF-0000000204930599	shard_1489_batch_0.tar	17163776	71449	447776768	378255
12223	9887	AF-0000000205027101	shard_1489_batch_1.tar	34002944	70592	292219392	372574
12237	9492	AF-0000000211625698	shard_1796_batch_1.tar	82979328	166767	375172096	1978644
12237	9499	AF-0000000211625699	shard_1802_batch_0.tar	15509504	169761	1001886208	2007705
12244	9154	AF-0000000204967827	shard_1479_batch_0.tar	51431936	70178	280081920	292144
12244	9718	AF-0000000204967811	shard_1497_batch_0.tar	49489408	78994	470755840	393774
12244	9719	AF-0000000204967799	shard_1503_batch_0.tar	69029888	80459	392530944	409225
12260	9006	AF-0000000203793981	shard_1604_batch_0.tar	80620544	104489	732604928	763550
12260	9238	AF-0000000203793983	shard_1650_batch_0.tar	87641088	115607	516262400	911576
12283	9438	AF-0000000204628875	shard_1291_batch_0.tar	67951616	261918	3953344000	4773648
12293	9441	AF-0000000203979351	shard_1844_batch_1.tar	139145728	183187	2604705280	2263421
12294	9351	AF-0000000203979219	shard_1576_batch_1.tar	10324992	100263	810768384	640565
12294	9441	AF-0000000203979230	shard_1852_batch_1.tar	72364032	189387	1334924288	2366237
12297	9154	AF-0000000204919787	shard_1495_batch_0.tar	46726656	75414	331578368	377274
12299	9223	AF-0000000204776183	shard_1425_batch_0.tar	26661888	49107	224776192	137979
12299	9458	AF-0000000204776277	shard_1487_batch_0.tar	50582528	74997	501326848	374845
12299	9655	AF-0000000204776147	shard_1479_batch_0.tar	65413632	72492	405791232	345139
12302	9753	AF-0000000204986684	shard_1453_batch_0.tar	751104	62837	143462400	219107
12303	9029	AF-0000000211587526	shard_1265_batch_0.tar	93623808	235775	2494981120	3820244
12303	9716	AF-0000000211629561	shard_1259_batch_0.tar	155665408	232289	3681102848	3672557
12328	9055	AF-0000000204005508	shard_1554_batch_1.tar	29038080	96120	331542016	622789
12328	9877	AF-0000000204005443	shard_1646_batch_1.tar	75283456	119742	842481152	992310
12329	9877	AF-0000000204006156	shard_1626_batch_1.tar	75893760	113981	814269952	879684
12339	9438	AF-0000000204975194	shard_1273_batch_1.tar	9556992	241803	1148830208	4135558
12342	9788	AF-0000000204961647	shard_1423_batch_0.tar	21952512	48463	115598336	133103
12346	9586	AF-0000000205015456	shard_1447_batch_0.tar	242176	59782	249857024	236891
12346	9937	AF-0000000211643734	shard_1609_batch_1.tar	81862144	110146	972142592	852700
12347	9580	AF-0000000204969801	shard_1741_batch_1.tar	120844800	148822	1501323776	1431163
12347	9586	AF-0000000204969809	shard_1477_batch_0.tar	49214464	73356	229669888	319516
12351	9491	AF-0000000203776174	shard_1806_batch_0.tar	90732032	170604	1069697536	2086541
12351	9492	AF-0000000203776129	shard_1792_batch_1.tar	152570880	165612	1806054400	1974441
12351	9499	AF-0000000203776139	shard_1798_batch_0.tar	82533376	168070	2141592576	1979659
12352	9784	AF-0000000204974403	shard_1455_batch_0.tar	33416192	63464	127192576	247763
12354	9141	AF-0000000205052292	shard_1643_batch_1.tar	104285696	117408	1146068992	937425
12354	9292	AF-0000000205052320	shard_1607_batch_1.tar	69614592	106093	707980800	783322
12354	9820	AF-0000000205052290	shard_1611_batch_1.tar	43255808	108252	753711616	804980
12358	9053	AF-0000000205013294	shard_1455_batch_0.tar	5147648	59168	124161536	240372
12358	9452	AF-0000000205013272	shard_1445_batch_0.tar	6203904	55882	296491008	205286
12370	9528	AF-0000000204635239	shard_1691_batch_0.tar	110551552	132530	584559616	1224869
12376	9407	AF-0000000204943358	shard_1755_batch_1.tar	86063104	151927	1888770048	1580312
12376	9898	AF-0000000204943351	shard_1877_batch_1.tar	135094784	202507	2552978944	2937612
12381	9456	AF-0000000204097161	shard_1416_batch_1.tar	21918208	43369	117200384	126529
12384	9456	AF-0000000204094816	shard_1406_batch_1.tar	11060224	32467	105102848	61470
12386	9787	AF-0000000203639807	shard_1456_batch_0.tar	10015232	63583	266947584	257470
12390	9159	AF-0000000203638505	shard_1596_batch_0.tar	78198784	104196	298525696	706360
12391	9209	AF-0000000204092235	shard_1610_batch_1.tar	874496	108624	1001847808	825983
12392	9774	AF-0000000204090673	shard_1588_batch_1.tar	58363392	101719	275825152	759150
12398	9263	AF-0000000204989827	shard_1487_batch_0.tar	33333248	73776	178759168	360481
12413	9001	AF-0000000211587282	shard_1814_batch_0.tar	155299328	172690	1134437888	2240449
12413	9248	AF-0000000211620283	shard_1810_batch_0.tar	9118208	171652	1753893888	2194217
12413	9741	AF-0000000211640039	shard_1312_batch_0.tar	204230656	291748	2064268288	6662585
12413	9909	AF-0000000211643661	shard_1808_batch_0.tar	5812224	171149	911034880	2185429
12416	9586	AF-0000000204870602	shard_1535_batch_0.tar	18705408	89006	185890304	543687
12417	9018	AF-0000000204929953	shard_1447_batch_0.tar	44071936	61802	173051904	233116
12420	9792	AF-0000000204936600	shard_1491_batch_0.tar	59464192	75387	497674752	361622
12423	9052	AF-0000000204393166	shard_1570_batch_2.tar	40212480	98557	178355200	678710
12431	9582	AF-0000000203898790	shard_1438_batch_0.tar	39051264	56744	160242176	194082
12435	9972	AF-0000000204963381	shard_1721_batch_1.tar	50582016	138212	588613632	1358371
12444	9378	AF-0000000204614014	shard_1237_batch_0.tar	4365824	219449	3199724544	3492545
12444	9406	AF-0000000204614008	shard_1877_batch_0.tar	18967552	206795	431886848	3077959
12446	9718	AF-0000000204107689	shard_1652_batch_1.tar	80305152	121565	322612224	1056433
12446	9719	AF-0000000204107679	shard_1656_batch_1.tar	8908800	122985	1183414272	1080158
12454	9458	AF-0000000204776134	shard_1487_batch_0.tar	43058176	74990	428716032	376967
12454	9655	AF-0000000204776014	shard_1481_batch_0.tar	47620608	72649	233155584	346465
12457	9006	AF-0000000205031845	shard_1573_batch_1.tar	19264000	95222	725230592	644349
12468	9378	AF-0000000204614001	shard_1255_batch_0.tar	920576	231432	1805680128	3891056
12469	9920	AF-0000000204888964	shard_1763_batch_1.tar	7737344	153411	1539083776	1709950
12480	9077	AF-0000000203621259	shard_1528_batch_0.tar	36304896	84827	330761216	513233
12480	9887	AF-0000000203621257	shard_1484_batch_0.tar	22746112	70094	164078080	363715
12481	9887	AF-0000000203621228	shard_1484_batch_0.tar	2504192	69988	188328960	359118
12482	9077	AF-0000000203621072	shard_1530_batch_0.tar	42795008	85593	658193408	534481
12482	9887	AF-0000000203621069	shard_1488_batch_0.tar	4652544	70788	489992704	377700
12483	9267	AF-0000000204698120	shard_1777_batch_0.tar	17762304	156242	703458304	1572273
12487	9378	AF-0000000204617400	shard_1233_batch_0.tar	65723904	214804	1607919616	3356146
12488	9666	AF-0000000204145432	shard_1646_batch_1.tar	100455424	120026	984853504	1002769
12526	9451	AF-0000000205045611	shard_1697_batch_1.tar	116810752	136904	475153920	1294071
12569	9249	AF-0000000205037361	shard_1273_batch_1.tar	6128640	249006	2433847808	4326621
12575	9971	AF-0000000204907081	shard_1519_batch_0.tar	60260352	84093	188758528	456271
12626	9451	AF-0000000204941289	shard_1799_batch_1.tar	113832448	166766	1353183744	1959812
12627	9022	AF-0000000204907186	shard_1561_batch_0.tar	56285696	95956	447731712	607470
12736	9022	AF-0000000205003657	shard_1561_batch_1.tar	25137664	95986	278291968	609866
