a	b	entity	tar	cif_off	cif_len	pae_off	pae_len
1017	1015	AF-0000000211830790	shard_588_batch_3.tar	42508800	93740	765979648	633249
1017	1016	AF-0000000211830797	shard_762_batch_2.tar	160418816	169119	1339718144	2203930
1018	1017	AF-0000000211830811	shard_528_batch_3.tar	27983872	74074	242225664	376461
1019	1017	AF-0000000211830812	shard_526_batch_3.tar	27982336	73253	323242496	368704
1020	1017	AF-0000000211830813	shard_528_batch_3.tar	12544000	73548	274358272	380619
1034	1033	AF-0000000211830994	shard_780_batch_2.tar	77943808	180743	1072283648	2167055
1046	1045	AF-0000000211831173	shard_610_batch_3.tar	15114240	100309	823089152	782868
1054	3545	AF-0000000211831317	shard_460_batch_4.tar	24941056	39553	134597632	86546
1086	1085	AF-0000000211832004	shard_568_batch_3.tar	512	87825	474077696	481558
1089	1088	AF-0000000211832010	shard_620_batch_3.tar	8840192	106537	300175872	736325
1090	1088	AF-0000000211832011	shard_610_batch_3.tar	30131200	102902	247337984	726716
1090	1089	AF-0000000211832016	shard_612_batch_3.tar	48640000	102009	712779776	736391
1091	1088	AF-0000000211832012	shard_626_batch_2.tar	65975296	109307	941772288	845839
1091	1089	AF-0000000211832017	shard_626_batch_2.tar	11188224	108268	819659776	829801
1091	1090	AF-0000000211832021	shard_616_batch_3.tar	68998656	103594	527422976	744672
1092	1090	AF-0000000211832022	shard_696_batch_2.tar	112431616	134227	613803008	1276741
1092	1091	AF-0000000211832029	shard_708_batch_2.tar	65758208	140776	353342976	1441711
1093	1090	AF-0000000211832023	shard_698_batch_0.tar	23634432	135983	782323200	1300130
1093	1091	AF-0000000211832030	shard_710_batch_0.tar	21410816	142090	1668284416	1446821
1095	1090	AF-0000000211832024	shard_696_batch_0.tar	50118656	135601	1324768256	1286258
1096	1090	AF-0000000211832025	shard_698_batch_3.tar	14481408	136053	1183406592	1303711
1096	1091	AF-0000000211832032	shard_710_batch_2.tar	32376320	143352	1670312960	1426177
1098	1097	AF-0000000211832224	shard_602_batch_3.tar	11574272	100966	290007040	766523
1104	1103	AF-0000000211832303	shard_740_batch_0.tar	63308288	153233	1538509312	1700848
1105	1103	AF-0000000211832304	shard_588_batch_0.tar	86959104	95726	328229376	640666
1105	1104	AF-0000000211832315	shard_590_batch_0.tar	25545728	93750	387618816	572986
1108	1107	AF-0000000211832344	shard_550_batch_3.tar	64635904	82245	420816384	482068
1113	1111	AF-0000000211832371	shard_728_batch_2.tar	58477568	144948	877025280	1446246
1121	1120	AF-0000000211832511	shard_498_batch_3.tar	48101888	63795	121431040	251553
1124	1119	AF-0000000211832466	shard_556_batch_3.tar	69975040	84122	242516992	511546
1124	1123	AF-0000000211832546	shard_568_batch_3.tar	61271040	88089	296087040	548383
1125	1124	AF-0000000211832557	shard_520_batch_3.tar	46243840	70201	404146176	366238
1126	1125	AF-0000000211832610	shard_500_batch_3.tar	2202112	63139	299839488	267253
1127	1123	AF-0000000211832549	shard_500_batch_3.tar	5050880	63309	127297024	254928
1143	1133	AF-0000000211832659	shard_562_batch_0.tar	2978816	85520	328824320	550920
1145	1144	AF-0000000211833140	shard_598_batch_2.tar	2131456	100411	307857408	662014
1146	1056	AF-0000000211831373	shard_730_batch_2.tar	53806080	150593	1487299584	1675313
1146	1145	AF-0000000211833220	shard_628_batch_3.tar	15450112	111133	227019264	797273
1156	1153	AF-0000000211833429	shard_552_batch_3.tar	49125376	83265	458458112	481726
1168	1163	AF-0000000211833505	shard_728_batch_2.tar	9421824	150863	1535043072	1649517
1169	1168	AF-0000000211833584	shard_622_batch_2.tar	40383488	107675	723936256	882876
1174	1173	AF-0000000211833860	shard_826_batch_2.tar	140029952	220222	1216343040	3919050
1180	1179	AF-0000000211833979	shard_700_batch_2.tar	38419456	134078	1308956160	1396799
1189	1062	AF-0000000211831767	shard_1100_batch_4.tar	965632	49890	174298112	159247
1207	1206	AF-0000000211834388	shard_652_batch_3.tar	87571968	114381	531704832	1016618
1211	1210	AF-0000000211834393	shard_796_batch_0.tar	31855616	193352	2775581696	2499694
1218	1106	AF-0000000211832333	shard_850_batch_2.tar	23139328	254110	707568640	5026801
1218	1217	AF-0000000211834521	shard_878_batch_1.tar	312611840	387708	11500668928	11132042
1219	1217	AF-0000000211834522	shard_868_batch_2.tar	135686144	303638	1720450048	7113981
1221	1220	AF-0000000211834530	shard_852_batch_2.tar	95038976	262955	1822913024	4828654
1227	1143	AF-0000000211833024	shard_496_batch_0.tar	17974784	61196	364817920	258566
1230	1225	AF-0000000211834644	shard_848_batch_0.tar	15984640	251518	3657642496	4970057
1231	1118	AF-0000000211832425	shard_462_batch_1.tar	5511168	41848	172204032	103608
1232	1143	AF-0000000211833029	shard_474_batch_0.tar	46723584	51414	186248704	152081
1234	1143	AF-0000000211833031	shard_464_batch_1.tar	20634112	43079	139141120	112165
1234	1225	AF-0000000211834647	shard_472_batch_0.tar	28131840	51532	185123840	167498
1235	1231	AF-0000000211835227	shard_488_batch_0.tar	3860992	58064	198100480	229332
1236	1235	AF-0000000211835764	shard_516_batch_0.tar	68096512	69385	320784896	349322
1237	1226	AF-0000000211834697	shard_464_batch_0.tar	24244224	42730	117530112	115532
1238	1004	AF-0000000211830518	shard_542_batch_0.tar	21166592	79557	495698432	460812
1238	1142	AF-0000000211832862	shard_516_batch_0.tar	7556096	71003	447625216	337912
1242	1004	AF-0000000211830522	shard_490_batch_0.tar	17529856	59260	301748224	240457
1242	1059	AF-0000000211831594	shard_462_batch_0.tar	26161664	40987	113594368	97896
1242	1060	AF-0000000211831723	shard_572_batch_0.tar	60936704	90569	552993792	605705
1242	1231	AF-0000000211835234	shard_468_batch_0.tar	15802368	47437	147205632	139400
1243	1237	AF-0000000211836084	shard_1100_batch_0.tar	39656448	31898	95285248	49290
1244	1010	AF-0000000211830742	shard_584_batch_0.tar	84208640	97133	631454208	566585
1248	1058	AF-0000000211831455	shard_460_batch_1.tar	11940352	39143	154332160	84720
1248	1234	AF-0000000211835621	shard_460_batch_1.tar	33468928	39090	81280512	82350
1248	1239	AF-0000000211836371	shard_458_batch_1.tar	4929024	37183	83756032	71256
1248	1241	AF-0000000211836626	shard_1102_batch_0.tar	9775616	58603	192818176	220290
1248	1243	AF-0000000211836889	shard_456_batch_2.tar	28606464	32605	77028864	51515
1252	1029	AF-0000000211830923	shard_556_batch_0.tar	37081088	83682	218802688	483838
1252	1249	AF-0000000211837688	shard_476_batch_0.tar	6699008	51412	141895680	166238
1253	1118	AF-0000000211832446	shard_456_batch_1.tar	13098496	32003	81526272	51661
1253	1226	AF-0000000211834713	shard_1100_batch_0.tar	30737920	36840	85826560	77435
1253	1248	AF-0000000211837576	shard_456_batch_1.tar	12833792	31626	73062912	49722
1254	1236	AF-0000000211835940	shard_490_batch_0.tar	38172672	58800	169286656	238051
1255	1224	AF-0000000211834622	shard_582_batch_0.tar	81263616	92291	441917440	639568
1255	3534	AF-0000000211838454	shard_822_batch_0.tar	56998400	217783	1400429568	3715356
1256	1009	AF-0000000211830722	shard_460_batch_1.tar	12423168	38761	142979584	87608
1256	1249	AF-0000000211837692	shard_456_batch_2.tar	210432	32570	91654656	52679
1257	1239	AF-0000000211836380	shard_1100_batch_1.tar	8442880	39497	154761728	85735
1258	1143	AF-0000000211833055	shard_468_batch_0.tar	34348032	46207	218210816	129588
1258	1245	AF-0000000211837156	shard_466_batch_1.tar	30702080	44560	90479616	127468
1269	1174	AF-0000000211833866	shard_662_batch_3.tar	55781888	120159	806279680	1144802
1272	3535	AF-0000000211838946	shard_628_batch_0.tar	103387648	106251	871707648	809212
1277	1276	AF-0000000211839028	shard_742_batch_2.tar	125020672	157132	1622609920	1769651
1279	1119	AF-0000000211832468	shard_542_batch_3.tar	27152896	80809	561680896	423945
1279	1278	AF-0000000211839130	shard_538_batch_3.tar	12399616	79183	515936256	398925
1280	1278	AF-0000000211839131	shard_544_batch_3.tar	18298368	81133	184500736	418319
1280	1279	AF-0000000211839173	shard_544_batch_3.tar	47052288	81855	288841728	417758
1292	1258	AF-0000000211838665	shard_482_batch_3.tar	227840	54276	108360192	181865
1301	1300	AF-0000000211839372	shard_636_batch_3.tar	57583104	104353	436253696	863138
1302	1301	AF-0000000211839373	shard_602_batch_3.tar	13860864	95475	369659392	659886
1306	1216	AF-0000000211834510	shard_596_batch_3.tar	34964992	98038	840295424	700077
1307	1306	AF-0000000211839386	shard_648_batch_3.tar	57473024	114233	643844608	919400
1308	1307	AF-0000000211839479	shard_628_batch_3.tar	27030528	105912	506983936	716534
1311	1263	AF-0000000211838810	shard_812_batch_2.tar	125431296	204075	2205573120	3358047
1311	1264	AF-0000000211838842	shard_812_batch_2.tar	193453568	204041	1225911296	3330660
1312	1047	AF-0000000211831243	shard_722_batch_2.tar	25168896	149333	1102988800	1627748
1312	1267	AF-0000000211838887	shard_720_batch_2.tar	135839232	146536	1816348160	1623763
1312	1311	AF-0000000211839571	shard_782_batch_2.tar	4596224	183199	786987008	2568556
1322	1321	AF-0000000211839674	shard_542_batch_3.tar	22087680	81168	195511296	381964
1324	1169	AF-0000000211833647	shard_786_batch_0.tar	18882560	185422	2728787456	2665514
1326	1097	AF-0000000211832230	shard_866_batch_2.tar	129865728	288799	2226262528	6280407
1326	1169	AF-0000000211833648	shard_866_batch_2.tar	120865792	289581	5620029952	6354075
1326	1205	AF-0000000211834367	shard_872_batch_2.tar	119717888	319396	7980966912	7399223
1330	1326	AF-0000000211839724	shard_866_batch_2.tar	236082688	291264	2339459072	6450236
1331	1330	AF-0000000211839879	shard_634_batch_2.tar	78323200	113150	1013805568	955835
1335	1305	AF-0000000211839385	shard_650_batch_2.tar	98508288	113212	550633984	868727
1344	1015	AF-0000000211830791	shard_582_batch_3.tar	76479488	91275	497708032	617698
1344	1018	AF-0000000211830824	shard_522_batch_3.tar	73608192	71670	369538560	358261
1344	1019	AF-0000000211830830	shard_520_batch_3.tar	13708288	70875	373096448	352123
1344	1020	AF-0000000211830836	shard_522_batch_3.tar	63544832	71188	206088192	366911
1345	1017	AF-0000000211830815	shard_776_batch_2.tar	38556160	176140	2641018880	2494254
1345	1344	AF-0000000211840091	shard_772_batch_2.tar	165222912	173380	1324487680	2438908
1346	1015	AF-0000000211830792	shard_580_batch_3.tar	76372992	90178	202744832	616044
1346	1018	AF-0000000211830825	shard_520_batch_3.tar	70178304	70753	430263808	355930
1346	1019	AF-0000000211830831	shard_520_batch_3.tar	3638272	70068	260278272	351524
1346	1020	AF-0000000211830837	shard_522_batch_3.tar	57598976	70449	247752192	364691
1346	1345	AF-0000000211840100	shard_772_batch_2.tar	4077056	173004	1590675968	2421830
1348	1344	AF-0000000211840092	shard_612_batch_2.tar	50807296	102500	611984896	803991
1348	1346	AF-0000000211840111	shard_610_batch_2.tar	102788096	101524	668175872	779584
1358	1045	AF-0000000211831180	shard_622_batch_2.tar	53710848	106414	590977536	840980
1359	1046	AF-0000000211831217	shard_612_batch_2.tar	56851968	101764	380136960	810376
1359	1358	AF-0000000211840269	shard_624_batch_2.tar	14486016	107456	836150784	848509
1368	1234	AF-0000000211835636	shard_468_batch_0.tar	12271104	47747	181901312	127873
1370	1366	AF-0000000211840433	shard_584_batch_0.tar	54180352	93107	707893248	618545
1371	1301	AF-0000000211839374	shard_600_batch_3.tar	52323328	96096	425135104	686994
1375	1374	AF-0000000211840522	shard_576_batch_3.tar	1466880	91295	373188096	578570
1376	1326	AF-0000000211839728	shard_876_batch_2.tar	332526080	341854	2964278272	8700470
1379	1376	AF-0000000211840536	shard_750_batch_2.tar	32132608	164515	2071699456	1950873
1383	1382	AF-0000000211840648	shard_660_batch_3.tar	8671232	119293	285639168	945219
1396	1058	AF-0000000211831467	shard_462_batch_3.tar	12859904	41223	122926592	97054
1396	1142	AF-0000000211832885	shard_468_batch_3.tar	7908864	47352	133741568	138179
1396	1240	AF-0000000211836496	shard_462_batch_3.tar	941568	41458	88648704	106320
1396	1243	AF-0000000211836902	shard_458_batch_4.tar	28902912	34726	110315008	60522
1396	1245	AF-0000000211837160	shard_464_batch_3.tar	40180224	43330	134848000	101980
1404	1238	AF-0000000211836223	shard_524_batch_0.tar	34642432	73532	418057216	381545
1404	1258	AF-0000000211838669	shard_474_batch_1.tar	25925120	51101	212254720	160161
1408	1324	AF-0000000211839682	shard_842_batch_2.tar	35500032	244465	1341931008	4636897
1408	1326	AF-0000000211839730	shard_876_batch_2.tar	222218752	347486	2364741120	9211015
1408	1376	AF-0000000211840537	shard_846_batch_2.tar	112280576	248872	3580576256	4853873
1420	1326	AF-0000000211839731	shard_852_batch_2.tar	243931648	257265	505624064	4844700
1421	1042	AF-0000000211831073	shard_864_batch_0.tar	85591552	291589	5565769216	5862018
1422	1211	AF-0000000211834423	shard_874_batch_2.tar	307073536	339899	4737755136	8041934
1422	1276	AF-0000000211839034	shard_870_batch_2.tar	184011264	311831	5698023424	6961308
1422	1326	AF-0000000211839733	shard_878_batch_1.tar	286925312	411723	1153279488	12511226
1422	1330	AF-0000000211839881	shard_854_batch_2.tar	62170624	263356	2929461248	5074347
1422	1376	AF-0000000211840538	shard_872_batch_2.tar	281158656	314754	3109832192	7213237
1422	1408	AF-0000000211840997	shard_872_batch_2.tar	97782784	319640	6141911040	7340190
1422	1420	AF-0000000211841248	shard_830_batch_2.tar	82463232	227277	1565999104	3733894
1422	1421	AF-0000000211841271	shard_850_batch_2.tar	91202048	255457	3803615232	4735604
1428	1399	AF-0000000211840828	shard_600_batch_3.tar	48666112	99173	435843072	670715
1431	1429	AF-0000000211841584	shard_602_batch_3.tar	99152384	99086	776497664	692979
1431	1430	AF-0000000211841585	shard_568_batch_3.tar	21991936	88341	520833024	532685
1443	1007	AF-0000000211830671	shard_488_batch_3.tar	12348928	56945	310345216	191270
1444	1443	AF-0000000211841667	shard_464_batch_0.tar	29933568	42570	109215232	98663
1450	1449	AF-0000000211841693	shard_552_batch_3.tar	40131584	86303	421649408	462662
1455	1230	AF-0000000211835113	shard_848_batch_2.tar	195144704	251138	2909806592	4920050
1458	1030	AF-0000000211830978	shard_620_batch_2.tar	11148288	105026	585554944	771027
1461	1119	AF-0000000211832470	shard_612_batch_2.tar	22991872	104631	864637952	787634
1461	1124	AF-0000000211832564	shard_622_batch_3.tar	53714944	107380	516239360	848423
1461	1278	AF-0000000211839132	shard_608_batch_3.tar	26998784	103557	245984768	754087
1461	1279	AF-0000000211839174	shard_608_batch_3.tar	57059840	104240	438642688	762259
1462	1119	AF-0000000211832471	shard_536_batch_3.tar	35296256	76746	295905280	413655
1462	1278	AF-0000000211839133	shard_532_batch_3.tar	19527168	75299	295994368	376904
1462	1279	AF-0000000211839175	shard_532_batch_3.tar	3441152	75884	323625984	372545
1462	1461	AF-0000000211841763	shard_602_batch_3.tar	84611072	100362	525572608	717279
1463	1462	AF-0000000211841801	shard_566_batch_0.tar	82355200	87901	666186240	550360
1464	1119	AF-0000000211832473	shard_544_batch_3.tar	60419072	79276	588361728	446181
1464	1278	AF-0000000211839135	shard_540_batch_3.tar	63685632	77695	461328384	412537
1464	1279	AF-0000000211839177	shard_540_batch_3.tar	24451584	78357	542788096	407235
1464	1461	AF-0000000211841765	shard_612_batch_2.tar	83828736	102832	376243712	773881
1464	1462	AF-0000000211841802	shard_536_batch_3.tar	45796352	74250	436652032	380322
1464	1463	AF-0000000211841838	shard_576_batch_3.tar	11591168	90274	380887040	565448
1473	1059	AF-0000000211831616	shard_518_batch_3.tar	25886720	73157	480579072	362526
1473	1248	AF-0000000211837588	shard_526_batch_3.tar	31379456	76354	263369216	390283
1477	1257	AF-0000000211838554	shard_560_batch_0.tar	11222016	87021	486192640	530495
1489	1119	AF-0000000211832474	shard_604_batch_2.tar	37470720	102019	781296640	730385
1489	1121	AF-0000000211832517	shard_580_batch_3.tar	92768256	94804	543079424	653063
1489	1461	AF-0000000211841766	shard_668_batch_3.tar	23376384	125697	451360256	1160595
1490	1119	AF-0000000211832475	shard_596_batch_3.tar	93871104	99514	259805184	684893
1490	1121	AF-0000000211832518	shard_574_batch_3.tar	68104192	92064	212316672	611511
1490	1461	AF-0000000211841767	shard_662_batch_3.tar	76295680	122986	889407488	1102038
1490	1489	AF-0000000211842171	shard_656_batch_3.tar	107390464	119703	648434176	1077187
1497	1496	AF-0000000211842265	shard_728_batch_0.tar	1370624	148267	1698573312	1722714
1503	1502	AF-0000000211842286	shard_566_batch_3.tar	4090880	88189	292980736	487432
1505	1503	AF-0000000211842301	shard_478_batch_0.tar	40091136	53953	152448512	163982
1516	1364	AF-0000000211840358	shard_566_batch_3.tar	8508928	86863	541321216	548554
1520	1519	AF-0000000211842416	shard_594_batch_2.tar	79329280	94678	619907584	632964
1532	1531	AF-0000000211842565	shard_830_batch_2.tar	171777024	216890	553539584	3815820
1538	1254	AF-0000000211838306	shard_598_batch_2.tar	50925568	96694	787041792	720642
1539	1118	AF-0000000211832451	shard_1100_batch_1.tar	19861504	35972	131508224	69146
1542	1059	AF-0000000211831621	shard_458_batch_0.tar	31672832	37712	123261952	82370
1542	1118	AF-0000000211832452	shard_460_batch_0.tar	25962496	41131	111651840	90769
1542	1234	AF-0000000211835649	shard_1100_batch_0.tar	28818432	41452	177411584	100544
1542	1235	AF-0000000211835803	shard_486_batch_0.tar	1927168	56915	147386880	207853
1542	1239	AF-0000000211836396	shard_1100_batch_0.tar	16363520	39337	159928832	88687
1542	1241	AF-0000000211836649	shard_490_batch_0.tar	2364416	60922	296140800	242773
1542	1244	AF-0000000211837024	shard_1100_batch_0.tar	39820800	38933	104951296	86586
1542	1245	AF-0000000211837173	shard_464_batch_0.tar	22159872	43370	125528064	107962
1542	1258	AF-0000000211838677	shard_466_batch_0.tar	10182656	43839	165642752	119703
1542	1400	AF-0000000211840863	shard_456_batch_0.tar	6530048	32848	91400704	56414
1551	1142	AF-0000000211832899	shard_468_batch_3.tar	11570176	46894	141620224	132210
1551	1244	AF-0000000211837025	shard_1100_batch_4.tar	31374848	38552	188341760	78395
1551	1249	AF-0000000211837707	shard_464_batch_3.tar	44375040	43996	119547904	117111
1551	1252	AF-0000000211838091	shard_472_batch_3.tar	819200	49047	151666688	148649
1551	1253	AF-0000000211838222	shard_457_batch_0.tar	28192256	33371	85472768	56450
1553	1349	AF-0000000211840134	shard_522_batch_3.tar	13277696	72267	427018752	363604
1557	1027	AF-0000000211830876	shard_714_batch_2.tar	1733632	142299	1448952320	1534696
1557	1078	AF-0000000211831937	shard_700_batch_3.tar	41271296	136324	1602784256	1442352
1557	1203	AF-0000000211834349	shard_684_batch_3.tar	60727296	130440	994450432	1297905
1557	1205	AF-0000000211834371	shard_686_batch_3.tar	113493504	131046	324994048	1307018
1557	1213	AF-0000000211834492	shard_648_batch_3.tar	110230016	116685	440947200	1005949
1557	1556	AF-0000000211842899	shard_650_batch_3.tar	9308672	117533	1026884096	1044042
1558	1326	AF-0000000211839740	shard_866_batch_0.tar	154289152	289605	5022487552	6209214
1559	1027	AF-0000000211830877	shard_732_batch_2.tar	71618048	150449	815705600	1685999
1559	1203	AF-0000000211834350	shard_706_batch_3.tar	12709888	138450	323419136	1476357
1559	1205	AF-0000000211834372	shard_706_batch_3.tar	134719488	138837	842061312	1482657
1559	1213	AF-0000000211834493	shard_670_batch_3.tar	38078976	124763	889018880	1170411
1559	1556	AF-0000000211842901	shard_672_batch_3.tar	32967680	125252	1136486400	1207021
1559	1557	AF-0000000211842919	shard_510_batch_3.tar	12790272	68781	198713856	330540
1560	1558	AF-0000000211842949	shard_794_batch_2.tar	176829952	190106	1947573760	2757957
1560	1559	AF-0000000211842977	shard_748_batch_2.tar	121241600	159362	1124060672	1997047
1561	1560	AF-0000000211843004	shard_776_batch_0.tar	86724608	174912	1727533056	2359695
1576	1575	AF-0000000211843284	shard_826_batch_2.tar	121160192	222379	3158227456	3853962
1579	1374	AF-0000000211840523	shard_576_batch_3.tar	47587840	90757	180857856	562770
1580	1375	AF-0000000211840529	shard_576_batch_3.tar	42425344	92204	708680192	580931
1580	1579	AF-0000000211843312	shard_576_batch_3.tar	75119616	91605	636293120	565290
1582	1581	AF-0000000211843324	shard_572_batch_0.tar	16473088	89784	733392896	527184
1588	1142	AF-0000000211832903	shard_512_batch_3.tar	29444608	69729	210196480	315064
1588	1232	AF-0000000211835413	shard_518_batch_3.tar	11489792	71212	349394944	307933
1588	1240	AF-0000000211836511	shard_500_batch_3.tar	44681216	63770	306417152	259721
1588	1244	AF-0000000211837028	shard_492_batch_3.tar	35556864	60986	186825216	227913
1588	1248	AF-0000000211837596	shard_496_batch_3.tar	29773312	62980	145777152	231932
1588	1258	AF-0000000211838680	shard_506_batch_3.tar	1884160	66549	131422208	287943
1591	1511	AF-0000000211842363	shard_792_batch_2.tar	43939328	187952	607467520	2790790
1592	1189	AF-0000000211834055	shard_496_batch_0.tar	55576576	62567	339663872	251780
1595	1478	AF-0000000211842082	shard_696_batch_0.tar	127930368	134870	1346868736	1380541
1601	1153	AF-0000000211833430	shard_458_batch_0.tar	28982272	37272	94198784	71376
1616	1614	AF-0000000211843616	shard_622_batch_3.tar	52869120	107595	467272192	787788
1616	1615	AF-0000000211843628	shard_576_batch_3.tar	71619072	91415	396385280	558858
1617	1124	AF-0000000211832570	shard_612_batch_0.tar	315904	103342	868551680	782075
1617	1278	AF-0000000211839138	shard_596_batch_0.tar	28976640	99612	379591168	671489
1617	1279	AF-0000000211839181	shard_596_batch_0.tar	94339584	99923	584779264	672218
1617	1462	AF-0000000211841805	shard_590_batch_0.tar	11472896	95673	238687232	641594
1617	1464	AF-0000000211841876	shard_600_batch_0.tar	65398784	98506	523083264	690152
1617	1489	AF-0000000211842173	shard_658_batch_0.tar	76480512	121421	626781696	1065782
1617	1490	AF-0000000211842208	shard_652_batch_0.tar	40173568	118702	836917248	1026680
1617	1615	AF-0000000211843629	shard_608_batch_0.tar	9126912	102276	530203136	718675
1617	1616	AF-0000000211843638	shard_626_batch_0.tar	9868288	109114	367843328	827574
1621	1112	AF-0000000211832391	shard_468_batch_0.tar	7308288	48186	133801472	141017
1621	1225	AF-0000000211834676	shard_468_batch_0.tar	10789888	48323	153897984	147897
1621	1232	AF-0000000211835414	shard_464_batch_0.tar	21005312	44268	154404352	121961
1621	1236	AF-0000000211835967	shard_474_batch_0.tar	12887040	50703	258696192	169663
1621	1239	AF-0000000211836401	shard_456_batch_1.tar	28921856	34474	56180224	66846
1621	1247	AF-0000000211837464	shard_470_batch_0.tar	34128384	48427	168778240	136747
1621	1258	AF-0000000211838681	shard_460_batch_0.tar	27101184	39497	92415488	97720
1635	1532	AF-0000000211842578	shard_864_batch_2.tar	138730496	275106	1156879360	6287804
1637	1635	AF-0000000211844070	shard_844_batch_2.tar	75127296	233718	3136552448	4495228
1640	1639	AF-0000000211844100	shard_466_batch_0.tar	24028672	43830	198966272	118679
1645	1124	AF-0000000211832571	shard_610_batch_3.tar	43789824	102248	658800640	763238
1645	1278	AF-0000000211839139	shard_594_batch_3.tar	29799424	98237	413341184	668832
1645	1279	AF-0000000211839182	shard_596_batch_3.tar	72553984	98870	407577600	674559
1645	1462	AF-0000000211841806	shard_588_batch_3.tar	9982976	94560	477776896	638592
1645	1464	AF-0000000211841877	shard_598_batch_3.tar	25573376	97183	848173568	692325
1645	1489	AF-0000000211842174	shard_656_batch_3.tar	100248576	119830	863123456	1074228
1645	1490	AF-0000000211842209	shard_650_batch_3.tar	73202688	117445	813080064	1020025
1645	1617	AF-0000000211843647	shard_654_batch_3.tar	55631360	118724	836353024	980068
1648	1128	AF-0000000211832643	shard_1100_batch_4.tar	44333568	35619	163965952	61849
1654	1253	AF-0000000211838229	shard_502_batch_3.tar	1580032	64978	245456384	270533
1662	1661	AF-0000000211844302	shard_738_batch_2.tar	132782080	153455	1416338944	1758413
1667	1287	AF-0000000211839246	shard_776_batch_2.tar	15970816	172724	1076575744	2087879
1676	1675	AF-0000000211844484	shard_532_batch_0.tar	14436352	74939	301342208	407050
1678	1677	AF-0000000211844499	shard_778_batch_0.tar	44024832	173673	1434830336	2313868
1679	1678	AF-0000000211844505	shard_738_batch_0.tar	55013888	149452	1776535040	1784943
1680	1675	AF-0000000211844488	shard_524_batch_0.tar	52855808	71875	433252352	352844
1680	1677	AF-0000000211844501	shard_570_batch_0.tar	62691328	87687	594965504	546934
1680	1679	AF-0000000211844512	shard_504_batch_0.tar	27799040	63664	367002624	303460
1683	1682	AF-0000000211844519	shard_868_batch_0.tar	43295232	306319	2000162304	6867367
1685	1684	AF-0000000211844531	shard_576_batch_0.tar	20648448	90886	339998208	548084
1695	1605	AF-0000000211843550	shard_684_batch_3.tar	2195456	129836	943884288	1272140
1696	1326	AF-0000000211839748	shard_876_batch_2.tar	353329152	365996	6430088192	10186152
1696	1376	AF-0000000211840539	shard_858_batch_2.tar	105136128	267027	1318340608	5599712
1696	1408	AF-0000000211841008	shard_860_batch_2.tar	141515776	273157	5298324480	5919066
1705	1704	AF-0000000211844796	shard_602_batch_3.tar	14057472	99946	322299904	677169
1706	1705	AF-0000000211844802	shard_562_batch_0.tar	51570176	87197	681752576	523984
1710	1705	AF-0000000211844804	shard_570_batch_3.tar	814080	88379	300065280	543801
1710	1706	AF-0000000211844812	shard_558_batch_3.tar	62253568	85319	668292608	496424
1711	1704	AF-0000000211844799	shard_602_batch_0.tar	7421952	100126	695632384	695976
1711	1705	AF-0000000211844805	shard_574_batch_0.tar	39561728	90291	621111808	578535
1711	1706	AF-0000000211844813	shard_564_batch_0.tar	51996672	86563	203627520	505598
1711	1710	AF-0000000211844832	shard_570_batch_0.tar	43620352	88766	267704832	544881
1718	1428	AF-0000000211841559	shard_600_batch_3.tar	88261120	100406	701087232	707793
1719	1466	AF-0000000211841914	shard_562_batch_3.tar	58055168	85990	201833472	520007
1727	1307	AF-0000000211839480	shard_646_batch_2.tar	32048128	113918	564634624	827339
1728	1308	AF-0000000211839496	shard_624_batch_2.tar	105106944	105556	882122752	716960
1728	1727	AF-0000000211845032	shard_642_batch_2.tar	77125632	113251	893379584	807273
1729	1728	AF-0000000211845040	shard_644_batch_2.tar	110343680	113475	829169152	944342
1730	1230	AF-0000000211835132	shard_848_batch_2.tar	34566144	251767	597307392	4921312
1737	1736	AF-0000000211845145	shard_650_batch_2.tar	88397824	117569	908806144	1060743
1741	1375	AF-0000000211840532	shard_590_batch_0.tar	81200128	94593	777825280	646168
1741	1579	AF-0000000211843315	shard_590_batch_0.tar	11667456	94146	270875136	635467
1742	1374	AF-0000000211840525	shard_574_batch_3.tar	47807488	90008	196940800	572949
1742	1580	AF-0000000211843320	shard_574_batch_3.tar	86743552	90588	679600128	574390
1742	1741	AF-0000000211845163	shard_588_batch_3.tar	3283968	93372	254725120	637010
1743	1740	AF-0000000211845161	shard_602_batch_0.tar	52848640	99899	870580224	685983
1743	1741	AF-0000000211845164	shard_644_batch_0.tar	30831616	113271	619894272	970944
1746	1364	AF-0000000211840368	shard_558_batch_3.tar	56991744	84084	573731840	468871
1749	1747	AF-0000000211845181	shard_572_batch_3.tar	4996096	89130	712017408	549701
1749	1748	AF-0000000211845186	shard_598_batch_3.tar	33859584	98586	806119424	652969
1752	1750	AF-0000000211845225	shard_560_batch_3.tar	15872000	86445	362018816	483029
1753	1751	AF-0000000211845235	shard_554_batch_3.tar	46952960	83764	294406144	452798
1753	1752	AF-0000000211845243	shard_626_batch_2.tar	79218688	109182	853709312	780678
1754	1753	AF-0000000211845251	shard_582_batch_3.tar	8697856	94584	509463040	584324
1755	1754	AF-0000000211845258	shard_556_batch_3.tar	56325120	85612	178678272	462270
1768	1027	AF-0000000211830880	shard_756_batch_2.tar	129738240	163965	721472512	2008851
1768	1078	AF-0000000211831941	shard_744_batch_2.tar	7826944	157640	1717113856	1933676
1768	1203	AF-0000000211834353	shard_732_batch_2.tar	104513536	151589	381705216	1770048
1768	1205	AF-0000000211834375	shard_732_batch_2.tar	93569536	152341	933981696	1779531
1768	1213	AF-0000000211834496	shard_702_batch_2.tar	6860288	138144	316814336	1442138
1768	1556	AF-0000000211842905	shard_704_batch_2.tar	46331904	138655	1672281600	1484117
1769	1123	AF-0000000211832552	shard_500_batch_3.tar	48568832	64161	301733888	263065
1770	1769	AF-0000000211845355	shard_632_batch_3.tar	59574784	110877	542785024	911381
1771	1560	AF-0000000211843011	shard_714_batch_2.tar	17101312	143097	728885760	1563049
1776	1227	AF-0000000211834874	shard_580_batch_0.tar	65502208	92971	238501376	603831
1776	1244	AF-0000000211837037	shard_518_batch_0.tar	27075584	72494	408176128	319496
1778	1393	AF-0000000211840752	shard_546_batch_3.tar	3366912	82008	492588544	420966
1778	1404	AF-0000000211840965	shard_464_batch_3.tar	10133504	43856	198601216	105029
1780	1232	AF-0000000211835422	shard_586_batch_3.tar	23721472	95848	722286592	630383
1780	1238	AF-0000000211836252	shard_640_batch_3.tar	43341312	113248	874120192	901227
1788	1747	AF-0000000211845182	shard_568_batch_3.tar	57078784	87185	567991296	537799
1788	1748	AF-0000000211845187	shard_594_batch_2.tar	46063104	96429	490210304	641366
1788	1749	AF-0000000211845220	shard_562_batch_3.tar	10897920	84284	601289216	507488
1789	1747	AF-0000000211845183	shard_578_batch_3.tar	63047680	90423	570280960	592004
1789	1749	AF-0000000211845221	shard_572_batch_3.tar	45901312	87299	283262464	563564
1789	1788	AF-0000000211845768	shard_568_batch_3.tar	62879232	85299	292211712	528769
1790	1747	AF-0000000211845184	shard_572_batch_0.tar	83933184	89832	312248832	598722
1790	1749	AF-0000000211845222	shard_566_batch_0.tar	88101376	87014	699684864	533025
1790	1788	AF-0000000211845769	shard_564_batch_0.tar	86272000	85023	695050240	505832
1790	1789	AF-0000000211845771	shard_572_batch_0.tar	22879232	88173	594886144	561154
1791	1788	AF-0000000211845770	shard_594_batch_3.tar	7548928	95661	251387392	639910
1799	1425	AF-0000000211841530	shard_772_batch_2.tar	512	175863	2363526656	2327784
1801	1233	AF-0000000211835560	shard_872_batch_2.tar	223238144	325930	2813976064	7939438
1801	1249	AF-0000000211837719	shard_836_batch_2.tar	24529408	237185	3407000064	4175121
1803	1683	AF-0000000211844523	shard_840_batch_2.tar	158394368	240703	4480694272	4245647
1804	1141	AF-0000000211832831	shard_560_batch_0.tar	79632384	86387	624330752	492633
1804	1778	AF-0000000211845536	shard_466_batch_1.tar	36775936	44154	198236160	117078
1804	1784	AF-0000000211845713	shard_670_batch_0.tar	43148800	124724	1075179520	1087548
1806	1230	AF-0000000211835137	shard_850_batch_2.tar	237796352	256225	3397212672	5138652
1809	1042	AF-0000000211831080	shard_878_batch_1.tar	265464320	410027	3387272192	11736333
1809	1097	AF-0000000211832239	shard_848_batch_2.tar	102203904	250872	1413725184	4712162
1809	1169	AF-0000000211833659	shard_850_batch_2.tar	162826752	251368	2880844288	4753575
1809	1326	AF-0000000211839754	shard_878_batch_1.tar	285273088	403447	2108407296	12147544
1809	1330	AF-0000000211839887	shard_850_batch_2.tar	141623808	253021	1451399680	4804210
1809	1376	AF-0000000211840541	shard_870_batch_2.tar	103578112	303912	3360425472	7019074
1809	1408	AF-0000000211841014	shard_870_batch_2.tar	151747072	310016	5182045184	7318612
1809	1422	AF-0000000211841365	shard_878_batch_1.tar	240304128	376505	5880161280	10257948
1809	1696	AF-0000000211844655	shard_874_batch_2.tar	54172672	328566	6313877504	8175927
1814	1244	AF-0000000211837043	shard_490_batch_3.tar	46890496	58495	274689024	238160
1819	1124	AF-0000000211832575	shard_596_batch_3.tar	87063552	97674	809163776	685625
1819	1278	AF-0000000211839142	shard_582_batch_3.tar	19964928	93787	513796096	620468
1819	1279	AF-0000000211839185	shard_582_batch_3.tar	36889088	94557	305160192	621662
1819	1462	AF-0000000211841809	shard_576_batch_3.tar	49801728	90356	767670784	575066
1819	1464	AF-0000000211841880	shard_586_batch_3.tar	76576768	93331	471077888	622927
1819	1489	AF-0000000211842177	shard_644_batch_3.tar	11557376	116106	605953024	984274
1819	1490	AF-0000000211842212	shard_638_batch_3.tar	91914240	113034	618938880	947433
1819	1617	AF-0000000211843650	shard_642_batch_2.tar	60036096	114068	631898112	887226
1819	1645	AF-0000000211844158	shard_640_batch_3.tar	74024448	112952	1024307200	906829
1823	1112	AF-0000000211832392	shard_506_batch_3.tar	40810496	68644	318781440	291941
1823	1251	AF-0000000211838004	shard_486_batch_3.tar	42174464	58189	181512704	197011
1823	1542	AF-0000000211842737	shard_486_batch_3.tar	13297664	58716	298719744	192515
1823	1778	AF-0000000211845537	shard_476_batch_3.tar	45547008	52885	257612800	150787
1825	1824	AF-0000000211846352	shard_494_batch_3.tar	22928384	61309	206814208	239792
1833	1311	AF-0000000211839578	shard_818_batch_2.tar	90270208	213456	1944004096	3549444
1836	1687	AF-0000000211844551	shard_680_batch_3.tar	27206144	129157	1158886400	1195417
1842	1124	AF-0000000211832579	shard_566_batch_3.tar	15493632	86617	489244672	533251
1842	1127	AF-0000000211832634	shard_498_batch_3.tar	40026624	61546	220012544	258845
1843	1119	AF-0000000211832482	shard_608_batch_3.tar	58985984	101138	478594560	762745
1843	1123	AF-0000000211832555	shard_622_batch_3.tar	55421952	105656	312544768	832700
1843	1124	AF-0000000211832580	shard_620_batch_3.tar	12128768	103594	830480896	811448
1843	1461	AF-0000000211841774	shard_672_batch_3.tar	118617600	124481	533531136	1168252
1843	1464	AF-0000000211841882	shard_608_batch_3.tar	93358080	99223	409454592	775459
1843	1617	AF-0000000211843652	shard_662_batch_3.tar	3286016	120400	591214080	1085980
1843	1645	AF-0000000211844160	shard_660_batch_3.tar	85998592	119237	230674432	1074189
1843	1819	AF-0000000211846311	shard_648_batch_3.tar	51556352	114886	834004480	994714
1843	1841	AF-0000000211846476	shard_640_batch_3.tar	83499008	111091	346625536	921665
1843	1842	AF-0000000211846480	shard_620_batch_3.tar	62988800	103780	569585152	804151
1847	1331	AF-0000000211839936	shard_640_batch_2.tar	80716288	116254	675280384	973863
1848	1163	AF-0000000211833509	shard_726_batch_2.tar	71088640	150640	495512064	1661409
1848	1169	AF-0000000211833660	shard_622_batch_3.tar	19765248	107292	561495552	885564
1848	1330	AF-0000000211839888	shard_626_batch_3.tar	92221440	108448	437198336	904918
1848	1847	AF-0000000211846517	shard_630_batch_3.tar	16350208	111847	711576576	925453
1852	1032	AF-0000000211830987	shard_536_batch_3.tar	37514240	78065	417262080	427583
1852	1851	AF-0000000211846610	shard_590_batch_3.tar	47987712	98094	682609152	662908
1854	1168	AF-0000000211833595	shard_644_batch_0.tar	45526528	116594	1063622144	1009102
1854	1326	AF-0000000211839757	shard_868_batch_0.tar	185472512	298418	6259539968	6621689
1854	1331	AF-0000000211839937	shard_652_batch_0.tar	5354496	120040	468925440	1061050
1854	1848	AF-0000000211846560	shard_642_batch_0.tar	79110144	116050	747051520	1008108
1856	1855	AF-0000000211846658	shard_656_batch_3.tar	57279488	118473	1067248640	991289
1857	1856	AF-0000000211846664	shard_594_batch_2.tar	74533888	97708	229413376	631391
1858	1124	AF-0000000211832581	shard_622_batch_3.tar	67250688	106001	753716736	819015
1858	1278	AF-0000000211839145	shard_606_batch_2.tar	88160256	102416	446172672	754813
1858	1279	AF-0000000211839188	shard_608_batch_3.tar	78885376	103005	688173056	748317
1858	1462	AF-0000000211841812	shard_602_batch_3.tar	77143040	98883	898200064	704904
1858	1464	AF-0000000211841883	shard_610_batch_3.tar	36198400	101441	762987008	764024
1858	1489	AF-0000000211842180	shard_668_batch_3.tar	78576640	124189	360082944	1153715
1858	1490	AF-0000000211842215	shard_660_batch_3.tar	74491904	121431	465486336	1101953
1858	1617	AF-0000000211843653	shard_664_batch_3.tar	78362624	121969	529094656	1070367
1858	1645	AF-0000000211844161	shard_662_batch_3.tar	89746944	121398	607384576	1090733
1858	1819	AF-0000000211846312	shard_650_batch_3.tar	79850496	116853	565731840	975147
1858	1843	AF-0000000211846482	shard_672_batch_3.tar	122749440	123336	1291599360	1158378
1858	1856	AF-0000000211846665	shard_642_batch_3.tar	71659520	114427	338017792	952699
1858	1857	AF-0000000211846669	shard_630_batch_3.tar	33332224	109379	916247040	849780
1869	1132	AF-0000000211832656	shard_652_batch_0.tar	47986176	116786	817921024	902512
1892	1891	AF-0000000211846933	shard_638_batch_0.tar	31295488	111487	1011780096	760266
1894	1597	AF-0000000211843461	shard_602_batch_0.tar	65455616	99683	409692160	629113
1906	1168	AF-0000000211833596	shard_626_batch_2.tar	90906112	109623	994328576	879632
1906	1331	AF-0000000211839938	shard_634_batch_2.tar	88195584	113596	417463296	934823
1906	1848	AF-0000000211846561	shard_624_batch_2.tar	21492736	108980	355869184	887366
1907	1163	AF-0000000211833510	shard_726_batch_2.tar	73040384	150365	516743168	1642378
1907	1906	AF-0000000211847015	shard_624_batch_2.tar	83271168	109609	524036608	867304
1910	1210	AF-0000000211834399	shard_706_batch_2.tar	565248	140605	1088067072	1397423
1915	1914	AF-0000000211847200	shard_874_batch_2.tar	217131520	342593	2468133376	8769203
1918	1210	AF-0000000211834400	shard_600_batch_3.tar	40549376	100798	435118592	723522
1918	1804	AF-0000000211846004	shard_552_batch_3.tar	76448768	83553	436097536	497384
1920	1918	AF-0000000211847206	shard_678_batch_2.tar	71108096	129280	1254795264	1195887
1920	1919	AF-0000000211847251	shard_738_batch_2.tar	133094912	157649	1482348544	1801703
1922	1428	AF-0000000211841562	shard_618_batch_2.tar	35173376	105237	630050304	769042
1924	1239	AF-0000000211836415	shard_457_batch_0.tar	5164544	32358	104833024	54276
1924	1253	AF-0000000211838239	shard_457_batch_0.tar	26525184	26763	72728576	33857
1928	1326	AF-0000000211839763	shard_874_batch_2.tar	16283648	339133	4915834880	8568095
1928	1349	AF-0000000211840139	shard_736_batch_2.tar	136934400	153680	1623784448	1788985
1928	1408	AF-0000000211841019	shard_844_batch_2.tar	13485056	245170	2552658432	4630515
1928	1420	AF-0000000211841254	shard_734_batch_2.tar	87514112	153387	1297989632	1767756
1928	1421	AF-0000000211841282	shard_782_batch_2.tar	173365248	181179	1530476032	2450781
1928	1422	AF-0000000211841376	shard_870_batch_2.tar	131729920	311396	6178083328	7008636
1928	1553	AF-0000000211842863	shard_736_batch_2.tar	92145664	153166	398322176	1784970
1928	1696	AF-0000000211844660	shard_856_batch_2.tar	212327424	264105	1719375360	5364594
1928	1809	AF-0000000211846140	shard_868_batch_2.tar	163089408	300430	1878365696	6726985
1928	1927	AF-0000000211847302	shard_734_batch_2.tar	128251392	152000	572454400	1761167
1932	1160	AF-0000000211833477	shard_514_batch_3.tar	14149632	70887	188317696	269642
1936	1445	AF-0000000211841683	shard_498_batch_3.tar	35437568	60929	220553216	245803
1937	1446	AF-0000000211841687	shard_688_batch_2.tar	122130944	128824	390497280	1190701
1944	1227	AF-0000000211834880	shard_710_batch_3.tar	80327168	140933	1208775168	1528875
1944	1246	AF-0000000211837350	shard_662_batch_3.tar	35959296	122218	1213531648	1111395
1944	1539	AF-0000000211842657	shard_654_batch_3.tar	95014400	118880	377207808	1056880
1946	1250	AF-0000000211837865	shard_716_batch_0.tar	70270976	141098	671143424	1464252
1947	1701	AF-0000000211844763	shard_678_batch_0.tar	94141440	123172	402184192	1008502
1947	1946	AF-0000000211847450	shard_776_batch_0.tar	113979392	172394	1723122176	2111189
1952	1260	AF-0000000211838795	shard_874_batch_2.tar	208145920	334343	2185223168	8542989
1955	1954	AF-0000000211847613	shard_702_batch_0.tar	4983296	136512	640862720	1314959
1957	1956	AF-0000000211847622	shard_546_batch_0.tar	64619008	79725	201977856	450914
1958	1680	AF-0000000211844514	shard_508_batch_0.tar	41140224	66217	312824320	299054
1958	1955	AF-0000000211847620	shard_600_batch_0.tar	87198208	98884	525236224	699376
1958	1957	AF-0000000211847625	shard_522_batch_0.tar	72716288	71124	196830720	345185
1959	1954	AF-0000000211847617	shard_702_batch_0.tar	104096256	138330	804639744	1413781
1959	1958	AF-0000000211847627	shard_602_batch_0.tar	10364928	101209	568346624	752751
1963	1045	AF-0000000211831191	shard_618_batch_2.tar	29214208	105180	646130688	838020
1963	1359	AF-0000000211840302	shard_622_batch_3.tar	104528896	106493	246645248	855160
1964	1046	AF-0000000211831223	shard_610_batch_0.tar	82138624	100498	859002368	784547
1964	1358	AF-0000000211840275	shard_620_batch_0.tar	101038080	106689	539106816	838576
1964	1963	AF-0000000211847633	shard_618_batch_0.tar	92076544	105492	981728256	828590
1965	1045	AF-0000000211831192	shard_626_batch_2.tar	108172288	108200	487338496	882904
1965	1359	AF-0000000211840303	shard_630_batch_3.tar	40757760	109072	918741504	897181
1965	1963	AF-0000000211847634	shard_702_batch_2.tar	78110720	136819	662454784	1463658
1965	1964	AF-0000000211847639	shard_626_batch_2.tar	10197504	107931	588439552	872704
1968	1967	AF-0000000211847668	shard_496_batch_3.tar	57719296	60859	305257472	255175
1973	1245	AF-0000000211837201	shard_526_batch_0.tar	34884096	75472	340944896	387951
1973	1778	AF-0000000211845546	shard_510_batch_0.tar	48299008	68996	237837824	305380
1977	1241	AF-0000000211836671	shard_512_batch_3.tar	47104512	70262	302074368	328240
1978	1239	AF-0000000211836417	shard_456_batch_1.tar	24768512	30485	85124096	47565
1978	1247	AF-0000000211837484	shard_464_batch_0.tar	24330240	44370	158477312	112851
1978	1396	AF-0000000211840808	shard_456_batch_1.tar	27560960	34279	67500544	63170
1987	1140	AF-0000000211832805	shard_612_batch_0.tar	64360960	102653	642998784	682891
1987	1274	AF-0000000211838964	shard_700_batch_0.tar	27726336	133582	875069952	1254164
1987	1986	AF-0000000211847799	shard_684_batch_0.tar	73473536	128014	596119552	1115155
1988	1987	AF-0000000211847820	shard_578_batch_0.tar	6087168	87897	438247936	512323
1995	1992	AF-0000000211847891	shard_836_batch_2.tar	140302848	234386	3639960576	3981096
1996	1701	AF-0000000211844764	shard_674_batch_3.tar	53019648	120362	574486528	968206
1996	1947	AF-0000000211847536	shard_672_batch_3.tar	76951552	120102	298163200	969495
2004	1119	AF-0000000211832484	shard_542_batch_3.tar	63171584	81763	420801024	441632
2004	1278	AF-0000000211839146	shard_540_batch_3.tar	40497664	80276	517013504	417942
2004	1279	AF-0000000211839190	shard_540_batch_3.tar	62091264	80734	256293888	410256
2004	1461	AF-0000000211841776	shard_610_batch_2.tar	12480000	105022	495138304	764875
2004	1462	AF-0000000211841813	shard_534_batch_3.tar	2646016	76388	238397952	392421
2004	1464	AF-0000000211841884	shard_542_batch_3.tar	6696960	79222	258547712	432137
2004	1617	AF-0000000211843654	shard_598_batch_3.tar	46515712	101279	224612352	695879
2004	1645	AF-0000000211844162	shard_598_batch_3.tar	693760	99905	679045120	697396
2004	1748	AF-0000000211845195	shard_584_batch_3.tar	22296064	96167	378066944	625696
2004	1819	AF-0000000211846313	shard_584_batch_3.tar	15956480	95416	491900416	636333
2004	1858	AF-0000000211846674	shard_610_batch_2.tar	22784000	103888	558290432	769944
2005	1119	AF-0000000211832485	shard_540_batch_3.tar	317952	78485	334646272	438678
2005	1278	AF-0000000211839147	shard_536_batch_3.tar	34429440	76972	395848704	399621
2005	1279	AF-0000000211839191	shard_536_batch_3.tar	76474368	77555	557817856	403016
2005	1461	AF-0000000211841777	shard_606_batch_2.tar	97287168	102246	776176128	752087
2005	1462	AF-0000000211841814	shard_530_batch_3.tar	19522560	73530	483523584	375886
2005	1464	AF-0000000211841885	shard_538_batch_3.tar	31222272	76198	515101184	412927
2005	1617	AF-0000000211843655	shard_594_batch_3.tar	88150528	97900	601271296	677493
2005	1645	AF-0000000211844163	shard_594_batch_3.tar	62678528	96738	780854784	675423
2005	1819	AF-0000000211846314	shard_580_batch_3.tar	38903808	92571	424762880	624944
2005	1858	AF-0000000211846675	shard_606_batch_2.tar	70253568	100920	298131968	753242
2007	1187	AF-0000000211834018	shard_682_batch_3.tar	72530944	126024	456954368	1236246
2008	1557	AF-0000000211842924	shard_650_batch_2.tar	74657792	116437	856198656	1049722
2008	1559	AF-0000000211842981	shard_674_batch_3.tar	30823424	124334	903838208	1214079
2008	1768	AF-0000000211845314	shard_704_batch_2.tar	135625728	137682	1327534080	1488245
2013	1302	AF-0000000211839378	shard_602_batch_3.tar	59883520	96883	262750720	681858
2013	1371	AF-0000000211840515	shard_602_batch_3.tar	1995776	97395	202365952	710097
2015	1301	AF-0000000211839376	shard_598_batch_3.tar	33463296	95217	211299840	656943
2016	1673	AF-0000000211844419	shard_686_batch_2.tar	9551872	127496	721068032	1206080
2019	1326	AF-0000000211839766	shard_854_batch_2.tar	195167232	257033	4487473152	4901441
2019	1928	AF-0000000211847320	shard_736_batch_2.tar	85606400	153742	560710656	1784452
2021	1230	AF-0000000211835151	shard_850_batch_2.tar	179066880	255614	1019911680	5058136
2021	1893	AF-0000000211846942	shard_778_batch_3.tar	58348544	173674	1086436352	2210493
2025	1987	AF-0000000211847822	shard_614_batch_3.tar	21438976	102824	741477376	704226
2033	1557	AF-0000000211842925	shard_626_batch_3.tar	512	106645	717622272	889743
2033	1559	AF-0000000211842982	shard_652_batch_3.tar	52820992	115033	1082531840	1043326
2033	1768	AF-0000000211845315	shard_684_batch_3.tar	8434688	128405	1383878144	1302575
2038	1227	AF-0000000211834882	shard_518_batch_0.tar	9654784	70507	433971200	361505
2052	1059	AF-0000000211831646	shard_460_batch_0.tar	13858304	40295	112654848	93888
2054	1027	AF-0000000211830882	shard_840_batch_2.tar	222370304	235896	4115016704	4338505
2054	1203	AF-0000000211834355	shard_830_batch_2.tar	34560512	223885	3944576000	3899195
2054	1205	AF-0000000211834377	shard_830_batch_2.tar	144709120	224388	814220800	3910129
2054	1326	AF-0000000211839771	shard_876_batch_2.tar	240423936	345074	8340492800	8960520
2054	1376	AF-0000000211840544	shard_846_batch_2.tar	13840896	246211	763036160	4654115
2054	1408	AF-0000000211841026	shard_848_batch_2.tar	81193472	251469	3266898944	4913686
2054	1422	AF-0000000211841387	shard_872_batch_2.tar	75984384	315724	2680768000	7159840
2054	1696	AF-0000000211844667	shard_858_batch_2.tar	180597248	270150	2071762944	5713799
2054	1809	AF-0000000211846149	shard_870_batch_2.tar	216910848	306956	3519856640	6999979
2054	1928	AF-0000000211847324	shard_844_batch_2.tar	235325952	241913	1198834176	4537581
2057	1804	AF-0000000211846014	shard_478_batch_3.tar	22146560	53131	163040768	170745
2059	1160	AF-0000000211833478	shard_518_batch_3.tar	22793728	72374	180983808	284376
2059	1932	AF-0000000211847392	shard_512_batch_3.tar	62697472	70572	218231808	271420
2060	1374	AF-0000000211840528	shard_578_batch_3.tar	75968000	92450	447050752	593749
2060	1580	AF-0000000211843323	shard_578_batch_3.tar	54595072	93108	564240896	598056
2060	1741	AF-0000000211845166	shard_592_batch_3.tar	51219456	95545	469308928	662656
2061	1461	AF-0000000211841778	shard_620_batch_3.tar	75957760	107444	407288832	841869
2061	1464	AF-0000000211841886	shard_552_batch_3.tar	72015872	81698	590802944	487750
2062	1422	AF-0000000211841388	shard_856_batch_2.tar	211260416	265644	5375688704	5100455
2066	1126	AF-0000000211832629	shard_530_batch_3.tar	15938560	76275	352799744	379099
2066	1904	AF-0000000211846998	shard_716_batch_3.tar	71924736	144847	1189518336	1531670
2067	1038	AF-0000000211831044	shard_462_batch_3.tar	22685184	41762	156667392	101110
2068	1127	AF-0000000211832636	shard_550_batch_3.tar	14194176	83074	573197312	497009
2072	1557	AF-0000000211842926	shard_644_batch_0.tar	80454144	113660	663490560	1007479
2072	1559	AF-0000000211842983	shard_668_batch_0.tar	108812288	121545	868433408	1169882
2072	1768	AF-0000000211845317	shard_700_batch_0.tar	1908224	135269	1091344896	1441841
2074	1557	AF-0000000211842927	shard_486_batch_3.tar	46032384	57980	215967232	192785
2079	1773	AF-0000000211845465	shard_656_batch_3.tar	57757696	120667	657702400	1051433
2085	1226	AF-0000000211834764	shard_512_batch_3.tar	21129216	67488	149470720	276037
2085	1227	AF-0000000211834884	shard_548_batch_3.tar	25008640	80906	319893504	434121
2085	1240	AF-0000000211836545	shard_500_batch_3.tar	36577792	63203	164679680	249832
2085	1242	AF-0000000211836803	shard_510_batch_3.tar	20601344	68170	163385344	292243
2085	1243	AF-0000000211836940	shard_484_batch_3.tar	14025216	56458	244158976	187307
2085	1244	AF-0000000211837061	shard_492_batch_3.tar	57407488	60415	231621120	227684
2085	1245	AF-0000000211837210	shard_504_batch_3.tar	13426176	65373	346395648	277605
2085	1254	AF-0000000211838345	shard_512_batch_3.tar	13084160	68037	455872512	315013
2085	1258	AF-0000000211838706	shard_506_batch_3.tar	12902912	66001	292182016	288267
2088	1244	AF-0000000211837063	shard_470_batch_0.tar	21561856	50094	92994560	152266
2090	1058	AF-0000000211831511	shard_462_batch_0.tar	38413824	41216	169316352	89748
2090	1142	AF-0000000211832940	shard_468_batch_0.tar	45591040	47602	154855424	129204
2090	1233	AF-0000000211835576	shard_694_batch_0.tar	87838720	134863	653251072	1396858
2090	1234	AF-0000000211835685	shard_462_batch_0.tar	25320448	41467	147004928	102660
2090	1245	AF-0000000211837212	shard_464_batch_0.tar	24733696	43912	108852224	117534
2090	1477	AF-0000000211842052	shard_560_batch_0.tar	25580032	87315	370433024	534325
2092	1231	AF-0000000211835300	shard_724_batch_0.tar	14447104	148016	1716976640	1652259
2102	1660	AF-0000000211844297	shard_462_batch_3.tar	12480000	41370	147996160	105540
2116	1388	AF-0000000211840672	shard_484_batch_3.tar	44005888	55884	134618624	201161
2118	1683	AF-0000000211844524	shard_844_batch_0.tar	244644864	248968	3172319744	4492412
2118	1803	AF-0000000211845988	shard_830_batch_0.tar	200863744	229863	2439536128	3825958
2122	1462	AF-0000000211841816	shard_546_batch_3.tar	50511872	80924	234679808	447668
2122	1464	AF-0000000211841887	shard_556_batch_3.tar	45480960	83495	328831488	474085
2135	1326	AF-0000000211839781	shard_868_batch_0.tar	103785984	294317	3925537280	6443817
2135	1809	AF-0000000211846162	shard_850_batch_0.tar	94052352	256944	1022800896	4827987
2136	1326	AF-0000000211839782	shard_874_batch_0.tar	243438592	332304	3599569408	7989361
2136	1557	AF-0000000211842928	shard_714_batch_0.tar	98833408	143416	543367680	1529640
2136	1559	AF-0000000211842985	shard_732_batch_0.tar	139191296	151018	1128434176	1694352
2136	1768	AF-0000000211845320	shard_756_batch_0.tar	14696448	164114	542512128	1987647
2137	1557	AF-0000000211842929	shard_658_batch_0.tar	39009280	119193	878239744	1088394
2137	1768	AF-0000000211845321	shard_710_batch_0.tar	11933184	140559	1038130176	1529292
2140	1918	AF-0000000211847210	shard_698_batch_0.tar	119853568	135426	487391744	1330642
2148	1595	AF-0000000211843440	shard_498_batch_0.tar	28354048	62413	305368064	259214
2157	1662	AF-0000000211844305	shard_732_batch_0.tar	58699264	150911	1841119744	1651999
2162	1236	AF-0000000211836004	shard_1100_batch_4.tar	38744064	50818	116553216	170180
2162	1239	AF-0000000211836429	shard_458_batch_4.tar	2542592	34786	111277056	66812
2162	1243	AF-0000000211836944	shard_457_batch_0.tar	18786816	30105	73332224	48540
2162	1249	AF-0000000211837742	shard_462_batch_3.tar	12650496	40344	159031808	96708
2162	1256	AF-0000000211838492	shard_457_batch_0.tar	26613760	26005	64158208	34704
2165	1361	AF-0000000211840331	shard_602_batch_3.tar	35406848	99288	724488192	712200
2167	1963	AF-0000000211847635	shard_610_batch_0.tar	55030272	103228	920342528	800758
2177	1709	AF-0000000211844827	shard_660_batch_3.tar	82387456	119232	229743104	930508
2178	1709	AF-0000000211844828	shard_662_batch_2.tar	83910144	120053	382626816	932575
2179	1987	AF-0000000211847826	shard_614_batch_3.tar	92163072	101617	844943360	768726
2180	1705	AF-0000000211844806	shard_600_batch_3.tar	69996544	97213	245345792	675268
2180	1710	AF-0000000211844833	shard_594_batch_3.tar	10161152	95452	821738496	672825
2182	1705	AF-0000000211844808	shard_596_batch_3.tar	8675840	97443	266665472	661845
2182	1710	AF-0000000211844835	shard_590_batch_3.tar	83545088	95584	238283776	636873
2191	1211	AF-0000000211834444	shard_870_batch_2.tar	164664832	303887	7083418624	6650894
2191	1276	AF-0000000211839055	shard_862_batch_2.tar	38018048	276481	5798402048	5657832
2191	1422	AF-0000000211841405	shard_876_batch_2.tar	161856512	348588	7878074880	9071470
2191	1771	AF-0000000211845427	shard_776_batch_2.tar	76434432	178084	1879048704	2319950
2198	1557	AF-0000000211842931	shard_646_batch_3.tar	29080064	115310	417067520	1020683
2198	1559	AF-0000000211842987	shard_670_batch_2.tar	29693952	123049	439507456	1184217
2198	1768	AF-0000000211845323	shard_700_batch_2.tar	100814336	136499	484824576	1455768
2201	1042	AF-0000000211831091	shard_872_batch_0.tar	205840896	324344	7828094464	7251981
2201	1175	AF-0000000211833892	shard_808_batch_0.tar	125084672	207374	2550277120	3204397
2201	1421	AF-0000000211841298	shard_744_batch_0.tar	62672384	158805	1332511232	1907622
2201	1793	AF-0000000211845807	shard_824_batch_0.tar	165914624	220381	924376576	3738391
2201	1816	AF-0000000211846295	shard_794_batch_0.tar	3441664	192861	2423394304	2709740
2202	1393	AF-0000000211840757	shard_684_batch_3.tar	66606592	132343	749561344	1204368
2210	1987	AF-0000000211847827	shard_610_batch_3.tar	64696832	100580	892725248	679841
2212	1246	AF-0000000211837370	shard_584_batch_3.tar	4160512	93687	577521664	593754
2214	1258	AF-0000000211838718	shard_510_batch_3.tar	37744128	69420	149444608	307402
2219	1588	AF-0000000211843349	shard_642_batch_2.tar	32917504	115075	485463552	903731
2222	1132	AF-0000000211832657	shard_654_batch_3.tar	104570368	117815	730353152	933888
2222	1869	AF-0000000211846780	shard_662_batch_3.tar	30882304	119399	475345408	975130
2223	1113	AF-0000000211832397	shard_728_batch_2.tar	33111552	148338	1699987456	1583098
2224	1174	AF-0000000211833876	shard_684_batch_3.tar	2326016	128902	309357056	1315480
2224	1269	AF-0000000211838927	shard_682_batch_3.tar	52078592	126900	352766464	1289786
2228	1168	AF-0000000211833616	shard_644_batch_3.tar	36595712	114801	847579648	995794
2228	1422	AF-0000000211841410	shard_858_batch_2.tar	48088576	269819	2631303168	5318396
2228	1848	AF-0000000211846581	shard_642_batch_3.tar	102417408	114503	971244544	1000542
2228	1907	AF-0000000211847083	shard_642_batch_3.tar	46502400	114440	720151040	983844
2243	1239	AF-0000000211836432	shard_478_batch_3.tar	44564480	51777	119979008	168825
2243	1389	AF-0000000211840717	shard_680_batch_3.tar	31188480	125667	654406656	1227955
2243	1695	AF-0000000211844625	shard_624_batch_2.tar	104667136	105947	775890944	839743
2243	1784	AF-0000000211845720	shard_684_batch_3.tar	126674944	130033	1390150144	1211962
2252	1315	AF-0000000211839640	shard_640_batch_3.tar	91826688	113100	419060736	901152
2253	1056	AF-0000000211831384	shard_740_batch_2.tar	102822912	153729	632837120	1764089
2254	1168	AF-0000000211833617	shard_630_batch_3.tar	39998976	108966	354407936	912046
2254	1331	AF-0000000211839959	shard_638_batch_3.tar	59243008	112144	493606400	963705
2254	1422	AF-0000000211841412	shard_854_batch_2.tar	90873856	263465	3130589696	5082008
2254	1907	AF-0000000211847084	shard_628_batch_3.tar	63611904	108260	453953536	894166
2255	1169	AF-0000000211833670	shard_622_batch_3.tar	2133504	107267	934672896	877020
2255	1330	AF-0000000211839897	shard_626_batch_2.tar	23880192	108591	508764672	903110
2255	1854	AF-0000000211846624	shard_644_batch_3.tar	60272128	116115	858106368	999210
2257	1242	AF-0000000211836815	shard_516_batch_3.tar	8670720	70521	403168768	352792
2259	1239	AF-0000000211836434	shard_568_batch_3.tar	60907520	89847	565786112	539612
2259	1266	AF-0000000211838885	shard_676_batch_2.tar	84270080	126921	1089139712	1178358
2259	1673	AF-0000000211844442	shard_670_batch_2.tar	5457408	123704	545638912	1144293
2261	1230	AF-0000000211835166	shard_848_batch_2.tar	234686464	252107	2460814848	4939022
2263	1454	AF-0000000211841711	shard_782_batch_2.tar	84795392	182210	848114688	2411748
2271	1216	AF-0000000211834516	shard_494_batch_0.tar	43297792	60584	190991872	219598
2273	1041	AF-0000000211831056	shard_696_batch_0.tar	110460416	132595	1580048384	1118776
2283	1778	AF-0000000211845580	shard_457_batch_0.tar	14631936	30409	57789952	44426
2288	1279	AF-0000000211839196	shard_678_batch_3.tar	9949184	128870	543727104	1234209
2288	1464	AF-0000000211841890	shard_680_batch_3.tar	10245632	127679	315977728	1251794
2291	1735	AF-0000000211845132	shard_728_batch_0.tar	97882624	148156	918118912	1641318
2292	1046	AF-0000000211831232	shard_766_batch_0.tar	29928960	165231	933935104	2300495
2292	1358	AF-0000000211840284	shard_770_batch_0.tar	116969472	171256	1639787008	2399443
2292	1963	AF-0000000211847636	shard_770_batch_0.tar	3628032	170055	757567488	2385295
2292	1965	AF-0000000211847660	shard_774_batch_0.tar	51385344	172962	2187818496	2463505
2293	1174	AF-0000000211833883	shard_672_batch_0.tar	6419968	123527	1069219328	1217365
2293	1269	AF-0000000211838934	shard_668_batch_0.tar	1494528	121554	851549184	1193301
2295	1230	AF-0000000211835167	shard_846_batch_2.tar	240979456	250014	3435589120	4861218
2298	1033	AF-0000000211830995	shard_774_batch_2.tar	25788416	175508	545288704	2077333
2299	1034	AF-0000000211831000	shard_734_batch_2.tar	6032384	151291	958726144	1532652
2304	1683	AF-0000000211844525	shard_838_batch_2.tar	227575808	235666	3191897088	4105221
2304	1803	AF-0000000211845989	shard_822_batch_2.tar	118074880	216764	2894851584	3484033
2321	1434	AF-0000000211841590	shard_542_batch_3.tar	56628736	78624	396845056	416988
2330	1124	AF-0000000211832590	shard_614_batch_3.tar	25613824	103109	628263936	769626
2330	1278	AF-0000000211839153	shard_600_batch_3.tar	54216704	99760	261612544	695078
2330	1279	AF-0000000211839197	shard_600_batch_3.tar	26260480	100314	346341376	696827
2330	1462	AF-0000000211841820	shard_594_batch_3.tar	88646144	95897	502267904	644358
2330	1464	AF-0000000211841891	shard_604_batch_2.tar	88689152	98757	304009216	715393
2330	1489	AF-0000000211842188	shard_662_batch_3.tar	50904576	121632	726757376	1093723
2330	1490	AF-0000000211842223	shard_654_batch_3.tar	16525824	118860	768448512	1055398
2330	1617	AF-0000000211843661	shard_658_batch_3.tar	113438720	120018	619906560	1004538
2330	1645	AF-0000000211844169	shard_656_batch_3.tar	73193984	119042	334019072	1029447
2330	1843	AF-0000000211846491	shard_664_batch_3.tar	63751168	120212	1214871040	1096957
2330	1856	AF-0000000211846666	shard_636_batch_3.tar	85407744	111479	325478400	898674
2330	1857	AF-0000000211846670	shard_622_batch_2.tar	70523904	106600	239809024	798514
2330	1858	AF-0000000211846681	shard_666_batch_2.tar	125032960	122530	1157207040	1081274
2331	1856	AF-0000000211846667	shard_592_batch_3.tar	57880064	98126	259255296	644450
2331	1858	AF-0000000211846682	shard_628_batch_3.tar	104230400	109593	839826432	851356
2332	1857	AF-0000000211846671	shard_594_batch_3.tar	24912896	97186	534726144	656925
2332	1858	AF-0000000211846683	shard_642_batch_3.tar	38520320	113902	847710720	945772
2344	1971	AF-0000000211847696	shard_636_batch_0.tar	10446336	111516	656914432	892757
2346	1432	AF-0000000211841586	shard_586_batch_3.tar	65380864	96926	750180864	621409
2350	1144	AF-0000000211833174	shard_672_batch_2.tar	85215232	125396	500369408	1129902
2361	1603	AF-0000000211843541	shard_654_batch_3.tar	101880320	115496	1128425984	909687
2362	1153	AF-0000000211833433	shard_626_batch_0.tar	43727360	108081	625033216	858193
2362	1156	AF-0000000211833452	shard_740_batch_0.tar	69121024	154198	1262609408	1859988
2366	1035	AF-0000000211831019	shard_752_batch_2.tar	149162496	159931	1415513600	1794668
2373	1216	AF-0000000211834518	shard_624_batch_0.tar	67440128	105856	895186944	802723
2374	1308	AF-0000000211839501	shard_632_batch_0.tar	90992640	108572	910776320	749043
2374	1727	AF-0000000211845037	shard_650_batch_0.tar	108726272	116261	691357696	851508
2375	1307	AF-0000000211839485	shard_664_batch_0.tar	512	120909	749607936	928153
2375	1728	AF-0000000211845044	shard_662_batch_0.tar	94277120	120101	882793984	918076
2395	1119	AF-0000000211832492	shard_544_batch_3.tar	21386752	81095	251329536	429578
2395	1278	AF-0000000211839154	shard_540_batch_3.tar	75142144	79470	272133632	403994
2395	1279	AF-0000000211839198	shard_540_batch_3.tar	52717056	79892	415339520	399503
2395	1280	AF-0000000211839218	shard_546_batch_3.tar	20817408	82006	466746368	421039
2395	1461	AF-0000000211841784	shard_610_batch_2.tar	7962112	104353	280546816	767330
2395	1462	AF-0000000211841821	shard_534_batch_3.tar	13764608	76016	454561792	392607
2395	1463	AF-0000000211841857	shard_574_batch_3.tar	43323904	92462	306632192	592208
2395	1464	AF-0000000211841892	shard_542_batch_3.tar	46205952	78466	423925248	420790
2395	1617	AF-0000000211843662	shard_598_batch_3.tar	72581632	100464	584783360	691250
2395	1645	AF-0000000211844170	shard_598_batch_3.tar	97148416	99338	382511104	679082
2395	1819	AF-0000000211846321	shard_584_batch_3.tar	76296704	94717	670231552	620091
2395	1858	AF-0000000211846685	shard_610_batch_2.tar	24467968	103150	405762048	757410
2396	1119	AF-0000000211832493	shard_538_batch_3.tar	74784768	77894	267032576	409569
2396	1278	AF-0000000211839155	shard_534_batch_3.tar	43966976	76228	200007680	380960
2396	1279	AF-0000000211839199	shard_534_batch_3.tar	15168512	76753	308945408	384671
2396	1280	AF-0000000211839219	shard_540_batch_3.tar	65363968	78908	533685760	402663
2396	1461	AF-0000000211841785	shard_604_batch_2.tar	88989184	101696	749105152	740197
2396	1462	AF-0000000211841822	shard_528_batch_3.tar	54206464	72864	418501632	352875
2396	1464	AF-0000000211841893	shard_538_batch_3.tar	64536576	75796	257149440	394757
2396	1617	AF-0000000211843663	shard_592_batch_3.tar	43465728	97112	642344960	658233
2396	1645	AF-0000000211844171	shard_592_batch_3.tar	82699264	96124	294517760	655711
2396	1819	AF-0000000211846322	shard_578_batch_3.tar	36224512	91665	496691712	603580
2396	1858	AF-0000000211846686	shard_604_batch_2.tar	41178112	100289	894009344	728109
2398	1978	AF-0000000211847735	shard_564_batch_0.tar	70053376	86532	523368960	503356
2404	1097	AF-0000000211832251	shard_780_batch_2.tar	51714560	179398	1903591424	2484841
2404	1169	AF-0000000211833674	shard_780_batch_2.tar	51348480	180411	1771731456	2517261
2404	1211	AF-0000000211834449	shard_852_batch_2.tar	59230208	257696	2345952256	4802501
2404	1324	AF-0000000211839702	shard_832_batch_2.tar	33047552	227832	3314691584	3966460
2404	1326	AF-0000000211839796	shard_874_batch_2.tar	83544576	331840	4598681088	8305200
2404	1376	AF-0000000211840552	shard_836_batch_2.tar	91906560	233150	2680026624	4081815
2404	1408	AF-0000000211841043	shard_840_batch_2.tar	21326336	238339	2658121216	4351732
2404	1422	AF-0000000211841420	shard_870_batch_2.tar	139432960	304410	3899751424	6650303
2404	1696	AF-0000000211844684	shard_852_batch_2.tar	27779584	257142	2976458752	5099658
2404	1809	AF-0000000211846177	shard_868_batch_2.tar	33910272	293672	1661594112	6412788
2404	1928	AF-0000000211847336	shard_834_batch_2.tar	31392768	229272	2975749632	4053014
2425	1127	AF-0000000211832639	shard_472_batch_3.tar	35909632	48735	224656384	157395
2425	1352	AF-0000000211840197	shard_510_batch_3.tar	31365632	68503	225168896	325465
2425	1769	AF-0000000211845363	shard_472_batch_3.tar	40106496	49355	119372800	155380
2425	1907	AF-0000000211847086	shard_510_batch_3.tar	17007616	68800	131209728	329878
2428	1018	AF-0000000211830826	shard_518_batch_3.tar	21998592	70178	397444096	343848
2428	1019	AF-0000000211830832	shard_516_batch_3.tar	20052992	69485	314431488	334481
2428	1020	AF-0000000211830838	shard_518_batch_3.tar	64148992	70018	173666304	350056
2428	1345	AF-0000000211840102	shard_770_batch_2.tar	28545024	172294	1750594560	2386824
2429	1016	AF-0000000211830803	shard_804_batch_2.tar	84957184	196029	1740150784	3118761
2430	1017	AF-0000000211830818	shard_782_batch_2.tar	151522304	180883	2055633408	2602571
2430	1344	AF-0000000211840094	shard_780_batch_2.tar	112019968	178458	1045860352	2548107
2430	1346	AF-0000000211840113	shard_778_batch_2.tar	17413120	177502	1870927872	2522412
2431	1015	AF-0000000211830794	shard_582_batch_3.tar	66354176	91747	623112192	614744
2431	1018	AF-0000000211830827	shard_522_batch_3.tar	59204608	72134	201016832	358021
2431	1019	AF-0000000211830833	shard_520_batch_3.tar	6686720	71478	328119296	351977
2431	1020	AF-0000000211830839	shard_522_batch_3.tar	50160128	71877	167842304	368893
2431	1345	AF-0000000211840104	shard_772_batch_2.tar	151924224	174341	2125986304	2443748
2431	1348	AF-0000000211840128	shard_612_batch_3.tar	67350016	102992	633118720	805104
2432	1017	AF-0000000211830819	shard_528_batch_3.tar	55126528	73410	414652416	381459
2432	1344	AF-0000000211840095	shard_522_batch_3.tar	37105152	71002	218826240	355404
2432	1346	AF-0000000211840114	shard_522_batch_3.tar	46239232	70114	425920512	353253
2436	1778	AF-0000000211845582	shard_534_batch_3.tar	44359168	79368	195098624	421171
2438	1084	AF-0000000211832002	shard_552_batch_0.tar	32812032	81326	483699200	416514
2439	1086	AF-0000000211832007	shard_574_batch_3.tar	24753664	90365	327588864	506032
2440	1085	AF-0000000211832005	shard_570_batch_3.tar	80486912	87641	673063424	496241
2443	1443	AF-0000000211841669	shard_506_batch_3.tar	42432000	65566	230791168	275881
2444	1007	AF-0000000211830678	shard_618_batch_3.tar	21747200	103885	685094400	773999
2444	1443	AF-0000000211841670	shard_542_batch_3.tar	14594048	79084	467873792	434599
2449	1249	AF-0000000211837752	shard_608_batch_3.tar	80926720	104991	452232704	712646
2452	1230	AF-0000000211835176	shard_848_batch_2.tar	144080896	251323	2788249088	4913400
2461	1042	AF-0000000211831094	shard_876_batch_2.tar	351508480	365397	855211008	9342934
2461	1211	AF-0000000211834451	shard_864_batch_2.tar	173287936	284312	1664596480	5705092
2461	1421	AF-0000000211841302	shard_806_batch_2.tar	50084352	200773	727380480	3041176
2467	1502	AF-0000000211842295	shard_682_batch_3.tar	14394368	127566	912676352	1085562
2473	1000	AF-0000000211830466	shard_524_batch_0.tar	17999360	73279	488210944	357650
2475	1230	AF-0000000211835178	shard_848_batch_2.tar	6498816	250568	1630492672	4921042
2475	1558	AF-0000000211842962	shard_594_batch_2.tar	11272704	98380	766878208	706589
2475	1893	AF-0000000211846947	shard_772_batch_2.tar	11861504	169078	858429440	2125476
2478	1250	AF-0000000211837897	shard_542_batch_3.tar	70734848	81295	296486400	442602
2478	1251	AF-0000000211838028	shard_516_batch_3.tar	5586432	71907	467473920	329633
2482	1287	AF-0000000211839247	shard_774_batch_2.tar	150820864	173717	2155166720	2016374
2482	1667	AF-0000000211844399	shard_778_batch_3.tar	118998528	172558	2389735424	2072877
2487	1987	AF-0000000211847835	shard_616_batch_3.tar	46162432	102601	548513280	698339
2500	1097	AF-0000000211832254	shard_746_batch_3.tar	46639104	159235	931649024	1963163
2500	1169	AF-0000000211833677	shard_746_batch_3.tar	946176	159673	1094705664	1994869
2500	1211	AF-0000000211834453	shard_838_batch_2.tar	200833024	236939	1775214592	4139841
2500	1326	AF-0000000211839801	shard_872_batch_2.tar	512	311499	2976794112	7356794
2500	1376	AF-0000000211840554	shard_818_batch_2.tar	155497472	213251	2925529600	3385396
2500	1408	AF-0000000211841048	shard_822_batch_2.tar	183652864	218307	1593048064	3694997
2500	1560	AF-0000000211843048	shard_818_batch_2.tar	27717120	211565	3340172800	3467070
2500	1696	AF-0000000211844689	shard_838_batch_2.tar	222849536	236873	3603425280	4408181
2500	1809	AF-0000000211846183	shard_860_batch_2.tar	199007232	273838	5121413120	5622248
2500	1847	AF-0000000211846531	shard_752_batch_2.tar	97956352	164568	1230134272	2050600
2500	1928	AF-0000000211847340	shard_814_batch_2.tar	137482752	209081	2732272640	3349116
2505	1385	AF-0000000211840656	shard_752_batch_2.tar	134358528	159272	1814100480	1686534
2508	1138	AF-0000000211832764	shard_572_batch_3.tar	1715712	90683	633064448	587415
2509	1809	AF-0000000211846185	shard_824_batch_2.tar	32054784	219234	2740169728	3564581
2510	1097	AF-0000000211832255	shard_814_batch_2.tar	53662720	210746	2229887488	3199744
2510	1169	AF-0000000211833678	shard_814_batch_2.tar	15279104	211581	2672302080	3198190
2510	1211	AF-0000000211834454	shard_864_batch_2.tar	245634048	289876	1410961920	5844369
2510	1324	AF-0000000211839705	shard_852_batch_2.tar	254508032	259041	4391295488	4888529
2510	1326	AF-0000000211839803	shard_876_batch_2.tar	125477376	363357	8050513920	9524899
2510	1330	AF-0000000211839903	shard_816_batch_2.tar	89104896	213120	2895198720	3293911
2510	1376	AF-0000000211840555	shard_854_batch_2.tar	88001536	263821	3803030528	5047078
2510	1408	AF-0000000211841050	shard_856_batch_2.tar	204863488	269060	972264960	5306702
2510	1421	AF-0000000211841305	shard_808_batch_2.tar	62030848	205370	1076059648	2993136
2510	1422	AF-0000000211841430	shard_874_batch_2.tar	13676544	334639	4615429632	7782866
2510	1696	AF-0000000211844691	shard_864_batch_2.tar	257487872	287553	617333248	6122311
2510	1809	AF-0000000211846186	shard_872_batch_2.tar	1934336	324914	3028066816	7584195
2510	1854	AF-0000000211846630	shard_822_batch_2.tar	29599232	219625	535717888	3396435
2510	1927	AF-0000000211847312	shard_772_batch_2.tar	162200064	176347	709842944	2226189
2510	1928	AF-0000000211847342	shard_852_batch_2.tar	202736128	260462	4862051328	4975557
2515	1227	AF-0000000211834891	shard_666_batch_2.tar	33738240	122245	1009573376	1138528
2516	1231	AF-0000000211835317	shard_498_batch_3.tar	19623424	64089	244554240	275951
2516	1236	AF-0000000211836020	shard_526_batch_3.tar	22295552	75331	302933504	390817
2516	1244	AF-0000000211837084	shard_486_batch_3.tar	22318080	58695	319914496	219180
2516	1247	AF-0000000211837516	shard_518_batch_3.tar	9402368	73060	224600064	360998
2526	1364	AF-0000000211840395	shard_666_batch_2.tar	33487872	122554	1270661120	1117037
2529	1034	AF-0000000211831001	shard_724_batch_2.tar	63053312	145196	1379317248	1388887
2531	1033	AF-0000000211830997	shard_778_batch_2.tar	145911808	178130	2088624128	2154270
2532	1422	AF-0000000211841433	shard_854_batch_2.tar	252600320	264843	3586853376	4930904
2532	1557	AF-0000000211842937	shard_600_batch_3.tar	12495872	101529	385183744	739653
2532	1559	AF-0000000211842993	shard_626_batch_3.tar	98996736	109609	910021632	882033
2532	1768	AF-0000000211845331	shard_660_batch_3.tar	118743040	123099	421663232	1126448
2532	1809	AF-0000000211846189	shard_850_batch_2.tar	13958656	253464	3108562432	4769691
2535	1968	AF-0000000211847675	shard_478_batch_3.tar	3364864	53412	276661248	187609
2543	1230	AF-0000000211835183	shard_848_batch_2.tar	244215808	250876	1242428416	4912456
2548	1160	AF-0000000211833479	shard_518_batch_3.tar	35582464	72368	197308928	282084
2548	1932	AF-0000000211847393	shard_512_batch_3.tar	25465856	70563	440436736	262579
2552	1033	AF-0000000211830998	shard_774_batch_2.tar	61800960	174846	440241152	2061716
2553	1034	AF-0000000211831003	shard_722_batch_2.tar	130007040	144243	455586304	1416795
2555	1263	AF-0000000211838829	shard_812_batch_2.tar	123971072	202256	1286018560	3359656
2555	1264	AF-0000000211838861	shard_812_batch_2.tar	155082752	202190	1759037952	3398962
2555	1833	AF-0000000211846406	shard_818_batch_2.tar	65270784	211444	2782916096	3582105
2556	1735	AF-0000000211845136	shard_712_batch_2.tar	13094400	143161	619931136	1485442
2574	1194	AF-0000000211834161	shard_706_batch_2.tar	51431424	140916	1382791680	1315402
2574	1318	AF-0000000211839671	shard_776_batch_2.tar	69756416	180655	1648860160	2306594
2583	1893	AF-0000000211846949	shard_838_batch_0.tar	69396992	227896	886197760	4030445
2590	1186	AF-0000000211834016	shard_656_batch_3.tar	107973632	121646	264242688	1034627
2596	1510	AF-0000000211842360	shard_696_batch_3.tar	84580352	135412	498191360	1402363
2601	1330	AF-0000000211839906	shard_630_batch_2.tar	31739392	111103	247917568	930672
2601	1854	AF-0000000211846633	shard_648_batch_2.tar	58412544	118400	355847168	1037687
2601	1928	AF-0000000211847347	shard_742_batch_2.tar	57940480	158820	839216640	1862697
2602	1331	AF-0000000211839966	shard_632_batch_2.tar	42894336	113426	1001988608	929943
2606	1142	AF-0000000211832961	shard_480_batch_3.tar	10878976	54611	275384832	190691
2606	1244	AF-0000000211837089	shard_466_batch_3.tar	1337856	46117	187640832	126951
2606	1246	AF-0000000211837385	shard_470_batch_3.tar	6914560	48275	211945472	142433
2606	1309	AF-0000000211839526	shard_522_batch_3.tar	42622464	71303	234892288	352515
2606	1340	AF-0000000211840064	shard_518_batch_3.tar	61711360	68719	470089728	322805
2607	1609	AF-0000000211843585	shard_676_batch_3.tar	26134016	125462	680910336	1160388
2617	1230	AF-0000000211835188	shard_848_batch_2.tar	13742592	251518	3321481728	4896778
2628	1993	AF-0000000211847895	shard_654_batch_3.tar	94433280	115774	241672192	885005
2633	1058	AF-0000000211831526	shard_690_batch_2.tar	8215552	130232	1475188224	1148821
2633	1257	AF-0000000211838616	shard_696_batch_2.tar	137105408	132831	669379072	1230960
2666	1969	AF-0000000211847681	shard_498_batch_0.tar	2122752	63714	324503552	230252
2667	1232	AF-0000000211835467	shard_490_batch_3.tar	32307712	60311	332131328	233867
2667	1241	AF-0000000211836699	shard_516_batch_3.tar	5513216	72353	283867648	347650
2667	1245	AF-0000000211837240	shard_480_batch_3.tar	43264000	55086	141827584	191709
2667	1249	AF-0000000211837763	shard_482_batch_3.tar	49670144	56012	270598656	194500
2667	1621	AF-0000000211843731	shard_470_batch_3.tar	43399168	49486	214879744	149103
2667	1622	AF-0000000211843780	shard_464_batch_3.tar	91648	44045	111260160	109916
2668	1714	AF-0000000211844844	shard_1102_batch_0.tar	15770624	63622	363719168	239712
2684	1160	AF-0000000211833482	shard_514_batch_3.tar	47472640	71639	326824448	284750
2684	1932	AF-0000000211847396	shard_510_batch_3.tar	22664192	69830	443010048	285842
2688	1557	AF-0000000211842938	shard_692_batch_2.tar	35895808	132218	341004800	1379112
2688	1559	AF-0000000211842994	shard_714_batch_2.tar	9140736	140339	418315776	1556599
2688	1768	AF-0000000211845332	shard_738_batch_2.tar	16576000	153732	342353408	1852117
2694	1987	AF-0000000211847836	shard_614_batch_3.tar	13413888	102191	425869312	699643
2696	1628	AF-0000000211843949	shard_754_batch_2.tar	93525504	159613	1434342912	1834680
2698	1244	AF-0000000211837094	shard_494_batch_0.tar	36638720	61914	273971712	237075
2700	1778	AF-0000000211845595	shard_498_batch_3.tar	47531520	62559	232055808	229431
2709	1027	AF-0000000211830889	shard_822_batch_2.tar	205235712	215522	1688975360	3658434
2709	1078	AF-0000000211831950	shard_816_batch_2.tar	146144256	209287	991141888	3501222
2709	1097	AF-0000000211832263	shard_768_batch_2.tar	79687168	172782	449084928	2321162
2709	1169	AF-0000000211833687	shard_770_batch_2.tar	96528896	173059	2470249472	2369813
2709	1203	AF-0000000211834362	shard_810_batch_2.tar	178537472	203360	2292979200	3253859
2709	1205	AF-0000000211834384	shard_810_batch_2.tar	95757312	204072	2351711744	3270674
2709	1326	AF-0000000211839820	shard_874_batch_2.tar	279823360	325165	3891615744	7905933
2709	1408	AF-0000000211841063	shard_834_batch_2.tar	76147712	231536	1898554368	4201043
2709	1422	AF-0000000211841452	shard_868_batch_2.tar	183366144	297046	3384979456	6397781
2709	1696	AF-0000000211844704	shard_848_batch_2.tar	22294528	249971	4494844416	4898178
2709	1809	AF-0000000211846207	shard_864_batch_2.tar	175546880	287125	4597029888	6183053
2709	1847	AF-0000000211846540	shard_774_batch_2.tar	19192832	177554	2575682560	2389714
2709	1906	AF-0000000211847041	shard_770_batch_2.tar	1224704	175315	1258844160	2320593
2709	1928	AF-0000000211847352	shard_826_batch_2.tar	19738624	221711	3526674944	3842928
2711	1557	AF-0000000211842940	shard_648_batch_3.tar	9725952	116237	324338688	1040137
2711	1559	AF-0000000211842996	shard_672_batch_3.tar	58677760	123726	350067200	1206617
2711	1768	AF-0000000211845334	shard_702_batch_2.tar	3494400	137420	1349728256	1483137
2712	1033	AF-0000000211830999	shard_776_batch_2.tar	178599424	176720	2657511424	2117139
2713	1034	AF-0000000211831004	shard_728_batch_2.tar	20834816	148721	588588032	1501832
2721	1216	AF-0000000211834520	shard_616_batch_0.tar	83730432	101933	466194432	776991
2722	1307	AF-0000000211839491	shard_810_batch_2.tar	28426752	205173	835645440	2901061
2722	1728	AF-0000000211845050	shard_810_batch_2.tar	182222848	204376	2919921152	2880933
2724	1144	AF-0000000211833189	shard_678_batch_3.tar	44164608	125153	482489344	1122906
2724	1361	AF-0000000211840340	shard_712_batch_2.tar	67998720	140302	1239694848	1414016
2728	1792	AF-0000000211845805	shard_590_batch_3.tar	36721152	93120	238921216	575316
2739	1557	AF-0000000211842941	shard_640_batch_0.tar	38298624	114672	921984512	970539
2739	1559	AF-0000000211842997	shard_664_batch_0.tar	80939008	122620	555799552	1132287
2739	1768	AF-0000000211845335	shard_696_batch_0.tar	95019520	135968	470879744	1400643
2741	1315	AF-0000000211839650	shard_634_batch_3.tar	13352960	112627	321486336	749460
2742	1315	AF-0000000211839651	shard_678_batch_2.tar	74222080	128401	1340227584	1097071
2742	1516	AF-0000000211842398	shard_538_batch_3.tar	75334144	77975	188024832	435044
2744	1315	AF-0000000211839653	shard_634_batch_2.tar	21978112	112599	1037932544	753327
2745	1144	AF-0000000211833195	shard_560_batch_3.tar	22105600	85056	546247680	536823
2745	1315	AF-0000000211839654	shard_682_batch_3.tar	101579264	129695	913762816	1132804
2749	1142	AF-0000000211832969	shard_630_batch_0.tar	100489216	112745	747012608	846133
2750	1987	AF-0000000211847837	shard_614_batch_3.tar	93515264	102289	716189184	718798
2753	1401	AF-0000000211840875	shard_756_batch_2.tar	71562752	161836	1255319040	2045896
2753	1596	AF-0000000211843458	shard_866_batch_2.tar	277553152	292069	6327926784	6685134
2756	1772	AF-0000000211845450	shard_868_batch_2.tar	250041344	300538	2120741888	6458299
2756	1851	AF-0000000211846612	shard_830_batch_2.tar	62019584	229717	1298672128	3660349
2756	1852	AF-0000000211846614	shard_840_batch_2.tar	61775360	242228	1354483712	3993869
2763	1683	AF-0000000211844526	shard_854_batch_0.tar	263394816	266384	2117304320	5382359
2763	1803	AF-0000000211845990	shard_844_batch_0.tar	115270656	247148	3432958464	4641319
2769	1287	AF-0000000211839248	shard_784_batch_2.tar	8492544	180477	1479369728	2160940
2769	1667	AF-0000000211844400	shard_786_batch_2.tar	6329856	179876	1343759872	2251767
2771	1196	AF-0000000211834328	shard_738_batch_2.tar	71092736	152137	321402368	1705918
2775	1631	AF-0000000211844008	shard_740_batch_3.tar	139025920	154812	1959887360	1761718
2792	1932	AF-0000000211847397	shard_520_batch_3.tar	68272128	73520	455168512	305586
2793	1893	AF-0000000211846951	shard_820_batch_0.tar	98884608	208467	3067725312	3257814
2794	1765	AF-0000000211845297	shard_706_batch_3.tar	60409856	136672	621090304	1429737
2803	1422	AF-0000000211841459	shard_858_batch_2.tar	213937152	272220	4570417152	5365243
2806	1174	AF-0000000211833885	shard_668_batch_3.tar	50544640	122631	1033211392	1188815
2806	1269	AF-0000000211838936	shard_666_batch_3.tar	100042240	120559	1057117696	1155825
2810	1227	AF-0000000211834897	shard_672_batch_3.tar	92941824	123690	606779392	1190280
2811	1557	AF-0000000211842942	shard_594_batch_0.tar	52482560	100513	382525440	706389
2811	1559	AF-0000000211842998	shard_620_batch_0.tar	106307584	107959	270196736	845292
2811	1768	AF-0000000211845337	shard_654_batch_0.tar	101410816	121471	333977600	1083929
2814	1287	AF-0000000211839249	shard_770_batch_2.tar	153105920	170440	1478124032	1977725
2814	1667	AF-0000000211844401	shard_772_batch_2.tar	107603456	169640	534973440	2026941
2815	1987	AF-0000000211847838	shard_648_batch_2.tar	53068800	112243	780830720	909299
2824	1928	AF-0000000211847359	shard_736_batch_2.tar	52638208	153031	608070656	1769270
2825	1097	AF-0000000211832267	shard_738_batch_2.tar	61359104	156388	1704304128	1921163
2825	1163	AF-0000000211833517	shard_802_batch_2.tar	158640640	200061	1375653376	3027789
2825	1169	AF-0000000211833691	shard_740_batch_3.tar	68939264	157076	1759170048	1936499
2825	1211	AF-0000000211834464	shard_836_batch_2.tar	121619456	233945	1893883904	4030517
2825	1326	AF-0000000211839831	shard_870_batch_2.tar	302867968	309162	2815498240	7234833
2825	1376	AF-0000000211840561	shard_814_batch_2.tar	88665600	210082	3090780672	3360452
2825	1408	AF-0000000211841072	shard_818_batch_2.tar	110942720	215092	2010957312	3627561
2825	1422	AF-0000000211841464	shard_862_batch_2.tar	54155776	281290	1297305600	5638280
2825	1696	AF-0000000211844713	shard_836_batch_2.tar	156494336	234361	2474458624	4352771
2825	1809	AF-0000000211846217	shard_858_batch_2.tar	119103488	271157	3301609472	5489772
2825	1928	AF-0000000211847360	shard_810_batch_2.tar	76191232	206165	659718656	3267867
2843	1230	AF-0000000211835196	shard_854_batch_2.tar	87478272	262095	2658067456	5380690
2844	1007	AF-0000000211830683	shard_502_batch_3.tar	8265216	62880	289071616	253570
2844	1444	AF-0000000211841681	shard_472_batch_3.tar	10427392	49124	184564224	152162
2849	1278	AF-0000000211839159	shard_544_batch_3.tar	44195328	81271	445135872	424138
2849	1279	AF-0000000211839203	shard_544_batch_3.tar	2506752	81833	422513152	423498
2849	1280	AF-0000000211839220	shard_550_batch_3.tar	13187584	83865	277441536	438866
2849	1461	AF-0000000211841789	shard_614_batch_3.tar	32159232	106161	764685312	787777
2849	1462	AF-0000000211841826	shard_538_batch_3.tar	10803712	77521	521530880	400286
2849	1464	AF-0000000211841897	shard_548_batch_3.tar	32029184	80499	604838912	441800
2849	1617	AF-0000000211843667	shard_604_batch_2.tar	67047936	102117	803870720	713878
2849	1645	AF-0000000211844175	shard_602_batch_3.tar	61178368	101151	379078144	705342
2849	1819	AF-0000000211846326	shard_588_batch_3.tar	55005184	96749	238618624	656140
2849	1858	AF-0000000211846691	shard_614_batch_3.tar	58958848	104961	951695360	798112
2850	1119	AF-0000000211832498	shard_536_batch_3.tar	18856960	78181	250859008	407552
2850	1278	AF-0000000211839160	shard_532_batch_3.tar	47108096	76575	272867328	374715
2850	1279	AF-0000000211839204	shard_534_batch_3.tar	67883008	77319	193063936	375198
2850	1280	AF-0000000211839221	shard_540_batch_3.tar	33459200	79318	496362496	394848
2850	1461	AF-0000000211841790	shard_602_batch_3.tar	31094272	102275	292168704	724357
2850	1462	AF-0000000211841827	shard_528_batch_3.tar	14350848	73318	254296576	374328
2850	1464	AF-0000000211841898	shard_536_batch_3.tar	26867200	76034	365650432	410336
2850	1617	AF-0000000211843668	shard_592_batch_3.tar	23868928	97852	323200000	657530
2850	1645	AF-0000000211844176	shard_590_batch_3.tar	37589504	96470	546136064	642621
2850	1819	AF-0000000211846327	shard_576_batch_3.tar	67296768	92183	234978816	597244
2850	1858	AF-0000000211846692	shard_602_batch_3.tar	61979136	100534	513436160	729664
2851	1278	AF-0000000211839161	shard_542_batch_3.tar	60020224	80498	154089472	415293
2851	1279	AF-0000000211839205	shard_542_batch_3.tar	5639680	81060	376853504	416291
2856	1987	AF-0000000211847839	shard_608_batch_3.tar	8765440	99375	224886784	683847
2863	1144	AF-0000000211833201	shard_566_batch_0.tar	61534208	87555	553360896	553211
2873	1230	AF-0000000211835197	shard_848_batch_2.tar	27807232	251975	3697870336	4938454
2873	1948	AF-0000000211847574	shard_760_batch_2.tar	158920192	170386	1186248704	2145252
2881	1393	AF-0000000211840772	shard_752_batch_2.tar	86097920	162130	818983936	1886464
2881	1987	AF-0000000211847840	shard_704_batch_2.tar	121035776	135994	654560768	1305414
2888	1366	AF-0000000211840488	shard_590_batch_3.tar	66905600	95397	464852992	674875
2898	1119	AF-0000000211832499	shard_536_batch_3.tar	49280512	77809	521405952	388720
2898	1278	AF-0000000211839162	shard_532_batch_3.tar	58226688	76363	176157184	377748
2898	1279	AF-0000000211839206	shard_534_batch_3.tar	13535744	77054	444281344	375780
2898	1280	AF-0000000211839222	shard_538_batch_3.tar	48845824	78973	453707776	390706
2898	1461	AF-0000000211841791	shard_602_batch_3.tar	90186752	101781	457787904	722143
2898	1462	AF-0000000211841828	shard_526_batch_3.tar	1490944	73193	280456192	359419
2898	1464	AF-0000000211841899	shard_536_batch_3.tar	29777920	76027	294235648	393783
2898	1617	AF-0000000211843669	shard_592_batch_3.tar	31600128	97227	330406400	633882
2898	1645	AF-0000000211844177	shard_590_batch_3.tar	85196288	95984	409768960	634757
2898	1819	AF-0000000211846328	shard_576_batch_3.tar	33023488	91859	264486912	587260
2898	1858	AF-0000000211846693	shard_602_batch_3.tar	70667776	100470	701568512	714860
2899	1119	AF-0000000211832500	shard_534_batch_3.tar	11431424	76509	411330560	404628
2899	1278	AF-0000000211839163	shard_530_batch_3.tar	61406720	75375	192707584	361184
2899	1279	AF-0000000211839207	shard_530_batch_3.tar	7241728	75776	446867456	360521
2899	1280	AF-0000000211839223	shard_536_batch_3.tar	49047552	77662	336134656	380062
2899	1461	AF-0000000211841792	shard_598_batch_2.tar	26878464	100535	375014912	702630
2899	1462	AF-0000000211841829	shard_524_batch_3.tar	24010752	71917	378721280	338986
2899	1464	AF-0000000211841900	shard_532_batch_3.tar	29868032	74500	332106240	380651
2899	1617	AF-0000000211843670	shard_588_batch_3.tar	82742784	96075	325964800	616601
2899	1645	AF-0000000211844178	shard_586_batch_3.tar	41355776	94634	805056000	622437
2899	1819	AF-0000000211846329	shard_574_batch_3.tar	71861760	90390	485360640	575068
2899	1858	AF-0000000211846694	shard_598_batch_2.tar	86060544	98903	653905408	697455
2900	1278	AF-0000000211839164	shard_540_batch_3.tar	12943872	79882	196282368	409291
2900	1279	AF-0000000211839208	shard_542_batch_3.tar	62526464	80548	577613824	407911
2902	1557	AF-0000000211842943	shard_648_batch_2.tar	50121216	116305	338363904	1039994
2902	1559	AF-0000000211842999	shard_672_batch_3.tar	46769664	124236	892469760	1206602
2902	1768	AF-0000000211845339	shard_702_batch_2.tar	21936640	137867	1392943104	1480916
2904	1097	AF-0000000211832268	shard_810_batch_2.tar	140662784	203252	3429563392	3115934
2904	1169	AF-0000000211833693	shard_810_batch_2.tar	12767232	203900	2126620160	3168217
2904	1211	AF-0000000211834466	shard_864_batch_2.tar	94714368	281831	1795103744	5690025
2904	1276	AF-0000000211839077	shard_852_batch_2.tar	234608640	254761	3136893952	4891124
2904	1324	AF-0000000211839712	shard_850_batch_2.tar	120968704	251159	2309505024	4780226
2904	1326	AF-0000000211839835	shard_876_batch_2.tar	239690752	356169	6901460480	9296033
2904	1330	AF-0000000211839916	shard_812_batch_2.tar	114711040	205226	581272576	3192121
2904	1376	AF-0000000211840562	shard_852_batch_2.tar	254767616	256002	1740903424	5009950
2904	1408	AF-0000000211841075	shard_856_batch_2.tar	223944192	262134	2382488576	5171141
2904	1696	AF-0000000211844716	shard_864_batch_2.tar	231142400	280339	1932201472	5972266
2904	1809	AF-0000000211846221	shard_872_batch_2.tar	42918400	317311	7373201920	7493384
2904	1854	AF-0000000211846643	shard_818_batch_2.tar	185544704	212511	1733242368	3343560
2904	1928	AF-0000000211847363	shard_850_batch_2.tar	63471616	252435	2162923008	4878274
2912	1144	AF-0000000211833202	shard_498_batch_3.tar	37615616	61803	251271168	246030
2912	1226	AF-0000000211834797	shard_480_batch_3.tar	20679168	53512	293358592	162637
2912	1239	AF-0000000211836447	shard_468_batch_3.tar	18529280	46718	215502848	118336
2912	1242	AF-0000000211836848	shard_478_batch_3.tar	47116288	53890	102665216	172622
2912	1244	AF-0000000211837105	shard_468_batch_3.tar	34580480	46330	99721728	118873
2912	1247	AF-0000000211837535	shard_492_batch_3.tar	52859904	60734	263802368	232767
2912	1478	AF-0000000211842104	shard_684_batch_3.tar	17529344	129882	1387655680	1243981
2922	1514	AF-0000000211842389	shard_752_batch_2.tar	72398848	164358	646358528	1957495
2923	1226	AF-0000000211834798	shard_584_batch_3.tar	50340352	93940	758882816	640263
2926	1263	AF-0000000211838834	shard_714_batch_2.tar	9718272	139987	326856704	1558803
2928	1543	AF-0000000211842816	shard_800_batch_2.tar	154220544	191384	2789546496	3023265
2928	1586	AF-0000000211843336	shard_794_batch_2.tar	52324864	188123	2902943744	2872563
2937	1396	AF-0000000211840817	shard_482_batch_3.tar	36270080	56911	157909504	197996
2938	1393	AF-0000000211840774	shard_678_batch_2.tar	57060864	129155	985360384	1184670
2938	1987	AF-0000000211847841	shard_612_batch_2.tar	34649088	102710	427269632	685613
2943	1175	AF-0000000211833894	shard_864_batch_2.tar	9367552	290564	4233514496	6091781
2943	1421	AF-0000000211841322	shard_842_batch_2.tar	35745280	242271	3963466752	4160289
2943	1492	AF-0000000211842243	shard_854_batch_2.tar	168516096	263602	3020113408	5060594
2943	1562	AF-0000000211843135	shard_836_batch_2.tar	38384128	235832	534284288	4004272
2943	1793	AF-0000000211845809	shard_868_batch_2.tar	240203264	302647	1013495808	6841022
2943	1816	AF-0000000211846300	shard_860_batch_2.tar	78654976	276110	3418689536	5407480
2944	1326	AF-0000000211839839	shard_868_batch_0.tar	271051776	294689	4081570816	6601124
2944	1809	AF-0000000211846225	shard_852_batch_0.tar	229322240	257301	5110560256	4856999
2944	1946	AF-0000000211847515	shard_788_batch_0.tar	75905536	184430	1609291264	2559176
2947	1144	AF-0000000211833205	shard_496_batch_3.tar	40727040	59469	286693888	262420
2947	1863	AF-0000000211846734	shard_514_batch_3.tar	51511808	67345	404918272	329590
2959	1059	AF-0000000211831681	shard_457_batch_0.tar	15907840	30234	94037504	48880
2960	1168	AF-0000000211833635	shard_634_batch_3.tar	35657216	113447	772048384	925950
2960	1331	AF-0000000211839977	shard_642_batch_3.tar	58564096	117131	990067712	981919
2960	1848	AF-0000000211846600	shard_634_batch_3.tar	102990848	112745	470514688	928674
2960	1907	AF-0000000211847102	shard_632_batch_3.tar	5039104	112781	563602432	912951
2961	1854	AF-0000000211846646	shard_648_batch_2.tar	66004480	118117	1157753856	1032535
2976	1929	AF-0000000211847387	shard_732_batch_0.tar	22170624	155459	1569863168	1593649
2977	1245	AF-0000000211837262	shard_470_batch_3.tar	9931264	48351	193611264	134837
2977	1978	AF-0000000211847761	shard_460_batch_4.tar	26831872	38754	88581632	86365
2988	1211	AF-0000000211834471	shard_828_batch_0.tar	40477696	222686	3012243968	3563001
2988	1906	AF-0000000211847051	shard_720_batch_0.tar	99294720	146154	320295424	1620842
2989	1331	AF-0000000211839978	shard_620_batch_0.tar	64236032	107311	813915648	847375
2990	1243	AF-0000000211836968	shard_458_batch_0.tar	10035200	35769	134803968	72017
2991	1516	AF-0000000211842405	shard_474_batch_3.tar	19723776	49037	225833472	162474
2994	1765	AF-0000000211845301	shard_596_batch_3.tar	73249280	97023	805748224	695173
3005	1238	AF-0000000211836328	shard_722_batch_2.tar	13835264	147287	1218564608	1642847
3005	1910	AF-0000000211847174	shard_800_batch_2.tar	165500928	196795	2004167168	2865108
3018	1059	AF-0000000211831684	shard_502_batch_3.tar	50723328	63590	289906176	274474
3020	1622	AF-0000000211843796	shard_468_batch_3.tar	15355392	45569	94589440	133254
3031	1987	AF-0000000211847844	shard_608_batch_3.tar	43227136	100503	804037120	752760
3038	1283	AF-0000000211839236	shard_596_batch_0.tar	72182272	95624	475013120	570363
3048	1017	AF-0000000211830820	shard_774_batch_2.tar	35596800	176694	2232222208	2466301
3048	1344	AF-0000000211840096	shard_772_batch_2.tar	117860352	174252	1994971648	2424360
3048	1346	AF-0000000211840115	shard_770_batch_2.tar	63065600	173320	2093478912	2409138
3049	1015	AF-0000000211830795	shard_576_batch_3.tar	56411136	89262	689192448	604453
3049	1018	AF-0000000211830828	shard_518_batch_3.tar	26613760	69768	459716096	340433
3049	1019	AF-0000000211830834	shard_516_batch_3.tar	41446912	69009	333976064	334351
3049	1020	AF-0000000211830840	shard_518_batch_3.tar	27258880	69399	313150464	347582
3049	1345	AF-0000000211840106	shard_770_batch_2.tar	89540096	171909	1116722688	2379462
3049	1348	AF-0000000211840130	shard_606_batch_2.tar	43436032	100552	665726976	777982
3050	1346	AF-0000000211840116	shard_532_batch_3.tar	35260928	72701	537582080	413029
3059	1542	AF-0000000211842790	shard_474_batch_0.tar	43009536	50055	170236416	156457
3059	1609	AF-0000000211843591	shard_554_batch_0.tar	1628672	82794	262647296	469069
3062	1253	AF-0000000211838272	shard_457_batch_0.tar	22692352	25552	58658816	29633
3062	1621	AF-0000000211843735	shard_457_batch_0.tar	20325888	30147	101456896	48208
3067	1231	AF-0000000211835348	shard_472_batch_3.tar	44306432	49527	143745536	146862
3067	1242	AF-0000000211836862	shard_476_batch_3.tar	20177920	52030	229065728	165773
3067	1243	AF-0000000211836974	shard_460_batch_4.tar	27347968	40190	129504256	87342
3067	1293	AF-0000000211839307	shard_536_batch_3.tar	60965888	76592	495452160	396069
3067	1478	AF-0000000211842111	shard_678_batch_3.tar	110622208	127802	1157277184	1208946
3074	1774	AF-0000000211845489	shard_726_batch_2.tar	40799744	147619	1082230784	1577008
3074	1806	AF-0000000211846124	shard_526_batch_3.tar	19755008	76194	279655424	400363
3082	1168	AF-0000000211833638	shard_632_batch_3.tar	105036288	113018	279812096	907929
3082	1324	AF-0000000211839716	shard_790_batch_2.tar	55724032	190208	2097006080	2768832
3082	1331	AF-0000000211839980	shard_640_batch_3.tar	62062592	115905	265306624	977335
3082	1379	AF-0000000211840634	shard_636_batch_3.tar	104411648	115579	439846912	938425
3082	1907	AF-0000000211847105	shard_630_batch_3.tar	102746624	112000	591398400	899111
3083	1169	AF-0000000211833701	shard_628_batch_3.tar	91800064	109900	996662272	909668
3083	1330	AF-0000000211839922	shard_632_batch_3.tar	81369600	111061	998919680	936542
3083	1854	AF-0000000211846649	shard_648_batch_3.tar	54330368	118541	360555008	1027569
3083	1906	AF-0000000211847055	shard_630_batch_3.tar	86927872	111591	525775360	912808
3088	1230	AF-0000000211835206	shard_848_batch_2.tar	145842688	251814	1542720512	4977252
3090	1119	AF-0000000211832501	shard_540_batch_3.tar	47366656	79252	409190400	438503
3090	1278	AF-0000000211839165	shard_536_batch_3.tar	66470400	77608	265663488	407213
3090	1279	AF-0000000211839209	shard_536_batch_3.tar	70095360	78551	378592768	405534
3090	1461	AF-0000000211841793	shard_606_batch_2.tar	6137856	102863	440991232	748450
3090	1462	AF-0000000211841830	shard_530_batch_3.tar	692224	74388	409050112	367283
3090	1464	AF-0000000211841901	shard_540_batch_3.tar	78657536	76600	448288768	408839
3090	1617	AF-0000000211843671	shard_594_batch_2.tar	29175296	98612	436428288	668888
3090	1645	AF-0000000211844179	shard_594_batch_2.tar	48759296	97624	614393856	668419
3090	1819	AF-0000000211846330	shard_580_batch_3.tar	81102848	93206	300833280	615483
3090	1858	AF-0000000211846695	shard_606_batch_2.tar	81426432	101598	259601920	744000
3092	1520	AF-0000000211842418	shard_594_batch_3.tar	27661824	94595	836044288	626079
3093	1519	AF-0000000211842417	shard_616_batch_3.tar	83530240	102118	320636416	745519
3099	1987	AF-0000000211847845	shard_614_batch_3.tar	69355008	103412	868902400	713057
3103	1175	AF-0000000211833895	shard_840_batch_2.tar	182870016	243456	1105465344	4388567
3103	1421	AF-0000000211841324	shard_798_batch_2.tar	69998080	194184	2734180864	2752350
3103	1562	AF-0000000211843136	shard_788_batch_2.tar	60220928	188004	2787026944	2647134
3103	1773	AF-0000000211845475	shard_798_batch_2.tar	97874432	195106	2253867008	2868487
3103	1793	AF-0000000211845810	shard_850_batch_2.tar	237284352	256243	1711907840	4978551
3103	1816	AF-0000000211846302	shard_830_batch_2.tar	64751616	228907	1837604352	3851564
3104	1311	AF-0000000211839588	shard_816_batch_2.tar	15228928	209417	2881898496	3463580
3105	1648	AF-0000000211844219	shard_460_batch_4.tar	34141696	38852	118094848	79457
3111	1175	AF-0000000211833896	shard_830_batch_2.tar	112182272	231514	2947898368	3925109
3111	1211	AF-0000000211834475	shard_856_batch_2.tar	193201664	266140	5654366208	4976281
3136	1178	AF-0000000211833970	shard_796_batch_2.tar	19195392	191028	2913765888	2663621
3138	1487	AF-0000000211842160	shard_568_batch_3.tar	31357952	88736	615255040	540244
3140	1107	AF-0000000211832349	shard_824_batch_2.tar	158838272	219422	2948791808	3679919
3154	1422	AF-0000000211841489	shard_856_batch_2.tar	90760704	266909	4723327488	5276933
3154	1907	AF-0000000211847106	shard_636_batch_2.tar	10865152	112069	229590016	952449
3155	1163	AF-0000000211833521	shard_726_batch_2.tar	141791744	150032	694344704	1633268
3155	1906	AF-0000000211847056	shard_624_batch_2.tar	107502080	108997	706502144	875760
3158	1987	AF-0000000211847847	shard_616_batch_3.tar	72866304	102821	943781888	705525
3159	1249	AF-0000000211837794	shard_512_batch_3.tar	52750848	68607	369447936	300779
3160	1004	AF-0000000211830598	shard_584_batch_3.tar	35700224	93929	748058112	623818
3160	1042	AF-0000000211831110	shard_864_batch_2.tar	13089280	289118	2632347136	5734221
3160	1242	AF-0000000211836869	shard_554_batch_3.tar	44164608	85089	175540736	455378
3166	1656	AF-0000000211844260	shard_1100_batch_4.tar	25715200	47038	104558080	111788
3172	1812	AF-0000000211846267	shard_740_batch_2.tar	109467648	155409	381928960	1795194
3173	1967	AF-0000000211847671	shard_492_batch_3.tar	36238848	59702	200066560	247028
3188	1230	AF-0000000211835209	shard_848_batch_2.tar	150582784	253032	4522860032	4994428
3188	1686	AF-0000000211844545	shard_530_batch_3.tar	61181440	75797	252996096	400119
3191	1314	AF-0000000211839637	shard_688_batch_0.tar	98633728	132464	1111388160	1285270
3194	1503	AF-0000000211842320	shard_464_batch_0.tar	20025344	43152	113960960	118945
3197	1271	AF-0000000211838945	shard_632_batch_3.tar	49716224	107124	258892800	773999
3199	1251	AF-0000000211838057	shard_602_batch_3.tar	74743808	101021	845317120	759164
3205	1641	AF-0000000211844136	shard_726_batch_2.tar	23469056	151720	304587776	1679628
3208	1124	AF-0000000211832603	shard_614_batch_3.tar	37261824	103836	791197184	776070
3208	1278	AF-0000000211839166	shard_598_batch_3.tar	493568	100306	535220736	692118
3208	1279	AF-0000000211839210	shard_600_batch_3.tar	7413248	100865	720757248	689200
3208	1462	AF-0000000211841831	shard_594_batch_2.tar	6177280	96478	323884032	652046
3208	1464	AF-0000000211841902	shard_602_batch_3.tar	99348480	99524	512729088	706104
3208	1489	AF-0000000211842199	shard_660_batch_2.tar	79355392	122047	465725440	1080692
3208	1490	AF-0000000211842234	shard_654_batch_3.tar	7190016	119333	785882624	1035124
3208	1617	AF-0000000211843672	shard_658_batch_3.tar	10914816	119996	1218952704	993405
3208	1645	AF-0000000211844180	shard_656_batch_3.tar	66052096	119357	676087808	981801
3208	1819	AF-0000000211846331	shard_644_batch_3.tar	68992000	114630	411693056	895039
3208	1843	AF-0000000211846504	shard_664_batch_3.tar	75446784	120955	980357120	1095785
3208	1858	AF-0000000211846696	shard_666_batch_2.tar	79575552	123100	852757504	1076033
3210	1042	AF-0000000211831111	shard_876_batch_2.tar	325633024	357456	8833792512	8661773
3210	1097	AF-0000000211832278	shard_800_batch_2.tar	88344064	197253	2320539648	2832092
3210	1168	AF-0000000211833640	shard_756_batch_2.tar	33996800	167732	452038656	1969864
3210	1169	AF-0000000211833705	shard_800_batch_2.tar	162549760	198261	1323340800	2848209
3210	1211	AF-0000000211834479	shard_860_batch_2.tar	122920448	276026	3584366592	5289992
3210	1326	AF-0000000211839858	shard_876_batch_2.tar	256892928	349366	5990316544	8900845
3210	1331	AF-0000000211839982	shard_760_batch_2.tar	84251648	170688	1287959552	2090320
3210	1408	AF-0000000211841091	shard_850_batch_2.tar	227649024	256362	4462759424	4779329
3210	1422	AF-0000000211841495	shard_872_batch_2.tar	84630016	321912	4734336000	7196933
3210	1560	AF-0000000211843084	shard_848_batch_2.tar	23793152	250039	4684970496	4636724
3210	1696	AF-0000000211844732	shard_860_batch_2.tar	269149184	275016	3287670272	5592755
3210	1809	AF-0000000211846244	shard_870_batch_2.tar	188321280	311594	6053116416	7021125
3210	1928	AF-0000000211847379	shard_844_batch_2.tar	93441536	247517	2543755264	4381173
3212	1120	AF-0000000211832516	shard_774_batch_0.tar	141466112	179875	2442201600	2385842
3212	1121	AF-0000000211832519	shard_778_batch_0.tar	134347264	183024	407897088	2439235
3212	1402	AF-0000000211840880	shard_782_batch_0.tar	55248896	184317	2388376064	2494067
3213	1591	AF-0000000211843380	shard_798_batch_0.tar	154499072	197301	3011383808	2958236
3217	1931	AF-0000000211847391	shard_510_batch_0.tar	15686656	68886	366076928	304653
3223	1571	AF-0000000211843237	shard_584_batch_0.tar	86218752	91844	563013632	557290
3224	1234	AF-0000000211835750	shard_456_batch_3.tar	10731520	34787	87988736	64069
3224	1258	AF-0000000211838775	shard_458_batch_2.tar	27683840	37483	84860416	80289
3227	1042	AF-0000000211831112	shard_878_batch_1.tar	20498432	428351	3143244800	12326427
3227	1276	AF-0000000211839091	shard_872_batch_2.tar	1613312	320153	752566272	7111006
3227	1326	AF-0000000211839859	shard_878_batch_1.tar	175212032	420537	5157394432	12409267
3227	1421	AF-0000000211841329	shard_854_batch_2.tar	226212864	263118	1344430080	4836678
3227	1562	AF-0000000211843138	shard_850_batch_2.tar	150826496	257051	5054375424	4657168
3227	1773	AF-0000000211845477	shard_854_batch_2.tar	249447424	264439	3798019072	5010816
3227	1816	AF-0000000211846303	shard_866_batch_2.tar	264181760	297161	2949567488	6200239
3244	1516	AF-0000000211842408	shard_552_batch_3.tar	40556032	80663	503562240	499615
3247	1422	AF-0000000211841498	shard_860_batch_2.tar	133808640	274634	822979072	5274194
3247	1928	AF-0000000211847381	shard_802_batch_2.tar	2971648	199690	2486715904	2884470
3251	1987	AF-0000000211847848	shard_700_batch_2.tar	66350080	132725	874409472	1203054
3252	1987	AF-0000000211847849	shard_702_batch_2.tar	43973120	133641	752617984	1321161
3253	1987	AF-0000000211847850	shard_702_batch_2.tar	87058944	134519	767917568	1256839
3258	1018	AF-0000000211830829	shard_516_batch_3.tar	45072896	69700	300200960	334715
3258	1019	AF-0000000211830835	shard_514_batch_3.tar	41156096	68989	395628032	327561
3258	1345	AF-0000000211840108	shard_770_batch_2.tar	129682944	171822	585315328	2360373
3258	1348	AF-0000000211840131	shard_604_batch_3.tar	17632256	100561	793160704	773370
3259	1017	AF-0000000211830822	shard_596_batch_3.tar	86173696	99301	471634432	739788
3259	1344	AF-0000000211840098	shard_590_batch_3.tar	30362112	96920	727654912	703482
3259	1346	AF-0000000211840117	shard_590_batch_3.tar	79890944	95646	318149632	688763
3260	1017	AF-0000000211830823	shard_596_batch_3.tar	39302144	99976	457223168	733354
3260	1344	AF-0000000211840099	shard_590_batch_3.tar	92256768	97572	510024704	700808
3260	1346	AF-0000000211840118	shard_588_batch_3.tar	46904320	96246	286563840	682939
3261	1085	AF-0000000211832006	shard_576_batch_3.tar	35424256	89954	418297344	516987
3262	1086	AF-0000000211832008	shard_600_batch_3.tar	6412800	99799	393798144	624388
3265	1084	AF-0000000211832003	shard_554_batch_0.tar	14902272	83438	438593536	425343
3274	1230	AF-0000000211835217	shard_848_batch_2.tar	10991616	252110	968332288	4951216
3279	1168	AF-0000000211833642	shard_644_batch_2.tar	72782336	115795	542418944	999072
3279	1324	AF-0000000211839720	shard_796_batch_2.tar	80110592	193682	1115186688	2888810
3279	1422	AF-0000000211841500	shard_858_batch_2.tar	40028160	269991	3938284544	5296120
3279	1907	AF-0000000211847109	shard_642_batch_2.tar	41132032	114949	488290816	983660
3283	1059	AF-0000000211831699	shard_457_batch_0.tar	2017792	30234	89552896	48996
3283	1256	AF-0000000211838537	shard_457_batch_0.tar	24712192	23291	96667648	23320
3283	1539	AF-0000000211842716	shard_457_batch_0.tar	13134336	30325	102794752	44208
3284	1605	AF-0000000211843559	shard_690_batch_2.tar	111735808	131665	1478968320	1303911
3287	1393	AF-0000000211840783	shard_684_batch_3.tar	118091776	130745	1213867520	1230527
3287	1987	AF-0000000211847851	shard_618_batch_3.tar	11745280	104064	826897920	718837
3294	1252	AF-0000000211838196	shard_492_batch_3.tar	11472384	60349	265743872	245083
3300	1967	AF-0000000211847672	shard_566_batch_3.tar	85200896	88707	496496640	553901
3309	1007	AF-0000000211830685	shard_482_batch_3.tar	53903872	54055	198182912	171538
3314	1226	AF-0000000211834820	shard_598_batch_3.tar	79976960	95586	498689024	673344
3314	1538	AF-0000000211842641	shard_724_batch_2.tar	14067200	143202	775856640	1564316
3319	1317	AF-0000000211839666	shard_624_batch_3.tar	67913728	109360	373018112	838716
3339	1124	AF-0000000211832604	shard_604_batch_2.tar	38195712	100413	490945024	741143
3339	1278	AF-0000000211839167	shard_590_batch_3.tar	63251456	96589	703888896	648949
3339	1279	AF-0000000211839211	shard_590_batch_3.tar	73669120	97026	362405376	642081
3339	1462	AF-0000000211841832	shard_584_batch_3.tar	3974144	93013	410996224	605583
3339	1464	AF-0000000211841903	shard_594_batch_2.tar	67744256	95239	830290944	656525
3339	1489	AF-0000000211842201	shard_652_batch_3.tar	102375936	118524	439956992	1029528
3339	1490	AF-0000000211842236	shard_646_batch_2.tar	92882944	115630	1021371392	985967
3339	1615	AF-0000000211843630	shard_602_batch_3.tar	57180672	99208	734570496	690868
3339	1616	AF-0000000211843639	shard_620_batch_2.tar	76476416	106325	868180992	799297
3339	1617	AF-0000000211843673	shard_648_batch_2.tar	20870144	116961	777990144	947195
3339	1645	AF-0000000211844181	shard_648_batch_2.tar	96570880	115787	1108977664	943347
3339	1819	AF-0000000211846332	shard_634_batch_2.tar	32872448	111075	908799488	854594
3339	1843	AF-0000000211846505	shard_656_batch_3.tar	57037824	117633	460048384	1040444
3339	1858	AF-0000000211846697	shard_658_batch_2.tar	41109504	119236	397991936	1028946
3340	1614	AF-0000000211843620	shard_628_batch_3.tar	4198912	109752	267744768	827874
3340	1615	AF-0000000211843631	shard_582_batch_3.tar	36984320	93368	602122752	594360
3340	1616	AF-0000000211843640	shard_602_batch_3.tar	74349568	100546	620753920	711030
3340	1617	AF-0000000211843674	shard_632_batch_3.tar	14124544	111068	906240000	866403
3341	1615	AF-0000000211843632	shard_560_batch_3.tar	22275072	85841	455962112	500509
3341	1616	AF-0000000211843641	shard_580_batch_3.tar	88451584	92890	672097280	582970
3341	1617	AF-0000000211843675	shard_610_batch_3.tar	40297984	103651	719207936	735988
3342	1616	AF-0000000211843642	shard_618_batch_2.tar	37112320	107242	423327744	811698
3344	1804	AF-0000000211846105	shard_560_batch_0.tar	3528704	85196	373130240	486206
3346	1987	AF-0000000211847854	shard_650_batch_3.tar	68061696	115677	1114209280	899645
3349	1119	AF-0000000211832505	shard_540_batch_3.tar	77781504	79175	515254784	421691
3349	1278	AF-0000000211839168	shard_536_batch_3.tar	13984768	77425	225176064	387745
3349	1279	AF-0000000211839212	shard_536_batch_3.tar	30329344	78005	184021504	387833
3349	1280	AF-0000000211839224	shard_542_batch_3.tar	1517568	80183	384304128	409408
3349	1461	AF-0000000211841796	shard_606_batch_2.tar	8637440	102668	874499072	742170
3349	1462	AF-0000000211841833	shard_530_batch_3.tar	29638656	74105	204947968	370814
3349	1464	AF-0000000211841904	shard_540_batch_3.tar	25158144	76583	550223360	402941
3349	1617	AF-0000000211843677	shard_596_batch_3.tar	32028160	98320	274289664	657021
3349	1645	AF-0000000211844182	shard_594_batch_3.tar	92754944	97354	329138176	662664
3349	1819	AF-0000000211846333	shard_580_batch_3.tar	40010752	93096	349775872	607510
3349	1858	AF-0000000211846698	shard_606_batch_2.tar	39690752	101405	419516928	737265
3352	1249	AF-0000000211837807	shard_488_batch_3.tar	34616832	57600	178986496	211350
3356	1124	AF-0000000211832606	shard_622_batch_3.tar	17748992	106394	867387904	821803
3356	1278	AF-0000000211839169	shard_606_batch_3.tar	71212032	102859	450340352	722947
3356	1279	AF-0000000211839213	shard_606_batch_3.tar	22956032	103424	400945664	727006
3356	1462	AF-0000000211841834	shard_600_batch_3.tar	93715968	99675	730684416	695334
3356	1464	AF-0000000211841905	shard_610_batch_3.tar	84616704	102188	940771328	746525
3356	1489	AF-0000000211842203	shard_666_batch_3.tar	1115136	124759	1229596160	1133552
3356	1490	AF-0000000211842238	shard_660_batch_3.tar	76166656	122281	1215948800	1089040
3356	1617	AF-0000000211843678	shard_664_batch_3.tar	85682176	123026	350394880	1039725
3356	1645	AF-0000000211844183	shard_662_batch_3.tar	41307136	122242	492483072	1075983
3356	1819	AF-0000000211846334	shard_650_batch_3.tar	41448448	117948	866264064	952684
3356	1843	AF-0000000211846507	shard_670_batch_3.tar	45059072	123921	803018240	1147302
3356	1858	AF-0000000211846699	shard_672_batch_3.tar	27968000	125771	762444288	1157526
3363	1042	AF-0000000211831113	shard_860_batch_2.tar	239968768	283436	5204818944	5497770
3363	1422	AF-0000000211841503	shard_844_batch_2.tar	133471232	247774	3283226112	4325156
3363	1809	AF-0000000211846252	shard_838_batch_2.tar	31226368	237175	1000195072	4066230
3363	1928	AF-0000000211847383	shard_766_batch_2.tar	68807168	172333	1221440512	2248093
3367	1042	AF-0000000211831114	shard_876_batch_2.tar	166532608	353780	4562992128	8689367
3367	1421	AF-0000000211841332	shard_786_batch_2.tar	171744768	187698	2009937920	2554111
3367	1816	AF-0000000211846304	shard_822_batch_2.tar	132196864	221821	3787431936	3584196
3371	1119	AF-0000000211832507	shard_584_batch_0.tar	87089664	95485	564168704	632546
3371	1124	AF-0000000211832607	shard_596_batch_0.tar	25656832	98400	197261312	688762
3371	1278	AF-0000000211839170	shard_580_batch_0.tar	29847040	94529	597790208	612778
3371	1279	AF-0000000211839214	shard_582_batch_0.tar	56431104	95194	455577600	603196
3371	1462	AF-0000000211841835	shard_574_batch_0.tar	38353920	91025	333015552	573060
3371	1464	AF-0000000211841906	shard_584_batch_0.tar	67893760	93777	421669888	631239
3371	1489	AF-0000000211842204	shard_644_batch_0.tar	100870656	116749	841933312	982959
3371	1490	AF-0000000211842239	shard_636_batch_0.tar	1924608	113891	596535808	943482
3371	1617	AF-0000000211843679	shard_640_batch_0.tar	56842752	114790	1124475392	902494
3371	1645	AF-0000000211844184	shard_640_batch_0.tar	1832960	113787	476116992	903609
3371	1819	AF-0000000211846335	shard_626_batch_0.tar	2179072	109398	1018124288	819495
3371	1843	AF-0000000211846508	shard_648_batch_0.tar	4543488	115956	1131665920	989403
3371	1858	AF-0000000211846700	shard_650_batch_0.tar	67190784	118006	456994816	1014623
3379	1422	AF-0000000211841506	shard_852_batch_2.tar	195280896	256555	1900606464	4887816
3380	1683	AF-0000000211844527	shard_866_batch_0.tar	242297856	292926	4295248896	6478235
3380	1803	AF-0000000211845991	shard_860_batch_0.tar	265794048	274124	4792146944	5692802
3395	1101	AF-0000000211832298	shard_468_batch_3.tar	31382016	46777	189236224	115162
3402	1283	AF-0000000211839237	shard_596_batch_3.tar	11931136	95928	643436032	581640
3405	1282	AF-0000000211839235	shard_748_batch_2.tar	82114560	156115	721640448	1598797
3406	1248	AF-0000000211837680	shard_514_batch_3.tar	38460928	68566	245583360	310909
3411	1124	AF-0000000211832608	shard_614_batch_0.tar	42159104	103682	344125952	806159
3411	1278	AF-0000000211839171	shard_600_batch_0.tar	78817792	99632	335564288	692680
3411	1279	AF-0000000211839216	shard_600_batch_0.tar	16365568	100387	459514880	696478
3411	1462	AF-0000000211841836	shard_594_batch_0.tar	23197184	95980	302711808	656349
3411	1464	AF-0000000211841907	shard_604_batch_0.tar	59701760	98851	302621696	711133
3411	1489	AF-0000000211842205	shard_662_batch_0.tar	24832000	121399	935467520	1081790
3411	1490	AF-0000000211842240	shard_654_batch_0.tar	14660096	118897	974828032	1043192
3411	1615	AF-0000000211843634	shard_610_batch_0.tar	104313856	102435	771002368	743507
3411	1616	AF-0000000211843643	shard_630_batch_0.tar	34149888	109483	396061696	854000
3411	1617	AF-0000000211843680	shard_658_batch_0.tar	17126912	119820	841914368	1006078
3411	1645	AF-0000000211844185	shard_656_batch_0.tar	27147776	118987	1209249792	997113
3411	1819	AF-0000000211846336	shard_644_batch_0.tar	69643264	114043	903464960	903716
3411	1843	AF-0000000211846509	shard_664_batch_0.tar	4431360	120357	363621888	1103404
3411	1858	AF-0000000211846701	shard_666_batch_0.tar	77661184	122498	1210769408	1083254
3412	1614	AF-0000000211843625	shard_626_batch_2.tar	78661632	108445	960681472	817815
3412	1615	AF-0000000211843635	shard_580_batch_3.tar	69384704	92068	749964800	588421
3412	1616	AF-0000000211843644	shard_600_batch_3.tar	83126784	99083	324524032	705138
3412	1617	AF-0000000211843681	shard_630_batch_2.tar	68079104	110032	405955072	861736
3413	1615	AF-0000000211843636	shard_564_batch_3.tar	31979520	86347	566017024	515683
3413	1616	AF-0000000211843645	shard_582_batch_3.tar	7564288	93429	515032576	603214
3413	1617	AF-0000000211843682	shard_614_batch_3.tar	23319552	104138	563430912	754766
3419	1704	AF-0000000211844800	shard_710_batch_2.tar	60717568	139505	711436288	1433144
3419	1706	AF-0000000211844817	shard_680_batch_2.tar	100886016	126961	462548480	1186009
3419	1711	AF-0000000211844841	shard_688_batch_2.tar	66981376	130403	288811520	1264023
3420	1704	AF-0000000211844801	shard_604_batch_2.tar	23329792	101480	868456960	718614
3420	1705	AF-0000000211844810	shard_576_batch_3.tar	79577600	92349	352634368	591789
3420	1706	AF-0000000211844818	shard_566_batch_3.tar	52654080	88700	647986176	540564
3420	1710	AF-0000000211844837	shard_572_batch_3.tar	88988160	90405	733446144	560886
3420	1711	AF-0000000211844842	shard_576_batch_3.tar	69780992	92306	527505408	595830
3422	1557	AF-0000000211842945	shard_580_batch_0.tar	23691776	93790	316150272	633478
3422	1768	AF-0000000211845350	shard_644_batch_0.tar	11134464	115544	937256448	990082
3424	1559	AF-0000000211843002	shard_708_batch_2.tar	122757120	138392	606048768	1496851
3424	1560	AF-0000000211843095	shard_828_batch_2.tar	59880448	220868	1331213824	3915430
3424	1561	AF-0000000211843119	shard_742_batch_2.tar	140069376	153091	969354752	1825179
3424	1768	AF-0000000211845351	shard_734_batch_2.tar	81495040	151312	1068795904	1807444
3425	1027	AF-0000000211830892	shard_710_batch_2.tar	126487552	140552	1181156864	1502520
3425	1078	AF-0000000211831953	shard_696_batch_2.tar	50818048	134751	1456338944	1408924
3425	1203	AF-0000000211834365	shard_680_batch_2.tar	99316736	128091	1044490752	1269739
3425	1205	AF-0000000211834387	shard_682_batch_2.tar	52674560	128533	649619456	1277042
3425	1213	AF-0000000211834508	shard_644_batch_2.tar	36299264	114516	230283264	979949
3425	1556	AF-0000000211842917	shard_644_batch_2.tar	11149312	115170	303011840	1016163
3426	1557	AF-0000000211842947	shard_702_batch_0.tar	31404544	136412	1460209152	1447148
3426	1768	AF-0000000211845352	shard_746_batch_0.tar	135910912	157888	1612080128	1942081
3426	1809	AF-0000000211846259	shard_866_batch_0.tar	75606016	289068	4911112192	6187734
3438	1174	AF-0000000211833887	shard_656_batch_3.tar	33597440	118600	258037248	1105087
3439	1174	AF-0000000211833888	shard_668_batch_3.tar	27705344	121359	946631168	1182470
3442	1454	AF-0000000211841713	shard_778_batch_2.tar	157487104	177016	2312560128	2311782
3444	1230	AF-0000000211835223	shard_848_batch_2.tar	112961536	253072	5096312832	4969718
3444	1558	AF-0000000211842976	shard_600_batch_3.tar	98567680	100331	362533376	713212
3472	1000	AF-0000000211830467	shard_534_batch_3.tar	1789440	77571	151202816	396505
3476	1683	AF-0000000211844528	shard_846_batch_0.tar	19211776	250708	2219846144	4634717
3476	1803	AF-0000000211845992	shard_832_batch_0.tar	179105280	231095	2758684672	3946607
3480	1683	AF-0000000211844529	shard_834_batch_0.tar	183052288	235071	3186579456	3984153
3480	1803	AF-0000000211845993	shard_818_batch_0.tar	217600	216080	3131333632	3368480
3496	1376	AF-0000000211840570	shard_864_batch_2.tar	94432768	280946	4657072128	6090264
3497	1046	AF-0000000211831239	shard_616_batch_3.tar	19511296	101956	326050816	813823
3497	1358	AF-0000000211840291	shard_626_batch_2.tar	41786368	108071	544460800	862398
3497	1963	AF-0000000211847638	shard_624_batch_2.tar	95138816	107306	763933184	861201
3497	1965	AF-0000000211847662	shard_632_batch_3.tar	52227584	110005	716324864	906720
3498	1045	AF-0000000211831211	shard_612_batch_3.tar	94668288	101255	897198592	785538
3498	1359	AF-0000000211840322	shard_614_batch_3.tar	102452224	102472	911329792	802914
3498	1964	AF-0000000211847658	shard_610_batch_3.tar	59218432	101424	379890176	782165
3517	1058	AF-0000000211831563	shard_470_batch_0.tar	512	50036	148622848	146666
3517	1062	AF-0000000211831847	shard_468_batch_0.tar	14845952	47261	128167936	132407
3517	1142	AF-0000000211833012	shard_480_batch_0.tar	13392896	55914	139680256	195660
3517	1231	AF-0000000211835367	shard_476_batch_0.tar	18113024	52937	114281984	171575
3517	1232	AF-0000000211835508	shard_484_batch_0.tar	49009152	58083	303130112	209117
3517	1238	AF-0000000211836357	shard_528_batch_0.tar	66411520	75441	274174464	385268
3517	1244	AF-0000000211837141	shard_1100_batch_0.tar	36730880	47495	125416448	130165
3517	1248	AF-0000000211837682	shard_470_batch_0.tar	40477696	49771	202313216	145063
3517	1249	AF-0000000211837809	shard_478_batch_0.tar	30365696	53616	262228480	177175
3517	1252	AF-0000000211838201	shard_488_batch_0.tar	39237632	58413	132940288	226490
3517	1258	AF-0000000211838786	shard_476_batch_0.tar	44532736	52996	189261824	178166
3517	1622	AF-0000000211843814	shard_460_batch_0.tar	10592768	41301	84882432	90945
3517	1978	AF-0000000211847785	shard_462_batch_0.tar	18662912	42605	154540544	100353
3519	1844	AF-0000000211846511	shard_732_batch_2.tar	3534848	150666	1061249536	1761181
3525	1056	AF-0000000211831417	shard_804_batch_2.tar	28683264	197316	493668864	2975388
3529	1401	AF-0000000211840877	shard_648_batch_0.tar	109534208	116331	1129692672	987944
3529	1596	AF-0000000211843459	shard_844_batch_0.tar	122446848	247920	872895488	4753368
3529	1608	AF-0000000211843576	shard_800_batch_0.tar	81127424	197103	737168384	2870753
3530	1149	AF-0000000211833399	shard_648_batch_0.tar	54254592	117181	697654272	953340
3531	1765	AF-0000000211845303	shard_612_batch_0.tar	80885248	100850	941638144	814564
3536	1967	AF-0000000211847673	shard_490_batch_0.tar	53089792	58881	118317056	236780
3543	1974	AF-0000000211847718	shard_554_batch_0.tar	46341632	84091	245764608	491193
3546	1695	AF-0000000211844647	shard_600_batch_0.tar	31257088	101982	698996736	735854
3555	1258	AF-0000000211838789	shard_496_batch_0.tar	6756352	61302	171208192	258926
