i	j	iLIS_best	ipTM_best	src
1948	1949	0.822	0.75	1
1947	1949	0.817	0.75	1
1949	2241	0.805	0.75	1
27	2426	0.800	0.95	1
27	2923	0.799	0.91	1
996	4165	0.796	0.95	1
1503	3797	0.792	0.93	1
210	3318	0.791	0.79	1
36	3286	0.790	0.97	1
1516	3827	0.789	0.87	1
2142	2344	0.788	0.90	1
680	1516	0.782	0.84	1
3088	3817	0.777	0.79	1
791	4143	0.774	0.88	1
1686	4143	0.772	0.92	1
697	831	0.772	0.88	1
617	2923	0.771	0.66	1
33	53	0.771	0.88	1
1516	4085	0.770	0.88	1
791	1516	0.770	0.88	1
620	1266	0.770	0.77	1
791	1278	0.769	0.91	1
27	2142	0.768	0.86	1
620	1516	0.766	0.84	1
388	680	0.766	0.84	1
909	3164	0.762	0.93	1
680	4143	0.761	0.82	1
71	2208	0.761	0.86	1
1516	1686	0.761	0.87	1
680	1278	0.760	0.69	1
680	1266	0.759	0.85	1
1031	3697	0.759	0.85	1
2566	2865	0.758	0.93	1
617	2142	0.758	0.64	1
791	3827	0.757	0.88	1
680	3827	0.757	0.83	1
3152	3153	0.757	0.93	1
2839	4051	0.752	0.79	1
667	3854	0.750	0.90	1
2859	3661	0.750	0.84	1
3164	3837	0.748	0.91	1
2566	2814	0.746	0.93	1
1236	4232	0.745	0.89	1
1973	1975	0.745	0.71	1
1026	2859	0.743	0.80	1
2236	2428	0.742	0.90	1
2016	2241	0.741	0.65	1
2426	2923	0.740	0.56	1
3036	3243	0.740	0.79	1
1105	3404	0.740	0.84	1
2566	3896	0.738	0.92	1
2428	3879	0.738	0.38	1
368	3413	0.737	0.68	1
866	4051	0.737	0.83	1
1973	2241	0.737	0.71	1
680	866	0.737	0.86	1
1278	4051	0.736	0.80	1
2815	4051	0.736	0.82	1
617	2426	0.735	0.51	1
1973	2016	0.734	0.71	1
893	4071	0.734	0.73	1
620	2815	0.734	0.72	1
2466	3422	0.734	0.78	1
1516	4143	0.733	0.82	1
1140	2225	0.732	0.93	1
1645	3214	0.732	0.55	1
2080	2561	0.732	0.89	1
1331	3644	0.732	0.83	1
1947	2241	0.731	0.67	1
791	4085	0.731	0.82	1
1975	2241	0.730	0.65	1
866	1686	0.730	0.85	1
1528	1976	0.730	0.88	1
1948	2241	0.730	0.67	1
875	3729	0.729	0.83	1
185	680	0.729	0.67	1
670	1910	0.729	0.37	1
2302	3949	0.728	0.94	1
328	1314	0.726	0.79	1
591	2027	0.726	0.60	1
591	2028	0.726	0.59	1
1278	4085	0.725	0.88	1
680	2815	0.725	0.67	1
188	1013	0.724	0.92	1
928	1516	0.724	0.84	1
63	2444	0.724	0.90	1
2617	3009	0.723	0.78	1
760	2188	0.723	0.32	1
3427	3946	0.723	0.68	1
928	1278	0.723	0.88	1
2047	3963	0.722	0.89	1
1977	2745	0.722	0.92	1
1689	2237	0.722	0.92	1
886	1516	0.722	0.79	1
1948	1973	0.721	0.69	1
928	3827	0.721	0.86	1
422	4039	0.720	0.90	1
1976	4058	0.719	0.79	1
620	1278	0.719	0.73	1
53	3823	0.719	0.87	1
1123	1144	0.718	0.77	1
1254	2804	0.718	0.76	1
1973	4231	0.718	0.72	1
642	1410	0.718	0.88	1
591	4018	0.718	0.60	1
2029	4018	0.717	0.60	1
1978	3579	0.717	0.62	1
2502	3015	0.716	0.90	1
1266	4051	0.716	0.78	1
36	1400	0.716	0.82	1
1854	2861	0.716	0.92	1
1986	4028	0.715	0.87	1
1278	1686	0.715	0.85	1
2333	3004	0.715	0.90	1
1947	1973	0.715	0.69	1
533	905	0.714	0.93	1
261	3092	0.714	0.43	1
791	2815	0.713	0.88	1
3129	3545	0.713	0.94	1
2815	4085	0.713	0.87	1
142	3561	0.712	0.40	1
1124	2204	0.712	0.52	1
1976	3579	0.712	0.62	1
1967	2028	0.712	0.59	1
2178	3104	0.712	0.94	1
1528	1978	0.711	0.86	1
620	928	0.711	0.82	1
339	2783	0.711	0.95	1
734	3604	0.711	0.68	1
340	3886	0.711	0.84	1
1386	3036	0.711	0.79	1
1144	2345	0.711	0.76	1
636	2821	0.710	0.89	1
1400	1473	0.710	0.85	1
4051	4143	0.710	0.78	1
1692	1707	0.710	0.38	1
3072	3089	0.710	0.82	1
653	1347	0.709	0.84	1
680	791	0.709	0.85	1
388	928	0.709	0.84	1
382	3933	0.709	0.89	1
1521	3676	0.709	0.87	1
657	3418	0.709	0.35	1
3516	3938	0.708	0.80	1
834	3878	0.708	0.90	1
2028	2029	0.708	0.59	1
228	2428	0.708	0.48	1
1955	3360	0.708	0.82	1
620	4143	0.707	0.78	1
1978	4058	0.707	0.78	1
71	778	0.707	0.73	1
3799	4048	0.707	0.88	1
1278	3827	0.707	0.84	1
229	1331	0.707	0.89	1
2006	2639	0.706	0.60	1
680	928	0.706	0.81	1
1124	1414	0.705	0.86	1
38	1556	0.705	0.80	1
3217	3858	0.705	0.67	1
1193	3967	0.705	0.82	1
388	791	0.704	0.86	1
1949	1973	0.704	0.67	1
1967	4018	0.704	0.59	1
1521	1869	0.704	0.88	1
388	1516	0.704	0.84	1
1026	1161	0.703	0.82	1
388	3088	0.703	0.76	1
997	3365	0.703	0.93	1
3827	4143	0.703	0.82	1
1967	2027	0.702	0.58	1
365	3532	0.701	0.94	1
20	4051	0.700	0.77	1
885	1549	0.700	0.88	1
1308	2320	0.700	0.93	1
53	4051	0.700	0.81	1
1989	3138	0.699	0.83	1
355	731	0.699	0.92	1
680	4085	0.699	0.82	1
1686	2815	0.698	0.86	1
1186	1750	0.698	0.87	1
1278	4143	0.697	0.81	1
1961	2023	0.697	0.93	1
2113	3441	0.696	0.74	1
903	2396	0.696	0.90	1
2358	2395	0.696	0.72	1
2557	3664	0.696	0.50	1
487	4133	0.696	0.89	1
1588	3205	0.695	0.90	1
1150	1992	0.695	0.70	1
3586	4232	0.695	0.86	1
1386	3724	0.695	0.64	1
1266	1516	0.694	0.82	1
2591	3839	0.694	0.90	1
1572	3056	0.694	0.94	1
749	1182	0.694	0.85	1
290	3063	0.694	0.29	1
1976	2579	0.693	0.65	1
931	2032	0.693	0.81	1
711	2863	0.692	0.93	1
388	4051	0.692	0.78	1
341	1978	0.691	0.56	1
1428	2711	0.691	0.78	1
1013	2102	0.691	0.92	1
1686	3827	0.690	0.83	1
1340	1645	0.690	0.54	1
1961	2040	0.690	0.92	1
1150	2345	0.690	0.70	1
2408	3150	0.690	0.60	1
2027	2029	0.690	0.58	1
978	3105	0.690	0.93	1
1144	1978	0.689	0.69	1
1990	3138	0.689	0.82	1
1898	3886	0.689	0.78	1
636	793	0.689	0.94	1
1978	2579	0.688	0.66	1
1910	3605	0.688	0.71	1
3967	4192	0.688	0.82	1
887	3818	0.688	0.90	1
680	4051	0.688	0.68	1
1530	3954	0.688	0.91	1
620	3609	0.687	0.82	1
584	2125	0.687	0.92	1
2386	4030	0.687	0.86	1
3691	3987	0.687	0.93	1
897	2738	0.687	0.86	1
1532	3939	0.687	0.67	1
716	2578	0.687	0.95	1
587	2927	0.686	0.89	1
2304	2359	0.686	0.90	1
1948	2016	0.686	0.66	1
2617	3516	0.686	0.81	1
1955	4140	0.686	0.82	1
2395	3742	0.686	0.75	1
1976	2821	0.686	0.84	1
185	4051	0.686	0.76	1
458	1512	0.685	0.65	1
388	3827	0.685	0.80	1
2018	3418	0.685	0.89	1
1266	4143	0.685	0.80	1
715	3552	0.684	0.83	1
1	2861	0.684	0.77	1
645	1851	0.684	0.86	1
3098	3329	0.684	0.86	1
848	2031	0.684	0.88	1
567	1386	0.684	0.83	1
620	3827	0.683	0.81	1
1031	2689	0.683	0.63	1
405	1123	0.683	0.75	1
163	1691	0.683	0.88	1
388	4143	0.683	0.80	1
80	636	0.683	0.93	1
1947	2016	0.683	0.65	1
542	1440	0.683	0.92	1
2046	2670	0.683	0.89	1
1981	4058	0.683	0.79	1
830	3543	0.682	0.85	1
2473	2598	0.682	0.90	1
620	2425	0.682	0.74	1
1315	1759	0.682	0.88	1
1468	2401	0.681	0.83	1
1978	2821	0.681	0.85	1
791	2425	0.681	0.86	1
1944	1969	0.680	0.88	1
2993	3963	0.680	0.87	1
791	928	0.680	0.79	1
2018	2169	0.680	0.90	1
2123	4124	0.679	0.80	1
884	2998	0.679	0.65	1
3827	4051	0.679	0.77	1
1463	2735	0.678	0.91	1
303	3329	0.678	0.86	1
2719	4021	0.678	0.89	1
2347	3347	0.678	0.52	1
3510	3535	0.678	0.90	1
323	2649	0.678	0.54	1
116	1528	0.678	0.86	1
1278	3088	0.677	0.74	1
92	2312	0.677	0.74	1
1162	4108	0.677	0.89	1
3070	3427	0.677	0.80	1
256	3273	0.677	0.87	1
1461	1990	0.677	0.82	1
716	3129	0.677	0.94	1
1220	3287	0.676	0.80	1
699	713	0.676	0.92	1
33	4051	0.676	0.79	1
405	1978	0.676	0.69	1
2002	2859	0.676	0.80	1
259	2446	0.676	0.50	1
121	1752	0.676	0.90	1
1638	1662	0.676	0.73	1
974	2368	0.676	0.89	1
2848	2965	0.675	0.63	1
2368	2699	0.675	0.95	1
1354	3422	0.675	0.75	1
2344	2426	0.675	0.64	1
372	2473	0.675	0.90	1
208	3293	0.674	0.76	1
1092	3084	0.674	0.89	1
1144	1976	0.674	0.68	1
881	1577	0.674	0.28	1
661	753	0.674	0.54	1
716	3545	0.674	0.94	1
25	3659	0.673	0.81	1
3419	3665	0.673	0.57	1
866	4143	0.673	0.84	1
3536	4021	0.673	0.94	1
388	4085	0.673	0.87	1
523	2340	0.673	0.59	1
1683	3018	0.673	0.83	1
1461	1989	0.672	0.81	1
405	2345	0.672	0.74	1
715	1487	0.672	0.87	1
4053	4097	0.672	0.59	1
1873	2019	0.672	0.79	1
848	2019	0.672	0.87	1
2719	3979	0.671	0.88	1
1348	2057	0.671	0.92	1
2037	2384	0.671	0.88	1
1733	2473	0.671	0.88	1
373	2390	0.671	0.91	1
3265	3329	0.671	0.86	1
502	4177	0.671	0.92	1
2578	3545	0.671	0.94	1
632	1529	0.671	0.69	1
124	3758	0.671	0.91	1
375	3909	0.670	0.90	1
2728	3329	0.670	0.85	1
405	1976	0.670	0.69	1
2578	3129	0.670	0.94	1
1243	4229	0.670	0.93	1
523	2021	0.669	0.82	1
1981	3579	0.669	0.62	1
1944	2017	0.669	0.90	1
3394	3531	0.669	0.83	1
915	3854	0.669	0.83	1
1302	1951	0.669	0.84	1
620	791	0.668	0.85	1
1594	3138	0.668	0.84	1
2792	3329	0.668	0.88	1
2032	4124	0.668	0.79	1
0	1698	0.668	0.47	1
2849	3552	0.667	0.89	1
2473	3329	0.667	0.89	1
1331	1556	0.666	0.85	1
2798	3967	0.666	0.76	1
2988	3312	0.666	0.86	1
523	2060	0.666	0.83	1
1026	2019	0.666	0.70	1
3736	3886	0.665	0.83	1
458	1940	0.665	0.68	1
928	2815	0.665	0.84	1
343	651	0.665	0.89	1
1950	4112	0.664	0.90	1
25	398	0.664	0.71	1
1736	3421	0.664	0.90	1
1193	4097	0.664	0.76	1
710	2880	0.663	0.91	1
1947	1975	0.663	0.63	1
388	620	0.663	0.79	1
328	4235	0.663	0.79	1
159	340	0.663	0.61	1
3262	4040	0.662	0.81	1
1948	1975	0.662	0.64	1
1140	1866	0.662	0.62	1
3009	3938	0.662	0.73	1
4021	4138	0.662	0.96	1
3408	3541	0.662	0.87	1
886	928	0.662	0.75	1
185	4085	0.662	0.86	1
271	3119	0.662	0.54	1
3009	3516	0.662	0.78	1
3605	3981	0.661	0.79	1
3386	4068	0.661	0.44	1
1608	2904	0.661	0.89	1
839	992	0.661	0.90	1
3555	4015	0.661	0.91	1
3541	3829	0.660	0.85	1
341	1976	0.660	0.55	1
388	3590	0.660	0.81	1
1858	3538	0.660	0.81	1
2156	4096	0.660	0.22	1
720	1004	0.659	0.92	1
1853	2566	0.659	0.94	1
3937	4202	0.659	0.91	1
3593	3916	0.659	0.84	1
3979	4138	0.659	0.94	1
1334	3919	0.659	0.90	1
224	1976	0.659	0.55	1
575	3641	0.658	0.92	1
2425	4143	0.658	0.81	1
991	1331	0.657	0.84	1
388	1686	0.657	0.86	1
715	991	0.657	0.85	1
2680	4116	0.657	0.48	1
2438	2569	0.657	0.71	1
1690	2223	0.657	0.92	1
1438	4065	0.657	0.90	1
758	895	0.656	0.68	1
2815	4143	0.656	0.79	1
1207	1346	0.656	0.82	1
2873	2913	0.656	0.89	1
729	2849	0.656	0.85	1
1242	2017	0.655	0.91	1
502	1806	0.655	0.92	1
1804	3367	0.655	0.93	1
1785	1864	0.655	0.91	1
674	1616	0.655	0.92	1
2617	3938	0.654	0.71	1
2208	3067	0.654	0.82	1
1976	4235	0.654	0.84	1
791	1686	0.654	0.81	1
1978	4235	0.654	0.84	1
1976	3137	0.654	0.71	1
61	1915	0.654	0.84	1
1330	2473	0.654	0.90	1
1461	1594	0.654	0.83	1
2003	2859	0.654	0.78	1
115	4046	0.654	0.45	1
1182	2857	0.653	0.84	1
1425	1859	0.653	0.65	1
1997	3294	0.653	0.81	1
1278	1516	0.653	0.78	1
86	3237	0.652	0.79	1
1668	2123	0.652	0.82	1
1266	1278	0.652	0.73	1
49	734	0.652	0.81	1
1459	2047	0.652	0.73	1
2941	3832	0.652	0.83	1
2689	3697	0.652	0.57	1
1266	4085	0.651	0.84	1
2336	2606	0.651	0.49	1
397	4164	0.651	0.79	1
1394	3783	0.651	0.82	1
1068	2549	0.650	0.85	1
4	2002	0.650	0.84	1
729	3552	0.650	0.80	1
571	3069	0.650	0.56	1
1105	1912	0.650	0.48	1
407	1623	0.650	0.56	1
1512	1940	0.650	0.70	1
30	4121	0.650	0.86	1
3449	4051	0.649	0.76	1
2854	3445	0.649	0.55	1
2149	3029	0.649	0.93	1
1556	4030	0.649	0.78	1
2600	3895	0.649	0.91	1
1629	3165	0.648	0.94	1
1575	3319	0.648	0.87	1
1443	3168	0.648	0.80	1
2080	2219	0.647	0.81	1
2208	3814	0.647	0.86	1
247	877	0.647	0.84	1
459	4105	0.647	0.89	1
358	2800	0.647	0.78	1
1435	4019	0.646	0.75	1
843	2130	0.646	0.90	1
641	1606	0.646	0.79	1
2060	3917	0.645	0.88	1
365	2488	0.645	0.66	1
433	1728	0.645	0.92	1
71	177	0.645	0.73	1
1605	3586	0.645	0.60	1
549	3325	0.645	0.83	1
1317	1595	0.645	0.88	1
0	3589	0.644	0.48	1
2236	3341	0.644	0.87	1
2123	2440	0.644	0.80	1
1686	2425	0.644	0.84	1
126	2643	0.644	0.53	1
1516	4051	0.644	0.73	1
323	752	0.643	0.55	1
3918	3977	0.643	0.65	1
320	826	0.643	0.79	1
1938	2225	0.643	0.92	1
332	4237	0.643	0.64	1
2018	2329	0.642	0.89	1
225	290	0.642	0.77	1
2191	2499	0.642	0.93	1
2144	3035	0.642	0.85	1
2058	2655	0.642	0.87	1
3411	3924	0.642	0.71	1
1659	2461	0.641	0.57	1
388	2815	0.641	0.78	1
3396	4046	0.641	0.52	1
2059	2655	0.641	0.85	1
2179	3700	0.640	0.80	1
1569	3735	0.640	0.82	1
1628	4115	0.640	0.84	1
3026	4048	0.640	0.85	1
1242	2065	0.639	0.89	1
535	3410	0.639	0.29	1
792	1944	0.638	0.86	1
128	1030	0.638	0.40	1
3138	3513	0.638	0.51	1
3	532	0.638	0.71	1
142	1603	0.638	0.43	1
620	866	0.638	0.83	1
3536	3979	0.637	0.92	1
765	2354	0.637	0.95	1
2299	2924	0.637	0.85	1
1290	2016	0.637	0.60	1
821	2473	0.637	0.89	1
1290	1975	0.636	0.60	1
1348	2236	0.636	0.88	1
1981	2579	0.635	0.65	1
1278	2815	0.635	0.68	1
527	2473	0.635	0.85	1
92	2505	0.635	0.74	1
1980	3869	0.635	0.87	1
1713	3769	0.635	0.71	1
246	1411	0.635	0.78	1
1461	3513	0.634	0.55	1
501	508	0.634	0.82	1
256	1215	0.634	0.88	1
2145	2655	0.633	0.88	1
3189	3536	0.633	0.93	1
2454	3069	0.633	0.65	1
2021	3917	0.633	0.87	1
7	1124	0.633	0.86	1
443	3237	0.632	0.75	1
2290	2454	0.632	0.68	1
1835	2508	0.632	0.83	1
1103	3139	0.632	0.45	1
1978	4047	0.632	0.76	1
15	2556	0.632	0.82	1
755	2464	0.632	0.89	1
183	3386	0.632	0.45	1
636	1723	0.632	0.87	1
1068	3552	0.631	0.82	1
821	2792	0.631	0.89	1
1517	1614	0.631	0.84	1
1459	3587	0.631	0.70	1
3189	4138	0.631	0.96	1
1456	3664	0.630	0.57	1
1022	1044	0.630	0.69	1
3070	3259	0.630	0.72	1
2737	3883	0.629	0.78	1
707	1938	0.629	0.93	1
1949	4231	0.629	0.56	1
1848	2169	0.629	0.89	1
3229	4199	0.629	0.92	1
895	1951	0.629	0.85	1
2618	3408	0.629	0.89	1
919	3760	0.629	0.81	1
701	3190	0.628	0.73	1
150	3541	0.628	0.81	1
3050	4241	0.628	0.92	1
527	2728	0.628	0.81	1
3151	3152	0.628	0.53	1
2123	2659	0.628	0.81	1
1150	1470	0.628	0.66	1
2003	3147	0.628	0.77	1
1197	3648	0.627	0.82	1
685	1191	0.627	0.54	1
1964	1966	0.627	0.58	1
1144	3146	0.626	0.63	1
1516	2815	0.626	0.82	1
835	4218	0.626	0.82	1
834	3541	0.626	0.77	1
1194	2123	0.626	0.83	1
33	680	0.626	0.83	1
1949	1975	0.626	0.56	1
1249	2569	0.626	0.49	1
124	440	0.626	0.88	1
229	1370	0.626	0.81	1
116	3890	0.625	0.76	1
646	3738	0.625	0.82	1
1076	2060	0.625	0.88	1
745	3437	0.625	0.74	1
1949	2016	0.624	0.56	1
224	1978	0.624	0.54	1
1185	2831	0.624	0.72	1
727	3483	0.624	0.92	1
12	950	0.624	0.82	1
2363	4006	0.623	0.87	1
1981	3137	0.623	0.71	1
1976	4047	0.623	0.75	1
1568	2910	0.623	0.80	1
229	680	0.623	0.62	1
1020	1611	0.623	0.92	1
991	3552	0.623	0.76	1
1063	3233	0.623	0.79	1
527	3098	0.623	0.80	1
1692	1698	0.622	0.48	1
1301	4115	0.622	0.90	1
705	1285	0.622	0.76	1
349	3050	0.622	0.74	1
2719	3189	0.622	0.89	1
1953	2938	0.622	0.54	1
550	3758	0.622	0.82	1
278	1460	0.622	0.60	1
1912	3404	0.622	0.52	1
805	3277	0.621	0.92	1
185	928	0.621	0.82	1
337	749	0.621	0.75	1
3511	3772	0.621	0.63	1
2233	2234	0.621	0.84	1
1051	3706	0.621	0.67	1
2021	2054	0.620	0.87	1
928	4085	0.620	0.77	1
586	3291	0.620	0.81	1
792	1242	0.620	0.86	1
185	1516	0.620	0.86	1
441	3781	0.620	0.79	1
2516	2845	0.620	0.92	1
2574	3074	0.619	0.88	1
2002	3147	0.619	0.75	1
71	116	0.619	0.75	1
2054	2340	0.619	0.86	1
520	1360	0.619	0.83	1
322	1922	0.619	0.42	1
540	4033	0.618	0.65	1
317	2301	0.618	0.70	1
1895	1997	0.618	0.79	1
1242	2160	0.617	0.90	1
1196	2021	0.617	0.81	1
1101	2700	0.617	0.69	1
1629	3111	0.617	0.82	1
1343	1976	0.617	0.74	1
1476	2938	0.617	0.62	1
277	4099	0.617	0.74	1
1091	1364	0.616	0.92	1
1057	3443	0.616	0.81	1
2815	3827	0.616	0.79	1
2129	2499	0.616	0.83	1
3178	3640	0.616	0.71	1
3146	3624	0.616	0.61	1
1952	4145	0.616	0.71	1
498	2778	0.616	0.90	1
320	1952	0.616	0.61	1
561	4009	0.616	0.22	1
1592	1693	0.615	0.60	1
1076	2021	0.615	0.87	1
2159	2507	0.615	0.81	1
2872	3000	0.615	0.73	1
1386	1407	0.615	0.50	1
1307	3624	0.615	0.81	1
388	1278	0.615	0.77	1
1840	2312	0.615	0.69	1
1236	1605	0.615	0.71	1
859	2170	0.614	0.63	1
65	1143	0.614	0.24	1
1145	2888	0.614	0.82	1
1172	2455	0.614	0.75	1
2454	3259	0.614	0.65	1
3341	3368	0.614	0.85	1
2236	2648	0.614	0.86	1
3796	3811	0.614	0.39	1
1690	2423	0.614	0.91	1
1715	4033	0.613	0.73	1
2122	3886	0.613	0.72	1
1227	1723	0.613	0.73	1
2067	3762	0.613	0.93	1
729	991	0.613	0.74	1
472	4030	0.613	0.78	1
2463	4020	0.613	0.47	1
2033	3561	0.613	0.70	1
1207	2333	0.613	0.83	1
1002	3614	0.612	0.79	1
1764	2113	0.612	0.71	1
1159	2021	0.612	0.85	1
3872	3972	0.612	0.73	1
2312	2505	0.612	0.70	1
423	3828	0.612	0.44	1
1990	2958	0.612	0.83	1
496	3886	0.612	0.76	1
65	1247	0.611	0.83	1
649	2059	0.611	0.83	1
1641	2409	0.611	0.65	1
649	2145	0.611	0.86	1
729	1487	0.610	0.80	1
1845	3000	0.610	0.83	1
895	1221	0.610	0.69	1
1663	3755	0.610	0.79	1
1990	3891	0.610	0.79	1
592	1386	0.609	0.46	1
282	908	0.609	0.59	1
1191	1953	0.609	0.53	1
894	3098	0.609	0.84	1
2348	3935	0.609	0.70	1
685	2938	0.609	0.53	1
1944	2065	0.609	0.87	1
2299	3136	0.609	0.85	1
973	2326	0.608	0.69	1
1290	4231	0.608	0.57	1
1944	2366	0.608	0.87	1
940	3721	0.608	0.82	1
1552	3986	0.608	0.86	1
1759	3884	0.608	0.90	1
128	1271	0.608	0.41	1
2580	3285	0.607	0.51	1
967	3047	0.607	0.76	1
696	1307	0.607	0.80	1
541	3136	0.607	0.85	1
4051	4085	0.607	0.70	1
886	3465	0.606	0.73	1
297	904	0.606	0.88	1
109	3675	0.606	0.71	1
3721	4066	0.606	0.67	1
150	2618	0.606	0.79	1
638	2342	0.606	0.85	1
2624	3042	0.606	0.66	1
67	2972	0.606	0.84	1
1063	2567	0.606	0.74	1
527	3265	0.606	0.80	1
791	866	0.605	0.75	1
1508	3575	0.605	0.79	1
1976	3033	0.605	0.71	1
3614	4120	0.605	0.79	1
1862	3689	0.605	0.59	1
715	2849	0.605	0.82	1
1343	1978	0.605	0.73	1
670	3981	0.605	0.64	1
71	2691	0.605	0.62	1
649	2058	0.605	0.85	1
2359	2981	0.605	0.88	1
2870	4019	0.604	0.52	1
2085	2470	0.604	0.83	1
834	3408	0.604	0.81	1
715	729	0.604	0.79	1
405	1871	0.604	0.63	1
2473	2816	0.604	0.89	1
294	2229	0.604	0.66	1
52	3681	0.604	0.64	1
794	3138	0.604	0.50	1
65	2689	0.604	0.77	1
1327	3171	0.604	0.70	1
3514	4102	0.604	0.64	1
649	1385	0.604	0.84	1
1159	2060	0.603	0.85	1
1944	2144	0.603	0.84	1
815	1044	0.603	0.82	1
336	2405	0.603	0.86	1
1094	2654	0.603	0.39	1
109	1472	0.603	0.71	1
1304	3860	0.603	0.91	1
142	2689	0.602	0.49	1
64	1348	0.602	0.80	1
2019	3233	0.602	0.76	1
179	2021	0.602	0.86	1
229	2311	0.602	0.64	1
1617	2469	0.602	0.60	1
3222	3268	0.602	0.92	1
1980	3762	0.602	0.87	1
1105	2412	0.602	0.53	1
763	3170	0.601	0.43	1
846	3007	0.601	0.90	1
2651	2843	0.601	0.51	1
1978	3137	0.601	0.69	1
1094	3162	0.601	0.40	1
400	745	0.601	0.54	1
783	2656	0.601	0.82	1
1167	2473	0.601	0.90	1
2667	3399	0.601	0.87	1
149	1918	0.601	0.54	1
52	3967	0.601	0.73	1
2265	4120	0.601	0.68	1
266	2164	0.601	0.80	1
365	626	0.601	0.68	1
52	608	0.600	0.61	1
1424	3486	0.600	0.71	1
1167	2792	0.600	0.87	1
1707	2545	0.600	0.37	1
1561	2058	0.600	0.86	1
1437	1460	0.600	0.75	1
636	1314	0.600	0.81	1
1242	2144	0.600	0.84	1
832	1517	0.600	0.83	1
159	495	0.599	0.49	1
1517	1875	0.599	0.83	1
761	3935	0.599	0.70	1
2287	3886	0.598	0.71	1
1480	3113	0.598	0.79	1
132	3067	0.598	0.74	1
1654	3271	0.597	0.36	1
2241	4231	0.597	0.55	1
2053	2334	0.597	0.83	1
1191	1476	0.597	0.61	1
435	940	0.597	0.89	1
2611	4057	0.597	0.73	1
2428	3814	0.597	0.33	1
1293	1530	0.597	0.93	1
1055	2251	0.597	0.47	1
607	1242	0.597	0.88	1
1275	4070	0.597	0.71	1
1006	2003	0.597	0.64	1
2640	3342	0.596	0.89	1
2541	3083	0.596	0.82	1
2143	2365	0.596	0.81	1
1117	2550	0.596	0.59	1
543	1054	0.596	0.80	1
507	1862	0.596	0.88	1
1487	3552	0.596	0.78	1
1404	2873	0.596	0.62	1
1989	2958	0.596	0.81	1
1396	890	0.596	0.26	1
831	2891	0.596	0.84	1
1051	1659	0.596	0.74	1
1023	1267	0.595	0.86	1
1471	2920	0.595	0.90	1
2998	3629	0.595	0.65	1
1946	2871	0.595	0.86	1
2859	3606	0.595	0.61	1
3325	3449	0.595	0.67	1
2022	2080	0.595	0.85	1
1868	3098	0.594	0.74	1
1143	1247	0.594	0.76	1
1989	3891	0.594	0.78	1
1144	1992	0.594	0.54	1
865	3277	0.594	0.92	1
350	2766	0.594	0.85	1
491	3739	0.594	0.36	1
1382	3710	0.594	0.49	1
2216	2342	0.593	0.55	1
1960	3032	0.593	0.72	1
2085	2483	0.593	0.84	1
805	2562	0.593	0.88	1
2632	3923	0.593	0.56	1
64	3890	0.593	0.67	1
1944	2160	0.593	0.88	1
1318	2159	0.593	0.65	1
1211	4220	0.593	0.77	1
1785	1838	0.592	0.85	1
1314	3122	0.592	0.72	1
1177	3259	0.592	0.50	1
2160	2187	0.592	0.58	1
2080	2498	0.592	0.84	1
3071	4188	0.592	0.85	1
1288	2145	0.592	0.93	1
1242	2366	0.592	0.89	1
543	3743	0.592	0.81	1
196	328	0.592	0.64	1
1145	4004	0.591	0.74	1
859	1370	0.591	0.86	1
1750	3752	0.591	0.71	1
635	3624	0.591	0.79	1
412	761	0.591	0.75	1
1305	2301	0.591	0.66	1
1101	2243	0.591	0.70	1
2903	3830	0.590	0.85	1
303	2209	0.590	0.87	1
1348	3368	0.590	0.85	1
1031	3561	0.590	0.69	1
116	1348	0.590	0.88	1
1624	3466	0.590	0.83	1
417	2746	0.590	0.81	1
266	3595	0.589	0.92	1
577	3317	0.589	0.65	1
196	4115	0.589	0.81	1
2209	2473	0.589	0.91	1
2047	3587	0.589	0.69	1
1045	2412	0.588	0.69	1
3076	4188	0.588	0.68	1
2990	3579	0.588	0.79	1
1144	1871	0.588	0.60	1
3590	4085	0.588	0.81	1
229	3817	0.588	0.60	1
635	696	0.588	0.79	1
2562	4021	0.588	0.65	1
1976	3737	0.588	0.50	1
1227	1713	0.588	0.70	1
3466	3593	0.588	0.79	1
532	1244	0.588	0.68	1
1128	3602	0.588	0.90	1
1657	2498	0.587	0.70	1
2295	3588	0.587	0.84	1
1813	2040	0.587	0.81	1
2975	4213	0.587	0.83	1
1594	2958	0.587	0.83	1
564	2001	0.587	0.78	1
3409	3891	0.587	0.73	1
2510	3805	0.587	0.79	1
297	378	0.587	0.89	1
850	2651	0.586	0.40	1
3954	4229	0.586	0.84	1
327	1755	0.586	0.87	1
2518	3773	0.586	0.75	1
1242	2066	0.586	0.89	1
2461	3599	0.586	0.78	1
1397	1976	0.586	0.47	1
2345	3513	0.586	0.64	1
2312	2526	0.586	0.69	1
1316	3956	0.586	0.94	1
2019	2116	0.586	0.75	1
118	1125	0.586	0.65	1
63	1348	0.586	0.87	1
3706	4237	0.586	0.68	1
2929	4170	0.585	0.81	1
1831	1978	0.585	0.85	1
1123	3333	0.585	0.74	1
915	2850	0.585	0.80	1
944	4247	0.585	0.62	1
1002	2265	0.584	0.70	1
266	1835	0.584	0.84	1
235	815	0.584	0.78	1
3116	3209	0.584	0.83	1
2654	3695	0.584	0.64	1
2924	3136	0.584	0.73	1
1503	2033	0.584	0.63	1
1945	1950	0.584	0.89	1
28	3886	0.583	0.74	1
2819	3737	0.583	0.39	1
328	3099	0.583	0.59	1
282	3527	0.583	0.52	1
2986	3787	0.583	0.53	1
2343	3162	0.583	0.23	1
1509	4044	0.583	0.74	1
2440	4213	0.583	0.81	1
2114	3935	0.583	0.68	1
495	1678	0.583	0.66	1
2113	2230	0.582	0.69	1
0	3419	0.582	0.47	1
1027	1899	0.582	0.56	1
2401	4070	0.582	0.65	1
2057	3890	0.582	0.73	1
1397	1978	0.582	0.47	1
807	3115	0.581	0.91	1
207	2847	0.581	0.57	1
1624	3916	0.581	0.80	1
388	4087	0.581	0.79	1
512	3928	0.581	0.63	1
2673	4003	0.581	0.91	1
1946	1950	0.581	0.89	1
569	1617	0.581	0.55	1
629	3785	0.581	0.79	1
3500	4057	0.581	0.82	1
1528	1981	0.580	0.87	1
1196	3042	0.580	0.70	1
2067	4114	0.580	0.93	1
406	2498	0.580	0.69	1
54	2888	0.580	0.67	1
2058	3838	0.580	0.87	1
1186	3752	0.579	0.85	1
352	544	0.579	0.39	1
317	2950	0.579	0.83	1
1000	3538	0.579	0.89	1
805	4138	0.579	0.90	1
684	3665	0.579	0.62	1
1741	3070	0.579	0.62	1
3721	3752	0.579	0.69	1
1227	2226	0.579	0.68	1
1948	4231	0.578	0.59	1
791	1266	0.578	0.74	1
2242	2243	0.578	0.69	1
2062	3843	0.578	0.80	1
976	2424	0.578	0.80	1
1654	4149	0.578	0.51	1
624	706	0.578	0.71	1
506	3507	0.578	0.35	1
1027	1441	0.578	0.52	1
3713	4236	0.577	0.85	1
838	2318	0.577	0.54	1
2921	3093	0.577	0.87	1
2164	2389	0.577	0.81	1
599	1408	0.577	0.60	1
4047	4210	0.577	0.76	1
1978	3033	0.577	0.69	1
702	2514	0.577	0.75	1
2204	3386	0.576	0.53	1
640	738	0.576	0.80	1
1247	2689	0.576	0.55	1
1951	2257	0.576	0.82	1
255	3782	0.576	0.70	1
1978	3737	0.576	0.50	1
1108	3788	0.576	0.80	1
2242	2700	0.576	0.69	1
1418	3785	0.576	0.78	1
350	3834	0.576	0.64	1
1937	3588	0.575	0.85	1
1539	3818	0.575	0.92	1
1117	3886	0.575	0.75	1
624	2550	0.575	0.44	1
179	2060	0.575	0.86	1
1831	1976	0.575	0.84	1
2082	2153	0.575	0.36	1
794	3360	0.575	0.64	1
2838	3440	0.575	0.73	1
90	1615	0.575	0.95	1
3035	3689	0.575	0.79	1
2141	3994	0.575	0.88	1
541	2101	0.575	0.85	1
399	3550	0.575	0.84	1
1327	3035	0.575	0.79	1
128	492	0.575	0.39	1
12	1057	0.574	0.80	1
2113	3564	0.574	0.69	1
494	1905	0.574	0.77	1
866	1136	0.574	0.71	1
603	1242	0.574	0.88	1
3440	3935	0.574	0.66	1
2059	3470	0.574	0.86	1
1951	2500	0.574	0.73	1
3514	3796	0.574	0.53	1
1944	2066	0.574	0.87	1
2461	4150	0.573	0.65	1
2194	2322	0.573	0.87	1
2101	4123	0.573	0.89	1
1918	3889	0.573	0.51	1
1293	4197	0.573	0.92	1
507	2925	0.573	0.86	1
328	453	0.573	0.63	1
3358	3490	0.573	0.80	1
1466	4236	0.573	0.88	1
313	1879	0.572	0.88	1
652	3488	0.572	0.71	1
1031	1105	0.572	0.70	1
648	3824	0.572	0.91	1
943	2021	0.572	0.80	1
491	3118	0.572	0.44	1
2114	2838	0.572	0.73	1
1806	4177	0.572	0.90	1
1476	2288	0.572	0.71	1
3277	4021	0.572	0.64	1
1136	3820	0.572	0.91	1
1334	1684	0.571	0.92	1
262	3051	0.571	0.80	1
1400	4231	0.571	0.75	1
1366	3170	0.571	0.93	1
206	4105	0.571	0.78	1
2058	3470	0.571	0.88	1
951	2342	0.571	0.72	1
2678	3919	0.570	0.77	1
1087	2383	0.570	0.57	1
1346	3004	0.570	0.78	1
3178	3743	0.570	0.63	1
2822	2842	0.570	0.45	1
1183	4115	0.570	0.91	1
469	4236	0.570	0.79	1
337	364	0.570	0.76	1
732	2258	0.570	0.76	1
2454	3427	0.569	0.69	1
2210	2473	0.569	0.81	1
2170	3801	0.569	0.73	1
1382	1865	0.569	0.48	1
438	620	0.569	0.63	1
117	1615	0.569	0.92	1
3108	3930	0.569	0.79	1
1953	2345	0.569	0.64	1
1845	2483	0.569	0.80	1
435	1327	0.569	0.68	1
1375	1986	0.569	0.79	1
2079	2080	0.568	0.73	1
3436	3743	0.568	0.76	1
1692	3419	0.568	0.41	1
262	469	0.568	0.80	1
3042	4032	0.568	0.87	1
224	1350	0.568	0.48	1
154	3831	0.568	0.41	1
2123	2807	0.567	0.80	1
1942	2320	0.567	0.86	1
654	2242	0.567	0.69	1
1943	2110	0.567	0.31	1
124	550	0.567	0.83	1
1561	2059	0.567	0.82	1
1290	2465	0.567	0.58	1
598	1978	0.567	0.55	1
830	2129	0.566	0.64	1
1755	1944	0.566	0.84	1
1575	3623	0.566	0.87	1
951	1938	0.566	0.60	1
3675	4140	0.566	0.71	1
1094	1657	0.566	0.70	1
2223	2423	0.566	0.84	1
2598	4108	0.566	0.77	1
841	2032	0.566	0.81	1
685	4144	0.566	0.48	1
109	1871	0.566	0.66	1
736	1331	0.565	0.89	1
636	1831	0.565	0.93	1
1472	4140	0.565	0.71	1
904	2270	0.565	0.76	1
884	3629	0.565	0.81	1
1030	2634	0.565	0.23	1
685	1953	0.565	0.45	1
1054	3178	0.565	0.61	1
3689	3706	0.565	0.58	1
1598	3054	0.565	0.90	1
169	3968	0.565	0.50	1
1245	1992	0.564	0.46	1
3513	4140	0.564	0.62	1
2285	2495	0.564	0.78	1
67	1355	0.564	0.85	1
271	3333	0.564	0.76	1
598	1976	0.564	0.55	1
371	1282	0.564	0.30	1
751	2688	0.564	0.29	1
2113	2784	0.564	0.70	1
490	3969	0.564	0.57	1
445	1418	0.564	0.76	1
851	3865	0.564	0.81	1
1947	4231	0.564	0.58	1
3463	4226	0.563	0.45	1
786	2014	0.563	0.65	1
1290	3763	0.563	0.57	1
1245	1991	0.563	0.47	1
53	1516	0.563	0.72	1
1362	3407	0.563	0.79	1
1114	1904	0.563	0.87	1
3681	3830	0.563	0.71	1
1340	4033	0.563	0.39	1
654	1101	0.563	0.62	1
1290	4209	0.563	0.54	1
2018	2152	0.563	0.86	1
1538	2997	0.562	0.58	1
2903	3147	0.562	0.74	1
1989	1990	0.562	0.67	1
904	1355	0.562	0.89	1
1117	1150	0.562	0.65	1
1657	3733	0.562	0.70	1
3006	3262	0.562	0.87	1
2116	2975	0.562	0.84	1
272	1663	0.562	0.88	1
494	3935	0.562	0.79	1
1975	2016	0.562	0.47	1
337	806	0.562	0.64	1
311	3521	0.562	0.93	1
1487	2849	0.562	0.80	1
475	3305	0.562	0.40	1
337	703	0.562	0.69	1
1348	1403	0.561	0.69	1
920	1627	0.561	0.82	1
235	290	0.561	0.78	1
2168	2483	0.561	0.85	1
287	3580	0.561	0.88	1
2454	3070	0.561	0.62	1
608	1678	0.561	0.73	1
1866	2586	0.560	0.73	1
1242	1755	0.560	0.81	1
412	2348	0.560	0.73	1
486	2375	0.560	0.27	1
715	2549	0.560	0.85	1
603	1944	0.560	0.86	1
2543	2843	0.560	0.61	1
1854	3535	0.560	0.86	1
1403	2648	0.559	0.66	1
224	1981	0.559	0.43	1
1584	2172	0.559	0.79	1
1594	3891	0.559	0.78	1
1933	3829	0.559	0.92	1
2379	3949	0.559	0.82	1
1126	1476	0.559	0.62	1
1191	1638	0.558	0.70	1
904	3530	0.558	0.78	1
82	2303	0.558	0.67	1
1472	3360	0.558	0.70	1
1101	2242	0.558	0.70	1
1988	1991	0.558	0.67	1
412	3440	0.558	0.85	1
1988	2780	0.558	0.81	1
181	1005	0.558	0.85	1
3954	4197	0.557	0.87	1
3189	4021	0.557	0.55	1
1337	3992	0.557	0.82	1
1814	3149	0.557	0.86	1
1502	2076	0.557	0.79	1
365	862	0.557	0.67	1
68	1321	0.557	0.77	1
320	1224	0.557	0.76	1
1436	1452	0.557	0.75	1
132	3076	0.557	0.48	1
1675	3302	0.556	0.72	1
1359	2981	0.556	0.76	1
285	1487	0.556	0.72	1
1598	3175	0.556	0.92	1
697	3810	0.556	0.52	1
639	2251	0.556	0.46	1
3203	4019	0.556	0.54	1
1410	3160	0.556	0.71	1
595	2566	0.556	0.86	1
3118	3739	0.556	0.56	1
2194	4091	0.555	0.87	1
1588	2129	0.555	0.65	1
629	3871	0.555	0.72	1
2510	3290	0.555	0.70	1
1986	3119	0.555	0.67	1
1161	3918	0.555	0.66	1
2055	3858	0.555	0.65	1
1910	3981	0.555	0.35	1
1943	2222	0.554	0.36	1
486	4115	0.554	0.92	1
385	2500	0.554	0.59	1
185	2815	0.554	0.66	1
2032	3021	0.554	0.78	1
1862	3413	0.554	0.63	1
3099	3890	0.554	0.84	1
3530	3913	0.554	0.53	1
731	3931	0.554	0.84	1
495	612	0.553	0.66	1
467	1866	0.553	0.71	1
2806	3218	0.553	0.56	1
255	2093	0.553	0.24	1
844	1655	0.553	0.75	1
2728	4007	0.553	0.84	1
1316	2878	0.553	0.85	1
2648	3368	0.552	0.78	1
1992	2001	0.552	0.71	1
711	1304	0.552	0.84	1
36	4231	0.552	0.77	1
2841	2914	0.552	0.50	1
3051	4236	0.552	0.79	1
1990	2870	0.552	0.83	1
719	2113	0.552	0.67	1
1361	4210	0.551	0.43	1
1208	4057	0.551	0.64	1
884	3889	0.551	0.50	1
642	2129	0.551	0.61	1
2416	4213	0.551	0.82	1
1909	3366	0.551	0.40	1
2238	3004	0.551	0.88	1
178	596	0.551	0.56	1
2827	4087	0.551	0.48	1
2360	2656	0.550	0.77	1
1382	3405	0.550	0.46	1
3178	3956	0.550	0.82	1
243	3323	0.550	0.74	1
1277	3969	0.550	0.57	1
285	415	0.550	0.79	1
2301	2950	0.550	0.83	1
1698	2347	0.550	0.48	1
1080	1981	0.550	0.57	1
1631	2284	0.550	0.77	1
1835	2389	0.549	0.81	1
2345	3333	0.549	0.71	1
1059	1689	0.549	0.81	1
538	1629	0.549	0.88	1
194	2545	0.549	0.50	1
181	2890	0.549	0.84	1
4	3967	0.549	0.80	1
851	4099	0.549	0.63	1
453	2982	0.549	0.58	1
1954	4019	0.549	0.52	1
1143	2689	0.549	0.71	1
66	2014	0.549	0.68	1
974	2531	0.548	0.37	1
1476	3409	0.548	0.66	1
163	287	0.548	0.82	1
2032	2669	0.548	0.74	1
3143	3589	0.548	0.24	1
97	1108	0.548	0.88	1
81	1418	0.548	0.75	1
2958	3316	0.548	0.69	1
1008	2837	0.548	0.66	1
340	364	0.548	0.56	1
2438	3891	0.548	0.65	1
805	3189	0.548	0.73	1
781	2626	0.548	0.42	1
3308	4039	0.548	0.72	1
1391	2189	0.548	0.46	1
781	2818	0.548	0.44	1
2985	4169	0.547	0.80	1
1921	1994	0.547	0.68	1
1100	4088	0.547	0.65	1
125	2859	0.547	0.70	1
564	2345	0.547	0.72	1
2356	3815	0.547	0.78	1
805	1879	0.547	0.85	1
327	2298	0.547	0.79	1
865	2562	0.547	0.86	1
135	599	0.547	0.56	1
64	2648	0.547	0.75	1
3638	3889	0.547	0.72	1
2639	3823	0.547	0.31	1
64	3099	0.547	0.78	1
3450	3991	0.546	0.58	1
261	832	0.546	0.41	1
2549	3552	0.546	0.80	1
1101	2244	0.546	0.61	1
230	3609	0.546	0.93	1
1548	1996	0.546	0.68	1
1361	3737	0.546	0.39	1
383	2537	0.546	0.88	1
229	2678	0.546	0.62	1
2116	2416	0.546	0.83	1
1603	3796	0.546	0.40	1
1418	2284	0.546	0.75	1
540	1358	0.545	0.63	1
1785	4057	0.545	0.74	1
1656	1670	0.545	0.61	1
619	4106	0.545	0.64	1
1722	4220	0.545	0.72	1
765	3895	0.545	0.89	1
1349	3829	0.545	0.91	1
1592	3425	0.545	0.30	1
2033	3417	0.545	0.67	1
695	2707	0.545	0.74	1
419	2322	0.545	0.73	1
2912	3838	0.544	0.88	1
1472	2780	0.544	0.71	1
1028	2837	0.544	0.60	1
974	2391	0.544	0.74	1
767	3425	0.544	0.38	1
865	1879	0.544	0.88	1
1472	890	0.544	0.12	1
81	629	0.544	0.76	1
2778	4064	0.543	0.88	1
1285	4170	0.543	0.46	1
3247	4115	0.543	0.85	1
2439	2722	0.543	0.38	1
1354	2466	0.543	0.70	1
865	4021	0.543	0.70	1
685	2345	0.543	0.62	1
1835	2869	0.543	0.92	1
1862	2458	0.543	0.63	1
109	3146	0.543	0.64	1
1793	3497	0.543	0.65	1
1795	3209	0.543	0.79	1
412	2114	0.543	0.85	1
2287	3147	0.542	0.53	1
405	1991	0.542	0.52	1
200	2863	0.542	0.39	1
1713	3672	0.542	0.70	1
1223	1466	0.542	0.76	1
3037	3919	0.542	0.74	1
1565	1749	0.542	0.48	1
313	3277	0.542	0.87	1
1348	2208	0.542	0.85	1
100	2011	0.542	0.71	1
536	4115	0.542	0.88	1
1970	2072	0.542	0.76	1
584	3550	0.542	0.87	1
1413	3402	0.542	0.62	1
2579	3072	0.542	0.67	1
313	2562	0.542	0.85	1
1888	4169	0.541	0.74	1
1575	4182	0.541	0.83	1
3360	3675	0.541	0.68	1
2706	3175	0.541	0.90	1
612	3236	0.541	0.66	1
271	564	0.541	0.74	1
198	2517	0.541	0.67	1
1105	2689	0.541	0.46	1
492	3317	0.541	0.59	1
2543	4095	0.541	0.62	1
956	1160	0.541	0.44	1
194	1771	0.541	0.39	1
684	4066	0.541	0.55	1
706	1638	0.540	0.72	1
297	2649	0.540	0.24	1
646	2545	0.540	0.51	1
2209	2792	0.540	0.87	1
2209	3098	0.540	0.86	1
2282	3883	0.540	0.77	1
2999	3700	0.539	0.47	1
1677	2579	0.539	0.75	1
438	4087	0.539	0.39	1
1917	2032	0.539	0.78	1
1620	2879	0.539	0.50	1
1904	3761	0.539	0.85	1
212	453	0.539	0.49	1
3425	3590	0.538	0.36	1
2077	4140	0.538	0.71	1
1105	2241	0.538	0.52	1
1085	1832	0.538	0.80	1
323	2544	0.538	0.62	1
266	2477	0.538	0.90	1
691	3353	0.538	0.85	1
892	2035	0.538	0.85	1
66	2216	0.538	0.53	1
62	984	0.537	0.88	1
924	1135	0.537	0.80	1
2101	2329	0.537	0.83	1
1961	2346	0.537	0.83	1
1585	4052	0.537	0.85	1
2270	2739	0.537	0.57	1
641	2801	0.537	0.68	1
2801	3921	0.537	0.72	1
636	3737	0.537	0.83	1
67	297	0.537	0.83	1
419	2194	0.536	0.87	1
82	1613	0.536	0.64	1
3619	3768	0.536	0.79	1
1981	4014	0.536	0.50	1
3490	4089	0.536	0.73	1
3404	3697	0.536	0.59	1
2164	2477	0.536	0.85	1
498	2686	0.536	0.54	1
3527	3817	0.536	0.66	1
156	3433	0.536	0.70	1
254	2080	0.535	0.78	1
263	1590	0.535	0.77	1
2281	2495	0.535	0.79	1
2053	2069	0.535	0.75	1
1126	2287	0.535	0.57	1
3339	3994	0.535	0.87	1
1538	2071	0.535	0.77	1
1311	1409	0.535	0.83	1
1340	1975	0.535	0.22	1
1517	2787	0.534	0.79	1
328	2595	0.534	0.60	1
770	1816	0.534	0.78	1
564	1123	0.534	0.72	1
396	1028	0.534	0.66	1
2242	2493	0.534	0.74	1
2772	2859	0.534	0.72	1
2209	2728	0.534	0.85	1
850	2843	0.534	0.49	1
1657	3622	0.534	0.70	1
885	4202	0.534	0.63	1
1191	1993	0.533	0.64	1
198	3630	0.533	0.66	1
2238	2359	0.533	0.86	1
1832	3171	0.533	0.84	1
303	4189	0.533	0.86	1
2331	2859	0.533	0.59	1
1657	4126	0.533	0.72	1
26	2031	0.533	0.70	1
2677	4115	0.533	0.91	1
2123	2149	0.533	0.74	1
1117	2938	0.533	0.56	1
1397	3737	0.532	0.38	1
1100	1197	0.532	0.74	1
2792	4189	0.532	0.86	1
494	696	0.532	0.70	1
2555	2969	0.532	0.93	1
1242	1327	0.532	0.78	1
927	2463	0.532	0.47	1
1193	2859	0.532	0.57	1
2227	3031	0.532	0.60	1
2055	2726	0.531	0.67	1
940	1242	0.531	0.82	1
128	1212	0.531	0.40	1
3114	4067	0.531	0.33	1
51	2500	0.531	0.84	1
3805	3990	0.531	0.80	1
826	2045	0.531	0.63	1
1070	2813	0.531	0.89	1
66	603	0.531	0.64	1
1068	2849	0.530	0.81	1
685	3203	0.530	0.36	1
469	2943	0.530	0.69	1
419	474	0.530	0.66	1
1316	1868	0.530	0.81	1
512	868	0.530	0.60	1
2128	2135	0.530	0.73	1
1024	1620	0.530	0.56	1
824	2518	0.530	0.79	1
1361	2226	0.530	0.76	1
1123	1249	0.530	0.68	1
1101	2493	0.530	0.75	1
983	1575	0.530	0.80	1
1755	3392	0.529	0.83	1
290	1867	0.529	0.57	1
2626	2818	0.529	0.38	1
1867	2690	0.529	0.87	1
1631	3785	0.529	0.76	1
1151	2077	0.529	0.72	1
1051	2461	0.529	0.47	1
1391	2756	0.529	0.58	1
2706	3054	0.529	0.88	1
1313	2582	0.528	0.63	1
1092	3113	0.528	0.70	1
1051	2270	0.528	0.40	1
378	1355	0.528	0.90	1
200	1344	0.528	0.69	1
2074	2612	0.528	0.78	1
704	3301	0.528	0.77	1
89	3742	0.528	0.55	1
1249	2345	0.528	0.67	1
638	2421	0.528	0.83	1
254	406	0.528	0.77	1
1575	4083	0.528	0.85	1
805	4021	0.528	0.70	1
1708	1954	0.528	0.68	1
865	3189	0.527	0.69	1
1981	3336	0.527	0.45	1
869	2465	0.527	0.44	1
752	1160	0.527	0.66	1
116	2141	0.527	0.85	1
1547	1763	0.527	0.71	1
966	1224	0.527	0.76	1
1235	2210	0.526	0.47	1
1343	1981	0.526	0.75	1
2297	3358	0.526	0.76	1
1893	2144	0.526	0.76	1
1693	3425	0.526	0.32	1
285	3552	0.526	0.75	1
2205	2222	0.526	0.36	1
1291	2531	0.526	0.24	1
313	2719	0.526	0.82	1
2019	2679	0.526	0.82	1
1953	2077	0.526	0.58	1
2976	3993	0.526	0.34	1
2164	3595	0.526	0.85	1
1051	1862	0.526	0.37	1
658	3054	0.525	0.87	1
403	2292	0.525	0.61	1
2128	4105	0.525	0.67	1
2068	2114	0.525	0.71	1
1887	2030	0.525	0.81	1
685	2077	0.525	0.58	1
1918	2998	0.525	0.74	1
226	2891	0.525	0.51	1
1358	2933	0.525	0.75	1
1790	2707	0.525	0.75	1
1193	3891	0.524	0.73	1
305	2383	0.524	0.35	1
153	2018	0.524	0.92	1
1092	1480	0.524	0.83	1
324	3400	0.524	0.35	1
3040	3838	0.524	0.78	1
1054	3436	0.524	0.76	1
82	2699	0.524	0.67	1
44	3219	0.524	0.45	1
1288	1385	0.524	0.88	1
271	2685	0.524	0.58	1
290	396	0.523	0.66	1
2097	2098	0.523	0.83	1
1549	3937	0.523	0.76	1
890	1547	0.523	0.17	1
835	4053	0.523	0.74	1
71	2483	0.523	0.70	1
2837	4002	0.523	0.65	1
1340	2016	0.523	0.22	1
1472	1708	0.523	0.64	1
850	2543	0.523	0.53	1
218	800	0.523	0.81	1
1720	2208	0.522	0.89	1
1649	1743	0.522	0.83	1
1424	3296	0.522	0.72	1
1327	1944	0.522	0.76	1
2164	2869	0.522	0.85	1
1548	1995	0.522	0.66	1
762	4034	0.522	0.70	1
1698	3665	0.522	0.45	1
1005	2726	0.522	0.70	1
237	1694	0.522	0.56	1
52	4238	0.522	0.53	1
1434	4115	0.521	0.90	1
927	3557	0.521	0.58	1
100	217	0.521	0.66	1
442	1795	0.521	0.70	1
1987	2780	0.521	0.78	1
572	4146	0.521	0.74	1
2116	2401	0.521	0.85	1
703	741	0.521	0.59	1
1921	2288	0.521	0.71	1
2146	3171	0.521	0.82	1
366	4219	0.521	0.62	1
68	1649	0.521	0.82	1
1502	3152	0.521	0.68	1
1337	3923	0.521	0.74	1
654	2243	0.521	0.74	1
62	466	0.521	0.87	1
2497	2756	0.520	0.82	1
845	2728	0.520	0.86	1
2009	3672	0.520	0.72	1
1827	2116	0.520	0.76	1
1838	2815	0.520	0.71	1
912	2966	0.520	0.80	1
200	1568	0.520	0.54	1
687	2269	0.520	0.67	1
3577	3859	0.520	0.87	1
2424	4139	0.520	0.79	1
1084	3440	0.520	0.71	1
1177	3427	0.519	0.30	1
1720	3368	0.519	0.84	1
658	3175	0.519	0.90	1
395	1189	0.519	0.54	1
3061	3530	0.519	0.28	1
1649	2713	0.519	0.82	1
2541	3471	0.519	0.80	1
1904	2668	0.519	0.84	1
2375	4115	0.518	0.92	1
1416	1675	0.518	0.52	1
2737	3751	0.518	0.76	1
1316	3251	0.518	0.79	1
1244	3788	0.518	0.46	1
1912	2387	0.518	0.78	1
1835	2477	0.518	0.91	1
3119	4044	0.518	0.55	1
2814	3454	0.518	0.71	1
162	2033	0.518	0.62	1
313	3189	0.518	0.59	1
173	2977	0.518	0.50	1
285	2399	0.518	0.77	1
0	1692	0.518	0.45	1
1986	3944	0.518	0.64	1
892	955	0.518	0.60	1
2842	3650	0.517	0.29	1
313	3979	0.517	0.66	1
3352	3939	0.517	0.58	1
2834	3336	0.517	0.53	1
2068	3440	0.517	0.71	1
483	1359	0.517	0.60	1
1151	3147	0.517	0.55	1
1348	1978	0.517	0.45	1
2389	2499	0.517	0.72	1
2276	3583	0.517	0.56	1
1882	2474	0.517	0.85	1
940	3035	0.516	0.76	1
714	4033	0.516	0.47	1
2222	2653	0.516	0.35	1
601	3315	0.516	0.72	1
266	2869	0.516	0.89	1
1590	3488	0.516	0.71	1
1375	2832	0.516	0.53	1
1350	1517	0.516	0.74	1
879	4117	0.516	0.69	1
850	4095	0.516	0.53	1
401	2349	0.516	0.68	1
181	673	0.516	0.59	1
2651	4095	0.515	0.59	1
1724	2997	0.515	0.87	1
1355	3530	0.515	0.36	1
1028	1992	0.515	0.44	1
830	2788	0.515	0.74	1
685	1994	0.515	0.60	1
285	729	0.515	0.78	1
983	2518	0.515	0.73	1
2468	3941	0.515	0.40	1
1995	4050	0.515	0.65	1
3993	4003	0.515	0.76	1
1994	4002	0.515	0.71	1
655	3185	0.515	0.84	1
3511	3622	0.515	0.51	1
1976	2885	0.515	0.47	1
2069	2334	0.514	0.81	1
1945	1946	0.514	0.88	1
2389	3413	0.514	0.64	1
1627	3786	0.514	0.75	1
474	2194	0.514	0.87	1
884	1918	0.514	0.50	1
687	1132	0.514	0.67	1
345	1902	0.514	0.75	1
2144	3171	0.514	0.85	1
1662	3891	0.514	0.56	1
706	1117	0.514	0.65	1
1657	1764	0.514	0.68	1
629	2284	0.514	0.71	1
1469	1990	0.514	0.79	1
1535	4115	0.513	0.90	1
1970	2109	0.513	0.74	1
737	2135	0.513	0.71	1
2438	3073	0.513	0.64	1
525	2297	0.513	0.39	1
3557	4020	0.513	0.57	1
2638	3485	0.513	0.45	1
2297	3305	0.513	0.39	1
181	2138	0.513	0.78	1
1321	1743	0.513	0.73	1
2019	3408	0.513	0.77	1
149	3629	0.513	0.53	1
1152	2629	0.512	0.67	1
153	1848	0.512	0.86	1
2403	4118	0.512	0.79	1
1084	2114	0.512	0.70	1
1271	2634	0.512	0.24	1
2747	3004	0.512	0.86	1
866	4085	0.512	0.71	1
1247	2412	0.512	0.61	1
794	2345	0.512	0.59	1
1707	3566	0.512	0.34	1
2058	2059	0.512	0.75	1
2956	3755	0.512	0.71	1
1986	3871	0.512	0.63	1
1911	2040	0.512	0.72	1
1865	3859	0.512	0.64	1
401	2288	0.512	0.67	1
2984	3838	0.511	0.77	1
1981	3033	0.511	0.61	1
1926	2099	0.511	0.70	1
990	2308	0.511	0.78	1
623	976	0.511	0.71	1
2093	3805	0.511	0.25	1
254	1657	0.511	0.76	1
2437	3207	0.511	0.59	1
942	2487	0.511	0.48	1
192	2636	0.511	0.85	1
1994	2288	0.511	0.68	1
865	4138	0.511	0.87	1
642	3322	0.511	0.81	1
2067	3554	0.510	0.86	1
1469	3320	0.510	0.66	1
1549	2927	0.510	0.74	1
2114	2349	0.510	0.76	1
435	1832	0.510	0.78	1
2870	3119	0.510	0.48	1
3265	4007	0.510	0.83	1
1870	2138	0.510	0.65	1
1304	2021	0.510	0.86	1
1202	1438	0.510	0.84	1
815	3681	0.510	0.72	1
1249	3886	0.510	0.74	1
89	217	0.510	0.50	1
3138	3203	0.510	0.60	1
1921	2837	0.509	0.67	1
1723	2226	0.509	0.66	1
2562	3979	0.509	0.60	1
1005	1069	0.509	0.54	1
1767	2666	0.509	0.70	1
1031	1247	0.509	0.68	1
2859	3967	0.509	0.63	1
1259	2080	0.509	0.81	1
1249	4019	0.509	0.45	1
1841	2746	0.509	0.87	1
112	1499	0.509	0.40	1
1970	3791	0.509	0.76	1
2616	4158	0.509	0.60	1
2033	2412	0.509	0.76	1
1973	2559	0.509	0.61	1
685	1123	0.508	0.60	1
1030	3317	0.508	0.61	1
2138	2726	0.508	0.65	1
1698	3419	0.508	0.41	1
1954	3138	0.508	0.60	1
794	4140	0.508	0.63	1
1461	1954	0.508	0.60	1
466	984	0.508	0.85	1
1657	1973	0.508	0.67	1
1117	3871	0.508	0.53	1
538	1009	0.508	0.77	1
1583	2558	0.508	0.70	1
2449	3554	0.507	0.67	1
1733	2651	0.507	0.47	1
303	894	0.507	0.81	1
263	652	0.507	0.76	1
1943	2205	0.507	0.36	1
694	2738	0.507	0.75	1
165	992	0.507	0.79	1
176	2455	0.507	0.69	1
1506	2021	0.507	0.83	1
534	2549	0.507	0.79	1
3629	3889	0.507	0.50	1
2648	3994	0.507	0.75	1
837	1665	0.507	0.87	1
804	1995	0.507	0.68	1
1236	1375	0.507	0.64	1
1181	2502	0.506	0.84	1
1487	2549	0.506	0.71	1
1123	1953	0.506	0.60	1
941	2021	0.506	0.80	1
1976	4210	0.506	0.47	1
1876	2869	0.506	0.89	1
1545	3550	0.506	0.83	1
936	1074	0.506	0.67	1
3506	3832	0.506	0.76	1
2240	3475	0.506	0.60	1
1461	3203	0.506	0.61	1
940	3171	0.506	0.80	1
3034	3720	0.506	0.78	1
1606	2801	0.506	0.74	1
1344	3992	0.505	0.69	1
2786	3609	0.505	0.80	1
380	906	0.505	0.85	1
2586	2671	0.505	0.65	1
1377	1989	0.505	0.80	1
804	1996	0.505	0.69	1
1331	3564	0.505	0.85	1
74	1700	0.505	0.29	1
52	159	0.505	0.40	1
2843	4095	0.505	0.56	1
527	2792	0.505	0.71	1
2277	4117	0.505	0.62	1
955	4002	0.505	0.66	1
1523	3402	0.505	0.75	1
922	2410	0.505	0.37	1
2595	2866	0.504	0.74	1
1912	2689	0.504	0.42	1
2214	4169	0.504	0.42	1
698	1996	0.504	0.68	1
950	3443	0.504	0.72	1
2157	3157	0.504	0.64	1
955	1921	0.504	0.64	1
2686	2778	0.504	0.89	1
1998	3454	0.504	0.71	1
1028	1509	0.504	0.82	1
1202	4065	0.504	0.81	1
1564	1573	0.503	0.35	1
2801	3925	0.503	0.73	1
1872	3146	0.503	0.69	1
1227	4185	0.503	0.79	1
626	862	0.503	0.59	1
2473	4189	0.503	0.85	1
2001	2359	0.503	0.67	1
1249	1469	0.503	0.63	1
1030	1271	0.503	0.54	1
969	2699	0.502	0.41	1
2747	3425	0.502	0.83	1
1665	3506	0.502	0.62	1
4116	4247	0.502	0.31	1
2288	3454	0.502	0.66	1
2245	3595	0.502	0.78	1
779	2510	0.502	0.60	1
194	3738	0.502	0.76	1
1469	1989	0.502	0.78	1
3611	3764	0.502	0.75	1
2242	2244	0.502	0.66	1
1223	2997	0.501	0.52	1
506	3913	0.501	0.47	1
1071	1358	0.501	0.76	1
657	2673	0.501	0.73	1
190	2518	0.501	0.65	1
190	2837	0.501	0.66	1
116	3339	0.501	0.84	1
405	1992	0.501	0.48	1
2827	3708	0.501	0.55	1
1657	1978	0.501	0.66	1
313	4138	0.501	0.87	1
1981	2821	0.501	0.79	1
468	1877	0.501	0.25	1
1629	2825	0.501	0.84	1
2907	3185	0.501	0.76	1
1886	1892	0.501	0.76	1
113	2018	0.501	0.85	1
3459	3999	0.500	0.50	1
1953	3294	0.500	0.60	1
290	494	0.500	0.81	1
1663	3692	0.500	0.83	1
831	3810	0.500	0.70	1
1929	2749	0.500	0.78	1
311	642	0.500	0.80	1
506	1355	0.499	0.31	1
687	1996	0.499	0.64	1
216	2118	0.499	0.62	1
2346	3939	0.499	0.54	1
2260	2473	0.499	0.80	1
3326	3523	0.499	0.43	1
1172	1538	0.499	0.80	1
546	953	0.499	0.81	1
404	2538	0.499	0.77	1
1121	2596	0.499	0.80	1
1028	1991	0.499	0.44	1
833	2863	0.499	0.31	1
374	1766	0.498	0.79	1
1953	1994	0.498	0.59	1
3408	3878	0.498	0.75	1
1865	2297	0.498	0.63	1
235	2557	0.498	0.66	1
1697	2216	0.498	0.66	1
1862	3599	0.498	0.49	1
844	1028	0.498	0.64	1
419	4091	0.498	0.71	1
3774	4116	0.498	0.37	1
2369	4115	0.498	0.91	1
3	1437	0.498	0.61	1
784	1713	0.498	0.28	1
380	1781	0.498	0.87	1
3084	3113	0.498	0.83	1
1516	2432	0.498	0.65	1
1286	2297	0.498	0.38	1
770	1169	0.497	0.81	1
210	966	0.497	0.69	1
2898	3606	0.497	0.57	1
116	2648	0.497	0.75	1
2227	3438	0.497	0.77	1
2216	2620	0.497	0.53	1
696	1548	0.497	0.59	1
2146	3689	0.497	0.72	1
3921	3925	0.497	0.69	1
1648	3557	0.497	0.70	1
113	1848	0.497	0.87	1
1708	2280	0.497	0.61	1
4002	4019	0.497	0.65	1
2473	4007	0.497	0.85	1
435	2144	0.497	0.77	1
1009	1499	0.496	0.73	1
535	833	0.496	0.29	1
795	1996	0.496	0.69	1
1981	2226	0.496	0.55	1
71	765	0.496	0.69	1
1887	2019	0.496	0.81	1
378	3986	0.496	0.82	1
3552	3840	0.496	0.74	1
806	1182	0.496	0.75	1
1005	3460	0.496	0.68	1
1978	4210	0.495	0.46	1
851	2565	0.495	0.71	1
690	2958	0.495	0.48	1
290	3333	0.495	0.80	1
1664	2157	0.495	0.39	1
1697	2017	0.495	0.67	1
1679	3312	0.495	0.60	1
1123	3513	0.494	0.60	1
2349	3440	0.494	0.75	1
3494	3532	0.494	0.67	1
1953	4044	0.494	0.55	1
396	3459	0.494	0.67	1
1377	1990	0.494	0.78	1
1097	890	0.494	0.17	1
1493	2887	0.494	0.73	1
738	3978	0.494	0.75	1
1008	2518	0.494	0.63	1
1607	3868	0.494	0.84	1
311	3589	0.494	0.32	1
1615	2686	0.493	0.89	1
280	759	0.493	0.71	1
955	3681	0.493	0.70	1
401	1998	0.493	0.69	1
673	4182	0.493	0.46	1
541	4123	0.493	0.76	1
2069	2263	0.493	0.65	1
2535	2780	0.492	0.75	1
564	1993	0.492	0.72	1
513	2582	0.492	0.77	1
1623	3047	0.492	0.51	1
2055	3977	0.492	0.71	1
1358	1715	0.492	0.63	1
3979	4021	0.492	0.57	1
1570	3735	0.492	0.83	1
795	1995	0.492	0.68	1
629	2647	0.492	0.83	1
142	1031	0.492	0.71	1
1893	2071	0.492	0.75	1
1692	3665	0.492	0.44	1
2319	3824	0.492	0.83	1
1191	3802	0.491	0.26	1
715	2163	0.491	0.83	1
285	715	0.491	0.82	1
1692	2404	0.491	0.26	1
2671	3324	0.491	0.47	1
2483	3050	0.491	0.81	1
1879	3979	0.491	0.60	1
1868	2792	0.491	0.70	1
824	3891	0.491	0.65	1
2274	2552	0.491	0.61	1
1326	3052	0.491	0.53	1
2077	4247	0.491	0.60	1
1385	4126	0.491	0.85	1
617	2033	0.491	0.70	1
160	1538	0.491	0.67	1
165	398	0.490	0.73	1
100	800	0.490	0.79	1
3069	3259	0.490	0.31	1
1910	2927	0.490	0.67	1
1738	4071	0.490	0.79	1
1350	1981	0.490	0.43	1
403	3271	0.490	0.72	1
1128	2030	0.490	0.65	1
2294	3838	0.490	0.76	1
2113	2846	0.490	0.66	1
698	1995	0.490	0.68	1
2282	2283	0.490	0.80	1
2412	3796	0.490	0.37	1
850	3289	0.490	0.36	1
2055	3303	0.490	0.66	1
1044	3119	0.490	0.38	1
1009	1629	0.490	0.84	1
2016	2188	0.489	0.23	1
1987	1988	0.489	0.67	1
1381	4115	0.489	0.86	1
786	3632	0.489	0.80	1
1989	2780	0.489	0.77	1
1150	3073	0.489	0.56	1
236	2198	0.489	0.86	1
1332	2093	0.489	0.25	1
535	2632	0.489	0.54	1
782	2514	0.489	0.65	1
587	956	0.489	0.48	1
190	2417	0.489	0.69	1
1532	2040	0.488	0.75	1
2595	3122	0.488	0.80	1
1353	2055	0.488	0.65	1
1718	3761	0.488	0.69	1
1876	2514	0.488	0.93	1
1367	3384	0.488	0.62	1
1150	2715	0.488	0.56	1
1006	3606	0.487	0.50	1
598	2236	0.487	0.88	1
1679	2018	0.487	0.79	1
3071	4140	0.487	0.71	1
2636	3405	0.487	0.82	1
1872	2958	0.487	0.59	1
2933	4033	0.487	0.64	1
1998	2003	0.487	0.64	1
1051	3599	0.487	0.43	1
3146	3773	0.486	0.62	1
1975	2188	0.486	0.23	1
804	1548	0.486	0.67	1
453	3890	0.486	0.69	1
2819	4210	0.486	0.40	1
1503	3561	0.486	0.77	1
2135	3026	0.486	0.68	1
1992	2280	0.486	0.42	1
1144	1991	0.486	0.44	1
1999	2345	0.486	0.58	1
313	865	0.486	0.63	1
1826	1931	0.485	0.75	1
3793	4115	0.485	0.81	1
1348	1976	0.485	0.44	1
1072	3891	0.485	0.66	1
805	865	0.485	0.67	1
1249	1476	0.485	0.59	1
871	2236	0.485	0.82	1
2726	2890	0.485	0.69	1
1954	3354	0.485	0.68	1
1302	2500	0.485	0.53	1
280	3206	0.485	0.77	1
2003	2345	0.485	0.56	1
396	2399	0.485	0.63	1
3698	3711	0.484	0.84	1
2399	3357	0.484	0.77	1
1870	2055	0.484	0.64	1
160	1172	0.484	0.70	1
1991	2034	0.484	0.58	1
1143	1912	0.484	0.60	1
770	3647	0.484	0.75	1
483	955	0.484	0.65	1
94	1303	0.484	0.79	1
1965	2476	0.484	0.79	1
219	2157	0.484	0.76	1
197	2726	0.484	0.42	1
2304	2565	0.484	0.63	1
1994	2349	0.484	0.67	1
865	2719	0.484	0.79	1
190	3808	0.484	0.69	1
1657	1896	0.483	0.65	1
940	1944	0.483	0.78	1
812	1285	0.483	0.78	1
2119	2473	0.483	0.85	1
405	2280	0.483	0.56	1
219	2091	0.483	0.71	1
205	2549	0.483	0.77	1
3830	4036	0.483	0.59	1
1520	1839	0.483	0.70	1
2895	3458	0.483	0.60	1
1014	4115	0.483	0.87	1
1539	2350	0.483	0.70	1
1308	1942	0.483	0.81	1
1069	2890	0.483	0.54	1
779	2425	0.483	0.74	1
599	1991	0.483	0.42	1
363	1718	0.483	0.74	1
1008	2417	0.483	0.69	1
991	3840	0.483	0.63	1
132	2842	0.483	0.30	1
0	642	0.483	0.73	1
1708	3965	0.482	0.69	1
2733	2734	0.482	0.71	1
2054	2060	0.482	0.83	1
196	3890	0.482	0.75	1
1170	1837	0.482	0.56	1
1006	2859	0.482	0.46	1
544	2745	0.482	0.45	1
2226	3865	0.482	0.68	1
1175	3557	0.482	0.70	1
1954	3808	0.482	0.68	1
84	3131	0.482	0.58	1
3296	3486	0.482	0.68	1
2417	3203	0.482	0.68	1
1614	3485	0.481	0.47	1
1993	2557	0.481	0.72	1
311	782	0.481	0.44	1
3203	3354	0.481	0.68	1
2288	3440	0.481	0.74	1
1871	1872	0.481	0.66	1
401	3271	0.481	0.79	1
2792	4007	0.481	0.83	1
719	1119	0.481	0.66	1
1281	2483	0.481	0.84	1
676	1115	0.481	0.81	1
296	601	0.481	0.69	1
2467	3140	0.481	0.83	1
2280	2615	0.481	0.59	1
2146	3035	0.480	0.78	1
1469	3891	0.480	0.64	1
842	2227	0.480	0.47	1
1359	2565	0.480	0.74	1
1655	3454	0.480	0.75	1
264	1357	0.480	0.76	1
1552	2037	0.480	0.78	1
1473	3286	0.480	0.75	1
423	3595	0.480	0.68	1
398	3659	0.480	0.78	1
255	2630	0.480	0.58	1
2429	3746	0.479	0.82	1
1243	1530	0.479	0.87	1
246	2436	0.479	0.60	1
962	4054	0.479	0.74	1
651	2950	0.479	0.83	1
229	2688	0.479	0.59	1
1097	1563	0.479	0.74	1
3658	3971	0.479	0.84	1
823	1620	0.479	0.83	1
729	2549	0.479	0.81	1
324	1491	0.479	0.33	1
194	3560	0.479	0.55	1
1491	3859	0.479	0.67	1
396	1998	0.479	0.69	1
2164	2508	0.478	0.69	1
865	3979	0.478	0.66	1
571	3650	0.478	0.52	1
374	3013	0.478	0.59	1
2048	2062	0.478	0.78	1
3071	3076	0.478	0.70	1
1320	1671	0.478	0.60	1
229	388	0.478	0.73	1
3255	3792	0.478	0.78	1
1838	3527	0.478	0.73	1
2715	3871	0.478	0.60	1
988	1890	0.478	0.51	1
2728	4189	0.478	0.85	1
3	3788	0.478	0.64	1
2209	3265	0.478	0.83	1
166	4001	0.477	0.39	1
3143	3665	0.477	0.41	1
1990	2780	0.477	0.77	1
765	2208	0.477	0.88	1
687	1418	0.477	0.68	1
690	1590	0.477	0.57	1
1954	2417	0.477	0.68	1
185	388	0.477	0.66	1
303	2119	0.476	0.80	1
3312	3615	0.476	0.74	1
2001	3853	0.476	0.74	1
3981	4202	0.476	0.55	1
1994	3681	0.476	0.70	1
1321	2713	0.476	0.75	1
907	1534	0.476	0.47	1
435	3721	0.476	0.71	1
409	1103	0.476	0.28	1
3599	4150	0.476	0.63	1
3271	3454	0.476	0.78	1
2271	3076	0.476	0.45	1
2119	2792	0.475	0.83	1
1252	1285	0.475	0.83	1
537	4019	0.475	0.56	1
71	745	0.475	0.53	1
1350	1932	0.475	0.54	1
834	2618	0.475	0.77	1
3893	4034	0.475	0.57	1
1126	2122	0.475	0.55	1
181	2906	0.475	0.84	1
2048	2098	0.475	0.76	1
859	3603	0.475	0.52	1
2274	2483	0.474	0.81	1
872	1718	0.474	0.72	1
1607	4099	0.474	0.63	1
190	3354	0.474	0.68	1
257	3419	0.474	0.70	1
1752	2050	0.474	0.76	1
313	4021	0.474	0.62	1
1348	4235	0.474	0.83	1
687	966	0.474	0.58	1
1714	3048	0.474	0.75	1
3527	3557	0.474	0.54	1
1417	2483	0.474	0.75	1
2236	3307	0.474	0.77	1
2807	3251	0.473	0.80	1
1569	1570	0.473	0.81	1
1097	3271	0.473	0.77	1
1993	3333	0.473	0.72	1
2019	2079	0.473	0.71	1
196	3122	0.473	0.80	1
1970	2209	0.473	0.75	1
1510	3458	0.473	0.75	1
866	3820	0.473	0.93	1
2938	4071	0.473	0.54	1
2387	2643	0.473	0.77	1
3424	3723	0.473	0.41	1
2550	2898	0.473	0.56	1
2349	3454	0.473	0.64	1
1970	2082	0.472	0.70	1
1957	3135	0.472	0.83	1
1921	2349	0.472	0.69	1
1764	3564	0.472	0.62	1
71	636	0.472	0.58	1
3263	4240	0.472	0.38	1
3594	4003	0.472	0.81	1
1451	4089	0.472	0.86	1
1132	1662	0.472	0.37	1
2792	2816	0.472	0.89	1
2557	3333	0.472	0.67	1
1991	2001	0.472	0.64	1
1151	1892	0.472	0.60	1
2138	2403	0.471	0.67	1
1526	3326	0.471	0.35	1
3581	4115	0.471	0.89	1
795	1548	0.471	0.62	1
1996	2868	0.471	0.67	1
1256	2023	0.471	0.69	1
94	4089	0.471	0.72	1
1740	3417	0.471	0.49	1
1385	2059	0.471	0.73	1
890	1708	0.471	0.66	1
1418	2647	0.471	0.80	1
1172	3797	0.471	0.59	1
1669	3959	0.470	0.49	1
249	3169	0.470	0.60	1
205	789	0.470	0.33	1
805	3979	0.470	0.68	1
784	4210	0.470	0.42	1
2245	2869	0.470	0.76	1
815	3606	0.470	0.69	1
3136	4094	0.470	0.81	1
489	1603	0.470	0.41	1
71	228	0.470	0.55	1
1451	3779	0.470	0.83	1
1466	3089	0.470	0.71	1
495	608	0.470	0.63	1
492	2634	0.470	0.22	1
2021	3163	0.469	0.82	1
955	2615	0.469	0.64	1
1868	2728	0.469	0.66	1
131	3219	0.469	0.49	1
1247	1603	0.469	0.34	1
3035	3171	0.469	0.75	1
3271	4149	0.469	0.47	1
1521	1865	0.469	0.71	1
1277	3326	0.468	0.37	1
162	3322	0.468	0.50	1
3243	3724	0.468	0.48	1
1976	2226	0.468	0.49	1
498	1615	0.468	0.86	1
2650	2891	0.468	0.62	1
2387	3561	0.468	0.69	1
1008	3354	0.468	0.67	1
844	2785	0.468	0.62	1
2485	2612	0.468	0.79	1
729	1068	0.468	0.69	1
1998	2002	0.468	0.63	1
1981	3943	0.468	0.52	1
2322	4091	0.467	0.81	1
2119	2728	0.467	0.81	1
1638	3073	0.467	0.58	1
1441	1657	0.467	0.61	1
117	2778	0.467	0.84	1
118	2098	0.467	0.72	1
1012	3768	0.467	0.71	1
235	1798	0.467	0.64	1
872	1904	0.467	0.73	1
1382	3358	0.467	0.78	1
1124	2951	0.467	0.70	1
599	1226	0.467	0.57	1
1978	2226	0.467	0.49	1
1444	1953	0.467	0.37	1
1006	1987	0.467	0.65	1
2114	2288	0.466	0.75	1
89	2395	0.466	0.72	1
3751	3883	0.466	0.74	1
2034	3440	0.466	0.67	1
1523	3063	0.466	0.79	1
1615	4064	0.466	0.87	1
825	3028	0.466	0.59	1
1477	3146	0.466	0.61	1
3759	4009	0.466	0.25	1
2463	3557	0.466	0.65	1
671	2091	0.465	0.39	1
3098	4189	0.465	0.83	1
1416	3302	0.465	0.45	1
698	4002	0.465	0.62	1
271	3357	0.465	0.55	1
2113	3271	0.465	0.65	1
1991	2280	0.465	0.41	1
184	2698	0.465	0.40	1
77	1509	0.465	0.75	1
1987	1991	0.465	0.57	1
1896	2392	0.465	0.26	1
1208	1838	0.465	0.77	1
3762	4114	0.465	0.70	1
1008	3808	0.465	0.68	1
685	898	0.465	0.47	1
2939	3947	0.464	0.52	1
741	806	0.464	0.64	1
2063	2142	0.464	0.77	1
698	1548	0.464	0.62	1
355	3931	0.464	0.79	1
1006	1988	0.464	0.62	1
1981	2698	0.464	0.51	1
824	1005	0.464	0.79	1
2347	2689	0.464	0.42	1
824	2890	0.464	0.79	1
324	2453	0.464	0.30	1
1000	4166	0.464	0.65	1
1922	4046	0.463	0.36	1
2939	3451	0.463	0.54	1
3354	3454	0.463	0.70	1
1408	4009	0.463	0.48	1
549	1621	0.463	0.66	1
2188	3452	0.463	0.25	1
1003	2138	0.463	0.73	1
2304	3004	0.463	0.30	1
1876	3209	0.463	0.78	1
2310	3277	0.463	0.48	1
703	2870	0.463	0.39	1
364	4097	0.463	0.39	1
2208	2628	0.463	0.86	1
338	2557	0.463	0.34	1
417	3151	0.462	0.37	1
795	4002	0.462	0.62	1
636	1343	0.462	0.79	1
116	1978	0.462	0.67	1
1957	3042	0.462	0.82	1
1509	2429	0.462	0.85	1
2399	2780	0.462	0.80	1
1468	4070	0.462	0.76	1
1114	1718	0.462	0.69	1
932	2890	0.462	0.54	1
3868	4099	0.461	0.61	1
1826	4010	0.461	0.84	1
82	3801	0.461	0.35	1
219	1653	0.461	0.70	1
66	2017	0.461	0.55	1
1348	3994	0.461	0.77	1
3360	3513	0.461	0.64	1
646	3560	0.461	0.60	1
1996	4050	0.461	0.61	1
1357	3798	0.461	0.68	1
2121	3138	0.460	0.69	1
1563	2784	0.460	0.33	1
430	2394	0.460	0.41	1
1172	2458	0.460	0.68	1
235	1042	0.460	0.57	1
426	1704	0.460	0.71	1
1939	2510	0.460	0.57	1
1247	2643	0.460	0.56	1
706	1418	0.460	0.62	1
2093	3782	0.460	0.23	1
673	3370	0.460	0.74	1
526	2247	0.460	0.33	1
194	646	0.460	0.27	1
2394	3405	0.460	0.55	1
1992	2352	0.460	0.41	1
2615	3675	0.459	0.62	1
1955	2002	0.459	0.60	1
1741	2454	0.459	0.46	1
1584	2171	0.459	0.82	1
2654	3277	0.459	0.63	1
2034	2114	0.459	0.66	1
1388	4003	0.459	0.67	1
1262	1656	0.459	0.45	1
3265	4189	0.459	0.85	1
1191	1527	0.459	0.35	1
698	1921	0.459	0.61	1
2818	3324	0.459	0.40	1
623	4139	0.459	0.81	1
77	364	0.459	0.47	1
65	2164	0.459	0.71	1
2170	2463	0.459	0.48	1
1353	2138	0.459	0.65	1
879	2497	0.459	0.45	1
983	3440	0.458	0.61	1
898	1953	0.458	0.47	1
735	2738	0.458	0.78	1
430	3784	0.458	0.68	1
1318	2531	0.458	0.32	1
2986	4046	0.458	0.48	1
1988	3454	0.458	0.69	1
2571	3161	0.458	0.25	1
178	1249	0.458	0.50	1
499	2116	0.458	0.86	1
784	3737	0.457	0.38	1
495	3886	0.457	0.62	1
290	4030	0.457	0.82	1
1314	2600	0.457	0.77	1
2842	4116	0.457	0.41	1
608	1953	0.457	0.62	1
210	1470	0.457	0.60	1
206	1152	0.457	0.63	1
190	2903	0.457	0.72	1
0	4196	0.457	0.25	1
815	1193	0.457	0.56	1
396	3746	0.457	0.52	1
52	495	0.456	0.36	1
1008	3871	0.456	0.49	1
157	3075	0.456	0.87	1
2404	2839	0.456	0.34	1
2033	2129	0.456	0.60	1
871	3969	0.456	0.61	1
2488	3093	0.456	0.70	1
1868	2561	0.456	0.65	1
1126	1953	0.456	0.36	1
868	3293	0.456	0.66	1
640	3978	0.456	0.73	1
763	1366	0.455	0.79	1
401	483	0.455	0.79	1
1476	3886	0.455	0.70	1
1664	2091	0.455	0.38	1
3860	4170	0.455	0.83	1
714	2016	0.455	0.22	1
497	4003	0.455	0.69	1
3286	4231	0.455	0.54	1
2505	3876	0.455	0.65	1
2575	3098	0.455	0.80	1
96	1469	0.455	0.67	1
3773	3871	0.454	0.56	1
2221	2277	0.454	0.63	1
638	3155	0.454	0.79	1
1514	2976	0.454	0.44	1
2062	2097	0.454	0.81	1
403	3223	0.454	0.83	1
2483	4038	0.454	0.81	1
668	1050	0.454	0.66	1
190	706	0.454	0.58	1
4089	4135	0.454	0.69	1
2215	4169	0.454	0.39	1
1477	2345	0.454	0.64	1
2481	3032	0.454	0.60	1
2406	3094	0.453	0.70	1
2247	2499	0.453	0.77	1
2245	2477	0.453	0.75	1
835	1928	0.453	0.62	1
3271	3328	0.453	0.37	1
2618	3829	0.453	0.72	1
589	2033	0.453	0.68	1
540	714	0.453	0.55	1
303	2947	0.453	0.72	1
2069	3151	0.453	0.28	1
1473	4231	0.453	0.58	1
52	1678	0.453	0.53	1
363	2668	0.453	0.79	1
2868	3681	0.453	0.65	1
1470	3675	0.453	0.58	1
2283	2737	0.452	0.79	1
1134	2465	0.452	0.48	1
1132	4050	0.452	0.62	1
2573	3579	0.452	0.68	1
1426	2972	0.452	0.31	1
446	3557	0.452	0.57	1
3189	3979	0.452	0.55	1
345	3443	0.452	0.64	1
368	2458	0.452	0.67	1
1921	3582	0.452	0.68	1
2136	3024	0.452	0.71	1
2356	3702	0.452	0.75	1
2483	3583	0.451	0.77	1
1879	4021	0.451	0.54	1
2190	2692	0.451	0.62	1
1040	2151	0.451	0.73	1
571	2842	0.451	0.37	1
2312	2528	0.451	0.64	1
1426	3441	0.451	0.26	1
3203	3808	0.451	0.65	1
1578	3994	0.451	0.84	1
1472	2615	0.451	0.61	1
795	1921	0.451	0.61	1
229	2170	0.451	0.65	1
3495	3620	0.451	0.59	1
1733	2843	0.451	0.48	1
671	4169	0.451	0.36	1
38	2488	0.451	0.65	1
815	1395	0.451	0.71	1
2726	2906	0.451	0.68	1
1663	2956	0.450	0.78	1
638	1697	0.450	0.73	1
3170	4070	0.450	0.63	1
290	3223	0.450	0.45	1
1375	2631	0.450	0.59	1
769	3356	0.450	0.68	1
396	401	0.450	0.65	1
313	805	0.450	0.58	1
2122	3644	0.450	0.62	1
2579	3089	0.450	0.66	1
687	1995	0.450	0.61	1
610	612	0.450	0.60	1
3622	3772	0.450	0.52	1
2479	4146	0.450	0.71	1
1994	2615	0.450	0.62	1
2827	4015	0.450	0.78	1
1361	2258	0.449	0.68	1
966	4247	0.449	0.59	1
160	2071	0.449	0.83	1
837	4064	0.449	0.42	1
489	1677	0.449	0.38	1
369	3457	0.449	0.52	1
1953	3293	0.449	0.60	1
857	1575	0.449	0.82	1
2842	2986	0.449	0.45	1
2087	2470	0.449	0.89	1
370	690	0.449	0.38	1
330	1694	0.449	0.68	1
318	3508	0.448	0.58	1
135	198	0.448	0.63	1
401	1871	0.448	0.56	1
1144	2280	0.448	0.52	1
2562	3189	0.448	0.58	1
1065	1793	0.448	0.58	1
1138	1657	0.447	0.65	1
655	2434	0.447	0.84	1
2475	3769	0.447	0.49	1
679	1012	0.447	0.52	1
860	4078	0.447	0.74	1
212	3030	0.447	0.69	1
991	2849	0.447	0.68	1
829	1575	0.447	0.80	1
633	1470	0.447	0.74	1
1249	3675	0.446	0.63	1
1012	2794	0.446	0.61	1
3881	3891	0.446	0.72	1
1266	3088	0.446	0.58	1
529	1544	0.446	0.66	1
2910	4009	0.446	0.72	1
1072	2304	0.446	0.57	1
405	1953	0.446	0.55	1
1981	2416	0.446	0.53	1
2138	3303	0.446	0.66	1
120	2116	0.446	0.82	1
3568	4106	0.446	0.63	1
396	955	0.445	0.54	1
28	77	0.445	0.66	1
1752	2040	0.445	0.72	1
688	1121	0.445	0.71	1
108	406	0.445	0.57	1
2060	3163	0.445	0.83	1
2715	3944	0.445	0.57	1
636	4210	0.445	0.76	1
2643	3311	0.445	0.23	1
2091	2215	0.444	0.37	1
564	2615	0.444	0.68	1
320	1685	0.444	0.65	1
219	1727	0.444	0.77	1
1103	1894	0.444	0.26	1
1105	3697	0.444	0.52	1
2119	3098	0.444	0.82	1
767	2747	0.444	0.51	1
125	1117	0.444	0.70	1
2288	3203	0.444	0.68	1
1887	3176	0.444	0.49	1
2489	4087	0.444	0.61	1
540	1340	0.444	0.52	1
303	2932	0.444	0.72	1
794	1123	0.443	0.57	1
369	2170	0.443	0.51	1
2557	3354	0.443	0.70	1
975	2549	0.443	0.57	1
639	1206	0.443	0.55	1
423	1657	0.443	0.69	1
1995	2868	0.443	0.67	1
685	1444	0.443	0.36	1
1245	1993	0.443	0.44	1
2073	2707	0.443	0.71	1
564	2557	0.443	0.65	1
956	4033	0.443	0.29	1
2157	2215	0.443	0.37	1
932	1005	0.443	0.53	1
2890	3460	0.443	0.66	1
2438	3681	0.443	0.55	1
2055	4180	0.443	0.67	1
890	2615	0.443	0.64	1
2842	3070	0.442	0.71	1
893	1527	0.442	0.41	1
2051	2859	0.442	0.60	1
1223	2441	0.442	0.49	1
865	3831	0.442	0.60	1
646	3596	0.442	0.30	1
350	2998	0.442	0.71	1
1771	3738	0.442	0.71	1
150	1280	0.442	0.86	1
2517	3630	0.442	0.44	1
1824	2932	0.442	0.34	1
737	4105	0.442	0.58	1
3798	3920	0.441	0.65	1
426	3584	0.441	0.66	1
2455	3240	0.441	0.72	1
1548	3333	0.441	0.62	1
1088	3161	0.441	0.31	1
802	2360	0.441	0.69	1
685	3294	0.441	0.57	1
345	1057	0.441	0.61	1
3227	4175	0.441	0.40	1
2704	3943	0.440	0.22	1
2986	4116	0.440	0.42	1
474	2322	0.440	0.76	1
3541	3878	0.440	0.65	1
3293	3433	0.440	0.70	1
2076	2085	0.440	0.50	1
1871	3786	0.440	0.53	1
1867	2784	0.440	0.38	1
3582	4002	0.440	0.68	1
1458	2595	0.440	0.63	1
1003	2906	0.440	0.73	1
294	2342	0.440	0.46	1
1212	3485	0.440	0.48	1
364	2003	0.440	0.69	1
2318	4049	0.440	0.55	1
2002	3830	0.440	0.67	1
1867	3063	0.440	0.52	1
1758	3557	0.440	0.74	1
1038	3742	0.440	0.50	1
1882	4089	0.439	0.85	1
1227	3865	0.439	0.68	1
851	3386	0.439	0.54	1
2437	2487	0.439	0.38	1
2148	2487	0.439	0.72	1
112	3646	0.439	0.55	1
1049	2897	0.439	0.74	1
599	2910	0.439	0.65	1
272	3692	0.439	0.81	1
1126	3146	0.439	0.44	1
1397	2365	0.439	0.68	1
226	2650	0.439	0.39	1
2369	2980	0.439	0.52	1
972	2453	0.439	0.33	1
755	794	0.439	0.45	1
1117	1952	0.439	0.46	1
714	1975	0.439	0.21	1
406	778	0.439	0.64	1
2082	2111	0.438	0.51	1
794	4002	0.438	0.41	1
290	3093	0.438	0.78	1
104	4158	0.438	0.61	1
1356	2088	0.438	0.69	1
1084	2903	0.438	0.79	1
474	4091	0.438	0.79	1
1685	1999	0.438	0.59	1
969	1082	0.438	0.31	1
229	3465	0.438	0.62	1
2055	3460	0.438	0.64	1
156	1198	0.438	0.40	1
2091	3157	0.438	0.59	1
612	970	0.438	0.61	1
715	1068	0.438	0.73	1
705	4170	0.438	0.67	1
2135	3799	0.437	0.62	1
1990	3675	0.437	0.63	1
1361	2666	0.437	0.72	1
2386	3093	0.437	0.65	1
1877	2057	0.437	0.78	1
1477	1996	0.437	0.62	1
3972	4005	0.437	0.83	1
3773	3944	0.437	0.56	1
2833	3759	0.437	0.46	1
2697	3044	0.437	0.79	1
445	744	0.437	0.50	1
150	1933	0.437	0.82	1
2209	2210	0.437	0.32	1
1410	1777	0.437	0.71	1
2891	3630	0.437	0.32	1
1357	3969	0.437	0.53	1
1249	2268	0.437	0.62	1
983	1548	0.437	0.54	1
417	2377	0.437	0.36	1
2483	2856	0.436	0.76	1
671	2157	0.436	0.40	1
2312	2964	0.436	0.68	1
908	1518	0.436	0.34	1
1126	1871	0.436	0.42	1
3145	3425	0.436	0.32	1
2051	2530	0.436	0.58	1
1375	2690	0.436	0.80	1
2949	4019	0.436	0.52	1
2925	3160	0.436	0.69	1
2243	2493	0.436	0.69	1
538	1499	0.436	0.73	1
1395	2280	0.436	0.57	1
2281	3934	0.436	0.57	1
2631	3893	0.436	0.51	1
951	2620	0.436	0.56	1
709	2383	0.435	0.46	1
117	2686	0.435	0.52	1
2285	2304	0.435	0.36	1
1008	3944	0.435	0.47	1
3123	3161	0.435	0.28	1
598	2571	0.435	0.21	1
832	1875	0.435	0.64	1
2119	3265	0.435	0.83	1
977	2684	0.435	0.46	1
1877	2129	0.435	0.51	1
1469	3360	0.435	0.64	1
539	3565	0.435	0.61	1
1715	1973	0.434	0.50	1
1718	2263	0.434	0.70	1
1868	2807	0.434	0.80	1
1749	2434	0.434	0.54	1
729	1028	0.434	0.68	1
495	2567	0.434	0.56	1
1744	4114	0.434	0.64	1
507	2245	0.434	0.57	1
52	1006	0.434	0.44	1
2417	2557	0.434	0.69	1
2171	2172	0.434	0.83	1
426	2080	0.434	0.74	1
2310	3536	0.434	0.78	1
1836	2395	0.434	0.59	1
2087	2483	0.434	0.81	1
826	2685	0.434	0.58	1
554	1080	0.434	0.60	1
851	1607	0.433	0.30	1
31	3560	0.433	0.84	1
3802	3847	0.433	0.69	1
824	2906	0.433	0.80	1
49	2040	0.433	0.66	1
1359	1790	0.433	0.51	1
262	3713	0.433	0.69	1
1105	3561	0.433	0.39	1
1156	3357	0.433	0.74	1
1068	1487	0.433	0.72	1
1564	3004	0.433	0.42	1
702	738	0.433	0.57	1
303	3536	0.432	0.59	1
235	3893	0.432	0.54	1
36	1473	0.432	0.61	1
3028	3968	0.432	0.41	1
2323	2778	0.432	0.67	1
1711	4154	0.432	0.71	1
1123	1895	0.432	0.60	1
1123	3294	0.432	0.60	1
1882	3779	0.432	0.82	1
1779	3190	0.432	0.60	1
1460	2869	0.432	0.73	1
1006	1990	0.432	0.67	1
176	1037	0.432	0.88	1
3513	3959	0.431	0.42	1
2609	3634	0.431	0.29	1
52	3886	0.431	0.71	1
52	2438	0.431	0.48	1
2671	2818	0.431	0.29	1
2432	3037	0.431	0.77	1
1160	2933	0.431	0.26	1
453	3284	0.431	0.75	1
1998	2001	0.431	0.56	1
190	2814	0.431	0.64	1
116	3980	0.431	0.80	1
3702	4247	0.430	0.75	1
2447	3538	0.430	0.71	1
284	1130	0.430	0.83	1
2020	2483	0.430	0.79	1
1988	2832	0.430	0.72	1
311	1085	0.430	0.65	1
142	1105	0.430	0.39	1
2100	3916	0.430	0.66	1
2365	3137	0.430	0.66	1
794	1921	0.430	0.39	1
401	3991	0.430	0.73	1
2059	4126	0.429	0.44	1
1009	3711	0.429	0.62	1
71	2745	0.429	0.60	1
2595	3818	0.429	0.85	1
65	2579	0.429	0.69	1
313	3536	0.429	0.82	1
2827	3555	0.429	0.86	1
1921	3513	0.429	0.38	1
422	2227	0.429	0.63	1
270	1401	0.429	0.61	1
1981	4047	0.429	0.72	1
940	1877	0.429	0.74	1
77	159	0.429	0.49	1
2632	2910	0.429	0.72	1
1609	2268	0.429	0.55	1
955	3223	0.429	0.64	1
823	1024	0.429	0.71	1
412	3702	0.428	0.64	1
147	366	0.428	0.55	1
2003	3830	0.428	0.67	1
1638	3694	0.428	0.70	1
2780	3564	0.428	0.78	1
2432	4087	0.428	0.79	1
1627	2859	0.428	0.56	1
67	4222	0.428	0.68	1
1470	2837	0.428	0.72	1
491	2598	0.428	0.32	1
130	1544	0.428	0.41	1
1509	2870	0.428	0.79	1
704	1384	0.428	0.84	1
483	1763	0.428	0.76	1
2116	2969	0.428	0.83	1
2016	2054	0.428	0.63	1
196	3284	0.428	0.76	1
1987	1992	0.428	0.51	1
327	1832	0.428	0.72	1
1992	2494	0.427	0.57	1
2678	4057	0.427	0.70	1
956	1848	0.427	0.81	1
928	4051	0.427	0.65	1
306	3422	0.427	0.51	1
3152	4117	0.427	0.51	1
3973	4215	0.427	0.39	1
1895	3294	0.427	0.55	1
190	795	0.427	0.61	1
815	3891	0.427	0.70	1
1586	2710	0.427	0.71	1
1051	2739	0.427	0.41	1
887	2477	0.426	0.71	1
844	2690	0.426	0.78	1
638	1782	0.426	0.81	1
1694	3646	0.426	0.55	1
3131	3853	0.426	0.58	1
1337	1344	0.426	0.74	1
770	2637	0.426	0.69	1
612	1115	0.426	0.59	1
890	1745	0.426	0.34	1
2068	2903	0.426	0.79	1
1247	3697	0.426	0.42	1
3	3160	0.426	0.60	1
879	1391	0.426	0.48	1
159	2832	0.426	0.45	1
1955	2615	0.425	0.66	1
1708	3333	0.425	0.66	1
1491	3537	0.425	0.32	1
927	4206	0.425	0.30	1
73	3159	0.425	0.60	1
2017	2620	0.425	0.59	1
262	1466	0.425	0.72	1
1843	2055	0.425	0.60	1
1470	1472	0.425	0.54	1
378	2037	0.425	0.74	1
2619	3237	0.425	0.68	1
654	2700	0.425	0.63	1
2953	3161	0.425	0.28	1
1119	2292	0.424	0.56	1
1078	4170	0.424	0.80	1
2120	3098	0.424	0.80	1
670	3605	0.424	0.60	1
1711	3872	0.424	0.72	1
75	1152	0.424	0.56	1
2138	2751	0.424	0.69	1
745	747	0.424	0.52	1
1084	4050	0.424	0.58	1
84	2429	0.424	0.70	1
1548	3360	0.424	0.58	1
277	3284	0.424	0.65	1
2231	2363	0.423	0.84	1
966	2269	0.423	0.56	1
2442	2787	0.423	0.28	1
1912	3697	0.423	0.40	1
3513	4002	0.423	0.39	1
238	1796	0.423	0.66	1
1332	2353	0.423	0.74	1
956	3605	0.423	0.67	1
736	3494	0.423	0.75	1
88	2138	0.423	0.68	1
1583	1953	0.422	0.59	1
205	2399	0.422	0.61	1
1258	2363	0.422	0.81	1
1741	3259	0.422	0.45	1
1615	1914	0.422	0.79	1
1315	3884	0.422	0.68	1
1922	3396	0.422	0.31	1
282	1318	0.422	0.27	1
210	1476	0.422	0.53	1
3684	4012	0.422	0.68	1
2023	3330	0.422	0.61	1
2569	3073	0.422	0.51	1
1563	1655	0.422	0.55	1
192	3859	0.421	0.54	1
2453	3400	0.421	0.25	1
714	1358	0.421	0.42	1
94	3779	0.421	0.68	1
3277	3979	0.421	0.73	1
235	263	0.421	0.59	1
81	1997	0.421	0.44	1
1023	3751	0.421	0.73	1
198	1466	0.421	0.78	1
96	644	0.421	0.81	1
1193	3167	0.420	0.69	1
626	3093	0.420	0.79	1
192	1865	0.420	0.53	1
1548	2356	0.420	0.56	1
1724	2144	0.420	0.75	1
166	2227	0.420	0.44	1
1472	1990	0.420	0.62	1
338	2747	0.420	0.69	1
2304	2981	0.420	0.25	1
767	2170	0.420	0.19	1
212	1776	0.420	0.70	1
2822	4247	0.420	0.39	1
1470	2099	0.420	0.63	1
150	547	0.419	0.86	1
4159	4243	0.419	0.76	1
944	2822	0.419	0.32	1
3146	3786	0.419	0.52	1
2180	3119	0.419	0.67	1
2107	2240	0.419	0.60	1
955	2569	0.419	0.46	1
2138	3308	0.419	0.65	1
1403	1978	0.419	0.52	1
1092	3586	0.419	0.58	1
345	1770	0.419	0.65	1
608	3584	0.419	0.60	1
587	4003	0.419	0.68	1
2268	3702	0.418	0.63	1
159	1006	0.418	0.61	1
1738	2494	0.418	0.61	1
1051	2542	0.418	0.70	1
435	4066	0.418	0.51	1
297	3530	0.418	0.35	1
1796	2342	0.418	0.69	1
1006	3472	0.418	0.38	1
2288	2494	0.418	0.71	1
1407	1833	0.418	0.70	1
2243	2244	0.418	0.63	1
337	741	0.417	0.64	1
1684	3919	0.417	0.67	1
2945	3645	0.417	0.78	1
1795	3417	0.417	0.45	1
2500	3963	0.417	0.65	1
282	1518	0.417	0.42	1
908	4087	0.417	0.26	1
767	3708	0.417	0.36	1
3032	4001	0.417	0.61	1
1665	2323	0.417	0.59	1
264	3920	0.417	0.73	1
3822	3941	0.417	0.38	1
1895	1953	0.417	0.56	1
665	2463	0.417	0.30	1
248	3162	0.417	0.59	1
2303	4101	0.417	0.60	1
1655	3063	0.417	0.71	1
1368	3621	0.416	0.84	1
2453	3537	0.416	0.28	1
1117	2780	0.416	0.71	1
364	1476	0.416	0.53	1
3146	3454	0.416	0.55	1
735	897	0.416	0.73	1
364	564	0.416	0.66	1
770	4103	0.416	0.68	1
687	1084	0.416	0.57	1
2006	3823	0.416	0.43	1
1606	3921	0.416	0.66	1
1144	3702	0.416	0.74	1
1395	4144	0.416	0.56	1
1472	1594	0.416	0.62	1
3088	3118	0.415	0.70	1
2427	3704	0.415	0.73	1
299	1281	0.415	0.73	1
2290	3070	0.415	0.58	1
2458	3599	0.415	0.58	1
332	1051	0.415	0.39	1
2668	3761	0.415	0.70	1
1444	1609	0.415	0.34	1
412	3815	0.415	0.62	1
2439	4223	0.415	0.56	1
1953	1986	0.415	0.58	1
1820	3710	0.415	0.65	1
1629	3773	0.415	0.80	1
1118	1258	0.415	0.39	1
646	3993	0.414	0.32	1
1831	2057	0.414	0.84	1
687	2068	0.414	0.56	1
685	1895	0.414	0.56	1
499	1848	0.414	0.83	1
2425	3821	0.414	0.67	1
3123	3943	0.414	0.21	1
2177	2252	0.414	0.84	1
192	2123	0.414	0.68	1
94	2636	0.414	0.76	1
24	1311	0.414	0.70	1
1952	2836	0.414	0.47	1
499	2651	0.414	0.30	1
2841	3334	0.413	0.58	1
2634	3184	0.413	0.34	1
940	1698	0.413	0.64	1
2214	2215	0.413	0.42	1
1425	1922	0.413	0.30	1
1249	1990	0.413	0.76	1
1469	1955	0.413	0.66	1
107	3936	0.413	0.78	1
1049	2393	0.412	0.71	1
324	3537	0.412	0.33	1
881	1970	0.412	0.61	1
646	3585	0.412	0.41	1
142	3697	0.412	0.48	1
2245	3665	0.412	0.39	1
2244	2700	0.412	0.63	1
1575	2671	0.412	0.81	1
1168	3299	0.412	0.67	1
1126	2349	0.412	0.62	1
109	4247	0.412	0.51	1
1282	3786	0.412	0.55	1
2304	2897	0.412	0.31	1
1250	1923	0.412	0.58	1
1461	3830	0.411	0.35	1
1372	3734	0.411	0.71	1
400	3326	0.411	0.33	1
778	1657	0.411	0.63	1
449	2080	0.411	0.76	1
1126	2288	0.411	0.63	1
994	1657	0.411	0.65	1
760	1975	0.411	0.22	1
749	1249	0.411	0.64	1
109	1307	0.411	0.60	1
1738	1872	0.411	0.84	1
1645	1913	0.411	0.37	1
767	859	0.411	0.41	1
494	635	0.411	0.73	1
1662	2438	0.411	0.46	1
178	1193	0.411	0.67	1
1954	2349	0.410	0.61	1
873	943	0.410	0.28	1
650	1456	0.410	0.47	1
1003	1005	0.410	0.73	1
1741	3946	0.410	0.39	1
1170	1295	0.410	0.55	1
944	2680	0.410	0.42	1
3559	3672	0.410	0.61	1
1028	3193	0.410	0.43	1
974	2699	0.410	0.38	1
1227	2009	0.409	0.32	1
741	1117	0.409	0.46	1
2495	3539	0.409	0.75	1
657	3639	0.409	0.24	1
235	3271	0.409	0.66	1
1119	2399	0.409	0.72	1
770	3557	0.409	0.55	1
2494	3785	0.409	0.59	1
2859	3736	0.409	0.47	1
1548	2868	0.409	0.66	1
1500	2053	0.409	0.70	1
696	3316	0.409	0.48	1
2138	4118	0.409	0.68	1
2030	2561	0.409	0.60	1
3172	3420	0.408	0.72	1
1893	3557	0.408	0.48	1
1507	2204	0.408	0.55	1
1216	2545	0.408	0.44	1
64	1831	0.408	0.76	1
869	1134	0.408	0.43	1
944	4116	0.408	0.37	1
4015	4203	0.408	0.76	1
2019	2123	0.408	0.58	1
1662	2859	0.408	0.42	1
1599	2859	0.408	0.65	1
1082	1838	0.408	0.64	1
879	2896	0.408	0.67	1
406	994	0.408	0.62	1
2138	3460	0.408	0.66	1
272	2956	0.408	0.73	1
1084	1956	0.408	0.63	1
564	2494	0.408	0.68	1
1954	2288	0.408	0.66	1
1543	3945	0.408	0.82	1
706	1470	0.408	0.50	1
696	3996	0.408	0.51	1
373	3167	0.408	0.78	1
1158	4144	0.407	0.51	1
795	1008	0.407	0.60	1
547	3829	0.407	0.88	1
3056	3928	0.407	0.66	1
495	1338	0.407	0.40	1
1956	3360	0.407	0.56	1
2015	2082	0.407	0.71	1
192	525	0.407	0.35	1
1786	2395	0.407	0.54	1
1003	2890	0.407	0.72	1
932	2906	0.406	0.52	1
71	3531	0.406	0.54	1
851	1991	0.406	0.39	1
456	2224	0.406	0.33	1
1427	3133	0.406	0.51	1
2893	4022	0.406	0.75	1
1737	2499	0.406	0.89	1
866	3325	0.406	0.59	1
564	1986	0.406	0.66	1
844	1022	0.406	0.39	1
113	3445	0.405	0.39	1
2483	3221	0.405	0.81	1
1953	2045	0.405	0.43	1
369	2035	0.405	0.71	1
200	2688	0.405	0.53	1
405	2285	0.405	0.55	1
1698	2477	0.405	0.70	1
685	3430	0.405	0.59	1
3	4169	0.405	0.59	1
198	3713	0.405	0.74	1
1989	2376	0.404	0.80	1
641	3192	0.404	0.51	1
2739	2833	0.404	0.39	1
2015	2075	0.404	0.68	1
525	1029	0.404	0.38	1
63	1357	0.404	0.84	1
2121	3119	0.404	0.65	1
2052	2846	0.404	0.24	1
1361	1471	0.404	0.63	1
1355	1645	0.404	0.55	1
3606	3891	0.404	0.49	1
3135	4114	0.404	0.63	1
2236	4067	0.404	0.68	1
1868	3537	0.404	0.77	1
1535	2055	0.404	0.65	1
687	2122	0.404	0.50	1
65	3811	0.404	0.68	1
587	670	0.404	0.26	1
2844	4087	0.404	0.37	1
2099	3802	0.404	0.67	1
2063	2344	0.404	0.29	1
1005	2890	0.404	0.74	1
3353	3632	0.403	0.79	1
1084	2557	0.403	0.62	1
783	802	0.403	0.71	1
3430	4160	0.403	0.60	1
1896	2535	0.403	0.38	1
624	749	0.403	0.48	1
616	1761	0.403	0.68	1
65	3561	0.403	0.58	1
2986	4247	0.403	0.32	1
2068	4050	0.403	0.57	1
598	2704	0.403	0.21	1
806	3119	0.403	0.42	1
2434	2454	0.403	0.45	1
1359	2359	0.403	0.75	1
3586	4034	0.403	0.59	1
1477	1548	0.403	0.65	1
1613	3770	0.403	0.72	1
537	4071	0.403	0.44	1
160	1698	0.403	0.24	1
1829	2282	0.402	0.64	1
892	1700	0.402	0.57	1
290	405	0.402	0.64	1
3119	3236	0.402	0.27	1
608	1662	0.402	0.49	1
3702	3996	0.402	0.61	1
157	1489	0.402	0.54	1
2276	2483	0.401	0.82	1
1311	3241	0.401	0.61	1
1624	3210	0.401	0.64	1
81	744	0.401	0.48	1
2116	3556	0.401	0.80	1
1457	2425	0.401	0.60	1
2921	4232	0.401	0.73	1
2017	2342	0.401	0.58	1
685	1126	0.401	0.35	1
2483	3391	0.401	0.86	1
1069	2906	0.401	0.54	1
789	3457	0.401	0.64	1
1006	1898	0.400	0.38	1
299	2070	0.400	0.67	1
176	2148	0.400	0.64	1
225	1100	0.400	0.63	1
1562	2080	0.400	0.72	1
732	1361	0.400	0.64	1
2899	3350	0.400	0.58	1
1469	4140	0.400	0.61	1
794	1461	0.400	0.45	1
1567	3593	0.400	0.68	1
1527	3853	0.400	0.54	1
1029	1303	0.400	0.82	1
1128	4163	0.400	0.77	1
150	1029	0.400	0.67	1
1143	2129	0.399	0.58	1
1702	1785	0.399	0.53	1
1933	2019	0.399	0.73	1
1173	3156	0.399	0.54	1
2689	3561	0.399	0.45	1
605	1606	0.399	0.67	1
169	2170	0.399	0.24	1
1126	2356	0.399	0.47	1
406	2902	0.399	0.66	1
620	1684	0.398	0.59	1
2842	3787	0.398	0.35	1
1397	3581	0.398	0.26	1
840	2055	0.398	0.63	1
2164	3275	0.398	0.60	1
1839	4051	0.398	0.64	1
1664	4169	0.398	0.38	1
3871	4043	0.398	0.46	1
1548	2958	0.398	0.53	1
1005	1353	0.398	0.66	1
1571	1877	0.398	0.38	1
1826	3350	0.398	0.66	1
1427	2273	0.398	0.46	1
1227	4099	0.398	0.49	1
364	2550	0.398	0.37	1
951	1697	0.397	0.68	1
396	3965	0.397	0.62	1
1518	3817	0.397	0.51	1
446	2488	0.397	0.39	1
2537	2898	0.397	0.62	1
1893	3035	0.397	0.65	1
3302	4038	0.397	0.48	1
2345	3294	0.397	0.59	1
1367	1409	0.397	0.69	1
702	2129	0.397	0.50	1
732	1227	0.397	0.33	1
495	1395	0.397	0.57	1
344	1981	0.397	0.80	1
1707	2933	0.397	0.32	1
782	1692	0.397	0.25	1
1123	2175	0.396	0.68	1
1395	2537	0.396	0.61	1
2035	2553	0.396	0.75	1
1026	1415	0.396	0.51	1
719	1097	0.396	0.71	1
248	544	0.396	0.60	1
794	3959	0.396	0.42	1
109	1100	0.396	0.47	1
1344	2873	0.396	0.65	1
1123	2868	0.396	0.61	1
944	3787	0.396	0.45	1
189	3485	0.396	0.49	1
2164	2245	0.396	0.61	1
1848	3418	0.396	0.70	1
1005	2138	0.396	0.75	1
1354	2048	0.395	0.68	1
577	2634	0.395	0.21	1
1472	2715	0.395	0.58	1
836	4056	0.395	0.47	1
1444	1998	0.395	0.47	1
126	2387	0.395	0.66	1
3259	3946	0.395	0.42	1
2535	4002	0.395	0.31	1
1657	2475	0.395	0.66	1
526	2806	0.395	0.41	1
63	1050	0.395	0.80	1
530	1292	0.395	0.71	1
1216	2402	0.395	0.71	1
3063	3853	0.394	0.56	1
2269	2511	0.394	0.59	1
2091	3283	0.394	0.65	1
1084	1996	0.394	0.58	1
273	2281	0.394	0.57	1
3257	4231	0.394	0.53	1
703	3119	0.394	0.51	1
3189	3289	0.394	0.42	1
749	3681	0.394	0.58	1
2494	4160	0.394	0.59	1
495	510	0.394	0.41	1
406	2475	0.394	0.58	1
1544	2032	0.394	0.72	1
1514	2927	0.394	0.75	1
920	3786	0.394	0.60	1
495	1638	0.394	0.55	1
66	951	0.394	0.66	1
745	1277	0.394	0.50	1
610	826	0.394	0.57	1
84	3406	0.394	0.43	1
2827	3465	0.393	0.49	1
2567	3722	0.393	0.59	1
1992	3967	0.393	0.43	1
48	1221	0.393	0.30	1
2055	2890	0.393	0.70	1
2016	4170	0.393	0.27	1
2743	2842	0.393	0.27	1
770	2404	0.393	0.69	1
1386	4005	0.393	0.50	1
237	330	0.393	0.50	1
610	3360	0.392	0.45	1
346	3430	0.392	0.62	1
2110	2606	0.392	0.31	1
1353	2890	0.392	0.65	1
406	1441	0.392	0.54	1
229	3557	0.392	0.60	1
1472	1989	0.392	0.60	1
1442	2780	0.392	0.62	1
134	1717	0.392	0.72	1
1603	1677	0.392	0.56	1
1657	2902	0.392	0.68	1
1281	1371	0.392	0.77	1
2297	2787	0.391	0.47	1
1692	2458	0.391	0.47	1
380	4073	0.391	0.71	1
2620	3632	0.391	0.50	1
2473	3418	0.391	0.77	1
2116	4070	0.391	0.76	1
1548	2511	0.391	0.63	1
1114	2668	0.391	0.70	1
1571	2076	0.391	0.41	1
967	4046	0.391	0.60	1
685	4044	0.391	0.50	1
670	1549	0.391	0.63	1
904	2972	0.391	0.77	1
494	2356	0.391	0.54	1
1247	1912	0.391	0.44	1
3527	3914	0.391	0.56	1
1987	2121	0.391	0.75	1
1117	4247	0.391	0.37	1
2723	2977	0.390	0.42	1
2497	2745	0.390	0.41	1
2048	2392	0.390	0.51	1
2511	3146	0.390	0.61	1
406	549	0.390	0.67	1
1591	1976	0.390	0.52	1
469	732	0.390	0.55	1
2458	3689	0.390	0.55	1
1657	3870	0.390	0.60	1
670	4148	0.390	0.20	1
225	2615	0.390	0.66	1
140	2307	0.390	0.39	1
3081	3311	0.390	0.43	1
2002	2345	0.390	0.53	1
2211	3240	0.390	0.72	1
1987	3454	0.390	0.64	1
608	685	0.390	0.32	1
646	1171	0.389	0.43	1
529	1325	0.389	0.52	1
369	2391	0.389	0.51	1
142	3040	0.389	0.60	1
2890	4118	0.389	0.66	1
2560	4076	0.389	0.52	1
2189	2756	0.389	0.49	1
521	2100	0.389	0.30	1
3176	4215	0.389	0.31	1
1042	3606	0.389	0.48	1
2033	3514	0.389	0.59	1
3250	3386	0.389	0.64	1
482	1613	0.389	0.58	1
2473	2748	0.388	0.78	1
2958	4019	0.388	0.37	1
1756	2681	0.388	0.54	1
657	1848	0.388	0.66	1
1973	3419	0.388	0.55	1
1469	3830	0.388	0.63	1
1281	2070	0.388	0.68	1
703	1150	0.388	0.61	1
1895	2345	0.388	0.58	1
2075	2763	0.388	0.72	1
982	2903	0.388	0.85	1
532	3788	0.388	0.52	1
496	835	0.387	0.51	1
633	3004	0.387	0.31	1
2055	4118	0.387	0.68	1
257	782	0.387	0.60	1
1990	1994	0.387	0.56	1
3560	3585	0.387	0.67	1
1981	2694	0.387	0.59	1
972	2123	0.387	0.71	1
908	3739	0.387	0.44	1
2263	2483	0.387	0.78	1
456	1471	0.386	0.36	1
838	2742	0.386	0.62	1
529	2947	0.386	0.42	1
687	2034	0.386	0.52	1
2680	2822	0.386	0.35	1
1446	4047	0.386	0.66	1
970	1990	0.386	0.64	1
2189	3614	0.386	0.57	1
1831	1981	0.386	0.75	1
829	857	0.386	0.65	1
149	2998	0.386	0.54	1
1477	3454	0.386	0.63	1
1683	4241	0.385	0.69	1
955	1954	0.385	0.47	1
181	2787	0.385	0.31	1
988	2502	0.385	0.68	1
194	3993	0.385	0.27	1
1664	4126	0.385	0.44	1
1992	2359	0.385	0.54	1
866	3827	0.385	0.64	1
970	2077	0.385	0.65	1
784	1591	0.385	0.49	1
534	2399	0.385	0.56	1
507	1698	0.385	0.77	1
492	1582	0.385	0.55	1
134	3949	0.385	0.73	1
802	3966	0.385	0.27	1
1594	3675	0.384	0.58	1
77	2164	0.384	0.61	1
1718	2668	0.384	0.73	1
2116	3017	0.384	0.75	1
1507	4102	0.384	0.52	1
1281	3583	0.384	0.58	1
2438	4144	0.384	0.40	1
94	1382	0.384	0.54	1
1461	3250	0.384	0.59	1
2310	4021	0.384	0.24	1
1769	3650	0.384	0.22	1
1535	2229	0.384	0.60	1
1410	4066	0.384	0.64	1
3425	4226	0.384	0.31	1
1897	3353	0.384	0.51	1
1353	1870	0.384	0.46	1
698	3996	0.384	0.59	1
1181	3015	0.384	0.80	1
1359	3317	0.384	0.56	1
749	3612	0.384	0.62	1
2077	3409	0.383	0.55	1
3267	3268	0.383	0.78	1
2582	3602	0.383	0.63	1
1548	4140	0.383	0.53	1
599	3759	0.383	0.54	1
907	4215	0.383	0.37	1
2871	2914	0.383	0.39	1
587	4033	0.383	0.26	1
1028	1470	0.383	0.63	1
2363	3029	0.383	0.75	1
1719	2217	0.383	0.81	1
826	3783	0.383	0.65	1
743	2501	0.383	0.49	1
1843	2138	0.382	0.59	1
286	2424	0.382	0.66	1
228	3879	0.382	0.34	1
1031	1912	0.382	0.45	1
2890	2906	0.382	0.72	1
706	1245	0.382	0.56	1
52	1594	0.382	0.52	1
991	1068	0.382	0.65	1
638	2229	0.382	0.76	1
588	3646	0.382	0.49	1
1544	2031	0.382	0.74	1
1227	3672	0.382	0.50	1
851	1359	0.382	0.66	1
112	2928	0.382	0.60	1
2045	2408	0.381	0.42	1
491	2463	0.381	0.51	1
1526	1738	0.381	0.68	1
28	4192	0.381	0.49	1
1008	1509	0.381	0.54	1
1715	2927	0.381	0.66	1
1568	3992	0.381	0.64	1
1384	1409	0.381	0.83	1
1594	2780	0.381	0.62	1
1343	1397	0.381	0.58	1
1022	4238	0.381	0.45	1
2077	2280	0.381	0.52	1
1620	3134	0.380	0.43	1
1375	1395	0.380	0.61	1
2116	2970	0.380	0.82	1
1357	1403	0.380	0.65	1
2482	3557	0.380	0.54	1
1057	1770	0.380	0.63	1
1331	3901	0.379	0.79	1
3088	3557	0.379	0.70	1
1191	3967	0.379	0.57	1
1140	4246	0.379	0.41	1
2034	4050	0.379	0.51	1
1343	2819	0.379	0.69	1
2643	3697	0.379	0.51	1
2331	2961	0.379	0.66	1
749	3891	0.379	0.68	1
624	2868	0.379	0.55	1
2077	3891	0.379	0.50	1
1989	1994	0.379	0.56	1
341	3326	0.379	0.32	1
330	3856	0.379	0.63	1
3560	3596	0.378	0.35	1
1397	4210	0.378	0.40	1
983	4144	0.378	0.50	1
2685	3736	0.378	0.62	1
1741	3427	0.378	0.46	1
1331	2785	0.378	0.71	1
2171	2631	0.378	0.70	1
1945	3662	0.378	0.73	1
1627	3595	0.378	0.74	1
1620	3447	0.378	0.43	1
2159	3449	0.378	0.41	1
890	4140	0.378	0.62	1
1708	1997	0.378	0.50	1
1603	1829	0.378	0.40	1
1072	3513	0.378	0.48	1
2073	2075	0.378	0.63	1
3561	3697	0.377	0.43	1
1975	3696	0.377	0.62	1
1143	3561	0.377	0.54	1
1374	2859	0.377	0.61	1
685	1986	0.377	0.53	1
363	1904	0.377	0.76	1
2905	4171	0.377	0.61	1
2345	2868	0.377	0.60	1
1719	2185	0.377	0.79	1
944	2986	0.377	0.45	1
1657	1967	0.377	0.54	1
290	3494	0.377	0.69	1
1684	3425	0.376	0.34	1
886	2827	0.376	0.69	1
453	3031	0.376	0.61	1
305	2031	0.376	0.67	1
77	1997	0.376	0.56	1
3404	3561	0.376	0.57	1
2792	3312	0.376	0.66	1
755	2615	0.376	0.59	1
1022	2557	0.376	0.55	1
741	3983	0.376	0.38	1
587	2854	0.376	0.40	1
2912	4181	0.376	0.66	1
696	1632	0.376	0.50	1
3901	4030	0.376	0.77	1
1117	2565	0.376	0.56	1
2157	3452	0.376	0.25	1
1993	3853	0.376	0.66	1
794	1151	0.376	0.48	1
2017	2066	0.376	0.60	1
1888	2215	0.375	0.55	1
701	1779	0.375	0.29	1
194	3563	0.375	0.39	1
475	3784	0.375	0.51	1
1507	3666	0.375	0.65	1
224	1517	0.375	0.70	1
109	4088	0.375	0.50	1
782	2729	0.375	0.42	1
369	3801	0.375	0.49	1
96	713	0.375	0.47	1
368	1538	0.375	0.49	1
2569	3258	0.375	0.43	1
1607	3284	0.375	0.64	1
94	3490	0.375	0.36	1
3292	4111	0.374	0.68	1
1653	3283	0.374	0.49	1
52	749	0.374	0.57	1
1117	1835	0.374	0.59	1
196	3327	0.374	0.64	1
181	2066	0.374	0.59	1
2263	2668	0.374	0.65	1
1862	2925	0.374	0.48	1
1006	1998	0.374	0.60	1
401	3808	0.374	0.65	1
2495	4044	0.374	0.60	1
1955	2870	0.374	0.58	1
515	3192	0.374	0.63	1
2157	3283	0.374	0.58	1
3267	3557	0.374	0.60	1
3255	3746	0.374	0.61	1
1974	2083	0.373	0.57	1
369	969	0.373	0.56	1
651	4182	0.373	0.33	1
218	4054	0.373	0.69	1
2566	3645	0.373	0.77	1
1247	3561	0.373	0.30	1
2535	3203	0.373	0.46	1
642	1692	0.373	0.67	1
1662	3681	0.373	0.46	1
794	1995	0.373	0.50	1
639	1904	0.373	0.56	1
1005	2055	0.373	0.68	1
972	3400	0.373	0.30	1
2180	3962	0.373	0.56	1
113	1474	0.373	0.41	1
1232	3786	0.373	0.40	1
972	3251	0.373	0.74	1
330	837	0.373	0.57	1
324	972	0.373	0.33	1
706	4097	0.372	0.43	1
2016	2164	0.372	0.53	1
1719	2248	0.372	0.79	1
208	566	0.372	0.23	1
157	558	0.372	0.56	1
1988	2180	0.372	0.74	1
396	3255	0.372	0.45	1
1144	1990	0.372	0.59	1
2033	3697	0.372	0.53	1
2033	2142	0.372	0.64	1
889	1656	0.372	0.31	1
843	1126	0.372	0.67	1
1927	3487	0.371	0.52	1
966	2838	0.371	0.52	1
528	3219	0.371	0.43	1
2898	3409	0.371	0.50	1
1408	1511	0.371	0.44	1
859	1318	0.371	0.52	1
366	1399	0.371	0.50	1
2057	3052	0.371	0.73	1
732	2009	0.371	0.61	1
1669	1999	0.371	0.51	1
1126	1548	0.371	0.59	1
311	3752	0.371	0.66	1
132	2271	0.371	0.48	1
130	1325	0.371	0.68	1
2557	3808	0.371	0.65	1
1990	3681	0.371	0.53	1
1871	3056	0.371	0.54	1
495	1182	0.370	0.69	1
3151	3626	0.370	0.55	1
231	2164	0.370	0.57	1
220	2116	0.370	0.76	1
1331	2647	0.370	0.76	1
396	729	0.370	0.65	1
2288	3430	0.370	0.68	1
20	3527	0.370	0.57	1
983	3624	0.370	0.52	1
489	3811	0.370	0.32	1
1359	1763	0.370	0.67	1
1286	1382	0.370	0.39	1
1981	2975	0.370	0.35	1
1993	3965	0.369	0.72	1
2017	2187	0.369	0.48	1
2016	3257	0.369	0.46	1
2448	2896	0.369	0.61	1
525	2636	0.369	0.62	1
406	3650	0.369	0.58	1
109	2958	0.369	0.47	1
696	804	0.369	0.49	1
212	3768	0.369	0.77	1
181	2403	0.369	0.60	1
2704	3161	0.369	0.22	1
1613	3454	0.369	0.57	1
1477	3681	0.369	0.58	1
747	2539	0.369	0.62	1
94	1534	0.369	0.63	1
2287	4050	0.369	0.49	1
2842	4247	0.369	0.37	1
2635	3082	0.369	0.58	1
832	3823	0.369	0.44	1
1511	3148	0.369	0.68	1
1005	4118	0.369	0.65	1
1886	1986	0.369	0.72	1
1829	2286	0.369	0.55	1
1469	2114	0.369	0.63	1
2015	2973	0.369	0.71	1
2221	4117	0.368	0.62	1
1247	3404	0.368	0.71	1
893	3928	0.368	0.39	1
2441	3509	0.368	0.59	1
2033	3160	0.368	0.63	1
90	1882	0.368	0.76	1
66	638	0.368	0.71	1
3305	3405	0.368	0.17	1
794	1072	0.368	0.51	1
2122	3147	0.368	0.46	1
1660	1670	0.368	0.39	1
1862	4237	0.368	0.36	1
1603	2689	0.368	0.41	1
133	1042	0.368	0.63	1
1172	3031	0.368	0.47	1
1132	2511	0.368	0.56	1
890	1515	0.368	0.69	1
522	2227	0.368	0.43	1
113	587	0.368	0.41	1
2018	2116	0.367	0.68	1
297	2544	0.367	0.42	1
3400	3537	0.367	0.49	1
1114	2483	0.367	0.78	1
1476	3318	0.367	0.49	1
1395	3746	0.367	0.63	1
784	1343	0.367	0.65	1
1782	1950	0.367	0.76	1
159	703	0.367	0.45	1
969	2251	0.367	0.49	1
636	2600	0.367	0.72	1
1359	890	0.367	0.15	1
364	3333	0.367	0.62	1
2531	3817	0.367	0.52	1
2557	3999	0.366	0.49	1
1244	3417	0.366	0.47	1
3063	4172	0.366	0.70	1
2121	3962	0.366	0.55	1
1382	1779	0.366	0.39	1
955	3357	0.366	0.55	1
229	3708	0.366	0.57	1
1719	2084	0.366	0.79	1
2113	2615	0.366	0.61	1
2663	3042	0.366	0.57	1
1395	1928	0.366	0.49	1
1469	4247	0.366	0.43	1
359	2577	0.366	0.55	1
63	1831	0.366	0.82	1
2794	4170	0.366	0.45	1
2382	2411	0.366	0.62	1
1491	3400	0.366	0.24	1
690	4071	0.366	0.60	1
71	3879	0.366	0.53	1
2290	3946	0.365	0.54	1
1072	1140	0.365	0.47	1
2472	2612	0.365	0.61	1
1996	3513	0.365	0.46	1
2082	4245	0.365	0.69	1
1836	2594	0.365	0.37	1
77	2121	0.365	0.57	1
1171	3993	0.365	0.48	1
2238	2903	0.365	0.73	1
1151	1700	0.365	0.52	1
349	1290	0.365	0.56	1
549	1657	0.365	0.63	1
1303	3405	0.365	0.75	1
160	2078	0.365	0.29	1
3030	3284	0.365	0.64	1
1537	2326	0.364	0.50	1
2292	2557	0.364	0.47	1
2022	3444	0.364	0.56	1
1460	2033	0.364	0.46	1
1097	2114	0.364	0.72	1
1006	1477	0.364	0.61	1
955	1456	0.364	0.67	1
294	1697	0.364	0.51	1
1548	4071	0.363	0.52	1
969	4087	0.363	0.35	1
65	1230	0.363	0.65	1
2906	4118	0.363	0.67	1
2539	3302	0.363	0.51	1
1928	3736	0.363	0.35	1
685	1993	0.363	0.49	1
219	1664	0.363	0.67	1
2925	3005	0.363	0.60	1
1563	3459	0.363	0.57	1
363	3761	0.363	0.65	1
2958	3830	0.363	0.40	1
1594	2685	0.363	0.71	1
1477	3409	0.363	0.61	1
761	1144	0.363	0.57	1
369	3968	0.363	0.37	1
2399	3255	0.362	0.53	1
955	1654	0.362	0.27	1
745	1720	0.362	0.49	1
2245	3797	0.362	0.30	1
1901	2815	0.362	0.29	1
671	1664	0.362	0.43	1
82	3817	0.362	0.60	1
967	1623	0.362	0.49	1
1188	4234	0.362	0.61	1
1151	4238	0.362	0.54	1
1116	2229	0.362	0.59	1
612	4238	0.362	0.56	1
486	2342	0.362	0.59	1
3400	3577	0.362	0.46	1
2000	2897	0.362	0.65	1
1350	2111	0.362	0.38	1
781	3324	0.362	0.35	1
3250	3871	0.361	0.63	1
1926	3847	0.361	0.59	1
2970	3508	0.361	0.50	1
2553	3967	0.361	0.75	1
3527	4101	0.361	0.60	1
1385	3498	0.361	0.63	1
1132	1994	0.361	0.60	1
1809	3316	0.361	0.49	1
1047	2080	0.361	0.74	1
3118	3465	0.361	0.28	1
2093	3004	0.361	0.36	1
1113	2868	0.361	0.68	1
1986	3333	0.361	0.64	1
1876	3417	0.361	0.56	1
1126	3996	0.361	0.51	1
97	3788	0.361	0.78	1
1872	1990	0.361	0.71	1
1480	3901	0.361	0.48	1
159	2280	0.361	0.49	1
1360	2076	0.361	0.68	1
1006	1594	0.361	0.57	1
806	1150	0.361	0.48	1
657	4094	0.361	0.58	1
562	708	0.361	0.50	1
142	1912	0.361	0.31	1
3488	3935	0.360	0.43	1
755	3203	0.360	0.44	1
2352	2897	0.360	0.54	1
4015	4087	0.360	0.76	1
2984	3042	0.360	0.54	1
1976	3437	0.360	0.51	1
1022	3409	0.360	0.46	1
1042	1063	0.360	0.38	1
851	1992	0.360	0.38	1
1763	2143	0.360	0.53	1
2349	4002	0.360	0.60	1
966	1132	0.360	0.52	1
881	3418	0.360	0.24	1
318	3312	0.360	0.52	1
1399	2516	0.359	0.79	1
1397	2997	0.359	0.33	1
2434	2842	0.359	0.44	1
1886	3357	0.359	0.53	1
667	3989	0.359	0.70	1
463	2349	0.359	0.77	1
1330	4014	0.359	0.43	1
3353	3714	0.359	0.57	1
1470	3983	0.359	0.61	1
2943	3672	0.359	0.62	1
778	4034	0.359	0.56	1
569	2233	0.359	0.59	1
2145	4126	0.359	0.81	1
112	3300	0.359	0.73	1
706	2345	0.359	0.53	1
2071	2078	0.358	0.76	1
2819	3266	0.358	0.48	1
795	966	0.358	0.72	1
1710	3187	0.358	0.57	1
624	2052	0.358	0.35	1
169	3801	0.358	0.51	1
1697	3632	0.358	0.51	1
109	635	0.358	0.57	1
3928	4145	0.358	0.47	1
2157	4046	0.357	0.23	1
1954	1994	0.357	0.57	1
1117	4002	0.357	0.36	1
1375	1998	0.357	0.45	1
654	2493	0.357	0.67	1
325	2687	0.357	0.71	1
157	3102	0.357	0.76	1
2569	2859	0.357	0.43	1
1944	3252	0.357	0.69	1
130	489	0.357	0.53	1
1032	2240	0.357	0.70	1
3542	4161	0.357	0.46	1
1848	2654	0.357	0.69	1
534	789	0.357	0.32	1
1632	3624	0.356	0.49	1
820	2335	0.356	0.83	1
2281	3751	0.356	0.59	1
1997	4140	0.356	0.51	1
545	712	0.356	0.23	1
2075	2111	0.356	0.58	1
496	719	0.356	0.34	1
3233	3966	0.356	0.54	1
1882	2019	0.356	0.72	1
1885	3119	0.356	0.47	1
1547	2226	0.356	0.54	1
1407	2583	0.356	0.52	1
1252	1441	0.356	0.54	1
205	3991	0.356	0.56	1
1461	1629	0.356	0.58	1
1371	2070	0.356	0.72	1
751	1516	0.356	0.71	1
1160	2018	0.355	0.65	1
403	2382	0.355	0.57	1
2134	2184	0.355	0.68	1
970	1594	0.355	0.64	1
337	1034	0.355	0.67	1
307	4135	0.355	0.41	1
1362	2645	0.355	0.59	1
898	4238	0.355	0.61	1
2618	3878	0.355	0.61	1
2345	3454	0.355	0.62	1
1998	3681	0.355	0.57	1
1994	2359	0.355	0.64	1
2429	3664	0.355	0.64	1
1084	2230	0.355	0.61	1
2145	4181	0.355	0.67	1
1900	3192	0.355	0.59	1
1859	3452	0.355	0.28	1
589	2412	0.355	0.69	1
404	718	0.355	0.69	1
1613	4087	0.354	0.60	1
112	503	0.354	0.61	1
3333	3430	0.354	0.66	1
1022	2832	0.354	0.49	1
534	3991	0.354	0.56	1
190	405	0.354	0.48	1
633	2238	0.354	0.69	1
624	1477	0.354	0.55	1
396	3454	0.354	0.66	1
415	991	0.354	0.76	1
273	3934	0.354	0.51	1
2236	3266	0.354	0.83	1
1848	3542	0.354	0.77	1
1740	1795	0.354	0.41	1
4	1268	0.354	0.61	1
3820	4197	0.354	0.69	1
1698	2803	0.354	0.40	1
1175	3463	0.354	0.33	1
71	171	0.354	0.60	1
1613	2463	0.354	0.43	1
1105	1603	0.354	0.36	1
94	3176	0.354	0.32	1
159	3996	0.353	0.56	1
684	3721	0.353	0.64	1
254	2718	0.353	0.69	1
194	3585	0.353	0.40	1
569	2481	0.353	0.26	1
1117	3073	0.353	0.32	1
267	3271	0.353	0.60	1
28	1700	0.353	0.56	1
434	908	0.353	0.37	1
180	3161	0.353	0.20	1
3454	3675	0.353	0.46	1
1444	1501	0.353	0.40	1
1471	2224	0.353	0.45	1
1654	3203	0.353	0.55	1
311	2729	0.353	0.59	1
2907	3678	0.352	0.58	1
1123	1477	0.352	0.57	1
2973	4245	0.352	0.78	1
364	1986	0.352	0.58	1
1477	2114	0.352	0.61	1
859	974	0.351	0.31	1
549	2164	0.351	0.58	1
3454	3944	0.351	0.46	1
1232	1471	0.351	0.35	1
2557	2780	0.351	0.58	1
981	4088	0.351	0.52	1
3460	3811	0.351	0.43	1
635	1548	0.351	0.62	1
1990	2114	0.351	0.70	1
109	2285	0.351	0.37	1
2745	3162	0.351	0.45	1
1928	2000	0.351	0.60	1
2175	2837	0.351	0.68	1
908	928	0.351	0.70	1
1893	4196	0.351	0.48	1
1708	1955	0.350	0.61	1
1328	2477	0.350	0.81	1
2018	3394	0.350	0.59	1
1867	3406	0.350	0.44	1
895	2023	0.350	0.61	1
1989	3440	0.350	0.68	1
368	2164	0.350	0.59	1
316	1064	0.350	0.38	1
2274	3583	0.350	0.37	1
928	1686	0.350	0.58	1
1064	3012	0.350	0.28	1
755	1954	0.350	0.42	1
40	982	0.350	0.79	1
972	1868	0.350	0.72	1
826	970	0.350	0.55	1
1714	1774	0.349	0.69	1
687	3840	0.349	0.59	1
46	815	0.349	0.52	1
3762	3869	0.349	0.53	1
2689	3404	0.349	0.47	1
1856	2188	0.349	0.55	1
944	3396	0.349	0.40	1
66	2039	0.349	0.46	1
71	2078	0.349	0.60	1
2269	4088	0.349	0.29	1
1442	2557	0.349	0.46	1
872	2668	0.349	0.67	1
510	3409	0.349	0.51	1
2093	3866	0.348	0.52	1
955	3965	0.348	0.42	1
3589	3721	0.348	0.61	1
2287	2567	0.348	0.44	1
1009	2825	0.348	0.61	1
1941	2040	0.348	0.64	1
494	1476	0.348	0.56	1
307	2572	0.348	0.24	1
238	638	0.348	0.73	1
3432	4206	0.348	0.44	1
2308	3950	0.348	0.69	1
736	2432	0.348	0.76	1
537	2000	0.348	0.64	1
2138	2890	0.348	0.72	1
330	2558	0.348	0.58	1
426	599	0.348	0.58	1
2972	3514	0.348	0.29	1
643	2850	0.348	0.67	1
608	966	0.348	0.50	1
1151	3967	0.347	0.50	1
141	4102	0.347	0.40	1
1397	3266	0.347	0.47	1
782	2517	0.347	0.38	1
189	1981	0.347	0.42	1
2018	2101	0.347	0.72	1
3424	4015	0.347	0.57	1
892	2569	0.347	0.48	1
587	3311	0.347	0.24	1
1027	1975	0.347	0.45	1
927	1838	0.347	0.64	1
94	4135	0.347	0.31	1
685	2045	0.346	0.41	1
1392	2827	0.346	0.76	1
840	2906	0.346	0.66	1
1119	3406	0.346	0.57	1
290	3853	0.346	0.48	1
446	1318	0.346	0.22	1
1182	1678	0.346	0.69	1
1108	1835	0.346	0.61	1
2429	3271	0.346	0.34	1
1359	3865	0.346	0.68	1
77	4247	0.346	0.42	1
1775	4088	0.346	0.58	1
708	2184	0.346	0.58	1
599	4236	0.345	0.60	1
313	673	0.345	0.53	1
286	623	0.345	0.36	1
1745	2870	0.345	0.46	1
1051	3797	0.345	0.34	1
2233	2376	0.345	0.66	1
507	4150	0.345	0.41	1
369	1334	0.345	0.63	1
25	2253	0.345	0.56	1
1969	2146	0.345	0.68	1
1196	1908	0.345	0.28	1
3326	4204	0.345	0.29	1
3599	4237	0.345	0.28	1
2382	4044	0.345	0.67	1
784	1575	0.345	0.72	1
2085	3391	0.345	0.32	1
3089	3514	0.344	0.62	1
1657	2669	0.344	0.56	1
577	3485	0.344	0.42	1
761	3996	0.344	0.44	1
9	3634	0.344	0.33	1
966	1956	0.344	0.50	1
2429	4149	0.344	0.48	1
1114	2573	0.344	0.59	1
330	2414	0.344	0.69	1
3316	3644	0.343	0.57	1
3284	3868	0.343	0.57	1
2260	3700	0.343	0.43	1
1082	4087	0.343	0.30	1
2445	2890	0.343	0.65	1
1994	3203	0.343	0.56	1
1922	3678	0.343	0.38	1
1382	3139	0.343	0.44	1
804	3624	0.343	0.45	1
3223	3853	0.343	0.58	1
290	3901	0.343	0.32	1
116	1720	0.343	0.74	1
1444	2003	0.343	0.61	1
483	3865	0.343	0.60	1
564	2832	0.343	0.57	1
231	3527	0.343	0.37	1
73	2075	0.343	0.56	1
1002	2745	0.342	0.41	1
633	2747	0.342	0.69	1
596	3508	0.342	0.34	1
190	4144	0.342	0.57	1
612	1678	0.342	0.54	1
3074	3761	0.342	0.64	1
2034	3750	0.342	0.68	1
908	1693	0.342	0.36	1
881	1332	0.342	0.45	1
657	2101	0.342	0.71	1
282	1175	0.342	0.26	1
2998	3889	0.342	0.45	1
1249	2438	0.342	0.50	1
446	908	0.342	0.40	1
1989	2114	0.341	0.70	1
2257	3588	0.341	0.60	1
1954	3203	0.341	0.44	1
77	2549	0.341	0.46	1
1144	2838	0.341	0.56	1
290	2386	0.341	0.61	1
2170	3968	0.341	0.40	1
496	1662	0.341	0.28	1
1332	3004	0.341	0.53	1
190	1456	0.341	0.63	1
1472	1476	0.341	0.44	1
3251	3537	0.341	0.72	1
1232	2224	0.341	0.43	1
685	2356	0.341	0.31	1
865	3536	0.341	0.81	1
687	3773	0.341	0.64	1
3326	3885	0.341	0.36	1
2359	3004	0.341	0.77	1
1629	3138	0.341	0.55	1
3138	4140	0.340	0.43	1
732	2943	0.340	0.69	1
2304	2747	0.340	0.37	1
684	887	0.340	0.44	1
2081	2403	0.340	0.81	1
942	2148	0.340	0.61	1
1175	1758	0.340	0.62	1
323	3913	0.340	0.38	1
290	3271	0.340	0.26	1
208	2958	0.340	0.36	1
1662	2068	0.340	0.51	1
983	2836	0.340	0.30	1
578	1548	0.340	0.47	1
744	2811	0.340	0.45	1
1456	4149	0.340	0.50	1
879	2756	0.339	0.66	1
1097	3328	0.339	0.69	1
446	927	0.339	0.29	1
2399	2566	0.339	0.77	1
777	4189	0.339	0.66	1
190	1144	0.339	0.45	1
3151	4038	0.339	0.28	1
2055	2403	0.339	0.60	1
789	3750	0.339	0.55	1
687	2903	0.339	0.69	1
805	3536	0.339	0.81	1
3099	3632	0.339	0.57	1
1866	2323	0.339	0.48	1
1375	1527	0.339	0.33	1
271	703	0.339	0.44	1
3118	3557	0.338	0.37	1
2080	2628	0.338	0.72	1
2743	2822	0.338	0.25	1
1005	2906	0.338	0.70	1
955	4238	0.338	0.54	1
983	2958	0.338	0.34	1
305	556	0.338	0.22	1
2342	3632	0.338	0.48	1
1928	3694	0.338	0.65	1
2170	2189	0.338	0.32	1
2112	2377	0.338	0.65	1
90	1451	0.338	0.76	1
1953	2868	0.338	0.50	1
1350	3317	0.338	0.52	1
1063	4160	0.337	0.60	1
609	3040	0.337	0.72	1
160	2455	0.337	0.50	1
680	1785	0.337	0.55	1
176	1538	0.337	0.49	1
805	850	0.337	0.55	1
229	1693	0.337	0.51	1
1567	2076	0.337	0.71	1
2715	3675	0.337	0.54	1
2485	2904	0.337	0.81	1
2267	2413	0.337	0.70	1
2163	3357	0.337	0.64	1
760	2286	0.337	0.50	1
564	3430	0.337	0.62	1
1990	4019	0.337	0.72	1
1514	4003	0.337	0.60	1
2569	3360	0.337	0.46	1
1460	1588	0.337	0.62	1
974	1856	0.337	0.36	1
337	2077	0.337	0.56	1
1708	1892	0.337	0.55	1
1527	2958	0.337	0.33	1
3594	3666	0.336	0.72	1
2349	3430	0.336	0.54	1
1542	3626	0.336	0.52	1
1886	890	0.336	0.23	1
665	3463	0.336	0.46	1
94	307	0.336	0.43	1
51	2438	0.336	0.40	1
2356	3773	0.336	0.49	1
763	1275	0.336	0.42	1
465	1024	0.336	0.21	1
587	1707	0.336	0.30	1
153	602	0.336	0.57	1
2873	2889	0.336	0.56	1
1785	3037	0.336	0.46	1
369	2741	0.336	0.34	1
3069	3946	0.336	0.44	1
3063	3999	0.336	0.50	1
2489	3037	0.336	0.55	1
1548	1590	0.336	0.57	1
323	587	0.336	0.44	1
1359	2881	0.335	0.42	1
3815	4247	0.335	0.65	1
2494	3333	0.335	0.66	1
71	3994	0.335	0.48	1
1247	3171	0.335	0.40	1
2535	2615	0.335	0.53	1
1177	2290	0.335	0.41	1
3452	4046	0.335	0.30	1
3360	4247	0.335	0.49	1
2061	2434	0.335	0.54	1
278	1876	0.335	0.62	1
2413	3984	0.335	0.72	1
644	2681	0.335	0.54	1
497	4032	0.335	0.47	1
610	4145	0.334	0.48	1
970	1989	0.334	0.60	1
908	2699	0.334	0.44	1
273	3488	0.334	0.53	1
1669	2349	0.334	0.57	1
142	209	0.334	0.34	1
1951	3729	0.334	0.66	1
1117	1763	0.334	0.56	1
1708	1886	0.334	0.52	1
2729	4066	0.334	0.48	1
1552	4223	0.334	0.71	1
1382	4135	0.334	0.37	1
1008	1144	0.334	0.46	1
770	3268	0.334	0.69	1
3759	3932	0.334	0.32	1
2730	3928	0.333	0.48	1
1547	1994	0.333	0.57	1
157	165	0.333	0.73	1
2841	3506	0.333	0.41	1
833	2873	0.333	0.19	1
116	3266	0.333	0.77	1
1857	2890	0.333	0.48	1
1487	2399	0.333	0.71	1
1481	1710	0.333	0.45	1
1249	3750	0.333	0.48	1
1151	1685	0.333	0.54	1
2565	2870	0.333	0.60	1
1992	3830	0.333	0.36	1
159	2268	0.332	0.62	1
3233	3644	0.332	0.59	1
2348	4088	0.332	0.50	1
401	2429	0.332	0.74	1
369	1693	0.332	0.53	1
159	1892	0.332	0.37	1
2401	2970	0.332	0.42	1
1866	2238	0.332	0.56	1
2187	2811	0.332	0.34	1
1989	3786	0.332	0.69	1
1113	1994	0.332	0.60	1
569	2234	0.332	0.58	1
2511	3316	0.331	0.47	1
1835	2245	0.331	0.57	1
1227	2565	0.331	0.47	1
1988	1992	0.331	0.42	1
529	2932	0.331	0.45	1
2898	4144	0.331	0.43	1
2392	2598	0.331	0.47	1
2044	3886	0.331	0.66	1
1913	4241	0.331	0.38	1
225	3063	0.331	0.53	1
212	2693	0.331	0.71	1
2454	3946	0.331	0.37	1
1305	2950	0.331	0.65	1
655	944	0.331	0.70	1
1396	1989	0.331	0.71	1
495	1662	0.331	0.32	1
4102	4170	0.331	0.41	1
1470	4247	0.331	0.43	1
970	2180	0.331	0.59	1
851	1921	0.331	0.42	1
665	3557	0.331	0.47	1
3136	4123	0.330	0.67	1
1491	2636	0.330	0.54	1
401	1472	0.330	0.44	1
251	330	0.330	0.54	1
2943	3559	0.330	0.69	1
643	1785	0.330	0.42	1
3137	4210	0.330	0.33	1
1084	1191	0.330	0.47	1
405	1008	0.330	0.45	1
1629	2114	0.330	0.68	1
1116	4075	0.330	0.29	1
38	1119	0.330	0.65	1
2881	2981	0.330	0.27	1
2793	3799	0.330	0.23	1
1777	2876	0.330	0.52	1
549	1012	0.330	0.50	1
1340	3061	0.330	0.24	1
815	1034	0.329	0.74	1
569	2793	0.329	0.22	1
2191	3506	0.329	0.42	1
1664	2985	0.329	0.60	1
525	3139	0.329	0.41	1
495	892	0.329	0.49	1
208	2804	0.329	0.45	1
1763	2565	0.329	0.53	1
1656	2041	0.329	0.45	1
1872	3935	0.329	0.41	1
1224	1476	0.329	0.57	1
403	3746	0.329	0.32	1
1399	2582	0.329	0.50	1
598	1088	0.329	0.22	1
128	2634	0.329	0.48	1
2530	3964	0.329	0.59	1
898	2550	0.329	0.48	1
483	1547	0.329	0.56	1
412	2647	0.329	0.73	1
988	3015	0.329	0.62	1
271	1063	0.329	0.49	1
1005	2445	0.328	0.64	1
77	235	0.328	0.55	1
2557	3271	0.328	0.47	1
81	4232	0.328	0.55	1
1679	4094	0.328	0.67	1
290	1197	0.328	0.22	1
690	1197	0.328	0.28	1
3139	3577	0.328	0.61	1
1651	2376	0.328	0.72	1
483	2565	0.328	0.55	1
2898	3236	0.328	0.53	1
2144	3721	0.328	0.59	1
2034	4019	0.328	0.52	1
1563	2113	0.328	0.56	1
2842	3396	0.328	0.36	1
1907	2068	0.328	0.56	1
1787	2483	0.328	0.65	1
388	446	0.328	0.57	1
2699	4020	0.327	0.31	1
1988	3333	0.327	0.64	1
1909	3595	0.327	0.57	1
1182	4160	0.327	0.69	1
928	4184	0.327	0.80	1
555	1638	0.327	0.40	1
719	1867	0.327	0.42	1
1692	4066	0.327	0.39	1
1221	3477	0.327	0.30	1
638	951	0.327	0.69	1
1719	2090	0.327	0.76	1
1605	4071	0.327	0.47	1
2898	4192	0.327	0.61	1
1872	1989	0.327	0.72	1
2376	2382	0.327	0.58	1
1416	2804	0.327	0.27	1
1530	3820	0.327	0.63	1
1028	3454	0.327	0.66	1
826	1395	0.327	0.56	1
556	714	0.327	0.40	1
2413	2805	0.327	0.72	1
944	1749	0.327	0.44	1
708	3275	0.326	0.39	1
0	4066	0.326	0.35	1
482	3425	0.326	0.27	1
456	1232	0.326	0.44	1
3318	3409	0.326	0.53	1
556	3968	0.326	0.37	1
330	3646	0.326	0.43	1
1325	1427	0.326	0.41	1
1119	2557	0.326	0.44	1
874	1410	0.325	0.69	1
804	3944	0.325	0.44	1
128	189	0.325	0.45	1
832	1614	0.325	0.48	1
2285	3004	0.325	0.30	1
71	2035	0.325	0.52	1
494	2557	0.325	0.64	1
2215	2756	0.325	0.51	1
1871	3773	0.325	0.46	1
147	581	0.325	0.62	1
751	1337	0.325	0.59	1
2859	3722	0.324	0.44	1
3952	4047	0.324	0.59	1
1375	1867	0.324	0.39	1
455	999	0.324	0.82	1
684	940	0.324	0.46	1
1988	2399	0.324	0.78	1
1514	3585	0.324	0.39	1
549	2863	0.324	0.65	1
1848	3480	0.324	0.67	1
800	3262	0.324	0.57	1
2912	4126	0.323	0.77	1
1904	2263	0.323	0.48	1
2022	2498	0.323	0.50	1
290	3564	0.323	0.44	1
2045	4160	0.323	0.48	1
176	642	0.323	0.49	1
2149	3384	0.323	0.67	1
577	1271	0.323	0.42	1
2804	3991	0.323	0.46	1
2348	3354	0.323	0.54	1
3318	4247	0.322	0.55	1
1998	2557	0.322	0.59	1
812	3310	0.322	0.64	1
2170	3557	0.322	0.46	1
992	2098	0.322	0.57	1
691	3099	0.322	0.64	1
3427	4202	0.322	0.49	1
212	1482	0.322	0.56	1
3259	3427	0.322	0.28	1
2507	3118	0.322	0.66	1
1191	2068	0.322	0.45	1
1172	3347	0.322	0.55	1
139	330	0.322	0.59	1
2269	3316	0.322	0.53	1
598	2953	0.322	0.23	1
159	3073	0.322	0.33	1
1902	3443	0.322	0.43	1
1409	2262	0.322	0.61	1
944	967	0.322	0.60	1
267	1022	0.322	0.66	1
3537	3979	0.322	0.42	1
2827	4203	0.322	0.43	1
1944	4115	0.321	0.64	1
3069	3427	0.321	0.31	1
401	2814	0.321	0.58	1
3156	4054	0.321	0.49	1
392	2549	0.321	0.63	1
235	3488	0.321	0.56	1
2287	2288	0.321	0.49	1
3148	3821	0.321	0.55	1
2116	4021	0.321	0.72	1
330	3234	0.321	0.62	1
1012	1975	0.321	0.41	1
403	3488	0.321	0.51	1
3500	3557	0.321	0.41	1
3394	4094	0.320	0.55	1
2494	2836	0.320	0.62	1
1956	2077	0.320	0.44	1
1247	2972	0.320	0.45	1
1645	3530	0.320	0.38	1
1395	4053	0.320	0.50	1
171	2135	0.320	0.65	1
1291	1838	0.320	0.61	1
2822	2986	0.320	0.33	1
1763	2897	0.320	0.45	1
4088	4172	0.320	0.56	1
2285	2535	0.320	0.34	1
1662	2034	0.320	0.43	1
1556	4232	0.320	0.55	1
1886	2615	0.320	0.51	1
346	690	0.320	0.60	1
318	1779	0.320	0.32	1
1392	3463	0.319	0.60	1
2417	3454	0.319	0.61	1
1989	3675	0.319	0.56	1
496	1763	0.319	0.37	1
482	4015	0.319	0.57	1
2493	2700	0.319	0.63	1
370	1363	0.319	0.36	1
316	3012	0.319	0.41	1
603	2065	0.319	0.58	1
3773	3996	0.319	0.40	1
2924	4094	0.318	0.63	1
1765	4181	0.318	0.52	1
1024	2279	0.318	0.43	1
1397	1713	0.318	0.23	1
8	1549	0.318	0.59	1
1461	3360	0.318	0.41	1
1999	3644	0.318	0.42	1
1171	3913	0.318	0.39	1
2210	2260	0.318	0.27	1
1857	2906	0.318	0.52	1
1177	3070	0.318	0.55	1
1117	1594	0.318	0.62	1
1548	3624	0.318	0.45	1
665	2699	0.318	0.53	1
598	1393	0.317	0.30	1
1678	2870	0.317	0.48	1
1835	1893	0.317	0.47	1
1987	3333	0.317	0.63	1
2511	890	0.317	0.50	1
1708	2113	0.317	0.54	1
1392	1785	0.317	0.65	1
1359	1987	0.317	0.78	1
463	2288	0.317	0.75	1
2958	3174	0.317	0.34	1
1249	4238	0.317	0.53	1
81	4247	0.317	0.43	1
2240	3148	0.317	0.52	1
1082	2699	0.317	0.25	1
690	1871	0.317	0.58	1
2000	2077	0.317	0.53	1
1992	2518	0.317	0.29	1
1288	2912	0.317	0.78	1
403	496	0.317	0.61	1
109	4071	0.317	0.41	1
401	3853	0.317	0.57	1
157	398	0.317	0.68	1
2164	3768	0.316	0.58	1
1877	3714	0.316	0.34	1
257	1777	0.316	0.56	1
2089	4185	0.316	0.70	1
169	789	0.316	0.57	1
3944	4043	0.316	0.42	1
2477	3419	0.316	0.69	1
1022	2837	0.316	0.58	1
780	1887	0.316	0.41	1
77	2535	0.316	0.40	1
1465	1784	0.316	0.69	1
132	671	0.316	0.41	1
1355	2544	0.316	0.28	1
2068	3702	0.316	0.55	1
1654	4172	0.316	0.55	1
1409	4121	0.316	0.61	1
706	3983	0.316	0.59	1
263	1655	0.316	0.56	1
169	3827	0.316	0.62	1
282	438	0.316	0.29	1
1713	2819	0.316	0.25	1
2009	3559	0.315	0.55	1
1132	4088	0.315	0.29	1
208	983	0.315	0.23	1
183	2204	0.315	0.50	1
154	4123	0.315	0.75	1
1991	2903	0.315	0.45	1
972	3537	0.315	0.25	1
2678	2827	0.315	0.44	1
2085	2168	0.315	0.37	1
528	1526	0.315	0.51	1
2389	2643	0.315	0.71	1
1591	1978	0.315	0.48	1
318	3754	0.315	0.32	1
108	1657	0.315	0.52	1
96	2415	0.315	0.47	1
71	2219	0.315	0.44	1
1613	1785	0.315	0.64	1
1191	2511	0.315	0.57	1
2138	2445	0.314	0.63	1
2055	2445	0.314	0.60	1
1859	4116	0.314	0.28	1
1859	1922	0.314	0.21	1
1123	1871	0.314	0.44	1
880	2827	0.314	0.45	1
736	2827	0.314	0.49	1
3983	4140	0.314	0.54	1
1991	2268	0.314	0.37	1
1896	2690	0.314	0.72	1
1669	3454	0.314	0.56	1
1325	1824	0.314	0.25	1
763	4070	0.314	0.56	1
1556	2921	0.314	0.62	1
795	3624	0.314	0.44	1
159	2284	0.314	0.52	1
340	1182	0.314	0.55	1
320	2045	0.314	0.54	1
67	1603	0.314	0.61	1
2904	3397	0.314	0.73	1
2613	2903	0.314	0.70	1
1461	1669	0.314	0.33	1
970	1978	0.314	0.56	1
4075	4231	0.313	0.32	1
1393	3161	0.313	0.30	1
181	1003	0.313	0.64	1
306	3075	0.313	0.37	1
2699	3432	0.313	0.48	1
657	2018	0.313	0.62	1
1831	3994	0.313	0.79	1
2022	2219	0.313	0.54	1
1427	1534	0.313	0.26	1
696	887	0.313	0.43	1
2041	2042	0.313	0.56	1
1500	2483	0.313	0.63	1
1437	2164	0.313	0.58	1
1177	3069	0.313	0.35	1
603	691	0.313	0.61	1
599	4009	0.313	0.42	1
1476	1669	0.313	0.36	1
967	2017	0.313	0.52	1
907	2947	0.313	0.33	1
282	2368	0.313	0.51	1
4007	4190	0.313	0.41	1
665	3968	0.313	0.47	1
3465	3557	0.312	0.40	1
824	3736	0.312	0.49	1
178	318	0.312	0.40	1
403	1523	0.312	0.51	1
1029	1382	0.312	0.45	1
1008	1456	0.312	0.61	1
369	2368	0.312	0.65	1
970	3360	0.312	0.34	1
2163	4009	0.312	0.55	1
696	2268	0.312	0.47	1
3560	3993	0.312	0.25	1
1795	3116	0.312	0.34	1
2438	4097	0.312	0.38	1
235	3357	0.312	0.68	1
369	1082	0.312	0.53	1
328	3339	0.312	0.55	1
126	2347	0.312	0.34	1
2517	3450	0.311	0.34	1
403	2780	0.311	0.73	1
2120	2792	0.311	0.70	1
198	1449	0.311	0.54	1
157	3659	0.311	0.76	1
1426	3561	0.311	0.41	1
1302	2295	0.311	0.53	1
966	3675	0.311	0.52	1
2507	2699	0.311	0.67	1
893	2356	0.311	0.23	1
794	1126	0.311	0.33	1
2023	2346	0.311	0.54	1
445	4247	0.311	0.45	1
162	2458	0.311	0.42	1
2958	3773	0.311	0.63	1
2019	2051	0.311	0.63	1
1745	2349	0.311	0.73	1
521	851	0.311	0.40	1
1654	1954	0.311	0.53	1
290	1655	0.311	0.55	1
1848	2329	0.310	0.61	1
701	1382	0.310	0.36	1
181	3192	0.310	0.29	1
1400	3286	0.310	0.58	1
804	1117	0.310	0.50	1
3750	4160	0.310	0.44	1
967	1859	0.310	0.60	1
779	2190	0.310	0.51	1
2618	3541	0.310	0.52	1
303	2120	0.310	0.75	1
2342	3879	0.310	0.49	1
1654	3328	0.310	0.30	1
1613	3147	0.310	0.53	1
708	2881	0.310	0.44	1
3267	3968	0.310	0.71	1
2100	2377	0.310	0.37	1
483	1991	0.310	0.41	1
2113	2399	0.310	0.58	1
1027	2945	0.310	0.45	1
1404	1971	0.310	0.32	1
1084	2958	0.310	0.53	1
895	1941	0.310	0.59	1
48	3477	0.309	0.30	1
1545	2713	0.309	0.46	1
755	2280	0.309	0.42	1
0	782	0.309	0.42	1
3624	4247	0.309	0.42	1
65	2412	0.309	0.63	1
1395	2903	0.309	0.67	1
1100	3174	0.309	0.42	1
1074	1710	0.309	0.59	1
940	1247	0.309	0.59	1
2138	2906	0.309	0.69	1
96	3658	0.309	0.74	1
2804	3302	0.308	0.30	1
2511	4002	0.308	0.56	1
2152	2169	0.308	0.74	1
1949	2079	0.308	0.54	1
1567	3916	0.308	0.62	1
1171	2545	0.308	0.46	1
1740	3160	0.308	0.53	1
1123	2903	0.308	0.45	1
435	1877	0.308	0.43	1
162	2477	0.308	0.68	1
2019	2030	0.308	0.49	1
1857	2403	0.308	0.51	1
160	3347	0.308	0.37	1
141	1355	0.308	0.32	1
4101	4195	0.308	0.56	1
2355	2790	0.308	0.20	1
2093	3968	0.308	0.36	1
1932	2787	0.308	0.47	1
1375	1469	0.308	0.60	1
159	1764	0.308	0.38	1
83	1196	0.308	0.25	1
3210	3593	0.308	0.56	1
1476	2838	0.308	0.46	1
3210	4106	0.307	0.42	1
1939	2190	0.307	0.53	1
1547	3887	0.307	0.54	1
2434	3701	0.307	0.44	1
231	4051	0.307	0.50	1
113	1549	0.307	0.70	1
162	1235	0.307	0.52	1
2615	4019	0.307	0.49	1
2348	3996	0.307	0.42	1
1613	1662	0.307	0.60	1
719	1954	0.307	0.32	1
369	446	0.307	0.38	1
134	2275	0.307	0.58	1
1213	2473	0.307	0.73	1
205	2804	0.307	0.52	1
1575	1620	0.307	0.32	1
966	3294	0.306	0.46	1
66	3632	0.306	0.49	1
1476	2349	0.306	0.56	1
493	1501	0.306	0.59	1
1171	3560	0.306	0.60	1
2184	3718	0.306	0.54	1
236	1240	0.306	0.71	1
290	3454	0.306	0.63	1
1996	2034	0.306	0.53	1
983	2838	0.306	0.61	1
401	1988	0.306	0.61	1
178	3508	0.306	0.30	1
592	1657	0.305	0.57	1
2233	2833	0.305	0.58	1
1988	2348	0.305	0.46	1
1318	2827	0.305	0.51	1
564	1987	0.305	0.61	1
872	2483	0.305	0.77	1
2292	2399	0.305	0.49	1
1114	2078	0.305	0.44	1
3624	3996	0.305	0.44	1
1659	3264	0.305	0.56	1
1418	1527	0.305	0.51	1
494	1472	0.305	0.48	1
2508	3205	0.305	0.49	1
3801	4087	0.304	0.29	1
330	4158	0.304	0.52	1
1408	3759	0.304	0.21	1
1150	2511	0.304	0.53	1
983	4160	0.304	0.45	1
1936	2485	0.304	0.56	1
940	2245	0.304	0.52	1
3138	3991	0.304	0.43	1
2927	2933	0.304	0.66	1
2429	3440	0.304	0.49	1
534	2804	0.304	0.45	1
652	1655	0.304	0.47	1
1470	2269	0.304	0.49	1
2647	4247	0.304	0.28	1
1981	2057	0.304	0.71	1
1069	2365	0.304	0.58	1
537	2868	0.304	0.55	1
282	3557	0.304	0.40	1
2311	3739	0.304	0.49	1
1072	1470	0.304	0.58	1
1954	3624	0.303	0.42	1
3055	3662	0.303	0.40	1
2891	4246	0.303	0.32	1
1678	1928	0.303	0.48	1
2382	4172	0.303	0.62	1
664	2607	0.303	0.61	1
1173	4054	0.303	0.47	1
967	3678	0.303	0.45	1
1613	2741	0.303	0.61	1
235	1954	0.303	0.52	1
510	1193	0.303	0.56	1
1575	2720	0.303	0.79	1
2002	2961	0.302	0.61	1
779	1686	0.302	0.66	1
2015	4245	0.302	0.46	1
492	1517	0.302	0.51	1
2224	3507	0.302	0.21	1
2080	3826	0.302	0.70	1
1565	2434	0.302	0.50	1
898	3409	0.302	0.57	1
2836	3430	0.302	0.61	1
794	1548	0.302	0.43	1
708	801	0.302	0.40	1
684	4196	0.302	0.39	1
1859	2434	0.302	0.48	1
1953	2356	0.302	0.31	1
1571	1975	0.302	0.53	1
3630	4246	0.302	0.30	1
2399	2417	0.302	0.68	1
1838	3500	0.302	0.63	1
1442	2784	0.302	0.39	1
824	2550	0.302	0.47	1
71	857	0.302	0.61	1
605	641	0.302	0.52	1
2310	4138	0.301	0.76	1
651	673	0.301	0.42	1
908	4015	0.301	0.62	1
1476	3624	0.301	0.31	1
2805	3984	0.301	0.73	1
2294	3470	0.301	0.71	1
1549	3981	0.301	0.57	1
141	1045	0.301	0.51	1
1981	4235	0.301	0.71	1
2225	4246	0.301	0.64	1
1316	3822	0.301	0.34	1
1248	1578	0.301	0.48	1
610	1678	0.301	0.53	1
3266	3994	0.301	0.79	1
254	2818	0.301	0.53	1
1893	2441	0.300	0.41	1
1893	1973	0.300	0.53	1
2666	4210	0.300	0.50	1
729	762	0.300	0.56	1
2863	3410	0.300	0.24	1
2518	2715	0.300	0.51	1
2356	2715	0.300	0.43	1
784	3266	0.300	0.45	1
77	1151	0.300	0.56	1
638	1546	0.300	0.70	1
1370	2741	0.300	0.58	1
802	3967	0.300	0.29	1
1975	4170	0.300	0.54	1
1932	2634	0.300	0.20	1
1657	2717	0.300	0.52	1
830	3828	0.300	0.57	1
363	1114	0.300	0.65	1
2051	4128	0.300	0.70	1
1008	2393	0.299	0.47	1
3037	4217	0.299	0.42	1
2575	2728	0.299	0.72	1
1571	4231	0.299	0.53	1
2089	3613	0.299	0.70	1
1375	2557	0.299	0.44	1
927	2170	0.299	0.40	1
767	3424	0.299	0.33	1
3513	3702	0.299	0.44	1
157	2253	0.299	0.75	1
1155	3974	0.299	0.19	1
815	1476	0.299	0.53	1
2626	2671	0.299	0.31	1
2070	3583	0.299	0.57	1
708	3737	0.298	0.41	1
549	599	0.298	0.38	1
1953	2121	0.298	0.42	1
757	1232	0.298	0.52	1
2718	3089	0.298	0.67	1
1783	3968	0.298	0.51	1
1763	3004	0.298	0.60	1
1588	1876	0.298	0.71	1
278	2869	0.298	0.46	1
183	1008	0.298	0.60	1
2482	2699	0.298	0.54	1
2227	2376	0.298	0.58	1
1331	1334	0.298	0.49	1
494	1197	0.298	0.52	1
3355	3397	0.298	0.46	1
2114	3459	0.298	0.52	1
210	1991	0.298	0.28	1
3357	3664	0.298	0.44	1
3323	3364	0.298	0.66	1
2472	2485	0.298	0.62	1
1249	1907	0.298	0.40	1
2567	4244	0.297	0.58	1
1472	2287	0.297	0.29	1
741	1678	0.297	0.49	1
2921	3965	0.297	0.56	1
82	1082	0.297	0.52	1
1621	2147	0.297	0.43	1
1070	1968	0.297	0.65	1
3935	4145	0.297	0.55	1
2903	4050	0.297	0.66	1
2281	2535	0.297	0.44	1
2001	3459	0.297	0.47	1
737	2128	0.297	0.46	1
2343	3964	0.297	0.33	1
2001	2281	0.297	0.51	1
3710	4054	0.297	0.50	1
636	4047	0.296	0.70	1
3271	3357	0.296	0.51	1
294	2428	0.296	0.31	1
2792	2973	0.296	0.67	1
2058	4126	0.296	0.78	1
657	2169	0.296	0.66	1
192	265	0.296	0.64	1
1660	3422	0.296	0.42	1
2856	3583	0.296	0.37	1
318	596	0.296	0.27	1
225	1708	0.296	0.59	1
159	2569	0.296	0.34	1
3171	3589	0.296	0.43	1
2077	4019	0.296	0.49	1
271	496	0.296	0.32	1
3388	3959	0.295	0.45	1
2289	2836	0.295	0.43	1
1028	1654	0.295	0.45	1
2048	3843	0.295	0.63	1
81	608	0.295	0.44	1
1693	3028	0.295	0.50	1
396	4149	0.295	0.51	1
2121	3236	0.295	0.48	1
372	1399	0.295	0.22	1
2233	3495	0.295	0.63	1
496	3582	0.295	0.53	1
2042	3075	0.295	0.34	1
1476	2114	0.295	0.50	1
1361	2365	0.295	0.60	1
483	3440	0.295	0.60	1
210	2345	0.295	0.40	1
141	2689	0.295	0.15	1
71	3704	0.295	0.54	1
2386	2557	0.294	0.54	1
1835	2347	0.294	0.41	1
465	1620	0.294	0.35	1
1126	2268	0.294	0.51	1
822	3323	0.294	0.54	1
85	1872	0.294	0.54	1
1613	4111	0.294	0.59	1
969	1427	0.294	0.54	1
118	3754	0.294	0.32	1
1870	3471	0.294	0.50	1
160	2654	0.294	0.26	1
237	1979	0.294	0.43	1
1568	2873	0.293	0.28	1
2557	3063	0.293	0.29	1
2483	3384	0.293	0.64	1
0	3171	0.293	0.45	1
826	1084	0.293	0.58	1
610	2180	0.293	0.57	1
2477	3209	0.293	0.49	1
2832	3203	0.293	0.37	1
1427	1824	0.293	0.41	1
684	1698	0.293	0.43	1
176	1567	0.293	0.54	1
2699	3424	0.293	0.28	1
1230	1426	0.293	0.38	1
337	2269	0.293	0.49	1
1492	3326	0.293	0.30	1
3266	3339	0.293	0.59	1
2066	2240	0.293	0.41	1
1813	3330	0.293	0.43	1
3454	3853	0.292	0.55	1
1532	1961	0.292	0.74	1
898	3996	0.292	0.68	1
851	3672	0.292	0.25	1
804	983	0.292	0.61	1
703	1955	0.292	0.51	1
1353	2227	0.292	0.34	1
207	2196	0.292	0.51	1
1835	1876	0.292	0.74	1
1244	1588	0.292	0.62	1
944	1425	0.292	0.37	1
3311	4005	0.292	0.36	1
3004	3040	0.292	0.70	1
1006	2868	0.292	0.54	1
1132	1872	0.292	0.54	1
956	4202	0.292	0.53	1
1990	3786	0.292	0.67	1
2803	2873	0.291	0.22	1
369	2517	0.291	0.46	1
252	1877	0.291	0.31	1
160	1114	0.291	0.34	1
2827	3424	0.291	0.43	1
654	2244	0.291	0.49	1
1991	2518	0.291	0.28	1
537	1477	0.291	0.52	1
446	2170	0.291	0.23	1
1140	1150	0.291	0.55	1
445	2903	0.291	0.57	1
537	1952	0.291	0.43	1
492	577	0.291	0.46	1
322	3396	0.291	0.30	1
3116	3417	0.291	0.33	1
2271	2985	0.291	0.54	1
2078	2483	0.291	0.85	1
251	2561	0.291	0.50	1
582	2233	0.291	0.66	1
496	2288	0.291	0.51	1
307	1848	0.291	0.51	1
225	3664	0.291	0.54	1
89	3858	0.291	0.36	1
1344	3860	0.291	0.72	1
178	3754	0.291	0.41	1
1763	3317	0.291	0.55	1
77	3681	0.290	0.61	1
212	2940	0.290	0.57	1
3061	3437	0.290	0.52	1
2897	3459	0.290	0.40	1
2482	3463	0.290	0.45	1
779	3290	0.290	0.26	1
2123	2383	0.290	0.65	1
1771	3585	0.290	0.35	1
1413	3299	0.290	0.58	1
322	1425	0.290	0.31	1
2863	3860	0.290	0.68	1
403	3255	0.290	0.54	1
231	482	0.289	0.34	1
2383	2807	0.289	0.52	1
2290	3427	0.289	0.46	1
1669	2000	0.289	0.33	1
1132	3316	0.289	0.51	1
267	2292	0.289	0.65	1
1051	3595	0.289	0.50	1
2241	2875	0.289	0.38	1
1859	3396	0.289	0.33	1
639	3424	0.289	0.49	1
1126	1613	0.289	0.53	1
257	2164	0.289	0.41	1
177	1657	0.289	0.58	1
2021	2632	0.289	0.64	1
1744	1782	0.289	0.21	1
944	1946	0.289	0.70	1
346	1590	0.288	0.54	1
1765	2413	0.288	0.67	1
1655	2399	0.288	0.42	1
196	2014	0.288	0.59	1
77	3146	0.288	0.48	1
2114	3786	0.288	0.44	1
1796	3632	0.288	0.65	1
1189	1798	0.288	0.23	1
708	2916	0.288	0.60	1
290	2557	0.288	0.27	1
242	3465	0.288	0.26	1
112	4151	0.288	0.54	1
893	4088	0.288	0.32	1
747	1573	0.288	0.55	1
1150	3967	0.288	0.47	1
657	4003	0.288	0.57	1
528	2011	0.288	0.34	1
786	3353	0.288	0.44	1
270	760	0.288	0.51	1
81	2386	0.288	0.58	1
282	3708	0.288	0.37	1
895	1302	0.287	0.35	1
117	498	0.287	0.33	1
1008	2903	0.287	0.63	1
685	2121	0.287	0.40	1
1848	4094	0.287	0.72	1
1763	2393	0.287	0.42	1
1436	1829	0.287	0.54	1
1197	2171	0.287	0.51	1
966	1952	0.287	0.46	1
3409	4097	0.287	0.45	1
2769	2806	0.287	0.50	1
1777	1947	0.287	0.37	1
1175	3817	0.287	0.20	1
1015	1768	0.287	0.62	1
459	2220	0.287	0.60	1
1944	2260	0.286	0.69	1
664	2128	0.286	0.67	1
66	2811	0.286	0.48	1
157	3241	0.286	0.61	1
1472	3773	0.286	0.50	1
610	1872	0.286	0.57	1
2511	2938	0.286	0.53	1
1921	1998	0.286	0.35	1
851	1008	0.286	0.40	1
483	2114	0.286	0.59	1
2135	4105	0.286	0.68	1
1084	1197	0.286	0.59	1
1006	1999	0.286	0.50	1
496	2565	0.286	0.42	1
491	3557	0.286	0.36	1
364	2898	0.286	0.52	1
1999	2003	0.286	0.52	1
3424	4197	0.286	0.64	1
496	1886	0.286	0.45	1
795	1678	0.286	0.51	1
2267	2805	0.285	0.70	1
1659	2347	0.285	0.43	1
535	1337	0.285	0.72	1
2287	3675	0.285	0.31	1
1957	2329	0.285	0.64	1
499	2473	0.285	0.71	1
248	2987	0.285	0.59	1
2632	2873	0.285	0.23	1
1068	4009	0.285	0.69	1
1796	2873	0.285	0.64	1
955	1662	0.285	0.22	1
1991	3967	0.285	0.36	1
2498	4064	0.285	0.46	1
1590	2958	0.285	0.44	1
757	2365	0.284	0.52	1
278	2542	0.284	0.53	1
1796	3353	0.284	0.67	1
1126	1850	0.284	0.35	1
2077	3606	0.284	0.43	1
1948	2477	0.284	0.63	1
1770	3443	0.284	0.54	1
1741	2290	0.284	0.33	1
1245	1476	0.284	0.41	1
1357	3900	0.284	0.64	1
1100	2287	0.284	0.44	1
864	3338	0.284	0.38	1
2347	3160	0.284	0.75	1
190	1953	0.284	0.47	1
708	2387	0.284	0.59	1
696	698	0.284	0.45	1
290	3746	0.284	0.31	1
72	2981	0.284	0.53	1
3713	4246	0.284	0.54	1
507	1692	0.284	0.64	1
1286	1779	0.284	0.44	1
290	1028	0.284	0.52	1
1182	1522	0.283	0.47	1
405	3440	0.283	0.56	1
212	1327	0.283	0.60	1
240	2356	0.283	0.55	1
2340	2632	0.283	0.50	1
2345	3996	0.283	0.46	1
1126	2511	0.283	0.52	1
844	3131	0.283	0.53	1
369	1864	0.283	0.69	1
3554	4114	0.283	0.58	1
1022	3147	0.283	0.43	1
3035	3595	0.283	0.64	1
2226	3613	0.283	0.61	1
1975	3257	0.283	0.43	1
1592	2699	0.283	0.38	1
555	2331	0.283	0.42	1
512	1100	0.283	0.46	1
294	1796	0.283	0.43	1
1976	2365	0.283	0.57	1
338	2804	0.283	0.36	1
3488	3830	0.282	0.50	1
3075	3102	0.282	0.38	1
712	2440	0.282	0.25	1
708	1451	0.282	0.60	1
611	1064	0.282	0.37	1
2445	2906	0.282	0.60	1
1697	2039	0.282	0.50	1
2068	3450	0.282	0.46	1
1657	4018	0.282	0.42	1
794	1996	0.282	0.43	1
274	3284	0.282	0.53	1
159	3792	0.282	0.56	1
2280	2285	0.282	0.27	1
761	1669	0.282	0.47	1
698	1117	0.282	0.41	1
1867	3271	0.282	0.51	1
2327	4136	0.281	0.43	1
2243	2700	0.281	0.56	1
1571	2016	0.281	0.52	1
1150	1994	0.281	0.41	1
564	1548	0.281	0.59	1
181	4001	0.281	0.23	1
1702	2170	0.281	0.44	1
1191	3454	0.281	0.40	1
3207	3531	0.281	0.64	1
2766	3889	0.281	0.56	1
2425	4085	0.281	0.64	1
2394	3784	0.281	0.24	1
1998	3073	0.281	0.33	1
1427	1544	0.281	0.28	1
696	983	0.281	0.49	1
235	3886	0.281	0.50	1
1540	1719	0.281	0.71	1
1124	1985	0.281	0.62	1
191	330	0.281	0.48	1
3557	4101	0.281	0.63	1
1966	2795	0.281	0.48	1
1553	2603	0.281	0.61	1
795	983	0.281	0.59	1
535	1704	0.281	0.35	1
1465	3414	0.281	0.53	1
2138	2255	0.281	0.63	1
1338	4160	0.281	0.37	1
970	1132	0.281	0.55	1
449	2079	0.281	0.65	1
290	652	0.281	0.45	1
2927	3311	0.280	0.70	1
2496	3920	0.280	0.58	1
1527	4172	0.280	0.45	1
2631	3488	0.280	0.57	1
499	2843	0.280	0.40	1
169	205	0.280	0.52	1
1893	2997	0.280	0.47	1
708	4071	0.280	0.35	1
2897	2981	0.280	0.51	1
804	3886	0.280	0.67	1
589	3992	0.280	0.58	1
71	2027	0.280	0.23	1
1028	3440	0.280	0.48	1
483	1921	0.280	0.43	1
2529	3898	0.280	0.71	1
1511	2446	0.280	0.29	1
564	2045	0.279	0.62	1
129	4157	0.279	0.46	1
1987	2399	0.279	0.79	1
2984	4046	0.279	0.51	1
706	3333	0.279	0.47	1
1590	3174	0.279	0.43	1
1028	1998	0.279	0.63	1
406	2787	0.279	0.57	1
2699	3268	0.279	0.22	1
2495	2535	0.279	0.64	1
1993	2399	0.279	0.74	1
956	4106	0.279	0.44	1
3675	3773	0.279	0.50	1
1684	1838	0.279	0.63	1
1196	2792	0.279	0.57	1
1157	1753	0.279	0.73	1
2715	3146	0.279	0.42	1
526	2433	0.279	0.55	1
267	3063	0.279	0.26	1
638	3053	0.279	0.71	1
1265	4220	0.279	0.61	1
1181	1890	0.279	0.47	1
2340	4181	0.279	0.42	1
859	3914	0.279	0.39	1
749	1395	0.279	0.54	1
564	1988	0.279	0.59	1
3527	3801	0.278	0.30	1
610	1669	0.278	0.35	1
337	4097	0.278	0.44	1
208	2268	0.278	0.62	1
3171	3665	0.278	0.39	1
1005	1857	0.278	0.46	1
851	2009	0.278	0.29	1
71	1520	0.278	0.48	1
2636	3305	0.278	0.52	1
290	3664	0.278	0.19	1
235	2631	0.278	0.53	1
191	701	0.278	0.28	1
2360	3308	0.278	0.66	1
3311	3759	0.278	0.22	1
1669	3294	0.278	0.48	1
2226	2943	0.278	0.55	1
406	592	0.278	0.51	1
610	2511	0.278	0.45	1
1202	1550	0.278	0.77	1
1132	1470	0.277	0.46	1
2077	2122	0.277	0.50	1
2647	2838	0.277	0.60	1
2247	2249	0.277	0.53	1
1122	2837	0.277	0.49	1
115	3774	0.277	0.38	1
2039	2620	0.277	0.48	1
1657	3644	0.277	0.45	1
1457	1603	0.277	0.53	1
1657	3650	0.277	0.59	1
1117	2558	0.277	0.24	1
2033	2458	0.277	0.52	1
1993	2550	0.277	0.59	1
3161	3335	0.277	0.20	1
795	3316	0.277	0.50	1
2679	2988	0.277	0.62	1
1326	2428	0.277	0.26	1
1947	2477	0.276	0.61	1
94	2662	0.276	0.41	1
2849	3840	0.276	0.73	1
71	1403	0.276	0.44	1
1144	2881	0.276	0.65	1
159	3785	0.276	0.47	1
2077	2287	0.276	0.49	1
453	2477	0.276	0.58	1
1375	3664	0.276	0.42	1
495	3258	0.276	0.43	1
1973	2185	0.276	0.55	1
325	1708	0.276	0.63	1
2292	2780	0.276	0.66	1
1872	2034	0.276	0.46	1
1867	2382	0.276	0.62	1
229	231	0.276	0.49	1
2069	3391	0.276	0.61	1
708	2310	0.276	0.45	1
496	3459	0.276	0.55	1
415	534	0.276	0.50	1
2567	2569	0.275	0.37	1
2245	3413	0.275	0.29	1
160	2441	0.275	0.30	1
2257	2500	0.275	0.30	1
2685	3513	0.275	0.44	1
3190	3964	0.275	0.56	1
2382	3664	0.275	0.60	1
611	3012	0.275	0.40	1
2836	3815	0.275	0.70	1
2699	3028	0.275	0.31	1
1357	4171	0.275	0.55	1
1692	3275	0.275	0.31	1
638	2743	0.275	0.71	1
2652	3212	0.275	0.43	1
1451	2474	0.275	0.73	1
2111	2707	0.275	0.67	1
1100	2122	0.275	0.47	1
822	1231	0.275	0.64	1
71	2978	0.275	0.48	1
3203	3624	0.274	0.39	1
77	267	0.274	0.59	1
403	2784	0.274	0.45	1
282	2159	0.274	0.42	1
109	2292	0.274	0.45	1
1078	2863	0.274	0.56	1
970	1678	0.274	0.50	1
757	2143	0.274	0.49	1
2458	3797	0.274	0.41	1
1434	1598	0.274	0.52	1
290	991	0.274	0.46	1
2268	3624	0.274	0.44	1
203	2227	0.274	0.38	1
2286	2972	0.274	0.42	1
1072	2837	0.274	0.48	1
664	737	0.274	0.63	1
2393	3887	0.273	0.22	1
2121	3853	0.273	0.49	1
193	330	0.273	0.50	1
1892	3792	0.273	0.47	1
3223	3328	0.273	0.29	1
966	1685	0.273	0.45	1
1697	3793	0.273	0.40	1
1407	2163	0.273	0.44	1
1165	1796	0.273	0.55	1
887	4115	0.273	0.53	1
1064	3822	0.273	0.33	1
1989	2001	0.272	0.44	1
1117	2269	0.272	0.35	1
77	4172	0.272	0.55	1
1250	1510	0.272	0.53	1
1943	3515	0.272	0.50	1
1657	3712	0.272	0.56	1
396	1986	0.272	0.45	1
706	1123	0.272	0.47	1
1898	1987	0.272	0.38	1
405	3146	0.272	0.36	1
698	3886	0.272	0.64	1
1992	3582	0.272	0.53	1
529	3176	0.271	0.26	1
263	3853	0.271	0.48	1
240	1987	0.271	0.48	1
1161	2966	0.271	0.51	1
892	2870	0.271	0.45	1
3440	3459	0.271	0.48	1
2429	2832	0.271	0.55	1
495	2859	0.271	0.37	1
438	3527	0.271	0.37	1
2136	2137	0.271	0.73	1
403	2832	0.271	0.47	1
2511	3147	0.271	0.31	1
2389	3818	0.271	0.45	1
1928	2789	0.271	0.42	1
1415	2966	0.271	0.57	1
1193	1988	0.271	0.45	1
1028	4172	0.271	0.43	1
1359	3354	0.271	0.59	1
1829	3163	0.271	0.41	1
729	1240	0.271	0.70	1
714	956	0.271	0.34	1
118	2062	0.271	0.49	1
446	4226	0.271	0.22	1
154	657	0.271	0.37	1
3347	3689	0.271	0.35	1
2164	2458	0.271	0.59	1
1987	3409	0.271	0.54	1
210	1472	0.271	0.44	1
2059	3498	0.270	0.71	1
176	2347	0.270	0.48	1
109	1905	0.270	0.46	1
1758	3527	0.270	0.56	1
1371	2276	0.270	0.62	1
1328	2033	0.270	0.41	1
970	2121	0.270	0.56	1
208	2348	0.270	0.27	1
194	3596	0.270	0.22	1
160	3583	0.270	0.29	1
1158	2122	0.270	0.54	1
1988	4111	0.270	0.66	1
822	1384	0.270	0.65	1
690	1953	0.270	0.32	1
405	2304	0.270	0.17	1
1692	2477	0.270	0.54	1
3061	4075	0.270	0.25	1
2031	2974	0.270	0.69	1
1100	1387	0.270	0.45	1
708	2477	0.270	0.57	1
401	761	0.270	0.35	1
1121	3593	0.270	0.63	1
286	976	0.270	0.43	1
1230	3061	0.269	0.21	1
908	1785	0.269	0.44	1
1698	1835	0.269	0.53	1
1028	1456	0.269	0.52	1
494	690	0.269	0.62	1
1123	2000	0.269	0.47	1
1005	3268	0.269	0.46	1
114	181	0.269	0.42	1
3676	3895	0.269	0.37	1
1258	2463	0.269	0.53	1
1960	2337	0.269	0.65	1
1901	3037	0.269	0.38	1
890	2921	0.269	0.58	1
708	3488	0.269	0.52	1
612	2234	0.269	0.59	1
369	4206	0.269	0.43	1
303	4007	0.269	0.70	1
126	2477	0.269	0.55	1
2304	3317	0.268	0.52	1
1763	3887	0.268	0.54	1
1113	2000	0.268	0.59	1
2342	3353	0.268	0.56	1
1084	1476	0.268	0.42	1
1702	4160	0.268	0.59	1
851	4002	0.268	0.37	1
789	3968	0.268	0.58	1
489	1829	0.268	0.32	1
3203	3271	0.268	0.45	1
967	2785	0.268	0.49	1
1590	3928	0.268	0.37	1
97	4169	0.268	0.51	1
2811	3427	0.268	0.38	1
2484	4222	0.268	0.49	1
388	1266	0.268	0.57	1
212	277	0.268	0.65	1
660	2818	0.267	0.56	1
384	3277	0.267	0.44	1
2575	3265	0.267	0.71	1
844	3402	0.267	0.42	1
212	2245	0.267	0.34	1
2483	3579	0.267	0.58	1
464	779	0.267	0.57	1
2952	3832	0.267	0.35	1
1100	2958	0.267	0.39	1
1382	1427	0.267	0.38	1
3773	3815	0.267	0.43	1
1989	2269	0.267	0.63	1
332	2925	0.267	0.52	1
3919	4057	0.267	0.59	1
3463	3557	0.267	0.27	1
794	2685	0.267	0.43	1
176	369	0.267	0.50	1
2347	2387	0.267	0.53	1
1763	3360	0.267	0.43	1
598	3123	0.267	0.49	1
192	2032	0.267	0.59	1
3787	4247	0.267	0.31	1
1063	1928	0.267	0.50	1
496	3967	0.267	0.43	1
306	2042	0.267	0.29	1
2266	3072	0.266	0.47	1
791	4051	0.266	0.55	1
2569	3886	0.266	0.51	1
1992	2903	0.266	0.28	1
1886	3271	0.266	0.59	1
1193	1987	0.266	0.45	1
159	1954	0.266	0.36	1
1662	2898	0.266	0.29	1
2327	2805	0.266	0.69	1
2123	2255	0.266	0.63	1
271	3097	0.266	0.30	1
1290	2020	0.266	0.45	1
2680	4247	0.266	0.30	1
2382	2785	0.266	0.57	1
1924	2949	0.266	0.60	1
2399	3853	0.266	0.52	1
966	2289	0.266	0.43	1
495	1006	0.265	0.43	1
2461	3392	0.265	0.43	1
1172	1692	0.265	0.35	1
2163	2399	0.265	0.52	1
549	2699	0.265	0.45	1
3464	3968	0.265	0.34	1
499	2018	0.265	0.72	1
3268	3557	0.265	0.40	1
1359	3808	0.265	0.59	1
1359	2417	0.265	0.59	1
2328	2473	0.265	0.64	1
1469	3847	0.265	0.57	1
251	1829	0.265	0.53	1
1131	2111	0.265	0.47	1
2290	3259	0.264	0.35	1
1753	1765	0.264	0.67	1
928	1079	0.264	0.57	1
1356	2125	0.264	0.61	1
1254	3271	0.264	0.52	1
1126	3250	0.264	0.43	1
364	892	0.264	0.49	1
48	1911	0.264	0.28	1
1943	3295	0.264	0.26	1
1161	1415	0.264	0.48	1
267	285	0.264	0.73	1
1157	2413	0.264	0.68	1
1132	3886	0.264	0.68	1
517	2945	0.264	0.32	1
475	2394	0.264	0.43	1
162	3797	0.264	0.38	1
3445	4202	0.264	0.47	1
1901	4184	0.264	0.40	1
1613	3088	0.264	0.72	1
71	3591	0.264	0.26	1
578	794	0.263	0.44	1
2685	4053	0.263	0.37	1
1718	1904	0.263	0.56	1
973	3049	0.263	0.21	1
892	3736	0.263	0.46	1
665	3337	0.263	0.45	1
290	1605	0.263	0.39	1
2463	4226	0.263	0.32	1
495	4097	0.263	0.31	1
2122	4212	0.263	0.35	1
2077	2903	0.263	0.55	1
970	1669	0.263	0.35	1
1507	2215	0.263	0.54	1
1331	2345	0.263	0.41	1
1279	4246	0.263	0.34	1
842	1005	0.263	0.45	1
2713	4006	0.263	0.42	1
1370	2688	0.263	0.68	1
685	3409	0.263	0.46	1
2557	3203	0.263	0.41	1
2626	3324	0.262	0.23	1
1856	2972	0.262	0.54	1
1758	4087	0.262	0.54	1
1121	2217	0.262	0.66	1
1022	1249	0.262	0.43	1
407	1260	0.262	0.50	1
205	3148	0.262	0.66	1
20	3325	0.262	0.50	1
3430	3454	0.262	0.55	1
871	3270	0.262	0.49	1
77	2349	0.262	0.64	1
3236	3606	0.262	0.31	1
2535	3004	0.262	0.46	1
1613	3968	0.262	0.57	1
928	1331	0.262	0.43	1
2189	2248	0.262	0.29	1
708	1907	0.262	0.51	1
642	1327	0.262	0.55	1
153	1411	0.262	0.65	1
2078	2148	0.262	0.35	1
844	2631	0.262	0.34	1
2041	2043	0.262	0.54	1
1113	1477	0.262	0.60	1
1469	2034	0.261	0.60	1
1468	2970	0.261	0.57	1
598	3335	0.261	0.19	1
1175	2164	0.261	0.39	1
603	2160	0.261	0.55	1
212	2595	0.261	0.42	1
2042	3422	0.261	0.28	1
1685	4247	0.261	0.42	1
1507	2900	0.261	0.51	1
2748	3098	0.261	0.67	1
2259	2367	0.261	0.41	1
1097	1892	0.261	0.46	1
708	966	0.261	0.55	1
112	1322	0.261	0.57	1
2906	3460	0.261	0.55	1
928	1266	0.261	0.57	1
579	2111	0.261	0.46	1
1992	2284	0.261	0.25	1
1992	1997	0.261	0.34	1
1575	4142	0.261	0.57	1
736	3037	0.261	0.42	1
1655	1867	0.261	0.44	1
1242	2222	0.261	0.57	1
438	908	0.261	0.35	1
1868	2473	0.261	0.58	1
2075	4245	0.260	0.60	1
2057	2648	0.260	0.64	1
1660	3075	0.260	0.35	1
1469	2837	0.260	0.46	1
515	670	0.260	0.18	1
2631	3586	0.260	0.27	1
1100	1472	0.260	0.59	1
1954	2832	0.260	0.37	1
1657	2502	0.260	0.55	1
767	2699	0.260	0.32	1
2327	2413	0.260	0.68	1
1708	2429	0.260	0.62	1
703	806	0.260	0.33	1
3318	3675	0.260	0.55	1
3088	4206	0.260	0.56	1
596	1848	0.260	0.47	1
235	1472	0.260	0.30	1
2003	3773	0.260	0.45	1
1655	3255	0.260	0.57	1
758	1951	0.260	0.55	1
271	2045	0.260	0.33	1
28	495	0.260	0.43	1
1175	1370	0.260	0.58	1
823	4067	0.260	0.58	1
486	3353	0.260	0.45	1
66	1938	0.260	0.55	1
2062	2098	0.259	0.64	1
1097	1331	0.259	0.71	1
1006	1662	0.259	0.32	1
401	3430	0.259	0.62	1
1894	1981	0.259	0.30	1
972	1491	0.259	0.25	1
445	608	0.259	0.43	1
1171	1507	0.259	0.50	1
1126	3494	0.259	0.55	1
1126	2881	0.259	0.50	1
993	3297	0.259	0.52	1
197	1537	0.259	0.50	1
532	1795	0.259	0.40	1
1960	2367	0.259	0.40	1
1470	3333	0.259	0.45	1
1318	2463	0.259	0.34	1
826	1126	0.259	0.34	1
510	1042	0.259	0.47	1
183	2269	0.259	0.41	1
2349	2399	0.259	0.65	1
1392	1758	0.259	0.71	1
1119	3664	0.259	0.49	1
1049	890	0.259	0.56	1
2606	4075	0.259	0.28	1
2429	3063	0.259	0.51	1
2051	2500	0.259	0.51	1
1684	3028	0.259	0.42	1
582	2536	0.259	0.24	1
788	2331	0.259	0.67	1
3138	3250	0.259	0.53	1
2789	3891	0.259	0.53	1
1470	4144	0.259	0.43	1
1121	4117	0.259	0.60	1
109	3037	0.259	0.33	1
804	2121	0.258	0.60	1
672	2921	0.258	0.60	1
569	2890	0.258	0.54	1
1456	2832	0.258	0.40	1
81	2903	0.258	0.46	1
3488	4145	0.258	0.74	1
795	1117	0.258	0.43	1
1230	3214	0.258	0.34	1
561	2934	0.258	0.43	1
3037	4184	0.258	0.33	1
1028	1055	0.258	0.54	1
2033	2247	0.258	0.54	1
1848	3349	0.258	0.69	1
928	4143	0.258	0.65	1
664	4105	0.258	0.58	1
1456	3746	0.257	0.59	1
1425	3396	0.257	0.33	1
1245	4140	0.257	0.48	1
231	927	0.257	0.36	1
789	3268	0.257	0.50	1
569	1005	0.257	0.54	1
3599	4228	0.257	0.34	1
757	1471	0.257	0.52	1
874	2129	0.257	0.47	1
1987	4238	0.257	0.56	1
1177	3360	0.257	0.49	1
1487	4009	0.257	0.67	1
1548	3440	0.257	0.47	1
1005	3714	0.257	0.27	1
520	1502	0.257	0.46	1
9	2042	0.257	0.24	1
801	1162	0.256	0.24	1
683	1946	0.256	0.31	1
405	4050	0.256	0.49	1
3890	4235	0.256	0.55	1
3335	3943	0.256	0.18	1
2846	2891	0.256	0.36	1
1005	2081	0.256	0.67	1
1003	2055	0.256	0.64	1
208	868	0.256	0.30	1
2260	4074	0.256	0.36	1
898	3967	0.256	0.65	1
879	3152	0.256	0.44	1
1116	2270	0.256	0.34	1
1737	3840	0.256	0.41	1
1100	3316	0.256	0.59	1
804	4002	0.256	0.51	1
2075	2999	0.256	0.43	1
1476	1613	0.256	0.55	1
77	2898	0.256	0.49	1
1992	2715	0.256	0.26	1
51	815	0.256	0.41	1
2090	2277	0.255	0.41	1
2561	3251	0.255	0.35	1
226	1763	0.255	0.55	1
2077	2511	0.255	0.43	1
363	2263	0.255	0.59	1
1552	3304	0.255	0.58	1
282	1334	0.255	0.48	1
1418	1872	0.255	0.57	1
1022	2003	0.255	0.62	1
3203	3991	0.255	0.37	1
1947	2945	0.255	0.25	1
1427	1887	0.255	0.27	1
1247	2477	0.255	0.58	1
482	1693	0.255	0.22	1
150	3408	0.255	0.60	1
79	190	0.255	0.46	1
2838	3488	0.255	0.55	1
2559	3061	0.255	0.25	1
2202	4182	0.255	0.61	1
1028	2557	0.255	0.33	1
396	1654	0.255	0.49	1
802	1583	0.254	0.34	1
495	4192	0.254	0.29	1
844	1442	0.254	0.52	1
286	3809	0.254	0.38	1
2277	3620	0.254	0.42	1
2248	4106	0.254	0.56	1
795	3996	0.254	0.54	1
2368	3557	0.254	0.66	1
134	616	0.254	0.64	1
1893	2458	0.254	0.37	1
587	2101	0.254	0.46	1
582	2234	0.254	0.63	1
520	3152	0.254	0.59	1
445	1144	0.254	0.44	1
381	705	0.254	0.55	1
1031	2643	0.254	0.57	1
966	4050	0.254	0.50	1
2032	3408	0.253	0.53	1
1867	2482	0.253	0.50	1
1838	3268	0.253	0.57	1
483	2285	0.253	0.39	1
2303	3557	0.253	0.32	1
325	3454	0.253	0.59	1
1681	3630	0.253	0.30	1
2547	2787	0.253	0.54	1
4050	4160	0.253	0.44	1
1985	2204	0.253	0.54	1
1044	1396	0.253	0.41	1
983	2289	0.253	0.40	1
376	2377	0.253	0.38	1
1886	2631	0.253	0.53	1
1151	1245	0.253	0.39	1
1290	4241	0.253	0.67	1
1286	3358	0.253	0.48	1
381	2729	0.253	0.53	1
2234	2833	0.253	0.50	1
1106	2476	0.253	0.65	1
837	3947	0.253	0.60	1
496	898	0.253	0.52	1
403	1732	0.253	0.52	1
193	783	0.253	0.49	1
2822	3787	0.252	0.32	1
2458	4237	0.252	0.23	1
1978	2365	0.252	0.55	1
1433	2077	0.252	0.56	1
1169	2159	0.252	0.38	1
545	2510	0.252	0.47	1
417	1947	0.252	0.25	1
337	1132	0.252	0.47	1
47	1890	0.252	0.39	1
212	3619	0.252	0.55	1
708	2018	0.252	0.70	1
2688	3739	0.252	0.29	1
2609	3422	0.252	0.46	1
1659	2458	0.252	0.36	1
1507	4003	0.252	0.50	1
181	3419	0.252	0.33	1
94	701	0.252	0.33	1
77	844	0.252	0.37	1
3675	4088	0.252	0.50	1
3203	3402	0.252	0.42	1
2784	3440	0.252	0.41	1
2455	3706	0.252	0.53	1
1938	2294	0.252	0.51	1
1576	2019	0.252	0.46	1
311	1571	0.252	0.33	1
2844	3088	0.252	0.56	1
974	1518	0.252	0.37	1
1992	3773	0.252	0.24	1
72	2903	0.252	0.40	1
1002	1944	0.251	0.56	1
2981	3004	0.251	0.33	1
1331	3817	0.251	0.49	1
908	4101	0.251	0.53	1
2715	3996	0.251	0.33	1
2268	3773	0.251	0.35	1
153	1715	0.251	0.53	1
1710	3502	0.251	0.48	1
859	2159	0.251	0.38	1
1955	2003	0.251	0.47	1
1785	2827	0.251	0.43	1
970	2269	0.251	0.53	1
263	346	0.251	0.55	1
183	3967	0.251	0.66	1
914	3380	0.251	0.62	1
290	2780	0.251	0.61	1
71	2128	0.251	0.47	1
4019	4140	0.250	0.43	1
3801	4206	0.250	0.32	1
1677	3796	0.250	0.25	1
1132	3584	0.250	0.53	1
198	4236	0.250	0.50	1
4058	4102	0.250	0.55	1
3255	3968	0.250	0.32	1
1898	2859	0.250	0.28	1
159	1028	0.250	0.46	1
2650	3004	0.250	0.53	1
1477	3203	0.250	0.43	1
1072	2288	0.250	0.45	1
1072	2068	0.250	0.41	1
290	844	0.250	0.32	1
1328	3595	0.250	0.49	1
966	2287	0.250	0.39	1
770	2699	0.250	0.65	1
405	2114	0.250	0.54	1
1596	2506	0.250	0.56	1
546	3767	0.250	0.56	1
1131	2469	0.249	0.40	1
71	3326	0.249	0.45	1
2121	2836	0.249	0.53	1
129	1199	0.249	0.50	1
1669	1895	0.249	0.47	1
1221	2257	0.249	0.24	1
1302	2859	0.249	0.39	1
1158	3935	0.249	0.41	1
1107	3290	0.249	0.44	1
744	1245	0.249	0.33	1
181	2227	0.249	0.28	1
1655	1994	0.249	0.50	1
2662	3358	0.249	0.46	1
2188	2739	0.249	0.25	1
2056	2301	0.249	0.36	1
1382	1887	0.249	0.37	1
755	1738	0.249	0.53	1
290	496	0.249	0.35	1
3063	3299	0.249	0.55	1
974	2463	0.248	0.36	1
835	1249	0.248	0.46	1
1606	3925	0.248	0.46	1
116	1976	0.248	0.53	1
3145	4206	0.248	0.32	1
1615	3490	0.248	0.52	1
732	3672	0.248	0.46	1
2844	3527	0.248	0.39	1
2000	2121	0.248	0.57	1
610	955	0.248	0.47	1
732	3559	0.248	0.46	1
2666	4185	0.248	0.66	1
2565	3944	0.248	0.45	1
1948	2945	0.248	0.25	1
3039	3515	0.248	0.51	1
2982	3632	0.248	0.46	1
2113	2429	0.248	0.60	1
469	521	0.248	0.30	1
1395	1509	0.248	0.46	1
3151	3848	0.248	0.26	1
1547	4140	0.247	0.36	1
587	3937	0.247	0.30	1
1621	4009	0.247	0.34	1
534	2292	0.247	0.32	1
240	2001	0.247	0.35	1
2229	2375	0.247	0.40	1
525	4135	0.247	0.29	1
3	2129	0.247	0.35	1
2382	2399	0.247	0.55	1
2297	3139	0.247	0.21	1
1956	1989	0.247	0.37	1
1008	4144	0.247	0.51	1
1829	2439	0.247	0.36	1
2121	4212	0.247	0.52	1
1197	2068	0.247	0.57	1
708	1511	0.247	0.33	1
854	2529	0.247	0.53	1
346	4019	0.247	0.48	1
3500	3801	0.247	0.21	1
1975	4166	0.247	0.40	1
1358	1975	0.247	0.28	1
540	2018	0.247	0.46	1
217	522	0.247	0.35	1
190	851	0.247	0.38	1
72	1276	0.247	0.53	1
2014	2342	0.247	0.45	1
515	1900	0.247	0.46	1
235	1991	0.247	0.29	1
1796	2229	0.246	0.62	1
1029	1848	0.246	0.43	1
65	3796	0.246	0.48	1
983	2114	0.246	0.51	1
1875	4009	0.246	0.49	1
1074	2598	0.246	0.35	1
52	741	0.246	0.38	1
835	1042	0.246	0.44	1
1442	3780	0.246	0.52	1
2833	3609	0.246	0.44	1
2159	3325	0.245	0.34	1
1740	3116	0.245	0.30	1
1051	2347	0.245	0.37	1
370	3293	0.245	0.48	1
403	3564	0.245	0.50	1
250	3750	0.245	0.37	1
44	800	0.245	0.23	1
1938	2984	0.245	0.53	1
612	749	0.245	0.54	1
2815	3817	0.245	0.36	1
2015	3159	0.245	0.56	1
1904	2100	0.245	0.36	1
160	453	0.245	0.29	1
1944	1958	0.245	0.58	1
1002	2100	0.245	0.29	1
908	3028	0.245	0.46	1
1669	2348	0.245	0.44	1
159	2784	0.245	0.32	1
942	2455	0.245	0.44	1
278	3706	0.245	0.41	1
1811	3559	0.244	0.62	1
1206	2666	0.244	0.49	1
346	2494	0.244	0.41	1
1220	3486	0.244	0.55	1
763	3190	0.244	0.61	1
3746	4172	0.244	0.36	1
1998	3664	0.244	0.41	1
1084	3586	0.244	0.40	1
864	3437	0.244	0.46	1
158	712	0.244	0.38	1
2982	3880	0.244	0.57	1
1375	4172	0.244	0.40	1
680	1005	0.244	0.26	1
3267	4206	0.244	0.52	1
2090	2112	0.244	0.60	1
1370	1613	0.244	0.75	1
217	528	0.244	0.34	1
2838	3808	0.244	0.50	1
1370	2699	0.244	0.57	1
3037	4057	0.244	0.58	1
1989	1992	0.244	0.36	1
1973	2389	0.244	0.39	1
972	2636	0.244	0.36	1
2399	2784	0.244	0.39	1
1995	4019	0.244	0.41	1
1718	2487	0.244	0.43	1
1140	2022	0.244	0.52	1
1123	1955	0.244	0.34	1
685	2494	0.244	0.50	1
263	3746	0.244	0.48	1
732	4047	0.243	0.57	1
547	2618	0.243	0.31	1
190	2393	0.243	0.45	1
806	1548	0.243	0.46	1
1213	2147	0.243	0.40	1
1117	2870	0.243	0.45	1
889	3422	0.243	0.24	1
744	2180	0.243	0.49	1
624	1063	0.243	0.31	1
1119	4172	0.243	0.46	1
435	2071	0.243	0.60	1
3150	4050	0.243	0.39	1
1638	2859	0.243	0.41	1
1669	2034	0.243	0.45	1
1548	2715	0.243	0.48	1
3936	4144	0.243	0.38	1
2342	3890	0.243	0.44	1
1999	2438	0.243	0.32	1
1745	2288	0.243	0.69	1
405	2289	0.243	0.31	1
9	3075	0.243	0.30	1
1688	2014	0.242	0.44	1
1444	2171	0.242	0.52	1
3425	4206	0.242	0.30	1
2836	3702	0.242	0.68	1
1347	2964	0.242	0.57	1
494	3893	0.242	0.44	1
366	3542	0.242	0.43	1
2298	3620	0.242	0.64	1
1003	2684	0.242	0.57	1
890	2780	0.242	0.55	1
844	3459	0.242	0.49	1
792	2240	0.242	0.43	1
851	2393	0.242	0.41	1
403	1442	0.242	0.56	1
396	844	0.242	0.55	1
3527	3770	0.242	0.42	1
1758	3598	0.242	0.40	1
65	1912	0.242	0.59	1
1979	2561	0.242	0.36	1
2412	4102	0.242	0.36	1
1427	2073	0.242	0.55	1
497	1957	0.242	0.35	1
290	4149	0.242	0.38	1
1991	2284	0.242	0.23	1
1954	3271	0.241	0.43	1
956	2018	0.241	0.59	1
890	3965	0.241	0.38	1
2179	2377	0.241	0.66	1
1989	4238	0.241	0.56	1
688	3466	0.241	0.53	1
482	3527	0.241	0.33	1
1548	1986	0.241	0.58	1
2571	3943	0.241	0.20	1
2507	2827	0.241	0.65	1
2348	3316	0.241	0.46	1
898	1472	0.241	0.31	1
65	1698	0.241	0.34	1
1072	2903	0.241	0.65	1
330	4183	0.241	0.56	1
130	1427	0.241	0.22	1
2870	3865	0.241	0.49	1
2267	2327	0.241	0.66	1
363	872	0.241	0.61	1
2391	4206	0.241	0.32	1
2345	2903	0.241	0.40	1
2147	3187	0.241	0.43	1
1437	3205	0.241	0.54	1
1254	2399	0.241	0.53	1
755	2281	0.241	0.49	1
3266	3368	0.241	0.76	1
196	486	0.241	0.51	1
1594	2859	0.241	0.39	1
28	1999	0.241	0.43	1
1937	2257	0.240	0.38	1
701	3139	0.240	0.21	1
549	1337	0.240	0.55	1
1812	3326	0.240	0.26	1
1305	2259	0.240	0.45	1
334	3891	0.240	0.66	1
661	1478	0.240	0.31	1
3118	4015	0.240	0.50	1
1987	2785	0.240	0.62	1
1059	2123	0.240	0.56	1
217	800	0.240	0.31	1
126	1912	0.240	0.25	1
2043	3075	0.239	0.34	1
2014	2229	0.239	0.59	1
804	826	0.239	0.60	1
1157	1765	0.239	0.67	1
494	3488	0.239	0.55	1
446	2699	0.239	0.20	1
160	2997	0.239	0.25	1
3424	3817	0.239	0.53	1
112	917	0.239	0.43	1
2611	3770	0.239	0.31	1
1119	3893	0.239	0.39	1
1765	2805	0.239	0.66	1
422	3308	0.239	0.61	1
159	3203	0.239	0.35	1
2463	3028	0.239	0.30	1
973	2899	0.239	0.20	1
794	1956	0.239	0.25	1
2138	2749	0.239	0.34	1
1990	2269	0.239	0.56	1
1955	2345	0.239	0.34	1
824	1997	0.239	0.46	1
405	3830	0.239	0.54	1
3297	3475	0.239	0.48	1
3042	3498	0.239	0.46	1
2780	3063	0.239	0.49	1
1331	3088	0.239	0.37	1
770	969	0.239	0.45	1
1875	3759	0.238	0.47	1
1698	3035	0.238	0.46	1
657	2329	0.238	0.59	1
2508	3311	0.238	0.55	1
82	3527	0.238	0.48	1
3702	4044	0.238	0.37	1
1346	2557	0.238	0.46	1
736	3500	0.238	0.32	1
1993	2287	0.238	0.47	1
1249	3996	0.238	0.41	1
1984	2204	0.238	0.56	1
369	859	0.238	0.39	1
1928	3409	0.238	0.51	1
744	794	0.238	0.30	1
415	715	0.238	0.54	1
1459	1842	0.238	0.48	1
2867	2979	0.237	0.65	1
1353	2906	0.237	0.57	1
3424	3954	0.237	0.54	1
1114	1348	0.237	0.30	1
851	1986	0.237	0.59	1
1886	1954	0.237	0.46	1
1132	2903	0.237	0.49	1
993	3540	0.237	0.51	1
844	1375	0.237	0.49	1
435	3665	0.237	0.30	1
177	779	0.237	0.42	1
483	2535	0.237	0.56	1
2147	2713	0.237	0.38	1
2071	3557	0.237	0.53	1
2267	3984	0.237	0.66	1
2356	2376	0.236	0.29	1
944	2842	0.236	0.29	1
2307	3618	0.236	0.58	1
1910	2241	0.236	0.38	1
1213	3831	0.236	0.33	1
1915	3015	0.236	0.56	1
1028	1068	0.236	0.58	1
405	1476	0.236	0.46	1
177	406	0.236	0.47	1
1144	1952	0.236	0.36	1
1753	2805	0.236	0.66	1
230	2692	0.236	0.26	1
165	2609	0.236	0.54	1
1063	1126	0.236	0.45	1
1006	1193	0.235	0.39	1
685	2180	0.235	0.38	1
1100	1867	0.235	0.39	1
152	967	0.235	0.48	1
2123	2916	0.235	0.59	1
1476	3494	0.235	0.54	1
2529	2564	0.235	0.66	1
2260	2792	0.235	0.63	1
789	3557	0.235	0.54	1
684	1571	0.235	0.40	1
205	4088	0.235	0.30	1
3566	3937	0.235	0.33	1
290	3488	0.235	0.41	1
3432	3968	0.235	0.46	1
3311	3560	0.235	0.34	1
1122	3042	0.235	0.45	1
564	3138	0.235	0.43	1
1501	2518	0.235	0.71	1
1051	1538	0.235	0.38	1
685	2000	0.235	0.35	1
1865	1868	0.235	0.42	1
1022	3063	0.235	0.49	1
772	4066	0.235	0.43	1
271	2304	0.234	0.25	1
180	598	0.234	0.18	1
2723	3968	0.234	0.36	1
1197	2292	0.234	0.41	1
652	3928	0.234	0.39	1
2287	2349	0.234	0.43	1
795	2180	0.234	0.56	1
84	1100	0.234	0.42	1
969	1758	0.234	0.40	1
956	2673	0.234	0.66	1
3706	4150	0.234	0.34	1
2838	4145	0.234	0.48	1
2359	3865	0.234	0.56	1
1123	3996	0.234	0.35	1
2717	3311	0.234	0.36	1
2474	3025	0.234	0.51	1
1655	2417	0.234	0.45	1
1068	1372	0.234	0.60	1
1491	2453	0.234	0.42	1
496	1669	0.233	0.38	1
2838	3786	0.233	0.48	1
972	3577	0.233	0.36	1
3153	3240	0.233	0.33	1
2404	4003	0.233	0.57	1
1613	2699	0.233	0.47	1
1613	4051	0.233	0.73	1
1594	2518	0.233	0.32	1
1258	1944	0.233	0.65	1
1022	1654	0.233	0.39	1
1005	4087	0.233	0.43	1
1768	2401	0.233	0.50	1
1116	2328	0.233	0.31	1
719	1655	0.233	0.30	1
77	3063	0.233	0.37	1
3646	3733	0.233	0.30	1
3093	3532	0.233	0.29	1
1026	2966	0.233	0.53	1
267	3459	0.233	0.57	1
8	1910	0.233	0.27	1
643	1444	0.233	0.39	1
141	1105	0.233	0.25	1
2143	2359	0.232	0.57	1
1567	2085	0.232	0.37	1
556	931	0.232	0.48	1
71	2354	0.232	0.34	1
2573	3338	0.232	0.52	1
2138	3676	0.232	0.37	1
908	927	0.232	0.34	1
330	335	0.232	0.50	1
2173	2837	0.232	0.43	1
2003	4053	0.232	0.39	1
973	1948	0.232	0.32	1
802	2656	0.232	0.32	1
2730	3853	0.232	0.49	1
1913	2544	0.232	0.38	1
1867	2631	0.232	0.38	1
1144	2114	0.232	0.54	1
2058	3498	0.232	0.71	1
1720	3814	0.232	0.31	1
537	582	0.232	0.41	1
496	510	0.232	0.45	1
1068	2163	0.232	0.66	1
632	1005	0.232	0.42	1
1117	1126	0.232	0.28	1
1054	3956	0.232	0.59	1
1848	3560	0.232	0.58	1
193	802	0.232	0.23	1
2559	4075	0.232	0.23	1
1886	2399	0.232	0.52	1
1346	3999	0.232	0.55	1
765	3676	0.232	0.48	1
3817	4051	0.232	0.45	1
2090	3916	0.231	0.65	1
3457	3750	0.231	0.39	1
1976	2819	0.231	0.40	1
1355	2972	0.231	0.29	1
549	3630	0.231	0.53	1
290	2077	0.231	0.58	1
1375	3299	0.231	0.49	1
3360	3983	0.231	0.53	1
2290	3069	0.231	0.43	1
612	2122	0.231	0.30	1
1941	3749	0.231	0.59	1
9	3422	0.231	0.33	1
940	2144	0.231	0.54	1
1831	3553	0.231	0.66	1
1049	2304	0.231	0.52	1
795	3935	0.231	0.48	1
453	2229	0.231	0.44	1
242	2827	0.231	0.25	1
38	4232	0.231	0.44	1
1765	3984	0.231	0.63	1
551	1009	0.231	0.57	1
162	3347	0.231	0.25	1
1871	3360	0.231	0.39	1
3465	3842	0.230	0.43	1
1350	1875	0.230	0.43	1
1197	2494	0.230	0.57	1
650	2631	0.230	0.30	1
646	1388	0.230	0.25	1
492	2787	0.230	0.27	1
343	2402	0.230	0.38	1
2171	3350	0.230	0.51	1
1893	3171	0.230	0.36	1
1872	2949	0.230	0.41	1
1084	4088	0.230	0.59	1
2273	4216	0.230	0.41	1
1049	2285	0.230	0.42	1
569	2055	0.230	0.52	1
205	3063	0.230	0.48	1
2122	2288	0.230	0.42	1
1935	3438	0.230	0.34	1
844	2429	0.230	0.48	1
795	826	0.230	0.58	1
736	4057	0.230	0.48	1
596	1779	0.230	0.33	1
231	1337	0.230	0.40	1
208	4071	0.230	0.42	1
2852	4144	0.230	0.64	1
1629	1952	0.230	0.53	1
927	974	0.229	0.29	1
77	1477	0.229	0.56	1
3406	4172	0.229	0.46	1
578	3644	0.229	0.50	1
767	1370	0.229	0.58	1
865	2116	0.229	0.61	1
3746	4149	0.229	0.36	1
1763	3386	0.229	0.41	1
664	2135	0.229	0.69	1
2019	3829	0.229	0.46	1
2018	3480	0.229	0.64	1
1922	4116	0.229	0.21	1
1351	2787	0.229	0.54	1
1012	1796	0.229	0.52	1
1534	3176	0.228	0.19	1
2368	4087	0.228	0.61	1
1692	2211	0.228	0.51	1
1476	3488	0.228	0.44	1
2121	3167	0.228	0.42	1
307	1029	0.228	0.35	1
3488	4019	0.228	0.43	1
956	3666	0.228	0.61	1
744	2121	0.228	0.49	1
1848	3086	0.228	0.56	1
3063	3792	0.228	0.64	1
1137	3260	0.228	0.48	1
813	2915	0.228	0.60	1
463	890	0.228	0.59	1
1328	2508	0.228	0.40	1
834	1933	0.228	0.64	1
2377	2625	0.228	0.47	1
1516	3823	0.228	0.48	1
1028	2292	0.228	0.41	1
747	1114	0.227	0.38	1
711	2873	0.227	0.46	1
1921	1955	0.227	0.36	1
1151	2838	0.227	0.40	1
2399	3808	0.227	0.62	1
2180	4247	0.227	0.35	1
747	2824	0.227	0.36	1
521	854	0.227	0.48	1
3702	3773	0.227	0.38	1
2113	3780	0.227	0.50	1
210	1992	0.227	0.23	1
48	3352	0.227	0.19	1
1708	2535	0.227	0.49	1
1692	2541	0.227	0.33	1
844	2610	0.227	0.32	1
290	1509	0.227	0.64	1
301	3283	0.227	0.44	1
1689	2031	0.227	0.55	1
3836	4144	0.227	0.41	1
571	3259	0.227	0.31	1
463	2077	0.227	0.60	1
71	2408	0.227	0.25	1
2170	4015	0.226	0.61	1
1126	2903	0.226	0.51	1
403	3406	0.226	0.47	1
1157	2805	0.226	0.65	1
1126	1993	0.226	0.37	1
962	1333	0.226	0.54	1
271	1097	0.226	0.65	1
619	1567	0.226	0.34	1
210	4144	0.226	0.43	1
2511	3430	0.226	0.47	1
2159	2463	0.226	0.38	1
81	396	0.226	0.44	1
1785	3817	0.226	0.24	1
1144	4019	0.226	0.47	1
522	2890	0.226	0.36	1
294	2236	0.226	0.35	1
2745	3152	0.226	0.39	1
1856	4076	0.226	0.64	1
1328	4196	0.226	0.42	1
1470	3073	0.226	0.35	1
1212	1614	0.226	0.26	1
2356	3830	0.225	0.28	1
1003	3031	0.225	0.46	1
966	2685	0.225	0.43	1
758	3588	0.225	0.53	1
178	3312	0.225	0.37	1
2827	4184	0.225	0.34	1
1992	3785	0.225	0.24	1
1782	2061	0.225	0.23	1
1100	2382	0.225	0.41	1
815	2438	0.225	0.44	1
1692	3595	0.225	0.56	1
496	4238	0.225	0.28	1
141	589	0.225	0.47	1
2247	2477	0.225	0.53	1
1829	2863	0.225	0.39	1
1954	2557	0.225	0.40	1
1117	3966	0.225	0.24	1
576	3801	0.225	0.26	1
844	3255	0.225	0.38	1
208	2034	0.225	0.47	1
1662	4238	0.225	0.31	1
642	3347	0.225	0.52	1
1119	4149	0.225	0.47	1
1103	3289	0.225	0.28	1
670	3566	0.225	0.22	1
2784	3792	0.224	0.54	1
2550	3236	0.224	0.37	1
1549	2854	0.224	0.57	1
1548	1629	0.224	0.58	1
228	745	0.224	0.38	1
3664	3746	0.224	0.42	1
1893	3347	0.224	0.36	1
489	3514	0.224	0.25	1
265	1544	0.224	0.60	1
1629	2289	0.224	0.53	1
1005	1613	0.224	0.38	1
1990	1999	0.224	0.39	1
1042	2052	0.224	0.53	1
886	4087	0.224	0.53	1
3159	3495	0.224	0.52	1
380	1186	0.224	0.68	1
134	1666	0.224	0.29	1
2268	4144	0.224	0.48	1
966	3138	0.224	0.33	1
2145	3498	0.224	0.66	1
966	2122	0.223	0.38	1
2839	2978	0.223	0.25	1
2495	3203	0.223	0.50	1
2160	2261	0.223	0.48	1
2055	2481	0.223	0.41	1
226	609	0.223	0.42	1
2210	2999	0.223	0.25	1
2827	2844	0.223	0.43	1
235	3664	0.223	0.47	1
1654	1998	0.223	0.49	1
406	2079	0.223	0.47	1
12	345	0.223	0.55	1
3437	4054	0.223	0.50	1
3409	3750	0.223	0.50	1
2910	3148	0.223	0.60	1
2613	4076	0.223	0.42	1
577	2787	0.223	0.35	1
2813	2856	0.223	0.55	1
758	1961	0.223	0.48	1
