a	b	entity	tar	cif_off	cif_len	pae_off	pae_len
8002	10846	AF-0000000204149272	shard_306_batch_1.tar	24466432	87137	688780288	508124
8002	13122	AF-0000000204149270	shard_882_batch_1.tar	58792960	150062	1584373760	1644507
8005	10510	AF-0000000211732946	shard_1046_batch_0.tar	226485248	227555	3941421568	3831914
8005	11688	AF-0000000211732954	shard_362_batch_0.tar	96538112	108516	374757376	882777
8005	16854	AF-0000000211732985	shard_272_batch_0.tar	46038528	74726	154011648	379931
8006	9290	AF-0000000204704784	shard_880_batch_2.tar	58599424	150132	475160576	1692292
8006	15770	AF-0000000204704762	shard_420_batch_4.tar	18546176	135469	651489280	1281469
8006	16603	AF-0000000204704752	shard_436_batch_4.tar	62686208	149488	649514496	1552346
8007	8215	AF-0000000203672469	shard_224_batch_0.tar	29493760	59368	170534912	220455
8007	8547	AF-0000000203672471	shard_264_batch_0.tar	54412288	72664	486946304	357770
8007	9251	AF-0000000203672467	shard_440_batch_0.tar	512	151492	912143872	1590181
8007	13027	AF-0000000203672431	shard_378_batch_0.tar	41219072	117121	929605120	957974
8007	15397	AF-0000000203672465	shard_268_batch_0.tar	3674624	75211	348265984	371380
8007	16222	AF-0000000203672450	shard_308_batch_0.tar	83990016	88535	405398016	526861
8007	17715	AF-0000000203672466	shard_308_batch_0.tar	42400256	90723	197633536	537066
8010	9033	AF-0000000204733157	shard_416_batch_4.tar	21445120	138401	671871488	1312845
8010	9418	AF-0000000204733151	shard_290_batch_3.tar	56325632	85373	335234048	482363
8010	14520	AF-0000000204733169	shard_904_batch_2.tar	30982144	168587	427520512	1819664
8010	14556	AF-0000000204733137	shard_356_batch_4.tar	72030208	110473	683298816	858621
8010	14727	AF-0000000204733156	shard_284_batch_3.tar	61142528	82153	297987584	458129
8010	15976	AF-0000000204733162	shard_446_batch_4.tar	128978944	158285	575341568	1608556
8010	16243	AF-0000000204733166	shard_332_batch_3.tar	17261568	100840	388837376	656597
8010	16737	AF-0000000204733133	shard_310_batch_3.tar	11430400	91892	692361216	543371
8012	8416	AF-0000000206085895	shard_297_batch_0.tar	2904064	84811	195790336	470283
8012	8575	AF-0000000206086029	shard_327_batch_1.tar	3658752	95620	536620032	599248
8012	9010	AF-0000000206085982	shard_321_batch_1.tar	90525696	92444	184863744	590127
8012	9506	AF-0000000206086081	shard_301_batch_0.tar	24042496	87070	636296192	502018
8012	9886	AF-0000000206085999	shard_281_batch_0.tar	25495552	79720	286962176	413566
8012	11409	AF-0000000206085857	shard_281_batch_0.tar	49382912	79022	225039360	417070
8012	11572	AF-0000000206085897	shard_285_batch_0.tar	47246848	79951	241627648	418109
8012	11966	AF-0000000206085851	shard_347_batch_1.tar	70190592	102876	220895232	741970
8012	11967	AF-0000000206085850	shard_345_batch_1.tar	58442240	101836	716123648	729618
8012	12212	AF-0000000206085888	shard_341_batch_0.tar	7873536	101781	782137856	702240
8012	12395	AF-0000000206086034	shard_377_batch_1.tar	42603008	115624	841191936	959892
8012	12594	AF-0000000206085941	shard_305_batch_0.tar	48295936	88832	616688640	524240
8012	12904	AF-0000000206086138	shard_309_batch_0.tar	51566592	89181	346837504	546007
8012	13336	AF-0000000206086148	shard_273_batch_0.tar	15617536	76110	330763776	380884
8012	14088	AF-0000000206086085	shard_295_batch_0.tar	15799808	85148	536948224	472625
8012	14310	AF-0000000206086083	shard_311_batch_0.tar	57485312	90892	368787456	527082
8012	14688	AF-0000000206086000	shard_281_batch_0.tar	41000960	80043	561533952	413572
8012	14717	AF-0000000206086010	shard_285_batch_0.tar	5523456	80827	418273280	419282
8012	14737	AF-0000000206085973	shard_261_batch_0.tar	34750464	72236	276357632	332458
8012	15209	AF-0000000206085985	shard_317_batch_0.tar	52683776	91514	622817280	580216
8012	15824	AF-0000000206085972	shard_261_batch_0.tar	41009664	72271	277380096	338885
8012	15923	AF-0000000206085901	shard_315_batch_0.tar	26422784	90505	224373248	577785
8012	15934	AF-0000000206085964	shard_259_batch_0.tar	59872768	70993	417452032	339687
8012	16015	AF-0000000206085848	shard_365_batch_1.tar	13484032	110694	580672512	860277
8012	16155	AF-0000000206086143	shard_223_batch_0.tar	54958592	58461	141828608	209512
8012	16174	AF-0000000206085975	shard_259_batch_0.tar	1510400	71452	329580032	319718
8012	16225	AF-0000000206085885	shard_237_batch_0.tar	24471552	63920	238510592	255946
8012	16272	AF-0000000206085912	shard_291_batch_0.tar	81220096	83416	280373760	459195
8012	16837	AF-0000000206086119	shard_271_batch_0.tar	72835072	75948	427908608	377200
8012	17275	AF-0000000206085826	shard_273_batch_0.tar	52605952	76864	423911424	386816
8012	17401	AF-0000000206085887	shard_313_batch_0.tar	82098176	90770	231438848	550732
8012	17476	AF-0000000211733017	shard_317_batch_0.tar	77111808	92773	339764736	571432
8012	17584	AF-0000000206086124	shard_339_batch_1.tar	30855168	101767	354575360	703796
8012	17588	AF-0000000206085998	shard_289_batch_0.tar	34693632	81376	553673216	441182
8014	9520	AF-0000000204248864	shard_330_batch_2.tar	32925184	99110	263167488	655523
8014	14657	AF-0000000204248848	shard_378_batch_2.tar	87088640	117370	1086380032	981943
8015	13689	AF-0000000211733033	shard_1030_batch_1.tar	180753920	230998	3028455424	3950020
8016	14931	AF-0000000204838174	shard_1057_batch_0.tar	134392320	255670	3387834880	4570397
8020	8092	AF-0000000204085162	shard_188_batch_0.tar	18779136	45801	188907008	121238
8020	9249	AF-0000000204085252	shard_358_batch_1.tar	29324288	109890	771202048	842790
8020	12799	AF-0000000204085120	shard_1002_batch_1.tar	140417024	213937	2771034112	3159448
8020	12964	AF-0000000204085251	shard_304_batch_1.tar	82754560	89615	301425664	529618
8020	14471	AF-0000000204085119	shard_1030_batch_1.tar	38811136	236053	4085543936	3825975
8020	14888	AF-0000000204085197	shard_382_batch_2.tar	90604032	120665	1038371328	1017429
8020	15670	AF-0000000204085115	shard_922_batch_1.tar	70156288	174480	2298104832	2156095
8020	16038	AF-0000000204085234	shard_404_batch_2.tar	111945216	132158	552988160	1146326
8020	16084	AF-0000000204085258	shard_270_batch_1.tar	22753792	77436	411123712	392086
8020	16199	AF-0000000204085195	shard_380_batch_2.tar	68168192	116271	460334080	898381
8020	16410	AF-0000000204085190	shard_976_batch_1.tar	145399296	196685	514997248	2638356
8020	16638	AF-0000000204085268	shard_334_batch_1.tar	90210816	101051	770168320	697070
8020	17686	AF-0000000204085203	shard_336_batch_1.tar	58412544	100098	735060480	727752
8022	14093	AF-0000000204167769	shard_312_batch_1.tar	61060608	89191	176950784	537425
8023	11816	AF-0000000206039382	shard_359_batch_0.tar	67151872	109766	683198464	839711
8023	11846	AF-0000000206039381	shard_383_batch_1.tar	115644416	119483	1128732672	1016888
8026	8651	AF-0000000203612675	shard_378_batch_0.tar	44307456	117956	673806848	951157
8026	16889	AF-0000000203612680	shard_346_batch_0.tar	27801600	102688	461954048	723655
8026	17266	AF-0000000203612694	shard_352_batch_0.tar	14474240	106048	489632256	785181
8027	14838	AF-0000000203920843	shard_926_batch_1.tar	99780096	172480	623861248	2250972
8033	8604	AF-0000000203731200	shard_982_batch_0.tar	22025728	199548	1130507264	2633846
8033	11043	AF-0000000203731209	shard_300_batch_0.tar	25291264	85628	564953088	490589
8033	13021	AF-0000000203731178	shard_296_batch_0.tar	60059136	84252	485904384	473887
8033	13375	AF-0000000203731179	shard_292_batch_0.tar	44705280	83141	414667776	461900
8033	14172	AF-0000000203731216	shard_382_batch_0.tar	58082304	120295	862266368	1003504
8033	14438	AF-0000000203731176	shard_292_batch_0.tar	42695168	82828	275988992	456816
8033	15962	AF-0000000203731177	shard_296_batch_0.tar	80568320	84502	393232384	471141
8033	16421	AF-0000000203731230	shard_258_batch_0.tar	56407552	70189	441181184	344319
8043	10056	AF-0000000203742148	shard_294_batch_0.tar	2551296	84906	313350144	492536
8043	11437	AF-0000000203742121	shard_194_batch_0.tar	39687680	47336	94835712	139682
8043	13920	AF-0000000203742120	shard_190_batch_0.tar	22313984	46259	210895872	132534
8048	16539	AF-0000000204764997	shard_314_batch_3.tar	63298048	90901	381392896	550111
8051	14175	AF-0000000205996760	shard_1025_batch_0.tar	21485568	227743	3839510016	3338349
8051	14561	AF-0000000205996764	shard_331_batch_0.tar	2849280	97118	639153664	688134
8051	15254	AF-0000000205996761	shard_182_batch_4.tar	13669888	41135	108488704	99880
8052	8542	AF-0000000211733083	shard_332_batch_0.tar	21670912	97772	376547840	640019
8052	9617	AF-0000000203525608	shard_390_batch_0.tar	77315584	123309	1118372352	1085106
8052	9624	AF-0000000203525610	shard_412_batch_0.tar	14487040	133631	1053953024	1326013
8052	12883	AF-0000000203525622	shard_952_batch_0.tar	156623872	179689	2261754880	2237893
8052	14441	AF-0000000211733085	shard_338_batch_0.tar	70318592	98654	498847744	669395
8052	15789	AF-0000000211733086	shard_414_batch_0.tar	25723904	135374	1230218240	1351098
8054	8238	AF-0000000211733091	shard_364_batch_0.tar	103545856	112627	341577216	867396
8054	9013	AF-0000000211733093	shard_378_batch_0.tar	17303040	118156	461851136	1017297
8054	9631	AF-0000000211733094	shard_354_batch_0.tar	53140992	107635	936291840	790629
8054	9907	AF-0000000211733097	shard_376_batch_0.tar	12673024	119106	1106012160	945089
8054	12291	AF-0000000211733101	shard_364_batch_0.tar	44875776	113877	256933376	908320
8054	12360	AF-0000000211733102	shard_364_batch_0.tar	96354816	113552	796084736	847171
8054	13042	AF-0000000211733103	shard_390_batch_0.tar	12977664	124160	1104510976	1082658
8054	14040	AF-0000000211733104	shard_368_batch_0.tar	97760768	115293	1004617216	870684
8054	14183	AF-0000000211733105	shard_364_batch_0.tar	10772480	113479	218257920	871077
8054	14870	AF-0000000211733107	shard_364_batch_0.tar	21988864	114007	902503936	897376
8054	15338	AF-0000000211733108	shard_372_batch_0.tar	81613824	117419	700974592	925298
8054	16085	AF-0000000211733109	shard_380_batch_0.tar	38766080	119838	470478848	1003949
8054	16538	AF-0000000211733110	shard_358_batch_0.tar	19608576	109820	690748928	814444
8054	17255	AF-0000000211733112	shard_358_batch_0.tar	20712960	110189	281419264	831925
8055	8428	AF-0000000204352870	shard_348_batch_2.tar	7808000	104638	366071808	731495
8055	8747	AF-0000000204352874	shard_300_batch_2.tar	3648000	86594	239030272	469557
8055	8841	AF-0000000204352695	shard_214_batch_1.tar	16852992	53854	189733376	197528
8055	9457	AF-0000000204352813	shard_268_batch_2.tar	15511040	75688	422616064	370470
8055	9621	AF-0000000204352767	shard_328_batch_2.tar	37711872	97061	622550528	641125
8055	10301	AF-0000000204352542	shard_192_batch_1.tar	31092224	45979	121664512	136043
8055	10433	AF-0000000204352544	shard_194_batch_1.tar	971264	46490	108258304	141745
8055	11129	AF-0000000204352555	shard_202_batch_1.tar	40246272	50143	206357504	165730
8055	11966	AF-0000000204352595	shard_272_batch_2.tar	34513920	75479	385433600	376208
8055	12089	AF-0000000204352777	shard_394_batch_3.tar	121374720	123751	743375360	1101557
8055	12177	AF-0000000204352543	shard_202_batch_1.tar	34715136	50024	173813248	167242
8055	12612	AF-0000000204352537	shard_192_batch_1.tar	38126592	46080	205473280	139933
8055	13164	AF-0000000204352538	shard_194_batch_1.tar	37850624	47355	145952256	144757
8055	13227	AF-0000000204352541	shard_220_batch_1.tar	36254208	57953	154738176	209034
8055	13275	AF-0000000204352787	shard_198_batch_1.tar	25106432	49426	198781440	150702
8055	13349	AF-0000000204352613	shard_182_batch_1.tar	35710976	41348	134103040	105411
8055	14136	AF-0000000204352841	shard_260_batch_2.tar	19824128	71861	198807040	342557
8055	14596	AF-0000000204352852	shard_278_batch_2.tar	32073728	78403	383030784	408740
8055	14729	AF-0000000204352539	shard_194_batch_1.tar	27705856	46758	188569600	144318
8055	15531	AF-0000000204352590	shard_350_batch_2.tar	40653824	106154	684179968	782872
8055	15771	AF-0000000204352550	shard_188_batch_1.tar	13218304	43943	129165312	121184
8055	16015	AF-0000000204352592	shard_294_batch_2.tar	14777856	83058	240987648	462681
8055	16290	AF-0000000204352554	shard_212_batch_1.tar	37850624	53806	286238720	190993
8055	16436	AF-0000000204352798	shard_326_batch_2.tar	2221056	96606	720805888	639665
8055	16587	AF-0000000204352792	shard_286_batch_2.tar	20621824	80685	347280896	431261
8055	17320	AF-0000000204352587	shard_184_batch_1.tar	5530624	42082	140021760	112451
8055	17770	AF-0000000204352793	shard_238_batch_1.tar	37113856	64694	258151936	256037
8056	12305	AF-0000000205938884	shard_182_batch_4.tar	14342656	40666	78649856	101320
8057	9842	AF-0000000211733131	shard_448_batch_3.tar	12586496	153109	746786816	1835203
8057	12536	AF-0000000204395568	shard_184_batch_1.tar	27960832	38591	181699072	106556
8057	12568	AF-0000000204395656	shard_204_batch_2.tar	3203072	49047	219194880	158885
8057	13589	AF-0000000204395570	shard_184_batch_1.tar	32602624	38635	141648384	106133
8057	13902	AF-0000000204395569	shard_182_batch_1.tar	10312704	37668	149195264	102084
8057	15991	AF-0000000204395567	shard_184_batch_1.tar	33495552	38360	151925760	106781
8057	16587	AF-0000000204395642	shard_294_batch_2.tar	13167104	81494	439714816	482596
8058	12889	AF-0000000203704299	shard_224_batch_0.tar	14728192	58601	167380480	209071
8063	9188	AF-0000000204074276	shard_420_batch_2.tar	16178688	136589	837760512	1330921
8064	10455	AF-0000000205940821	shard_172_batch_3.tar	22389760	28224	71724544	43027
8065	8656	AF-0000000205956990	shard_323_batch_0.tar	45505024	95070	340919296	618406
8065	10653	AF-0000000205956857	shard_311_batch_0.tar	60208640	91149	239466496	565908
8065	11572	AF-0000000205956849	shard_307_batch_0.tar	56242176	88837	365769216	538100
8065	12088	AF-0000000205956982	shard_453_batch_1.tar	135242240	157920	1930116096	1829715
8065	12089	AF-0000000205956965	shard_455_batch_1.tar	149285888	160132	1995393024	1865529
8065	12212	AF-0000000205956841	shard_361_batch_0.tar	8202240	110856	795926016	862121
8065	12419	AF-0000000205957027	shard_379_batch_0.tar	9117696	118659	739453440	966725
8065	12536	AF-0000000205956892	shard_271_batch_0.tar	75508224	74847	230268928	384932
8065	12568	AF-0000000205956992	shard_297_batch_0.tar	62081024	85236	223063552	495589
8065	13201	AF-0000000205956834	shard_285_batch_0.tar	34652160	81402	378530816	443064
8065	13589	AF-0000000205956894	shard_271_batch_0.tar	44819968	74731	435193344	379999
8065	14021	AF-0000000205956824	shard_441_batch_1.tar	45909504	152013	436905472	1638464
8065	14083	AF-0000000205956881	shard_269_batch_0.tar	64827904	75144	181773824	376392
8065	14308	AF-0000000205956985	shard_389_batch_0.tar	18180096	124320	1171897856	1069459
8065	14599	AF-0000000211733159	shard_271_batch_0.tar	38095872	75646	234116608	382052
8065	14688	AF-0000000205956935	shard_305_batch_0.tar	23442944	88907	548994048	514234
8065	15991	AF-0000000205956891	shard_271_batch_0.tar	16466432	74404	437530624	384886
8065	16200	AF-0000000205956926	shard_248_batch_4.tar	47200768	68774	228553216	297013
8065	16449	AF-0000000205956915	shard_275_batch_0.tar	27461632	77473	440138752	401257
8065	17050	AF-0000000205957016	shard_319_batch_0.tar	93574144	93539	323081728	594303
8066	10398	AF-0000000211733178	shard_1053_batch_0.tar	204497408	254257	2687129088	4766870
8066	15184	AF-0000000211733191	shard_1047_batch_0.tar	117266432	242516	4084227584	4350472
8066	17217	AF-0000000211733199	shard_967_batch_0.tar	47010304	197801	399453184	2840512
8066	17668	AF-0000000211733200	shard_1053_batch_0.tar	52181504	254003	4157727232	4770224
8070	8179	AF-0000000203497708	shard_962_batch_0.tar	51748864	189034	1883236352	2578311
8070	8185	AF-0000000211733203	shard_962_batch_0.tar	33455104	188558	2454984704	2573732
8070	10125	AF-0000000203497710	shard_908_batch_0.tar	112284672	167319	2120096768	2015263
8070	12294	AF-0000000203497713	shard_896_batch_0.tar	67059712	162726	1251929088	1964579
8070	16111	AF-0000000203497733	shard_282_batch_0.tar	25397760	81111	312622592	438202
8070	16563	AF-0000000203497714	shard_918_batch_0.tar	44465152	170843	677767680	2145843
8070	17551	AF-0000000203497706	shard_906_batch_0.tar	26982912	164404	1194896384	1924254
8074	8468	AF-0000000203454379	shard_416_batch_0.tar	32625152	135884	1466952704	1306857
8075	8605	AF-0000000211733210	shard_944_batch_2.tar	61297152	179840	336282112	2352910
8075	11952	AF-0000000204727842	shard_924_batch_2.tar	2807296	174490	518696960	2223302
8075	14582	AF-0000000211733214	shard_430_batch_4.tar	101765120	144686	332812288	1494675
8075	14888	AF-0000000204727836	shard_422_batch_4.tar	39451648	138727	508001792	1374199
8075	16461	AF-0000000211733215	shard_446_batch_4.tar	131635200	152631	1626894848	1692962
8075	17686	AF-0000000204727840	shard_382_batch_4.tar	15155712	118407	662974976	1024690
8076	17106	AF-0000000204732003	shard_394_batch_4.tar	17640448	122234	867495936	1098794
8078	8132	AF-0000000203618732	shard_346_batch_0.tar	28219904	104228	592375296	741126
8078	8990	AF-0000000203618735	shard_356_batch_0.tar	78772736	109062	306326528	784727
8078	9804	AF-0000000203618703	shard_328_batch_0.tar	73676288	97701	726564864	657316
8078	9805	AF-0000000203618702	shard_328_batch_0.tar	93969408	97914	580381184	637061
8078	9992	AF-0000000203618701	shard_330_batch_0.tar	300544	98851	399173120	638479
8078	10049	AF-0000000203618723	shard_370_batch_0.tar	13873152	115189	995906048	863566
8078	10109	AF-0000000203618719	shard_398_batch_0.tar	85554688	127871	579431424	1113992
8078	10275	AF-0000000203618736	shard_322_batch_0.tar	42232832	95866	573459456	627567
8078	10337	AF-0000000203618721	shard_400_batch_0.tar	4910592	127735	1370215936	1112840
8078	10882	AF-0000000203618730	shard_368_batch_0.tar	12875776	114870	897729024	886362
8078	11277	AF-0000000203618728	shard_324_batch_0.tar	12278784	97753	372881408	593580
8078	11278	AF-0000000203618729	shard_324_batch_0.tar	59103744	97587	291908608	594997
8078	11393	AF-0000000203618737	shard_432_batch_0.tar	70557184	146662	1505278976	1463576
8078	11398	AF-0000000203618742	shard_310_batch_0.tar	70391296	91078	513537024	522222
8078	11686	AF-0000000203618722	shard_364_batch_0.tar	54768640	112839	906964480	817894
8078	12006	AF-0000000203618720	shard_394_batch_0.tar	42468352	124755	1052507648	1056140
8078	12298	AF-0000000203618724	shard_388_batch_0.tar	21968384	123478	484805120	1003988
8078	12703	AF-0000000203618738	shard_306_batch_0.tar	29675008	89052	418008064	514613
8078	12887	AF-0000000203618726	shard_328_batch_0.tar	75033600	98897	347722240	638685
8078	13947	AF-0000000203618741	shard_308_batch_0.tar	51449856	90940	686048768	530446
8078	14137	AF-0000000203618734	shard_358_batch_0.tar	54656512	111287	880552960	817667
8078	14451	AF-0000000203618740	shard_314_batch_0.tar	88170496	93072	207758848	560462
8078	15071	AF-0000000211733226	shard_324_batch_0.tar	12859392	96312	684411392	605173
8078	15084	AF-0000000203618727	shard_378_batch_0.tar	49283072	118693	755527680	918240
8078	15411	AF-0000000203618725	shard_390_batch_0.tar	4696064	124114	1172563968	1009283
8078	15499	AF-0000000203618739	shard_312_batch_0.tar	75234816	91891	317475840	539431
8078	15753	AF-0000000203618747	shard_250_batch_0.tar	57758208	70255	218283520	293370
8078	16068	AF-0000000203618731	shard_366_batch_0.tar	75667456	114123	834880512	864185
8078	17405	AF-0000000203618733	shard_344_batch_0.tar	59737600	104420	214789632	734418
8080	9483	AF-0000000211733238	shard_432_batch_0.tar	55184384	146605	1770180608	1507123
8080	10049	AF-0000000211733241	shard_382_batch_0.tar	111620608	120908	1078644736	1011326
8080	11609	AF-0000000211733252	shard_346_batch_0.tar	101169152	105012	204658176	758634
8080	12006	AF-0000000211733257	shard_404_batch_0.tar	89847808	131448	1327341056	1175790
8080	14310	AF-0000000211733265	shard_342_batch_0.tar	21121536	103863	755748352	725639
8080	16779	AF-0000000211733279	shard_424_batch_0.tar	92157440	139153	582880768	1396709
8080	17151	AF-0000000211733284	shard_368_batch_0.tar	48984064	115692	974138880	881566
8083	8127	AF-0000000203890114	shard_388_batch_1.tar	73102336	118600	1204562944	969865
8083	9378	AF-0000000203890113	shard_388_batch_1.tar	84154368	118794	339354624	979244
8084	17503	AF-0000000211733311	shard_372_batch_1.tar	106573824	114798	309643776	946180
8086	14323	AF-0000000203492843	shard_978_batch_0.tar	141581824	201428	1299208704	2921701
8086	17504	AF-0000000203492821	shard_442_batch_0.tar	97566208	150569	1800289792	1565097
8089	8455	AF-0000000203478207	shard_304_batch_0.tar	69967360	87609	423848960	475380
8089	9802	AF-0000000203478206	shard_302_batch_0.tar	10247168	87139	399709696	469095
8089	9803	AF-0000000203478208	shard_302_batch_0.tar	22634496	87325	197466112	466976
8090	8428	AF-0000000204350697	shard_348_batch_2.tar	82647552	104701	758715392	737134
8090	8812	AF-0000000204350433	shard_892_batch_1.tar	101737472	163546	429742592	1838612
8090	8841	AF-0000000204350525	shard_214_batch_1.tar	2597376	53885	257369088	198142
8090	9397	AF-0000000204350421	shard_240_batch_2.tar	35918848	66140	128718336	273553
8090	9621	AF-0000000204350596	shard_328_batch_2.tar	95077888	97113	437457408	634615
8090	10301	AF-0000000204350374	shard_192_batch_1.tar	44156928	45931	103689728	135696
8090	11409	AF-0000000204350432	shard_204_batch_1.tar	46994944	51928	170284544	164558
8090	12395	AF-0000000204350591	shard_308_batch_2.tar	45762560	88428	492141056	534077
8090	12696	AF-0000000204350653	shard_226_batch_2.tar	45045248	60325	279824384	230634
8090	13227	AF-0000000204350373	shard_220_batch_1.tar	56656384	57858	254043136	204113
8090	13349	AF-0000000204350445	shard_182_batch_1.tar	25092608	41458	110643712	105613
8090	13823	AF-0000000204350396	shard_206_batch_1.tar	50762240	52879	240994304	177360
8090	14313	AF-0000000204350666	shard_210_batch_1.tar	14608896	54810	250806784	187475
8090	14596	AF-0000000204350680	shard_278_batch_2.tar	44024832	78318	410449408	408909
8090	15401	AF-0000000204350454	shard_210_batch_1.tar	19567616	54365	232243712	185926
8090	16436	AF-0000000204350626	shard_326_batch_2.tar	92097024	96722	244537856	638827
8090	16587	AF-0000000204350620	shard_286_batch_2.tar	36258816	80826	442305024	430435
8090	17320	AF-0000000204350419	shard_184_batch_1.tar	2408448	42198	115085312	111769
8090	17401	AF-0000000204350469	shard_234_batch_1.tar	48882176	63266	282490880	257938
8090	17770	AF-0000000204350621	shard_238_batch_1.tar	48208896	64929	286613504	263171
8091	8581	AF-0000000204695352	shard_254_batch_3.tar	13520384	69121	302134272	290754
8091	9442	AF-0000000204695332	shard_308_batch_3.tar	9159168	89041	502635520	524050
8091	10054	AF-0000000211733341	shard_342_batch_3.tar	98194944	104489	675233280	716583
8091	12676	AF-0000000204695343	shard_338_batch_3.tar	19738112	102437	479413760	661775
8091	13692	AF-0000000204695310	shard_258_batch_3.tar	55889408	70996	445260288	310732
8091	14488	AF-0000000204695337	shard_246_batch_3.tar	45330432	67611	380183040	282756
8091	16072	AF-0000000204695351	shard_348_batch_3.tar	6959104	104858	373854720	730782
8092	8865	AF-0000000204083484	shard_958_batch_1.tar	151020544	190207	796557824	2487436
8092	10056	AF-0000000204083644	shard_272_batch_1.tar	58840576	76920	305430528	395377
8092	12819	AF-0000000204083559	shard_984_batch_1.tar	102223872	204476	2609866752	3020466
8092	13651	AF-0000000211733353	shard_968_batch_1.tar	51395072	194664	1538719744	2787116
8093	10901	AF-0000000204256284	shard_258_batch_1.tar	20893184	70297	237060096	336163
8093	11000	AF-0000000204256226	shard_948_batch_1.tar	130397696	182889	726201344	2337479
8093	11015	AF-0000000204256289	shard_288_batch_2.tar	56765440	81058	221683712	454046
8093	11051	AF-0000000204256178	shard_420_batch_3.tar	107009536	137260	1261135872	1330447
8093	11376	AF-0000000204256196	shard_322_batch_2.tar	64132608	95970	667748864	625591
8093	11669	AF-0000000204256227	shard_438_batch_3.tar	62029824	148659	1420515840	1562200
8093	11906	AF-0000000204256185	shard_434_batch_3.tar	39329280	148382	391827968	1628113
8093	11938	AF-0000000204256231	shard_950_batch_1.tar	124303360	186030	949598720	2470258
8093	11939	AF-0000000204256230	shard_1030_batch_1.tar	918016	229929	4058999296	3823872
8093	12651	AF-0000000204256245	shard_340_batch_2.tar	89926144	100989	194607616	699786
8093	14143	AF-0000000204256294	shard_264_batch_1.tar	43348992	72391	218365440	355676
8093	14311	AF-0000000204256309	shard_336_batch_2.tar	31773696	100709	680290304	654159
8093	15173	AF-0000000204256217	shard_286_batch_1.tar	28277760	80418	515929088	430519
8093	15204	AF-0000000204256193	shard_390_batch_2.tar	96547840	123681	1120865792	1046580
8093	15289	AF-0000000204256225	shard_430_batch_3.tar	140506112	144553	1056700416	1480743
8093	15583	AF-0000000204256244	shard_274_batch_1.tar	62295552	75961	489976320	406659
8093	15881	AF-0000000204256224	shard_440_batch_3.tar	96774656	151128	1331843584	1591419
8093	16853	AF-0000000204256298	shard_404_batch_3.tar	112488448	128123	360839168	1128774
8093	17606	AF-0000000204256308	shard_336_batch_2.tar	78059520	100918	782547968	716557
8095	10908	AF-0000000211733374	shard_301_batch_0.tar	46752768	87092	378263552	508360
8095	14302	AF-0000000206085101	shard_997_batch_1.tar	150236160	208174	3120566272	3269933
8095	17059	AF-0000000206085100	shard_217_batch_0.tar	14007296	55390	233616896	197681
8097	12892	AF-0000000203970883	shard_244_batch_0.tar	45957632	65597	359392256	290671
8097	15574	AF-0000000203970866	shard_184_batch_0.tar	40168960	41784	88268288	105274
8099	10370	AF-0000000211733390	shard_1035_batch_0.tar	225499648	229469	2667237888	3989391
8099	11667	AF-0000000211733391	shard_1031_batch_0.tar	58496000	225173	2288638976	3829653
8099	15197	AF-0000000211733398	shard_896_batch_2.tar	8842752	160489	1052403200	1911506
8103	8225	AF-0000000203708811	shard_304_batch_0.tar	18330624	86936	332187136	520226
8103	8437	AF-0000000211733407	shard_442_batch_1.tar	116950528	151005	1839603200	1627989
8103	9210	AF-0000000211733410	shard_404_batch_1.tar	117113344	129270	473691648	1172743
8103	10056	AF-0000000203708867	shard_380_batch_0.tar	18476544	118458	969892864	1011292
8103	11568	AF-0000000203708833	shard_248_batch_0.tar	57710592	67623	205411328	288662
8103	12640	AF-0000000203708866	shard_310_batch_0.tar	14202880	88842	382166016	528778
8103	14887	AF-0000000203708827	shard_404_batch_1.tar	82492416	129285	1110852096	1121370
8103	17745	AF-0000000203708836	shard_340_batch_0.tar	87577088	100317	351514624	710218
8105	8543	AF-0000000211733422	shard_1060_batch_0.tar	46285824	252479	2725295616	4818385
8106	8684	AF-0000000204061585	shard_272_batch_1.tar	26424832	74710	213067776	375365
8106	9215	AF-0000000204061576	shard_342_batch_1.tar	32688128	100817	902915072	643780
8106	9383	AF-0000000204061581	shard_326_batch_1.tar	75476480	94545	485161472	581068
8106	10845	AF-0000000204061583	shard_278_batch_1.tar	66855936	76561	276694528	396081
8106	11744	AF-0000000204061589	shard_304_batch_1.tar	24371712	85607	403272192	508038
8106	15387	AF-0000000204061586	shard_300_batch_1.tar	40504320	84861	198964224	478160
8106	15661	AF-0000000204061584	shard_290_batch_1.tar	35592192	82396	290806784	441636
8106	15992	AF-0000000204061582	shard_256_batch_1.tar	60567552	69577	461952512	324386
8106	17680	AF-0000000204061588	shard_290_batch_1.tar	66178048	81853	269174272	447651
8112	9299	AF-0000000205962864	shard_425_batch_1.tar	32835072	139780	750001664	1430724
8113	16523	AF-0000000211733434	shard_1048_batch_0.tar	186136576	246343	1112532992	4311837
8114	13061	AF-0000000204674481	shard_354_batch_3.tar	12666880	105225	601201152	752010
8115	12090	AF-0000000203793740	shard_364_batch_1.tar	100887040	110854	632399360	853948
8116	10764	AF-0000000206012759	shard_335_batch_0.tar	60786688	98784	406185472	648628
8116	12566	AF-0000000206012760	shard_345_batch_0.tar	73310720	103026	384482816	720039
8116	15217	AF-0000000206012767	shard_271_batch_0.tar	68094464	75413	455057408	370805
8121	8374	AF-0000000203483629	shard_420_batch_0.tar	5245440	137194	500140544	1392667
8121	9461	AF-0000000203483636	shard_300_batch_0.tar	61775872	82368	356484096	474795
8121	9870	AF-0000000211733446	shard_286_batch_0.tar	28857856	76909	160279552	409302
8121	9923	AF-0000000203483618	shard_286_batch_0.tar	76014080	76584	538837504	411988
8124	8132	AF-0000000203618973	shard_346_batch_0.tar	67633664	104734	217489920	745970
8124	8990	AF-0000000203618976	shard_356_batch_0.tar	59731968	109528	945730560	784767
8124	9805	AF-0000000203618942	shard_330_batch_0.tar	87633408	98370	315990016	647776
8124	10049	AF-0000000203618964	shard_370_batch_0.tar	102778880	115505	1101878784	871175
8124	10109	AF-0000000203618960	shard_400_batch_0.tar	35054592	128122	814110208	1118227
8124	10275	AF-0000000203618977	shard_322_batch_0.tar	37837312	96618	181229568	637668
8124	10337	AF-0000000203618962	shard_400_batch_0.tar	46138368	128065	603632128	1112236
8124	10882	AF-0000000203618971	shard_368_batch_0.tar	25305600	115053	527456256	889956
8124	11277	AF-0000000203618969	shard_324_batch_0.tar	75594752	98169	625375232	600585
8124	11278	AF-0000000203618970	shard_324_batch_0.tar	22537728	98160	309813760	602916
8124	11393	AF-0000000203618978	shard_434_batch_0.tar	69021184	147104	876809216	1470496
8124	11398	AF-0000000203618983	shard_312_batch_0.tar	89579008	91540	303446016	525179
8124	11686	AF-0000000203618963	shard_364_batch_0.tar	31754240	113178	356166656	823658
8124	12006	AF-0000000203618961	shard_394_batch_0.tar	80802304	125159	1247360512	1060438
8124	12298	AF-0000000203618965	shard_390_batch_0.tar	1592832	123912	1189515776	997735
8124	12703	AF-0000000203618979	shard_308_batch_0.tar	70451200	89352	570055680	517070
8124	12860	AF-0000000203619010	shard_1008_batch_0.tar	145625088	213242	2175367168	3423056
8124	12887	AF-0000000203618967	shard_330_batch_0.tar	96858112	99428	726529024	646754
8124	13947	AF-0000000203618982	shard_310_batch_0.tar	8506368	91156	546035200	530879
8124	14137	AF-0000000203618975	shard_358_batch_0.tar	6130688	111508	428661760	820798
8124	14451	AF-0000000203618981	shard_316_batch_0.tar	73946624	93317	458891264	563157
8124	15071	AF-0000000211733453	shard_324_batch_0.tar	6320128	96557	409924096	611212
8124	15084	AF-0000000203618968	shard_378_batch_0.tar	20485632	119090	944935424	911587
8124	15411	AF-0000000203618966	shard_390_batch_0.tar	61068288	124426	407394304	1011122
8124	15499	AF-0000000203618980	shard_312_batch_0.tar	65388032	92410	329188352	542528
8124	15753	AF-0000000203618988	shard_252_batch_0.tar	20851712	70626	190425600	294937
8124	16068	AF-0000000203618972	shard_366_batch_0.tar	81639936	114129	522446336	865897
8124	17217	AF-0000000203618989	shard_370_batch_0.tar	27958272	118733	774149632	948737
8124	17405	AF-0000000203618974	shard_344_batch_0.tar	89452544	104908	379636224	762246
8126	12725	AF-0000000203632736	shard_350_batch_0.tar	214528	105097	532284928	749304
8127	13156	AF-0000000211733458	shard_362_batch_1.tar	110539264	109646	558612992	836451
8131	8141	AF-0000000204111217	shard_280_batch_1.tar	2861056	79532	317779456	402040
8131	9324	AF-0000000204111233	shard_380_batch_2.tar	39301632	117593	1054014976	952203
8131	9470	AF-0000000211733461	shard_278_batch_1.tar	74651648	78927	233749504	396961
8131	9669	AF-0000000204111228	shard_276_batch_1.tar	40991744	77715	477868032	387078
8131	10300	AF-0000000204111231	shard_280_batch_1.tar	9146880	79454	444385280	399793
8131	10449	AF-0000000204111221	shard_276_batch_1.tar	29283328	78048	503287808	388311
8131	11026	AF-0000000204111235	shard_348_batch_1.tar	103804928	105370	509889024	780515
8131	11084	AF-0000000204111227	shard_296_batch_1.tar	20858368	84723	418958848	475077
8131	11452	AF-0000000204111230	shard_276_batch_1.tar	15397376	77698	331422208	386478
8131	11703	AF-0000000204111223	shard_282_batch_1.tar	10358784	80276	560181760	416889
8131	12023	AF-0000000204111222	shard_282_batch_1.tar	24939008	80548	310329856	418976
8131	12135	AF-0000000204111237	shard_246_batch_0.tar	58014208	67300	413542400	293825
8131	12203	AF-0000000211733463	shard_278_batch_1.tar	45877248	78797	237403648	395673
8131	12727	AF-0000000204111211	shard_292_batch_1.tar	70486016	83221	445084160	452468
8131	13341	AF-0000000204111232	shard_344_batch_2.tar	17973760	102766	605212160	723446
8131	15500	AF-0000000204111219	shard_280_batch_1.tar	59704320	79002	343566848	421331
8131	15987	AF-0000000204111229	shard_276_batch_1.tar	10393600	77926	281245184	385174
8132	9646	AF-0000000203583059	shard_298_batch_0.tar	74171392	85257	642328064	496689
8132	10404	AF-0000000203583053	shard_358_batch_0.tar	66601984	109700	830926336	816399
8132	10428	AF-0000000203583052	shard_376_batch_0.tar	75286016	117949	1022873600	965063
8132	10514	AF-0000000203583065	shard_920_batch_0.tar	108006912	173234	1740302848	2033851
8132	11382	AF-0000000203583057	shard_310_batch_0.tar	6341120	89478	691202048	547094
8132	12860	AF-0000000203583060	shard_1006_batch_0.tar	79487488	211750	2517164032	3395968
8132	12946	AF-0000000203583054	shard_374_batch_0.tar	73874432	116983	306601472	940291
8132	13251	AF-0000000203583058	shard_296_batch_0.tar	54849024	84577	310038528	490951
8132	14093	AF-0000000203583061	shard_268_batch_0.tar	52644864	74080	333836800	374333
8132	15126	AF-0000000203583062	shard_260_batch_0.tar	8355840	71656	390376960	347219
8132	15222	AF-0000000203583056	shard_304_batch_0.tar	12670464	88013	246609920	521296
8136	9719	AF-0000000204033812	shard_264_batch_1.tar	21050880	71291	247300608	358261
8136	10564	AF-0000000204033809	shard_240_batch_0.tar	23469568	63491	311870976	278402
8136	11713	AF-0000000204033820	shard_224_batch_0.tar	40726016	58321	115822592	226801
8136	12567	AF-0000000204033811	shard_258_batch_1.tar	2243584	69138	416073216	336626
8136	16055	AF-0000000204033810	shard_242_batch_0.tar	4246016	63504	368688640	278137
8136	16996	AF-0000000204033813	shard_262_batch_1.tar	21110784	70515	408193536	351409
8137	8520	AF-0000000204007153	shard_388_batch_2.tar	77664256	119618	760149504	934806
8139	8291	AF-0000000203515521	shard_316_batch_0.tar	3597312	92202	437349376	553557
8139	11042	AF-0000000203515540	shard_334_batch_0.tar	81648640	98770	817002496	658680
8139	14175	AF-0000000203515561	shard_1078_batch_0.tar	213719552	277368	3406305280	5172427
8139	17495	AF-0000000203515512	shard_910_batch_0.tar	31930880	165764	2022068224	1961170
8140	8233	AF-0000000204041220	shard_190_batch_0.tar	90624	45413	152222720	128237
8140	9019	AF-0000000204041276	shard_250_batch_0.tar	45869056	66773	132708864	293854
8140	9703	AF-0000000204041246	shard_242_batch_0.tar	42782720	64977	250865664	266931
8140	11188	AF-0000000204041271	shard_882_batch_1.tar	142421504	149206	1204634112	1605414
8140	11986	AF-0000000204041253	shard_254_batch_0.tar	21822976	68367	207249920	303618
8140	14042	AF-0000000204041247	shard_244_batch_0.tar	38026752	65258	321904640	274360
8141	8332	AF-0000000204136163	shard_426_batch_2.tar	46471680	141102	1274923008	1358893
8141	11622	AF-0000000204136201	shard_290_batch_1.tar	73327104	81114	419510272	436860
8141	12401	AF-0000000204136194	shard_968_batch_1.tar	56448512	194918	2153622016	2775785
8141	13373	AF-0000000204136174	shard_270_batch_1.tar	13763584	75263	357494784	351647
8141	14308	AF-0000000204136204	shard_326_batch_2.tar	74796544	97594	561924608	656725
8141	14363	AF-0000000204136206	shard_952_batch_1.tar	94961152	182833	2085580800	2272169
8141	14474	AF-0000000204136183	shard_198_batch_0.tar	31361024	49518	169163776	142540
8141	14967	AF-0000000204136199	shard_272_batch_1.tar	48253952	77089	494350848	382393
8141	16257	AF-0000000204136154	shard_268_batch_1.tar	60637184	75276	323183104	358035
8141	16277	AF-0000000211733494	shard_294_batch_1.tar	13552128	84433	353917952	465381
8141	16598	AF-0000000204136211	shard_326_batch_2.tar	88995840	94428	811712000	621006
8141	16628	AF-0000000211733495	shard_212_batch_0.tar	35097088	54476	175005696	178817
8141	17702	AF-0000000204136184	shard_452_batch_2.tar	11845120	157932	1549279232	1663645
8141	17757	AF-0000000204136200	shard_342_batch_2.tar	63041536	103123	655856128	708487
8142	8177	AF-0000000203778793	shard_188_batch_0.tar	26685952	44295	141574656	124595
8142	8410	AF-0000000203778745	shard_178_batch_0.tar	12700160	37911	102502400	85804
8142	9023	AF-0000000203778750	shard_206_batch_0.tar	22412800	51790	200272896	158554
8145	8242	AF-0000000203661288	shard_952_batch_0.tar	39260160	188561	837138432	2580174
8145	8883	AF-0000000203661211	shard_980_batch_0.tar	196975104	204028	2798459904	2954042
8145	9308	AF-0000000203661251	shard_438_batch_0.tar	92376576	151752	1255357440	1622715
8145	11026	AF-0000000203661279	shard_942_batch_0.tar	164260864	184573	485653504	2341141
8145	11820	AF-0000000203661298	shard_1020_batch_0.tar	42339840	229420	3339654144	3627969
8145	14302	AF-0000000203661221	shard_1090_batch_0.tar	201197056	304097	3941162496	6987348
8145	14474	AF-0000000203661252	shard_436_batch_0.tar	18596352	151350	1649432064	1595553
8145	16482	AF-0000000203661240	shard_994_batch_0.tar	107702784	209528	2261133824	3061258
8145	17627	AF-0000000203661205	shard_1150_batch_0.tar	159802880	320268	2822699008	7263072
8147	14773	AF-0000000203507441	shard_326_batch_0.tar	3499008	97413	467437568	672052
8147	15133	AF-0000000203507439	shard_390_batch_0.tar	118272512	123897	976048128	1028015
8148	8812	AF-0000000204032221	shard_926_batch_1.tar	20107264	176287	865364480	2105691
8149	8150	AF-0000000203811391	shard_1086_batch_0.tar	87228416	294295	3617091072	6459576
8149	9146	AF-0000000203811392	shard_1132_batch_0.tar	55351808	300029	5374459904	6915451
8149	10943	AF-0000000203811390	shard_1086_batch_0.tar	94809600	293109	1482784768	6492184
8149	14733	AF-0000000203811389	shard_1110_batch_0.tar	181360640	283955	970904064	6148184
8150	9146	AF-0000000203811321	shard_1082_batch_0.tar	20390400	286702	2492414976	6246898
8150	9563	AF-0000000203811318	shard_1062_batch_0.tar	60149248	257756	1208813568	4533528
8150	10943	AF-0000000203811320	shard_1078_batch_0.tar	40710144	280294	3132872192	5687919
8150	14733	AF-0000000203811319	shard_1072_batch_0.tar	261716992	270338	4808006656	5390346
8151	9135	AF-0000000203981770	shard_1062_batch_1.tar	184186368	255341	1051386368	4879310
8153	8184	AF-0000000203591952	shard_978_batch_0.tar	52431872	196157	2328274944	2791632
8153	8605	AF-0000000211733518	shard_1056_batch_0.tar	134176768	248682	3711025152	4487914
8153	8854	AF-0000000203591944	shard_986_batch_0.tar	130088448	199763	1566411776	2939137
8153	10007	AF-0000000203591980	shard_420_batch_0.tar	108000256	136847	1418136576	1307002
8153	10049	AF-0000000203591941	shard_942_batch_0.tar	104198144	180655	2190735872	2323268
8153	10337	AF-0000000203591939	shard_972_batch_0.tar	159030272	194577	850078208	2689232
8153	10642	AF-0000000203591984	shard_894_batch_0.tar	97906176	160367	702825984	1855540
8153	11686	AF-0000000203591940	shard_936_batch_0.tar	45148160	178859	2480985600	2274646
8153	12006	AF-0000000203591938	shard_966_batch_0.tar	180398592	190563	1657408512	2612895
8153	13542	AF-0000000203591960	shard_446_batch_0.tar	91515392	154973	599783424	1773219
8153	14958	AF-0000000203591942	shard_966_batch_0.tar	27631616	191281	2654387712	2642433
8153	14968	AF-0000000211733523	shard_968_batch_0.tar	170646528	191872	1558949376	2629722
8153	16919	AF-0000000211733527	shard_972_batch_0.tar	20754432	193050	1485092352	2664009
8153	17309	AF-0000000203591932	shard_882_batch_0.tar	53920256	152023	509983744	1634720
8155	13649	AF-0000000211733541	shard_916_batch_2.tar	16346112	169592	1015707648	2045570
8155	16221	AF-0000000211733542	shard_1165_batch_0.tar	196009984	339035	7388823040	7564050
8159	16294	AF-0000000203644379	shard_1054_batch_0.tar	92703744	245870	4761873920	4266250
8160	9043	AF-0000000204101599	shard_1018_batch_1.tar	176617472	223656	2945269760	3594033
8160	10205	AF-0000000211733554	shard_1186_batch_0.tar	98805760	408018	4123443200	11617225
8160	12934	AF-0000000204101607	shard_966_batch_1.tar	50700800	195115	1263628800	2674982
8160	16222	AF-0000000204101598	shard_1012_batch_1.tar	127898624	219535	1747443712	3379888
8160	17602	AF-0000000204101609	shard_1030_batch_1.tar	56289280	233754	2073190400	3913305
8161	8652	AF-0000000204254182	shard_984_batch_1.tar	8259072	200470	416804864	3008908
8161	10392	AF-0000000204254202	shard_424_batch_3.tar	116219392	139069	689156608	1430765
8161	11209	AF-0000000204254183	shard_986_batch_1.tar	141905408	203017	954563072	3069903
8161	11254	AF-0000000204254201	shard_400_batch_3.tar	56551424	126199	286915584	1197819
8161	11264	AF-0000000204254195	shard_402_batch_3.tar	106878464	126748	920610816	1169269
8161	14112	AF-0000000211733561	shard_400_batch_3.tar	126464	126503	589624320	1210485
8161	15370	AF-0000000204254198	shard_402_batch_3.tar	81254400	126729	1066429952	1217821
8161	16745	AF-0000000204254191	shard_446_batch_3.tar	80075776	152905	1821393408	1804125
8163	9835	AF-0000000211733576	shard_1146_batch_0.tar	78580224	312554	4203013632	6885707
8163	12394	AF-0000000211733598	shard_1082_batch_2.tar	231885824	283950	4697808896	5655671
8163	13147	AF-0000000211733605	shard_1097_batch_0.tar	20404736	321057	4866531840	7235151
8163	14993	AF-0000000211733621	shard_1084_batch_2.tar	22267392	286270	4619323904	5776803
8163	15819	AF-0000000211733626	shard_1062_batch_2.tar	113800704	257757	783948288	4756498
8163	16883	AF-0000000211733637	shard_1080_batch_2.tar	137560576	279583	4047493120	5525962
8163	17325	AF-0000000211733642	shard_1097_batch_0.tar	223274496	322666	7545351680	7344647
8169	15848	AF-0000000204026829	shard_358_batch_1.tar	22871552	110406	610048000	794212
8170	14302	AF-0000000206027149	shard_1059_batch_1.tar	144050176	254436	2384813056	4797087
8170	15149	AF-0000000206027188	shard_901_batch_0.tar	98657792	165290	702705152	1986922
8174	11472	AF-0000000203980607	shard_1160_batch_0.tar	48423936	333353	7166743040	7894463
8175	10242	AF-0000000203461325	shard_416_batch_0.tar	88493056	137428	368700928	1351188
8175	10742	AF-0000000203461247	shard_402_batch_0.tar	62266368	129718	826143232	1190244
8175	11299	AF-0000000203461317	shard_404_batch_0.tar	95343616	132401	1435922432	1227449
8175	13105	AF-0000000203461216	shard_912_batch_0.tar	156423168	171154	1872858624	2175165
8175	13437	AF-0000000203461248	shard_402_batch_0.tar	128703488	129470	768898560	1176468
8175	16692	AF-0000000203461246	shard_402_batch_0.tar	67716608	129265	376572416	1179532
8175	17472	AF-0000000211733674	shard_888_batch_0.tar	25026048	162140	1944278528	1914143
8176	16004	AF-0000000203889292	shard_436_batch_1.tar	78854656	147753	946547200	1464783
8176	16283	AF-0000000203889291	shard_434_batch_1.tar	31136768	145992	685266432	1454008
8177	9016	AF-0000000204520404	shard_232_batch_2.tar	11136512	62208	163500032	259969
8177	9777	AF-0000000204520360	shard_214_batch_2.tar	31063552	55401	168655360	200862
8177	10004	AF-0000000204520253	shard_328_batch_3.tar	28954112	99140	301909504	639504
8177	10574	AF-0000000204520369	shard_202_batch_2.tar	6642176	50244	133837312	163309
8177	11112	AF-0000000204520405	shard_228_batch_2.tar	43599360	60526	309835776	243652
8177	11242	AF-0000000204520395	shard_244_batch_2.tar	12624896	65853	147653120	293943
8177	13249	AF-0000000204520286	shard_226_batch_2.tar	43399680	59760	130456576	237746
8177	14593	AF-0000000204520398	shard_244_batch_2.tar	7030272	65502	261095936	295580
8177	15615	AF-0000000204520368	shard_202_batch_2.tar	23136256	50220	198239232	164614
8177	15646	AF-0000000204520397	shard_246_batch_2.tar	58869248	65923	338826752	295993
8177	15750	AF-0000000204520270	shard_200_batch_2.tar	19476992	49468	211258880	153919
8177	16666	AF-0000000204520287	shard_226_batch_2.tar	35497472	59973	286676992	236769
8179	8185	AF-0000000211733691	shard_1096_batch_0.tar	79213056	317424	5258553856	7992104
8179	8600	AF-0000000203497955	shard_1058_batch_0.tar	42367488	248454	3765332480	4486637
8179	8750	AF-0000000203497947	shard_964_batch_0.tar	164309504	189721	456306176	2585938
8179	8862	AF-0000000211733692	shard_1066_batch_0.tar	175766528	257807	1769780224	5114143
8179	9118	AF-0000000203497953	shard_1052_batch_0.tar	512	244778	2843341312	4411892
8179	9132	AF-0000000203497956	shard_1098_batch_0.tar	103143936	316383	931260416	7028454
8179	10125	AF-0000000203497946	shard_1090_batch_0.tar	201501696	298151	6959255040	6735052
8179	12294	AF-0000000203497949	shard_1130_batch_0.tar	182068224	293810	1407552512	6541212
8179	13391	AF-0000000203497961	shard_1164_batch_0.tar	101949952	338784	2554852352	8507014
8179	14547	AF-0000000203497945	shard_1096_batch_0.tar	190597120	314845	4645615616	7492441
8179	15177	AF-0000000203497948	shard_1038_batch_0.tar	21764608	235091	1657044992	4012353
8179	16563	AF-0000000203497950	shard_1090_batch_0.tar	11905536	301908	2992774144	6857273
8179	17551	AF-0000000203497943	shard_1134_batch_0.tar	147859456	295307	2635106304	6616633
8179	17685	AF-0000000203497942	shard_1070_batch_0.tar	248657920	264684	2884435456	5091611
8180	10023	AF-0000000203607966	shard_954_batch_0.tar	148804096	188411	1905735168	2553732
8180	11294	AF-0000000203607962	shard_1058_batch_0.tar	253351424	252979	1205638144	4674312
8181	11916	AF-0000000211733696	shard_433_batch_1.tar	102550528	146308	1376212480	1515288
8181	12671	AF-0000000206036466	shard_997_batch_1.tar	56704000	207751	3374684160	3234068
8181	13246	AF-0000000211733697	shard_913_batch_0.tar	113241600	167394	2233383936	1995764
8181	13380	AF-0000000206036499	shard_393_batch_1.tar	66115072	124904	1276090368	1091390
8181	14176	AF-0000000206036428	shard_451_batch_1.tar	5226496	160203	1569731584	1858385
8181	14326	AF-0000000206036481	shard_383_batch_1.tar	43966464	121300	780634624	1006544
8181	15428	AF-0000000206036426	shard_881_batch_0.tar	26029056	152709	1332066816	1701909
8181	17671	AF-0000000206036438	shard_437_batch_1.tar	134483456	147395	853608448	1577280
8184	9677	AF-0000000203789092	shard_374_batch_1.tar	90532352	114565	1132703232	948515
8184	10049	AF-0000000203789070	shard_422_batch_1.tar	1822720	139134	348242944	1374382
8184	10109	AF-0000000203789066	shard_444_batch_1.tar	90277376	152258	559662080	1645840
8184	10113	AF-0000000203789064	shard_412_batch_1.tar	120640000	133622	654183424	1275871
8184	10337	AF-0000000203789068	shard_444_batch_1.tar	22248960	151943	358592000	1669845
8184	10642	AF-0000000203789103	shard_386_batch_1.tar	82481152	118883	1231934976	1001538
8184	10689	AF-0000000203789106	shard_446_batch_1.tar	94134272	154552	690249728	1722578
8184	11686	AF-0000000203789069	shard_418_batch_1.tar	417280	136846	1499858944	1318903
8184	12006	AF-0000000203789067	shard_440_batch_1.tar	33813504	148781	1384285184	1600180
8184	12298	AF-0000000203789071	shard_438_batch_1.tar	125386240	147712	1059264512	1581938
8184	12367	AF-0000000203789104	shard_912_batch_0.tar	107750400	168438	1356307456	2157352
8184	12760	AF-0000000203789063	shard_414_batch_1.tar	76058112	133810	682590720	1291293
8184	13302	AF-0000000203789082	shard_982_batch_0.tar	191856640	198398	1912895488	2673011
8184	13499	AF-0000000203789088	shard_972_batch_0.tar	93988864	194119	2579977728	2632131
8184	14538	AF-0000000203789085	shard_384_batch_1.tar	17144320	117845	406012928	932091
8184	14641	AF-0000000203789098	shard_372_batch_1.tar	61037056	112779	533732864	921322
8184	14958	AF-0000000203789075	shard_442_batch_1.tar	52280320	149331	1085413888	1602801
8184	15411	AF-0000000203789072	shard_438_batch_1.tar	43674112	148396	1127262720	1602535
8184	16423	AF-0000000203789076	shard_922_batch_0.tar	80795136	173046	542949888	2173168
8184	16835	AF-0000000203789101	shard_362_batch_1.tar	12005888	108746	599702016	829569
8184	16919	AF-0000000211733711	shard_882_batch_0.tar	12167168	151286	480012288	1646578
8184	17497	AF-0000000203789113	shard_312_batch_0.tar	81719296	88413	357289472	514760
8185	8600	AF-0000000211733712	shard_1058_batch_0.tar	4569600	247829	4470400000	4488271
8185	8739	AF-0000000211733713	shard_1024_batch_0.tar	192849408	224860	576650752	3675520
8185	8750	AF-0000000211733714	shard_964_batch_0.tar	100222464	189572	1155308544	2580664
8185	9118	AF-0000000211733717	shard_1052_batch_0.tar	83946496	244580	766682112	4395057
8185	9132	AF-0000000211733718	shard_1098_batch_0.tar	109621248	315966	4137801728	6992584
8185	10125	AF-0000000211733719	shard_1090_batch_0.tar	142624768	298249	4695084032	6774834
8185	12294	AF-0000000211733724	shard_1130_batch_0.tar	54209024	293336	5010905600	6626318
8185	13391	AF-0000000211733726	shard_1164_batch_0.tar	202988544	338495	5879970816	8521774
8185	14547	AF-0000000211733729	shard_1096_batch_0.tar	49008128	314867	1230373376	7525110
8185	15125	AF-0000000211733730	shard_1032_batch_0.tar	88762368	232583	2893987328	3894870
8185	15177	AF-0000000211733731	shard_1038_batch_0.tar	90720768	234808	1792421888	4005092
8185	16563	AF-0000000211733735	shard_1090_batch_0.tar	237584896	302059	5620667904	6847535
8185	17551	AF-0000000211733736	shard_1134_batch_0.tar	296785920	294952	3001009152	6600236
8189	10596	AF-0000000203477883	shard_950_batch_0.tar	28640256	184503	1839122944	2447729
8190	15987	AF-0000000211733744	shard_286_batch_2.tar	47196672	79972	394464256	437682
8192	10037	AF-0000000203555545	shard_1040_batch_0.tar	100960768	238800	2827056640	4176574
8192	10931	AF-0000000211733745	shard_1042_batch_0.tar	179833344	239589	1223819264	4210106
8194	9310	AF-0000000211733747	shard_900_batch_2.tar	40246784	165387	769729024	1958474
8194	15132	AF-0000000204803606	shard_938_batch_2.tar	72414208	179692	708234240	2326006
8194	16469	AF-0000000211733748	shard_888_batch_2.tar	4496384	161862	554572288	1828946
8197	8991	AF-0000000204716984	shard_402_batch_4.tar	91193856	127362	1391543296	1063928
8197	9161	AF-0000000204716976	shard_438_batch_4.tar	38178816	143991	1783090688	1398671
8197	9889	AF-0000000211733767	shard_414_batch_4.tar	40265216	131030	1195276800	1136229
8197	10036	AF-0000000204716945	shard_318_batch_3.tar	21781504	90505	614909440	580372
8197	10128	AF-0000000204716983	shard_390_batch_4.tar	67809280	121443	966546944	964544
8197	10399	AF-0000000204716977	shard_390_batch_4.tar	86031360	119551	618545152	940705
8197	11671	AF-0000000204716986	shard_400_batch_4.tar	49795072	126822	424196608	1040448
8197	11948	AF-0000000204716981	shard_360_batch_3.tar	94935552	105893	271277568	756070
8197	12382	AF-0000000204716978	shard_360_batch_3.tar	70786048	109372	762943488	775937
8197	13015	AF-0000000204716958	shard_390_batch_4.tar	72882176	122245	1274291712	967134
8197	13148	AF-0000000204716982	shard_396_batch_4.tar	64475648	121874	315722752	972109
8197	13306	AF-0000000204716980	shard_386_batch_4.tar	82878464	118290	665162240	915772
8197	13420	AF-0000000204716979	shard_380_batch_4.tar	70835712	115472	907081216	879025
8197	14864	AF-0000000204716985	shard_410_batch_4.tar	109485056	131155	841865728	1164753
8197	15008	AF-0000000211733772	shard_400_batch_4.tar	28696576	126171	1123547136	1034014
8197	15386	AF-0000000211733775	shard_450_batch_4.tar	47482368	157181	1672963072	1665148
8197	15756	AF-0000000204716975	shard_340_batch_3.tar	13963264	100037	652252672	653231
8197	17138	AF-0000000204716968	shard_392_batch_4.tar	24019968	120331	831188992	997870
8199	11083	AF-0000000204734402	shard_1147_batch_0.tar	27747328	307572	5494836736	6887775
8199	11666	AF-0000000204734412	shard_1038_batch_2.tar	10680832	231827	1470799872	3904224
8199	16770	AF-0000000204734403	shard_1149_batch_0.tar	103682560	310391	5478001664	7061056
8200	14302	AF-0000000203954405	shard_1118_batch_0.tar	36078592	285185	2053340160	6324551
8202	17416	AF-0000000204618728	shard_950_batch_2.tar	25938432	184323	763392512	2524559
8208	12860	AF-0000000203855052	shard_1074_batch_0.tar	38515200	269606	720537600	5443823
8211	10846	AF-0000000206017940	shard_307_batch_0.tar	10338304	85567	683253248	508220
8211	16696	AF-0000000206017939	shard_311_batch_0.tar	61572096	85481	720578048	519901
8212	11662	AF-0000000205947318	shard_222_batch_4.tar	7454720	59728	248657920	213082
8212	11808	AF-0000000205947324	shard_288_batch_4.tar	10135552	82173	183936512	418034
8212	12958	AF-0000000205947326	shard_236_batch_4.tar	49762304	65088	266085888	257081
8213	14611	AF-0000000203851825	shard_244_batch_0.tar	34879488	66119	324161024	277180
8215	8401	AF-0000000206007171	shard_417_batch_1.tar	131260928	135724	859926528	1298317
8215	10048	AF-0000000206007007	shard_927_batch_0.tar	147734528	174667	984829952	2238616
8215	10079	AF-0000000206006939	shard_178_batch_4.tar	26594816	39721	114435584	84752
8215	10575	AF-0000000206007192	shard_176_batch_4.tar	31907840	36289	145495552	68311
8215	11062	AF-0000000206007097	shard_237_batch_0.tar	11275776	61501	243738112	244386
8215	11381	AF-0000000206006940	shard_178_batch_4.tar	12567040	37669	74582016	74479
8215	12011	AF-0000000206007159	shard_333_batch_0.tar	78813184	97808	752335360	634163
8215	12440	AF-0000000206006912	shard_443_batch_1.tar	2137600	153176	844744704	1510982
8215	12888	AF-0000000206007053	shard_188_batch_4.tar	40614912	43671	116835840	114559
8215	12924	AF-0000000206006938	shard_178_batch_4.tar	13863936	39670	142406656	83132
8215	13061	AF-0000000206007067	shard_255_batch_0.tar	17413632	69630	362636800	326974
8215	13681	AF-0000000211745876	shard_226_batch_4.tar	48510464	59459	178960896	223614
8215	14126	AF-0000000206006949	shard_176_batch_4.tar	25288704	37475	93973504	77369
8215	14445	AF-0000000206006941	shard_178_batch_4.tar	37414912	38015	95795712	77691
8215	14952	AF-0000000206007052	shard_186_batch_4.tar	36744704	42959	167055360	110970
8215	15537	AF-0000000206007185	shard_293_batch_0.tar	60779008	81876	482263552	444495
8215	15574	AF-0000000206006942	shard_180_batch_4.tar	7514112	39274	102816256	85902
8215	16327	AF-0000000211745881	shard_182_batch_4.tar	39312384	41301	124236800	97267
8215	16540	AF-0000000206007047	shard_178_batch_4.tar	22176768	37876	82435584	75346
8215	16546	AF-0000000206007141	shard_238_batch_4.tar	512	61848	377392128	247701
8215	16782	AF-0000000211745884	shard_184_batch_4.tar	9742336	41476	161537536	98691
8216	8293	AF-0000000206025591	shard_323_batch_0.tar	65616896	97164	507620352	608274
8218	12566	AF-0000000203526058	shard_990_batch_0.tar	95448576	207618	519300096	2997239
8218	17376	AF-0000000203526060	shard_1064_batch_0.tar	17985024	260503	1127482368	4800066
8221	9049	AF-0000000204734488	shard_184_batch_2.tar	42700288	41279	124931072	107080
8221	9060	AF-0000000204734487	shard_182_batch_2.tar	20190720	40795	98578432	104095
8221	12322	AF-0000000204734469	shard_406_batch_4.tar	75912704	126226	1385821696	1202024
8221	13498	AF-0000000211745893	shard_416_batch_4.tar	50502656	131907	959287296	1304041
8221	16440	AF-0000000204734468	shard_416_batch_4.tar	17593856	131165	369603584	1312209
8225	8517	AF-0000000211745900	shard_268_batch_0.tar	16805376	74219	154114048	362756
8225	9419	AF-0000000203606043	shard_366_batch_0.tar	95229440	111934	375847424	870650
8225	9518	AF-0000000211745907	shard_318_batch_0.tar	42634752	92048	376207872	580841
8225	9670	AF-0000000203606078	shard_222_batch_0.tar	22197760	56420	314767360	211035
8225	9997	AF-0000000211745908	shard_984_batch_0.tar	139089408	200844	2446652928	2887082
8225	10036	AF-0000000203606075	shard_214_batch_0.tar	5262336	53749	149111296	187540
8225	10327	AF-0000000203606083	shard_214_batch_0.tar	47174656	54207	174230528	191109
8225	10403	AF-0000000203606039	shard_240_batch_0.tar	34644480	64969	292268544	270368
8225	10620	AF-0000000203606138	shard_256_batch_0.tar	48944128	70833	309326336	326613
8225	10666	AF-0000000203606085	shard_220_batch_0.tar	10757120	55843	284071936	204115
8225	11253	AF-0000000203606080	shard_222_batch_0.tar	35757568	56419	180555776	209814
8225	12258	AF-0000000203606079	shard_212_batch_0.tar	33554944	53502	192765440	186462
8225	12447	AF-0000000203606092	shard_216_batch_0.tar	22292480	55362	227484672	196848
8225	12598	AF-0000000203606076	shard_214_batch_0.tar	22700544	53697	245848064	188314
8225	13171	AF-0000000203606086	shard_220_batch_0.tar	54036992	56843	152087552	208097
8225	13261	AF-0000000203606040	shard_250_batch_0.tar	25618944	68700	206269440	307468
8225	13866	AF-0000000211745913	shard_346_batch_0.tar	6374912	105559	410660864	751353
8225	14080	AF-0000000203606093	shard_214_batch_0.tar	16780800	54406	260404224	191103
8225	14081	AF-0000000203606077	shard_222_batch_0.tar	16192000	56908	308404224	215042
8225	14167	AF-0000000203606091	shard_220_batch_0.tar	37801472	56120	223505408	204047
8225	15038	AF-0000000203606084	shard_218_batch_0.tar	54022144	55050	300088320	200458
8225	15079	AF-0000000203606170	shard_276_batch_0.tar	59243008	77138	164743168	410568
8225	15367	AF-0000000203606090	shard_212_batch_0.tar	8821760	53407	286698496	183514
8225	15439	AF-0000000203606087	shard_262_batch_0.tar	28098048	71699	488070656	344850
8225	15585	AF-0000000203606088	shard_222_batch_0.tar	20255744	57033	291524608	211458
8225	15620	AF-0000000203606082	shard_216_batch_0.tar	28459520	54378	154052608	193464
8225	16460	AF-0000000203606116	shard_892_batch_0.tar	149782528	162072	1577058304	1888754
8225	17064	AF-0000000203606081	shard_208_batch_0.tar	42129920	52536	234992128	176836
8225	17583	AF-0000000203606089	shard_216_batch_0.tar	43115520	54904	277050368	196344
8228	11026	AF-0000000206041093	shard_385_batch_1.tar	61540864	119607	580152320	1045066
8228	11091	AF-0000000206041112	shard_381_batch_1.tar	48773120	117349	958510080	1006847
8228	12266	AF-0000000206040997	shard_1023_batch_1.tar	162364416	226223	2786640896	3573115
8228	12419	AF-0000000206041125	shard_403_batch_1.tar	71332352	129585	1258585600	1211833
8228	12679	AF-0000000206041023	shard_369_batch_1.tar	28761600	110447	684589056	942508
8228	13039	AF-0000000206041024	shard_415_batch_1.tar	46712320	134436	1229945344	1361133
8228	14560	AF-0000000206041091	shard_377_batch_1.tar	63043584	114058	303073792	970808
8228	15322	AF-0000000206041017	shard_409_batch_1.tar	38153728	131874	1441165312	1297300
8228	15500	AF-0000000206041086	shard_323_batch_0.tar	54658048	93733	282476032	637489
8228	15703	AF-0000000206040984	shard_445_batch_1.tar	69667328	154193	540277760	1690657
8228	16598	AF-0000000206041113	shard_415_batch_1.tar	4503040	132205	1096162304	1270078
8229	8454	AF-0000000205952006	shard_449_batch_1.tar	2368000	156228	893584896	1762118
8229	9677	AF-0000000205952007	shard_405_batch_0.tar	3389440	130788	463385088	1220520
8229	14680	AF-0000000205952022	shard_399_batch_0.tar	97034752	127842	977595904	1173018
8230	8468	AF-0000000203454313	shard_424_batch_0.tar	78523392	139610	1592599552	1400320
8232	14068	AF-0000000203997366	shard_364_batch_1.tar	85758464	109716	370656768	817592
8233	12066	AF-0000000204041331	shard_238_batch_0.tar	325632	64417	194942976	268107
8233	14126	AF-0000000204041330	shard_184_batch_0.tar	15643648	42454	127357952	106006
8233	16154	AF-0000000204041326	shard_190_batch_0.tar	13321728	45829	91602944	129834
8238	9970	AF-0000000211745956	shard_364_batch_0.tar	22776832	113185	660976128	911671
8238	11552	AF-0000000211745959	shard_424_batch_0.tar	29362176	140543	886944256	1461186
8238	13427	AF-0000000211745965	shard_360_batch_0.tar	47559680	110935	980594688	841922
8240	9558	AF-0000000204608839	shard_444_batch_3.tar	44637696	152839	1195308544	1641819
8240	10590	AF-0000000204608851	shard_916_batch_2.tar	19426304	168562	813083648	2067816
8240	11697	AF-0000000204608838	shard_444_batch_3.tar	52529152	152970	561912320	1636645
8241	13021	AF-0000000211745977	shard_388_batch_1.tar	5032448	122911	1168306688	1057147
8242	15841	AF-0000000205935056	shard_897_batch_0.tar	76106240	160969	1765533184	1884112
8243	14095	AF-0000000203464853	shard_958_batch_0.tar	34582016	186191	2626520064	2549197
8243	14829	AF-0000000211745981	shard_1004_batch_0.tar	84412416	208675	1552111104	3253620
8244	12362	AF-0000000206027399	shard_405_batch_1.tar	2486784	130176	452815872	1169347
8246	8963	AF-0000000205971098	shard_981_batch_0.tar	126311424	195529	2232973312	2862262
8249	8574	AF-0000000204181859	shard_416_batch_2.tar	30458880	138848	1434692096	1345481
8249	8877	AF-0000000204181827	shard_376_batch_2.tar	42125312	118201	670743552	979994
8249	8882	AF-0000000204181826	shard_376_batch_2.tar	22774784	118259	677450240	985230
8249	9122	AF-0000000204181871	shard_398_batch_2.tar	122563584	129897	387667456	1190934
8249	10004	AF-0000000204181842	shard_414_batch_2.tar	26198016	140325	711602688	1358318
8249	10131	AF-0000000204181867	shard_374_batch_2.tar	52267008	117284	675069440	978638
8249	11102	AF-0000000204181858	shard_416_batch_2.tar	67678720	138619	1142703104	1349070
8249	13039	AF-0000000204181862	shard_408_batch_2.tar	12080640	133418	1179657728	1303044
8249	15623	AF-0000000204181839	shard_442_batch_2.tar	66006016	148111	364096000	1596898
8253	9986	AF-0000000206005876	shard_395_batch_1.tar	102142976	126063	1092134912	1076728
8255	8605	AF-0000000211745997	shard_1038_batch_0.tar	199233024	235773	2632877056	4083382
8255	11240	AF-0000000203608377	shard_406_batch_0.tar	96810496	132323	1071481344	1219101
8255	12714	AF-0000000203608358	shard_924_batch_0.tar	58918400	175386	497993216	2136768
8255	15720	AF-0000000203608373	shard_406_batch_0.tar	19108864	132412	529593344	1222046
8257	11386	AF-0000000204245713	shard_224_batch_1.tar	33545728	58962	150429184	218215
8257	11581	AF-0000000204245706	shard_270_batch_1.tar	57570816	76081	199992832	374095
8257	16052	AF-0000000211746009	shard_998_batch_1.tar	78905344	211503	1819670016	3205809
8257	16222	AF-0000000204245707	shard_304_batch_2.tar	54281216	86855	170271232	526844
8257	16534	AF-0000000211746010	shard_316_batch_2.tar	50566144	92032	228733440	587212
8258	13106	AF-0000000204841376	shard_1001_batch_0.tar	165093888	209522	3442388480	3095985
8258	17134	AF-0000000204841378	shard_999_batch_0.tar	32478208	207393	1776705536	3068926
8259	14376	AF-0000000204100824	shard_930_batch_1.tar	144742912	173848	1997160448	2067005
8264	11299	AF-0000000205994954	shard_361_batch_0.tar	34535936	110325	860252160	902746
8264	11414	AF-0000000205994930	shard_333_batch_0.tar	81492992	95026	664619520	702078
8264	14452	AF-0000000205994946	shard_321_batch_0.tar	66035200	91542	685931520	639150
8264	16034	AF-0000000205994912	shard_315_batch_0.tar	74520576	90362	519470080	602085
8265	15402	AF-0000000211746024	shard_378_batch_3.tar	30712320	115247	1174664192	954624
8267	9169	AF-0000000211746025	shard_238_batch_4.tar	48858112	63230	127989760	265201
8267	10313	AF-0000000206001452	shard_212_batch_4.tar	15897600	55559	129415680	191986
8267	11139	AF-0000000206001527	shard_347_batch_0.tar	22606336	103965	931563520	777872
8267	11383	AF-0000000206001445	shard_252_batch_4.tar	31335936	70473	199653888	323405
8267	13249	AF-0000000206001443	shard_252_batch_4.tar	37383168	70092	197468160	328378
8267	13586	AF-0000000206001428	shard_291_batch_0.tar	13849600	83649	584316416	453528
8267	14327	AF-0000000206001536	shard_313_batch_0.tar	49780224	92637	198894080	585431
8267	15401	AF-0000000206001442	shard_252_batch_4.tar	40251904	70399	403150336	328005
8267	16666	AF-0000000206001444	shard_252_batch_4.tar	51686400	70385	277062656	322946
8268	9813	AF-0000000203632310	shard_950_batch_0.tar	87674368	183723	1625932288	2412400
8268	15170	AF-0000000203632308	shard_404_batch_0.tar	18042880	131581	1204026368	1174430
8270	11255	AF-0000000211746029	shard_358_batch_1.tar	63195648	110506	572931072	850222
8270	13445	AF-0000000211746030	shard_328_batch_1.tar	41510400	96273	415882752	657596
8270	16865	AF-0000000211746032	shard_410_batch_1.tar	77971456	134466	1125486080	1266036
8271	11543	AF-0000000204678814	shard_972_batch_2.tar	73424896	189302	309685248	2732038
8273	11053	AF-0000000203994608	shard_332_batch_1.tar	24271360	97792	746834432	692589
8273	14290	AF-0000000203994610	shard_346_batch_1.tar	61327360	103896	708144640	739495
8275	12669	AF-0000000204112343	shard_266_batch_1.tar	33317376	74751	478365696	382914
8275	14978	AF-0000000204112342	shard_264_batch_1.tar	147456	74809	197879296	380201
8278	8797	AF-0000000211746038	shard_368_batch_4.tar	1946112	115932	671057408	854919
8278	11385	AF-0000000211746041	shard_370_batch_4.tar	61056512	117341	393679360	866218
8278	11386	AF-0000000211746042	shard_370_batch_4.tar	87429120	117603	286821376	889548
8278	11577	AF-0000000211746043	shard_368_batch_4.tar	106910208	116075	896116736	873132
8278	11578	AF-0000000211746044	shard_366_batch_4.tar	28646400	114958	648550912	833784
8279	12353	AF-0000000205952944	shard_951_batch_0.tar	35727872	189016	2413381632	2273045
8279	13111	AF-0000000205952949	shard_949_batch_0.tar	136279552	187473	1950918144	2260969
8279	15575	AF-0000000205952930	shard_921_batch_0.tar	47619072	175049	673019904	1991784
8279	17467	AF-0000000205952942	shard_1095_batch_1.tar	134476288	316891	4694365184	6947200
8281	10004	AF-0000000204594508	shard_392_batch_3.tar	124213760	125506	644993536	1075735
8283	10273	AF-0000000204104964	shard_898_batch_1.tar	35320320	156507	1258862592	1877607
8283	11582	AF-0000000204104962	shard_898_batch_1.tar	66502656	158650	1319802368	1860439
8283	16143	AF-0000000204104963	shard_904_batch_1.tar	143988736	159071	2248109056	1909964
8285	17135	AF-0000000205978608	shard_1013_batch_0.tar	69919232	217902	536460800	3202041
8286	12774	AF-0000000211746059	shard_926_batch_1.tar	26568704	171248	1645255680	2038969
8286	14231	AF-0000000211746062	shard_920_batch_1.tar	135916544	169099	2093353984	2001214
8286	15197	AF-0000000211746063	shard_924_batch_1.tar	145219584	171218	432445440	2053531
8286	16479	AF-0000000211746068	shard_928_batch_1.tar	104197632	173262	634610688	2100722
8286	17136	AF-0000000211746070	shard_928_batch_1.tar	135636992	173327	2132468736	2086389
8291	9318	AF-0000000211746074	shard_420_batch_1.tar	84292608	141461	884016128	1381044
8291	11316	AF-0000000203719623	shard_334_batch_0.tar	58214912	99708	719565824	716199
8293	8428	AF-0000000203557332	shard_886_batch_0.tar	5752832	160938	828169728	1843998
8293	9016	AF-0000000203557241	shard_362_batch_0.tar	17068032	112608	1053743616	882225
8293	9903	AF-0000000211746083	shard_970_batch_0.tar	140368896	196025	2819022848	2777531
8293	10279	AF-0000000203557188	shard_984_batch_0.tar	22163968	202903	1514686464	2945362
8293	10418	AF-0000000203557248	shard_324_batch_0.tar	49602560	97553	627205632	624917
8293	10460	AF-0000000203557246	shard_336_batch_0.tar	93209088	101604	408481280	696559
8293	10566	AF-0000000203557233	shard_376_batch_0.tar	10435584	119106	296424448	964577
8293	11112	AF-0000000203557242	shard_358_batch_0.tar	85129728	110755	899485184	854863
8293	11242	AF-0000000203557232	shard_372_batch_0.tar	98202624	116200	530894848	948197
8293	11299	AF-0000000203557298	shard_350_batch_0.tar	38606336	107095	364460032	758455
8293	12652	AF-0000000203557189	shard_902_batch_0.tar	137705472	166473	912927232	1963594
8293	13210	AF-0000000203557162	shard_384_batch_0.tar	6044160	122037	484987392	1030449
8293	14309	AF-0000000203557296	shard_326_batch_0.tar	59847680	98470	328518144	641761
8293	14394	AF-0000000203557297	shard_956_batch_0.tar	184217600	189183	1464286208	2494672
8293	14593	AF-0000000203557235	shard_372_batch_0.tar	54910464	115974	628416000	956801
8293	16072	AF-0000000203557334	shard_446_batch_0.tar	145386496	155828	431985152	1697124
8293	16449	AF-0000000203557220	shard_324_batch_0.tar	64843776	96871	518401024	634030
8293	16885	AF-0000000203557257	shard_418_batch_0.tar	63464448	140668	1453296640	1354828
8293	17436	AF-0000000203557259	shard_350_batch_0.tar	98254336	108206	880412672	782317
8293	17576	AF-0000000203557141	shard_430_batch_0.tar	8017920	146258	954711552	1477373
8297	8850	AF-0000000205958469	shard_357_batch_0.tar	39175168	107409	957420032	818234
8297	9258	AF-0000000205958295	shard_339_batch_0.tar	81272320	99966	797644288	707128
8297	10313	AF-0000000205958269	shard_309_batch_0.tar	17842176	88847	442427904	533769
8297	10362	AF-0000000205958320	shard_357_batch_0.tar	30900224	107170	259800064	796035
8297	10460	AF-0000000205958383	shard_327_batch_0.tar	12775936	94969	195629568	619828
8297	10600	AF-0000000205958301	shard_313_batch_0.tar	35494912	90062	486656512	561418
8297	11010	AF-0000000205958408	shard_337_batch_0.tar	57428480	97871	622745600	673181
8297	11101	AF-0000000205958223	shard_935_batch_0.tar	88360448	177419	1396503552	2306129
8297	11383	AF-0000000205958260	shard_347_batch_0.tar	40302080	103648	627148288	753388
8297	11825	AF-0000000205958253	shard_891_batch_0.tar	108108800	160313	1176881664	1890798
8297	12210	AF-0000000205958319	shard_357_batch_0.tar	36566528	107456	492118528	795409
8297	12244	AF-0000000205958268	shard_309_batch_0.tar	10685440	88353	361018368	526341
8297	12910	AF-0000000205958267	shard_309_batch_0.tar	28280832	88594	484825088	531142
8297	13674	AF-0000000205958225	shard_939_batch_0.tar	68303872	179120	2051449344	2355657
8297	13759	AF-0000000205958410	shard_353_batch_0.tar	16634368	106255	515545600	774482
8297	14079	AF-0000000205958316	shard_313_batch_0.tar	49230336	90467	296423424	563229
8297	14136	AF-0000000205958451	shard_389_batch_0.tar	36033024	120648	745346560	1063605
8297	14596	AF-0000000205958463	shard_401_batch_0.tar	3226624	126853	1296186880	1161395
8297	14630	AF-0000000205958315	shard_313_batch_0.tar	67422208	90358	524738560	562360
8297	14813	AF-0000000205958300	shard_315_batch_0.tar	56658944	90105	596425216	560717
8297	15365	AF-0000000205958314	shard_313_batch_0.tar	26091520	90588	703912960	564569
8297	16276	AF-0000000205958299	shard_315_batch_0.tar	52794368	90658	450461696	566771
8297	17257	AF-0000000205958336	shard_347_batch_0.tar	57116672	102526	320411136	753838
8301	9003	AF-0000000203526497	shard_1046_batch_0.tar	228645376	237254	1765961728	4208375
8306	10514	AF-0000000211746136	shard_960_batch_0.tar	114971136	190189	2321827840	2432473
8306	10903	AF-0000000211746137	shard_908_batch_0.tar	1524736	168631	2302616576	1937034
8307	11622	AF-0000000205984566	shard_355_batch_0.tar	92679168	104797	803426304	760989
8307	14363	AF-0000000205984569	shard_1001_batch_1.tar	208087040	206426	2485424640	2923171
8308	8658	AF-0000000211746151	shard_414_batch_4.tar	117739008	136215	823502848	1234475
8308	9418	AF-0000000211746161	shard_372_batch_4.tar	96234496	116429	396364288	903110
8308	9456	AF-0000000211746162	shard_422_batch_4.tar	133297152	138900	1325904896	1399593
8308	10098	AF-0000000211746174	shard_898_batch_2.tar	50044928	164534	584200192	1738722
8308	11498	AF-0000000211746193	shard_300_batch_3.tar	40731136	85487	557566464	492933
8308	11713	AF-0000000211746197	shard_324_batch_4.tar	26836992	95433	645944832	616914
8308	14772	AF-0000000211746234	shard_436_batch_4.tar	128852992	145418	1633084928	1464733
8308	15083	AF-0000000211746236	shard_880_batch_2.tar	55679488	151165	693517312	1660451
8308	16179	AF-0000000211746257	shard_416_batch_4.tar	77794816	137737	1197876224	1369844
8309	12487	AF-0000000205967585	shard_1175_batch_0.tar	39648768	367604	2654557184	8922166
8309	16221	AF-0000000205967584	shard_1175_batch_0.tar	222247424	369185	2522018304	8861459
8309	17046	AF-0000000205967588	shard_957_batch_0.tar	168134656	188634	2638074368	2321766
8309	17528	AF-0000000205967587	shard_1065_batch_1.tar	185286144	262934	1513541120	4607024
8311	10601	AF-0000000204745137	shard_954_batch_2.tar	91293696	185213	1215901696	2621377
8312	12980	AF-0000000205963672	shard_1033_batch_0.tar	189933056	231851	3753421824	3964209
8312	17236	AF-0000000205963678	shard_413_batch_1.tar	119245312	133998	922430976	1285226
8313	12846	AF-0000000205973409	shard_1029_batch_0.tar	223200256	230239	1763466752	3947050
8313	15371	AF-0000000205973408	shard_961_batch_0.tar	78248960	190841	413191168	2706377
8316	17257	AF-0000000203890000	shard_366_batch_1.tar	47152128	109747	647509504	841390
8319	9435	AF-0000000211746298	shard_1062_batch_1.tar	103365120	260306	612791296	4837946
8319	15149	AF-0000000211746337	shard_1058_batch_1.tar	38868480	257628	4977552896	4617013
8323	8734	AF-0000000211746356	shard_1106_batch_0.tar	110891520	278196	4419066880	5353382
8323	9569	AF-0000000211746362	shard_1014_batch_0.tar	142569472	216877	3523561984	3147890
8323	11492	AF-0000000211746373	shard_970_batch_0.tar	146786304	195375	2064576512	2501279
8323	13197	AF-0000000211746384	shard_1000_batch_0.tar	154484224	206725	1955323392	2892456
8323	16222	AF-0000000211746397	shard_950_batch_0.tar	178872320	183011	1655057920	2275595
8323	17676	AF-0000000211746408	shard_912_batch_0.tar	25578496	167156	823026176	1873003
8325	10620	AF-0000000206052201	shard_425_batch_1.tar	59024384	143178	629959168	1317911
8325	10932	AF-0000000211746413	shard_435_batch_1.tar	120413184	148176	826928128	1471349
8325	11437	AF-0000000206052183	shard_399_batch_1.tar	21818368	127507	351627264	1078518
8325	12056	AF-0000000206052179	shard_397_batch_1.tar	124364800	127239	636766208	1057748
8325	12108	AF-0000000206052180	shard_397_batch_1.tar	14039552	127715	874899456	1065967
8325	12558	AF-0000000206052194	shard_947_batch_1.tar	50211840	181801	921234432	2262786
8325	13307	AF-0000000206052163	shard_905_batch_0.tar	42727424	167351	733193728	1879892
8325	13418	AF-0000000206052221	shard_945_batch_1.tar	35737600	182375	2378427904	2238870
8325	13920	AF-0000000206052182	shard_397_batch_1.tar	37006848	126805	933880320	1043095
8325	15763	AF-0000000206052155	shard_913_batch_0.tar	36146688	169916	2090025472	1967387
8326	15229	AF-0000000204678925	shard_1062_batch_2.tar	40291840	251916	2501441024	4664179
8327	9819	AF-0000000203888791	shard_988_batch_0.tar	41130496	201444	3299458048	2921364
8330	8975	AF-0000000204809424	shard_1069_batch_0.tar	123756032	266023	3689215488	5396385
8330	11573	AF-0000000204809411	shard_432_batch_4.tar	122863104	147527	1187718656	1571124
8330	12541	AF-0000000204809410	shard_960_batch_2.tar	17495552	193358	336259584	2719907
8330	12747	AF-0000000204809409	shard_960_batch_2.tar	14082560	193635	1363302912	2723580
8330	12968	AF-0000000204809404	shard_1008_batch_2.tar	30097920	217775	1130065408	3566924
8330	13835	AF-0000000204809420	shard_988_batch_2.tar	52102144	207020	1365628928	3183385
8330	15302	AF-0000000204809415	shard_968_batch_2.tar	68544000	196946	526593536	2854433
8330	15672	AF-0000000204809407	shard_1008_batch_2.tar	16946176	217825	697956864	3557595
8330	15792	AF-0000000204809423	shard_1069_batch_0.tar	68745216	266341	5043713024	5400358
8330	16888	AF-0000000204809412	shard_432_batch_4.tar	137645568	147647	1494050816	1571409
8332	9324	AF-0000000204003907	shard_944_batch_1.tar	45575680	179781	507906048	2206521
8332	9470	AF-0000000211746432	shard_426_batch_2.tar	87799296	141159	739043840	1367851
8332	9669	AF-0000000204003903	shard_424_batch_2.tar	81127424	140348	297517056	1340551
8332	10300	AF-0000000204003906	shard_426_batch_2.tar	7139840	141730	1121341440	1359202
8332	10449	AF-0000000204003901	shard_424_batch_2.tar	51595776	140871	450665472	1349571
8332	10498	AF-0000000204003899	shard_436_batch_2.tar	73780224	147835	1626633728	1496097
8332	11452	AF-0000000204003905	shard_424_batch_2.tar	49460224	140252	525532160	1328278
8332	12203	AF-0000000211746434	shard_426_batch_2.tar	131045888	141601	1092961280	1373098
8332	12727	AF-0000000204003895	shard_434_batch_2.tar	41173504	145883	331113984	1422466
8332	12796	AF-0000000211746436	shard_434_batch_2.tar	124631040	145421	1742340608	1449977
8332	14218	AF-0000000204003894	shard_898_batch_1.tar	125248512	164103	1139574784	1882661
8332	14376	AF-0000000204003897	shard_994_batch_1.tar	96495104	206318	2577010176	2839161
8332	14606	AF-0000000211746437	shard_980_batch_1.tar	176854528	199728	2683170816	2689175
8332	15987	AF-0000000204003904	shard_424_batch_2.tar	19875328	140782	1420466688	1362498
8333	9033	AF-0000000206049576	shard_455_batch_1.tar	31802880	164020	1114688000	1930531
8333	11816	AF-0000000206049579	shard_441_batch_1.tar	43484160	151321	636392960	1691078
8333	11846	AF-0000000206049578	shard_891_batch_0.tar	122984960	160901	1998577664	1908245
8333	13861	AF-0000000206049587	shard_403_batch_1.tar	44843520	130728	1026346496	1251785
8333	14556	AF-0000000206049571	shard_413_batch_1.tar	65184256	135272	1273361408	1349843
8333	17034	AF-0000000206049574	shard_403_batch_1.tar	33521664	130562	703353344	1257301
8333	17345	AF-0000000206049586	shard_401_batch_1.tar	1163264	129296	633944064	1246229
8334	11452	AF-0000000211746444	shard_304_batch_2.tar	55774208	87684	689046016	520890
8334	11703	AF-0000000204259113	shard_308_batch_2.tar	4049408	89856	416335872	556152
8335	11700	AF-0000000203855579	shard_948_batch_0.tar	929792	182193	862637568	2429498
8335	13302	AF-0000000203855560	shard_1028_batch_0.tar	150374912	226901	1001063424	3641984
8335	14615	AF-0000000203855553	shard_444_batch_1.tar	113474560	151623	1469059072	1693554
8343	10195	AF-0000000203538015	shard_432_batch_0.tar	88429568	142746	805187584	1557554
8343	12544	AF-0000000203538010	shard_440_batch_0.tar	107487744	146572	654184960	1656011
8343	14945	AF-0000000211746458	shard_936_batch_0.tar	130995200	175438	2469452800	2346387
8343	15046	AF-0000000203538011	shard_440_batch_0.tar	29058048	146586	1217414144	1657228
8343	15929	AF-0000000203538013	shard_416_batch_0.tar	72955392	133150	455583744	1356234
8347	11690	AF-0000000203503155	shard_406_batch_0.tar	104030720	132174	767316480	1263053
8351	9486	AF-0000000211746471	shard_450_batch_3.tar	71202304	158866	1090583552	1660683
8354	11737	AF-0000000204608798	shard_1078_batch_2.tar	68843008	277369	327546368	5569145
8355	9759	AF-0000000205984724	shard_1127_batch_0.tar	93169152	294060	3542697984	6041659
8357	8362	AF-0000000205946578	shard_1069_batch_1.tar	134797824	262502	4383439360	5306993
8361	8425	AF-0000000203551757	shard_1002_batch_0.tar	178277888	214171	967484416	2964135
8361	9471	AF-0000000203551753	shard_996_batch_0.tar	81235968	208992	3067410432	2956173
8361	10231	AF-0000000211746493	shard_1082_batch_0.tar	235019264	289941	1381922304	6068978
8361	11166	AF-0000000203551724	shard_452_batch_0.tar	103151104	161050	770099200	1686156
8362	9607	AF-0000000206048196	shard_427_batch_1.tar	85865472	141143	1374874624	1487751
8362	10231	AF-0000000211746505	shard_981_batch_1.tar	28523008	200266	911812608	2644917
8362	10331	AF-0000000206048128	shard_907_batch_0.tar	86901248	166469	906456064	1991277
8362	11856	AF-0000000206048167	shard_449_batch_1.tar	100856320	156138	566672896	1672299
8362	12849	AF-0000000206048127	shard_925_batch_0.tar	150131200	172839	2185472512	2200371
8362	14887	AF-0000000206048138	shard_401_batch_1.tar	61737472	127768	913048576	1179334
8362	16192	AF-0000000206048187	shard_367_batch_1.tar	75051520	111403	715079680	878348
8362	16514	AF-0000000206048120	shard_1015_batch_1.tar	145896448	220097	2867335168	3476057
8362	17361	AF-0000000206048174	shard_285_batch_0.tar	66703872	79235	495257600	426651
8365	11424	AF-0000000211746515	shard_998_batch_0.tar	13408256	205138	724479488	2939950
8367	8550	AF-0000000204694698	shard_404_batch_4.tar	118210560	130491	924631552	1172196
8369	10773	AF-0000000204619334	shard_996_batch_2.tar	9418240	210473	1103010304	2940516
8369	12383	AF-0000000204619383	shard_1000_batch_2.tar	34575872	209216	1452210688	3000998
8369	12440	AF-0000000204619342	shard_1062_batch_2.tar	50829312	258734	1999433728	4303085
8369	12824	AF-0000000204619390	shard_902_batch_2.tar	52281856	165080	471564800	1761489
8369	15359	AF-0000000204619358	shard_1082_batch_2.tar	182959104	283258	4245430272	5486131
8369	17340	AF-0000000204619387	shard_426_batch_4.tar	30594048	142054	443589120	1307647
8369	17508	AF-0000000204619374	shard_954_batch_2.tar	18544128	184031	761131520	2289358
8370	13341	AF-0000000206000431	shard_391_batch_1.tar	45904896	122606	1263272960	994187
8371	11314	AF-0000000204004178	shard_444_batch_2.tar	110472704	155247	817072640	1742823
8371	15342	AF-0000000204004203	shard_954_batch_1.tar	125750272	187269	2083840000	2531535
8372	12920	AF-0000000211746529	shard_380_batch_1.tar	38987264	119446	933620224	996352
8372	13173	AF-0000000211746530	shard_378_batch_1.tar	68948992	119133	568514048	984941
8372	14447	AF-0000000203977703	shard_388_batch_1.tar	49332224	123357	967863296	1065942
8374	8837	AF-0000000204101072	shard_908_batch_1.tar	126304768	166994	1475359232	2021357
8374	9043	AF-0000000204101074	shard_914_batch_1.tar	115817472	169271	1296117760	2065765
8374	10205	AF-0000000211746535	shard_1170_batch_0.tar	131777536	354774	2631804928	9441418
8374	10510	AF-0000000204101066	shard_1154_batch_0.tar	277789696	309999	6457179648	6813626
8374	13053	AF-0000000204101000	shard_428_batch_2.tar	102893056	144345	362017280	1537178
8374	15616	AF-0000000204101001	shard_430_batch_2.tar	14821376	145586	1743923200	1556129
8374	15806	AF-0000000204101038	shard_436_batch_2.tar	9920000	149180	841315840	1608875
8374	15906	AF-0000000204101002	shard_432_batch_2.tar	12581888	145385	847454208	1589838
8374	15972	AF-0000000204101039	shard_448_batch_2.tar	133053440	156174	1982811648	1764659
8374	16120	AF-0000000204101003	shard_440_batch_2.tar	139128832	150509	483545600	1694213
8374	16222	AF-0000000204101073	shard_904_batch_1.tar	32188928	165580	1265139712	2052630
8374	17676	AF-0000000204101005	shard_440_batch_2.tar	27128320	149656	913591808	1676521
8376	16318	AF-0000000205996771	shard_204_batch_4.tar	38320128	51588	128816128	162448
8378	8988	AF-0000000204099444	shard_1044_batch_1.tar	40524288	238921	1178013696	3921803
8378	9031	AF-0000000204099450	shard_394_batch_2.tar	103201792	127097	869438976	1084023
8378	13930	AF-0000000204099436	shard_920_batch_1.tar	121960960	172266	797939712	1924109
8378	14218	AF-0000000204099434	shard_386_batch_2.tar	101933568	124346	869320192	1008145
8378	14376	AF-0000000204099448	shard_900_batch_1.tar	141454336	165654	1772568576	2020652
8378	14983	AF-0000000204099447	shard_990_batch_1.tar	50712576	205760	1645834240	2874190
8378	15424	AF-0000000204099435	shard_942_batch_1.tar	58392576	179798	1836629504	2116219
8381	10512	AF-0000000204613455	shard_1078_batch_2.tar	10002944	274984	472517632	5575097
8381	15819	AF-0000000204613462	shard_896_batch_1.tar	157184	161538	1840921088	1921999
8383	9514	AF-0000000204266325	shard_936_batch_1.tar	64497664	178898	2082889728	2207397
8383	10027	AF-0000000211746555	shard_942_batch_1.tar	116426240	177231	2604646400	2240572
8383	10944	AF-0000000204266328	shard_928_batch_1.tar	68369408	173482	490592768	2110732
8383	15740	AF-0000000204266327	shard_428_batch_3.tar	71184896	143726	1707250176	1420896
8383	16277	AF-0000000211746563	shard_418_batch_3.tar	126591488	140523	1086287872	1400647
8383	17720	AF-0000000204266357	shard_1038_batch_1.tar	141465600	234700	2939036160	3841946
8383	17724	AF-0000000204266356	shard_1040_batch_1.tar	103745024	235815	730540544	3910843
8383	17725	AF-0000000204266355	shard_1040_batch_1.tar	88019456	235270	2331275264	3866828
8389	10107	AF-0000000203460862	shard_1012_batch_0.tar	96045568	217470	2972600320	3537880
8389	10259	AF-0000000203460861	shard_1022_batch_0.tar	79438336	223053	473856512	3682253
8389	16978	AF-0000000203460863	shard_1010_batch_0.tar	153457664	215105	2795768832	3474990
8390	10689	AF-0000000205998157	shard_407_batch_1.tar	130030592	133804	1338294272	1223233
8390	11280	AF-0000000205998128	shard_437_batch_1.tar	110105088	149131	1169384960	1667391
8390	12544	AF-0000000205998130	shard_887_batch_0.tar	142279680	157999	1072719872	1853412
8390	12714	AF-0000000205998122	shard_391_batch_1.tar	38341632	125235	853372416	1057535
8390	15046	AF-0000000205998131	shard_453_batch_1.tar	30796800	157713	420024320	1844126
8392	11572	AF-0000000203860992	shard_340_batch_1.tar	9811968	101059	288993280	692894
8394	10602	AF-0000000204177323	shard_348_batch_2.tar	100096512	103344	321269248	765015
8399	14280	AF-0000000204243226	shard_398_batch_3.tar	27408896	124982	1264509440	1143908
8400	9047	AF-0000000211746616	shard_349_batch_0.tar	92867584	103453	729764352	777702
8400	9054	AF-0000000206000873	shard_349_batch_0.tar	104470016	103435	226685440	779096
8403	10815	AF-0000000204157202	shard_246_batch_1.tar	63896576	68455	164612608	290037
8403	14957	AF-0000000204157205	shard_244_batch_1.tar	61987328	66963	291826688	290183
8403	15049	AF-0000000204157199	shard_352_batch_2.tar	52592128	105970	456952832	761371
8404	17266	AF-0000000205936176	shard_961_batch_0.tar	57141248	191404	558086144	2373256
8409	11881	AF-0000000211746627	shard_380_batch_4.tar	88851968	114093	1204333056	866287
8410	12395	AF-0000000204224317	shard_308_batch_2.tar	41283584	87221	293527040	518446
8410	13336	AF-0000000204224414	shard_196_batch_1.tar	15926784	47828	233177088	141164
8410	13556	AF-0000000204224187	shard_198_batch_1.tar	35256832	50516	161436160	146397
8410	14715	AF-0000000204224349	shard_298_batch_2.tar	32617472	86587	175045632	483901
8410	15630	AF-0000000204224283	shard_178_batch_0.tar	16138240	37704	88092160	83506
8410	16200	AF-0000000204224286	shard_172_batch_1.tar	15420928	31007	87188480	51607
8410	16272	AF-0000000204224215	shard_212_batch_1.tar	41470464	54875	278214144	191189
8410	17010	AF-0000000204224284	shard_178_batch_0.tar	5781504	37650	136118272	82776
8411	11334	AF-0000000211746650	shard_970_batch_1.tar	81459712	193642	2605609984	2735363
8411	11737	AF-0000000204126550	shard_1016_batch_1.tar	123774976	218723	2041987584	3519395
8415	14117	AF-0000000211746664	shard_952_batch_1.tar	44991488	184512	1281495552	2523023
8415	15213	AF-0000000211746667	shard_954_batch_1.tar	152301568	185105	2381210112	2542444
8415	17299	AF-0000000211746669	shard_882_batch_1.tar	61097984	150935	1297198592	1724699
8416	8900	AF-0000000204277205	shard_276_batch_1.tar	63735296	77484	514518016	382677
8416	9010	AF-0000000204277246	shard_302_batch_2.tar	37102592	85664	578896384	501324
8416	9169	AF-0000000211746672	shard_254_batch_1.tar	56732160	68170	361615360	309411
8416	9391	AF-0000000204277309	shard_264_batch_1.tar	54684160	73236	186753024	352971
8416	9457	AF-0000000204277295	shard_326_batch_2.tar	61554688	96258	287536640	632385
8416	10424	AF-0000000204277303	shard_262_batch_1.tar	1533440	72218	287497728	341687
8416	10513	AF-0000000204277183	shard_258_batch_1.tar	14307840	70976	255565824	337287
8416	10574	AF-0000000204277237	shard_244_batch_1.tar	50054656	65065	345161216	282750
8416	11283	AF-0000000204277326	shard_398_batch_3.tar	52578816	127053	312404992	1158403
8416	12453	AF-0000000204277282	shard_344_batch_2.tar	9658880	102799	681009152	735678
8416	13228	AF-0000000204277213	shard_318_batch_2.tar	92182016	92293	185887232	591223
8416	14022	AF-0000000204277266	shard_284_batch_2.tar	16669184	79908	300848640	438068
8416	14230	AF-0000000204277280	shard_426_batch_3.tar	139940864	139505	318059520	1393982
8416	14717	AF-0000000204277260	shard_264_batch_1.tar	69493248	73533	491907072	334323
8416	14992	AF-0000000204277268	shard_254_batch_1.tar	25360896	70104	316816384	314863
8416	15209	AF-0000000204277248	shard_298_batch_2.tar	74142208	84716	495697408	490644
8416	15365	AF-0000000204277219	shard_232_batch_1.tar	48387584	62035	177073152	247036
8416	15615	AF-0000000204277236	shard_244_batch_1.tar	4926464	64913	392584192	281275
8416	15923	AF-0000000204277212	shard_296_batch_2.tar	64128512	83608	568768000	483900
8416	16680	AF-0000000204277291	shard_246_batch_1.tar	25835008	65839	275332608	281655
8416	16854	AF-0000000204277202	shard_284_batch_2.tar	48352768	80177	483432960	431891
8416	17279	AF-0000000211746677	shard_390_batch_2.tar	106829824	123553	630625280	1060237
8418	11940	AF-0000000211746681	shard_933_batch_0.tar	124649984	177509	1492451328	2263483
8418	13966	AF-0000000204837078	shard_382_batch_4.tar	19007488	119270	599660544	1012613
8419	9595	AF-0000000206020349	shard_206_batch_4.tar	4379648	53259	230341632	169934
8419	10842	AF-0000000206020357	shard_881_batch_0.tar	58221056	149691	1418279424	1645003
8419	11848	AF-0000000206020360	shard_365_batch_0.tar	38419456	110018	645999616	831150
8419	14755	AF-0000000206020348	shard_206_batch_4.tar	18513408	53120	108079104	170635
8421	8495	AF-0000000204623493	shard_438_batch_4.tar	39812608	150465	310383616	1532262
8421	14888	AF-0000000204623501	shard_412_batch_3.tar	56939008	135553	964692992	1266961
8422	17165	AF-0000000206027837	shard_299_batch_0.tar	46540800	84404	644413952	506910
8423	15787	AF-0000000205969376	shard_240_batch_4.tar	23680000	65839	223511040	276763
8428	8661	AF-0000000206051310	shard_387_batch_1.tar	66506752	123552	902299648	1042993
8428	10322	AF-0000000206051279	shard_423_batch_1.tar	76029952	141141	1483404288	1388750
8428	11559	AF-0000000206051283	shard_949_batch_0.tar	20628992	183114	2220966400	2461542
8428	12327	AF-0000000206051278	shard_421_batch_1.tar	61578752	141115	776920576	1365690
8428	12395	AF-0000000206051347	shard_451_batch_1.tar	93425152	156066	1071138304	1788176
8428	13228	AF-0000000206051305	shard_425_batch_1.tar	46706688	139845	1124234240	1403184
8428	13586	AF-0000000206051280	shard_415_batch_1.tar	63306240	135370	448217088	1273896
8428	14327	AF-0000000206051375	shard_429_batch_1.tar	89151488	145625	960154624	1460125
8428	14630	AF-0000000206051330	shard_359_batch_1.tar	76652544	109470	973201920	813450
8428	15265	AF-0000000206051381	shard_391_batch_1.tar	88560128	122214	395387392	1028866
8428	15365	AF-0000000206051329	shard_359_batch_1.tar	18829824	109606	817909760	818617
8428	16047	AF-0000000206051306	shard_389_batch_1.tar	122300416	122659	284860416	1039060
8428	16995	AF-0000000206051340	shard_385_batch_1.tar	89326592	120860	420145664	990459
8429	8924	AF-0000000204136323	shard_992_batch_1.tar	138784256	203832	1734735872	3182886
8429	11852	AF-0000000204136355	shard_1160_batch_0.tar	24167424	324695	5151023616	8472165
8430	9984	AF-0000000211746705	shard_1163_batch_0.tar	20093440	332156	2992863744	7562811
8433	9908	AF-0000000204097511	shard_1024_batch_1.tar	78986752	213637	3127573504	3391411
8433	11173	AF-0000000204097522	shard_1046_batch_1.tar	55283712	228323	1836191232	3864528
8433	12934	AF-0000000204097527	shard_964_batch_1.tar	156552704	178907	1899431424	2367457
8433	16120	AF-0000000204097508	shard_984_batch_1.tar	36065792	188140	1249436160	2665147
8435	11960	AF-0000000203461182	shard_1020_batch_0.tar	194365952	221349	3719570944	3749573
8435	13728	AF-0000000203461184	shard_1030_batch_0.tar	41668096	228512	2726462464	4014312
8435	14262	AF-0000000203461183	shard_1020_batch_0.tar	155799552	222043	1977613824	3766621
8437	12136	AF-0000000211746729	shard_928_batch_1.tar	90457600	174134	1350227456	2103515
8437	17200	AF-0000000211746736	shard_952_batch_1.tar	70786560	185620	2149401088	2377405
8437	17560	AF-0000000211746738	shard_968_batch_1.tar	37299200	187984	2285399552	2475343
8442	8700	AF-0000000211746746	shard_438_batch_1.tar	128229376	148701	629559808	1624152
8444	14260	AF-0000000204116762	shard_910_batch_1.tar	91364352	167127	2242838016	1823960
8447	10004	AF-0000000203765446	shard_410_batch_1.tar	34312704	138790	567036416	1258866
8455	10603	AF-0000000211746764	shard_316_batch_0.tar	21676032	90749	493615616	522130
8455	12065	AF-0000000203472959	shard_412_batch_0.tar	53714432	136141	1048870400	1256702
8455	13137	AF-0000000203472898	shard_304_batch_0.tar	978432	87884	220715520	485336
8455	13307	AF-0000000203472909	shard_398_batch_0.tar	121711104	127589	1071834624	1118969
8455	14175	AF-0000000203472953	shard_1072_batch_0.tar	53547008	270773	5502974464	4892993
8455	17268	AF-0000000203472901	shard_306_batch_0.tar	6405120	88124	264570368	476078
8455	17447	AF-0000000203472902	shard_306_batch_0.tar	35448320	88484	553673728	483363
8455	17448	AF-0000000211746770	shard_304_batch_0.tar	58509824	87650	398730752	486028
8455	17449	AF-0000000203472900	shard_304_batch_0.tar	27252736	87323	641910784	473540
8458	8459	AF-0000000203887922	shard_994_batch_0.tar	68783104	204495	1361207296	2797780
8458	9695	AF-0000000203887917	shard_918_batch_0.tar	5666304	170465	646735360	1952098
8458	9994	AF-0000000203887921	shard_404_batch_1.tar	72822784	131293	1209183744	1194057
8458	10161	AF-0000000203887923	shard_402_batch_1.tar	12910080	130353	1120518656	1150823
8458	10271	AF-0000000203887924	shard_404_batch_1.tar	61103104	131662	779659264	1174416
8458	10336	AF-0000000203887925	shard_240_batch_0.tar	49020416	65036	333869056	258742
8458	10902	AF-0000000211746771	shard_896_batch_0.tar	154740736	162752	1649914880	1797405
8458	11426	AF-0000000203887928	shard_236_batch_0.tar	51206656	63365	183373824	249041
8458	17092	AF-0000000211746772	shard_416_batch_1.tar	41490944	137791	1321403904	1282520
8458	17122	AF-0000000203887927	shard_238_batch_0.tar	46370304	65066	232333824	254103
8458	17459	AF-0000000203887926	shard_294_batch_1.tar	27021824	83259	339509760	462876
8458	17482	AF-0000000211746773	shard_946_batch_1.tar	95277568	180672	1117388800	2249286
8458	17483	AF-0000000203887918	shard_886_batch_0.tar	55638016	158418	1677735936	1740087
8459	9071	AF-0000000203510234	shard_1010_batch_0.tar	92273152	213503	1227937280	3070020
8459	9995	AF-0000000203510237	shard_992_batch_0.tar	100793856	204025	760343552	2774318
8459	10161	AF-0000000203510212	shard_1072_batch_0.tar	183304704	267538	2729625088	4822865
8459	11325	AF-0000000211746776	shard_1036_batch_0.tar	33131008	233475	1098082304	3754826
8459	11426	AF-0000000203510236	shard_988_batch_0.tar	166467072	200423	1768179200	2746988
8459	13917	AF-0000000203510253	shard_1024_batch_0.tar	219983360	222672	2274281472	3379453
8459	14417	AF-0000000203510235	shard_988_batch_0.tar	12392960	200462	2455968256	2740953
8459	16851	AF-0000000211746780	shard_1034_batch_0.tar	141960704	232125	2089384960	3716478
8459	17122	AF-0000000203510233	shard_988_batch_0.tar	174202880	202301	2520443904	2747367
8460	16072	AF-0000000204252872	shard_418_batch_3.tar	33149440	139185	638254592	1319987
8462	12349	AF-0000000203484896	shard_348_batch_0.tar	24026112	104468	302282240	711183
8462	13177	AF-0000000203484898	shard_426_batch_0.tar	15422976	141131	1146365440	1390118
8462	14664	AF-0000000211746789	shard_402_batch_0.tar	34782208	128269	368421888	1080897
8462	14666	AF-0000000203484897	shard_382_batch_0.tar	15756800	119446	720987648	933641
8463	10014	AF-0000000211746790	shard_304_batch_3.tar	83883520	89113	610776064	522726
8463	10106	AF-0000000211746791	shard_380_batch_4.tar	9796096	120269	830180352	943154
8463	12994	AF-0000000211746795	shard_328_batch_4.tar	74347520	98184	706458624	635325
8466	12503	AF-0000000211746841	shard_894_batch_0.tar	149488640	163514	1956423168	1695711
8466	16042	AF-0000000211746858	shard_896_batch_0.tar	163256320	164063	373614592	1710345
8468	12971	AF-0000000203558380	shard_364_batch_0.tar	5611008	108334	777828864	797195
8468	13538	AF-0000000203558377	shard_420_batch_0.tar	11800576	139205	749790208	1357791
8468	13698	AF-0000000203558378	shard_430_batch_0.tar	109450240	143312	632538112	1468455
8468	17596	AF-0000000203558410	shard_412_batch_0.tar	100662784	132511	364507648	1289362
8473	8475	AF-0000000203543613	shard_380_batch_0.tar	104684032	115136	330110976	910406
8473	9112	AF-0000000203543608	shard_378_batch_0.tar	51779584	114693	661334016	907049
8473	13867	AF-0000000203543611	shard_350_batch_0.tar	47219712	103719	274236416	682112
8473	14329	AF-0000000203543609	shard_382_batch_0.tar	67372544	117968	249338880	957943
8473	15848	AF-0000000203543610	shard_378_batch_0.tar	76074496	117301	813854208	919852
8473	17542	AF-0000000203543612	shard_394_batch_0.tar	16096768	119877	1325284352	1019226
8474	11676	AF-0000000203543656	shard_382_batch_0.tar	75287040	118063	307056128	965739
8474	12129	AF-0000000203543651	shard_374_batch_0.tar	47340032	115437	623259136	863862
8474	13867	AF-0000000203543653	shard_336_batch_0.tar	1109504	99646	601659392	625360
8475	9112	AF-0000000203969307	shard_342_batch_1.tar	27937792	98301	853478912	703103
8475	15922	AF-0000000203969308	shard_282_batch_1.tar	15717888	77126	381379584	424887
8478	9499	AF-0000000204615052	shard_1128_batch_0.tar	228571648	296014	2532910592	6367836
8478	10042	AF-0000000204615012	shard_1038_batch_1.tar	36073472	235676	1781822976	3864446
8478	11860	AF-0000000204615018	shard_1078_batch_2.tar	109867520	278408	2630765568	5517220
8478	13379	AF-0000000204615071	shard_1020_batch_2.tar	38187008	223008	275194368	3481561
8478	13426	AF-0000000204615020	shard_1128_batch_0.tar	1774080	292526	5194696704	6320936
8478	14068	AF-0000000204615026	shard_1048_batch_2.tar	70367232	241517	1144487936	4100313
8478	14111	AF-0000000204615013	shard_1078_batch_2.tar	138162688	278306	1663564288	5365218
8478	15363	AF-0000000204615086	shard_1076_batch_2.tar	108481536	276060	2563379200	5515142
8478	15818	AF-0000000204615040	shard_990_batch_2.tar	48718848	205923	655020032	2852618
8478	16535	AF-0000000204615066	shard_1020_batch_2.tar	37292544	222981	1294276608	3458289
8478	16743	AF-0000000204615050	shard_1150_batch_0.tar	259735040	316146	4106781184	7100125
8478	16744	AF-0000000204615051	shard_1150_batch_0.tar	143008256	316303	1027396096	7089198
8478	17786	AF-0000000204615055	shard_1142_batch_0.tar	72204288	303349	6904585728	6761502
8479	14838	AF-0000000204856996	shard_895_batch_0.tar	23461376	161432	2093843968	1996246
8482	9572	AF-0000000211746899	shard_356_batch_1.tar	84886016	108543	720813568	840206
8482	14556	AF-0000000211746906	shard_346_batch_0.tar	74416640	105185	764167680	744253
8483	11145	AF-0000000211746916	shard_412_batch_0.tar	12328960	125017	510935552	1107859
8483	11657	AF-0000000211746918	shard_948_batch_0.tar	123808256	178059	1066336768	2391636
8484	8855	AF-0000000203489371	shard_930_batch_0.tar	165174272	172638	637916160	2124517
8484	16477	AF-0000000203489370	shard_926_batch_0.tar	92015616	169913	2106424320	1996331
8484	16832	AF-0000000203489372	shard_914_batch_0.tar	64840192	164254	2300705280	1906306
8486	11889	AF-0000000203547091	shard_382_batch_0.tar	97232384	119954	886038528	999358
8486	14182	AF-0000000203547092	shard_374_batch_0.tar	62215168	116445	733992960	922681
8488	14061	AF-0000000203805747	shard_294_batch_0.tar	80948224	82952	623107072	457028
8488	14922	AF-0000000203805746	shard_316_batch_1.tar	2768896	90197	725306880	557514
8491	15864	AF-0000000203550873	shard_330_batch_0.tar	74364928	96759	666665472	625734
8492	16794	AF-0000000211746938	shard_324_batch_0.tar	92870144	98154	731091968	605557
8494	8575	AF-0000000205964074	shard_365_batch_0.tar	80945152	110718	817177088	855905
8494	8621	AF-0000000205964125	shard_365_batch_0.tar	7073792	111255	954339328	873383
8494	12378	AF-0000000205963971	shard_309_batch_0.tar	52641792	88557	279910400	549569
8494	12652	AF-0000000205964005	shard_445_batch_1.tar	104985600	153102	1363869696	1688758
8494	13569	AF-0000000205964047	shard_371_batch_0.tar	64782848	114785	734145536	926685
8494	14088	AF-0000000205964106	shard_337_batch_0.tar	80392192	99994	698787840	685805
8494	15401	AF-0000000205963984	shard_329_batch_0.tar	43697664	97578	449050624	665053
8494	15531	AF-0000000205963963	shard_439_batch_1.tar	5082112	149227	1648110592	1642036
8494	17305	AF-0000000205963973	shard_951_batch_0.tar	89852416	183949	1596731392	2460646
8494	17433	AF-0000000205964111	shard_451_batch_1.tar	98485760	157244	1520455680	1777323
8496	14667	AF-0000000204674437	shard_252_batch_3.tar	18474496	67899	343919616	298602
8496	17745	AF-0000000204674438	shard_252_batch_3.tar	29433344	67994	196237312	301128
8497	10525	AF-0000000211746966	shard_384_batch_2.tar	4726272	117572	255712768	976958
8497	13016	AF-0000000204209262	shard_384_batch_2.tar	104003584	118160	244639744	967349
8497	13031	AF-0000000204209261	shard_360_batch_2.tar	22443008	108859	489248256	812772
8497	15127	AF-0000000204209258	shard_314_batch_2.tar	14955008	90390	297497088	568760
8497	16087	AF-0000000204209264	shard_244_batch_1.tar	28451328	65210	160236032	281663
8497	17735	AF-0000000204209263	shard_328_batch_2.tar	4318208	96054	197515264	630587
8499	14250	AF-0000000204253436	shard_436_batch_3.tar	55415808	148669	1677963264	1530169
8501	10398	AF-0000000203766501	shard_1072_batch_0.tar	246086656	270518	1624033280	5486239
8501	17668	AF-0000000203766500	shard_1072_batch_0.tar	134391808	270806	4721199616	5478920
8503	12555	AF-0000000203915682	shard_256_batch_0.tar	851968	71457	313327616	312667
8503	14814	AF-0000000203915683	shard_264_batch_0.tar	958976	72839	451618816	332956
8507	8954	AF-0000000211746983	shard_448_batch_3.tar	141549568	157171	1540985856	1718176
8514	11856	AF-0000000204834897	shard_1030_batch_2.tar	94841856	231209	1100949504	3727016
8514	13052	AF-0000000204834878	shard_1075_batch_0.tar	46501376	269476	1792934912	5309556
8516	9722	AF-0000000203463868	shard_246_batch_0.tar	5015552	66509	332506624	288541
8516	10355	AF-0000000203463867	shard_272_batch_0.tar	24941056	75734	145474048	384820
8516	13040	AF-0000000203463880	shard_1004_batch_0.tar	161757184	210596	2277491712	2941834
8516	16948	AF-0000000203463871	shard_364_batch_0.tar	26351104	112351	472263168	866283
8517	10684	AF-0000000211747015	shard_296_batch_0.tar	22697984	84578	389838848	468983
8517	11437	AF-0000000211747016	shard_250_batch_0.tar	61507584	68795	349111808	311238
8517	12056	AF-0000000211747019	shard_248_batch_0.tar	50503680	68469	172320768	306517
8517	12108	AF-0000000211747020	shard_250_batch_0.tar	10878464	68915	247353344	305771
8517	13194	AF-0000000211747023	shard_248_batch_0.tar	52086784	68471	402829824	303687
8517	13475	AF-0000000211747024	shard_328_batch_0.tar	36841472	97553	675115008	645110
8517	14476	AF-0000000211747027	shard_300_batch_0.tar	58211328	85655	665346048	482840
8517	16234	AF-0000000211747031	shard_298_batch_0.tar	44007424	84944	315641344	471427
8519	15234	AF-0000000204149345	shard_284_batch_1.tar	39235584	79145	379200512	442871
8520	8675	AF-0000000204826790	shard_348_batch_4.tar	23748096	103557	880984576	706915
8520	9008	AF-0000000204826785	shard_445_batch_0.tar	14715904	152110	1278602752	1622770
8520	10236	AF-0000000204826803	shard_414_batch_4.tar	11618816	132883	1393874944	1126883
8520	11054	AF-0000000204826795	shard_396_batch_4.tar	92148736	124185	1230298112	1012000
8520	11851	AF-0000000211747036	shard_372_batch_4.tar	26236928	112951	975310336	849337
8520	12289	AF-0000000204826788	shard_364_batch_4.tar	75001344	110103	451554304	801686
8520	12323	AF-0000000204826792	shard_388_batch_4.tar	2703872	119827	812667392	954340
8520	12930	AF-0000000204826802	shard_394_batch_4.tar	91216896	123331	912905728	986121
8520	14359	AF-0000000204826801	shard_366_batch_4.tar	17118720	111816	701973504	803539
8520	14530	AF-0000000204826793	shard_372_batch_4.tar	102037504	114197	623678464	853337
8520	14707	AF-0000000204826791	shard_374_batch_4.tar	20544000	114605	327657472	852096
8520	16943	AF-0000000204826794	shard_354_batch_4.tar	15619072	106149	307002368	715688
8521	8771	AF-0000000211747038	shard_390_batch_2.tar	21906944	125276	1242023424	1069278
8521	13757	AF-0000000204109312	shard_378_batch_2.tar	32092672	119794	1142170112	983967
8521	15496	AF-0000000204109310	shard_384_batch_2.tar	88276480	122302	1032165376	1034514
8526	8555	AF-0000000204135727	shard_386_batch_2.tar	17355776	122575	753029632	1058597
8526	8924	AF-0000000204135724	shard_374_batch_2.tar	17037824	117174	536613888	976714
8530	10588	AF-0000000206009660	shard_271_batch_0.tar	17840128	75819	238666752	371495
8530	16008	AF-0000000206009667	shard_250_batch_4.tar	17025024	68864	308328448	298942
8530	16417	AF-0000000206009668	shard_250_batch_4.tar	64849408	68947	439372288	297891
8532	14250	AF-0000000204800318	shard_326_batch_4.tar	15149056	97423	315245056	619118
8533	9908	AF-0000000211747060	shard_318_batch_1.tar	34183680	92028	527782400	586560
8535	14183	AF-0000000211747090	shard_900_batch_2.tar	4775936	167528	417706496	1982808
8536	8893	AF-0000000204000492	shard_368_batch_1.tar	31413248	111715	885890560	828996
8536	14089	AF-0000000204000509	shard_418_batch_2.tar	33714176	137490	1408443904	1279197
8536	14893	AF-0000000211747098	shard_386_batch_1.tar	21937152	121531	1219693056	1020327
8538	10698	AF-0000000203522084	shard_268_batch_0.tar	58532352	75263	502769664	353075
8538	13719	AF-0000000203522082	shard_176_batch_0.tar	18295808	36004	98485248	75290
8538	16631	AF-0000000203522106	shard_424_batch_0.tar	89189376	140301	300880896	1392016
8539	8542	AF-0000000211747110	shard_332_batch_0.tar	43392000	97938	261650432	638643
8539	9617	AF-0000000203525888	shard_390_batch_0.tar	67258368	123004	536102400	1076960
8539	9624	AF-0000000203525890	shard_412_batch_0.tar	41812992	133741	948085248	1276111
8539	12883	AF-0000000203525900	shard_950_batch_0.tar	38478336	179317	2636395008	2230180
8539	14441	AF-0000000211747112	shard_336_batch_0.tar	58364928	98755	712696832	663065
8539	15789	AF-0000000211747113	shard_412_batch_0.tar	69406208	135323	1471967232	1339881
8540	8542	AF-0000000211747115	shard_334_batch_0.tar	62945280	98165	636317184	639935
8540	9617	AF-0000000203525795	shard_390_batch_0.tar	6789632	123439	329032704	1080620
8540	9624	AF-0000000203525797	shard_412_batch_0.tar	66017792	133832	541219328	1321773
8540	12883	AF-0000000203525808	shard_952_batch_0.tar	96945152	179661	2148222464	2245026
8540	14441	AF-0000000211747118	shard_336_batch_0.tar	45251584	98870	441568256	663276
8540	14606	AF-0000000211747119	shard_352_batch_0.tar	40484352	107801	546966528	774588
8540	15789	AF-0000000211747120	shard_414_batch_0.tar	111776768	135484	478653440	1338615
8541	8542	AF-0000000211747122	shard_332_batch_0.tar	51520000	97891	598015488	635688
8541	9617	AF-0000000203525687	shard_390_batch_0.tar	1842688	122633	544635904	1078206
8541	9624	AF-0000000203525689	shard_412_batch_0.tar	89043968	133597	1442636800	1292119
8541	14441	AF-0000000211747124	shard_336_batch_0.tar	74479616	98722	699041792	660043
8541	15789	AF-0000000211747125	shard_412_batch_0.tar	75898880	135246	1127199232	1331996
8542	8686	AF-0000000211747128	shard_332_batch_0.tar	5373952	98061	377188864	642451
8542	9071	AF-0000000211747130	shard_380_batch_0.tar	63490048	118454	883430400	977796
8542	13231	AF-0000000211747134	shard_330_batch_0.tar	57317376	97253	780498432	628452
8542	14193	AF-0000000211747136	shard_332_batch_0.tar	38837248	98232	797757440	640110
8542	15939	AF-0000000211747139	shard_332_batch_0.tar	56474112	98213	523328512	636036
8542	17086	AF-0000000211747140	shard_334_batch_0.tar	59423744	98280	481801728	640179
8546	9908	AF-0000000206015911	shard_403_batch_1.tar	68986880	129766	903409664	1162832
8546	10206	AF-0000000206015914	shard_1071_batch_1.tar	71172096	267000	1793739776	5152608
8546	13522	AF-0000000206015929	shard_903_batch_0.tar	145061376	164599	956299264	1941011
8546	15616	AF-0000000206015910	shard_333_batch_0.tar	39378432	98924	817445888	651339
8546	16922	AF-0000000206015930	shard_451_batch_1.tar	111650304	156946	1581953024	1754098
8546	17628	AF-0000000206015942	shard_301_batch_0.tar	73225728	87672	410141696	490281
8548	10832	AF-0000000204705262	shard_1112_batch_0.tar	173891072	279067	4388697088	6055526
8548	12395	AF-0000000204705249	shard_432_batch_4.tar	52156928	143698	1659975168	1609201
8548	14667	AF-0000000204705220	shard_382_batch_3.tar	42929664	117756	1223510016	1060507
8548	17745	AF-0000000204705221	shard_382_batch_3.tar	72149504	118009	736207360	1062989
8550	14684	AF-0000000204694750	shard_434_batch_4.tar	73478656	146473	1315689472	1555682
8550	16183	AF-0000000204694749	shard_404_batch_4.tar	85701120	131326	969680384	1120807
8555	9651	AF-0000000204135992	shard_340_batch_1.tar	64064000	102825	380404736	733450
8555	16245	AF-0000000204135991	shard_342_batch_2.tar	64492544	103250	727545856	743620
8559	11969	AF-0000000204736329	shard_412_batch_4.tar	118900736	135311	1452003840	1342545
8559	12212	AF-0000000204736353	shard_430_batch_4.tar	88307200	145327	1539410944	1537342
8559	12453	AF-0000000204736430	shard_882_batch_2.tar	25701888	153390	393298432	1763674
8559	13473	AF-0000000204736401	shard_368_batch_4.tar	103836160	114228	681737728	945012
8559	14068	AF-0000000204736339	shard_884_batch_2.tar	8584704	156770	858865152	1808964
8559	14079	AF-0000000204736370	shard_364_batch_4.tar	39279616	112971	510211072	919097
8559	14630	AF-0000000204736369	shard_364_batch_4.tar	34125824	112919	943073792	918509
8559	15365	AF-0000000204736368	shard_364_batch_4.tar	88600064	112668	330090496	918578
8559	16671	AF-0000000204736413	shard_1002_batch_2.tar	35910144	207577	1335769088	3310884
8562	9020	AF-0000000203824470	shard_358_batch_1.tar	94386176	107577	917030912	758835
8562	14869	AF-0000000203824469	shard_348_batch_1.tar	86751232	103933	252782080	698548
8564	9843	AF-0000000211752390	shard_450_batch_4.tar	24721408	155249	1368739328	1716018
8567	11367	AF-0000000205954461	shard_369_batch_0.tar	32913408	113530	650176512	859076
8567	14396	AF-0000000205954464	shard_335_batch_0.tar	86615040	98349	822158336	639716
8567	14834	AF-0000000205954472	shard_367_batch_0.tar	87598080	110447	752569344	815944
8568	11943	AF-0000000204762745	shard_414_batch_4.tar	85666304	136803	510115328	1293047
8569	10195	AF-0000000211752398	shard_894_batch_2.tar	58268160	161734	159753728	1963917
8569	12544	AF-0000000211752403	shard_908_batch_2.tar	48136192	165596	960136192	2096702
8569	12854	AF-0000000211752404	shard_916_batch_2.tar	42508288	168789	877406208	2178905
8569	15046	AF-0000000211752413	shard_906_batch_2.tar	1832960	165426	1104096768	2087220
8571	12192	AF-0000000203946501	shard_1116_batch_0.tar	78291456	282507	5334262784	5654482
8571	13052	AF-0000000203946502	shard_1112_batch_0.tar	85981696	279411	6097682944	5513406
8571	16601	AF-0000000211752426	shard_1092_batch_1.tar	255003136	305373	5602238976	6393122
8573	12637	AF-0000000204826767	shard_300_batch_4.tar	13996032	85135	296259584	456702
8574	9122	AF-0000000204181780	shard_416_batch_2.tar	70025216	138911	1436038144	1358907
8574	10131	AF-0000000204181775	shard_392_batch_2.tar	38197248	126829	936345600	1146861
8574	13024	AF-0000000204181773	shard_442_batch_2.tar	34860032	154589	1359163392	1740268
8574	13039	AF-0000000204181770	shard_424_batch_3.tar	102584832	142892	1417831424	1498819
8574	13175	AF-0000000204181774	shard_442_batch_2.tar	148009984	154729	316965888	1733257
8574	16262	AF-0000000204181800	shard_942_batch_1.tar	63251968	184333	2016415744	2478339
8575	8656	AF-0000000204756213	shard_312_batch_3.tar	45251584	89853	283019776	537050
8575	8661	AF-0000000204756054	shard_298_batch_3.tar	53530112	86541	228410368	511292
8575	8806	AF-0000000204756222	shard_296_batch_3.tar	27249152	83484	629943296	477815
8575	9457	AF-0000000204756211	shard_352_batch_4.tar	82141696	106609	355758592	795391
8575	9711	AF-0000000204756144	shard_258_batch_3.tar	35013120	70457	171650048	333801
8575	10748	AF-0000000204756187	shard_258_batch_3.tar	31559168	70403	367068160	328240
8575	10752	AF-0000000204756262	shard_258_batch_3.tar	39930880	70554	395648512	332773
8575	11091	AF-0000000204756231	shard_340_batch_3.tar	44974592	101520	575233024	683679
8575	11320	AF-0000000204756154	shard_338_batch_3.tar	29986816	98666	754244608	687282
8575	11946	AF-0000000204756177	shard_372_batch_4.tar	63375360	115297	572126720	912760
8575	12457	AF-0000000204756252	shard_410_batch_4.tar	23384576	132123	486262272	1172559
8575	13915	AF-0000000204756230	shard_390_batch_4.tar	70538752	121897	970735616	1043987
8575	14237	AF-0000000204756265	shard_338_batch_3.tar	13424128	100204	821974528	711742
8575	14313	AF-0000000204756237	shard_298_batch_3.tar	72943104	86245	416853504	498894
8575	14560	AF-0000000204756155	shard_336_batch_4.tar	51132416	97876	687030784	664856
8575	15522	AF-0000000204756208	shard_328_batch_4.tar	68053504	93772	319116800	620942
8575	15750	AF-0000000204756002	shard_272_batch_3.tar	21833728	74959	190631424	369254
8576	11851	AF-0000000211752451	shard_238_batch_3.tar	37010432	63306	300527616	264039
8576	16943	AF-0000000204826844	shard_218_batch_3.tar	42822656	56127	144958464	190351
8581	10418	AF-0000000206065507	shard_255_batch_0.tar	60947968	69545	209947648	290385
8581	13771	AF-0000000211752475	shard_387_batch_1.tar	75289600	121024	1005861888	1073538
8586	9250	AF-0000000204257489	shard_372_batch_2.tar	30532096	115378	444221440	934391
8586	9914	AF-0000000204257487	shard_1002_batch_1.tar	104405504	208300	2706818560	3212689
8586	10541	AF-0000000204257488	shard_370_batch_2.tar	42649600	114596	474315264	978515
8586	10548	AF-0000000204257494	shard_1046_batch_1.tar	39684608	243301	2937999360	4244854
8586	10553	AF-0000000204257490	shard_382_batch_2.tar	86016000	120886	675990016	1056202
8586	14570	AF-0000000211752491	shard_446_batch_3.tar	76335616	157545	1594574336	1800571
8586	14895	AF-0000000204257486	shard_446_batch_3.tar	96420864	156066	1716355584	1806101
8589	8656	AF-0000000206030289	shard_263_batch_0.tar	21684736	71523	477835264	352977
8589	8900	AF-0000000206030117	shard_259_batch_0.tar	26750464	70173	374151680	323674
8589	10313	AF-0000000206030105	shard_210_batch_4.tar	9547776	53001	155037696	173960
8589	15023	AF-0000000206030072	shard_347_batch_0.tar	19473920	102254	533016576	758283
8593	13279	AF-0000000206021232	shard_1021_batch_1.tar	211035648	223803	804200960	3804821
8596	10098	AF-0000000203754812	shard_1062_batch_0.tar	239399424	260504	3102019072	4785482
8596	10201	AF-0000000203754738	shard_1046_batch_0.tar	155090432	242779	2237213184	4241920
8596	11322	AF-0000000203754741	shard_1068_batch_0.tar	205954560	263237	2055200768	5090041
8596	15506	AF-0000000203754779	shard_1138_batch_0.tar	244462080	306885	3839986176	6629431
8596	15979	AF-0000000203754780	shard_1118_batch_0.tar	70003712	292229	5152928256	6084924
8596	16698	AF-0000000203754801	shard_1028_batch_0.tar	126068736	229964	2115441152	3775965
8598	8811	AF-0000000211752547	shard_1030_batch_2.tar	35740672	227001	569384448	3590966
8598	8907	AF-0000000211752548	shard_1044_batch_2.tar	13990400	237258	844881408	3992261
8598	11732	AF-0000000211752572	shard_1048_batch_2.tar	45343744	240529	1817627648	4163612
8598	12405	AF-0000000211752577	shard_1014_batch_2.tar	62025216	215737	210825216	3257795
8598	12980	AF-0000000211752585	shard_1148_batch_0.tar	255263232	310960	2041914368	6991495
8598	13418	AF-0000000211752591	shard_1040_batch_2.tar	109988864	233563	808068608	3890934
8600	10125	AF-0000000203748013	shard_1030_batch_0.tar	207870464	226366	2669661184	3731563
8600	13803	AF-0000000203748025	shard_420_batch_1.tar	109531136	135881	1408094208	1303022
8600	16563	AF-0000000203748016	shard_1036_batch_0.tar	85343232	230060	3390454272	3866079
8600	17551	AF-0000000203748011	shard_1028_batch_0.tar	102488064	223967	3059722240	3631475
8601	8953	AF-0000000211752628	shard_1006_batch_1.tar	33513984	214228	1328274432	3250765
8603	10231	AF-0000000211752638	shard_1087_batch_0.tar	64065536	289771	5171052032	5868286
8603	16822	AF-0000000211752683	shard_922_batch_2.tar	61357056	172933	544811520	2206258
8603	16825	AF-0000000211752685	shard_918_batch_2.tar	57789952	170777	769307648	2140196
8604	9119	AF-0000000204244219	shard_1030_batch_1.tar	10164736	228897	4198158336	3460538
8604	9305	AF-0000000204244198	shard_1000_batch_1.tar	167209472	211776	2265969664	2962713
8604	11843	AF-0000000204244166	shard_1108_batch_0.tar	258642432	278328	5127510016	5297307
8604	12338	AF-0000000204244210	shard_954_batch_1.tar	109674496	185543	1702723584	2327189
8604	12911	AF-0000000204244193	shard_920_batch_1.tar	155919360	171023	735042560	1991250
8604	13745	AF-0000000204244227	shard_1000_batch_1.tar	166177792	210799	2633202688	3037598
8605	11952	AF-0000000211752760	shard_1060_batch_0.tar	180041216	255507	4808369152	4705580
8605	14302	AF-0000000211752801	shard_1090_batch_0.tar	70430720	303986	6928779776	7038133
8605	14603	AF-0000000211752810	shard_1042_batch_0.tar	75978752	238911	2651728896	4009473
8605	14888	AF-0000000211752813	shard_1016_batch_0.tar	168986624	219370	444493824	3470436
8605	15079	AF-0000000211752818	shard_934_batch_0.tar	177102848	176611	2271520768	2294365
8605	16199	AF-0000000211752838	shard_1014_batch_0.tar	117185024	214365	1641095680	3211919
8606	8907	AF-0000000206014576	shard_1031_batch_1.tar	152071168	230131	1523917312	3427054
8606	9545	AF-0000000206014584	shard_1025_batch_1.tar	145334272	225812	4035363328	3403277
8606	10355	AF-0000000206014557	shard_923_batch_0.tar	96763392	172789	1854883328	1977641
8606	12405	AF-0000000206014582	shard_997_batch_1.tar	171465216	208164	1571313664	2838411
8606	13866	AF-0000000211752868	shard_1017_batch_1.tar	135131136	221515	3534670336	3250180
8606	16243	AF-0000000206014583	shard_993_batch_1.tar	70730240	206428	483812352	2768338
8608	11043	AF-0000000204740228	shard_328_batch_3.tar	6227968	96656	375394304	639646
8608	14438	AF-0000000204740229	shard_322_batch_3.tar	93651456	93775	630836224	609965
8610	16275	AF-0000000203715597	shard_408_batch_1.tar	79575040	133255	454560256	1266724
8613	9571	AF-0000000204163749	shard_324_batch_2.tar	88978432	94767	507847680	626939
8613	14981	AF-0000000204163760	shard_248_batch_1.tar	23525888	66999	186745344	295376
8613	15880	AF-0000000204163772	shard_230_batch_0.tar	55490048	59135	125599232	227293
8613	17718	AF-0000000204163751	shard_266_batch_1.tar	52623872	73677	300758528	361871
8614	9584	AF-0000000205962872	shard_355_batch_0.tar	42804224	107233	512019968	789235
8614	16349	AF-0000000205962885	shard_427_batch_1.tar	11973632	142506	1136070144	1442810
8615	10116	AF-0000000206039389	shard_315_batch_0.tar	70745600	89484	713044992	584239
8617	11614	AF-0000000203512656	shard_1066_batch_0.tar	60819968	262441	4240754176	5160421
8617	16595	AF-0000000203512650	shard_948_batch_0.tar	124717056	183692	1382390272	2570119
8617	16596	AF-0000000203512649	shard_948_batch_0.tar	59718656	183536	732787200	2569280
8621	9621	AF-0000000206007654	shard_403_batch_1.tar	54603264	128882	1109714432	1142627
8621	9855	AF-0000000206007729	shard_935_batch_0.tar	17479680	177909	1113004544	2356449
8621	10600	AF-0000000206007519	shard_265_batch_0.tar	19743744	72748	316528128	354235
8621	10846	AF-0000000206007380	shard_267_batch_0.tar	65553408	73605	483731968	364114
8621	10982	AF-0000000206007529	shard_269_batch_0.tar	6645248	75136	487602688	382725
8621	11537	AF-0000000206007660	shard_331_batch_0.tar	9064448	97300	427171328	655661
8621	11969	AF-0000000206007402	shard_327_batch_0.tar	30076928	95174	312559104	633109
8621	12088	AF-0000000206007698	shard_447_batch_1.tar	125959680	153059	1794292736	1710535
8621	12089	AF-0000000206007668	shard_451_batch_1.tar	31058432	155040	609288192	1773285
8621	12396	AF-0000000206007573	shard_273_batch_0.tar	57691136	75637	248734208	387494
8621	14021	AF-0000000206007464	shard_433_batch_1.tar	11677184	147555	594257920	1545428
8621	14308	AF-0000000206007702	shard_381_batch_1.tar	43985408	119281	643159040	980051
8621	14382	AF-0000000206007377	shard_907_batch_0.tar	501760	165206	1975515648	2055351
8621	14394	AF-0000000206007725	shard_901_batch_0.tar	74505216	164237	1133636096	1909727
8621	14813	AF-0000000206007518	shard_265_batch_0.tar	42681344	72691	158709248	355580
8621	15432	AF-0000000206007572	shard_273_batch_0.tar	7078912	75864	238973440	388968
8621	15576	AF-0000000206007780	shard_413_batch_1.tar	57629184	135850	1429388800	1310677
8621	16276	AF-0000000206007517	shard_265_batch_0.tar	3112960	73381	166987776	364072
8622	8684	AF-0000000204061503	shard_240_batch_0.tar	17285632	63962	163914240	267388
8622	10845	AF-0000000204061501	shard_248_batch_0.tar	9191424	66244	272214528	285395
8622	10874	AF-0000000204061509	shard_252_batch_0.tar	41302016	68489	346963968	313652
8622	11744	AF-0000000204061507	shard_274_batch_1.tar	24187392	75190	177527808	388350
8622	13924	AF-0000000211752912	shard_284_batch_1.tar	52108288	79533	233772032	406918
8622	15661	AF-0000000204061502	shard_258_batch_1.tar	47114240	71494	171112448	325292
8622	15992	AF-0000000204061500	shard_226_batch_0.tar	43184640	58614	123356672	222876
8622	16032	AF-0000000204061505	shard_266_batch_1.tar	44625408	72509	423540224	364301
8622	16836	AF-0000000204061496	shard_298_batch_1.tar	48337408	85019	316030976	454569
8622	17680	AF-0000000204061506	shard_260_batch_1.tar	28825088	71348	164130816	335134
8623	16365	AF-0000000206052636	shard_195_batch_0.tar	41609728	46063	152530944	130458
8623	17583	AF-0000000206052624	shard_190_batch_4.tar	16855040	43535	107193856	125231
8624	8957	AF-0000000204801751	shard_412_batch_4.tar	72712704	132324	571013632	1181810
8624	10708	AF-0000000204801745	shard_318_batch_4.tar	73411072	92855	330683904	601113
8624	14986	AF-0000000204801737	shard_304_batch_4.tar	21106176	87536	191655424	540224
8624	15295	AF-0000000204801735	shard_282_batch_3.tar	11144192	80248	523053056	443173
8627	16177	AF-0000000211752994	shard_400_batch_4.tar	7592960	128056	514999808	1134803
8630	15789	AF-0000000211753015	shard_906_batch_2.tar	71181824	165944	193886208	1948833
8637	9313	AF-0000000211753027	shard_908_batch_0.tar	11095040	164034	2028761600	2070259
8639	9480	AF-0000000204469743	shard_236_batch_2.tar	18990592	61807	194766848	255013
8639	9859	AF-0000000204469723	shard_256_batch_2.tar	32785920	68876	433956864	317072
8639	12916	AF-0000000204469740	shard_282_batch_2.tar	46350336	79374	238555136	424395
8640	12669	AF-0000000204112389	shard_264_batch_1.tar	53201920	74731	270210560	389889
8640	14978	AF-0000000204112388	shard_262_batch_1.tar	2048512	74843	177520128	379304
8642	16462	AF-0000000204837993	shard_274_batch_3.tar	68474368	77385	417672704	420159
8643	8686	AF-0000000211753121	shard_246_batch_0.tar	31890944	66784	362273792	286443
8646	11683	AF-0000000211753149	shard_334_batch_3.tar	79518208	100827	455053824	631474
8646	12947	AF-0000000211753154	shard_898_batch_2.tar	54951424	164275	978713600	1834821
8646	15742	AF-0000000211753161	shard_264_batch_3.tar	52766208	73257	437755392	339549
8648	10399	AF-0000000211753184	shard_306_batch_1.tar	61927424	86731	430441472	506588
8648	11047	AF-0000000211753192	shard_204_batch_0.tar	41353728	53041	197019136	169114
8648	11146	AF-0000000211753195	shard_370_batch_1.tar	53184000	115397	1060633600	901131
8648	12951	AF-0000000211753216	shard_410_batch_2.tar	49028608	135918	304028672	1274696
8648	14060	AF-0000000211753231	shard_236_batch_0.tar	41100288	65417	171302400	272079
8648	14068	AF-0000000211753232	shard_346_batch_1.tar	78229504	102630	877228032	722556
8648	14114	AF-0000000211753233	shard_236_batch_0.tar	8874496	65103	366887936	272063
8648	14583	AF-0000000211753241	shard_370_batch_1.tar	63741952	114762	220461056	909809
8648	14888	AF-0000000211753245	shard_390_batch_1.tar	57607168	123677	555760640	1032463
8648	15625	AF-0000000211753254	shard_306_batch_1.tar	77853696	89643	220664832	544786
8648	15720	AF-0000000211753256	shard_226_batch_0.tar	50413568	61166	239648256	218949
8648	16835	AF-0000000211753269	shard_244_batch_0.tar	59606528	67078	308097536	280263
8648	17686	AF-0000000211753280	shard_344_batch_1.tar	100509696	103612	907294208	759234
8651	14308	AF-0000000203492426	shard_440_batch_0.tar	53567488	152437	1533490688	1603442
8651	14309	AF-0000000203492431	shard_352_batch_0.tar	16825344	107115	654191616	774541
8651	14311	AF-0000000203492444	shard_414_batch_0.tar	131543040	136726	539892224	1247866
8651	15879	AF-0000000203492417	shard_386_batch_0.tar	108985856	121214	839686656	1008218
8651	16824	AF-0000000203492430	shard_348_batch_0.tar	22541312	105006	680552448	740221
8651	17153	AF-0000000211753319	shard_378_batch_0.tar	10316800	118928	606758912	970385
8652	12582	AF-0000000204139050	shard_894_batch_1.tar	16388096	163004	1612264960	1734044
8654	10588	AF-0000000206047119	shard_371_batch_1.tar	60758016	114980	574480896	907040
8654	13228	AF-0000000206047109	shard_421_batch_1.tar	67851264	138292	1571159552	1412644
8654	13249	AF-0000000206047088	shard_385_batch_1.tar	27452416	120813	773209600	1035235
8654	15358	AF-0000000206047134	shard_443_batch_1.tar	62402048	151240	883642368	1633827
8656	8940	AF-0000000205975048	shard_909_batch_0.tar	32244224	170948	375668224	2049537
8656	9023	AF-0000000205974964	shard_257_batch_0.tar	2569216	71793	202655744	328619
8656	9457	AF-0000000205975075	shard_329_batch_0.tar	52506624	97717	448397312	652423
8656	9886	AF-0000000205975038	shard_265_batch_0.tar	25007104	74216	410692608	353075
8656	11112	AF-0000000205975041	shard_273_batch_0.tar	3837952	76870	146952192	392879
8656	12453	AF-0000000205975068	shard_347_batch_0.tar	27959296	104154	301157376	767742
8656	13704	AF-0000000205975056	shard_323_batch_0.tar	44934144	94941	489906688	593332
8656	14079	AF-0000000205974986	shard_234_batch_4.tar	30004224	63735	172066304	257758
8656	14630	AF-0000000205974985	shard_234_batch_4.tar	30321152	63293	181821952	258758
8656	14688	AF-0000000205975039	shard_265_batch_0.tar	7951872	74728	403097088	356218
8656	15365	AF-0000000205974984	shard_234_batch_4.tar	45644800	63685	316047360	256539
8656	15703	AF-0000000205974929	shard_399_batch_1.tar	113738752	129078	543915008	1109019
8656	15923	AF-0000000205974956	shard_299_batch_0.tar	3971584	85205	330144256	497966
8656	16272	AF-0000000205974966	shard_275_batch_0.tar	37095424	77845	302273536	391147
8656	17584	AF-0000000205975083	shard_325_batch_0.tar	70859264	96252	650959360	627741
8657	9866	AF-0000000204674449	shard_370_batch_3.tar	49293824	113545	314854400	876463
8657	15765	AF-0000000211753333	shard_408_batch_4.tar	1982464	131735	1357567488	1158369
8658	12519	AF-0000000204768037	shard_382_batch_4.tar	67501568	120745	947382272	979921
8658	14887	AF-0000000204768038	shard_416_batch_4.tar	126608384	137533	1366768640	1234383
8660	9217	AF-0000000204737778	shard_418_batch_4.tar	112982528	136192	500743168	1272831
8660	11935	AF-0000000204737779	shard_408_batch_4.tar	33521152	133268	1139966976	1198684
8660	13017	AF-0000000204737795	shard_322_batch_3.tar	84330496	94189	217528832	630790
8660	15030	AF-0000000204737796	shard_324_batch_4.tar	87667712	94181	700092416	636005
8661	9169	AF-0000000211753341	shard_242_batch_1.tar	40384000	66497	348112896	292193
8661	9817	AF-0000000211753342	shard_336_batch_2.tar	38546944	100465	264261120	693658
8661	10730	AF-0000000204301165	shard_440_batch_3.tar	115538432	153603	1730680320	1629852
8661	11383	AF-0000000204301148	shard_256_batch_1.tar	40262144	73063	198141440	342631
8661	11966	AF-0000000204301116	shard_320_batch_2.tar	90534400	94095	333457920	599590
8661	12089	AF-0000000204301297	shard_426_batch_3.tar	70476800	142687	474611200	1456123
8661	12980	AF-0000000204301097	shard_968_batch_1.tar	52164608	195087	1930973696	2727475
8661	13249	AF-0000000204301146	shard_256_batch_1.tar	41403392	72716	285217280	342475
8661	14079	AF-0000000204301204	shard_220_batch_1.tar	24671232	59807	204234240	219397
8661	14122	AF-0000000204301212	shard_278_batch_2.tar	56102400	80653	555824128	419952
8661	14630	AF-0000000204301203	shard_222_batch_1.tar	14345216	59654	306591744	220605
8661	14744	AF-0000000204301130	shard_402_batch_3.tar	76171264	132244	1219492864	1190933
8661	15365	AF-0000000204301202	shard_220_batch_1.tar	24316928	59846	121590272	219916
8661	15401	AF-0000000204301145	shard_256_batch_1.tar	11847680	72918	439934976	341463
8661	16015	AF-0000000204301113	shard_338_batch_2.tar	49731072	101999	490070528	707859
8661	16436	AF-0000000204301314	shard_368_batch_2.tar	10350592	115639	396468224	927955
8661	16449	AF-0000000204301245	shard_220_batch_1.tar	33427968	59124	221005824	218887
8661	16666	AF-0000000204301147	shard_256_batch_1.tar	36112896	73313	366066176	344720
8661	17332	AF-0000000204301161	shard_336_batch_2.tar	51457536	103163	702201856	697569
8663	11334	AF-0000000211753354	shard_403_batch_1.tar	51745280	131509	684799488	1193065
8673	11657	AF-0000000203717262	shard_912_batch_0.tar	11517952	167764	620190208	2015744
8675	9981	AF-0000000204815185	shard_260_batch_3.tar	33136640	71901	207924736	342580
8675	11489	AF-0000000204815186	shard_268_batch_3.tar	49816576	74954	412599296	352079
8676	9500	AF-0000000205939209	shard_1011_batch_0.tar	121545728	212970	3348776448	3279324
8679	13530	AF-0000000203998078	shard_426_batch_2.tar	47328256	141776	1579857408	1471327
8679	17192	AF-0000000203998093	shard_366_batch_1.tar	32355328	111264	860261376	907724
8680	9270	AF-0000000203484455	shard_406_batch_0.tar	87824384	123858	441042944	1122754
8680	11164	AF-0000000203484457	shard_390_batch_0.tar	121136128	116779	911004160	975020
8680	15171	AF-0000000203484456	shard_394_batch_0.tar	52426240	119661	1111795200	1035052
8682	12322	AF-0000000203622810	shard_1068_batch_0.tar	133448192	261021	5212636160	5243505
8683	16696	AF-0000000206003555	shard_269_batch_0.tar	15891968	74716	331008512	360093
8684	9215	AF-0000000204061806	shard_302_batch_1.tar	50393600	85825	208169472	490456
8684	9383	AF-0000000204061810	shard_286_batch_1.tar	46765056	79433	330580992	422031
8684	10845	AF-0000000204061812	shard_236_batch_0.tar	25738752	61484	190686720	251915
8684	10873	AF-0000000204061818	shard_234_batch_0.tar	43738112	61453	229818880	243755
8684	10874	AF-0000000204061819	shard_242_batch_0.tar	44169728	63695	284366336	267057
8684	10875	AF-0000000204061820	shard_246_batch_0.tar	6921216	65437	328089088	284595
8684	11031	AF-0000000204061822	shard_212_batch_0.tar	51974656	53658	116903936	181147
8684	11744	AF-0000000204061817	shard_262_batch_1.tar	52150784	70788	468951040	331652
8684	12963	AF-0000000204061804	shard_244_batch_0.tar	31396352	64938	332208640	272313
8684	13015	AF-0000000204061809	shard_298_batch_1.tar	69394944	84286	611395584	462613
8684	13718	AF-0000000204061808	shard_288_batch_1.tar	12462080	81372	298403328	428457
8684	13924	AF-0000000211753387	shard_272_batch_1.tar	51550208	75258	386853376	374303
8684	14820	AF-0000000204061805	shard_282_batch_1.tar	21336064	77813	513494528	418293
8684	15387	AF-0000000204061814	shard_258_batch_1.tar	53325824	69754	157765632	315675
8684	15661	AF-0000000204061813	shard_246_batch_0.tar	40182784	67328	383022592	290447
8684	15992	AF-0000000204061811	shard_216_batch_0.tar	49646592	54225	112261120	194061
8684	16032	AF-0000000204061815	shard_256_batch_1.tar	13284864	68638	261105152	309650
8684	16836	AF-0000000204061807	shard_288_batch_1.tar	35824128	80229	381070336	431115
8684	17680	AF-0000000204061816	shard_248_batch_0.tar	1034752	66982	352048640	281561
8685	9513	AF-0000000204541586	shard_268_batch_3.tar	9149952	75051	345004032	377850
8685	9817	AF-0000000211753393	shard_358_batch_3.tar	19886080	108464	637978112	838968
8685	9921	AF-0000000204541587	shard_888_batch_1.tar	37816832	162997	902953472	1825603
8685	10460	AF-0000000204541522	shard_260_batch_2.tar	50290688	72560	451251712	354353
8685	11010	AF-0000000204541567	shard_272_batch_3.tar	53428736	75611	523160064	396062
8685	12266	AF-0000000204541361	shard_986_batch_1.tar	140697088	206956	2846073344	2847778
8685	12441	AF-0000000204541533	shard_950_batch_1.tar	140949504	184259	1345154560	2545247
8685	14083	AF-0000000204541459	shard_240_batch_3.tar	29637120	65289	190094336	278431
8685	14875	AF-0000000204541423	shard_290_batch_3.tar	2411520	81112	568459776	466695
8685	15024	AF-0000000204541619	shard_320_batch_3.tar	36743680	96400	211167232	630557
8685	15630	AF-0000000204541504	shard_240_batch_3.tar	43439104	65264	386618368	273381
8685	16289	AF-0000000204541501	shard_250_batch_2.tar	10016768	69872	365364736	302840
8685	17010	AF-0000000204541505	shard_240_batch_3.tar	40399872	65071	188712448	274169
8685	17344	AF-0000000204541561	shard_268_batch_3.tar	5296640	75312	251291648	379536
8686	9301	AF-0000000203525860	shard_290_batch_0.tar	15585280	80768	301135360	445718
8686	9617	AF-0000000203525854	shard_390_batch_0.tar	3456512	122962	469191680	1091058
8686	9624	AF-0000000203525856	shard_412_batch_0.tar	21116416	133658	1013155328	1335460
8686	11630	AF-0000000203525869	shard_222_batch_0.tar	6076416	58304	311271936	209597
8686	12883	AF-0000000203525870	shard_950_batch_0.tar	148310528	179725	498599424	2236898
8686	14441	AF-0000000211753407	shard_336_batch_0.tar	51019264	98631	747986944	663458
8686	15789	AF-0000000211753408	shard_414_batch_0.tar	117073920	135292	621416448	1342366
8687	9855	AF-0000000203619108	shard_980_batch_0.tar	139760128	199945	1578798592	2953741
8693	10361	AF-0000000204075046	shard_436_batch_2.tar	44018688	147508	605827584	1509457
8693	10362	AF-0000000204075045	shard_436_batch_2.tar	121960448	147354	1196434432	1509395
8693	14327	AF-0000000204075081	shard_902_batch_1.tar	58910720	166344	1996861952	1979685
8693	17052	AF-0000000204075058	shard_422_batch_2.tar	78477824	139718	887575552	1355669
8695	9310	AF-0000000211753422	shard_902_batch_2.tar	43638784	166772	486771712	1958655
8695	10035	AF-0000000211753423	shard_412_batch_4.tar	95333376	135273	732976640	1317291
8695	15132	AF-0000000211753426	shard_940_batch_2.tar	44421120	181163	636584448	2341668
8695	16315	AF-0000000211753428	shard_358_batch_4.tar	51287040	108039	546034688	777100
8695	16469	AF-0000000211753429	shard_890_batch_2.tar	74868736	163315	872006144	1858206
8695	16534	AF-0000000211753430	shard_348_batch_4.tar	50006528	103857	429722624	757467
8695	16717	AF-0000000211753432	shard_344_batch_4.tar	8530432	103185	532165120	735263
8697	11240	AF-0000000204141823	shard_246_batch_1.tar	41307136	66437	369694208	300201
8698	9404	AF-0000000204609979	shard_370_batch_3.tar	101176832	113492	791734272	921479
8698	9679	AF-0000000204609974	shard_254_batch_3.tar	69418496	69439	322870272	307439
8698	12766	AF-0000000204609973	shard_256_batch_3.tar	21443072	69739	154159104	310266
8700	10902	AF-0000000211753444	shard_964_batch_1.tar	77131264	190578	2787736576	2600183
8700	17482	AF-0000000211753461	shard_1000_batch_1.tar	101542400	208582	2415946240	3137091
8701	10853	AF-0000000205968679	shard_1055_batch_1.tar	138781184	244772	1734185984	4153093
8701	10854	AF-0000000205968677	shard_1053_batch_1.tar	185262592	241882	3267210240	4102703
8701	15627	AF-0000000205968680	shard_447_batch_1.tar	139024384	155493	756396544	1687174
8702	12541	AF-0000000205953323	shard_391_batch_0.tar	59059200	123460	1204713472	1005821
8705	11314	AF-0000000203987807	shard_332_batch_1.tar	80796160	100985	214587904	688724
8705	13750	AF-0000000203987808	shard_342_batch_1.tar	40416256	104503	495119872	741071
8705	14838	AF-0000000203987809	shard_444_batch_2.tar	141808128	155344	436615168	1708509
8705	16896	AF-0000000211753471	shard_404_batch_1.tar	109276672	131023	474865152	1218799
8708	12231	AF-0000000211753474	shard_926_batch_1.tar	163264000	173951	1668625920	2203729
8712	11334	AF-0000000211753480	shard_969_batch_0.tar	14496768	193133	2398589952	2704394
8712	11737	AF-0000000205952078	shard_1015_batch_0.tar	64408064	218060	2591755264	3488442
8713	10355	AF-0000000204711246	shard_366_batch_3.tar	105613824	112216	861943808	857020
8716	10183	AF-0000000204837807	shard_1067_batch_0.tar	246670336	257704	4395157504	5059951
8716	11131	AF-0000000204837827	shard_1075_batch_0.tar	161955840	267173	649625088	5445685
8716	11490	AF-0000000204837808	shard_1125_batch_0.tar	184256512	286813	2629408768	6394374
8716	12498	AF-0000000204837811	shard_997_batch_0.tar	124684288	204719	2733974528	3127101
8716	13325	AF-0000000204837804	shard_987_batch_0.tar	98597376	200129	534129152	2986461
8716	16102	AF-0000000204837840	shard_1033_batch_0.tar	102647296	231377	1179453440	3898886
8716	17416	AF-0000000204837819	shard_967_batch_0.tar	89955840	190215	1222358528	2691937
8716	17548	AF-0000000204837829	shard_1067_batch_0.tar	161837056	257248	5333396992	5064229
8716	17772	AF-0000000204837805	shard_1123_batch_0.tar	70119424	285015	5843350528	6242027
8717	9255	AF-0000000206064607	shard_887_batch_1.tar	133132800	157103	1581826560	1818260
8717	12008	AF-0000000206064610	shard_219_batch_0.tar	25838080	55523	130375680	216497
8717	12043	AF-0000000206064608	shard_883_batch_0.tar	80281088	152557	654420480	1644571
8726	9024	AF-0000000211753505	shard_450_batch_2.tar	142980096	158287	1225407488	1725574
8726	11287	AF-0000000211753521	shard_448_batch_2.tar	138667520	158134	647691776	1705607
8726	13847	AF-0000000211753533	shard_448_batch_2.tar	82470400	157520	733645824	1691314
8734	9006	AF-0000000211753561	shard_942_batch_1.tar	44220928	180835	695298560	2400853
8734	9145	AF-0000000211753567	shard_1086_batch_1.tar	207685120	290020	5004440064	6338387
8734	9965	AF-0000000211753589	shard_1012_batch_1.tar	160787968	218343	757850112	3488288
8734	10206	AF-0000000211753590	shard_1164_batch_0.tar	23754752	341381	7812061184	8466741
8734	11330	AF-0000000211753605	shard_1030_batch_1.tar	160287232	230216	981057536	3898443
8734	12441	AF-0000000211753623	shard_1114_batch_0.tar	239299072	282364	1117388800	6099799
8734	14250	AF-0000000211753657	shard_908_batch_1.tar	78595584	168610	2129735168	2090046
8734	16809	AF-0000000211753702	shard_1014_batch_1.tar	62175744	217363	2152590336	3641326
8734	17008	AF-0000000211753707	shard_1144_batch_0.tar	87963648	308336	1360287232	6716408
8734	17197	AF-0000000211753710	shard_932_batch_1.tar	91454976	178494	2500763136	2292568
8735	11701	AF-0000000203543554	shard_302_batch_0.tar	22810112	85765	341074432	501838
8736	17708	AF-0000000205951649	shard_939_batch_0.tar	21422080	178496	757758464	2243245
8737	10317	AF-0000000211753738	shard_1020_batch_2.tar	8460800	219663	545644032	3518656
8737	13611	AF-0000000211753774	shard_1070_batch_2.tar	103685632	262555	2437083648	4961351
8737	14625	AF-0000000211753785	shard_974_batch_2.tar	88850432	192243	1067937280	2731185
8741	9601	AF-0000000204682987	shard_940_batch_2.tar	40263168	179810	1115817472	2325523
8741	9675	AF-0000000204682977	shard_1066_batch_2.tar	60708352	261512	2420006912	5018875
8741	13997	AF-0000000204682976	shard_1032_batch_2.tar	26449408	230174	1851378688	3735824
8743	9016	AF-0000000204335273	shard_224_batch_1.tar	5109760	58612	326845440	222438
8743	9258	AF-0000000204335192	shard_210_batch_1.tar	26629120	53167	212850688	179886
8743	9457	AF-0000000204335331	shard_276_batch_2.tar	68457984	77656	453681152	400664
8743	9777	AF-0000000204335229	shard_206_batch_1.tar	11802112	52129	133734400	172775
8743	10313	AF-0000000204335170	shard_182_batch_1.tar	17717248	41557	157067264	101514
8743	10322	AF-0000000204335113	shard_266_batch_2.tar	31012352	75291	459544064	375204
8743	10460	AF-0000000204335278	shard_196_batch_1.tar	39035392	47947	211951104	144271
8743	10604	AF-0000000204335208	shard_184_batch_1.tar	44032	42558	113675776	109645
8743	11112	AF-0000000204335274	shard_218_batch_1.tar	53983232	57101	306736128	206589
8743	11811	AF-0000000204335298	shard_246_batch_1.tar	16131584	67247	280927232	278372
8743	12244	AF-0000000204335169	shard_182_batch_1.tar	19588096	41469	154553344	97085
8743	12395	AF-0000000204335291	shard_316_batch_2.tar	37085184	90633	406730240	573126
8743	12780	AF-0000000204335209	shard_184_batch_1.tar	16073216	42629	182883328	110469
8743	13586	AF-0000000204335122	shard_254_batch_2.tar	50224128	70053	399801344	324592
8743	14023	AF-0000000204335262	shard_188_batch_1.tar	21160960	43861	91870208	121131
8743	14088	AF-0000000204335329	shard_224_batch_1.tar	30727680	59095	122601472	227904
8743	15925	AF-0000000204335200	shard_190_batch_1.tar	44370944	44961	127977984	115780
8743	17052	AF-0000000204335292	shard_208_batch_1.tar	26401280	52946	129100800	175349
8743	17317	AF-0000000204335315	shard_180_batch_1.tar	21575168	39939	133233664	93792
8743	17770	AF-0000000204335313	shard_246_batch_1.tar	52043264	67189	397021184	276379
8744	11175	AF-0000000211753848	shard_284_batch_0.tar	61338112	79159	213172736	422433
8745	11188	AF-0000000205995936	shard_1003_batch_0.tar	163990016	207408	2290873344	3067110
8745	11319	AF-0000000205995928	shard_349_batch_0.tar	48696832	105155	630022656	774890
8746	9112	AF-0000000203543696	shard_338_batch_0.tar	67885568	99840	439058432	687562
8746	13867	AF-0000000203543699	shard_308_batch_0.tar	88064	89076	173101056	492984
8746	14329	AF-0000000203543697	shard_344_batch_0.tar	72430592	103086	880649728	738135
8746	15848	AF-0000000203543698	shard_340_batch_0.tar	30007808	102356	575238656	710972
8749	14309	AF-0000000206005057	shard_218_batch_4.tar	54791680	55942	241650688	201880
8749	14313	AF-0000000206005061	shard_250_batch_4.tar	24237568	68217	354868224	301772
8749	17476	AF-0000000211753876	shard_283_batch_0.tar	46415872	78344	417075712	429251
8750	10125	AF-0000000203499820	shard_910_batch_0.tar	40026112	167413	1397862400	2018092
8750	12294	AF-0000000203499822	shard_898_batch_0.tar	83106304	162755	622577664	1986798
8750	16563	AF-0000000203499823	shard_922_batch_0.tar	74202112	170742	1994301440	2134726
8750	17551	AF-0000000203499817	shard_908_batch_0.tar	156149248	164454	421982720	1929032
8756	9624	AF-0000000211753886	shard_440_batch_0.tar	91506176	149985	723129344	1710857
8756	10698	AF-0000000211753887	shard_322_batch_0.tar	22182400	96000	466228736	609177
8761	14793	AF-0000000206047177	shard_172_batch_3.tar	583680	28276	90986496	39978
8761	17404	AF-0000000211753903	shard_207_batch_0.tar	2663424	51422	257826816	169607
8762	15139	AF-0000000204838626	shard_1045_batch_0.tar	40404992	244352	1662178816	3798156
8765	13473	AF-0000000203748776	shard_322_batch_0.tar	14845440	95535	420338176	628276
8766	15055	AF-0000000203890516	shard_994_batch_0.tar	102940672	212626	2345266688	3031515
8768	15528	AF-0000000203576430	shard_310_batch_0.tar	74078208	87041	432476672	566397
8768	16531	AF-0000000203576454	shard_252_batch_0.tar	29322752	65350	381252608	320110
8768	17109	AF-0000000211753910	shard_310_batch_0.tar	73182208	86922	278647296	567956
8771	9310	AF-0000000211753920	shard_887_batch_0.tar	63278592	160713	1987956224	1833008
8771	9458	AF-0000000211753921	shard_318_batch_4.tar	62410240	91402	414247936	582465
8771	9582	AF-0000000211753923	shard_376_batch_4.tar	33452544	116300	802071040	870609
8771	10543	AF-0000000211753932	shard_326_batch_4.tar	52856320	95745	377701888	651014
8771	13921	AF-0000000211753949	shard_222_batch_3.tar	1489920	58010	117556224	219040
8771	15132	AF-0000000211753959	shard_926_batch_2.tar	49555968	174737	1107365376	2263193
8771	15507	AF-0000000211753961	shard_256_batch_3.tar	50565120	70016	333138944	334160
8771	16212	AF-0000000211753968	shard_338_batch_4.tar	24071168	98728	671053824	707013
8771	16469	AF-0000000211753971	shard_446_batch_4.tar	37617664	157172	1470468608	1736239
8771	17684	AF-0000000211753980	shard_284_batch_3.tar	70497792	80714	355030528	435722
8772	13811	AF-0000000203688940	shard_386_batch_0.tar	91655680	123567	1101133312	1067293
8772	17423	AF-0000000203688937	shard_292_batch_0.tar	82686976	84455	410455040	469894
8773	12849	AF-0000000204627121	shard_1072_batch_2.tar	122387456	266389	1675440128	5369330
8773	13116	AF-0000000204627138	shard_1180_batch_0.tar	34790400	379430	3683559936	11019451
8773	17671	AF-0000000204627147	shard_1004_batch_2.tar	28992000	209592	802487296	3280934
8776	14551	AF-0000000211754008	shard_310_batch_1.tar	19164672	91734	564276736	526119
8778	9035	AF-0000000211754018	shard_242_batch_1.tar	30019072	64807	149403648	267106
8778	9169	AF-0000000211754020	shard_248_batch_1.tar	57372672	66669	376568832	286518
8778	9883	AF-0000000204212435	shard_242_batch_1.tar	65213440	64862	176513536	265052
8778	10313	AF-0000000204212466	shard_222_batch_1.tar	177152	58794	207767040	198125
8778	10713	AF-0000000211754025	shard_936_batch_1.tar	56968704	177831	2331771392	2292796
8778	12378	AF-0000000204212440	shard_240_batch_1.tar	52998656	64308	148503040	264255
8778	12910	AF-0000000204212464	shard_222_batch_1.tar	29976064	58534	314998272	197834
8778	14079	AF-0000000204212511	shard_226_batch_1.tar	911872	60491	150355456	226146
8778	14670	AF-0000000204212501	shard_200_batch_0.tar	36530688	50397	177691136	144449
8778	15365	AF-0000000204212509	shard_226_batch_1.tar	14159360	60504	174405632	226520
8778	15576	AF-0000000204212669	shard_386_batch_2.tar	10380800	123214	802315264	1060317
8778	16822	AF-0000000204212663	shard_240_batch_1.tar	56489984	65513	318285312	267361
8778	17020	AF-0000000204212417	shard_430_batch_3.tar	9133568	144642	643058688	1549377
8778	17184	AF-0000000204212434	shard_242_batch_1.tar	9101824	65081	193329664	266571
8782	10398	AF-0000000204813283	shard_439_batch_0.tar	131347456	154126	1380805632	1647896
8782	10649	AF-0000000204813329	shard_344_batch_4.tar	101346816	103925	849536512	767899
8782	12140	AF-0000000204813321	shard_250_batch_3.tar	7797248	69341	282375168	293571
8782	12658	AF-0000000204813322	shard_210_batch_3.tar	657920	54708	193381376	180194
8782	12796	AF-0000000211754105	shard_236_batch_3.tar	60820992	63665	352885760	254661
8782	14310	AF-0000000204813336	shard_270_batch_4.tar	18560000	77299	384588288	370872
8782	14363	AF-0000000204813337	shard_960_batch_2.tar	51682304	186887	685058560	2360725
8782	16423	AF-0000000204813274	shard_394_batch_4.tar	55124992	128424	348431360	1114207
8782	17309	AF-0000000204813271	shard_240_batch_3.tar	3171840	66131	386360320	257489
8782	17668	AF-0000000204813282	shard_439_batch_0.tar	26436096	153731	1818622464	1658738
8784	10065	AF-0000000203952547	shard_324_batch_1.tar	41926144	94257	459119104	619428
8792	15359	AF-0000000211754133	shard_1151_batch_0.tar	64825856	313476	6103536640	7138689
8797	9324	AF-0000000204681231	shard_304_batch_3.tar	61663232	86236	458101760	508297
8797	9624	AF-0000000204681199	shard_408_batch_4.tar	2651136	131015	846699008	1278405
8797	9665	AF-0000000204681203	shard_336_batch_3.tar	48621056	101467	259725824	648370
8797	10300	AF-0000000204681229	shard_194_batch_3.tar	9204736	47978	114471424	127328
8797	10317	AF-0000000204681232	shard_268_batch_3.tar	33395200	75104	486009344	343387
8797	10449	AF-0000000204681219	shard_192_batch_3.tar	10402304	46644	166146560	122570
8797	12135	AF-0000000204681234	shard_176_batch_2.tar	16536064	36129	87193600	68951
8797	12203	AF-0000000211754163	shard_194_batch_3.tar	924160	47234	161219072	124997
8797	12727	AF-0000000204681202	shard_206_batch_3.tar	40073216	51706	123330560	159410
8797	12796	AF-0000000211754164	shard_206_batch_3.tar	40338944	51547	194454016	167456
8797	13611	AF-0000000204681224	shard_380_batch_4.tar	53611520	117721	569200640	965126
8797	14309	AF-0000000204681241	shard_186_batch_2.tar	40060416	44126	166353408	116920
8797	14311	AF-0000000204681251	shard_264_batch_3.tar	36274688	73639	330092544	344924
8797	15397	AF-0000000204681243	shard_218_batch_3.tar	18705408	56144	275885056	201500
8797	15405	AF-0000000204681244	shard_206_batch_3.tar	44187136	51590	260344832	171507
8797	15789	AF-0000000211754165	shard_410_batch_4.tar	101326336	132831	323098112	1299922
8797	15987	AF-0000000204681227	shard_192_batch_3.tar	35787776	46773	142453248	120755
8797	16257	AF-0000000204681201	shard_246_batch_3.tar	2241024	67454	239252480	288218
8798	15151	AF-0000000203786230	shard_1124_batch_0.tar	176862720	292636	3620036608	6110292
8799	8907	AF-0000000203744523	shard_396_batch_1.tar	99189248	126040	782999552	1065606
8799	12742	AF-0000000203744515	shard_372_batch_0.tar	87434240	113007	715766272	854240
8799	13360	AF-0000000203744527	shard_336_batch_0.tar	45856256	101524	528549888	684003
8799	13660	AF-0000000203744530	shard_330_batch_0.tar	75348992	99800	557657088	635338
8799	16829	AF-0000000203744514	shard_350_batch_0.tar	95589888	104033	342005248	735828
8800	14667	AF-0000000211754185	shard_354_batch_0.tar	109568	107058	923570176	806794
8806	10004	AF-0000000205990705	shard_353_batch_0.tar	33579520	108867	592570880	802394
8806	11462	AF-0000000205990797	shard_403_batch_1.tar	117950976	129033	1141298688	1167939
8806	12936	AF-0000000205990778	shard_345_batch_0.tar	94304768	102929	398317568	682807
8806	14197	AF-0000000205990785	shard_267_batch_0.tar	8748544	73554	189258752	376938
8806	14212	AF-0000000205990716	shard_273_batch_0.tar	49607680	74315	334238208	389076
8806	15703	AF-0000000205990701	shard_387_batch_1.tar	51523072	122302	840422912	1012396
8806	15730	AF-0000000205990789	shard_228_batch_4.tar	15482368	59569	347790848	237780
8806	16211	AF-0000000205990795	shard_1029_batch_1.tar	42153984	224963	1305634816	3601790
8809	14920	AF-0000000205975973	shard_411_batch_1.tar	26659840	132583	1304767488	1271875
8811	9874	AF-0000000211754201	shard_352_batch_3.tar	100679680	107081	229585408	781799
8811	10904	AF-0000000211754202	shard_1044_batch_2.tar	84873216	240461	1489856000	3841284
8811	10932	AF-0000000211754203	shard_378_batch_3.tar	11252224	118501	998206976	952323
8811	11042	AF-0000000204685059	shard_342_batch_3.tar	13127680	103058	846359552	713159
8811	11936	AF-0000000204685038	shard_410_batch_4.tar	104947712	135037	279145984	1268567
8811	12232	AF-0000000204685070	shard_328_batch_3.tar	72786944	97395	243470848	629884
8811	12687	AF-0000000204685046	shard_366_batch_3.tar	23897088	112568	656059904	871358
8811	12979	AF-0000000204685037	shard_972_batch_2.tar	585216	192835	709181440	2535498
8811	13269	AF-0000000204685034	shard_882_batch_2.tar	61522944	153130	678774784	1562681
8811	13866	AF-0000000211754207	shard_432_batch_4.tar	9911296	147623	1642216960	1492371
8811	14175	AF-0000000204685065	shard_1080_batch_2.tar	181677568	280006	5728601600	5123594
8811	14994	AF-0000000204685036	shard_436_batch_4.tar	145448960	146793	1124719104	1463027
8811	17627	AF-0000000204685015	shard_1066_batch_2.tar	53588992	262235	360822784	4933230
8812	10308	AF-0000000204032125	shard_902_batch_1.tar	154100736	166253	996000256	1865701
8812	10600	AF-0000000204032104	shard_904_batch_1.tar	105210368	167529	679656960	1937092
8812	11383	AF-0000000204032091	shard_938_batch_1.tar	73166848	180865	1923224576	2317469
8812	11409	AF-0000000204032086	shard_932_batch_1.tar	28022272	178256	2323872768	2138975
8812	12472	AF-0000000204032124	shard_922_batch_1.tar	100525056	174210	1541404672	2056324
8812	13102	AF-0000000204032093	shard_896_batch_1.tar	114447872	164889	774326272	1861219
8812	13201	AF-0000000204032094	shard_914_batch_1.tar	105921536	171277	688408064	2040525
8812	14625	AF-0000000204032092	shard_918_batch_1.tar	13023232	172593	2093018112	2086869
8812	14813	AF-0000000204032103	shard_904_batch_1.tar	149152768	167797	691534848	1939237
8815	9769	AF-0000000204106077	shard_452_batch_2.tar	66839552	158394	656929792	1739386
8821	15726	AF-0000000203455272	shard_424_batch_0.tar	29219840	141554	1660133888	1391069
8821	16002	AF-0000000203455258	shard_926_batch_0.tar	171027968	178551	1747828736	2130079
8821	16442	AF-0000000203455273	shard_432_batch_0.tar	108528128	145896	820253696	1489672
8821	16593	AF-0000000211754240	shard_424_batch_0.tar	90883072	142996	1204281344	1380701
8821	17066	AF-0000000203455267	shard_888_batch_0.tar	151383552	160766	1371901440	1808423
8821	17135	AF-0000000203455257	shard_926_batch_0.tar	16442880	179328	1342402048	2145575
8824	9500	AF-0000000211754244	shard_1064_batch_1.tar	208327168	259248	3155526656	4752663
8826	15421	AF-0000000203519098	shard_1012_batch_0.tar	124249088	216875	1400110080	3207222
8829	9651	AF-0000000204155805	shard_324_batch_2.tar	20167680	94077	363251200	660563
8830	11876	AF-0000000203860829	shard_374_batch_1.tar	85508608	115284	1016572928	902009
8831	12953	AF-0000000203809280	shard_894_batch_0.tar	327680	159306	1090874368	1703447
8831	16556	AF-0000000203809279	shard_380_batch_1.tar	78799360	118047	234643968	875540
8832	10525	AF-0000000211754253	shard_386_batch_2.tar	72376320	119675	1241367552	1001945
8832	10861	AF-0000000204209205	shard_256_batch_1.tar	31034368	71606	190921728	334535
8832	13705	AF-0000000204209206	shard_376_batch_2.tar	44712448	116046	639213568	925036
8832	16087	AF-0000000204209203	shard_246_batch_1.tar	62120448	67177	163753984	286582
8832	16344	AF-0000000204209204	shard_266_batch_1.tar	53518336	74400	313833472	360635
8833	9122	AF-0000000203788914	shard_424_batch_1.tar	80824320	141482	652971008	1458631
8833	9677	AF-0000000203788915	shard_372_batch_1.tar	106341376	114455	683261440	931062
8833	10049	AF-0000000203788893	shard_420_batch_1.tar	74832896	138796	927626752	1381585
8833	10109	AF-0000000203788889	shard_882_batch_0.tar	3378176	151956	923316736	1674847
8833	10113	AF-0000000203788887	shard_412_batch_1.tar	101365248	133437	925387776	1230025
8833	10337	AF-0000000203788891	shard_882_batch_0.tar	57769984	151775	852161536	1663280
8833	10642	AF-0000000203788927	shard_384_batch_1.tar	3631616	118766	1082145792	996242
8833	10884	AF-0000000203788901	shard_1142_batch_0.tar	159813120	302829	4796826112	6957890
8833	11686	AF-0000000203788892	shard_416_batch_1.tar	3005440	136747	515938304	1321548
8833	12006	AF-0000000203788890	shard_440_batch_1.tar	70460928	148661	1414474752	1606938
8833	12298	AF-0000000203788894	shard_436_batch_1.tar	73520640	147614	1310046208	1572865
8833	13542	AF-0000000203788911	shard_368_batch_1.tar	83945984	113498	998055424	906424
8833	14538	AF-0000000203788907	shard_380_batch_1.tar	111248896	117780	979389952	921382
8833	15084	AF-0000000203788897	shard_428_batch_1.tar	105698816	143431	1109668864	1460720
8833	15347	AF-0000000203788939	shard_964_batch_0.tar	27562496	190560	1953517056	2606402
8833	15411	AF-0000000203788895	shard_436_batch_1.tar	38588416	148356	1456888320	1591159
8833	16423	AF-0000000203788899	shard_918_batch_0.tar	63206400	172918	1399342080	2150530
8833	17497	AF-0000000203788936	shard_308_batch_0.tar	80950272	88056	423290368	499029
8834	12270	AF-0000000204067741	shard_396_batch_2.tar	20963328	123420	1327951360	1088404
8835	16361	AF-0000000205955223	shard_923_batch_0.tar	27950080	169329	2313196544	1934202
8837	9043	AF-0000000204568706	shard_352_batch_3.tar	40810496	104352	601659392	802572
8837	11672	AF-0000000204568695	shard_418_batch_3.tar	135200256	136028	1358499328	1318704
8837	12936	AF-0000000204568711	shard_386_batch_3.tar	57737216	119825	687411200	953464
8837	16680	AF-0000000204568717	shard_284_batch_3.tar	42886656	78237	484185088	440478
8837	17192	AF-0000000204568712	shard_266_batch_3.tar	2636288	72050	254595584	353939
8838	9509	AF-0000000205968055	shard_174_batch_3.tar	24983552	33184	94199296	61517
8838	10455	AF-0000000205968025	shard_172_batch_3.tar	6062080	30367	101512704	50476
8839	10799	AF-0000000205995946	shard_172_batch_3.tar	8999424	33078	88700416	57787
8839	10846	AF-0000000205995938	shard_182_batch_4.tar	35203072	41110	136752128	96724
8839	16696	AF-0000000205995937	shard_184_batch_4.tar	3333120	41088	81494528	100250
8840	9345	AF-0000000204686687	shard_326_batch_3.tar	89499648	95693	411344896	655345
8840	9971	AF-0000000211754278	shard_886_batch_2.tar	58507264	159889	775707136	1863490
8840	9996	AF-0000000204686683	shard_450_batch_4.tar	127030784	158015	904981504	1836718
8840	12900	AF-0000000204686707	shard_324_batch_3.tar	14945792	94492	261190656	623174
8840	12995	AF-0000000204686688	shard_326_batch_3.tar	14643712	95860	683907584	646217
8840	13229	AF-0000000204686689	shard_326_batch_3.tar	34227712	96822	445500416	654563
8840	14986	AF-0000000204686708	shard_340_batch_3.tar	34721280	101402	887614464	707471
8840	15295	AF-0000000204686706	shard_320_batch_3.tar	76216320	93471	464705024	617181
8840	16124	AF-0000000204686704	shard_334_batch_3.tar	37555712	99417	496305152	679690
8840	16910	AF-0000000204686701	shard_450_batch_4.tar	64073216	158122	1398656512	1825028
8841	9021	AF-0000000204401128	shard_286_batch_2.tar	54837760	80512	427312128	461922
8841	9054	AF-0000000204401043	shard_268_batch_2.tar	23474176	73736	492078080	391814
8841	9480	AF-0000000204401168	shard_238_batch_2.tar	3324928	62264	247496192	273945
8841	11572	AF-0000000204401037	shard_258_batch_2.tar	32748032	69607	380656640	338266
8841	12088	AF-0000000204401199	shard_426_batch_3.tar	90317312	138528	1199600128	1438765
8841	12089	AF-0000000204401175	shard_430_batch_3.tar	20761600	140354	935397376	1473767
8841	14813	AF-0000000204401056	shard_226_batch_2.tar	48147456	58453	133625856	236478
8841	16272	AF-0000000204401052	shard_266_batch_2.tar	63524352	72498	347042816	372757
8841	16854	AF-0000000204401033	shard_276_batch_2.tar	24606720	76555	400820736	415062
8841	17275	AF-0000000204400975	shard_248_batch_2.tar	46041600	66942	198861824	308215
8841	17708	AF-0000000204401166	shard_238_batch_2.tar	3000832	62381	350902272	274758
8842	9600	AF-0000000203688987	shard_344_batch_0.tar	72741376	102132	534465024	742326
8842	14117	AF-0000000203688983	shard_928_batch_0.tar	23057408	173598	379084800	2217904
8845	9652	AF-0000000205967591	shard_425_batch_1.tar	16999936	137376	1424456704	1378280
8845	14729	AF-0000000205967589	shard_291_batch_0.tar	21438976	81549	181722112	484652
8849	12287	AF-0000000211754307	shard_327_batch_0.tar	10447360	96664	306284544	612222
8849	13202	AF-0000000205968091	shard_184_batch_4.tar	14620672	42204	92830720	104620
8849	13809	AF-0000000205968088	shard_176_batch_3.tar	12808192	36614	79919616	69855
8850	10612	AF-0000000206036171	shard_409_batch_1.tar	101678592	132906	868921856	1272464
8850	13966	AF-0000000206036086	shard_331_batch_1.tar	97063936	96372	612481024	659899
8850	14813	AF-0000000206036101	shard_237_batch_0.tar	49178112	62851	224804352	267911
8850	15366	AF-0000000206036195	shard_327_batch_0.tar	33465344	97007	436525568	622349
8854	11491	AF-0000000203598752	shard_994_batch_0.tar	184864256	205567	3175541248	3116256
8854	14421	AF-0000000203598747	shard_892_batch_0.tar	66642944	160948	1636372480	1862458
8854	15809	AF-0000000203598746	shard_928_batch_0.tar	82951168	172719	411683840	2117304
8854	16460	AF-0000000203598755	shard_1004_batch_0.tar	39462400	212547	2923002880	3368986
8855	16477	AF-0000000203489415	shard_932_batch_0.tar	95517184	172878	1795664896	2166494
8858	11197	AF-0000000204066233	shard_326_batch_1.tar	51668480	91435	568389632	603269
8859	14981	AF-0000000204189744	shard_228_batch_1.tar	26463744	58963	193063424	235531
8859	16531	AF-0000000204189747	shard_216_batch_0.tar	23428608	53557	288928768	193962
8859	17111	AF-0000000204189726	shard_280_batch_1.tar	56684032	77189	444785664	425546
8859	17112	AF-0000000204189751	shard_274_batch_1.tar	70052352	74467	205562368	401707
8862	9132	AF-0000000211754338	shard_1066_batch_0.tar	223209472	253340	3089424384	4533073
8862	13391	AF-0000000211754347	shard_1078_batch_0.tar	3285504	275212	1240949248	5623795
8864	9220	AF-0000000203590011	shard_1022_batch_0.tar	85287936	221547	2187120640	3718194
8864	11901	AF-0000000203590005	shard_976_batch_0.tar	175857664	192914	2341366784	2704820
8864	12358	AF-0000000203589992	shard_430_batch_0.tar	80866816	144713	1518451200	1558994
8864	14492	AF-0000000203589994	shard_972_batch_0.tar	151626752	193699	2907587072	2906538
8864	15054	AF-0000000203589985	shard_432_batch_0.tar	23976960	146035	1742960640	1582415
8864	15146	AF-0000000203589988	shard_428_batch_0.tar	15314432	144388	522655232	1541258
8864	15260	AF-0000000203590003	shard_910_batch_0.tar	32941056	166828	1832467968	2099208
8864	15933	AF-0000000203589989	shard_428_batch_0.tar	95431168	145073	990409216	1538771
8865	11825	AF-0000000203615124	shard_1070_batch_0.tar	81560064	267764	3656139264	5107803
8865	16807	AF-0000000203615142	shard_958_batch_0.tar	70237184	189668	2684268032	2505031
8865	17747	AF-0000000203615177	shard_1066_batch_0.tar	199356928	265111	1687370752	5019252
8866	11043	AF-0000000211754375	shard_396_batch_1.tar	31134720	123434	815363072	1114489
8866	13374	AF-0000000203766519	shard_390_batch_1.tar	32753664	121032	830611968	1057480
8866	14438	AF-0000000203766520	shard_390_batch_1.tar	59091456	120497	858904576	1064247
8866	15962	AF-0000000203766522	shard_394_batch_1.tar	103210496	122173	373443072	1077740
8866	16794	AF-0000000203766521	shard_392_batch_1.tar	105851904	121712	782176768	1071368
8871	11430	AF-0000000204642014	shard_446_batch_4.tar	61356032	157378	1379749888	1672912
8871	11771	AF-0000000204641956	shard_944_batch_2.tar	52559872	184185	1296321024	2440226
8871	12440	AF-0000000204641953	shard_1008_batch_2.tar	38495744	216627	1446820864	3143678
8872	9031	AF-0000000211754387	shard_280_batch_1.tar	39963648	79916	232445952	415330
8872	10472	AF-0000000211754394	shard_204_batch_0.tar	48396288	52731	98287104	160372
8872	11700	AF-0000000211754396	shard_346_batch_1.tar	89700352	102854	711147008	720786
8872	11951	AF-0000000211754397	shard_264_batch_0.tar	46575104	72715	378966528	332674
8872	12505	AF-0000000211754398	shard_224_batch_0.tar	36026368	59575	197064704	213408
8872	14376	AF-0000000211754410	shard_380_batch_1.tar	53312000	118508	521596928	959304
8872	14377	AF-0000000211754411	shard_318_batch_1.tar	56712704	92173	604787200	533078
8875	14303	AF-0000000206018995	shard_393_batch_1.tar	63509504	125406	975366656	1086092
8875	17323	AF-0000000206019005	shard_355_batch_0.tar	39666176	108641	462540288	758915
8877	8920	AF-0000000203653997	shard_386_batch_0.tar	75609600	121498	577155584	1088387
8877	8981	AF-0000000203653901	shard_390_batch_0.tar	43595776	122808	1175708160	1098125
8877	9021	AF-0000000203653978	shard_328_batch_0.tar	19969024	98478	424057344	680827
8877	9707	AF-0000000211754433	shard_328_batch_0.tar	31760384	97616	365871616	680266
8877	10003	AF-0000000211754434	shard_358_batch_0.tar	30542848	109456	825796608	874050
8877	10566	AF-0000000203653975	shard_330_batch_0.tar	80559616	98389	190437888	681850
8877	10871	AF-0000000211754435	shard_448_batch_0.tar	129462272	156801	388407808	1690530
8877	11995	AF-0000000203653902	shard_366_batch_0.tar	42784256	112156	925744128	920631
8877	12266	AF-0000000203653909	shard_1000_batch_0.tar	87408128	215080	3239506944	3078643
8877	12391	AF-0000000203654017	shard_394_batch_0.tar	25259008	125540	571723264	1174093
8877	13876	AF-0000000203653984	shard_304_batch_0.tar	77489152	88528	535459840	537260
8877	14072	AF-0000000203653959	shard_278_batch_0.tar	55904768	78419	236996096	421563
8877	14560	AF-0000000203653991	shard_342_batch_0.tar	97967616	101370	736919040	738071
8877	14735	AF-0000000211754436	shard_908_batch_0.tar	163731456	169257	1037045760	1974392
8877	15332	AF-0000000203653915	shard_418_batch_0.tar	19510784	136744	657053696	1357773
8877	15700	AF-0000000203653957	shard_278_batch_0.tar	65617920	78224	352230400	424367
8877	15703	AF-0000000203653894	shard_422_batch_0.tar	137170944	141889	954741760	1376172
8877	16174	AF-0000000203653958	shard_278_batch_0.tar	33757696	78397	322187264	424550
8880	10870	AF-0000000204669566	shard_1110_batch_0.tar	253797376	279730	4678949888	5323939
8880	11279	AF-0000000204669569	shard_1173_batch_0.tar	103965696	361287	6841130496	8624873
8880	12359	AF-0000000204669585	shard_1030_batch_2.tar	66920960	226128	439320064	3365090
8880	13542	AF-0000000204669564	shard_982_batch_2.tar	95276032	198607	366359552	2657614
8880	16292	AF-0000000204669561	shard_1112_batch_0.tar	220221440	278963	4325573120	5431349
8882	8920	AF-0000000203653870	shard_386_batch_0.tar	8285184	121647	1133697024	1090268
8882	8981	AF-0000000203653774	shard_390_batch_0.tar	91897856	122963	980326912	1094446
8882	9707	AF-0000000211754449	shard_328_batch_0.tar	6828032	97789	539647488	679792
8882	10003	AF-0000000211754450	shard_358_batch_0.tar	40078848	109862	412120064	874781
8882	10566	AF-0000000203653848	shard_330_batch_0.tar	91176448	98343	650212352	684449
8882	11536	AF-0000000203653858	shard_302_batch_0.tar	18591232	88560	364133376	535142
8882	11995	AF-0000000203653775	shard_366_batch_0.tar	40855040	112298	1039343104	924898
8882	12391	AF-0000000203653890	shard_394_batch_0.tar	9061376	125812	711588352	1173543
8882	12419	AF-0000000203653885	shard_374_batch_0.tar	3587072	117005	935509504	943653
8882	12828	AF-0000000203653817	shard_300_batch_0.tar	56650752	85543	303561216	511387
8882	13039	AF-0000000203653803	shard_388_batch_0.tar	21846016	121661	671856640	1048687
8882	13876	AF-0000000203653857	shard_304_batch_0.tar	11793920	88498	238240256	541095
8882	14560	AF-0000000203653864	shard_342_batch_0.tar	83104256	101433	284870656	741098
8882	14735	AF-0000000211754452	shard_908_batch_0.tar	130258432	169733	2100397568	1939350
8882	15332	AF-0000000203653788	shard_418_batch_0.tar	13418496	136697	1427995648	1352964
8882	15700	AF-0000000203653830	shard_278_batch_0.tar	6557184	78519	537095680	425641
8882	15703	AF-0000000203653767	shard_422_batch_0.tar	21482496	141926	1098217472	1377614
8882	16174	AF-0000000203653831	shard_278_batch_0.tar	40607744	78506	488396800	424965
8883	9494	AF-0000000203652331	shard_964_batch_0.tar	52110336	196911	2434494464	2715642
8883	9707	AF-0000000211754454	shard_374_batch_0.tar	3117568	118472	1125513216	964342
8883	17668	AF-0000000203652332	shard_962_batch_0.tar	23219712	195481	895908352	2690360
8884	9391	AF-0000000204619315	shard_928_batch_2.tar	2973184	170877	627951104	2017596
8884	11961	AF-0000000204619301	shard_1086_batch_2.tar	173145600	280959	4951167488	5465620
8884	12256	AF-0000000204619307	shard_934_batch_2.tar	3752960	174222	903673344	2120820
8889	9792	AF-0000000203543473	shard_390_batch_0.tar	115913728	124861	904654336	1038215
8889	10352	AF-0000000203543480	shard_382_batch_0.tar	24283136	120479	669103616	975954
8889	10594	AF-0000000203543475	shard_400_batch_0.tar	97126912	130019	659022848	1108923
8889	11241	AF-0000000203543477	shard_402_batch_0.tar	5956608	131826	487766016	1132555
8889	11861	AF-0000000203543471	shard_362_batch_0.tar	60573696	112843	381500416	837929
8889	11862	AF-0000000203543470	shard_398_batch_0.tar	82477568	129690	689056256	1117198
8889	12996	AF-0000000203543469	shard_342_batch_0.tar	94443520	103662	798696960	688270
8889	15320	AF-0000000203543479	shard_384_batch_0.tar	68632576	122918	403768832	997952
8889	17134	AF-0000000203543478	shard_426_batch_0.tar	31572480	143483	437960704	1468145
8889	17479	AF-0000000203543476	shard_400_batch_0.tar	47033856	129553	1162745856	1114438
8891	10593	AF-0000000211754470	shard_382_batch_2.tar	10953728	120428	561550848	899042
8891	11159	AF-0000000211754473	shard_906_batch_1.tar	78008832	164648	2173386752	1874751
8891	13177	AF-0000000211754479	shard_448_batch_2.tar	73423360	155798	1753271808	1700093
8891	13908	AF-0000000211754480	shard_316_batch_1.tar	85502976	92321	752146432	532263
8891	15744	AF-0000000211754483	shard_316_batch_1.tar	4821504	92465	187037696	541706
8893	14300	AF-0000000204000461	shard_368_batch_1.tar	15813632	111509	315938304	833779
8896	11043	AF-0000000211754508	shard_402_batch_0.tar	44241408	126730	660837888	1200587
8896	12853	AF-0000000211754510	shard_980_batch_0.tar	52006912	195981	1431296000	2780831
8896	13021	AF-0000000211754511	shard_400_batch_0.tar	82060288	125555	752049664	1157099
8896	14437	AF-0000000211754512	shard_396_batch_0.tar	56055296	124328	390689280	1142870
8896	14438	AF-0000000211754513	shard_396_batch_0.tar	116188160	124219	902541824	1138806
8896	15962	AF-0000000211754516	shard_400_batch_0.tar	123815424	125961	1253963776	1179542
8896	16142	AF-0000000211754517	shard_1116_batch_0.tar	197816320	278025	4792007680	6162632
8900	9010	AF-0000000204277079	shard_300_batch_2.tar	76963840	85731	197686272	497337
8900	9169	AF-0000000211754522	shard_252_batch_1.tar	45449728	68168	226126848	302941
8900	9391	AF-0000000204277140	shard_264_batch_1.tar	60325376	73330	267319296	347693
8900	10513	AF-0000000204277020	shard_256_batch_1.tar	29395968	71061	381142528	328136
8900	11283	AF-0000000204277155	shard_396_batch_3.tar	78316544	127091	362911744	1146908
8900	11694	AF-0000000204277131	shard_272_batch_1.tar	45868544	76415	450769920	380882
8900	13228	AF-0000000204277048	shard_318_batch_2.tar	91056128	92184	209336320	579678
8900	14630	AF-0000000204277055	shard_230_batch_1.tar	25798656	61890	147281408	241037
8900	14717	AF-0000000204277093	shard_262_batch_1.tar	15842304	73164	255545344	328424
8900	15209	AF-0000000204277081	shard_298_batch_2.tar	9614336	84916	221408256	480902
8900	15365	AF-0000000204277054	shard_230_batch_1.tar	25986560	61971	128489472	241377
8900	15923	AF-0000000204277047	shard_296_batch_2.tar	350208	83505	627186688	476564
8900	16680	AF-0000000204277123	shard_244_batch_1.tar	58356224	66045	294733824	271633
8900	17279	AF-0000000211754527	shard_390_batch_2.tar	81832960	123728	860110848	1056029
8901	9035	AF-0000000211754528	shard_195_batch_0.tar	15482880	46694	173620224	136813
8901	9883	AF-0000000206040376	shard_195_batch_0.tar	35524096	46585	208737792	136042
8901	10513	AF-0000000206040377	shard_204_batch_4.tar	33121280	51456	105473024	167848
8901	10846	AF-0000000206040350	shard_186_batch_4.tar	2445312	42626	129090048	109972
8901	11479	AF-0000000206040483	shard_233_batch_0.tar	4176896	60641	276137984	246023
8901	16091	AF-0000000206040353	shard_186_batch_4.tar	22792192	42821	87773696	112412
8901	16696	AF-0000000206040349	shard_188_batch_4.tar	42250240	42700	174380544	114282
8901	17184	AF-0000000206040375	shard_195_batch_0.tar	29844992	46830	142202880	136261
8902	15153	AF-0000000205946584	shard_341_batch_0.tar	87318016	97947	498348544	675805
8907	9195	AF-0000000204685362	shard_948_batch_2.tar	37258752	183728	680994304	2269708
8907	10004	AF-0000000204685360	shard_446_batch_4.tar	132721664	158519	927718912	1773311
8907	10620	AF-0000000204685389	shard_388_batch_4.tar	62710784	123295	351140352	1039545
8907	10755	AF-0000000204685404	shard_424_batch_4.tar	26148864	140505	983165952	1394246
8907	11454	AF-0000000204685398	shard_414_batch_4.tar	17893888	136511	1148523008	1300423
8907	11732	AF-0000000204685390	shard_916_batch_2.tar	49367552	169900	603010048	2028736
8907	12405	AF-0000000204685420	shard_430_batch_4.tar	116241408	145542	1713409024	1417578
8907	12514	AF-0000000204685385	shard_428_batch_4.tar	14931456	143647	518297088	1422309
8907	12558	AF-0000000204685377	shard_898_batch_2.tar	42318848	163077	646827520	1874037
8907	13069	AF-0000000204685405	shard_418_batch_4.tar	80750592	137496	1536834560	1293497
8907	14521	AF-0000000211754545	shard_398_batch_4.tar	45894656	127353	686098432	1073983
8907	14727	AF-0000000204685397	shard_390_batch_3.tar	49921536	125128	626979840	1041291
8907	15386	AF-0000000211754546	shard_920_batch_2.tar	25342976	172840	371579904	2061877
8907	16243	AF-0000000204685423	shard_426_batch_4.tar	55164416	143819	1485927936	1344275
8907	17154	AF-0000000204685391	shard_1004_batch_2.tar	93936128	209772	1534303744	3045797
8913	8962	AF-0000000204234936	shard_1066_batch_1.tar	84237824	260789	4068668416	4957248
8913	10586	AF-0000000204234930	shard_906_batch_1.tar	104254464	164890	1700820992	2017590
8913	12664	AF-0000000204234892	shard_912_batch_1.tar	59445248	167895	2295963648	2055138
8913	13073	AF-0000000204234918	shard_904_batch_1.tar	137835520	165951	1372307456	1987784
8913	13164	AF-0000000204234896	shard_910_batch_1.tar	138530304	166551	1674219008	2054291
8913	13349	AF-0000000204234946	shard_892_batch_1.tar	133485568	160912	1222514176	1889150
8913	14302	AF-0000000204234931	shard_1146_batch_0.tar	201752576	311430	4459502080	7304018
8913	14312	AF-0000000204234972	shard_922_batch_1.tar	116795392	172525	408001024	2107195
8913	14582	AF-0000000211754556	shard_1034_batch_1.tar	163929088	233037	3965980672	3913684
8913	14729	AF-0000000204234897	shard_908_batch_1.tar	68196352	166072	845649408	2028664
8913	16098	AF-0000000204234921	shard_916_batch_1.tar	116135424	170122	2316846080	2110625
8913	16252	AF-0000000204234915	shard_904_batch_1.tar	18525184	164909	913975296	1981278
8913	16290	AF-0000000204234912	shard_926_batch_1.tar	111326720	172690	369844736	2190954
8913	16825	AF-0000000204234958	shard_900_batch_1.tar	128597504	163950	1792083968	1929026
8913	17320	AF-0000000204234938	shard_896_batch_1.tar	122139136	161829	2040310272	1904437
8913	17367	AF-0000000204234907	shard_918_batch_1.tar	22278144	170373	981425152	2124853
8913	17686	AF-0000000204234950	shard_996_batch_1.tar	36833792	206410	837578240	3150976
8914	10198	AF-0000000211754563	shard_318_batch_0.tar	62920704	92778	766262272	589012
8914	11099	AF-0000000211754566	shard_304_batch_0.tar	52335616	86878	576641024	513653
8914	17371	AF-0000000211754588	shard_306_batch_0.tar	65648128	87516	260321280	521277
8915	10397	AF-0000000205949838	shard_299_batch_0.tar	71830528	81203	612785664	476162
8915	11521	AF-0000000205949860	shard_405_batch_0.tar	115557376	131037	1192489984	1233167
8915	15265	AF-0000000205949918	shard_258_batch_4.tar	33638912	70943	175070720	331842
8919	11581	AF-0000000205970807	shard_993_batch_0.tar	143552000	203087	1176299008	3147245
8919	12139	AF-0000000205970810	shard_959_batch_0.tar	34732032	184781	876840448	2568226
8920	8933	AF-0000000205957799	shard_451_batch_1.tar	114194432	156714	942062080	1830303
8920	10004	AF-0000000205957782	shard_425_batch_1.tar	63553536	143873	526016512	1459629
8920	10131	AF-0000000205957791	shard_385_batch_0.tar	68271616	120715	828819968	1053402
8920	10742	AF-0000000205957805	shard_337_batch_0.tar	28761088	99875	571802112	685012
8920	10826	AF-0000000205957862	shard_393_batch_0.tar	106722816	125630	1278859264	1107802
8920	11320	AF-0000000205957853	shard_381_batch_0.tar	24370176	117949	350434816	988652
8920	12125	AF-0000000205957812	shard_325_batch_0.tar	25804288	95375	259255808	629389
8920	12256	AF-0000000205957848	shard_353_batch_0.tar	63397376	106723	965210624	808904
8920	12266	AF-0000000205957780	shard_1025_batch_0.tar	94735360	228796	1868043776	3671077
8920	13846	AF-0000000205957793	shard_317_batch_0.tar	17369600	92699	378000384	582646
8920	14560	AF-0000000205957854	shard_379_batch_0.tar	117500416	117068	1012508672	975890
8922	9584	AF-0000000203832387	shard_922_batch_0.tar	137947136	176692	1559278592	2159538
8922	9677	AF-0000000203832388	shard_416_batch_1.tar	102132736	140292	1095867904	1320989
8924	16090	AF-0000000203502742	shard_310_batch_0.tar	44212736	89785	278097408	548884
8925	8983	AF-0000000205988832	shard_357_batch_0.tar	62678528	108419	673119232	790214
8926	11614	AF-0000000203512765	shard_1066_batch_0.tar	110276608	263288	4678775296	5158858
8926	16595	AF-0000000203512760	shard_948_batch_0.tar	13254656	184301	2372523520	2566716
8926	16596	AF-0000000203512759	shard_948_batch_0.tar	105783808	183899	1336951296	2562155
8927	11322	AF-0000000203646522	shard_978_batch_0.tar	126289408	196911	2090096640	2811810
8927	13053	AF-0000000203646508	shard_404_batch_0.tar	44791808	130764	307559424	1201324
8927	15841	AF-0000000203646540	shard_994_batch_0.tar	101062656	205429	2832321024	2976723
8927	17676	AF-0000000203646513	shard_416_batch_0.tar	82731008	136323	874664448	1310958
8927	17715	AF-0000000203646537	shard_442_batch_0.tar	149217280	153945	1735541760	1640709
8930	9778	AF-0000000204053167	shard_404_batch_1.tar	24136704	130831	772195840	1196773
8930	15802	AF-0000000203853764	shard_360_batch_1.tar	6615040	108760	415191552	851065
8931	9424	AF-0000000205978619	shard_985_batch_0.tar	33530880	201876	2377901568	3048955
8932	10098	AF-0000000203682898	shard_428_batch_0.tar	31127040	146915	531561472	1352340
8932	11381	AF-0000000203682860	shard_254_batch_0.tar	33119232	70939	180452864	317916
8932	14491	AF-0000000203682907	shard_948_batch_0.tar	87927808	183908	2025319936	2261756
8932	16540	AF-0000000203682871	shard_254_batch_0.tar	49880576	71554	257348096	315941
8932	17116	AF-0000000203682865	shard_326_batch_0.tar	35841024	98762	200991744	628492
8933	12391	AF-0000000204264611	shard_892_batch_1.tar	31562240	161155	1527688704	1929057
8933	12494	AF-0000000204264603	shard_422_batch_3.tar	101211648	139878	1242039808	1428228
8934	9922	AF-0000000204804976	shard_916_batch_2.tar	23336960	166577	736626176	2082600
8934	10457	AF-0000000204805000	shard_382_batch_4.tar	73053696	119965	1026729472	1019395
8938	9161	AF-0000000203675984	shard_914_batch_0.tar	112318976	167071	1155365376	1913288
8938	16285	AF-0000000203675988	shard_966_batch_0.tar	158305280	194804	463590912	2482719
8940	13437	AF-0000000204692438	shard_884_batch_2.tar	28315136	161599	282266624	1832030
8940	14735	AF-0000000211754661	shard_1046_batch_2.tar	91376640	246492	735320576	4271711
8940	15758	AF-0000000204692554	shard_454_batch_4.tar	10077184	165614	1066425344	1930625
8940	17332	AF-0000000204692382	shard_968_batch_2.tar	90426880	196432	230386176	2754665
8943	15242	AF-0000000203720686	shard_364_batch_0.tar	3362304	109930	983906816	903537
8943	15564	AF-0000000203720687	shard_368_batch_0.tar	96855040	111362	737650688	943801
8944	16697	AF-0000000203805497	shard_386_batch_1.tar	99196928	118845	691357696	1016232
8950	13411	AF-0000000204013165	shard_964_batch_1.tar	58146816	190408	1301102592	2524799
8950	14072	AF-0000000204013173	shard_378_batch_2.tar	88505344	118830	1036988928	973610
8950	16174	AF-0000000204013172	shard_378_batch_2.tar	66131968	118881	691323904	970110
8951	9229	AF-0000000211754681	shard_280_batch_3.tar	60800000	77897	496286720	388801
8951	11159	AF-0000000211754685	shard_424_batch_4.tar	124620288	137670	1023597056	1357133
8951	12892	AF-0000000211754690	shard_304_batch_3.tar	76721152	85959	532064768	483467
8951	13000	AF-0000000211754691	shard_424_batch_4.tar	73822208	138702	290708992	1332985
8951	13430	AF-0000000211754695	shard_318_batch_3.tar	47823360	91943	488724992	562864
8951	13711	AF-0000000211754697	shard_344_batch_3.tar	67649536	100318	328157696	658776
8951	14977	AF-0000000211754700	shard_304_batch_3.tar	40614912	85196	660484608	480982
8951	15997	AF-0000000211754703	shard_422_batch_4.tar	109384192	138619	1534679040	1308783
8951	17327	AF-0000000211754707	shard_416_batch_4.tar	124269568	135292	1054878208	1267376
8954	9054	AF-0000000206019076	shard_377_batch_1.tar	100639744	117063	1167319040	966618
8954	15219	AF-0000000206019036	shard_881_batch_0.tar	4889600	148804	1315627520	1623340
8954	17764	AF-0000000211754731	shard_891_batch_0.tar	7411712	159171	1049579520	1780511
8957	11723	AF-0000000205979122	shard_415_batch_0.tar	69221888	133625	970187264	1187828
8957	12482	AF-0000000205979121	shard_415_batch_0.tar	72216576	133390	539299328	1192214
8957	14609	AF-0000000205979125	shard_421_batch_1.tar	81803264	136509	693002240	1248106
8957	14883	AF-0000000205979124	shard_415_batch_0.tar	65953792	133418	381124608	1183942
8957	15651	AF-0000000205979120	shard_415_batch_0.tar	38551552	133489	317754880	1178213
8957	17481	AF-0000000205979123	shard_415_batch_0.tar	17835008	132910	884077056	1196776
8958	9898	AF-0000000211754733	shard_370_batch_0.tar	98524672	110149	899331584	896381
8959	16995	AF-0000000203553749	shard_368_batch_0.tar	47613952	113656	567730688	941849
8960	9542	AF-0000000204802364	shard_974_batch_2.tar	7090688	193368	703244800	2606266
8960	16221	AF-0000000204802368	shard_1167_batch_0.tar	162139136	344253	8307632128	7930928
8961	10395	AF-0000000204137520	shard_966_batch_1.tar	99663360	187046	1691411456	2549702
8961	16863	AF-0000000204137519	shard_964_batch_1.tar	139139584	186139	716049408	2532406
8962	9876	AF-0000000203749648	shard_1170_batch_0.tar	201385472	356690	1836784128	8821083
8962	14418	AF-0000000203749666	shard_1054_batch_0.tar	12194816	247363	3784449024	4344900
8962	14582	AF-0000000211754745	shard_1010_batch_0.tar	176419328	218551	1399267840	3416757
8962	16549	AF-0000000203749660	shard_914_batch_0.tar	132744192	172105	1207796224	2129408
8962	17686	AF-0000000203749647	shard_964_batch_0.tar	122610688	192390	2863816192	2717319
8964	8990	AF-0000000203602932	shard_422_batch_0.tar	116487680	139235	1646597632	1336768
8964	10275	AF-0000000203602933	shard_394_batch_0.tar	34320896	126140	607067648	1062237
8964	11393	AF-0000000203602934	shard_934_batch_0.tar	119460352	176849	544097280	2135456
8969	10524	AF-0000000204016339	shard_942_batch_1.tar	124027904	179908	1512686592	2408141
8969	11237	AF-0000000204016342	shard_952_batch_1.tar	44064256	183212	543407616	2511254
8970	9600	AF-0000000204271890	shard_442_batch_3.tar	97467904	151083	1829763072	1702273
8971	9243	AF-0000000211754759	shard_1018_batch_1.tar	106622464	215708	3247705600	3487832
8971	12521	AF-0000000211754784	shard_1158_batch_0.tar	38643200	328899	2685017088	7541162
8974	10125	AF-0000000205963032	shard_1025_batch_0.tar	153871872	223897	688255488	3664414
8975	11573	AF-0000000204809483	shard_432_batch_4.tar	102686720	146997	1601909760	1594750
8975	12541	AF-0000000204809482	shard_963_batch_0.tar	79458816	192845	1620292608	2742311
8975	12747	AF-0000000204809481	shard_963_batch_0.tar	92577792	192696	2581841920	2738344
8975	12968	AF-0000000204809473	shard_1011_batch_0.tar	203744768	217545	2477639168	3595226
8975	13835	AF-0000000204809491	shard_991_batch_0.tar	130217984	206210	2593215488	3200029
8975	15302	AF-0000000204809486	shard_971_batch_0.tar	155331584	196525	2719865344	2876350
8975	15792	AF-0000000204809494	shard_1069_batch_0.tar	240449024	265212	2052696576	5433524
8975	16888	AF-0000000204809484	shard_432_batch_4.tar	131198976	146851	315466752	1597986
8976	11925	AF-0000000204839083	shard_1069_batch_0.tar	18324480	261749	3823582720	5243942
8976	13121	AF-0000000204839097	shard_1047_batch_0.tar	85282816	240005	4388582400	4285841
8976	14034	AF-0000000204839073	shard_1087_batch_0.tar	156668416	285058	1327179264	6220217
8976	14966	AF-0000000204839085	shard_1113_batch_0.tar	200218112	279293	3171059712	5978139
8976	17696	AF-0000000204839080	shard_1065_batch_0.tar	245908992	260647	982400512	5080771
8978	14717	AF-0000000204837147	shard_312_batch_4.tar	21635584	91879	211844608	559795
8981	9707	AF-0000000211754826	shard_370_batch_0.tar	22240256	114742	467035136	943531
8981	10004	AF-0000000203652446	shard_428_batch_0.tar	116354048	145227	1467323904	1522722
8981	17062	AF-0000000203652451	shard_292_batch_0.tar	69871616	82589	516028416	463714
8982	10916	AF-0000000203786126	shard_1022_batch_0.tar	201948160	215030	2567308288	3772259
8986	11915	AF-0000000211754870	shard_454_batch_4.tar	21903360	161777	566198784	1784139
8986	12559	AF-0000000211754878	shard_915_batch_0.tar	109158400	169316	925805056	2062206
8986	14167	AF-0000000211754889	shard_332_batch_4.tar	44379648	99000	216665600	648484
8986	17451	AF-0000000211754909	shard_998_batch_2.tar	3772416	209275	721746432	3161779
8986	17567	AF-0000000211754910	shard_418_batch_4.tar	70932992	137701	815926784	1356479
8988	8989	AF-0000000203948133	shard_1146_batch_0.tar	58021888	305861	1766142464	6673633
8988	12192	AF-0000000203948128	shard_1148_batch_0.tar	159704064	309376	4376293376	6863584
8988	12299	AF-0000000203948130	shard_1176_batch_0.tar	59684352	370957	8148179968	9302020
8988	13052	AF-0000000203948129	shard_1146_batch_0.tar	239467520	306201	2262282752	6733126
8988	15795	AF-0000000203948134	shard_1162_batch_0.tar	144653824	330755	7868749312	7848355
8988	16494	AF-0000000203948135	shard_1132_batch_0.tar	244823040	293939	3821956608	5934897
8988	16601	AF-0000000211754917	shard_1162_batch_0.tar	61514240	331589	889646592	7806909
8989	11274	AF-0000000203948111	shard_966_batch_1.tar	61711872	189253	1353640448	2586854
8989	12192	AF-0000000203948112	shard_1086_batch_1.tar	33954816	284722	2829758464	5807606
8989	12299	AF-0000000203948114	shard_1168_batch_0.tar	208531456	345598	3165001728	8163643
8989	13052	AF-0000000203948113	shard_1116_batch_0.tar	229226496	281338	1609134080	5633728
8989	15795	AF-0000000203948117	shard_1146_batch_0.tar	209571840	307004	4334243840	6681610
8989	16601	AF-0000000211754920	shard_1144_batch_0.tar	217222656	307279	6325882368	6524113
8990	9249	AF-0000000203585566	shard_412_batch_0.tar	50746880	134509	266580992	1267536
8990	10404	AF-0000000203585489	shard_368_batch_0.tar	20967424	114284	813813760	854603
8990	10428	AF-0000000203585488	shard_386_batch_0.tar	93128704	122540	1098030080	999270
8990	10514	AF-0000000203585554	shard_932_batch_0.tar	18263040	178542	1768616960	2150368
8990	12502	AF-0000000203585487	shard_420_batch_0.tar	19740160	138685	940610048	1307237
8990	12946	AF-0000000203585490	shard_384_batch_0.tar	26513920	121604	414014464	984743
8990	13116	AF-0000000203585516	shard_1118_batch_0.tar	145683968	288650	902124032	6373451
8990	17057	AF-0000000203585550	shard_890_batch_0.tar	32481280	160173	1305179136	1872510
8991	9161	AF-0000000204716890	shard_422_batch_4.tar	45059584	135347	873191424	1253390
8991	9889	AF-0000000211771202	shard_396_batch_4.tar	77179904	122396	607586304	1002087
8991	10128	AF-0000000204716897	shard_370_batch_4.tar	96511488	113431	625677824	829516
8991	10399	AF-0000000204716891	shard_372_batch_3.tar	108289536	111716	1091165696	818932
8991	11671	AF-0000000204716899	shard_384_batch_4.tar	92774400	118613	990167040	906517
8991	11948	AF-0000000204716895	shard_338_batch_3.tar	15152640	97766	699587072	640235
8991	12382	AF-0000000204716892	shard_340_batch_3.tar	20607488	101077	570348544	654938
8991	13148	AF-0000000204716896	shard_376_batch_4.tar	96308736	113786	489978368	857762
8991	13177	AF-0000000204716883	shard_434_batch_4.tar	117562880	144871	771691008	1491649
8991	13306	AF-0000000204716894	shard_368_batch_4.tar	91730432	109871	1033136128	798644
8991	13420	AF-0000000204716893	shard_360_batch_3.tar	104657408	106786	827120640	758447
8991	14864	AF-0000000204716898	shard_394_batch_4.tar	57512448	122793	473018880	991581
8991	15008	AF-0000000211771203	shard_382_batch_4.tar	89412096	117828	648293888	891912
8991	15756	AF-0000000204716889	shard_318_batch_3.tar	46222336	91780	403744256	545162
8992	9887	AF-0000000203808018	shard_446_batch_1.tar	36048896	155706	583610880	1724302
8993	10192	AF-0000000204199230	shard_406_batch_2.tar	4094976	128451	381439488	1171858
8993	13476	AF-0000000204199232	shard_260_batch_1.tar	70588928	70461	244769792	352559
8997	9305	AF-0000000206010138	shard_359_batch_0.tar	3413504	110260	303208448	846856
8997	10813	AF-0000000206010145	shard_297_batch_0.tar	11112960	84249	420797952	474713
8997	11756	AF-0000000206010137	shard_311_batch_0.tar	18923008	91479	376506880	567983
8997	14905	AF-0000000206010136	shard_317_batch_0.tar	60402688	93283	466322944	586990
8997	16799	AF-0000000206010120	shard_899_batch_0.tar	5784064	167456	988105216	1816891
8999	9215	AF-0000000206021235	shard_333_batch_0.tar	9439232	97718	220198912	629382
9778	8678	AF-0000000204053275	shard_326_batch_1.tar	34942464	97281	220962304	645029
