a	b	entity	tar	cif_off	cif_len	pae_off	pae_len
0	2526	AF-0000000210474534	shard_760_batch_0.tar	32555008	167102	1800103424	2074871
12	2424	AF-0000000211877537	shard_829_batch_0.tar	200612352	220672	1818058240	3570870
12	2510	AF-0000000211877540	shard_753_batch_0.tar	2118656	162145	1514109952	1828602
12	2711	AF-0000000211877544	shard_739_batch_0.tar	31193088	152784	1764103680	1653556
14	2855	AF-0000000211877604	shard_803_batch_0.tar	42930176	194033	1974221824	2920960
17	2858	AF-0000000211877631	shard_811_batch_0.tar	105984000	201523	903826944	3154962
18	2150	AF-0000000211877658	shard_749_batch_0.tar	57553920	157608	333242880	1911459
18	2664	AF-0000000211877668	shard_761_batch_0.tar	93394432	166290	2308179456	2099724
24	2234	AF-0000000211877839	shard_473_batch_1.tar	1176064	50290	156841984	157577
27	2017	AF-0000000211877925	shard_541_batch_1.tar	23677440	79757	300488704	448387
27	2399	AF-0000000211877931	shard_609_batch_1.tar	3238912	101809	655205376	718439
27	2746	AF-0000000211877933	shard_491_batch_1.tar	14348288	59356	142919168	240088
32	2661	AF-0000000211878089	shard_599_batch_1.tar	33350144	97385	873871360	654954
32	2689	AF-0000000211878090	shard_749_batch_0.tar	158797824	161561	1475864064	1944419
32	2772	AF-0000000211878094	shard_471_batch_1.tar	148992	50151	97845760	151325
34	2990	AF-0000000211878184	shard_857_batch_0.tar	161994752	260960	4211637760	4978708
38	2102	AF-0000000211878418	shard_673_batch_0.tar	48335360	127661	493392384	1102348
38	2214	AF-0000000211878425	shard_855_batch_0.tar	193474560	257565	4895066624	4806390
38	2801	AF-0000000211878448	shard_847_batch_0.tar	216617984	247527	4221927936	4326844
39	2132	AF-0000000211878570	shard_856_batch_4.tar	10774016	260486	788745728	4923392
39	2334	AF-0000000211878576	shard_747_batch_0.tar	27181568	158777	656202752	1819103
39	2359	AF-0000000211878577	shard_741_batch_0.tar	8798720	157395	1234487808	1782428
39	2915	AF-0000000211878595	shard_709_batch_0.tar	97178624	142131	1468107776	1446261
42	2384	AF-0000000211878780	shard_485_batch_1.tar	22888960	57769	140714496	211146
42	2509	AF-0000000211878786	shard_603_batch_1.tar	54588928	103071	814745088	681040
44	2557	AF-0000000211879007	shard_603_batch_0.tar	49887232	98411	212186624	720922
51	2270	AF-0000000211879165	shard_849_batch_0.tar	118945792	252706	2797299200	4550040
51	2285	AF-0000000211879166	shard_765_batch_0.tar	155402752	168100	2165659136	2121358
55	2265	AF-0000000211879348	shard_811_batch_0.tar	21229056	203614	2683197440	3229655
57	2491	AF-0000000211879380	shard_505_batch_1.tar	27156480	63811	362222592	253992
59	2018	AF-0000000211879584	shard_739_batch_0.tar	113841152	156168	1306982912	1834396
59	2227	AF-0000000211879590	shard_707_batch_0.tar	57964032	141363	373030400	1439021
59	2663	AF-0000000211879607	shard_707_batch_0.tar	70404608	141116	621617664	1438236
59	2732	AF-0000000211879610	shard_749_batch_0.tar	99879936	161774	496121856	1946137
59	2830	AF-0000000211879616	shard_753_batch_0.tar	483840	159485	615671808	1925556
60	2236	AF-0000000211879726	shard_755_batch_0.tar	139489280	161096	2082620416	2036060
60	2664	AF-0000000211879729	shard_791_batch_0.tar	4564992	185243	745378816	2680113
67	2843	AF-0000000211879828	shard_847_batch_0.tar	73012736	244125	1027401216	4161337
70	2198	AF-0000000211879874	shard_575_batch_0.tar	21417984	86634	513911808	546705
75	2137	AF-0000000211879966	shard_783_batch_0.tar	70112256	182172	779823104	2294671
78	2050	AF-0000000211880040	shard_717_batch_0.tar	136430080	140969	278639616	1506650
78	2114	AF-0000000211880041	shard_635_batch_1.tar	4782592	107728	337314816	853996
78	2179	AF-0000000211880042	shard_627_batch_1.tar	43849728	105266	973014016	804005
78	2684	AF-0000000211880043	shard_685_batch_0.tar	43117568	125344	1139257856	1168766
79	2835	AF-0000000211880083	shard_851_batch_0.tar	2561536	252469	2138597376	4815576
84	2924	AF-0000000211880231	shard_785_batch_0.tar	3316224	178069	2302765568	2370469
85	2523	AF-0000000211880286	shard_805_batch_0.tar	57150464	197613	530806272	2920366
87	2117	AF-0000000211880311	shard_515_batch_1.tar	12788736	68805	412515840	331427
87	2705	AF-0000000211880314	shard_819_batch_0.tar	181239296	208063	1376801792	3231197
98	2772	AF-0000000211880586	shard_635_batch_0.tar	20654080	107645	995803648	894091
99	2748	AF-0000000211880600	shard_765_batch_0.tar	62640640	165572	2037791232	2068619
103	2053	AF-0000000211880664	shard_581_batch_1.tar	65932288	94527	626081792	595917
103	2264	AF-0000000211880666	shard_625_batch_1.tar	74740736	105557	760556544	810922
114	2665	AF-0000000211880931	shard_831_batch_0.tar	147222016	220582	3721234944	3828255
129	2663	AF-0000000211881160	shard_653_batch_0.tar	22006272	116684	771046912	1026942
131	2360	AF-0000000211881205	shard_877_batch_0.tar	273658880	341669	6872720384	8834048
134	2068	AF-0000000211881259	shard_837_batch_0.tar	166651392	235513	3227538432	4056985
135	2810	AF-0000000211881262	shard_791_batch_0.tar	4750848	183273	2765401600	2768121
138	2748	AF-0000000211881269	shard_697_batch_0.tar	53964800	134070	1243422720	1295341
147	2664	AF-0000000211881363	shard_859_batch_0.tar	117807616	263589	1016464384	5655947
155	2146	AF-0000000211881510	shard_839_batch_0.tar	6419968	235206	1533472256	4071456
161	2372	AF-0000000211881745	shard_637_batch_1.tar	49723392	113717	349471232	921385
164	2074	AF-0000000211881836	shard_519_batch_1.tar	45504512	71427	246906368	351105
166	2841	AF-0000000211881905	shard_529_batch_1.tar	9092096	72853	409071616	374151
177	2748	AF-0000000211882084	shard_829_batch_0.tar	67551232	233526	3324104192	3941906
184	2399	AF-0000000211882186	shard_607_batch_1.tar	57587712	101570	232756736	726643
184	2774	AF-0000000211882188	shard_499_batch_1.tar	52379648	64741	362618880	275565
195	2018	AF-0000000211882374	shard_551_batch_1.tar	63475200	80906	509211648	491933
195	2359	AF-0000000211882380	shard_617_batch_0.tar	83308544	101976	319006720	788108
195	2663	AF-0000000211882390	shard_509_batch_1.tar	57370624	65445	281360384	310948
196	2518	AF-0000000211882458	shard_803_batch_0.tar	111299072	189826	1860780032	2584957
197	2316	AF-0000000211882466	shard_799_batch_0.tar	40408576	189904	1819130368	2815643
199	2074	AF-0000000211882638	shard_499_batch_1.tar	29045760	62524	211897344	259633
200	2490	AF-0000000211882698	shard_607_batch_0.tar	90749440	101818	552811008	744248
201	2748	AF-0000000211882734	shard_713_batch_0.tar	106700800	142539	1474126848	1441753
204	2770	AF-0000000211882780	shard_849_batch_0.tar	45493760	243066	753972736	4269624
218	2279	AF-0000000211883175	shard_537_batch_1.tar	16387072	78183	559391232	426744
218	2471	AF-0000000211883191	shard_611_batch_0.tar	17173504	105380	225824768	784650
218	2765	AF-0000000211883216	shard_721_batch_0.tar	52662784	146734	497713664	1565349
218	2826	AF-0000000211883221	shard_729_batch_0.tar	63369728	149236	599093248	1571667
224	2214	AF-0000000211883534	shard_855_batch_0.tar	40361984	255758	1708432384	4783681
224	2254	AF-0000000211883539	shard_695_batch_0.tar	23444992	132810	1173620736	1241119
225	2730	AF-0000000211883640	shard_841_batch_0.tar	156122624	239843	4398533120	4038850
227	2228	AF-0000000211883699	shard_691_batch_0.tar	115082240	130373	564618752	1285093
242	2527	AF-0000000211884030	shard_867_batch_0.tar	103221760	295040	2583475712	6464310
242	2551	AF-0000000211884032	shard_867_batch_0.tar	268398592	287887	5729799680	6761531
242	2824	AF-0000000211884038	shard_817_batch_0.tar	102020096	206628	2627166720	3278114
242	2839	AF-0000000211884039	shard_831_batch_0.tar	117574144	223608	915883520	3843615
242	2945	AF-0000000211884043	shard_815_batch_0.tar	30557184	200496	1270105600	3174208
245	2108	AF-0000000211884161	shard_635_batch_0.tar	70959616	108641	316281856	869861
247	2475	AF-0000000211884209	shard_687_batch_0.tar	28801024	127841	1267766272	1273740
251	2053	AF-0000000211884295	shard_635_batch_0.tar	107181568	112714	733361664	904622
251	2990	AF-0000000211884311	shard_801_batch_0.tar	5117440	192013	1191427072	2807398
254	2791	AF-0000000211884417	shard_649_batch_1.tar	107994624	115574	511555072	973686
259	2560	AF-0000000211884528	shard_471_batch_1.tar	12145152	48356	204060672	155667
262	2201	AF-0000000211884597	shard_749_batch_0.tar	139998208	156485	1535928832	1876066
272	2150	AF-0000000211884766	shard_705_batch_0.tar	127949312	135462	929065984	1453845
272	2509	AF-0000000211884785	shard_637_batch_0.tar	66080768	112230	454112256	895463
272	2702	AF-0000000211884797	shard_499_batch_1.tar	18330624	62240	243817472	252679
272	2791	AF-0000000211884801	shard_593_batch_0.tar	19970048	94131	389925376	660785
272	2861	AF-0000000211884804	shard_619_batch_0.tar	11748864	103188	603961344	821222
273	2883	AF-0000000211884935	shard_725_batch_0.tar	55846912	142935	1404030976	1624229
273	2918	AF-0000000211884936	shard_781_batch_0.tar	77338112	171170	2156275200	2422295
275	2772	AF-0000000211884948	shard_815_batch_0.tar	182020608	205843	846549504	3118840
280	2732	AF-0000000211885044	shard_503_batch_1.tar	63223296	64489	196871680	263212
282	2041	AF-0000000211885181	shard_851_batch_0.tar	71544832	259052	1381950976	4861560
282	2132	AF-0000000211885186	shard_877_batch_0.tar	80974336	352677	2941578752	9039529
282	2791	AF-0000000211885215	shard_843_batch_0.tar	70620672	242001	1297750016	4378163
282	2813	AF-0000000211885216	shard_827_batch_0.tar	164851712	220988	1986298368	3695767
282	2883	AF-0000000211885219	shard_839_batch_0.tar	203865088	236150	1774461440	4121284
283	2476	AF-0000000211885360	shard_603_batch_1.tar	17906176	98647	824724480	676583
283	2657	AF-0000000211885365	shard_583_batch_1.tar	48315392	92112	299269632	561470
295	2474	AF-0000000211885692	shard_649_batch_0.tar	96890368	114317	1132805632	986198
295	2791	AF-0000000211885714	shard_703_batch_0.tar	123227136	136002	1419705344	1376799
298	2041	AF-0000000211885977	shard_763_batch_0.tar	58905088	166433	389320192	2059265
298	2101	AF-0000000211885981	shard_685_batch_1.tar	3874816	127925	1239249920	1164467
298	2227	AF-0000000211885991	shard_671_batch_1.tar	21553152	120789	1298321920	1037810
298	2441	AF-0000000211886007	shard_851_batch_0.tar	87368704	248202	705361408	4487212
298	2477	AF-0000000211886011	shard_725_batch_0.tar	138334720	141863	574092800	1546680
298	2681	AF-0000000211886022	shard_647_batch_1.tar	102497792	111516	571556864	886648
298	2776	AF-0000000211886031	shard_719_batch_0.tar	133926912	140606	1213739520	1410425
299	2711	AF-0000000211886245	shard_821_batch_0.tar	181863424	214638	878077440	3475192
300	2150	AF-0000000211886321	shard_855_batch_0.tar	36988928	251516	2278277632	4887052
300	2272	AF-0000000211886329	shard_845_batch_0.tar	137345536	234238	3390687744	4143574
300	2528	AF-0000000211886335	shard_791_batch_0.tar	104908800	179373	2834944512	2415499
300	2638	AF-0000000211886341	shard_877_batch_0.tar	54213632	335770	1541347328	8423388
300	2664	AF-0000000211886342	shard_859_batch_0.tar	14040576	260349	658831872	5224651
308	2748	AF-0000000211886632	shard_803_batch_0.tar	17319424	193257	924426240	2698090
309	2241	AF-0000000211886672	shard_783_batch_0.tar	130743296	183762	1655036416	2351922
309	2461	AF-0000000211886678	shard_779_batch_0.tar	162886144	181844	1811021824	2228604
309	2657	AF-0000000211886680	shard_741_batch_0.tar	68657152	158722	1039108608	1727228
312	2289	AF-0000000211886735	shard_873_batch_0.tar	90591232	320524	873532416	7844143
312	2455	AF-0000000211886736	shard_879_batch_0.tar	105182208	372207	2190878720	10070138
314	2455	AF-0000000211886754	shard_879_batch_0.tar	22265344	401512	10530382336	11821293
316	2448	AF-0000000211886792	shard_673_batch_1.tar	50483200	122332	283416064	1201487
316	2920	AF-0000000211886795	shard_839_batch_0.tar	167929856	231759	1835568640	4205649
327	2548	AF-0000000211887066	shard_855_batch_0.tar	90735616	257341	4979110912	4863116
333	2048	AF-0000000211887160	shard_617_batch_1.tar	75064320	106990	438607872	801838
333	2082	AF-0000000211887164	shard_607_batch_1.tar	80933376	101401	621673984	710966
333	2247	AF-0000000211887171	shard_677_batch_1.tar	76784640	119345	926101504	1072604
333	2377	AF-0000000211887176	shard_853_batch_0.tar	200098816	248854	2489816064	4495364
333	2544	AF-0000000211887182	shard_709_batch_0.tar	91227136	137433	1296414720	1346689
333	2677	AF-0000000211887186	shard_645_batch_1.tar	103871488	109243	847774208	954677
339	2892	AF-0000000211887376	shard_607_batch_1.tar	27665408	101710	619491328	721418
346	2748	AF-0000000211887453	shard_481_batch_1.tar	44837376	55149	148505600	181313
346	2750	AF-0000000211887454	shard_817_batch_0.tar	127820800	205121	1554027520	3081362
354	2112	AF-0000000211887581	shard_843_batch_0.tar	60417024	232072	2390676480	4106717
356	2177	AF-0000000211887648	shard_747_batch_0.tar	60758016	157710	381960704	1834000
356	2626	AF-0000000211887650	shard_787_batch_0.tar	88270336	183132	451968512	2439466
356	2974	AF-0000000211887653	shard_769_batch_0.tar	8003072	168501	432103936	2072293
362	2400	AF-0000000211887694	shard_841_batch_0.tar	104117760	236514	1462628352	4036559
363	2009	AF-0000000211887741	shard_711_batch_0.tar	92427264	141015	979572736	1428104
363	2491	AF-0000000211887752	shard_699_batch_0.tar	51871232	134644	618452992	1250692
363	2697	AF-0000000211887757	shard_850_batch_4.tar	181256704	246471	1535461888	4787619
366	2349	AF-0000000211887848	shard_775_batch_0.tar	139228672	179617	2597277184	2264282
369	2627	AF-0000000211887973	shard_765_batch_0.tar	111057408	169143	486152192	2111950
371	2442	AF-0000000211888009	shard_549_batch_1.tar	12391936	82047	217058304	471043
371	2795	AF-0000000211888011	shard_539_batch_0.tar	30017024	79099	312769024	411839
371	2974	AF-0000000211888012	shard_671_batch_0.tar	36123136	122758	409323520	1088383
372	2697	AF-0000000211888082	shard_827_batch_0.tar	115712512	214050	1057964032	3576279
373	2274	AF-0000000211888139	shard_719_batch_0.tar	57762816	139276	828623360	1399712
377	2349	AF-0000000211888219	shard_817_batch_0.tar	44563968	209707	721816576	3257595
380	2383	AF-0000000211888276	shard_659_batch_0.tar	95554048	117346	523371520	1064751
387	2246	AF-0000000211888369	shard_703_batch_0.tar	73562624	130990	283269120	1314512
388	2110	AF-0000000211888400	shard_571_batch_1.tar	51039744	86239	199450624	607093
388	2475	AF-0000000211888409	shard_623_batch_1.tar	38370304	103555	334545920	827763
388	2915	AF-0000000211888417	shard_587_batch_1.tar	39197184	92607	308657152	630554
392	2356	AF-0000000211888620	shard_689_batch_0.tar	119569920	131007	770603008	1267627
392	2909	AF-0000000211888670	shard_543_batch_1.tar	12180992	77032	466642432	444167
395	2492	AF-0000000211888876	shard_873_batch_0.tar	294686720	312362	3788053504	7184937
400	2711	AF-0000000211888947	shard_821_batch_0.tar	146392064	212297	1910786048	3406448
403	2981	AF-0000000211889023	shard_739_batch_0.tar	120891392	150978	1816219136	1742265
404	2246	AF-0000000211889049	shard_701_batch_0.tar	287232	130362	447470592	1272075
409	2988	AF-0000000211889127	shard_749_batch_0.tar	37037568	158334	1545239552	1685487
411	2099	AF-0000000211889193	shard_613_batch_1.tar	41181184	102910	777896960	736639
411	2174	AF-0000000211889199	shard_487_batch_1.tar	23324672	54576	320460288	206605
411	2560	AF-0000000211889214	shard_461_batch_2.tar	13107712	38564	139563520	84704
411	2563	AF-0000000211889215	shard_459_batch_2.tar	16349696	36854	113272832	77447
411	2886	AF-0000000211889226	shard_459_batch_2.tar	32007680	37930	76105728	78239
411	2945	AF-0000000211889227	shard_533_batch_1.tar	50358784	72145	465646080	384584
413	2048	AF-0000000211889343	shard_803_batch_0.tar	71773184	195016	762652160	2808953
413	2354	AF-0000000211889346	shard_855_batch_0.tar	130712576	253175	3669371392	4944044
413	2549	AF-0000000211889352	shard_821_batch_0.tar	203284992	207647	576083456	3240897
413	2806	AF-0000000211889354	shard_813_batch_0.tar	46178816	202877	2602153984	3041519
413	2924	AF-0000000211889355	shard_751_batch_0.tar	161633792	157300	1193944064	1859607
418	2769	AF-0000000211889507	shard_865_batch_0.tar	172390912	279645	4065574912	6022847
422	2403	AF-0000000211889654	shard_833_batch_0.tar	14733824	209972	1077355520	3704327
431	2620	AF-0000000211890202	shard_823_batch_0.tar	19818496	214107	3137071616	3515783
434	2663	AF-0000000211890259	shard_501_batch_1.tar	8226304	63299	203949568	276657
435	2840	AF-0000000211890292	shard_849_batch_0.tar	68400640	243765	4559688192	4867998
437	2505	AF-0000000211890335	shard_699_batch_0.tar	126112768	136945	620969472	1396668
438	2044	AF-0000000211890441	shard_693_batch_0.tar	76052480	125351	327329280	1239127
438	2509	AF-0000000211890468	shard_599_batch_0.tar	80411648	101964	337139712	668122
439	2384	AF-0000000211890684	shard_541_batch_1.tar	44669440	81955	382258176	453756
443	2664	AF-0000000211890840	shard_801_batch_0.tar	155975680	194727	847919104	2865798
443	2868	AF-0000000211890842	shard_687_batch_0.tar	72385536	129422	1186390528	1209020
444	2234	AF-0000000211890893	shard_695_batch_0.tar	85251584	135304	885965824	1212571
444	2698	AF-0000000211890899	shard_711_batch_0.tar	105031680	140429	1081652224	1365923
444	2801	AF-0000000211890902	shard_855_batch_0.tar	110117376	261251	1328532992	4892578
444	2945	AF-0000000211890904	shard_765_batch_0.tar	162064384	165266	2383911936	1921261
445	2174	AF-0000000211890968	shard_483_batch_1.tar	35348992	52839	292328960	190921
445	2560	AF-0000000211890974	shard_459_batch_2.tar	1578496	36829	76797440	72304
445	2886	AF-0000000211890979	shard_459_batch_2.tar	9495040	36129	78032384	66729
448	2290	AF-0000000211891117	shard_493_batch_1.tar	42486272	60035	192685568	247330
448	2309	AF-0000000211891119	shard_467_batch_1.tar	7098880	43809	104102912	126391
448	2491	AF-0000000211891135	shard_465_batch_1.tar	14886912	42711	107268096	113509
448	2494	AF-0000000211891136	shard_535_batch_1.tar	65925632	75555	503930368	410502
448	2499	AF-0000000211891137	shard_467_batch_1.tar	42277888	45033	129573888	121982
448	2663	AF-0000000211891146	shard_479_batch_1.tar	32655360	51774	272494080	174329
448	2896	AF-0000000211891154	shard_541_batch_1.tar	28892672	79420	298721792	422028
448	2899	AF-0000000211891155	shard_473_batch_1.tar	46790144	48072	97010176	153125
450	2420	AF-0000000211891524	shard_723_batch_0.tar	97206272	144406	698422272	1589900
450	2557	AF-0000000211891536	shard_545_batch_1.tar	79033344	80232	160284672	469872
450	2861	AF-0000000211891572	shard_579_batch_1.tar	73403392	91554	240696320	621543
451	2018	AF-0000000211891918	shard_531_batch_1.tar	72796672	76323	437143552	411195
451	2112	AF-0000000211891923	shard_735_batch_0.tar	78612992	150895	680260096	1641303
451	2476	AF-0000000211891959	shard_491_batch_0.tar	57273344	59794	118353408	234756
455	2702	AF-0000000211892317	shard_487_batch_1.tar	8151552	58602	163271680	213334
455	2765	AF-0000000211892322	shard_657_batch_0.tar	79157760	120596	368199680	1028011
460	2139	AF-0000000211892746	shard_799_batch_0.tar	75208192	187769	2004318720	2870828
471	2772	AF-0000000211892962	shard_761_batch_0.tar	152458752	169103	1218320896	1964475
474	2121	AF-0000000211892973	shard_809_batch_0.tar	149524992	199591	673739264	2833280
476	2505	AF-0000000211892996	shard_565_batch_1.tar	63979008	86566	300396032	532493
477	2101	AF-0000000211893058	shard_683_batch_0.tar	92489728	131377	304140800	1271289
477	2441	AF-0000000211893066	shard_851_batch_0.tar	214816768	252357	872797184	4793651
487	2689	AF-0000000211893260	shard_787_batch_0.tar	133132800	186736	570045440	2615326
509	2791	AF-0000000211893819	shard_571_batch_1.tar	90320896	89964	632505856	594045
510	2835	AF-0000000211893868	shard_829_batch_0.tar	111379968	221929	3041977344	3817890
519	2300	AF-0000000211893966	shard_673_batch_1.tar	47802368	122672	354259968	1144381
519	2743	AF-0000000211893968	shard_733_batch_0.tar	75798016	152964	606501888	1735720
521	2518	AF-0000000211894015	shard_841_batch_0.tar	27216384	233611	4192483840	3782203
526	2383	AF-0000000211894081	shard_525_batch_0.tar	28180992	73130	311046656	374643
530	2835	AF-0000000211894145	shard_831_batch_0.tar	40701952	219385	806558208	3843860
535	2112	AF-0000000211894240	shard_821_batch_0.tar	65365504	208524	2173039104	3224674
538	2228	AF-0000000211894350	shard_513_batch_1.tar	22249472	65823	190842880	313840
539	2480	AF-0000000211894371	shard_815_batch_0.tar	193582080	209611	1949616128	3265577
546	2770	AF-0000000211894457	shard_797_batch_0.tar	163937792	185928	998104576	2608739
546	2845	AF-0000000211894458	shard_799_batch_0.tar	145118208	187856	1068841472	2738658
548	2088	AF-0000000211894491	shard_775_batch_0.tar	55538688	174678	1978560000	2455430
559	2476	AF-0000000211894730	shard_559_batch_1.tar	41194496	86468	565082112	508222
561	2527	AF-0000000211894859	shard_783_batch_0.tar	150965760	187644	786876416	2327219
562	2825	AF-0000000211894929	shard_745_batch_0.tar	42586112	153870	850057216	1787070
568	2270	AF-0000000211895045	shard_851_batch_0.tar	87114240	253726	4444917248	4572943
568	2285	AF-0000000211895046	shard_767_batch_0.tar	112544256	169281	478630400	2169939
569	2466	AF-0000000211895085	shard_593_batch_0.tar	80583168	96524	532779008	702681
570	2464	AF-0000000211895104	shard_877_batch_0.tar	266890752	358201	8311269376	10460941
573	2208	AF-0000000211895156	shard_805_batch_0.tar	198328832	200044	1616035328	2945263
575	2418	AF-0000000211895201	shard_583_batch_1.tar	2579456	92477	301062656	620767
580	2813	AF-0000000211895351	shard_783_batch_0.tar	133704192	180660	1556288512	2478753
582	2733	AF-0000000211895423	shard_525_batch_1.tar	1443840	71230	279882240	349097
587	2351	AF-0000000211895537	shard_849_batch_0.tar	134557696	243662	4001572352	4366617
587	2651	AF-0000000211895543	shard_837_batch_0.tar	40201728	227408	1394051584	3755215
592	2110	AF-0000000211895645	shard_631_batch_0.tar	77842432	105111	834825728	898467
592	2132	AF-0000000211895646	shard_841_batch_0.tar	41819648	230248	3476625920	3998101
592	2475	AF-0000000211895654	shard_677_batch_0.tar	10986496	122848	694091264	1203433
592	2915	AF-0000000211895663	shard_645_batch_0.tar	78071808	111507	464568832	974949
594	2099	AF-0000000211895710	shard_667_batch_0.tar	32768512	121178	1318552064	1066785
594	2216	AF-0000000211895714	shard_599_batch_1.tar	93663232	98305	427938304	661032
594	2570	AF-0000000211895720	shard_527_batch_1.tar	53719552	71936	516616704	375180
597	2861	AF-0000000211895799	shard_617_batch_1.tar	55514112	103405	330359296	804628
605	2335	AF-0000000211895887	shard_857_batch_0.tar	254987776	259992	4809713152	5372304
607	2126	AF-0000000211895958	shard_765_batch_0.tar	68114432	173433	399843840	2107010
608	2748	AF-0000000211896046	shard_573_batch_0.tar	42126848	92977	323849216	599001
611	2892	AF-0000000211896079	shard_845_batch_0.tar	48035328	235541	4574366720	4198694
618	2241	AF-0000000211896219	shard_541_batch_0.tar	61796352	81571	436421632	439337
618	2732	AF-0000000211896251	shard_551_batch_0.tar	74614784	84656	343504896	474122
618	2830	AF-0000000211896258	shard_555_batch_0.tar	9072128	82254	424979456	485664
624	2862	AF-0000000211896465	shard_513_batch_1.tar	41188352	66199	403962880	332074
625	2523	AF-0000000211896523	shard_759_batch_0.tar	145976320	167574	569829888	1980173
630	2772	AF-0000000211896655	shard_705_batch_0.tar	5616128	139472	955675648	1404908
633	2081	AF-0000000211896669	shard_661_batch_0.tar	51792896	119091	314250240	1030618
636	2226	AF-0000000211896792	shard_547_batch_1.tar	48966144	79910	393718272	471856
636	2509	AF-0000000211896815	shard_653_batch_0.tar	113673728	119974	559623168	980925
636	2609	AF-0000000211896823	shard_507_batch_1.tar	34343424	67495	325986816	291359
636	2826	AF-0000000211896840	shard_699_batch_0.tar	25056256	134679	543465984	1267693
640	2076	AF-0000000211897061	shard_837_batch_0.tar	142695424	234085	3980539392	3925464
640	2496	AF-0000000211897073	shard_571_batch_1.tar	28442112	89956	307228672	555211
640	2833	AF-0000000211897082	shard_553_batch_1.tar	27066368	83402	521870848	468882
648	2384	AF-0000000211897338	shard_597_batch_1.tar	83180544	98712	653986304	665804
648	2476	AF-0000000211897341	shard_591_batch_1.tar	88930816	96033	315398656	657606
648	2839	AF-0000000211897346	shard_715_batch_0.tar	2460160	143338	384816640	1482276
651	2322	AF-0000000211897519	shard_665_batch_0.tar	116362240	123022	326497792	1063381
658	2146	AF-0000000211897708	shard_829_batch_0.tar	137177088	225687	2187025408	3603258
664	2730	AF-0000000211897774	shard_711_batch_0.tar	127495168	140142	522248192	1363484
670	2980	AF-0000000211897819	shard_671_batch_1.tar	89018880	122294	663622144	1051137
674	2960	AF-0000000211897914	shard_497_batch_1.tar	56660480	62905	171411456	264214
675	2082	AF-0000000211898020	shard_651_batch_1.tar	48707584	118149	318087168	964663
675	2563	AF-0000000211898040	shard_483_batch_1.tar	5269504	56941	265764352	192611
676	2132	AF-0000000211898198	shard_879_batch_0.tar	81018368	371854	6644836864	10190780
676	2813	AF-0000000211898224	shard_845_batch_0.tar	194705920	240705	3166020096	4398158
676	2859	AF-0000000211898226	shard_859_batch_0.tar	258886656	266959	4294191104	5280598
685	2855	AF-0000000211898382	shard_723_batch_0.tar	85657600	141721	1766979584	1536844
686	2766	AF-0000000211898444	shard_519_batch_1.tar	52080128	72569	243822080	363778
687	2730	AF-0000000211898509	shard_593_batch_0.tar	3772928	97008	738988544	631717
688	2174	AF-0000000211898578	shard_487_batch_1.tar	27478528	55534	160215552	210084
688	2824	AF-0000000211898607	shard_539_batch_1.tar	73554432	78179	198089728	416231
706	2383	AF-0000000211898986	shard_765_batch_0.tar	61441024	170893	1599534080	2176641
718	2067	AF-0000000211899117	shard_827_batch_0.tar	174825984	216215	3522638336	3702576
724	2849	AF-0000000211899416	shard_849_batch_0.tar	199936000	246811	3783693312	4819962
735	2748	AF-0000000211899622	shard_849_batch_0.tar	98391040	237752	4628490752	4204770
741	2071	AF-0000000211899822	shard_845_batch_0.tar	236149248	234113	4647013888	4147675
742	2146	AF-0000000211899841	shard_877_batch_0.tar	95537152	351149	5930280448	8885668
749	2750	AF-0000000211899888	shard_843_batch_0.tar	136747008	232139	3828408320	4047623
753	2174	AF-0000000211899932	shard_575_batch_0.tar	72864256	89727	634939904	579608
755	2485	AF-0000000211899984	shard_707_batch_0.tar	79568896	140106	466025984	1408294
755	2791	AF-0000000211899991	shard_689_batch_0.tar	54499328	131071	1091287552	1183445
755	2859	AF-0000000211899992	shard_699_batch_0.tar	34712576	136032	1585335808	1372219
758	2330	AF-0000000211900097	shard_623_batch_1.tar	8653824	106439	672603648	826621
758	2861	AF-0000000211900103	shard_737_batch_0.tar	52257792	151681	1307626496	1791354
759	2197	AF-0000000211900156	shard_871_batch_0.tar	174172672	305252	4556225536	6924483
761	2197	AF-0000000211900321	shard_857_batch_0.tar	33309696	265698	1707171328	5185471
761	2509	AF-0000000211900341	shard_611_batch_1.tar	48543744	107364	364100608	753093
761	2681	AF-0000000211900353	shard_473_batch_1.tar	33415680	50836	104958464	157565
761	2859	AF-0000000211900368	shard_581_batch_1.tar	43250688	94417	215560704	629016
767	2701	AF-0000000211900594	shard_873_batch_0.tar	54713856	310656	2689121280	7704527
771	2199	AF-0000000211900621	shard_811_batch_0.tar	163032576	195453	995371008	2969193
774	2236	AF-0000000211900675	shard_781_batch_0.tar	85144064	181207	786394112	2518116
777	2057	AF-0000000211900697	shard_559_batch_0.tar	793600	85597	385771008	542988
777	2774	AF-0000000211900706	shard_521_batch_1.tar	28728320	72237	422396416	361801
780	2570	AF-0000000211900742	shard_833_batch_0.tar	181134336	225393	3611674624	3589931
784	2430	AF-0000000211900863	shard_867_batch_0.tar	89841664	279875	6025095168	6082550
791	2555	AF-0000000211900979	shard_861_batch_0.tar	83756544	271498	4150712320	5728969
792	2725	AF-0000000211900987	shard_865_batch_0.tar	171828736	279838	3307869696	5715839
794	2347	AF-0000000211900996	shard_875_batch_0.tar	27197440	325552	7070733824	7657733
794	2544	AF-0000000211900997	shard_823_batch_0.tar	205654016	211276	3740741120	3359401
795	2384	AF-0000000211901070	shard_631_batch_1.tar	3926016	107271	502183424	887566
797	2263	AF-0000000211901198	shard_801_batch_0.tar	45063680	189751	3018711040	2897422
797	2359	AF-0000000211901201	shard_697_batch_0.tar	41628160	130923	1209221120	1324883
797	2370	AF-0000000211901202	shard_651_batch_0.tar	32554496	115747	1159232000	984863
797	2495	AF-0000000211901205	shard_645_batch_0.tar	64724992	111093	643807232	912584
797	2567	AF-0000000211901207	shard_585_batch_1.tar	34645504	91160	573276160	607138
797	2663	AF-0000000211901210	shard_595_batch_1.tar	37684224	94284	246303744	691353
801	2639	AF-0000000211901293	shard_791_batch_0.tar	30851584	183682	2256972800	2542013
803	2733	AF-0000000211901363	shard_469_batch_1.tar	45684224	46306	170654208	135823
803	2945	AF-0000000211901367	shard_527_batch_1.tar	43040768	69569	374518784	367394
808	2131	AF-0000000211901584	shard_695_batch_0.tar	43815936	132338	1507119616	1288036
808	2370	AF-0000000211901607	shard_577_batch_0.tar	48752128	92095	519877120	620470
815	2772	AF-0000000211902141	shard_739_batch_0.tar	85876224	158082	1487144960	1845366
825	2492	AF-0000000211902359	shard_857_batch_0.tar	126172672	260609	4769801216	5011668
825	2886	AF-0000000211902367	shard_485_batch_1.tar	52967424	52380	220188672	202171
828	2025	AF-0000000211902489	shard_859_batch_0.tar	239480320	271955	2675251200	5381170
828	2099	AF-0000000211902490	shard_787_batch_0.tar	159427072	182388	2696582144	2400866
828	2102	AF-0000000211902491	shard_679_batch_1.tar	126893568	127629	977096704	1117664
828	2216	AF-0000000211902495	shard_749_batch_0.tar	35099136	159587	1783712768	1728490
828	2435	AF-0000000211902500	shard_731_batch_0.tar	55291904	151952	1247794688	1612902
831	2005	AF-0000000211902582	shard_755_batch_0.tar	6786048	164969	1770125824	1995698
837	2349	AF-0000000211902609	shard_779_batch_0.tar	125086720	181749	659800064	2355257
842	2703	AF-0000000211902657	shard_769_batch_0.tar	65717248	169084	1027205632	2229323
844	2356	AF-0000000211902688	shard_813_batch_0.tar	24153600	203474	1280703488	3248253
847	2291	AF-0000000211902771	shard_877_batch_0.tar	262298112	334907	6523523584	8384384
849	2112	AF-0000000211902821	shard_791_batch_0.tar	25182208	185070	1696272896	2499961
849	2667	AF-0000000211902829	shard_609_batch_1.tar	39622144	102013	768375296	743231
849	2992	AF-0000000211902832	shard_657_batch_1.tar	57009664	119351	920280576	1017095
851	2799	AF-0000000211902896	shard_731_batch_0.tar	79463424	151909	587571200	1532038
853	2088	AF-0000000211902916	shard_773_batch_0.tar	68425216	172535	998342656	2379142
854	2151	AF-0000000211902948	shard_571_batch_0.tar	1195008	92896	626384896	559652
862	2298	AF-0000000211903004	shard_591_batch_0.tar	69328384	94049	541861888	651906
863	2908	AF-0000000211903084	shard_699_batch_0.tar	9682432	133747	1002114560	1274582
864	2031	AF-0000000211903158	shard_625_batch_0.tar	25667584	104896	437358592	836718
879	2772	AF-0000000211903382	shard_749_batch_1.tar	47096832	159203	1557342208	1802204
882	2772	AF-0000000211903424	shard_847_batch_0.tar	192260096	240014	3105869824	4445738
884	2679	AF-0000000211903492	shard_879_batch_0.tar	292339712	365642	3183325184	11013933
884	2694	AF-0000000211903493	shard_829_batch_0.tar	160774144	218671	3596632576	3745046
887	2106	AF-0000000211903524	shard_583_batch_1.tar	25676288	88424	783685632	574978
893	2842	AF-0000000211903603	shard_763_batch_0.tar	139108864	170494	1326641152	2054953
895	2442	AF-0000000211903627	shard_653_batch_0.tar	20104192	114320	652919808	1021732
895	2634	AF-0000000211903630	shard_601_batch_0.tar	34169344	97565	611531264	716604
895	2855	AF-0000000211903632	shard_719_batch_0.tar	49259008	140939	374772736	1502574
899	2096	AF-0000000211903669	shard_869_batch_0.tar	126787072	290870	5859054592	6127150
908	2048	AF-0000000211903834	shard_685_batch_0.tar	102318592	128696	701810688	1212840
909	2910	AF-0000000211903926	shard_767_batch_0.tar	107560960	170494	998361088	2120150
924	2489	AF-0000000211904153	shard_611_batch_0.tar	10324992	101476	712468480	775904
924	2664	AF-0000000211904165	shard_783_batch_0.tar	4585984	178473	1043060224	2565800
924	2732	AF-0000000211904168	shard_669_batch_0.tar	71982592	120930	324357120	1113773
930	2100	AF-0000000211904430	shard_879_batch_0.tar	183270400	390476	2610729472	12034222
932	2350	AF-0000000211904465	shard_505_batch_1.tar	9284608	64194	241995776	256345
932	2860	AF-0000000211904466	shard_573_batch_0.tar	72130048	88572	398855168	593775
951	2079	AF-0000000211904981	shard_727_batch_0.tar	80672256	139978	1635120640	1537575
954	2109	AF-0000000211905060	shard_773_batch_0.tar	140144640	174874	1271484416	2303628
954	2869	AF-0000000211905086	shard_713_batch_0.tar	51527168	144017	510365696	1511167
956	2232	AF-0000000211905185	shard_725_batch_0.tar	68285952	147561	1617512960	1572862
956	2480	AF-0000000211905193	shard_801_batch_0.tar	114652672	196723	2199725568	2871303
957	2456	AF-0000000211905293	shard_469_batch_1.tar	37093376	46954	189214720	140846
957	2697	AF-0000000211905299	shard_761_batch_0.tar	153304576	161930	1053538304	2013632
957	2960	AF-0000000211905303	shard_477_batch_1.tar	9416192	52521	184400384	179207
965	2241	AF-0000000211905527	shard_511_batch_1.tar	33653760	70296	412967424	331606
965	2826	AF-0000000211905563	shard_643_batch_1.tar	4580864	114452	343007744	868333
965	2909	AF-0000000211905567	shard_525_batch_1.tar	539136	71844	410186752	365498
969	2018	AF-0000000211905763	shard_759_batch_0.tar	90503168	166374	768988672	2071803
969	2810	AF-0000000211905773	shard_791_batch_0.tar	8564736	185234	1023106560	2599436
977	2214	AF-0000000211906003	shard_877_batch_0.tar	215980544	354143	6097442816	9214663
977	2234	AF-0000000211906006	shard_823_batch_0.tar	171537408	217378	2988127232	3566168
979	2347	AF-0000000211906134	shard_869_batch_0.tar	154192384	289017	1881479680	6103758
980	2348	AF-0000000211906183	shard_699_batch_0.tar	87404544	137573	692204544	1421230
984	2245	AF-0000000211906594	shard_539_batch_0.tar	36939264	76614	394574848	408313
985	2658	AF-0000000211906631	shard_659_batch_1.tar	79491072	121121	679052800	989325
986	2050	AF-0000000211906681	shard_643_batch_0.tar	46194688	114285	232913408	938934
986	2755	AF-0000000211906687	shard_701_batch_0.tar	107782656	136096	715495424	1342418
988	2370	AF-0000000211906767	shard_513_batch_1.tar	36348416	71013	338209792	344867
988	2673	AF-0000000211906781	shard_507_batch_0.tar	8431104	66294	399995904	292653
1003	2300	AF-0000000211907043	shard_655_batch_1.tar	52045312	115355	434980352	1034071
1007	2044	AF-0000000211907210	shard_709_batch_0.tar	100722688	133066	712403456	1390220
1007	2197	AF-0000000211907221	shard_859_batch_0.tar	102144000	267763	2780829184	5314682
1007	2985	AF-0000000211907279	shard_761_batch_0.tar	103200768	164233	784160256	1955092
1011	2364	AF-0000000211907479	shard_739_batch_0.tar	106750976	153822	2016324608	1752683
1019	2678	AF-0000000211907576	shard_875_batch_0.tar	243812352	326772	2224043008	7909257
1019	2833	AF-0000000211907577	shard_771_batch_0.tar	158362112	173041	1587047936	2187959
1026	2359	AF-0000000211907698	shard_719_batch_0.tar	76935168	140429	660689408	1525038
1026	2495	AF-0000000211907703	shard_669_batch_0.tar	68085760	120890	1267699200	1100608
1037	2713	AF-0000000211908012	shard_567_batch_0.tar	2521088	87154	619745280	516540
1039	2799	AF-0000000211908020	shard_539_batch_0.tar	60787712	81161	552236032	447595
1044	2078	AF-0000000211908060	shard_629_batch_1.tar	3757056	106336	662460928	779662
1044	2243	AF-0000000211908061	shard_685_batch_0.tar	76238336	126919	840672256	1127815
1044	2435	AF-0000000211908064	shard_575_batch_0.tar	41880064	91559	417292288	589761
1044	2523	AF-0000000211908065	shard_663_batch_0.tar	95196160	120573	320494592	1061823
1044	2537	AF-0000000211908066	shard_775_batch_0.tar	71582208	168156	1320414720	2173649
1044	2615	AF-0000000211908067	shard_641_batch_1.tar	88606720	110336	754462208	828081
1044	2651	AF-0000000211908068	shard_689_batch_0.tar	113148416	126503	702861312	1132424
1050	2507	AF-0000000211908315	shard_765_batch_0.tar	112757248	164742	1008765440	2176447
1063	2099	AF-0000000211908576	shard_621_batch_1.tar	76375552	105061	543701504	794478
1063	2174	AF-0000000211908583	shard_493_batch_1.tar	7656960	56824	218688000	229412
1063	2560	AF-0000000211908600	shard_463_batch_1.tar	42073600	40836	102305280	102306
1063	2886	AF-0000000211908617	shard_463_batch_1.tar	31845376	40232	121075712	96783
1064	2925	AF-0000000211908722	shard_713_batch_0.tar	85204992	138784	776207872	1449129
1066	2850	AF-0000000211908736	shard_879_batch_0.tar	64143360	422564	1176747008	14155798
1076	2990	AF-0000000211908858	shard_795_batch_0.tar	93781504	189174	375592960	2679104
1081	2494	AF-0000000211908931	shard_543_batch_0.tar	41418752	78951	429572096	443984
1084	2247	AF-0000000211909024	shard_875_batch_0.tar	229265408	310829	4508337664	7255154
1084	2784	AF-0000000211909026	shard_879_batch_0.tar	111657472	420913	9418575872	13029163
1093	2801	AF-0000000211909164	shard_771_batch_0.tar	31947776	174947	682443264	2176438
1097	2801	AF-0000000211909247	shard_795_batch_0.tar	55264256	188859	1633576960	2628505
1097	2817	AF-0000000211909248	shard_787_batch_0.tar	105204224	176225	865572352	2282013
1097	2839	AF-0000000211909249	shard_649_batch_0.tar	31312384	115216	990227968	977397
1101	2949	AF-0000000211909306	shard_491_batch_1.tar	37363200	61922	296633856	223561
1105	2132	AF-0000000211909372	shard_875_batch_0.tar	72952320	326033	937554432	8117502
1105	2441	AF-0000000211909380	shard_873_batch_0.tar	128602112	314124	7258816512	7688884
1105	2702	AF-0000000211909385	shard_787_batch_0.tar	25242112	184054	2338874880	2609898
1105	2778	AF-0000000211909389	shard_851_batch_0.tar	62628864	250693	4299121664	4944071
1108	2268	AF-0000000211909553	shard_761_batch_0.tar	107758080	168222	2132572160	2131831
1115	2524	AF-0000000211909620	shard_779_batch_0.tar	130515968	180828	963601920	2396364
1115	2800	AF-0000000211909623	shard_805_batch_0.tar	105746432	199430	863406080	2937739
1118	2664	AF-0000000211909673	shard_835_batch_0.tar	209988096	225061	3884248576	3929394
1128	2563	AF-0000000211909814	shard_805_batch_0.tar	140282880	202731	2434026496	3033976
1128	2717	AF-0000000211909820	shard_833_batch_0.tar	211614208	230695	3978849792	4051734
1131	2041	AF-0000000211909939	shard_755_batch_0.tar	70349312	165241	438434304	1976165
1131	2732	AF-0000000211909954	shard_711_batch_0.tar	42847744	139703	962429952	1442625
1148	2100	AF-0000000211910189	shard_861_batch_0.tar	42720768	266244	4232505856	5487970
1150	2150	AF-0000000211910262	shard_719_batch_0.tar	143271936	141878	522448384	1578462
1152	2336	AF-0000000211910288	shard_743_batch_0.tar	40271360	155649	1726770176	1873572
1152	2664	AF-0000000211910289	shard_827_batch_0.tar	84788736	219036	3963347456	3637702
1157	2461	AF-0000000211910367	shard_743_batch_0.tar	108537856	156590	1751996416	1836180
1160	2041	AF-0000000211910433	shard_814_batch_4.tar	46419968	212113	1815119872	3230729
1160	2126	AF-0000000211910435	shard_791_batch_0.tar	108883456	188741	1920376832	2575867
1160	2883	AF-0000000211910454	shard_793_batch_0.tar	163816448	189183	1209354752	2620475
1162	2574	AF-0000000211910643	shard_471_batch_1.tar	12194304	48092	156030464	149624
1162	2663	AF-0000000211910648	shard_481_batch_1.tar	50714624	52636	285390336	181651
1162	2681	AF-0000000211910650	shard_467_batch_1.tar	10882048	43268	106913280	126062
1166	2670	AF-0000000211910970	shard_701_batch_1.tar	131181568	133468	989503488	1379478
1168	2748	AF-0000000211910985	shard_479_batch_1.tar	15667200	54754	226312192	172857
1176	2100	AF-0000000211911099	shard_879_batch_0.tar	184413184	389054	4755879424	11452407
1178	2272	AF-0000000211911166	shard_699_batch_0.tar	16377344	136210	657412608	1312235
1178	2483	AF-0000000211911169	shard_809_batch_0.tar	165645312	198485	1845594624	2870396
1178	2505	AF-0000000211911171	shard_603_batch_0.tar	96101376	101310	603108352	715526
1180	2332	AF-0000000211911237	shard_817_batch_0.tar	54340608	201576	1040278016	3001266
1183	2174	AF-0000000211911370	shard_583_batch_1.tar	9494528	89284	333654528	588777
1184	2667	AF-0000000211911412	shard_605_batch_1.tar	39992320	100105	273593344	708931
1185	2359	AF-0000000211911535	shard_797_batch_0.tar	97466880	192847	1083736064	2769607
1185	2495	AF-0000000211911548	shard_769_batch_0.tar	126473728	173487	382404608	2189199
1185	2568	AF-0000000211911555	shard_745_batch_0.tar	132469760	162164	942570496	1897169
1185	2661	AF-0000000211911558	shard_815_batch_0.tar	182441472	207766	913569280	3151238
1185	2861	AF-0000000211911579	shard_799_batch_0.tar	43934208	194917	864587264	2827108
1185	2952	AF-0000000211911584	shard_841_batch_0.tar	117080064	238948	4122131968	4149879
1186	2174	AF-0000000211911762	shard_501_batch_1.tar	11763200	60668	136374272	266842
1186	2560	AF-0000000211911770	shard_467_batch_1.tar	3688960	44688	189999104	128535
1186	2886	AF-0000000211911777	shard_465_batch_1.tar	31944704	44035	168683008	120184
1199	2665	AF-0000000211912168	shard_841_batch_0.tar	104354816	230026	1220286464	4142839
1200	2940	AF-0000000211912183	shard_569_batch_0.tar	28309504	85509	185583104	571902
1211	2138	AF-0000000211912506	shard_723_batch_0.tar	89060864	144459	1806303744	1622344
1211	2549	AF-0000000211912529	shard_793_batch_0.tar	143220224	182483	1689830912	2663255
1214	2006	AF-0000000211912787	shard_843_batch_0.tar	34421248	235925	619118080	3953324
1214	2384	AF-0000000211912812	shard_543_batch_1.tar	34698752	81447	245710336	438822
1214	2598	AF-0000000211912823	shard_723_batch_0.tar	4903424	139352	1519239168	1503301
1214	2826	AF-0000000211912839	shard_713_batch_0.tar	116461056	141409	786217472	1444574
1215	2435	AF-0000000211912996	shard_671_batch_0.tar	63575552	126693	907507200	1079748
1225	2901	AF-0000000211913245	shard_777_batch_0.tar	142720000	169840	973387776	2269620
1230	2279	AF-0000000211913372	shard_513_batch_1.tar	49510912	69140	419325952	324260
1230	2474	AF-0000000211913386	shard_563_batch_0.tar	27732480	85403	336781824	528845
1230	2791	AF-0000000211913415	shard_627_batch_0.tar	54589440	106846	261476864	819429
1233	2245	AF-0000000211913619	shard_689_batch_0.tar	66652160	126942	1416043520	1205343
1242	2510	AF-0000000211913758	shard_559_batch_0.tar	24794624	86983	407459840	518364
1258	2702	AF-0000000211914047	shard_517_batch_1.tar	21461504	69884	374118912	308744
1259	2144	AF-0000000211914091	shard_863_batch_0.tar	86234112	273440	3467117056	5510517
1261	2733	AF-0000000211914191	shard_467_batch_1.tar	15827968	45951	138338304	131347
1261	2745	AF-0000000211914192	shard_567_batch_1.tar	7709696	88701	182692352	531794
1270	2139	AF-0000000211914396	shard_841_batch_0.tar	120439296	235769	921193984	4388389
1270	2806	AF-0000000211914406	shard_799_batch_0.tar	131224576	192810	544724480	2733294
1270	2843	AF-0000000211914408	shard_855_batch_0.tar	85492736	255294	1689025536	4718853
1272	2872	AF-0000000211914473	shard_879_batch_0.tar	206861312	393758	2553095168	11080811
1272	2892	AF-0000000211914474	shard_843_batch_0.tar	209785344	240325	3192596480	4119515
1278	2809	AF-0000000211914637	shard_773_batch_0.tar	67729920	169426	566841344	2031555
1280	2137	AF-0000000211914753	shard_649_batch_0.tar	82701824	116423	428832256	1003222
1280	2279	AF-0000000211914765	shard_549_batch_1.tar	54490624	83926	525725696	485011
1280	2356	AF-0000000211914771	shard_757_batch_0.tar	9869312	166937	506783744	2021750
1280	2702	AF-0000000211914803	shard_565_batch_1.tar	54287872	89683	376909824	554232
1283	2138	AF-0000000211915024	shard_817_batch_0.tar	100961280	208356	1477314048	3020972
1283	2527	AF-0000000211915032	shard_869_batch_0.tar	28470272	296884	2437848064	6106659
1283	2936	AF-0000000211915036	shard_853_batch_0.tar	153612288	253333	3899540480	4495384
1292	2861	AF-0000000211915169	shard_671_batch_1.tar	57279488	122986	1100686336	1155953
1293	2236	AF-0000000211915182	shard_859_batch_0.tar	13497344	266582	2351399424	5553738
1294	2112	AF-0000000211915227	shard_777_batch_0.tar	155574272	173894	1457078272	2232307
1294	2381	AF-0000000211915238	shard_715_batch_0.tar	35146240	139225	1257672704	1471320
1294	2563	AF-0000000211915246	shard_525_batch_1.tar	48685056	73148	284020224	368662
1294	2645	AF-0000000211915248	shard_673_batch_1.tar	125046272	118487	1253370368	1155754
1294	2776	AF-0000000211915254	shard_621_batch_1.tar	62611456	104941	300904448	807075
1295	2769	AF-0000000211915399	shard_821_batch_0.tar	119633408	208833	425828864	3331624
1298	2072	AF-0000000211915431	shard_821_batch_0.tar	73134592	211620	3681565696	3295564
1298	2316	AF-0000000211915437	shard_831_batch_0.tar	56543744	222636	2733139456	3629002
1298	2359	AF-0000000211915439	shard_801_batch_0.tar	23129600	191474	624632832	2678731
1298	2475	AF-0000000211915442	shard_797_batch_0.tar	132813824	187284	2147971584	2640927
1298	2791	AF-0000000211915450	shard_791_batch_0.tar	26510848	184138	402078720	2464711
1298	2859	AF-0000000211915452	shard_797_batch_0.tar	52573184	189925	2563364352	2688507
1300	2806	AF-0000000211915554	shard_683_batch_0.tar	70634496	126973	349007360	1192009
1300	2862	AF-0000000211915556	shard_555_batch_0.tar	32877056	78243	443365888	480744
1301	2924	AF-0000000211915639	shard_1103_batch_1.tar	35747840	65336	354698240	294337
1304	2723	AF-0000000211915681	shard_807_batch_0.tar	188598784	199965	1708641792	2874972
1305	2537	AF-0000000211915703	shard_877_batch_0.tar	327099392	344296	7468931072	8874114
1306	2257	AF-0000000211915795	shard_761_batch_0.tar	141867520	160063	1449650688	1897601
1306	2568	AF-0000000211915811	shard_629_batch_1.tar	108787712	102827	1051611136	817232
1306	2748	AF-0000000211915822	shard_617_batch_1.tar	78069248	98999	484103680	742238
1315	2442	AF-0000000211916064	shard_711_batch_0.tar	115213824	132333	1044282368	1424612
1321	2334	AF-0000000211916188	shard_851_batch_0.tar	248202752	254724	537702912	4836027
1321	2915	AF-0000000211916206	shard_837_batch_0.tar	35963392	238548	4134597632	4109389
1328	2080	AF-0000000211916290	shard_717_batch_0.tar	3805184	141523	1364812800	1489538
1328	2448	AF-0000000211916292	shard_673_batch_0.tar	65802240	122205	322084352	1202343
1328	2855	AF-0000000211916293	shard_673_batch_0.tar	43397632	122508	543100928	1135386
1333	2006	AF-0000000211916373	shard_877_batch_0.tar	187297792	360784	828114944	9504765
1333	2101	AF-0000000211916378	shard_817_batch_0.tar	44989440	211640	2817223680	3500624
1333	2791	AF-0000000211916407	shard_839_batch_0.tar	62402048	234168	4175005696	4275028
1333	2861	AF-0000000211916411	shard_845_batch_0.tar	106688512	242896	4150870016	4580701
1340	2608	AF-0000000211916571	shard_843_batch_0.tar	187146240	231747	2386408448	4267022
1341	2133	AF-0000000211916638	shard_807_batch_0.tar	148235776	191409	2118909440	2692728
1341	2291	AF-0000000211916641	shard_865_batch_0.tar	36421120	270157	1960305152	5344650
1344	2772	AF-0000000211916722	shard_809_batch_0.tar	138288640	198332	3217289728	2987543
1345	2667	AF-0000000211916740	shard_623_batch_1.tar	50519040	104933	873264128	831529
1347	2891	AF-0000000211916774	shard_835_batch_0.tar	75075584	220561	3741998592	3705645
1352	2450	AF-0000000211916806	shard_855_batch_0.tar	102261760	259955	3858399744	4856932
1354	2138	AF-0000000211916842	shard_519_batch_1.tar	33275904	73297	201197568	351924
1354	2174	AF-0000000211916843	shard_479_batch_1.tar	13207552	50421	148555264	173821
1354	2457	AF-0000000211916854	shard_477_batch_1.tar	37769216	50757	215785472	171151
1354	2824	AF-0000000211916868	shard_527_batch_1.tar	49831424	73342	300999168	356906
1354	2841	AF-0000000211916869	shard_477_batch_1.tar	39161344	52887	184753152	171502
1354	2886	AF-0000000211916870	shard_457_batch_3.tar	20298240	33605	69716992	54734
1365	2509	AF-0000000211917133	shard_585_batch_1.tar	26928128	97098	326140928	610160
1365	2568	AF-0000000211917136	shard_1103_batch_1.tar	51771392	54618	285164544	178602
1371	2448	AF-0000000211917324	shard_659_batch_1.tar	45216256	117858	1217123328	1076823
1375	2383	AF-0000000211917417	shard_527_batch_0.tar	39561216	74141	268804608	381073
1377	2178	AF-0000000211917428	shard_817_batch_0.tar	59655168	205550	2978530816	3263694
1383	2232	AF-0000000211917485	shard_531_batch_0.tar	52937216	73245	489779200	402123
1383	2480	AF-0000000211917486	shard_671_batch_0.tar	20668928	122191	1075056128	1133867
1385	2360	AF-0000000211917499	shard_875_batch_0.tar	284013056	335011	5552881664	7759799
1389	2380	AF-0000000211917570	shard_789_batch_0.tar	98926592	183600	2851654144	2456009
1389	2453	AF-0000000211917571	shard_785_batch_0.tar	159254016	187772	2138779648	2357612
1392	2358	AF-0000000211917715	shard_807_batch_0.tar	44320768	200293	3156735488	2897018
1395	2365	AF-0000000211917818	shard_779_batch_0.tar	55600128	180169	404567040	2330854
1403	2801	AF-0000000211918001	shard_865_batch_0.tar	132469760	285828	2687229952	5792537
1412	2663	AF-0000000211918178	shard_499_batch_1.tar	39919616	63200	317424640	266940
1416	2911	AF-0000000211918403	shard_759_batch_0.tar	94027264	164518	1318373888	2107907
1420	2265	AF-0000000211918453	shard_867_batch_0.tar	170491392	285482	3984232960	6300344
1420	2352	AF-0000000211918454	shard_867_batch_0.tar	34330112	279005	6414599680	6113347
1421	2109	AF-0000000211918479	shard_793_batch_0.tar	120110080	191959	815029248	2722799
1421	2132	AF-0000000211918482	shard_869_batch_0.tar	275979264	296697	6540956160	6594442
1421	2214	AF-0000000211918486	shard_867_batch_0.tar	46470656	288721	1900622336	6223114
1423	2827	AF-0000000211918600	shard_871_batch_0.tar	159461888	303761	4736794624	6617943
1423	2846	AF-0000000211918602	shard_691_batch_0.tar	119928320	134241	618150400	1310548
1429	2718	AF-0000000211918682	shard_769_batch_0.tar	109281280	169248	1622262784	2163036
1432	2268	AF-0000000211918755	shard_843_batch_0.tar	124320768	243286	3044180480	4366811
1436	2524	AF-0000000211918839	shard_785_batch_0.tar	52963840	179853	1482645504	2531375
1436	2800	AF-0000000211918842	shard_809_batch_0.tar	7119872	198360	2669164544	3077888
1440	2291	AF-0000000211918877	shard_821_batch_0.tar	189463040	204420	3357029888	3138818
1446	2665	AF-0000000211918919	shard_871_batch_0.tar	255133696	299319	4315706880	6794301
1448	2835	AF-0000000211918932	shard_877_batch_0.tar	94812160	345694	8554122240	8994775
1449	2558	AF-0000000211918942	shard_543_batch_1.tar	42906112	79512	409964032	430194
1457	2516	AF-0000000211919008	shard_497_batch_1.tar	41373184	61371	302909952	259780
1461	2125	AF-0000000211919050	shard_779_batch_0.tar	512	175401	2627511808	2414960
1461	2639	AF-0000000211919051	shard_787_batch_0.tar	79350272	178049	1101727232	2495044
1466	2679	AF-0000000211919078	shard_879_batch_0.tar	17896448	373624	9844445184	10932143
1469	2101	AF-0000000211919162	shard_509_batch_1.tar	11508736	69169	350687232	299552
1469	2359	AF-0000000211919181	shard_599_batch_1.tar	83108352	98481	432802816	727780
1469	2608	AF-0000000211919197	shard_803_batch_0.tar	73967104	192308	1216830464	2988714
1469	2702	AF-0000000211919204	shard_489_batch_1.tar	23011328	58983	285209600	209438
1469	2745	AF-0000000211919210	shard_617_batch_1.tar	38702592	105415	485658624	812698
1473	2663	AF-0000000211919474	shard_481_batch_1.tar	35259904	53550	290892800	186173
1474	2101	AF-0000000211919666	shard_695_batch_0.tar	50465280	131970	1352537600	1280811
1474	2826	AF-0000000211919683	shard_795_batch_0.tar	186303488	186591	1410578944	2626637
1477	2289	AF-0000000211919770	shard_853_batch_0.tar	73871872	256960	5019215360	4914869
1477	2399	AF-0000000211919771	shard_755_batch_0.tar	63524352	161689	1837092864	2013500
1477	2746	AF-0000000211919774	shard_661_batch_0.tar	64179712	120253	910367744	1051331
1480	2821	AF-0000000211919801	shard_651_batch_1.tar	85202432	117320	616402944	989969
1484	2081	AF-0000000211919861	shard_847_batch_0.tar	141193216	242816	3802996224	4214472
1484	2082	AF-0000000211919862	shard_853_batch_0.tar	253537792	250593	5182991360	4527075
1486	2611	AF-0000000211919941	shard_555_batch_0.tar	70292480	82882	260661248	493966
1487	2138	AF-0000000211919979	shard_847_batch_0.tar	75471872	248584	2304297984	4488869
1487	2457	AF-0000000211919988	shard_831_batch_0.tar	139727872	225983	3898592256	3740792
1487	2658	AF-0000000211919993	shard_851_batch_0.tar	96003584	252253	1682221568	4746962
1501	2728	AF-0000000211920331	shard_745_batch_0.tar	11347968	156091	1426888192	1784972
1502	2990	AF-0000000211920350	shard_807_batch_0.tar	21075456	199323	1012146176	2928472
1503	2772	AF-0000000211920375	shard_725_batch_0.tar	5389824	147164	411840512	1584995
1510	2132	AF-0000000211920427	shard_823_batch_0.tar	164301312	210949	1059879936	3214433
1510	2681	AF-0000000211920440	shard_499_batch_1.tar	39983616	61927	308829184	259336
1512	2072	AF-0000000211920558	shard_623_batch_1.tar	19845632	105567	405370880	843251
1512	2132	AF-0000000211920564	shard_799_batch_0.tar	73672704	188435	2175720448	2584305
1512	2663	AF-0000000211920599	shard_475_batch_1.tar	16852480	48831	225320960	140390
1512	2778	AF-0000000211920609	shard_647_batch_0.tar	51949056	113698	867810304	912384
1512	2971	AF-0000000211920627	shard_645_batch_0.tar	91646464	111249	634590208	892934
1514	2476	AF-0000000211920833	shard_749_batch_0.tar	66941440	161797	1020989440	1793606
1514	2810	AF-0000000211920854	shard_803_batch_0.tar	154104832	197360	651978240	2816042
1514	2830	AF-0000000211920857	shard_785_batch_0.tar	1491456	181546	2760582656	2376067
1514	2861	AF-0000000211920858	shard_805_batch_0.tar	70878720	200577	1736326144	2900164
1515	2842	AF-0000000211921000	shard_779_batch_0.tar	57779200	180154	1238411264	2294497
1515	2892	AF-0000000211921002	shard_781_batch_0.tar	72257536	180025	2262736384	2405674
1523	2370	AF-0000000211921164	shard_645_batch_0.tar	57142784	117749	967319040	966336
1523	2495	AF-0000000211921174	shard_639_batch_0.tar	113797632	113287	809436672	916987
1523	2661	AF-0000000211921186	shard_725_batch_0.tar	71272448	147906	1806114304	1528120
1523	2681	AF-0000000211921189	shard_561_batch_0.tar	54029312	87814	270756352	534334
1523	2778	AF-0000000211921201	shard_749_batch_0.tar	77333504	161010	1371395072	1860724
1524	2664	AF-0000000211921393	shard_833_batch_0.tar	190519296	230433	3528516096	4003453
1525	2100	AF-0000000211921425	shard_803_batch_0.tar	114642944	191437	3090171904	2842500
1525	2292	AF-0000000211921434	shard_603_batch_1.tar	91061760	96413	843333632	688328
1537	2638	AF-0000000211921686	shard_873_batch_0.tar	300052480	306853	6562950656	6816186
1538	2144	AF-0000000211921705	shard_867_batch_0.tar	129159680	280067	2706377728	6065067
1555	2844	AF-0000000211921822	shard_851_batch_0.tar	192938496	254959	4824727552	4697748
1560	2132	AF-0000000211921871	shard_865_batch_0.tar	22731776	274608	3174133760	5337963
1560	2334	AF-0000000211921875	shard_775_batch_0.tar	12293632	172924	934191104	2223271
1560	2441	AF-0000000211921878	shard_857_batch_0.tar	133882368	262434	4237328384	4934163
1580	2505	AF-0000000211922418	shard_1103_batch_1.tar	17281536	63315	349914112	263056
1583	2549	AF-0000000211922489	shard_871_batch_0.tar	39109120	301901	687454208	6534910
1583	2901	AF-0000000211922492	shard_877_batch_0.tar	335175680	339230	8519198208	8435024
1584	2489	AF-0000000211922568	shard_483_batch_1.tar	32365056	54275	187714560	202602
1584	2826	AF-0000000211922586	shard_649_batch_0.tar	34373120	115649	480240640	918953
1590	2112	AF-0000000211922840	shard_737_batch_0.tar	42895360	152463	613042176	1652349
1590	2421	AF-0000000211922841	shard_783_batch_0.tar	115551744	179982	1144582144	2308241
1590	2563	AF-0000000211922842	shard_473_batch_1.tar	25127424	51946	109806080	161379
1590	2729	AF-0000000211922843	shard_557_batch_1.tar	18205184	87903	299717120	517176
1590	2784	AF-0000000211922844	shard_847_batch_0.tar	143182848	241168	1980335616	4143152
1591	2222	AF-0000000211922917	shard_719_batch_0.tar	84139520	144840	1465656320	1572191
1591	2307	AF-0000000211922927	shard_713_batch_0.tar	24825344	142584	748318720	1405297
1591	2468	AF-0000000211922938	shard_625_batch_0.tar	86619648	105972	320982528	819499
1591	2567	AF-0000000211922950	shard_559_batch_0.tar	8630272	86516	488783872	506319
1591	2808	AF-0000000211922970	shard_681_batch_0.tar	59833344	130465	873307648	1175747
1593	2763	AF-0000000211923170	shard_839_batch_0.tar	200075776	233607	1275580928	4060915
1593	2764	AF-0000000211923171	shard_853_batch_0.tar	219776512	252369	1603889664	4875921
1596	2420	AF-0000000211923213	shard_795_batch_0.tar	34638336	189771	2980565504	2686312
1603	2808	AF-0000000211923395	shard_561_batch_0.tar	19568128	87797	306832384	538672
1608	2132	AF-0000000211923521	shard_865_batch_0.tar	10819584	275497	1171887616	5627712
1608	2739	AF-0000000211923536	shard_783_batch_0.tar	49723392	181733	1645556736	2448165
1608	2859	AF-0000000211923541	shard_769_batch_0.tar	113800704	171088	380200960	2202816
1610	2091	AF-0000000211923603	shard_717_batch_0.tar	49352192	142427	960077312	1566493
1613	2975	AF-0000000211923678	shard_549_batch_0.tar	72801280	82972	381842432	464206
1614	2082	AF-0000000211923699	shard_613_batch_0.tar	15622656	103314	919480320	748788
1614	2377	AF-0000000211923711	shard_855_batch_0.tar	187969024	251316	2393136128	4593595
1615	2952	AF-0000000211923845	shard_811_batch_0.tar	153967104	202190	2096858624	3046932
1624	2952	AF-0000000211923925	shard_815_batch_0.tar	108193792	206072	836824064	3210028
1633	2639	AF-0000000211923970	shard_811_batch_0.tar	138136064	196121	761217024	3156633
1637	2524	AF-0000000211923997	shard_725_batch_0.tar	29132288	144138	1407316992	1610040
1637	2835	AF-0000000211924002	shard_831_batch_0.tar	137241088	223070	2699003392	4018923
1643	2076	AF-0000000211924049	shard_819_batch_0.tar	181876736	212432	1843386880	3091654
1644	2689	AF-0000000211924100	shard_791_batch_0.tar	155537408	188815	1727153152	2692918
1644	2748	AF-0000000211924101	shard_523_batch_1.tar	48457216	74236	411791360	368564
1645	2658	AF-0000000211924124	shard_641_batch_0.tar	90742272	111973	755478528	890409
1645	2776	AF-0000000211924125	shard_597_batch_0.tar	85601792	98666	395934208	673145
1645	2886	AF-0000000211924127	shard_507_batch_1.tar	39296000	68583	238944768	294838
1650	2748	AF-0000000211924278	shard_543_batch_0.tar	54946304	78894	507158016	418970
1654	2337	AF-0000000211924353	shard_821_batch_0.tar	51088896	215793	3029083136	3417206
1657	2048	AF-0000000211924382	shard_765_batch_0.tar	5811712	172430	1962903552	2129606
1657	2354	AF-0000000211924385	shard_839_batch_0.tar	233027584	231334	2300319232	3995395
1657	2924	AF-0000000211924389	shard_695_batch_0.tar	46264832	135019	931986432	1343970
1663	2471	AF-0000000211924550	shard_717_batch_0.tar	109017088	143272	998109696	1531678
1677	2307	AF-0000000211924892	shard_871_batch_0.tar	33293824	307619	1841455104	6961529
1682	2270	AF-0000000211924951	shard_851_batch_0.tar	152882176	253624	1606844416	4585116
1682	2285	AF-0000000211924952	shard_767_batch_0.tar	131542016	169177	792412160	2164929
1682	2942	AF-0000000211924962	shard_517_batch_1.tar	8267776	70117	171151360	325792
1685	2644	AF-0000000211925108	shard_567_batch_1.tar	62688768	87161	269454848	505057
1685	2924	AF-0000000211925109	shard_517_batch_1.tar	28249600	69262	229890560	337166
1687	2226	AF-0000000211925133	shard_477_batch_1.tar	12590592	50767	116756480	182554
1687	2330	AF-0000000211925139	shard_459_batch_2.tar	13429760	35755	76570112	72753
1687	2468	AF-0000000211925145	shard_497_batch_1.tar	54814208	59627	243660800	255953
1687	2732	AF-0000000211925158	shard_501_batch_1.tar	21250048	64019	127828992	266878
1687	2818	AF-0000000211925165	shard_523_batch_1.tar	3133952	72974	376000512	359910
1690	2099	AF-0000000211925266	shard_707_batch_0.tar	42557440	136987	700828160	1397534
1690	2174	AF-0000000211925270	shard_581_batch_0.tar	65705984	88809	535985664	589173
1694	2384	AF-0000000211925362	shard_515_batch_1.tar	6969344	72272	208881152	345285
1694	2509	AF-0000000211925369	shard_643_batch_0.tar	16599040	117899	674176000	897278
1694	2916	AF-0000000211925395	shard_749_batch_0.tar	88206848	159692	2139438080	1937980
1696	2748	AF-0000000211925565	shard_481_batch_1.tar	36881408	55268	187556352	179331
1696	2750	AF-0000000211925566	shard_817_batch_0.tar	61972480	205124	705921536	3114944
1702	2138	AF-0000000211925625	shard_729_batch_0.tar	71590400	150916	425905664	1650269
1711	2748	AF-0000000211925690	shard_513_batch_1.tar	41885184	70280	402329600	327876
1717	2099	AF-0000000211925738	shard_705_batch_0.tar	88008704	137144	489692672	1413532
1717	2234	AF-0000000211925747	shard_533_batch_1.tar	16641024	76023	542979584	412023
1722	2508	AF-0000000211925902	shard_703_batch_0.tar	135204352	133121	841308672	1324172
1732	2549	AF-0000000211925984	shard_703_batch_0.tar	101510144	135173	1554274816	1343052
1732	2891	AF-0000000211925985	shard_817_batch_0.tar	151969792	201454	1586192384	3045899
1732	2901	AF-0000000211925986	shard_779_batch_0.tar	66990592	172587	912113664	2330692
1733	2689	AF-0000000211926030	shard_759_batch_0.tar	100843520	167781	1017212928	2102411
1738	2871	AF-0000000211926129	shard_829_batch_0.tar	47805952	220908	3776568832	3736485
1742	2876	AF-0000000211926229	shard_465_batch_1.tar	24643072	43416	96893440	116496
1746	2823	AF-0000000211926288	shard_717_batch_0.tar	133501952	144822	286120960	1487249
1747	2174	AF-0000000211926293	shard_523_batch_1.tar	23928832	67995	202650112	348955
1747	2234	AF-0000000211926295	shard_1103_batch_1.tar	53902336	55281	351473664	210950
1747	2886	AF-0000000211926307	shard_479_batch_1.tar	20062720	51281	153678848	176716
1750	2307	AF-0000000211926377	shard_755_batch_0.tar	110569984	164077	720500736	1831103
1750	2909	AF-0000000211926411	shard_689_batch_0.tar	49961984	131586	967246848	1201354
1759	2748	AF-0000000211926681	shard_735_batch_0.tar	83840000	152417	431801856	1778753
1767	2732	AF-0000000211926785	shard_627_batch_1.tar	5762560	107604	924027392	842690
1772	2396	AF-0000000211926976	shard_875_batch_0.tar	94546432	327716	1259339776	7910254
1774	2112	AF-0000000211927028	shard_811_batch_0.tar	129895424	201404	441330176	2996355
1774	2518	AF-0000000211927038	shard_691_batch_1.tar	38259200	132582	1239224832	1280977
1774	2748	AF-0000000211927048	shard_635_batch_1.tar	34282496	112829	449005056	899655
1775	2132	AF-0000000211927157	shard_851_batch_0.tar	229649920	246127	4341776896	4465061
1775	2441	AF-0000000211927167	shard_839_batch_0.tar	54580224	234312	1754592768	4130386
1775	2702	AF-0000000211927176	shard_615_batch_0.tar	25906176	103786	255845888	773807
1775	2778	AF-0000000211927182	shard_771_batch_0.tar	144002560	170677	1178833408	2147254
1775	2791	AF-0000000211927183	shard_703_batch_0.tar	128911872	135743	307927040	1346759
1775	2971	AF-0000000211927188	shard_769_batch_0.tar	37874688	168659	2004492800	2082324
1776	2131	AF-0000000211927276	shard_681_batch_0.tar	21231104	129626	902019584	1180942
1776	2359	AF-0000000211927285	shard_615_batch_0.tar	5992960	104760	940173312	799937
1776	2474	AF-0000000211927289	shard_531_batch_1.tar	33265664	75855	204213248	399622
1781	2971	AF-0000000211927488	shard_759_batch_0.tar	31391744	163671	730950656	1951501
1782	2570	AF-0000000211927544	shard_723_batch_0.tar	41268736	133102	1762371584	1447162
1782	2821	AF-0000000211927545	shard_761_batch_0.tar	64146944	153015	2027811328	1936520
1789	2015	AF-0000000211927636	shard_609_batch_1.tar	28229632	98689	557196288	753730
1789	2912	AF-0000000211927652	shard_653_batch_0.tar	107305472	110906	984059392	934044
1790	2088	AF-0000000211927722	shard_777_batch_0.tar	79295488	171675	856855552	2456006
1810	2079	AF-0000000211927889	shard_877_batch_0.tar	245363200	342513	8302566400	8702339
1810	2763	AF-0000000211927891	shard_873_batch_0.tar	311433728	312360	5563382784	7272285
1810	2764	AF-0000000211927892	shard_875_batch_0.tar	16287744	331598	730266112	8370198
1811	2099	AF-0000000211927901	shard_673_batch_1.tar	53548544	124889	924730368	1088655
1811	2216	AF-0000000211927907	shard_605_batch_1.tar	63319040	101826	913976320	693013
1811	2234	AF-0000000211927909	shard_499_batch_1.tar	3183616	63831	262831104	250230
1811	2457	AF-0000000211927913	shard_537_batch_1.tar	74190336	76335	161370112	397870
1811	2527	AF-0000000211927916	shard_783_batch_0.tar	96870400	188377	1876287488	2412845
1815	2357	AF-0000000211928028	shard_775_batch_0.tar	41149952	177819	2050685440	2381808
1816	2791	AF-0000000211928211	shard_557_batch_1.tar	78183424	85349	491338240	499460
1816	2808	AF-0000000211928212	shard_587_batch_1.tar	91620864	97005	552693760	641355
1816	2952	AF-0000000211928215	shard_701_batch_0.tar	92551168	137818	773497344	1336355
1829	2101	AF-0000000211928358	shard_585_batch_1.tar	93239808	95537	683563008	633942
1829	2293	AF-0000000211928361	shard_569_batch_1.tar	81595392	88508	512200704	541962
1836	2696	AF-0000000211928461	shard_875_batch_0.tar	56065536	312454	1644855296	7222966
1840	2536	AF-0000000211928498	shard_763_batch_0.tar	24465408	166170	571096064	2026812
1841	2144	AF-0000000211928508	shard_875_batch_0.tar	305887232	319163	7719796736	7563034
1842	2748	AF-0000000211928511	shard_519_batch_1.tar	23770624	70827	145454080	324291
1847	2808	AF-0000000211928612	shard_635_batch_1.tar	37219840	112119	918252544	891877
1851	2099	AF-0000000211928723	shard_687_batch_0.tar	129197568	125349	1065037824	1194689
1864	2207	AF-0000000211928963	shard_737_batch_0.tar	145134080	153032	1824301568	1762672
1866	2384	AF-0000000211929013	shard_493_batch_1.tar	11502080	62042	216503808	244426
1866	2476	AF-0000000211929018	shard_487_batch_1.tar	45681152	58985	130307584	222870
1866	2661	AF-0000000211929027	shard_637_batch_1.tar	38843904	111195	516153344	869547
1866	2674	AF-0000000211929029	shard_637_batch_1.tar	46976512	112097	377853440	865311
1866	2703	AF-0000000211929034	shard_711_batch_0.tar	71115264	139696	1475186688	1486041
1866	2732	AF-0000000211929035	shard_543_batch_1.tar	78663168	81044	408171008	450905
1866	2830	AF-0000000211929042	shard_547_batch_1.tar	38639616	78582	616722432	456706
1866	2929	AF-0000000211929048	shard_549_batch_1.tar	53217280	85567	397328384	482914
1870	2772	AF-0000000211929191	shard_579_batch_1.tar	52197376	94627	706129408	614553
1871	2768	AF-0000000211929197	shard_837_batch_0.tar	22102016	225047	4253488128	4182877
1872	2359	AF-0000000211929231	shard_793_batch_0.tar	52024832	184691	1430374912	2525215
1872	2663	AF-0000000211929246	shard_733_batch_0.tar	21637632	148524	1393022464	1645567
1872	2745	AF-0000000211929255	shard_801_batch_0.tar	53999616	192161	1219634176	2591233
1889	2112	AF-0000000211929661	shard_803_batch_0.tar	169684992	192031	629570048	2717521
1894	2468	AF-0000000211929811	shard_579_batch_1.tar	46873088	92562	676273152	591967
1901	2032	AF-0000000211929878	shard_461_batch_2.tar	22347264	41017	128216064	87257
1901	2279	AF-0000000211929886	shard_461_batch_2.tar	26391040	40523	124632576	94049
1901	2495	AF-0000000211929896	shard_507_batch_1.tar	26184192	66370	420331008	290853
1901	2929	AF-0000000211929922	shard_521_batch_1.tar	44772864	74469	359963136	362447
1903	2952	AF-0000000211930044	shard_833_batch_0.tar	59566080	227746	1895740416	3956924
1904	2380	AF-0000000211930066	shard_739_batch_0.tar	27446272	153014	2012918272	1697030
1908	2151	AF-0000000211930210	shard_595_batch_1.tar	52001792	98988	754518016	653191
1908	2893	AF-0000000211930212	shard_587_batch_1.tar	73247744	94394	343894016	617352
1909	2052	AF-0000000211930229	shard_751_batch_0.tar	7369216	164268	808193536	1985259
1922	2385	AF-0000000211930354	shard_629_batch_1.tar	92876800	106398	509895168	844275
1925	2246	AF-0000000211930402	shard_679_batch_0.tar	18942976	124271	728324608	1154068
1926	2992	AF-0000000211930430	shard_537_batch_1.tar	3768832	78033	408293888	424994
1928	2256	AF-0000000211930486	shard_719_batch_0.tar	80915968	141447	589622784	1535687
1928	2680	AF-0000000211930489	shard_513_batch_1.tar	51009024	70317	369261056	329887
1929	2402	AF-0000000211930497	shard_789_batch_0.tar	20090880	177681	1202990080	2409099
1934	2009	AF-0000000211930627	shard_1103_batch_1.tar	6737920	65639	370374144	293597
1939	2430	AF-0000000211930867	shard_869_batch_0.tar	220811264	287395	1161809408	6436481
1944	2005	AF-0000000211930898	shard_599_batch_1.tar	54880768	95972	589439488	684032
1944	2369	AF-0000000211930899	shard_529_batch_1.tar	12768256	72576	422950400	384480
1945	2629	AF-0000000211930905	shard_814_batch_4.tar	128176128	204771	563820544	3161643
1946	2748	AF-0000000211930921	shard_689_batch_1.tar	48487936	135213	1411270656	1223667
1947	2359	AF-0000000211930957	shard_715_batch_0.tar	120579072	140836	1346341888	1577981
1948	2570	AF-0000000211931070	shard_709_batch_0.tar	48825856	139459	1350406144	1442673
1948	2776	AF-0000000211931071	shard_739_batch_0.tar	24161280	153366	1151952896	1724380
1953	2132	AF-0000000211931150	shard_825_batch_0.tar	185506304	212918	3023613952	3316622
1955	2067	AF-0000000211931224	shard_859_batch_0.tar	173009408	264013	3480291328	5026921
1956	2081	AF-0000000211931256	shard_759_batch_0.tar	53826048	163804	1862617600	1911820
1957	2305	AF-0000000211931332	shard_814_batch_4.tar	144713216	207134	2357956096	3277828
1958	2112	AF-0000000211931340	shard_819_batch_0.tar	113030144	207067	2653020672	3113887
1958	2964	AF-0000000211931343	shard_781_batch_0.tar	43113472	172398	396420608	2181549
1960	2123	AF-0000000211931357	shard_815_batch_0.tar	138899456	200897	2924191744	3264104
1960	2150	AF-0000000211931359	shard_813_batch_0.tar	21026304	203028	3011734528	3263375
1960	2226	AF-0000000211931361	shard_715_batch_0.tar	7974400	140778	1102930944	1521862
1960	2236	AF-0000000211931363	shard_793_batch_0.tar	5159936	187418	1870118912	2753974
1960	2368	AF-0000000211931365	shard_781_batch_0.tar	41658880	179211	1353174016	2426645
1960	2410	AF-0000000211931367	shard_769_batch_0.tar	148321792	173049	2013012480	2283014
1960	2505	AF-0000000211931370	shard_733_batch_0.tar	27651584	150947	830511616	1764096
1960	2550	AF-0000000211931371	shard_775_batch_0.tar	50395136	173828	2529748480	2321389
1960	2596	AF-0000000211931374	shard_751_batch_0.tar	102567936	160668	1966916608	1915167
1960	2664	AF-0000000211931376	shard_819_batch_0.tar	69185536	211462	456877568	3526187
1960	2896	AF-0000000211931382	shard_751_batch_0.tar	76508160	160742	1127337472	1873908
1962	2174	AF-0000000211931454	shard_653_batch_0.tar	81324032	112561	256165888	994214
1962	2258	AF-0000000211931455	shard_871_batch_0.tar	47708672	303049	1909124608	6598215
1966	2093	AF-0000000211931533	shard_827_batch_0.tar	71650816	215788	1574231552	3273273
1971	2435	AF-0000000211931637	shard_677_batch_0.tar	47676416	128627	1382536704	1209206
1978	2057	AF-0000000211931710	shard_757_batch_0.tar	156305408	160640	2148013056	1941971
1978	2080	AF-0000000211931711	shard_837_batch_0.tar	166192640	225956	3861584384	3886943
1979	2090	AF-0000000211931722	shard_745_batch_0.tar	74150912	153898	1216756224	1830437
1982	2132	AF-0000000211931758	shard_845_batch_0.tar	91330048	234959	3980604416	4129775
1982	2441	AF-0000000211931767	shard_831_batch_0.tar	122123776	223348	2363688960	3673719
1984	2665	AF-0000000211931879	shard_869_batch_0.tar	118466048	288489	1155361792	6446903
1986	2336	AF-0000000211931905	shard_501_batch_1.tar	28045824	61768	388759040	275992
1986	2361	AF-0000000211931908	shard_583_batch_1.tar	95314944	91940	261158912	619167
1987	2139	AF-0000000211932011	shard_849_batch_0.tar	237175296	249522	680314880	4922185
1987	2901	AF-0000000211932023	shard_853_batch_0.tar	3628032	249518	3549111296	5067981
1990	2578	AF-0000000211932058	shard_471_batch_1.tar	47129088	48464	112754176	138016
1995	2293	AF-0000000211932113	shard_569_batch_1.tar	23043584	89331	526613504	572918
1995	2596	AF-0000000211932141	shard_651_batch_0.tar	33030656	117535	1067338240	990987
1997	2505	AF-0000000211932355	shard_751_batch_0.tar	2458624	166302	709937152	1857268
1999	2359	AF-0000000211932379	shard_567_batch_0.tar	73623552	87869	440727552	561525
1999	2663	AF-0000000211932397	shard_475_batch_1.tar	40500224	51138	216202752	167567
1999	2748	AF-0000000211932405	shard_475_batch_1.tar	9219072	52537	251732992	167275
1999	2830	AF-0000000211932410	shard_525_batch_1.tar	36964864	69557	255362560	355355
2005	4906	AF-0000000211932627	shard_761_batch_0.tar	108276736	164795	1976925184	2066268
2006	2402	AF-0000000211932632	shard_863_batch_0.tar	194569728	274475	2961724416	5285085
2006	2733	AF-0000000211932635	shard_823_batch_0.tar	87544320	212334	2967468032	3132180
2009	3460	AF-0000000211932680	shard_525_batch_0.tar	8849408	74745	384480768	381226
2009	4129	AF-0000000211932694	shard_479_batch_1.tar	9960448	53935	158627328	183387
2013	3379	AF-0000000211932738	shard_475_batch_1.tar	29415424	48451	166619648	161504
2013	3566	AF-0000000211932740	shard_769_batch_0.tar	105630720	172472	1883167232	2295552
2015	3480	AF-0000000211932759	shard_517_batch_1.tar	36574720	72092	283725312	340144
2015	4073	AF-0000000211932760	shard_525_batch_1.tar	27007488	74617	456016384	367231
2017	4234	AF-0000000211932775	shard_767_batch_0.tar	153064448	172397	420547584	2214684
2017	4453	AF-0000000211932776	shard_583_batch_1.tar	50821632	91555	490613760	608984
2018	2495	AF-0000000211932821	shard_563_batch_0.tar	87683072	85879	659998208	533277
2018	3939	AF-0000000211932932	shard_527_batch_0.tar	6509568	73997	280992768	393085
2018	3985	AF-0000000211932935	shard_511_batch_1.tar	18345984	68044	160592384	316254
2018	4220	AF-0000000211932952	shard_1103_batch_1.tar	43790336	70553	180966400	346378
2018	4226	AF-0000000211932953	shard_823_batch_0.tar	98258432	214283	3828078592	3709067
2018	4294	AF-0000000211932958	shard_831_batch_0.tar	24327168	222009	1427729408	3480532
2018	4692	AF-0000000211932989	shard_749_batch_0.tar	142737408	153406	2002638336	1909952
2018	4917	AF-0000000211933003	shard_577_batch_0.tar	59526656	91585	416751104	590219
2025	2109	AF-0000000211933068	shard_833_batch_0.tar	105870336	232364	591821312	3827819
2025	2316	AF-0000000211933080	shard_857_batch_0.tar	132571648	266196	3867886080	5117619
2025	2658	AF-0000000211933089	shard_835_batch_0.tar	51639808	232367	2823282688	3990478
2025	3033	AF-0000000211933100	shard_853_batch_0.tar	88526848	254959	5009687040	4815267
2025	3262	AF-0000000211933113	shard_871_batch_0.tar	84504576	311685	2725156352	6783158
2025	3314	AF-0000000211933117	shard_847_batch_0.tar	210659328	251118	3583597568	4422050
2027	4028	AF-0000000211933257	shard_695_batch_0.tar	102373888	125318	941150720	1221278
2030	2582	AF-0000000211933327	shard_829_batch_0.tar	195235840	218954	3313220096	3658229
2032	2765	AF-0000000211933349	shard_615_batch_1.tar	81366016	104458	472702976	795433
2032	4190	AF-0000000211933370	shard_511_batch_1.tar	46599680	67309	372086272	309849
2039	3870	AF-0000000211933420	shard_537_batch_1.tar	75856384	77826	559818752	425000
2041	2755	AF-0000000211933445	shard_757_batch_0.tar	65558016	166696	1995733504	2016684
2041	2791	AF-0000000211933446	shard_679_batch_0.tar	19712512	129164	607255552	1193259
2041	3493	AF-0000000211933464	shard_725_batch_0.tar	116796416	152699	459925504	1665696
2041	4144	AF-0000000211933480	shard_677_batch_0.tar	22684672	129420	1358050816	1205688
2041	4481	AF-0000000211933489	shard_823_batch_0.tar	37463552	219157	3069758464	3330087
2041	4626	AF-0000000211933494	shard_649_batch_0.tar	9436672	120456	714149888	988206
2044	2402	AF-0000000211933510	shard_803_batch_0.tar	132065280	187828	2184413184	2667757
2044	4047	AF-0000000211933521	shard_687_batch_0.tar	126163968	123375	871838208	1191619
2044	5069	AF-0000000211933527	shard_757_batch_0.tar	67229696	157594	945505792	1914364
2048	2331	AF-0000000211933549	shard_771_batch_0.tar	26186240	172466	2147886592	2242238
2048	2523	AF-0000000211933554	shard_751_batch_0.tar	96996352	163652	2131413504	1911360
2048	3290	AF-0000000211933563	shard_759_batch_0.tar	8563712	168110	1359015424	2052795
2048	3526	AF-0000000211933565	shard_767_batch_0.tar	63176192	165990	1575789056	2060564
2048	4622	AF-0000000211933576	shard_814_batch_4.tar	199074304	204356	2109963264	3061396
2050	2114	AF-0000000211933592	shard_631_batch_0.tar	36267008	110218	877018112	862547
2050	2179	AF-0000000211933593	shard_623_batch_0.tar	50727424	107031	563635200	820051
2050	2684	AF-0000000211933595	shard_681_batch_0.tar	125389824	127288	632960000	1178945
2053	4866	AF-0000000211933612	shard_757_batch_0.tar	81532928	167662	564545024	1961960
2057	4471	AF-0000000211933632	shard_691_batch_0.tar	86583808	131714	397432320	1323521
2057	5218	AF-0000000211933639	shard_657_batch_1.tar	76131328	116892	543254016	1035558
2057	5236	AF-0000000211933640	shard_817_batch_0.tar	50532864	205697	3602755072	3309466
2057	5242	AF-0000000211933641	shard_567_batch_1.tar	6168576	86734	177730048	563355
2061	3167	AF-0000000211933664	shard_621_batch_0.tar	59153408	106570	962387456	812116
2061	3864	AF-0000000211933667	shard_829_batch_0.tar	137620480	222799	1207828480	3664025
2064	3390	AF-0000000211933695	shard_867_batch_0.tar	32294400	286635	3741658624	5871199
2064	3619	AF-0000000211933696	shard_875_batch_0.tar	108116992	323338	5584770560	7647147
2064	4622	AF-0000000211933699	shard_873_batch_0.tar	191095296	312075	5303043072	7004733
2066	2881	AF-0000000211933716	shard_647_batch_0.tar	22789632	111952	307453440	851074
2067	2903	AF-0000000211933725	shard_705_batch_0.tar	65950208	136400	1555098112	1419917
2067	3170	AF-0000000211933729	shard_873_batch_0.tar	18989568	307584	4360520192	7133071
2068	3260	AF-0000000211933754	shard_843_batch_0.tar	10445312	243430	4541386240	4337607
2070	2222	AF-0000000211933755	shard_747_batch_0.tar	78895104	158984	376424960	1928525
2072	2316	AF-0000000211933770	shard_779_batch_0.tar	65370112	177788	543239168	2448711
2072	3819	AF-0000000211933802	shard_691_batch_0.tar	26040832	130110	463367168	1314750
2072	4910	AF-0000000211933840	shard_705_batch_0.tar	74096640	134765	1352983040	1427778
2073	2438	AF-0000000211933861	shard_749_batch_0.tar	62072320	157777	1595708416	2020572
2073	4586	AF-0000000211933943	shard_641_batch_0.tar	63326208	112351	782264320	966788
2074	4041	AF-0000000211934001	shard_529_batch_0.tar	65796096	74243	341281792	384320
2074	4278	AF-0000000211934008	shard_527_batch_0.tar	52396544	75397	224444928	393095
2074	4305	AF-0000000211934011	shard_743_batch_0.tar	60506624	153078	444765696	1882539
2075	5149	AF-0000000211934030	shard_853_batch_0.tar	216154112	249648	1272607744	4705792
2076	2315	AF-0000000211934043	shard_853_batch_0.tar	38829056	259429	4678015488	4767254
2076	2855	AF-0000000211934065	shard_851_batch_0.tar	191155200	252297	2305523712	4374156
2076	4199	AF-0000000211934114	shard_835_batch_0.tar	12739072	230426	1723265536	3869457
2078	2651	AF-0000000211934165	shard_745_batch_0.tar	31252480	152188	1501437952	1673618
2080	3049	AF-0000000211934179	shard_725_batch_0.tar	96005120	145130	754763776	1590327
2080	3776	AF-0000000211934180	shard_861_batch_0.tar	258355200	261424	1750652416	5551282
2081	2351	AF-0000000211934187	shard_775_batch_0.tar	43810816	170850	1543401984	2232874
2081	3139	AF-0000000211934201	shard_809_batch_0.tar	6724608	197827	742858240	2794297
2081	3210	AF-0000000211934202	shard_857_batch_0.tar	73576448	263231	5547634176	5106163
2081	3422	AF-0000000211934210	shard_737_batch_0.tar	123861504	152334	1288530944	1721019
2081	3735	AF-0000000211934216	shard_639_batch_1.tar	99787776	112810	533990912	912395
2081	5120	AF-0000000211934242	shard_583_batch_1.tar	64790528	92942	216967680	629267
2082	3422	AF-0000000211934252	shard_753_batch_0.tar	66670080	160528	1369283584	1895814
2082	4734	AF-0000000211934266	shard_605_batch_0.tar	71424000	100904	669626880	705790
2086	3046	AF-0000000211934281	shard_795_batch_0.tar	81828352	191739	2446860288	2701274
2088	4501	AF-0000000211934309	shard_777_batch_0.tar	4846592	175691	1024154624	2447618
2088	4540	AF-0000000211934310	shard_777_batch_0.tar	73041408	175066	2448265728	2472160
2090	2341	AF-0000000211934321	shard_509_batch_1.tar	39284224	65018	145637888	296130
2090	4034	AF-0000000211934342	shard_785_batch_0.tar	145244160	175583	2620140544	2295971
2090	4238	AF-0000000211934346	shard_697_batch_0.tar	43412480	129777	968110080	1318968
2090	4473	AF-0000000211934351	shard_725_batch_0.tar	83898368	145111	1199206400	1581500
2092	2530	AF-0000000211934374	shard_779_batch_0.tar	75685376	179260	666758656	2340698
2092	2746	AF-0000000211934376	shard_701_batch_0.tar	1248256	138227	1149417984	1361595
2092	5024	AF-0000000211934380	shard_761_batch_0.tar	147396608	168980	1796631040	2061858
2092	5218	AF-0000000211934381	shard_801_batch_0.tar	63672320	194139	931699200	2767453
2095	4556	AF-0000000211934405	shard_537_batch_0.tar	21126656	78019	191624192	436124
2095	5261	AF-0000000211934409	shard_579_batch_0.tar	90885120	90950	320645120	607310
2098	4935	AF-0000000211934441	shard_687_batch_0.tar	121256960	130359	968091648	1265988
2098	4946	AF-0000000211934442	shard_693_batch_0.tar	77274624	133501	765515264	1295464
2099	2102	AF-0000000211934443	shard_627_batch_0.tar	12283904	109202	553420800	831419
2099	2357	AF-0000000211934451	shard_671_batch_0.tar	23960576	125059	573555712	1112513
2099	2372	AF-0000000211934452	shard_757_batch_0.tar	15659008	165810	1500979200	1984481
2099	3792	AF-0000000211934490	shard_663_batch_0.tar	122420224	120964	923347968	1078856
2099	3864	AF-0000000211934492	shard_841_batch_0.tar	44203008	239281	1570679808	4210228
2099	3961	AF-0000000211934494	shard_667_batch_0.tar	21535232	122877	863406592	1084544
2099	5057	AF-0000000211934518	shard_741_batch_0.tar	58242048	155039	464967680	1780710
2099	5226	AF-0000000211934522	shard_819_batch_0.tar	108726784	212563	1849847296	3365526
2100	2817	AF-0000000211934530	shard_871_batch_0.tar	126060032	296698	5116247040	6819346
2100	3268	AF-0000000211934537	shard_856_batch_4.tar	58469888	261438	5130428928	5205980
2100	3272	AF-0000000211934538	shard_871_batch_0.tar	246564864	303226	4077215232	7288428
2100	3638	AF-0000000211934542	shard_865_batch_0.tar	209195520	281284	2837909504	6074430
2100	4907	AF-0000000211934557	shard_871_batch_0.tar	69828096	295640	7218230272	6718933
2101	2557	AF-0000000211934599	shard_563_batch_1.tar	78407680	86929	576569856	534910
2101	2702	AF-0000000211934613	shard_485_batch_1.tar	48182784	57848	178084352	200076
2101	4294	AF-0000000211934728	shard_823_batch_0.tar	163870208	212770	2079983104	3182921
2101	4626	AF-0000000211934760	shard_539_batch_1.tar	2753536	80949	192521728	428937
2101	4693	AF-0000000211934762	shard_1103_batch_1.tar	27045376	70814	326850560	321864
2101	4920	AF-0000000211934779	shard_511_batch_1.tar	49407488	70122	298690048	327457
2101	5108	AF-0000000211934794	shard_505_batch_1.tar	23034368	66834	410283520	299730
2102	2109	AF-0000000211934811	shard_563_batch_0.tar	68533248	87541	580386304	513304
2102	2113	AF-0000000211934812	shard_855_batch_0.tar	213376512	263068	2583483392	5186937
2102	2548	AF-0000000211934821	shard_649_batch_0.tar	13322752	117981	623233536	949371
2102	3314	AF-0000000211934845	shard_613_batch_0.tar	7190528	106331	530182656	734708
2102	4078	AF-0000000211934858	shard_479_batch_1.tar	47779328	55063	222837248	188213
2102	4260	AF-0000000211934863	shard_657_batch_0.tar	10116608	119265	1010065920	992528
2102	4877	AF-0000000211934875	shard_837_batch_0.tar	31015936	225288	980981760	3695264
2102	4893	AF-0000000211934876	shard_733_batch_0.tar	113390080	151759	1598654976	1624143
2102	5226	AF-0000000211934884	shard_741_batch_0.tar	106508800	156816	1391546880	1865875
2103	2354	AF-0000000211934885	shard_761_batch_0.tar	164489216	164256	2019777536	2010534
2103	2523	AF-0000000211934887	shard_607_batch_1.tar	25478144	103577	928442880	733324
2103	3598	AF-0000000211934894	shard_611_batch_1.tar	24212992	100893	750456320	763798
2104	4935	AF-0000000211934930	shard_593_batch_0.tar	5858304	98734	642001920	683476
2110	2132	AF-0000000211935014	shard_821_batch_0.tar	42032640	207826	1194661376	3199079
2110	2197	AF-0000000211935015	shard_863_batch_0.tar	145459712	274469	2310316032	5715760
2110	2915	AF-0000000211935030	shard_577_batch_0.tar	75769344	90040	241148416	601292
2110	3246	AF-0000000211935034	shard_579_batch_1.tar	1718272	89733	240052736	642827
2110	4663	AF-0000000211935054	shard_565_batch_1.tar	11350528	85290	469452800	534252
2112	2924	AF-0000000211935081	shard_757_batch_0.tar	111771136	161858	722428416	1923248
2112	3626	AF-0000000211935094	shard_709_batch_0.tar	120614912	137932	732289024	1338420
2112	3847	AF-0000000211935098	shard_759_batch_0.tar	76345856	161831	1053854720	1930236
2112	4241	AF-0000000211935102	shard_723_batch_0.tar	138532864	144435	1107962880	1515029
2112	4566	AF-0000000211935108	shard_873_batch_0.tar	212945920	320958	6384094208	7727353
2112	4720	AF-0000000211935111	shard_739_batch_0.tar	95166464	152425	720632832	1672163
2112	5073	AF-0000000211935117	shard_849_batch_0.tar	195183616	240650	4701085184	4272664
2112	5198	AF-0000000211935120	shard_763_batch_0.tar	45178880	165600	364829696	2024000
2113	2357	AF-0000000211935125	shard_863_batch_0.tar	66436096	279878	3438789632	5762948
2113	3244	AF-0000000211935144	shard_877_batch_0.tar	251027456	375543	9096540672	10534023
2114	2755	AF-0000000211935185	shard_689_batch_0.tar	28386816	131546	856220672	1254542
2115	3510	AF-0000000211935203	shard_577_batch_1.tar	9731584	90953	621779968	594172
2115	4854	AF-0000000211935212	shard_543_batch_1.tar	20550656	79844	485831168	425728
2119	2284	AF-0000000211935310	shard_719_batch_0.tar	81348096	144718	1683213312	1522069
2119	3196	AF-0000000211935314	shard_765_batch_0.tar	79243264	165650	1390750720	2143453
2119	3372	AF-0000000211935316	shard_833_batch_0.tar	160948736	226150	2176717824	3909514
2119	3561	AF-0000000211935318	shard_863_batch_0.tar	9234944	277022	4093818880	6055732
2119	3934	AF-0000000211935322	shard_795_batch_0.tar	26547712	189614	1015632384	2659257
2119	4495	AF-0000000211935326	shard_723_batch_0.tar	83881472	145931	524196352	1584991
2119	4943	AF-0000000211935330	shard_853_batch_0.tar	110475776	252919	4923202048	4994042
2119	5161	AF-0000000211935334	shard_733_batch_0.tar	66665472	150001	1964052480	1703048
2119	5236	AF-0000000211935336	shard_867_batch_0.tar	165537280	283302	3346329600	6423599
2121	3845	AF-0000000211935340	shard_749_batch_0.tar	16740864	158426	824439296	1777009
2123	2150	AF-0000000211935344	shard_805_batch_0.tar	113760768	192500	834606592	2944224
2123	2664	AF-0000000211935346	shard_815_batch_0.tar	77686784	199928	1441547776	3148750
2123	3275	AF-0000000211935348	shard_809_batch_0.tar	165448704	195659	1372051968	3044983
2123	4367	AF-0000000211935350	shard_803_batch_0.tar	121592320	190633	1426105856	2738093
2125	2639	AF-0000000211935365	shard_745_batch_0.tar	138552320	153269	1327764480	1918254
2125	3319	AF-0000000211935372	shard_609_batch_1.tar	16401408	102307	925864960	754530
2126	2883	AF-0000000211935402	shard_607_batch_0.tar	64448512	100051	829575168	701447
2126	3276	AF-0000000211935413	shard_853_batch_0.tar	183845376	252288	5149334016	4893983
2126	3764	AF-0000000211935426	shard_629_batch_1.tar	66369536	106320	326038016	819182
2126	4043	AF-0000000211935435	shard_497_batch_1.tar	46666240	62626	235872256	252850
2126	5194	AF-0000000211935461	shard_621_batch_0.tar	104505856	106427	548897792	795844
2127	5031	AF-0000000211935494	shard_625_batch_1.tar	86083072	108812	955437056	815571
2128	4463	AF-0000000211935495	shard_771_batch_0.tar	62486016	175659	816215552	2223946
2129	2477	AF-0000000211935504	shard_739_batch_0.tar	116504576	150034	464580096	1806351
2129	2663	AF-0000000211935511	shard_691_batch_0.tar	15824384	128685	957666816	1296513
2129	4144	AF-0000000211935558	shard_751_batch_0.tar	96025600	157984	1650179072	1913306
2129	4692	AF-0000000211935571	shard_829_batch_0.tar	158084608	213663	2172875264	3705408
2131	2908	AF-0000000211935603	shard_781_batch_0.tar	74797056	177485	918860288	2315254
2132	2441	AF-0000000211935633	shard_875_batch_0.tar	59710464	321192	1011804672	7372219
2132	2471	AF-0000000211935634	shard_821_batch_0.tar	43561984	212026	562747392	3230654
2132	2702	AF-0000000211935640	shard_801_batch_0.tar	27677696	191265	1645903360	2566529
2132	2739	AF-0000000211935643	shard_845_batch_0.tar	103522816	238704	1080860672	4182824
2132	2791	AF-0000000211935645	shard_833_batch_0.tar	99225088	223160	3566907392	3591434
2132	2859	AF-0000000211935647	shard_837_batch_0.tar	183994880	228659	2406859776	3864165
2132	3128	AF-0000000211935654	shard_875_batch_0.tar	311840256	323448	4658371072	7873048
2132	4047	AF-0000000211935667	shard_803_batch_0.tar	36188160	192577	2119333376	2665567
2132	4126	AF-0000000211935669	shard_837_batch_0.tar	36442112	225527	2335658496	3647738
2132	4582	AF-0000000211935685	shard_837_batch_0.tar	91240960	226663	719680512	3737804
2132	4776	AF-0000000211935689	shard_803_batch_0.tar	126917120	194110	624194560	2659662
2132	4910	AF-0000000211935695	shard_831_batch_0.tar	98763264	218049	1535120384	3548892
2132	5164	AF-0000000211935704	shard_849_batch_0.tar	225327104	244932	1896159744	4452851
2137	2307	AF-0000000211935724	shard_691_batch_0.tar	94533120	130048	590207488	1227851
2137	2364	AF-0000000211935728	shard_747_batch_0.tar	124942848	158547	772631040	1830816
2137	2690	AF-0000000211935747	shard_797_batch_0.tar	63276032	192702	2319393280	2833275
2137	4226	AF-0000000211935836	shard_831_batch_0.tar	23190016	222638	3757263872	3999437
2137	4692	AF-0000000211935861	shard_765_batch_0.tar	145993728	161846	1030091776	2185438
2137	4693	AF-0000000211935862	shard_563_batch_0.tar	63286784	87796	402446336	542160
2137	5036	AF-0000000211935878	shard_635_batch_0.tar	82148352	111076	986202624	887572
2138	3272	AF-0000000211935917	shard_801_batch_0.tar	87776256	197550	3136117760	2811359
2138	3531	AF-0000000211935922	shard_771_batch_0.tar	128922112	171727	729618944	2101138
2138	4078	AF-0000000211935934	shard_549_batch_1.tar	27909632	84968	271102976	474731
2138	4535	AF-0000000211935949	shard_673_batch_1.tar	85983232	127436	793839104	1056071
2139	3757	AF-0000000211935991	shard_859_batch_0.tar	239753216	268454	4409698304	5639322
2139	4262	AF-0000000211935997	shard_847_batch_0.tar	92101632	243886	2251561984	4536582
2144	4349	AF-0000000211936041	shard_859_batch_0.tar	223077888	265778	643276288	5542240
2144	4473	AF-0000000211936042	shard_849_batch_0.tar	178792960	246308	4596970496	4721122
2144	4556	AF-0000000211936044	shard_793_batch_0.tar	114011648	186731	1476915200	2682437
2144	4864	AF-0000000211936048	shard_863_batch_0.tar	192623104	270887	1246884864	5568995
2145	2458	AF-0000000211936056	shard_625_batch_0.tar	31820288	106424	329222656	837282
2145	2580	AF-0000000211936057	shard_529_batch_0.tar	60519424	76259	323335168	398001
2146	4050	AF-0000000211936097	shard_879_batch_0.tar	390796288	415443	866258944	12585833
2146	4172	AF-0000000211936098	shard_831_batch_0.tar	149022720	227170	1922185216	3645136
2148	5215	AF-0000000211936108	shard_687_batch_1.tar	62087680	126046	298434048	1189047
2150	2202	AF-0000000211936109	shard_799_batch_0.tar	83075584	189235	1178836992	2912442
2150	2357	AF-0000000211936112	shard_709_batch_0.tar	29816320	139889	665484288	1493092
2150	2368	AF-0000000211936114	shard_767_batch_0.tar	161703424	170163	1696925184	2198024
2150	2550	AF-0000000211936119	shard_761_batch_0.tar	21587968	164960	419670528	2106379
2150	2664	AF-0000000211936123	shard_811_batch_0.tar	109893120	202535	828081664	3205946
2150	2896	AF-0000000211936130	shard_733_batch_0.tar	80882688	150877	1883230720	1687095
2150	2946	AF-0000000211936133	shard_847_batch_0.tar	64335872	238000	3925670400	4397616
2150	3230	AF-0000000211936137	shard_653_batch_0.tar	45582848	116066	617146368	994850
2150	3233	AF-0000000211936138	shard_713_batch_0.tar	19474944	140965	1240033280	1523583
2150	3275	AF-0000000211936141	shard_807_batch_0.tar	49793536	197951	2838051840	3102740
2150	3712	AF-0000000211936152	shard_751_batch_0.tar	16990720	161929	618711040	2011539
2150	3720	AF-0000000211936153	shard_845_batch_0.tar	1475584	245261	1725395968	4708160
2150	3764	AF-0000000211936154	shard_743_batch_0.tar	75340800	153452	2032703488	1827139
2150	3837	AF-0000000211936156	shard_737_batch_0.tar	47273984	152331	1876111360	1805920
2150	4560	AF-0000000211936174	shard_641_batch_1.tar	89307136	113092	872835584	935141
2150	4789	AF-0000000211936184	shard_747_batch_0.tar	141202432	156314	1913582080	1872740
2150	4814	AF-0000000211936185	shard_773_batch_0.tar	140500480	171652	2003356672	2244487
2150	4925	AF-0000000211936189	shard_821_batch_0.tar	46557696	214481	3426775552	3552750
2150	5139	AF-0000000211936199	shard_655_batch_1.tar	102388736	117258	1058243584	1030742
2151	2893	AF-0000000211936202	shard_525_batch_1.tar	64455680	73533	310984704	378609
2151	3712	AF-0000000211936209	shard_607_batch_0.tar	36903936	103725	421299200	707149
2151	3769	AF-0000000211936210	shard_775_batch_0.tar	10674176	172724	2439975424	2098631
2154	2923	AF-0000000211936295	shard_491_batch_1.tar	39205888	58658	174793728	234432
2155	2627	AF-0000000211936297	shard_1103_batch_1.tar	62531584	59488	292353536	228180
2155	3779	AF-0000000211936307	shard_495_batch_1.tar	17807360	61034	144765952	245998
2159	3435	AF-0000000211936329	shard_721_batch_0.tar	76303360	144246	1452681216	1573820
2160	2663	AF-0000000211936334	shard_805_batch_0.tar	71672320	193665	2975040000	2576537
2160	3364	AF-0000000211936348	shard_813_batch_0.tar	46800896	201148	1528589312	2803216
2160	4072	AF-0000000211936357	shard_837_batch_0.tar	187014144	229305	1095794688	3740090
2160	4917	AF-0000000211936369	shard_827_batch_0.tar	63868928	216556	816915456	3193244
2174	2770	AF-0000000211936478	shard_687_batch_0.tar	13265920	127768	484853248	1203716
2174	2838	AF-0000000211936482	shard_753_batch_0.tar	16381952	159957	882302464	1960680
2174	2886	AF-0000000211936484	shard_479_batch_1.tar	440832	50496	136520192	172389
2174	3127	AF-0000000211936489	shard_481_batch_1.tar	21749248	51803	186994688	184981
2174	4261	AF-0000000211936524	shard_479_batch_1.tar	31946240	49392	285102080	170621
2174	4415	AF-0000000211936529	shard_557_batch_1.tar	4448256	80105	656353280	473516
2174	4457	AF-0000000211936530	shard_477_batch_1.tar	17491456	49112	129182720	165501
2174	5053	AF-0000000211936546	shard_581_batch_1.tar	4096512	89468	583155200	596013
2177	3286	AF-0000000211936565	shard_697_batch_0.tar	83915264	136111	1033284096	1353827
2177	3734	AF-0000000211936569	shard_827_batch_0.tar	126600192	220292	2540725760	3607776
2178	3296	AF-0000000211936581	shard_809_batch_0.tar	92942336	192894	1681235456	2815006
2178	4394	AF-0000000211936585	shard_847_batch_0.tar	158575616	242487	544514048	4431505
2179	2684	AF-0000000211936589	shard_581_batch_0.tar	31849984	91398	547141120	602812
2179	2755	AF-0000000211936590	shard_683_batch_0.tar	95624192	128528	1275958272	1186793
2179	4805	AF-0000000211936593	shard_831_batch_0.tar	59534336	224630	796042752	3595548
2185	2347	AF-0000000211936618	shard_879_batch_0.tar	336430080	391776	7532139520	10281594
2187	2291	AF-0000000211936632	shard_859_batch_0.tar	119691264	257820	2468157952	5123013
2187	2432	AF-0000000211936633	shard_865_batch_0.tar	215970304	277127	4920701952	5797192
2187	2965	AF-0000000211936634	shard_791_batch_0.tar	95446528	184418	1086991872	2609157
2187	5254	AF-0000000211936637	shard_869_batch_0.tar	189395968	299188	823502336	6397126
2190	2222	AF-0000000211936645	shard_695_batch_0.tar	41933312	134303	1541144576	1344842
2190	2631	AF-0000000211936655	shard_641_batch_0.tar	19914752	113157	373936640	950828
2190	2748	AF-0000000211936661	shard_537_batch_0.tar	34136576	80478	180217344	437368
2190	3061	AF-0000000211936672	shard_507_batch_1.tar	44841984	67867	344108544	303444
2190	3862	AF-0000000211936695	shard_607_batch_0.tar	61549056	103630	870210048	753980
2190	4481	AF-0000000211936717	shard_803_batch_0.tar	8784384	198802	995804160	2715662
2190	4562	AF-0000000211936720	shard_567_batch_0.tar	5412352	90122	720507392	565646
2192	5049	AF-0000000211936756	shard_857_batch_0.tar	202653696	259128	3477864448	4803754
2193	4373	AF-0000000211936768	shard_773_batch_0.tar	46880256	174842	756788736	2267140
2196	3814	AF-0000000211936849	shard_865_batch_0.tar	191795712	280841	2503139840	5288307
2197	3412	AF-0000000211936901	shard_853_batch_0.tar	177608704	258538	1666582016	4913002
2197	3880	AF-0000000211936916	shard_869_batch_0.tar	261694464	298090	6024359936	6704306
2197	4138	AF-0000000211936926	shard_853_batch_0.tar	224909312	256106	968308736	4790624
2197	4220	AF-0000000211936931	shard_855_batch_0.tar	9734144	261537	1668887040	5075840
2197	5030	AF-0000000211936958	shard_859_batch_0.tar	172463104	268317	1241281536	5350390
2197	5084	AF-0000000211936960	shard_869_batch_0.tar	231570944	297032	4553083392	6598390
2198	2245	AF-0000000211936963	shard_547_batch_1.tar	31976960	77220	269554176	446673
2199	4442	AF-0000000211936977	shard_873_batch_0.tar	182276096	305438	4224656896	6925815
2201	3446	AF-0000000211937000	shard_721_batch_0.tar	82798592	143444	491557376	1568505
2202	2368	AF-0000000211937050	shard_761_batch_0.tar	106061824	165470	1451549184	2069922
2202	2664	AF-0000000211937055	shard_807_batch_0.tar	163059200	197884	2072378880	3148187
2202	3720	AF-0000000211937079	shard_843_batch_0.tar	163642368	239636	3090630144	4550978
2202	3792	AF-0000000211937081	shard_693_batch_0.tar	12067840	131209	504117760	1351962
2203	4071	AF-0000000211937113	shard_723_batch_0.tar	114686976	146730	1638958592	1645010
2207	4072	AF-0000000211937165	shard_731_batch_0.tar	36103168	151440	1257615360	1695043
2207	4353	AF-0000000211937177	shard_809_batch_0.tar	75765248	206374	526890496	3090609
2207	4577	AF-0000000211937180	shard_697_batch_0.tar	17533952	133920	1122970112	1366685
2213	4347	AF-0000000211937242	shard_875_batch_0.tar	62025216	333411	6936101888	8363033
2213	4877	AF-0000000211937249	shard_871_batch_0.tar	244128768	296466	6595004416	6511349
2213	4910	AF-0000000211937250	shard_737_batch_0.tar	76092416	150274	477055488	1772035
2213	5023	AF-0000000211937253	shard_759_batch_0.tar	166900224	164224	998868480	2109828
2214	4583	AF-0000000211937260	shard_845_batch_0.tar	220195840	237218	4766544384	4265344
2216	2234	AF-0000000211937269	shard_539_batch_1.tar	50443264	80132	544899072	411566
2216	3081	AF-0000000211937285	shard_663_batch_1.tar	99209216	121880	561127424	990069
2216	3864	AF-0000000211937304	shard_821_batch_0.tar	176700416	215448	2323145216	3358876
2219	3767	AF-0000000211937331	shard_527_batch_0.tar	73614336	73723	354386944	383927
2219	4722	AF-0000000211937335	shard_717_batch_0.tar	15877120	143834	958624256	1452438
2222	2745	AF-0000000211937360	shard_735_batch_0.tar	132102656	151759	695497728	1778029
2222	2883	AF-0000000211937366	shard_693_batch_0.tar	90784256	131538	1517021184	1332078
2223	4905	AF-0000000211937455	shard_675_batch_0.tar	73875968	121898	1017680896	1182681
2226	2663	AF-0000000211937476	shard_499_batch_1.tar	2015232	61110	235875328	277299
2226	2664	AF-0000000211937477	shard_711_batch_0.tar	8749568	139638	793350144	1495645
2226	2861	AF-0000000211937478	shard_607_batch_0.tar	102497792	99455	918953472	745697
2226	2908	AF-0000000211937479	shard_675_batch_0.tar	111912960	123730	917687808	1154131
2226	4917	AF-0000000211937496	shard_557_batch_0.tar	27964416	84084	265755136	506045
2227	2663	AF-0000000211937513	shard_481_batch_1.tar	41922048	53864	128220672	195586
2227	2826	AF-0000000211937521	shard_651_batch_0.tar	72659968	116340	1127578624	917056
2227	4693	AF-0000000211937577	shard_1103_batch_1.tar	22383616	64126	373728256	267904
2230	3938	AF-0000000211937627	shard_809_batch_0.tar	77416960	209383	1704880640	3110154
2232	2480	AF-0000000211937648	shard_615_batch_0.tar	42454016	102937	777360384	793455
2234	2560	AF-0000000211937660	shard_459_batch_2.tar	28484096	38286	120738304	82512
2234	2886	AF-0000000211937665	shard_459_batch_2.tar	13997568	37593	90049024	74166
2234	4260	AF-0000000211937688	shard_641_batch_0.tar	55362560	113227	1008282112	891341
2234	5146	AF-0000000211937702	shard_821_batch_0.tar	82664960	211026	1041705472	3266459
2239	3461	AF-0000000211937736	shard_561_batch_0.tar	41630720	86722	203013120	524215
2241	2476	AF-0000000211937790	shard_517_batch_1.tar	15879680	71191	290533376	355873
2241	2869	AF-0000000211937823	shard_523_batch_1.tar	68767232	74098	316763648	382189
2241	4119	AF-0000000211937916	shard_595_batch_1.tar	84673024	97689	403872256	714399
2241	4478	AF-0000000211937949	shard_683_batch_0.tar	98638336	129721	957938688	1226163
2241	4776	AF-0000000211937966	shard_517_batch_1.tar	22327296	71948	314651648	351284
2241	4787	AF-0000000211937967	shard_811_batch_0.tar	119401472	200735	863529984	3198230
2241	4847	AF-0000000211937969	shard_501_batch_1.tar	36382208	64725	228461568	280019
2241	5256	AF-0000000211937999	shard_631_batch_1.tar	52060672	108202	812056576	899063
2242	3308	AF-0000000211938002	shard_789_batch_0.tar	170491904	180639	396032512	2599100
2242	4248	AF-0000000211938004	shard_681_batch_1.tar	73303552	127206	1396854272	1151793
2243	4320	AF-0000000211938010	shard_835_batch_0.tar	170148352	224883	2421258752	3545432
2243	4631	AF-0000000211938011	shard_707_batch_0.tar	21306880	135684	1354169856	1312290
2243	4770	AF-0000000211938012	shard_755_batch_0.tar	52142592	164642	1683095040	1798648
2243	4964	AF-0000000211938013	shard_691_batch_1.tar	93689344	131568	1169012224	1253636
2243	5060	AF-0000000211938014	shard_779_batch_0.tar	30661120	173742	2406122496	2116714
2245	2924	AF-0000000211938022	shard_535_batch_1.tar	54535168	75508	179907072	411401
2245	3680	AF-0000000211938024	shard_545_batch_1.tar	37706240	77403	346745344	427604
2245	3847	AF-0000000211938027	shard_537_batch_1.tar	15673856	76067	542559744	415729
2246	4506	AF-0000000211938036	shard_691_batch_0.tar	124510208	124983	441988096	1178642
2247	3018	AF-0000000211938043	shard_789_batch_0.tar	173492736	176447	433246720	2467414
2247	3290	AF-0000000211938045	shard_791_batch_0.tar	58907136	180931	2460981248	2523944
2247	4215	AF-0000000211938049	shard_805_batch_0.tar	111762432	193037	2428533248	2754729
2247	4620	AF-0000000211938051	shard_825_batch_0.tar	202435584	207038	2860097536	3208842
2253	2418	AF-0000000211938102	shard_567_batch_1.tar	34687488	88050	223823872	561119
2253	3604	AF-0000000211938109	shard_847_batch_0.tar	167247360	240269	2326740480	4604265
2253	3803	AF-0000000211938113	shard_531_batch_1.tar	5579776	74994	233120256	403379
2253	4093	AF-0000000211938116	shard_539_batch_1.tar	66279936	78832	367005696	429676
2253	4353	AF-0000000211938118	shard_747_batch_0.tar	142660608	162567	1509998592	1852672
2255	4051	AF-0000000211938138	shard_731_batch_0.tar	12805120	147339	1044409344	1550532
2257	3862	AF-0000000211938155	shard_709_batch_0.tar	121037312	140841	1470981632	1346882
2257	4034	AF-0000000211938159	shard_831_batch_0.tar	36869632	218937	2633049600	3435427
2257	4294	AF-0000000211938161	shard_861_batch_0.tar	254304256	269706	2920219136	5012792
2257	4341	AF-0000000211938162	shard_799_batch_0.tar	119874560	192748	892058112	2619260
2257	4562	AF-0000000211938163	shard_679_batch_0.tar	32307712	127363	1251520000	1105742
2258	3949	AF-0000000211938174	shard_875_batch_0.tar	179619840	327064	4698016768	7396323
2258	4026	AF-0000000211938176	shard_873_batch_0.tar	25330688	308317	5360643584	6722451
2263	2359	AF-0000000211938222	shard_793_batch_0.tar	69456384	185535	817752576	2748238
2263	4577	AF-0000000211938264	shard_767_batch_0.tar	118930944	167198	1599365120	2221870
2264	4866	AF-0000000211938279	shard_781_batch_0.tar	115697664	179298	1292672000	2381724
2265	2352	AF-0000000211938280	shard_845_batch_0.tar	188381184	239985	1324064768	4603828
2265	5015	AF-0000000211938300	shard_861_batch_0.tar	260502016	269395	4421473280	5420679
2268	2748	AF-0000000211938310	shard_675_batch_1.tar	9140736	127200	1000782848	1154109
2268	3604	AF-0000000211938320	shard_869_batch_0.tar	295052800	293455	1429531136	6925989
2268	3862	AF-0000000211938324	shard_729_batch_0.tar	32900608	150769	698915328	1626721
2268	3994	AF-0000000211938326	shard_767_batch_0.tar	92349952	166889	1266729472	2138526
2268	4353	AF-0000000211938331	shard_819_batch_0.tar	110227456	216585	2004534784	3335681
2268	4562	AF-0000000211938336	shard_701_batch_0.tar	69384192	137087	486661632	1377382
2270	3196	AF-0000000211938353	shard_859_batch_0.tar	82771456	268157	3590261760	5183808
2270	3208	AF-0000000211938354	shard_851_batch_0.tar	189366272	254315	3790995456	4493028
2272	2549	AF-0000000211938373	shard_777_batch_0.tar	174731776	174732	2413721600	2268907
2272	2682	AF-0000000211938375	shard_793_batch_0.tar	125698560	184440	2720128512	2545914
2272	3322	AF-0000000211938381	shard_831_batch_0.tar	106484736	224644	1449778176	3694038
2272	4262	AF-0000000211938389	shard_799_batch_0.tar	143547904	191417	1118239744	2682527
2272	4907	AF-0000000211938394	shard_821_batch_0.tar	6888960	213889	1777683456	3378824
2277	5032	AF-0000000211938430	shard_839_batch_0.tar	184926208	231205	2855342592	4059323
2279	2567	AF-0000000211938440	shard_463_batch_1.tar	37577728	41323	169772544	107695
2279	2791	AF-0000000211938447	shard_529_batch_1.tar	19607552	74025	514086912	369687
2279	3233	AF-0000000211938457	shard_497_batch_1.tar	63015424	61566	223624192	265653
2282	4733	AF-0000000211938501	shard_859_batch_0.tar	135037952	259725	5687373312	5107689
2284	3299	AF-0000000211938510	shard_727_batch_0.tar	119264768	150851	504426496	1608972
2284	3561	AF-0000000211938513	shard_785_batch_0.tar	95680512	185980	740239360	2539595
2284	4484	AF-0000000211938520	shard_723_batch_0.tar	65031680	144188	290644480	1455179
2284	4943	AF-0000000211938526	shard_753_batch_0.tar	124848640	161726	1388406272	1877905
2284	5236	AF-0000000211938530	shard_801_batch_0.tar	123385344	193384	399630336	2808884
2285	3208	AF-0000000211938535	shard_765_batch_0.tar	141714944	169429	1111825920	2124257
2285	4065	AF-0000000211938546	shard_877_batch_0.tar	272189952	356505	9443067392	9093951
2285	5012	AF-0000000211938551	shard_837_batch_0.tar	141999616	230060	3578638336	3922262
2286	3877	AF-0000000211938554	shard_829_batch_0.tar	34560000	223829	1090914816	3732368
2288	2505	AF-0000000211938561	shard_501_batch_1.tar	5922304	63645	146535424	258441
2288	4089	AF-0000000211938563	shard_505_batch_1.tar	5220864	66101	293984768	275745
2289	2455	AF-0000000211938571	shard_877_batch_0.tar	185094656	368915	4722899968	9807308
2289	4204	AF-0000000211938575	shard_877_batch_0.tar	197580288	347016	8895485952	9076355
2289	4234	AF-0000000211938576	shard_865_batch_0.tar	264047616	289272	1269897216	6315232
2289	4471	AF-0000000211938577	shard_849_batch_0.tar	45737472	250510	2602832384	4741235
2290	4558	AF-0000000211938597	shard_665_batch_0.tar	60880384	121685	558625280	1118404
2291	2965	AF-0000000211938609	shard_863_batch_0.tar	3351040	265974	5887071744	5345178
2291	3444	AF-0000000211938614	shard_849_batch_0.tar	86799360	236635	1774863872	4329224
2291	3625	AF-0000000211938616	shard_863_batch_0.tar	150438400	269990	1292236800	5428268
2291	5109	AF-0000000211938624	shard_873_batch_0.tar	260159488	310292	6210497024	6892208
2292	5198	AF-0000000211938661	shard_657_batch_0.tar	32028672	115413	552067584	988915
2293	2861	AF-0000000211938702	shard_579_batch_0.tar	15286272	91632	281511424	611929
2293	3409	AF-0000000211938738	shard_515_batch_1.tar	43872256	71342	253933568	338643
2293	3469	AF-0000000211938741	shard_797_batch_0.tar	109069312	193086	1514545664	2933820
2293	3758	AF-0000000211938757	shard_461_batch_2.tar	35900416	40481	143717376	93556
2293	4056	AF-0000000211938777	shard_479_batch_1.tar	15888896	53989	103309312	186478
2293	4220	AF-0000000211938784	shard_481_batch_1.tar	9408000	54996	158598656	183966
2293	4226	AF-0000000211938785	shard_807_batch_0.tar	192260608	198916	1770412544	3201631
2293	4294	AF-0000000211938789	shard_817_batch_0.tar	26790912	206343	1072574464	2973084
2293	4475	AF-0000000211938802	shard_695_batch_0.tar	112235520	133102	742385664	1329515
2293	4582	AF-0000000211938811	shard_563_batch_1.tar	13502464	86144	666585088	549601
2293	4887	AF-0000000211938824	shard_557_batch_1.tar	55134208	85609	459532800	538971
2293	4920	AF-0000000211938828	shard_497_batch_1.tar	60830208	63082	265203712	268265
2293	4951	AF-0000000211938830	shard_479_batch_1.tar	4356096	52673	237839360	176403
2298	3819	AF-0000000211938903	shard_621_batch_1.tar	61745152	102784	995688448	796912
2298	3832	AF-0000000211938904	shard_627_batch_1.tar	29974528	105699	410505728	831126
2298	3893	AF-0000000211938905	shard_649_batch_0.tar	2609152	109098	892477952	954084
2299	4724	AF-0000000211938927	shard_689_batch_1.tar	28366336	132920	393228288	1217916
2300	3719	AF-0000000211938933	shard_681_batch_0.tar	123030016	127158	618711552	1212332
2300	3874	AF-0000000211938934	shard_657_batch_0.tar	52561408	115999	910359040	1037499
2300	4180	AF-0000000211938935	shard_717_batch_0.tar	79914496	140031	1286649344	1571657
2300	4890	AF-0000000211938937	shard_687_batch_0.tar	31587328	126209	560693248	1253611
2301	2994	AF-0000000211938938	shard_785_batch_0.tar	54429696	182064	2682834944	2483846
2305	2649	AF-0000000211938957	shard_873_batch_0.tar	259848192	310740	6289724416	7461539
2305	4982	AF-0000000211938964	shard_871_batch_0.tar	156704256	299536	1691546624	6910282
2306	2359	AF-0000000211938968	shard_863_batch_0.tar	229359616	267742	4292040704	5519386
2307	2359	AF-0000000211939000	shard_721_batch_0.tar	7694336	143489	1316322816	1507585
2307	2657	AF-0000000211939004	shard_603_batch_0.tar	68564480	99818	805601280	700597
2307	3214	AF-0000000211939012	shard_857_batch_0.tar	24036352	256305	5317087744	4968933
2307	3982	AF-0000000211939022	shard_679_batch_0.tar	60121088	127138	259886080	1172552
2307	4481	AF-0000000211939027	shard_831_batch_0.tar	205927424	226365	2845126656	3537902
2307	5139	AF-0000000211939037	shard_605_batch_0.tar	10877952	99960	742375424	712702
2308	4644	AF-0000000211939042	shard_639_batch_1.tar	99207168	114431	826232320	856582
2309	5245	AF-0000000211939067	shard_645_batch_1.tar	13758976	113728	993468416	951385
2311	5112	AF-0000000211939086	shard_681_batch_0.tar	51460096	119944	1372157440	1178691
2314	3344	AF-0000000211939096	shard_637_batch_0.tar	50806784	110886	416833024	934268
2315	2682	AF-0000000211939098	shard_809_batch_0.tar	203352576	198788	877090304	3042520
2315	2723	AF-0000000211939099	shard_793_batch_0.tar	186176000	191762	1554272768	2646889
2315	4565	AF-0000000211939102	shard_853_batch_0.tar	148206080	249774	3511367680	4673993
2316	3956	AF-0000000211939160	shard_813_batch_0.tar	118566912	204319	2319217664	3227694
2316	4231	AF-0000000211939173	shard_817_batch_0.tar	11688448	209744	2278322688	3353810
2316	4350	AF-0000000211939178	shard_863_batch_0.tar	188160000	273698	4630167552	5880551
2316	4530	AF-0000000211939188	shard_785_batch_0.tar	144872448	181529	2446781440	2489238
2316	4910	AF-0000000211939202	shard_727_batch_0.tar	35970048	145386	1184241664	1654086
2320	4136	AF-0000000211939243	shard_875_batch_0.tar	218893312	331457	7640713216	7840908
2325	4869	AF-0000000211939315	shard_501_batch_1.tar	42248192	64734	286878208	276549
2326	2435	AF-0000000211939317	shard_595_batch_0.tar	43981824	100376	597831168	691265
2330	2379	AF-0000000211939342	shard_467_batch_1.tar	14704640	43989	183071744	123863
2330	2468	AF-0000000211939343	shard_505_batch_1.tar	46693376	62722	155216896	285537
2330	2609	AF-0000000211939351	shard_461_batch_2.tar	35162112	40762	166467072	90735
2330	3124	AF-0000000211939375	shard_475_batch_1.tar	12683264	49104	123942400	161955
2330	5011	AF-0000000211939436	shard_485_batch_1.tar	16943104	57391	201556992	212335
2332	3798	AF-0000000211939470	shard_879_batch_0.tar	354824704	360334	10183151104	9612957
2334	2441	AF-0000000211939477	shard_829_batch_0.tar	43552768	218725	2162090496	3604685
2334	4126	AF-0000000211939507	shard_677_batch_1.tar	113003520	122564	991495680	1162908
2334	4707	AF-0000000211939524	shard_589_batch_1.tar	27383296	93959	571359232	653364
2334	4782	AF-0000000211939526	shard_673_batch_1.tar	67539456	119924	1096725504	1119910
2336	3843	AF-0000000211939547	shard_537_batch_0.tar	76749312	76890	555629568	405967
2342	3461	AF-0000000211939581	shard_461_batch_2.tar	38753792	40542	131779584	93434
2343	4946	AF-0000000211939625	shard_473_batch_1.tar	18886656	50632	110446080	158592
2346	2733	AF-0000000211939638	shard_525_batch_1.tar	74859008	74838	259436544	341669
2346	2929	AF-0000000211939640	shard_589_batch_0.tar	84197376	99163	533363712	633647
2346	5139	AF-0000000211939676	shard_505_batch_1.tar	22489600	67027	271404032	276239
2347	2544	AF-0000000211939680	shard_877_batch_0.tar	148391936	340760	9486882304	8155652
2347	4525	AF-0000000211939699	shard_873_batch_0.tar	85183488	311261	2725326848	6976414
2348	3672	AF-0000000211939720	shard_723_batch_0.tar	6978048	146904	1017013760	1683517
2348	4868	AF-0000000211939741	shard_711_batch_0.tar	106464256	141735	1336591872	1531719
2349	4717	AF-0000000211939750	shard_849_batch_0.tar	119715328	250263	4872425984	4551758
2350	2557	AF-0000000211939756	shard_535_batch_1.tar	1817600	75745	531370496	393688
2350	3218	AF-0000000211939772	shard_551_batch_1.tar	8517120	82009	175788544	475371
2350	3611	AF-0000000211939781	shard_571_batch_0.tar	76260352	86905	629267456	538155
2350	3621	AF-0000000211939782	shard_621_batch_0.tar	14119936	105493	988339712	780680
2351	3645	AF-0000000211939816	shard_805_batch_0.tar	86907392	195924	2836979200	2871530
2351	4072	AF-0000000211939820	shard_763_batch_0.tar	140979712	165073	1491451904	2080294
2352	5015	AF-0000000211939848	shard_859_batch_0.tar	157155840	262960	3204328960	5328513
2354	2549	AF-0000000211939868	shard_843_batch_0.tar	84486656	235873	3407830016	4158997
2354	3862	AF-0000000211939878	shard_801_batch_0.tar	47844864	193111	2171968000	2728707
2354	4262	AF-0000000211939882	shard_855_batch_0.tar	62044672	252311	4825230848	4793655
2354	4353	AF-0000000211939886	shard_853_batch_0.tar	89044480	258773	3387723264	4772177
2354	4562	AF-0000000211939888	shard_785_batch_0.tar	144692224	179543	1362881024	2414868
2355	3335	AF-0000000211939897	shard_763_batch_0.tar	62811648	166110	2369449984	1941271
2355	4013	AF-0000000211939899	shard_749_batch_0.tar	130780672	156642	629705728	1750932
2356	3026	AF-0000000211939922	shard_703_batch_0.tar	21729792	138642	1574511616	1353375
2356	3292	AF-0000000211939928	shard_773_batch_0.tar	93444608	175273	2330191872	2197244
2356	3373	AF-0000000211939931	shard_669_batch_0.tar	56736768	124756	1254486016	1116789
2356	3762	AF-0000000211939946	shard_701_batch_0.tar	31723008	139087	523738112	1369169
2356	4452	AF-0000000211939962	shard_713_batch_0.tar	140645376	142058	1204547072	1524215
2357	3234	AF-0000000211940003	shard_793_batch_0.tar	159020032	181095	1533697024	2506438
2357	4583	AF-0000000211940033	shard_671_batch_0.tar	75090432	122342	983528448	1033134
2357	4987	AF-0000000211940042	shard_733_batch_0.tar	48702976	150435	1903431168	1684885
2358	2489	AF-0000000211940058	shard_793_batch_0.tar	112865792	190609	2867786752	2549538
2358	4692	AF-0000000211940201	shard_863_batch_0.tar	177025024	274699	3320856576	5653460
2358	4936	AF-0000000211940214	shard_827_batch_0.tar	172608000	222908	841614336	3500306
2359	2370	AF-0000000211940238	shard_635_batch_1.tar	24727040	110858	930461184	941639
2359	2384	AF-0000000211940240	shard_581_batch_1.tar	86591488	92237	236398080	618263
2359	2739	AF-0000000211940269	shard_699_batch_0.tar	40999424	135319	968562688	1400667
2359	2778	AF-0000000211940276	shard_743_batch_0.tar	87274496	153565	1882400768	1796016
2359	2791	AF-0000000211940277	shard_663_batch_1.tar	371712	119655	603791360	1073510
2359	2808	AF-0000000211940278	shard_689_batch_1.tar	26063360	131546	853992448	1247836
2359	2896	AF-0000000211940287	shard_655_batch_1.tar	22464512	118333	1145047040	972062
2359	3124	AF-0000000211940307	shard_591_batch_1.tar	10079744	93355	820021760	681164
2359	3300	AF-0000000211940321	shard_763_batch_0.tar	66735104	165996	385157120	2070425
2359	3595	AF-0000000211940343	shard_685_batch_1.tar	49818112	126088	1294226944	1262571
2359	3624	AF-0000000211940346	shard_607_batch_1.tar	47688704	100616	402711040	752943
2359	3758	AF-0000000211940354	shard_537_batch_1.tar	75386880	76729	378762240	429541
2359	3939	AF-0000000211940370	shard_591_batch_1.tar	43901952	95529	685761536	678454
2359	3990	AF-0000000211940375	shard_707_batch_0.tar	7183872	134888	1204299264	1485148
2359	4169	AF-0000000211940390	shard_843_batch_0.tar	85451264	232243	2692663808	3977884
2359	4227	AF-0000000211940395	shard_823_batch_0.tar	216777728	216290	2287961600	3630028
2359	4294	AF-0000000211940400	shard_849_batch_0.tar	118702080	242916	4265317376	4215969
2359	4339	AF-0000000211940404	shard_719_batch_0.tar	146339328	143775	750102016	1573296
2359	4707	AF-0000000211940434	shard_581_batch_1.tar	13925888	92947	668490240	631019
2359	4890	AF-0000000211940446	shard_707_batch_0.tar	70829568	135644	1183197696	1424777
2359	5074	AF-0000000211940464	shard_565_batch_1.tar	42505728	86761	471058944	551032
2359	5225	AF-0000000211940478	shard_697_batch_0.tar	89517056	134902	1418244096	1386289
2359	5272	AF-0000000211940482	shard_697_batch_0.tar	134413824	135529	601904640	1371378
2360	3670	AF-0000000211940489	shard_873_batch_0.tar	135584256	314248	6861485568	7539600
2360	4796	AF-0000000211940491	shard_877_batch_0.tar	194032128	351468	1794860544	8411420
2361	4693	AF-0000000211940521	shard_627_batch_1.tar	15550464	109856	807477248	859063
2361	4723	AF-0000000211940523	shard_617_batch_1.tar	13358592	105636	751307776	815538
2364	2686	AF-0000000211940554	shard_695_batch_0.tar	92197376	135093	363419136	1328433
2364	3024	AF-0000000211940568	shard_749_batch_0.tar	12366848	162633	380084224	1928621
2365	3614	AF-0000000211940645	shard_651_batch_1.tar	71171584	119669	1040752128	983735
2368	2664	AF-0000000211940663	shard_779_batch_0.tar	83788288	178804	491492352	2391484
2368	3275	AF-0000000211940668	shard_773_batch_0.tar	39143936	173938	2453516288	2298353
2369	4673	AF-0000000211940677	shard_499_batch_1.tar	44847616	61602	372463104	259105
2370	3020	AF-0000000211940700	shard_607_batch_0.tar	60298240	104166	483162624	739947
2370	3624	AF-0000000211940714	shard_555_batch_0.tar	50377728	85465	173241344	508172
2370	3655	AF-0000000211940715	shard_545_batch_1.tar	31753728	83669	435504640	482845
2372	3314	AF-0000000211940786	shard_749_batch_0.tar	67258880	162687	886256640	1819962
2372	4240	AF-0000000211940801	shard_787_batch_0.tar	68931072	185261	2786263040	2469473
2375	4956	AF-0000000211940844	shard_871_batch_0.tar	264662016	308634	5702683648	6878707
2377	2729	AF-0000000211940853	shard_865_batch_0.tar	105073152	276688	2385544192	5483821
2377	3365	AF-0000000211940855	shard_873_batch_0.tar	151223808	311915	6605520896	6997167
2378	4244	AF-0000000211940864	shard_867_batch_0.tar	109049856	293210	5895818752	6583811
2378	5140	AF-0000000211940865	shard_879_batch_0.tar	281656832	394990	2404373504	12062830
2379	2567	AF-0000000211940872	shard_473_batch_1.tar	11937792	48568	202211328	152592
2380	3015	AF-0000000211941002	shard_761_batch_0.tar	100005888	166787	553643008	1966731
2380	3262	AF-0000000211941011	shard_831_batch_0.tar	127297024	226622	1907683840	3540191
2380	3364	AF-0000000211941015	shard_665_batch_0.tar	29933568	121429	339352064	1040557
2380	3561	AF-0000000211941016	shard_847_batch_0.tar	28082688	246622	4074195456	4580960
2380	3792	AF-0000000211941017	shard_675_batch_0.tar	102555648	125970	388767744	1104349
2380	4134	AF-0000000211941023	shard_647_batch_0.tar	39468032	116238	942654976	918521
2381	4072	AF-0000000211941055	shard_723_batch_0.tar	123063296	144739	742541824	1592179
2381	4544	AF-0000000211941063	shard_849_batch_0.tar	10319872	248819	4954406912	4429446
2383	3223	AF-0000000211941083	shard_799_batch_0.tar	124762112	191131	948857344	2797589
2383	3667	AF-0000000211941087	shard_667_batch_0.tar	22153216	120473	1323979776	1130101
2383	5033	AF-0000000211941093	shard_803_batch_0.tar	32203264	197033	1066565120	2814303
2384	2489	AF-0000000211941101	shard_485_batch_1.tar	46144512	56432	293645824	211684
2384	2791	AF-0000000211941118	shard_557_batch_1.tar	28353536	85197	239658496	495538
2384	2929	AF-0000000211941128	shard_537_batch_1.tar	24647680	80640	522356736	426665
2384	3456	AF-0000000211941162	shard_569_batch_1.tar	29955072	88662	349915648	590022
2384	3778	AF-0000000211941180	shard_473_batch_1.tar	33519616	49470	117613568	157035
2384	4056	AF-0000000211941200	shard_481_batch_1.tar	39736320	55862	181816832	197769
2384	4294	AF-0000000211941212	shard_819_batch_0.tar	93722112	208117	3443525632	3022497
2384	4340	AF-0000000211941215	shard_493_batch_1.tar	6124544	60777	331954176	243675
2384	4434	AF-0000000211941221	shard_473_batch_1.tar	42636288	49155	251756032	153540
2384	4692	AF-0000000211941233	shard_721_batch_0.tar	72182784	139794	696682496	1570954
2385	2421	AF-0000000211941262	shard_801_batch_0.tar	141378048	191134	1441631232	2706462
2385	3018	AF-0000000211941270	shard_687_batch_0.tar	108238848	128566	296210432	1293377
2385	3290	AF-0000000211941273	shard_689_batch_0.tar	100542976	132946	262198272	1321112
2385	3637	AF-0000000211941279	shard_775_batch_0.tar	21206016	172586	2129985536	2279377
2385	4143	AF-0000000211941285	shard_563_batch_0.tar	87597568	84615	468552704	538084
2385	4215	AF-0000000211941286	shard_715_batch_0.tar	43399680	145602	1312223232	1429054
2385	4620	AF-0000000211941293	shard_753_batch_0.tar	73075712	158671	1100388864	1863093
2385	4822	AF-0000000211941298	shard_575_batch_0.tar	87665664	90351	568509952	598397
2386	2522	AF-0000000211941304	shard_527_batch_0.tar	44911616	75349	505367552	365307
2386	4821	AF-0000000211941310	shard_505_batch_1.tar	10091520	66895	193099776	279540
2391	2582	AF-0000000211941321	shard_795_batch_0.tar	109965312	186265	528554496	2800158
2395	3460	AF-0000000211941333	shard_553_batch_1.tar	21329408	84108	449956864	510635
2395	4634	AF-0000000211941345	shard_641_batch_1.tar	112204288	113479	518461440	927890
2396	2931	AF-0000000211941350	shard_875_batch_0.tar	161652736	321729	5497867776	7408770
2397	2842	AF-0000000211941354	shard_785_batch_0.tar	85301760	182850	394254848	2508865
2398	4935	AF-0000000211941365	shard_793_batch_0.tar	113443840	184698	1440818176	2413425
2398	4963	AF-0000000211941367	shard_863_batch_0.tar	251377152	274015	4749122048	5398706
2399	2665	AF-0000000211941373	shard_821_batch_0.tar	37703168	209025	2893887488	3453277
2399	2849	AF-0000000211941376	shard_781_batch_0.tar	136209920	177494	489028096	2459053
2399	4202	AF-0000000211941378	shard_623_batch_1.tar	20932096	106097	457944064	796561
2399	4656	AF-0000000211941384	shard_677_batch_0.tar	23839232	124138	471516160	1087930
2399	4867	AF-0000000211941385	shard_771_batch_0.tar	80585728	170526	1602214912	2209750
2399	5238	AF-0000000211941387	shard_615_batch_1.tar	8128512	103643	824909824	761596
2399	5242	AF-0000000211941388	shard_641_batch_1.tar	25278464	110521	512916992	881943
2400	2655	AF-0000000211941392	shard_811_batch_0.tar	22254592	201344	767303680	3032342
2400	2985	AF-0000000211941395	shard_865_batch_0.tar	152465408	274922	716502016	5634943
2400	4077	AF-0000000211941398	shard_841_batch_0.tar	130725376	238877	1995057152	4135982
2401	3898	AF-0000000211941404	shard_787_batch_0.tar	100164608	179974	1423652352	2453160
2402	3356	AF-0000000211941415	shard_741_batch_0.tar	54657536	155811	572509184	1742827
2402	4491	AF-0000000211941422	shard_801_batch_0.tar	31814656	193328	2267087360	2771821
2402	4539	AF-0000000211941423	shard_763_batch_0.tar	49235968	166471	1440662528	2043111
2402	4902	AF-0000000211941426	shard_869_batch_0.tar	246187520	299277	2424260096	6819139
2407	2631	AF-0000000211941483	shard_695_batch_0.tar	131184128	130852	290590208	1350923
2407	2918	AF-0000000211941485	shard_739_batch_0.tar	61893632	147813	1596590592	1737525
2407	4395	AF-0000000211941486	shard_815_batch_0.tar	22743552	200635	1068300288	3159021
2408	2679	AF-0000000211941489	shard_871_batch_0.tar	246261248	302945	1534336512	6921814
2410	2664	AF-0000000211941493	shard_767_batch_0.tar	96340480	172369	1590585344	2215820
2410	4401	AF-0000000211941498	shard_727_batch_0.tar	34616320	149164	1044662784	1622135
2411	3826	AF-0000000211941509	shard_845_batch_0.tar	154040320	246736	2283998720	4364114
2413	3480	AF-0000000211941520	shard_593_batch_0.tar	54149632	93057	205299200	648103
2413	4143	AF-0000000211941523	shard_643_batch_0.tar	27146752	107573	960419328	881866
2415	3832	AF-0000000211941540	shard_729_batch_0.tar	38067712	142878	1920701440	1735116
2417	3465	AF-0000000211941551	shard_637_batch_1.tar	105476608	111719	888871936	891523
2417	4725	AF-0000000211941554	shard_675_batch_1.tar	117869568	125357	1361717760	1161149
2417	5002	AF-0000000211941555	shard_657_batch_1.tar	35795968	120579	263059456	1020378
2420	5092	AF-0000000211941663	shard_869_batch_0.tar	199438336	295522	2817097728	6647286
2422	4089	AF-0000000211941681	shard_717_batch_0.tar	7730176	145164	1601487872	1566557
2423	3455	AF-0000000211941693	shard_877_batch_0.tar	172708864	340839	2834298880	8380066
2423	4029	AF-0000000211941698	shard_831_batch_0.tar	183250944	224478	2168065024	3700560
2423	5031	AF-0000000211941711	shard_777_batch_0.tar	155032064	175420	1368048640	2286356
2424	2485	AF-0000000211941713	shard_753_batch_0.tar	89187840	163465	594697728	1917649
2424	3053	AF-0000000211941718	shard_869_batch_0.tar	267657216	299705	996497408	6614227
2425	5093	AF-0000000211941724	shard_551_batch_1.tar	32496128	82316	497169408	493451
2430	5031	AF-0000000211941816	shard_861_batch_0.tar	23839232	265609	4640695808	5427068
2433	3862	AF-0000000211941825	shard_825_batch_0.tar	126097920	215471	2901378560	3288583
2433	3866	AF-0000000211941826	shard_853_batch_0.tar	43981312	244225	1847439872	4498398
2435	2602	AF-0000000211941836	shard_647_batch_1.tar	52316672	115851	1016359424	981551
2435	2615	AF-0000000211941837	shard_663_batch_1.tar	102699008	122041	253766656	1047477
2435	4057	AF-0000000211941863	shard_695_batch_0.tar	24124416	133607	336163840	1288003
2435	4072	AF-0000000211941864	shard_633_batch_1.tar	98439680	114601	933261312	941781
2435	4102	AF-0000000211941866	shard_835_batch_0.tar	50017280	227248	2660009984	3614930
2435	4301	AF-0000000211941870	shard_639_batch_1.tar	101962752	114214	801669120	937035
2435	4608	AF-0000000211941875	shard_641_batch_1.tar	90575360	111766	444747776	910466
2435	4622	AF-0000000211941876	shard_777_batch_0.tar	84670464	173904	1550975488	2225197
2435	4755	AF-0000000211941877	shard_711_batch_0.tar	1008640	144203	754174464	1378215
2441	2778	AF-0000000211941925	shard_847_batch_0.tar	164257280	246105	2574863872	4352806
2441	3285	AF-0000000211941937	shard_825_batch_0.tar	43124224	217807	2063934976	3354637
2441	4887	AF-0000000211941970	shard_821_batch_0.tar	105761792	213464	871202304	3356803
2441	4899	AF-0000000211941971	shard_803_batch_0.tar	96338432	198591	3025929216	2860988
2441	4970	AF-0000000211941976	shard_877_batch_0.tar	210300416	343919	2077674496	8961974
2442	4706	AF-0000000211941994	shard_775_batch_0.tar	91761664	175482	1377152512	2413857
2446	5031	AF-0000000211942025	shard_791_batch_0.tar	50942464	185429	1110196224	2643348
2448	3049	AF-0000000211942027	shard_685_batch_0.tar	42332160	124955	851596800	1286498
2448	3259	AF-0000000211942028	shard_671_batch_0.tar	100321280	121241	525378048	1170391
2448	3263	AF-0000000211942029	shard_647_batch_0.tar	97500160	112660	745621504	981904
2453	4926	AF-0000000211942074	shard_671_batch_1.tar	110917120	131230	339163136	1062946
2455	4204	AF-0000000211942088	shard_879_batch_0.tar	123300864	399015	5882501120	12004679
2455	5236	AF-0000000211942093	shard_879_batch_0.tar	304190976	376857	11357999616	10522571
2456	5070	AF-0000000211942128	shard_503_batch_1.tar	2486272	64623	230284800	276422
2458	2860	AF-0000000211942214	shard_637_batch_0.tar	67003392	108884	864705024	908850
2468	2495	AF-0000000211942289	shard_573_batch_1.tar	84103168	87084	364926464	558640
2468	4735	AF-0000000211942344	shard_517_batch_1.tar	29190656	68603	240017408	337826
2468	5108	AF-0000000211942350	shard_541_batch_1.tar	57008128	76548	175194112	434801
2471	3059	AF-0000000211942409	shard_485_batch_1.tar	57686528	57591	178502656	205570
2471	3558	AF-0000000211942438	shard_509_batch_1.tar	23524864	69668	141625856	305748
2471	3758	AF-0000000211942451	shard_485_batch_1.tar	28012032	58045	203023872	210402
2471	3880	AF-0000000211942460	shard_635_batch_0.tar	20878848	109680	934033408	944552
2471	3930	AF-0000000211942463	shard_825_batch_0.tar	51082752	222311	2213998592	3409452
2471	4138	AF-0000000211942476	shard_503_batch_1.tar	58348032	67145	385559040	292723
2471	4663	AF-0000000211942511	shard_565_batch_1.tar	45735936	87915	456386048	564179
2471	4787	AF-0000000211942520	shard_811_batch_0.tar	52507648	200495	2234011648	3226889
2471	4792	AF-0000000211942521	shard_767_batch_0.tar	53895680	170158	630389760	2309437
2471	4920	AF-0000000211942527	shard_539_batch_0.tar	49236480	81008	531933696	442208
2471	4970	AF-0000000211942530	shard_839_batch_0.tar	206247936	233697	1827238912	4194168
2474	2529	AF-0000000211942575	shard_485_batch_1.tar	47016960	54717	192347136	197888
2474	4089	AF-0000000211942600	shard_549_batch_0.tar	59923968	81076	372434432	475622
2474	4481	AF-0000000211942609	shard_783_batch_0.tar	117930496	180868	1473397760	2295602
2475	2778	AF-0000000211942623	shard_735_batch_0.tar	110216192	150636	1873492480	1741229
2475	2915	AF-0000000211942627	shard_629_batch_1.tar	27891712	107440	413510656	858649
2475	3246	AF-0000000211942631	shard_631_batch_1.tar	85322752	106986	541898752	846602
2475	4581	AF-0000000211942649	shard_599_batch_0.tar	27001856	96950	456672768	720337
2475	4663	AF-0000000211942651	shard_615_batch_1.tar	55931904	102772	427520000	787372
2476	2732	AF-0000000211942677	shard_527_batch_1.tar	69964800	73608	510126080	376069
2476	3611	AF-0000000211942730	shard_579_batch_0.tar	68802048	90016	767305728	587457
2476	3655	AF-0000000211942734	shard_493_batch_1.tar	7902720	61239	176249344	249105
2476	3762	AF-0000000211942739	shard_497_batch_1.tar	44118528	63531	263903232	269732
2476	4243	AF-0000000211942770	shard_469_batch_1.tar	24459264	47489	127211520	141032
2476	4339	AF-0000000211942775	shard_621_batch_0.tar	58289664	105741	975327232	855462
2476	4388	AF-0000000211942780	shard_665_batch_0.tar	119718400	121560	575610880	1059930
2476	4434	AF-0000000211942782	shard_469_batch_1.tar	26518528	46376	166277632	135349
2476	5030	AF-0000000211942810	shard_1103_batch_1.tar	39268352	60718	195860480	250165
2477	3028	AF-0000000211942830	shard_749_batch_0.tar	35586560	153131	1296899584	1908202
2477	3220	AF-0000000211942832	shard_533_batch_1.tar	14835712	74998	421046272	410087
2477	4481	AF-0000000211942847	shard_801_batch_0.tar	781824	195630	455954432	2744398
2481	4405	AF-0000000211942875	shard_843_batch_0.tar	82784768	230698	851829760	3940316
2482	3657	AF-0000000211942877	shard_879_batch_0.tar	110441984	391099	7542422016	11606365
2483	4759	AF-0000000211942880	shard_877_batch_0.tar	239025664	335750	7993189888	7974006
2484	2523	AF-0000000211942881	shard_867_batch_0.tar	95075328	292207	2650714112	5911577
2484	2537	AF-0000000211942882	shard_877_batch_0.tar	181264896	339700	8063019008	8174363
2484	3268	AF-0000000211942894	shard_871_batch_0.tar	158240768	309754	6608532992	6605746
2484	4781	AF-0000000211942918	shard_879_batch_0.tar	38866944	407067	1550872064	11781485
2484	5284	AF-0000000211942929	shard_875_batch_0.tar	31539712	328505	3094202880	7476431
2486	3887	AF-0000000211942937	shard_877_batch_0.tar	183029248	339188	6844749312	8638046
2486	4271	AF-0000000211942939	shard_861_batch_0.tar	243641344	267533	5689925120	5378466
2486	5042	AF-0000000211942942	shard_877_batch_0.tar	304934912	341150	1894473216	8378379
2487	2844	AF-0000000211942945	shard_869_batch_0.tar	512	297479	5758781440	6042526
2487	3661	AF-0000000211942947	shard_871_batch_0.tar	137663488	308413	2017946624	6673749
2487	3670	AF-0000000211942948	shard_865_batch_0.tar	175258112	280666	4000309248	6002569
2487	4796	AF-0000000211942952	shard_873_batch_0.tar	153780224	318204	3249733120	6934274
2487	4904	AF-0000000211942954	shard_869_batch_0.tar	107385344	298805	1615773696	6225211
2487	5018	AF-0000000211942955	shard_871_batch_0.tar	250248192	302628	7170186240	6875434
2488	3149	AF-0000000211942957	shard_855_batch_0.tar	23925760	260565	5106338304	5355653
2489	2905	AF-0000000211942965	shard_499_batch_1.tar	34041344	62645	181467648	258081
2491	2494	AF-0000000211943010	shard_513_batch_1.tar	49936384	68948	234791936	328042
2491	4212	AF-0000000211943043	shard_457_batch_3.tar	24004608	29650	83512832	43193
2491	5070	AF-0000000211943062	shard_509_batch_0.tar	60404224	66840	304101376	288957
2492	4620	AF-0000000211943090	shard_875_batch_0.tar	138082816	338937	1451789824	8163651
2494	3245	AF-0000000211943103	shard_657_batch_1.tar	72355840	118821	963215360	1032563
2494	4634	AF-0000000211943115	shard_685_batch_1.tar	61944832	130991	512105472	1259343
2495	2568	AF-0000000211943124	shard_529_batch_1.tar	60066304	75532	153411584	383740
2495	2791	AF-0000000211943136	shard_605_batch_1.tar	83797504	99440	472444416	703962
2495	2861	AF-0000000211943139	shard_633_batch_1.tar	20652544	108007	215436800	867061
2495	5256	AF-0000000211943202	shard_631_batch_1.tar	67633664	106507	847965184	855492
2496	4645	AF-0000000211943210	shard_553_batch_1.tar	64105472	84674	244839424	466248
2499	4885	AF-0000000211943220	shard_615_batch_1.tar	17310208	103896	381118464	741763
2503	4622	AF-0000000211943231	shard_817_batch_0.tar	190121472	203286	2981795328	3080025
2505	3040	AF-0000000211943244	shard_827_batch_0.tar	164633088	218050	1775206400	3660652
2505	3872	AF-0000000211943251	shard_625_batch_1.tar	60326400	110038	928028160	839266
2505	4057	AF-0000000211943255	shard_683_batch_1.tar	55407616	126428	707896832	1198142
2505	4076	AF-0000000211943256	shard_843_batch_0.tar	106439680	233785	3335206912	4103216
2505	4741	AF-0000000211943262	shard_807_batch_0.tar	112407552	198801	2957707776	2967935
2508	4089	AF-0000000211943307	shard_663_batch_0.tar	110738432	119465	480787456	1073920
2509	2681	AF-0000000211943322	shard_571_batch_0.tar	90854912	92134	676381696	553363
2509	2830	AF-0000000211943329	shard_663_batch_0.tar	84040192	119665	753929216	992562
2509	3024	AF-0000000211943334	shard_671_batch_0.tar	114516992	128495	403742720	1098807
2509	3220	AF-0000000211943343	shard_595_batch_0.tar	66552832	101098	258429440	648432
2509	3758	AF-0000000211943359	shard_559_batch_0.tar	72388608	88079	607866880	480125
2509	3939	AF-0000000211943367	shard_613_batch_0.tar	87821312	106439	577560064	742104
2509	3982	AF-0000000211943368	shard_657_batch_0.tar	89376768	121293	578613248	998187
2509	4047	AF-0000000211943372	shard_593_batch_0.tar	56532480	99760	522178048	644601
2509	4776	AF-0000000211943397	shard_595_batch_0.tar	26622976	101556	763269120	667429
2509	4847	AF-0000000211943399	shard_575_batch_0.tar	11081216	93916	347381760	551402
2510	2748	AF-0000000211943414	shard_503_batch_1.tar	205824	66894	305044480	271058
2510	2750	AF-0000000211943415	shard_829_batch_0.tar	8552960	216619	1428451328	3473182
2510	2801	AF-0000000211943417	shard_787_batch_0.tar	25055232	186115	2351277568	2467003
2510	3862	AF-0000000211943425	shard_567_batch_1.tar	20009472	90237	623134720	547096
2510	3974	AF-0000000211943427	shard_649_batch_0.tar	21603840	115350	832641024	945190
2510	4246	AF-0000000211943430	shard_807_batch_0.tar	161640448	203164	3278500352	2982626
2510	4353	AF-0000000211943433	shard_731_batch_0.tar	24502272	156045	1393624064	1676609
2510	4562	AF-0000000211943434	shard_531_batch_1.tar	36848128	76404	497119232	391278
2516	3420	AF-0000000211943460	shard_751_batch_0.tar	30244352	161383	1451336704	1847942
2516	5030	AF-0000000211943473	shard_525_batch_1.tar	58872832	74731	316659200	380814
2518	3018	AF-0000000211943479	shard_689_batch_0.tar	18633216	129921	974717440	1267059
2518	3350	AF-0000000211943482	shard_533_batch_1.tar	42131456	76240	377009664	402906
2518	3365	AF-0000000211943483	shard_699_batch_0.tar	86856192	134861	469419520	1317436
2518	4645	AF-0000000211943496	shard_631_batch_0.tar	30530048	111035	706218496	859540
2522	3075	AF-0000000211943535	shard_579_batch_0.tar	17264128	89618	602996224	635037
2523	3088	AF-0000000211943583	shard_841_batch_0.tar	176162816	234183	1582851584	3877049
2523	3580	AF-0000000211943590	shard_795_batch_0.tar	104576000	186915	1726091776	2542354
2527	2945	AF-0000000211943660	shard_801_batch_0.tar	25307648	196969	1233383424	2661122
2527	3145	AF-0000000211943663	shard_755_batch_0.tar	91895808	171109	1527357952	1927736
2527	3167	AF-0000000211943664	shard_779_batch_0.tar	149680640	186360	2333937152	2274197
2527	3938	AF-0000000211943669	shard_839_batch_0.tar	73081856	243582	968352768	3896741
2527	4274	AF-0000000211943670	shard_791_batch_0.tar	12168192	193897	2320857600	2509022
2527	4535	AF-0000000211943674	shard_817_batch_0.tar	190955520	216596	3473937920	3093886
2529	4090	AF-0000000211943723	shard_499_batch_1.tar	27417600	61856	197757952	278196
2529	5156	AF-0000000211943756	shard_497_batch_1.tar	7568384	60809	238953984	256671
2530	5103	AF-0000000211943787	shard_829_batch_0.tar	214768128	219751	3553201152	3777424
2530	5218	AF-0000000211943789	shard_715_batch_0.tar	129018880	140297	1728332288	1437751
2532	2679	AF-0000000211943792	shard_875_batch_0.tar	11322368	328700	6005525504	8709092
2532	4853	AF-0000000211943801	shard_871_batch_0.tar	128505344	302846	6208209920	7238771
2536	2844	AF-0000000211943810	shard_861_batch_0.tar	161288192	277942	888694272	5308153
2536	3661	AF-0000000211943813	shard_865_batch_0.tar	147869184	288720	5301330432	5890545
2536	4793	AF-0000000211943816	shard_773_batch_0.tar	160603648	171391	1114476032	2204453
2536	4904	AF-0000000211943818	shard_863_batch_0.tar	210142208	279504	2894661632	5514091
2537	2784	AF-0000000211943825	shard_877_batch_0.tar	12398080	334983	2734755840	8091813
2537	3580	AF-0000000211943842	shard_845_batch_0.tar	166287360	234529	3456300544	4126780
2537	4102	AF-0000000211943859	shard_873_batch_0.tar	147411456	303966	4396982784	6961076
2537	5207	AF-0000000211943888	shard_853_batch_0.tar	173420544	248639	4173234176	4502465
2544	4525	AF-0000000211943920	shard_805_batch_0.tar	180257792	196734	2593009664	2843405
2548	3015	AF-0000000211943936	shard_765_batch_0.tar	157970432	170459	2130051584	2054373
2548	3191	AF-0000000211943944	shard_793_batch_0.tar	137516032	188019	1906077696	2577133
2548	4226	AF-0000000211943971	shard_857_batch_0.tar	161190912	263397	3965477376	5417378
2548	4783	AF-0000000211943984	shard_779_batch_0.tar	176608768	180047	624638464	2407716
2548	4877	AF-0000000211943987	shard_869_batch_0.tar	223499264	288718	1257278976	5992999
2548	4893	AF-0000000211943988	shard_823_batch_0.tar	32218112	215213	3703586816	3302935
2549	2862	AF-0000000211944004	shard_711_batch_0.tar	39429120	136355	475860480	1407743
2549	2901	AF-0000000211944005	shard_839_batch_0.tar	178319872	227561	1423941120	3945069
2549	3322	AF-0000000211944014	shard_845_batch_0.tar	98664960	239140	3399326208	4202897
2549	3724	AF-0000000211944025	shard_801_batch_0.tar	139978752	195888	2146976768	2747973
2549	4507	AF-0000000211944034	shard_829_batch_0.tar	152001024	218624	2020856832	3413362
2549	4641	AF-0000000211944037	shard_761_batch_0.tar	155849216	164618	1999399936	1916937
2549	4759	AF-0000000211944039	shard_869_batch_0.tar	48728064	287878	2047706624	5915068
2549	4851	AF-0000000211944041	shard_861_batch_0.tar	166496256	269406	1014019584	5362971
2549	4929	AF-0000000211944046	shard_833_batch_0.tar	214142976	223035	2415225344	3733234
2550	2664	AF-0000000211944055	shard_773_batch_0.tar	35613696	172688	426906624	2302338
2550	3275	AF-0000000211944059	shard_767_batch_0.tar	9192448	168480	1277561344	2209118
2550	4401	AF-0000000211944065	shard_733_batch_0.tar	126930432	150021	352627712	1685381
2550	4465	AF-0000000211944067	shard_783_batch_0.tar	120114688	182755	1553792000	2495939
2551	4530	AF-0000000211944093	shard_833_batch_0.tar	200378880	224907	4070546432	3877781
2551	4854	AF-0000000211944095	shard_775_batch_0.tar	28858880	175103	533417984	2177884
2559	2567	AF-0000000211944143	shard_529_batch_0.tar	43962368	74293	521900544	380584
2559	2861	AF-0000000211944154	shard_651_batch_0.tar	107919360	115587	872317440	1001337
2559	4481	AF-0000000211944192	shard_803_batch_0.tar	95545856	197139	2192786432	2674882
2559	4792	AF-0000000211944199	shard_779_batch_0.tar	63197184	176168	1588816384	2498249
2560	2886	AF-0000000211944214	shard_457_batch_3.tar	11700736	34332	71381504	61269
2560	3127	AF-0000000211944217	shard_459_batch_2.tar	2485760	35780	118995968	69491
2560	3961	AF-0000000211944228	shard_489_batch_1.tar	48454144	58041	324281856	215725
2560	4261	AF-0000000211944232	shard_457_batch_3.tar	8303616	33432	65323008	60513
2560	4457	AF-0000000211944235	shard_457_batch_3.tar	12679680	33158	79774208	56391
2563	3645	AF-0000000211944288	shard_623_batch_1.tar	29588992	108977	518827520	842566
2563	4072	AF-0000000211944298	shard_533_batch_1.tar	30863360	77778	359565824	392179
2563	4566	AF-0000000211944317	shard_821_batch_0.tar	128626176	219137	2306431488	3505223
2567	3138	AF-0000000211944496	shard_513_batch_1.tar	44708864	67746	436978176	302115
2567	4217	AF-0000000211944530	shard_501_batch_1.tar	52382208	64441	317455872	279960
2568	2765	AF-0000000211944582	shard_651_batch_0.tar	6947840	117848	1124583424	1012708
2568	2818	AF-0000000211944588	shard_565_batch_1.tar	69731328	88901	478129152	543584
2568	2971	AF-0000000211944597	shard_667_batch_0.tar	7228416	121030	335576576	1057891
2568	3300	AF-0000000211944622	shard_695_batch_0.tar	36783616	134704	1189289984	1288432
2568	3819	AF-0000000211944652	shard_541_batch_1.tar	63207424	78484	572712960	429705
2568	4707	AF-0000000211944714	shard_491_batch_1.tar	41611776	60917	257035776	235850
2570	3465	AF-0000000211944772	shard_479_batch_1.tar	21597184	52551	208612864	179662
2570	4082	AF-0000000211944784	shard_675_batch_0.tar	66221568	125758	1368992256	1082004
2570	5024	AF-0000000211944802	shard_557_batch_1.tar	64356864	85139	380800000	495272
2572	2855	AF-0000000211944811	shard_623_batch_0.tar	59815424	106082	1026557440	795417
2572	3917	AF-0000000211944822	shard_673_batch_0.tar	102663680	122189	1182653952	1037866
2573	3705	AF-0000000211944834	shard_747_batch_0.tar	102675968	162227	905048064	1942738
2574	2929	AF-0000000211944860	shard_521_batch_1.tar	48273920	74252	149145600	366994
2574	3026	AF-0000000211944866	shard_489_batch_1.tar	2220032	59102	207213056	222284
2574	3373	AF-0000000211944885	shard_467_batch_1.tar	11716608	45553	141052928	132535
2574	3994	AF-0000000211944921	shard_583_batch_1.tar	16856064	90140	432693760	584597
2574	4217	AF-0000000211944931	shard_497_batch_1.tar	2760704	62996	210327552	261942
2574	4365	AF-0000000211944945	shard_491_batch_1.tar	21602304	58688	340350976	229409
2574	4560	AF-0000000211944953	shard_459_batch_2.tar	16122368	38184	86475776	83596
2575	2703	AF-0000000211944987	shard_823_batch_0.tar	111610368	210257	2065979392	3183338
2575	3590	AF-0000000211944988	shard_773_batch_0.tar	30669824	173068	950343168	2144366
2575	5112	AF-0000000211944994	shard_757_batch_0.tar	162635776	164286	1059252224	1934574
2578	4869	AF-0000000211945008	shard_495_batch_1.tar	18505728	61969	286664704	259547
2579	3877	AF-0000000211945010	shard_857_batch_0.tar	215065600	264385	2171014656	5089051
2585	4400	AF-0000000211945079	shard_875_batch_0.tar	256142848	329667	7246268928	8223648
2585	4530	AF-0000000211945080	shard_847_batch_0.tar	213632000	244355	1622364160	4387274
2586	4543	AF-0000000211945083	shard_647_batch_1.tar	112701952	116313	626611712	973046
2589	2980	AF-0000000211945087	shard_667_batch_0.tar	73808384	119886	668696064	1011000
2590	4893	AF-0000000211945091	shard_781_batch_0.tar	39853056	179538	513203200	2244809
2596	2664	AF-0000000211945124	shard_749_batch_0.tar	120461824	159824	1417984512	1901526
2596	2861	AF-0000000211945125	shard_659_batch_1.tar	35267072	119693	925549056	1034886
2596	3024	AF-0000000211945128	shard_623_batch_1.tar	89307648	109311	526319104	825783
2597	4586	AF-0000000211945152	shard_511_batch_1.tar	19549184	68544	242692096	329807
2605	3590	AF-0000000211945194	shard_777_batch_0.tar	175254528	177673	1642843648	2272381
2608	3121	AF-0000000211945211	shard_853_batch_0.tar	82366976	248268	1386251264	4909617
2608	3128	AF-0000000211945212	shard_873_batch_0.tar	175327232	313756	7056050176	8168586
2608	4378	AF-0000000211945226	shard_859_batch_0.tar	76331008	264481	794284544	5514680
2608	4511	AF-0000000211945230	shard_873_batch_0.tar	226929664	311237	7499868672	7731546
2608	5164	AF-0000000211945243	shard_843_batch_0.tar	85684224	236371	2789523968	4384556
2609	3005	AF-0000000211945251	shard_485_batch_1.tar	8908288	57350	127165952	214226
2609	3595	AF-0000000211945258	shard_561_batch_0.tar	70190080	84859	389909504	528554
2612	4935	AF-0000000211945336	shard_475_batch_1.tar	29832192	51012	114544128	170398
2612	4946	AF-0000000211945337	shard_481_batch_1.tar	29870080	53694	228354560	191393
2612	5097	AF-0000000211945338	shard_535_batch_1.tar	39496704	77384	378868736	404071
2615	2799	AF-0000000211945345	shard_647_batch_0.tar	74851840	116030	760918016	902475
2616	4164	AF-0000000211945351	shard_809_batch_0.tar	83525120	201772	2978255360	2980429
2626	3057	AF-0000000211945389	shard_791_batch_0.tar	156493312	184804	1365230080	2562682
2626	3465	AF-0000000211945394	shard_695_batch_0.tar	40164352	134689	303601664	1306559
2626	3734	AF-0000000211945400	shard_847_batch_0.tar	149602816	245780	4243853312	4509232
2627	2866	AF-0000000211945420	shard_593_batch_0.tar	51574784	97748	530098176	669327
2629	5227	AF-0000000211945437	shard_609_batch_1.tar	15678464	101341	358402048	756057
2634	4706	AF-0000000211945451	shard_747_batch_0.tar	154198016	159087	1002283008	1938423
2637	2941	AF-0000000211945456	shard_871_batch_0.tar	164353024	295002	4563150848	6527752
2638	3299	AF-0000000211945458	shard_871_batch_0.tar	170165248	305992	5756028928	6823771
2640	2680	AF-0000000211945471	shard_535_batch_1.tar	56898048	76398	553242112	407251
2640	3251	AF-0000000211945472	shard_791_batch_0.tar	172896768	181180	1017794560	2598703
2640	3867	AF-0000000211945475	shard_847_batch_0.tar	182626816	246177	3234185728	4709101
2645	3210	AF-0000000211945486	shard_855_batch_0.tar	135366144	255389	3481271296	5021878
2645	4072	AF-0000000211945493	shard_681_batch_0.tar	66376704	123126	454824448	1219244
2651	2799	AF-0000000211945544	shard_693_batch_0.tar	37747200	132013	772092416	1219632
2651	2946	AF-0000000211945545	shard_841_batch_0.tar	3108352	227503	3700678144	3847456
2651	4770	AF-0000000211945550	shard_757_batch_0.tar	150794752	163414	622275584	1858748
2657	2663	AF-0000000211945571	shard_469_batch_1.tar	37384192	46384	221616128	137044
2657	2681	AF-0000000211945573	shard_459_batch_2.tar	13921792	37483	139709440	73153
2657	3026	AF-0000000211945595	shard_1103_batch_1.tar	36257792	56749	240617984	198962
2657	3611	AF-0000000211945632	shard_561_batch_1.tar	6923776	84076	503475712	493289
2657	3762	AF-0000000211945641	shard_483_batch_1.tar	36938752	57058	186283008	208613
2657	3887	AF-0000000211945650	shard_819_batch_0.tar	169724416	207704	615221760	3270858
2657	3935	AF-0000000211945652	shard_507_batch_1.tar	1510912	64640	378667008	289103
2657	4356	AF-0000000211945681	shard_795_batch_0.tar	39227904	189347	2230632448	2616935
2657	4434	AF-0000000211945684	shard_461_batch_2.tar	4074496	40291	108564992	90240
2657	4942	AF-0000000211945708	shard_467_batch_1.tar	3224064	44803	159088640	122260
2658	3060	AF-0000000211945729	shard_731_batch_0.tar	22676480	150501	968046080	1619893
2658	3145	AF-0000000211945732	shard_563_batch_0.tar	40186368	86257	317150208	509865
2658	3169	AF-0000000211945733	shard_617_batch_1.tar	44416512	103723	551433728	782710
2658	3262	AF-0000000211945736	shard_807_batch_0.tar	87065088	199577	1035662336	2779987
2658	3305	AF-0000000211945738	shard_565_batch_1.tar	55644160	86135	396317184	527019
2658	3491	AF-0000000211945739	shard_731_batch_0.tar	143158272	148099	1865318912	1566063
2658	4226	AF-0000000211945749	shard_839_batch_0.tar	189901824	232810	4057561600	4312593
2658	5160	AF-0000000211945766	shard_857_batch_0.tar	196804608	263114	2887926784	5290390
2660	2836	AF-0000000211945769	shard_495_batch_0.tar	24165888	62777	220994560	244408
2660	3040	AF-0000000211945774	shard_821_batch_0.tar	210820096	212619	3665371648	3375447
2660	3487	AF-0000000211945780	shard_543_batch_0.tar	1389568	81046	504500736	444114
2661	3024	AF-0000000211945813	shard_691_batch_0.tar	119124992	132683	679374336	1223744
2661	4243	AF-0000000211945838	shard_605_batch_0.tar	43750912	100084	293348864	702262
2663	3085	AF-0000000211945899	shard_463_batch_1.tar	42032128	40866	161458176	97782
2663	3114	AF-0000000211945900	shard_471_batch_1.tar	19026432	48672	191526912	150275
2663	3195	AF-0000000211945906	shard_527_batch_0.tar	62075904	73860	435509248	369161
2663	3819	AF-0000000211945939	shard_531_batch_1.tar	39464960	73285	465892352	394610
2663	3939	AF-0000000211945948	shard_489_batch_1.tar	52301824	58708	178590720	233959
2663	3982	AF-0000000211945950	shard_527_batch_0.tar	68121088	73895	301608448	393087
2663	4294	AF-0000000211945971	shard_817_batch_0.tar	5560320	206014	1277527040	2999338
2663	4436	AF-0000000211945979	shard_559_batch_0.tar	11182592	85734	526315008	528593
2663	4481	AF-0000000211945984	shard_769_batch_0.tar	83276288	173214	2364790272	2075561
2663	4562	AF-0000000211945987	shard_503_batch_0.tar	53779968	64347	137837568	297490
2663	4693	AF-0000000211945996	shard_499_batch_1.tar	42770432	63804	215130112	267053
2663	4735	AF-0000000211946000	shard_477_batch_1.tar	26362880	51757	210210816	170040
2663	4847	AF-0000000211946006	shard_469_batch_1.tar	47471104	46599	90580480	131386
2663	5108	AF-0000000211946023	shard_493_batch_0.tar	37039616	59494	325471232	248862
2663	5237	AF-0000000211946030	shard_551_batch_0.tar	42259968	83811	483668992	451492
2664	2830	AF-0000000211946034	shard_741_batch_0.tar	111078912	150729	619801600	1795527
2664	2896	AF-0000000211946037	shard_747_batch_0.tar	148256768	159633	1574278656	1856707
2664	3064	AF-0000000211946040	shard_707_batch_0.tar	136454656	137874	385810944	1465922
2664	3275	AF-0000000211946047	shard_814_batch_4.tar	52160000	206069	535114240	3296802
2664	3312	AF-0000000211946048	shard_691_batch_0.tar	94135296	131613	1276082688	1319719
2664	3720	AF-0000000211946054	shard_851_batch_0.tar	170219008	253191	4971186176	4974344
2664	4089	AF-0000000211946059	shard_733_batch_0.tar	46546944	152143	1056633856	1790423
2664	4090	AF-0000000211946060	shard_725_batch_0.tar	38858752	147149	969359360	1636604
2664	4169	AF-0000000211946064	shard_865_batch_0.tar	34712064	274572	663629824	5548317
2664	4490	AF-0000000211946072	shard_787_batch_0.tar	167976960	183295	741686784	2642657
2664	4610	AF-0000000211946076	shard_757_batch_0.tar	9359360	163847	1155879936	2125297
2664	4789	AF-0000000211946079	shard_761_batch_0.tar	158568448	165161	2120395776	2056820
2664	4814	AF-0000000211946080	shard_783_batch_0.tar	9139712	179939	2016771072	2452692
2664	4925	AF-0000000211946081	shard_829_batch_0.tar	4963328	222283	2778263040	3800033
2664	5067	AF-0000000211946085	shard_725_batch_0.tar	58688512	147566	678787584	1629108
2664	5117	AF-0000000211946086	shard_763_batch_0.tar	159023104	168488	1098539520	2179322
2665	4147	AF-0000000211946090	shard_819_batch_0.tar	30497792	207515	661501952	3402529
2667	3480	AF-0000000211946105	shard_487_batch_1.tar	53399552	56599	244485632	216185
2671	2712	AF-0000000211946144	shard_723_batch_0.tar	61926400	144923	521117184	1536893
2673	5023	AF-0000000211946167	shard_631_batch_1.tar	17299456	107779	788088832	867244
2674	3655	AF-0000000211946192	shard_643_batch_0.tar	55794176	114679	389532160	909820
2674	3982	AF-0000000211946197	shard_677_batch_0.tar	26786816	126535	1253438464	1143957
2674	4243	AF-0000000211946206	shard_605_batch_0.tar	64626176	100795	642630656	671912
2674	4776	AF-0000000211946217	shard_619_batch_0.tar	28886016	106247	527248384	746421
2674	4847	AF-0000000211946218	shard_599_batch_0.tar	38045184	99273	382349312	645562
2677	3654	AF-0000000211946229	shard_669_batch_1.tar	114263040	117399	856095744	1104622
2677	3804	AF-0000000211946230	shard_757_batch_0.tar	45634048	159697	355327488	2017931
2677	4400	AF-0000000211946231	shard_857_batch_0.tar	241414656	257318	5417073152	5336639
2677	5096	AF-0000000211946235	shard_705_batch_0.tar	108703232	132319	350761984	1402037
2678	5043	AF-0000000211946246	shard_871_batch_0.tar	278457344	309876	4669133824	6996794
2679	2835	AF-0000000211946249	shard_875_batch_0.tar	158353408	333442	5146520064	8908347
2680	3524	AF-0000000211946266	shard_511_batch_0.tar	12140032	68667	133358080	317730
2680	3889	AF-0000000211946269	shard_541_batch_0.tar	67838976	77703	530025984	444034
2680	4576	AF-0000000211946270	shard_529_batch_0.tar	10647552	76352	497375232	373685
2681	2733	AF-0000000211946275	shard_467_batch_1.tar	26531840	45490	108692992	130690
2681	3059	AF-0000000211946297	shard_457_batch_3.tar	15713792	30519	95022080	52030
2681	3061	AF-0000000211946298	shard_457_batch_3.tar	7498752	33293	90240512	61922
2681	3164	AF-0000000211946304	shard_457_batch_3.tar	23299072	29503	67403776	45041
2681	3373	AF-0000000211946313	shard_463_batch_1.tar	32613376	41129	181316096	105512
2681	3474	AF-0000000211946319	shard_463_batch_1.tar	4112384	41371	138513920	103832
2681	3717	AF-0000000211946333	shard_457_batch_3.tar	14041088	31388	75323392	53903
2681	3758	AF-0000000211946334	shard_457_batch_3.tar	12971520	31246	77378560	54781
2681	4043	AF-0000000211946351	shard_457_batch_3.tar	24186880	29944	70142464	47737
2681	4268	AF-0000000211946364	shard_457_batch_3.tar	14525440	32166	60673536	58725
2681	4528	AF-0000000211946381	shard_467_batch_1.tar	8676352	45448	130458624	132527
2681	4560	AF-0000000211946383	shard_457_batch_3.tar	28112384	33625	93965312	62469
2681	4847	AF-0000000211946395	shard_459_batch_2.tar	2029056	37555	125284352	83654
2681	5184	AF-0000000211946414	shard_575_batch_0.tar	80227328	89441	414390784	553125
2686	4421	AF-0000000211946458	shard_559_batch_0.tar	78966784	81615	630535680	498537
2689	2743	AF-0000000211946508	shard_829_batch_0.tar	216798208	226997	675474944	3857729
2689	3013	AF-0000000211946519	shard_849_batch_0.tar	12340736	250617	1818898944	4828308
2689	3577	AF-0000000211946528	shard_877_batch_0.tar	158279168	354544	3829330432	10047415
2689	4080	AF-0000000211946543	shard_815_batch_0.tar	41921536	207153	2742457856	3261304
2689	4891	AF-0000000211946559	shard_835_batch_0.tar	134747648	228492	620723712	4027165
2693	3455	AF-0000000211946665	shard_879_batch_0.tar	293540352	387691	6655028224	10959071
2693	4558	AF-0000000211946690	shard_857_batch_0.tar	84703232	265772	2980256768	5377938
2693	5031	AF-0000000211946700	shard_825_batch_0.tar	170279936	222886	923665408	3635526
2697	4945	AF-0000000211946739	shard_803_batch_0.tar	57242112	194386	672214016	2858530
2700	3375	AF-0000000211946772	shard_587_batch_1.tar	63814656	93609	625895936	610574
2700	3769	AF-0000000211946777	shard_789_batch_0.tar	140758016	179360	2323854336	2399325
2702	3059	AF-0000000211946808	shard_459_batch_2.tar	20944384	37071	89662976	71902
2702	3591	AF-0000000211946844	shard_521_batch_0.tar	73334272	72456	470554624	369701
2702	3666	AF-0000000211946852	shard_487_batch_1.tar	45504512	58048	140719104	199756
2702	3762	AF-0000000211946857	shard_491_batch_0.tar	26714112	61279	164544000	236105
2702	3982	AF-0000000211946874	shard_517_batch_1.tar	40265728	71017	325607424	338370
2702	4294	AF-0000000211946894	shard_813_batch_0.tar	36160512	203415	1355197440	2892902
2702	4356	AF-0000000211946902	shard_801_batch_0.tar	42885632	193047	1085107200	2807521
2702	4393	AF-0000000211946904	shard_507_batch_1.tar	39090688	68226	308800512	295153
2702	4434	AF-0000000211946907	shard_465_batch_1.tar	18388480	44311	109963264	116763
2702	4782	AF-0000000211946933	shard_547_batch_1.tar	82943488	79988	247756288	448755
2703	2764	AF-0000000211946973	shard_827_batch_0.tar	23049728	211916	866686464	3597263
2705	2748	AF-0000000211947008	shard_817_batch_0.tar	133534720	207590	2862824960	3106112
2705	3126	AF-0000000211947011	shard_829_batch_0.tar	116289536	219328	1810846720	3559771
2705	3181	AF-0000000211947012	shard_875_batch_0.tar	63035904	324017	7230496256	7746001
2705	4095	AF-0000000211947021	shard_871_batch_0.tar	101129728	302180	2615445504	6640795
2705	4384	AF-0000000211947025	shard_875_batch_0.tar	287353344	328708	2618558464	7804728
2711	2748	AF-0000000211947050	shard_487_batch_1.tar	30621184	57775	301331968	206271
2711	2750	AF-0000000211947051	shard_821_batch_0.tar	177341440	207612	2169863168	3175244
2711	3974	AF-0000000211947065	shard_627_batch_1.tar	22986752	106029	557329920	821965
2711	4246	AF-0000000211947067	shard_799_batch_0.tar	130832384	194166	1652747776	2740757
2711	4562	AF-0000000211947074	shard_511_batch_1.tar	25777664	67388	227803648	316003
2713	2988	AF-0000000211947086	shard_735_batch_0.tar	4634112	150480	1147448832	1530762
2714	3568	AF-0000000211947090	shard_851_batch_0.tar	63397376	243113	640165888	4499000
2714	5096	AF-0000000211947094	shard_781_batch_0.tar	2939904	172283	2440080384	2351622
2717	2817	AF-0000000211947110	shard_785_batch_0.tar	134536192	178020	2753276928	2322976
2717	4026	AF-0000000211947122	shard_679_batch_0.tar	1558528	125067	1126137344	1211053
2717	4929	AF-0000000211947131	shard_771_batch_0.tar	152409600	170994	1501765120	2165165
2718	4645	AF-0000000211947137	shard_753_batch_0.tar	46117376	162511	1782389760	1899509
2720	3285	AF-0000000211947151	shard_753_batch_0.tar	93283840	159132	1652335616	1939056
2720	4772	AF-0000000211947160	shard_831_batch_0.tar	169451008	220287	1004072448	3725600
2723	2975	AF-0000000211947177	shard_741_batch_0.tar	22027776	158906	1315960320	1752245
2723	3210	AF-0000000211947180	shard_867_batch_0.tar	256717824	292441	5309989376	5983535
2723	4877	AF-0000000211947197	shard_871_batch_0.tar	35443712	295760	884250624	6333701
2725	2867	AF-0000000211947218	shard_875_batch_0.tar	70988288	325558	7428805120	7367753
2725	3511	AF-0000000211947221	shard_855_batch_0.tar	162913280	250082	4379415552	4523431
2725	3618	AF-0000000211947226	shard_875_batch_0.tar	44156928	318925	3950247424	7229076
2725	4589	AF-0000000211947236	shard_877_batch_0.tar	41103360	356017	3531131904	8955404
2729	4620	AF-0000000211947276	shard_759_batch_0.tar	72988672	163524	1737249280	1899151
2732	2824	AF-0000000211947304	shard_619_batch_0.tar	84818432	104002	562464256	766337
2732	2861	AF-0000000211947309	shard_643_batch_0.tar	67594752	112381	369891840	954765
2732	2883	AF-0000000211947310	shard_599_batch_0.tar	46554112	97788	800286208	689110
2732	2950	AF-0000000211947315	shard_607_batch_0.tar	91471872	99350	230665728	720961
2732	3164	AF-0000000211947336	shard_491_batch_1.tar	43636224	59490	121618944	226502
2732	3220	AF-0000000211947339	shard_527_batch_1.tar	65699840	74472	371126272	376242
2732	3233	AF-0000000211947341	shard_579_batch_0.tar	33773056	91453	659604480	591043
2732	3409	AF-0000000211947355	shard_575_batch_0.tar	42250752	92279	350944256	585907
2732	3611	AF-0000000211947368	shard_645_batch_0.tar	57379840	111644	711661056	916427
2732	3612	AF-0000000211947369	shard_729_batch_0.tar	44270080	150564	837734400	1686698
2732	3762	AF-0000000211947382	shard_555_batch_0.tar	52120064	85409	271504384	503252
2732	4243	AF-0000000211947425	shard_513_batch_1.tar	29192704	69287	152820224	329613
2732	4294	AF-0000000211947429	shard_837_batch_0.tar	59819520	226590	3682061312	3669560
2732	4460	AF-0000000211947446	shard_525_batch_1.tar	4924416	72638	474741760	365685
2732	4723	AF-0000000211947465	shard_545_batch_1.tar	65835008	80936	521785856	456713
2732	4776	AF-0000000211947468	shard_527_batch_1.tar	56382976	74883	419643904	381095
2732	4920	AF-0000000211947478	shard_553_batch_1.tar	59313664	84322	586315776	488655
2732	5089	AF-0000000211947492	shard_741_batch_0.tar	78772224	154644	1857697280	1708799
2732	5131	AF-0000000211947496	shard_543_batch_0.tar	21050880	78895	306760192	450012
2732	5282	AF-0000000211947509	shard_711_batch_0.tar	58789888	138883	468604416	1400069
2733	2748	AF-0000000211947512	shard_483_batch_1.tar	36881920	55851	161444352	192696
2733	2859	AF-0000000211947521	shard_569_batch_0.tar	1106432	89511	682017280	563171
2733	2909	AF-0000000211947528	shard_533_batch_0.tar	69970944	74891	154212352	409806
2733	3059	AF-0000000211947542	shard_463_batch_1.tar	32486912	40919	182236672	96088
2733	3275	AF-0000000211947559	shard_683_batch_0.tar	74408448	128550	633556480	1253293
2733	3611	AF-0000000211947580	shard_585_batch_0.tar	30167040	92107	664408576	582946
2733	3758	AF-0000000211947590	shard_463_batch_1.tar	27284992	41322	155187200	99742
2733	3982	AF-0000000211947607	shard_529_batch_0.tar	6941696	75214	440212992	399470
2733	4217	AF-0000000211947624	shard_511_batch_0.tar	38390784	69103	329374720	317812
2733	4528	AF-0000000211947655	shard_483_batch_1.tar	2355712	55663	144262144	198899
2733	4529	AF-0000000211947656	shard_485_batch_1.tar	24694784	56304	266714112	191212
2733	4560	AF-0000000211947657	shard_465_batch_1.tar	8636928	43571	128667136	113673
2733	4692	AF-0000000211947663	shard_721_batch_0.tar	144648704	139209	952914944	1542182
2733	4847	AF-0000000211947672	shard_469_batch_1.tar	15013888	47516	119279616	135940
2733	5139	AF-0000000211947692	shard_471_batch_1.tar	22456320	47956	217061888	142167
2739	3649	AF-0000000211947787	shard_621_batch_1.tar	103830016	107544	827555840	808730
2739	3819	AF-0000000211947788	shard_657_batch_0.tar	91070464	118360	490394112	1036508
2739	4378	AF-0000000211947799	shard_777_batch_0.tar	78038016	178200	1504898048	2318486
2739	4772	AF-0000000211947811	shard_803_batch_0.tar	65405440	195677	1985816576	2888176
2739	4887	AF-0000000211947815	shard_683_batch_0.tar	90520064	131203	868907008	1284428
2739	5164	AF-0000000211947826	shard_725_batch_0.tar	23593472	149795	1819041792	1661285
2743	3719	AF-0000000211947871	shard_739_batch_0.tar	39780352	156630	1155558400	1795300
2743	3874	AF-0000000211947872	shard_719_batch_0.tar	52014080	145739	697361408	1547366
2743	4180	AF-0000000211947873	shard_765_batch_0.tar	113096704	170172	2167781376	2216033
2743	4270	AF-0000000211947874	shard_813_batch_0.tar	192184832	210848	1485175296	3229188
2745	3930	AF-0000000211947910	shard_845_batch_0.tar	232203776	248034	3739081216	4313731
2745	4217	AF-0000000211947917	shard_633_batch_1.tar	44866048	111234	222545408	870319
2745	4294	AF-0000000211947922	shard_851_batch_0.tar	89910784	249993	3678983680	4379796
2746	2774	AF-0000000211947942	shard_469_batch_1.tar	15592448	46877	190998528	141521
2746	4341	AF-0000000211947953	shard_675_batch_1.tar	63138816	124183	318252032	1047510
2746	4380	AF-0000000211947954	shard_461_batch_2.tar	39654912	39594	110817280	92581
2746	4471	AF-0000000211947955	shard_645_batch_1.tar	45299200	113480	1129309696	972482
2746	5218	AF-0000000211947966	shard_605_batch_1.tar	33167360	98690	881209344	724784
2746	5242	AF-0000000211947969	shard_517_batch_1.tar	8842240	68590	340275712	338949
2747	4538	AF-0000000211947970	shard_787_batch_0.tar	98504704	177123	1990653952	2481897
2748	2750	AF-0000000211947971	shard_819_batch_0.tar	31138304	205681	645196800	3123280
2748	2990	AF-0000000211947990	shard_789_batch_0.tar	130288640	184444	2356266496	2577587
2748	3103	AF-0000000211948000	shard_549_batch_1.tar	27656192	84050	505770496	480860
2748	3106	AF-0000000211948001	shard_739_batch_0.tar	77433856	152051	522155520	1632370
2748	3126	AF-0000000211948005	shard_507_batch_1.tar	61693952	67792	237177344	296328
2748	3229	AF-0000000211948013	shard_695_batch_0.tar	100345344	134424	462441472	1277738
2748	3371	AF-0000000211948025	shard_741_batch_0.tar	92000768	155924	1218727424	1730602
2748	3500	AF-0000000211948036	shard_825_batch_0.tar	112710656	212445	679595520	3474479
2748	3526	AF-0000000211948037	shard_651_batch_0.tar	11718656	111734	1183916032	949895
2748	3582	AF-0000000211948043	shard_741_batch_0.tar	108876800	157562	1559687680	1836213
2748	3598	AF-0000000211948045	shard_625_batch_1.tar	51044352	105944	773103104	826296
2748	3762	AF-0000000211948065	shard_499_batch_1.tar	53100032	65450	213234176	274814
2748	3851	AF-0000000211948071	shard_547_batch_1.tar	52302848	81649	379390464	454054
2748	3877	AF-0000000211948075	shard_755_batch_0.tar	103633920	165829	1756447232	2023263
2748	3951	AF-0000000211948083	shard_625_batch_1.tar	108891136	109984	510335488	836830
2748	3974	AF-0000000211948085	shard_617_batch_1.tar	2693632	104029	513516032	764065
2748	3994	AF-0000000211948088	shard_601_batch_1.tar	79427584	95645	900654592	663415
2748	4000	AF-0000000211948089	shard_617_batch_1.tar	6892032	103829	870414336	798324
2748	4034	AF-0000000211948090	shard_755_batch_0.tar	37619712	157944	342435328	1782244
2748	4097	AF-0000000211948100	shard_593_batch_1.tar	62856704	99126	389067776	679958
2748	4145	AF-0000000211948104	shard_757_batch_0.tar	51449344	162339	384942080	2132934
2748	4246	AF-0000000211948110	shard_795_batch_0.tar	123201536	192248	2832888320	2611563
2748	4595	AF-0000000211948151	shard_685_batch_0.tar	44443136	131397	1319627776	1154562
2748	4611	AF-0000000211948153	shard_749_batch_0.tar	49470464	158071	2137710592	1726872
2748	4726	AF-0000000211948165	shard_549_batch_1.tar	64332800	83631	568559104	479998
2748	4805	AF-0000000211948175	shard_823_batch_0.tar	91495936	216625	1452063232	3284938
2748	4848	AF-0000000211948178	shard_631_batch_1.tar	35463680	112736	624672768	874135
2748	4895	AF-0000000211948184	shard_487_batch_1.tar	21372416	58291	283697152	211591
2748	4950	AF-0000000211948192	shard_835_batch_0.tar	82488832	233044	1303523840	3844120
2748	5016	AF-0000000211948197	shard_653_batch_0.tar	109711872	118923	788181504	1009240
2748	5033	AF-0000000211948200	shard_789_batch_0.tar	172544000	187782	2492658176	2561236
2748	5041	AF-0000000211948202	shard_547_batch_1.tar	80177152	81820	322048000	465104
2748	5057	AF-0000000211948204	shard_603_batch_1.tar	27570688	100925	375639040	717434
2748	5133	AF-0000000211948213	shard_757_batch_0.tar	159789568	162243	1749935616	2077640
2748	5159	AF-0000000211948217	shard_581_batch_1.tar	67256832	91043	498113024	595830
2748	5284	AF-0000000211948228	shard_721_batch_0.tar	76158464	144234	1129837056	1536943
2749	4522	AF-0000000211948239	shard_877_batch_0.tar	226627584	351715	2787479552	10147069
2750	3061	AF-0000000211948241	shard_805_batch_0.tar	149703680	194426	1059604992	2768672
2750	3126	AF-0000000211948242	shard_829_batch_0.tar	187152384	218446	1421263872	3488200
2750	3319	AF-0000000211948243	shard_817_batch_0.tar	163176448	205516	3245588480	3062325
2750	3946	AF-0000000211948247	shard_821_batch_0.tar	8410624	207876	1690639872	3164049
2750	3994	AF-0000000211948248	shard_853_batch_0.tar	86990336	246335	2618848256	4528820
2750	4353	AF-0000000211948251	shard_869_batch_0.tar	90448896	295615	2949735936	6033067
2750	4562	AF-0000000211948252	shard_829_batch_0.tar	74350592	216386	1058984448	3417923
2750	4725	AF-0000000211948253	shard_825_batch_0.tar	117569536	212193	1473110528	3324684
2753	3231	AF-0000000211948261	shard_813_batch_0.tar	111306240	199821	1009495552	3251488
2753	3269	AF-0000000211948262	shard_795_batch_0.tar	13444096	186566	717984256	2798479
2753	3494	AF-0000000211948264	shard_807_batch_0.tar	103687680	197839	3077739520	3139397
2753	5142	AF-0000000211948266	shard_819_batch_0.tar	10032128	208223	3082962944	3456059
2755	3930	AF-0000000211948306	shard_859_batch_0.tar	90264064	270457	700660736	5223360
2755	4180	AF-0000000211948312	shard_783_batch_0.tar	59091456	179491	1461057536	2515793
2755	4353	AF-0000000211948318	shard_813_batch_0.tar	49901056	210893	2539618816	3226971
2758	3335	AF-0000000211948383	shard_751_batch_0.tar	135480832	158964	1881945088	1839630
2763	3590	AF-0000000211948397	shard_741_batch_0.tar	61879808	155810	517457920	1866151
2764	3705	AF-0000000211948407	shard_765_batch_0.tar	162406912	166103	1536956416	2188153
2764	5112	AF-0000000211948412	shard_763_batch_0.tar	159877120	166082	1685074432	2132320
2765	3138	AF-0000000211948421	shard_685_batch_0.tar	31471616	130718	1430662144	1252788
2765	3345	AF-0000000211948424	shard_715_batch_0.tar	119558656	144359	847548928	1519566
2765	3461	AF-0000000211948427	shard_623_batch_1.tar	72342016	108855	527990272	844861
2765	4436	AF-0000000211948447	shard_717_batch_0.tar	121682432	144688	1478857216	1584770
2766	4409	AF-0000000211948468	shard_527_batch_0.tar	4366848	75899	509172224	395997
2766	4931	AF-0000000211948471	shard_831_batch_0.tar	187581952	228963	521212928	3824221
2766	5040	AF-0000000211948472	shard_517_batch_1.tar	21749760	72936	190170624	361432
2770	3070	AF-0000000211948518	shard_737_batch_0.tar	46488064	152833	1102606848	1714590
2770	3294	AF-0000000211948521	shard_845_batch_0.tar	228043264	239621	3317978112	4169203
2770	4763	AF-0000000211948549	shard_839_batch_0.tar	229717504	233982	1629932544	4025846
2772	2906	AF-0000000211948563	shard_683_batch_0.tar	84725760	129107	342980096	1277463
2772	3084	AF-0000000211948568	shard_595_batch_0.tar	92952064	98954	415102464	693418
2772	3611	AF-0000000211948578	shard_591_batch_0.tar	96556032	94349	738852864	649090
2772	4079	AF-0000000211948584	shard_697_batch_0.tar	121966592	134455	1025454080	1360405
2772	4167	AF-0000000211948586	shard_771_batch_0.tar	80054272	175249	1290553344	2304281
2772	4270	AF-0000000211948588	shard_735_batch_0.tar	123332608	156481	841955840	1768696
2772	4826	AF-0000000211948600	shard_805_batch_0.tar	194928640	198908	666762752	2880750
2772	4937	AF-0000000211948603	shard_743_batch_0.tar	152162816	158743	1721373696	1843670
2772	5140	AF-0000000211948610	shard_811_batch_0.tar	128866304	204564	964965888	3211371
2774	4202	AF-0000000211948618	shard_513_batch_1.tar	42309632	69082	398161920	328163
2776	3081	AF-0000000211948632	shard_635_batch_0.tar	69818368	110059	591082496	841022
2776	3189	AF-0000000211948637	shard_595_batch_1.tar	21820416	94653	509389312	667149
2776	3491	AF-0000000211948649	shard_699_batch_0.tar	136361472	134652	552751104	1279799
2778	3320	AF-0000000211948707	shard_767_batch_0.tar	11773952	167836	1054133760	2188610
2778	3369	AF-0000000211948708	shard_761_batch_0.tar	141528064	162438	1240509952	1942739
2778	3611	AF-0000000211948711	shard_747_batch_0.tar	111237120	155392	1950782464	1719869
2778	3649	AF-0000000211948712	shard_679_batch_0.tar	73368064	127155	1035934720	1139667
2778	4378	AF-0000000211948723	shard_805_batch_0.tar	181861888	197104	2194577408	2792207
2778	4398	AF-0000000211948724	shard_863_batch_0.tar	98186240	272848	5435495424	5751411
2778	4887	AF-0000000211948739	shard_731_batch_0.tar	54213632	149439	1896716800	1639966
2778	5100	AF-0000000211948745	shard_745_batch_0.tar	100995072	155029	609229312	1758584
2779	3145	AF-0000000211948752	shard_489_batch_1.tar	54408192	58046	293104640	224548
2783	4353	AF-0000000211948782	shard_805_batch_0.tar	66041856	199175	1935289856	2850542
2784	3765	AF-0000000211948793	shard_877_batch_0.tar	228729856	352408	4315918848	8912668
2784	4215	AF-0000000211948795	shard_871_batch_0.tar	13127680	305062	6649507840	6517902
2784	4620	AF-0000000211948799	shard_875_batch_0.tar	280010752	318711	7826801152	7257291
2784	5096	AF-0000000211948808	shard_855_batch_0.tar	122105344	254239	936374272	4661001
2786	3858	AF-0000000211948815	shard_791_batch_0.tar	61551616	191756	2033353728	2734010
2790	2802	AF-0000000211948835	shard_865_batch_0.tar	62936576	272878	4304637440	5682021
2790	4685	AF-0000000211948841	shard_815_batch_0.tar	123537408	203486	3513821696	3068630
2791	2826	AF-0000000211948846	shard_723_batch_0.tar	44248576	144802	1707827200	1477802
2791	3020	AF-0000000211948859	shard_637_batch_0.tar	100721664	112256	941998592	871931
2791	3024	AF-0000000211948860	shard_631_batch_0.tar	51451904	110395	272682496	849183
2791	3409	AF-0000000211948889	shard_603_batch_1.tar	46709760	100715	797055488	705697
2791	3762	AF-0000000211948911	shard_581_batch_0.tar	13727232	93046	417626112	622978
2791	3982	AF-0000000211948927	shard_615_batch_0.tar	84343808	103153	785122304	782769
2791	4529	AF-0000000211948972	shard_559_batch_0.tar	38787584	84919	410568704	509496
2791	4899	AF-0000000211948994	shard_599_batch_0.tar	52339200	98802	466352640	686603
2791	4936	AF-0000000211948999	shard_649_batch_0.tar	103711744	115996	1150076416	963455
2791	5139	AF-0000000211949013	shard_535_batch_0.tar	49405440	76409	266645504	394391
2796	4827	AF-0000000211949067	shard_871_batch_0.tar	101432832	307265	5177333248	6734090
2799	3414	AF-0000000211949072	shard_757_batch_0.tar	44304384	168105	1823338496	1916416
2799	4608	AF-0000000211949073	shard_621_batch_1.tar	22273536	105079	358449152	761908
2801	3948	AF-0000000211949107	shard_845_batch_0.tar	73432576	240512	4116539904	4280007
2801	4680	AF-0000000211949121	shard_839_batch_0.tar	220925952	236568	2023798272	4178602
2804	3832	AF-0000000211949147	shard_563_batch_1.tar	30475264	85688	278355968	528386
2804	4123	AF-0000000211949149	shard_555_batch_1.tar	4430336	82518	339771904	514326
2806	2924	AF-0000000211949154	shard_697_batch_0.tar	91171328	134949	623049216	1301237
2806	3847	AF-0000000211949163	shard_699_batch_0.tar	51735040	135317	837241344	1319600
2806	4442	AF-0000000211949174	shard_865_batch_0.tar	284596736	279545	5307221504	5444328
2807	4742	AF-0000000211949190	shard_861_batch_0.tar	247429632	276294	5063724544	5408465
2808	3595	AF-0000000211949202	shard_691_batch_0.tar	101774848	131074	958964224	1277013
2808	4917	AF-0000000211949220	shard_649_batch_0.tar	7423488	117250	1093617152	976262
2810	3954	AF-0000000211949250	shard_793_batch_0.tar	4595200	180590	2814055424	2627095
2810	4230	AF-0000000211949257	shard_751_batch_0.tar	139389952	157080	370809856	1969825
2810	4693	AF-0000000211949267	shard_599_batch_1.tar	47483904	99085	669003264	714917
2810	5074	AF-0000000211949275	shard_561_batch_1.tar	45683712	85284	643822592	534459
2812	3692	AF-0000000211949295	shard_875_batch_0.tar	194916864	323863	5756759040	7530061
2813	4399	AF-0000000211949345	shard_775_batch_0.tar	82311168	172651	1962525184	2260894
2813	4581	AF-0000000211949350	shard_531_batch_1.tar	9741312	72864	312897536	409512
2815	3068	AF-0000000211949386	shard_547_batch_1.tar	34058240	78879	446341120	474320
2817	3070	AF-0000000211949390	shard_805_batch_0.tar	5444608	193392	516387328	2702488
2817	3189	AF-0000000211949391	shard_795_batch_0.tar	68780032	182610	2470146048	2458361
2817	3470	AF-0000000211949395	shard_815_batch_0.tar	102959616	196815	1194253824	2884100
2817	4883	AF-0000000211949404	shard_873_batch_0.tar	138458112	312555	2240173056	6947662
2817	4929	AF-0000000211949406	shard_859_batch_0.tar	92142080	262606	4533692416	5052962
2817	4961	AF-0000000211949407	shard_819_batch_0.tar	199212544	204088	3502896128	3074127
2817	5162	AF-0000000211949408	shard_833_batch_0.tar	208171008	218578	2169356800	3643115
2818	3461	AF-0000000211949417	shard_537_batch_1.tar	11134976	79164	242739712	423773
2818	4104	AF-0000000211949422	shard_619_batch_0.tar	77591040	105203	259189248	787103
2821	4624	AF-0000000211949444	shard_863_batch_0.tar	94848000	279119	4647232000	5866727
2822	3838	AF-0000000211949445	shard_783_batch_0.tar	44210688	180548	2528015360	2418476
2824	2931	AF-0000000211949448	shard_777_batch_0.tar	113491968	174093	1179961856	2174071
2824	3395	AF-0000000211949456	shard_585_batch_1.tar	3189248	92463	659460608	604174
2824	3876	AF-0000000211949459	shard_575_batch_0.tar	61138432	91880	288203264	546696
2825	4953	AF-0000000211949473	shard_703_batch_0.tar	78985728	134659	1356326400	1334639
2826	3011	AF-0000000211949482	shard_637_batch_0.tar	49999872	112212	968259072	842589
2826	3024	AF-0000000211949483	shard_713_batch_0.tar	56999424	143314	527985152	1449433
2826	3059	AF-0000000211949485	shard_609_batch_1.tar	29879296	102476	822269952	690997
2826	3409	AF-0000000211949498	shard_691_batch_0.tar	78458880	133699	954007040	1255634
2826	3461	AF-0000000211949500	shard_633_batch_1.tar	40344576	111403	255544320	877125
2826	3591	AF-0000000211949505	shard_705_batch_0.tar	122780672	137725	1236004864	1402799
2826	3758	AF-0000000211949511	shard_611_batch_1.tar	61220352	102886	339258880	700399
2826	3816	AF-0000000211949514	shard_775_batch_0.tar	77454848	177890	1336403968	2241585
2826	4138	AF-0000000211949529	shard_635_batch_0.tar	6453248	111588	991512064	852123
2826	4144	AF-0000000211949530	shard_721_batch_0.tar	19371008	145383	505348608	1544023
2826	4481	AF-0000000211949543	shard_839_batch_0.tar	48647680	235641	2648647168	3787830
2826	4693	AF-0000000211949550	shard_671_batch_0.tar	13431808	126504	713844224	1086433
2826	5108	AF-0000000211949564	shard_667_batch_0.tar	77434368	122208	578013184	1037920
2827	4732	AF-0000000211949582	shard_879_batch_0.tar	240140288	418031	4208990720	13161282
2827	4777	AF-0000000211949583	shard_877_batch_0.tar	319019008	337371	5085032448	8423393
2828	3412	AF-0000000211949592	shard_517_batch_1.tar	20886528	69357	326294016	340452
2828	4877	AF-0000000211949615	shard_851_batch_0.tar	181462528	241663	4183154688	4341785
2830	2909	AF-0000000211949632	shard_599_batch_1.tar	64647680	92392	203842560	669277
2830	2971	AF-0000000211949634	shard_711_batch_0.tar	58083840	134667	317716992	1345868
2830	3028	AF-0000000211949638	shard_747_batch_1.tar	80965632	150721	1201734144	1821320
2830	3061	AF-0000000211949641	shard_503_batch_1.tar	14934528	61016	334110720	271242
2830	3236	AF-0000000211949652	shard_655_batch_1.tar	102033920	112788	700860928	961563
2830	3655	AF-0000000211949674	shard_555_batch_1.tar	75822080	81075	569594368	484969
2830	3762	AF-0000000211949678	shard_561_batch_1.tar	22051840	83021	615663616	490242
2830	3994	AF-0000000211949693	shard_665_batch_1.tar	111511040	113449	907259904	1001233
2830	4353	AF-0000000211949709	shard_753_batch_0.tar	17204736	162276	535804928	1877577
2830	4393	AF-0000000211949712	shard_581_batch_1.tar	48710144	89455	219888640	581812
2830	4562	AF-0000000211949722	shard_565_batch_1.tar	85740032	83310	201835008	514932
2830	4917	AF-0000000211949736	shard_599_batch_1.tar	100467200	94541	482064896	657291
2830	4920	AF-0000000211949737	shard_557_batch_1.tar	86363648	82094	555009024	500700
2830	4925	AF-0000000211949739	shard_761_batch_0.tar	674304	162145	1732619264	2016879
2830	5036	AF-0000000211949747	shard_631_batch_1.tar	100174848	105767	775029248	853676
2833	4377	AF-0000000211949761	shard_589_batch_1.tar	59962368	95933	380207616	602811
2833	4593	AF-0000000211949763	shard_775_batch_0.tar	885248	176393	2282142208	2280166
2835	3835	AF-0000000211949799	shard_837_batch_0.tar	153026560	229474	3175976960	4220746
2835	4029	AF-0000000211949804	shard_849_batch_0.tar	155201024	249335	3622444032	4801464
2835	4791	AF-0000000211949819	shard_867_batch_0.tar	137285632	294019	561196544	6665947
2838	3305	AF-0000000211949851	shard_731_batch_0.tar	101908480	151845	1827947520	1682616
2839	3070	AF-0000000211949858	shard_689_batch_0.tar	84481024	132491	1184102912	1284049
2839	3262	AF-0000000211949863	shard_817_batch_0.tar	100335104	212801	3003909120	3234151
2839	4491	AF-0000000211949878	shard_775_batch_0.tar	36887040	177323	1469370880	2346131
2839	4714	AF-0000000211949879	shard_657_batch_1.tar	37145088	118355	953055744	1021518
2840	3877	AF-0000000211949889	shard_801_batch_0.tar	124180992	198199	2844585984	2869691
2841	4078	AF-0000000211949915	shard_499_batch_1.tar	38288896	63757	201757184	253295
2842	3099	AF-0000000211949943	shard_801_batch_0.tar	94351360	194737	1266509824	2739580
2842	4567	AF-0000000211949946	shard_837_batch_0.tar	193837568	229942	1772797952	3872808
2844	3414	AF-0000000211949953	shard_871_batch_0.tar	158857728	308455	4609806336	6226611
2844	3661	AF-0000000211949955	shard_879_batch_0.tar	11271168	379540	9965054464	9940715
2844	4487	AF-0000000211949959	shard_855_batch_0.tar	246858240	265695	4315845632	4926349
2844	4904	AF-0000000211949962	shard_877_batch_0.tar	231572480	370547	4139471872	9429891
2845	5226	AF-0000000211949992	shard_833_batch_0.tar	90063872	226649	1560957952	3955565
2849	4570	AF-0000000211950003	shard_731_batch_0.tar	25120256	149952	855877632	1704838
2849	4656	AF-0000000211950004	shard_779_batch_0.tar	170857984	175879	982375424	2433539
2852	2946	AF-0000000211950011	shard_865_batch_0.tar	58358272	274422	2343995904	5589291
2852	4367	AF-0000000211950020	shard_837_batch_0.tar	30306816	228850	3088898048	3801849
2852	4814	AF-0000000211950024	shard_819_batch_0.tar	39264768	207565	2715938816	3157195
2852	4987	AF-0000000211950028	shard_845_batch_0.tar	84238848	241078	1868365824	4381073
2855	3049	AF-0000000211950033	shard_683_batch_0.tar	130840576	125740	1234719744	1194377
2855	4270	AF-0000000211950038	shard_819_batch_0.tar	90735104	212950	3522161664	3327840
2857	3290	AF-0000000211950053	shard_841_batch_0.tar	92377088	230568	4558744064	4044604
2857	4620	AF-0000000211950059	shard_859_batch_0.tar	200474112	256584	5745504768	4872567
2859	3758	AF-0000000211950086	shard_529_batch_0.tar	26728960	75345	467451392	383319
2859	5108	AF-0000000211950124	shard_585_batch_0.tar	26996224	94313	348226048	645421
2861	2908	AF-0000000211950157	shard_743_batch_0.tar	63806976	154044	1284866560	1813754
2861	3138	AF-0000000211950178	shard_633_batch_0.tar	18352640	109070	686686720	884403
2861	3461	AF-0000000211950204	shard_563_batch_0.tar	81175040	87111	616468992	544647
2861	3984	AF-0000000211950243	shard_703_batch_0.tar	8082944	134651	1485474304	1340703
2861	4072	AF-0000000211950253	shard_679_batch_0.tar	106519552	127652	1004255232	1226895
2861	4169	AF-0000000211950260	shard_843_batch_0.tar	28614656	233731	3121014784	4055817
2861	4529	AF-0000000211950289	shard_585_batch_0.tar	69516288	93750	341202432	647288
2861	4707	AF-0000000211950301	shard_583_batch_0.tar	51082752	94009	744131072	648507
2861	4988	AF-0000000211950320	shard_571_batch_0.tar	1846272	89267	657025536	586579
2861	5074	AF-0000000211950328	shard_567_batch_0.tar	77786624	88360	584019968	557105
2862	2924	AF-0000000211950344	shard_569_batch_1.tar	7027712	86255	690571776	556169
2862	3141	AF-0000000211950348	shard_829_batch_0.tar	157412352	221734	2951784960	3469863
2862	3553	AF-0000000211950352	shard_615_batch_1.tar	38692352	99531	609409536	733354
2862	3598	AF-0000000211950353	shard_671_batch_1.tar	28031488	119147	953186304	1080952
2862	3847	AF-0000000211950355	shard_571_batch_1.tar	39149056	86461	613039104	571279
2862	4247	AF-0000000211950361	shard_661_batch_1.tar	63072256	118579	721532928	1043082
2862	4526	AF-0000000211950364	shard_587_batch_1.tar	32173568	92338	265245696	636520
2862	5073	AF-0000000211950371	shard_773_batch_0.tar	1941504	165296	967782912	2087522
2866	3779	AF-0000000211950395	shard_597_batch_1.tar	7880192	99865	598148096	674839
2874	5203	AF-0000000211950484	shard_771_batch_0.tar	108440576	162008	1388712960	2080121
2875	3092	AF-0000000211950486	shard_813_batch_0.tar	80257024	198127	2128735232	3087487
2876	4992	AF-0000000211950507	shard_501_batch_1.tar	49953280	64160	243414016	277275
2877	2910	AF-0000000211950510	shard_719_batch_0.tar	63213056	142866	466152448	1620835
2880	3283	AF-0000000211950515	shard_521_batch_1.tar	15857664	71163	413500928	345661
2881	4032	AF-0000000211950521	shard_459_batch_2.tar	4179968	36775	108957696	69874
2881	4519	AF-0000000211950522	shard_707_batch_0.tar	126130176	137006	1002435584	1487054
2883	3474	AF-0000000211950539	shard_527_batch_1.tar	10471424	73589	448574464	379970
2883	3558	AF-0000000211950541	shard_1105_batch_0.tar	31021056	75119	151022080	395170
2883	4528	AF-0000000211950566	shard_539_batch_1.tar	70324224	77599	250287104	427738
2886	3395	AF-0000000211950601	shard_479_batch_1.tar	48385024	52875	220438528	190790
2886	4261	AF-0000000211950626	shard_457_batch_3.tar	7465472	32600	89250816	58819
2886	4457	AF-0000000211950632	shard_457_batch_3.tar	27556352	32403	82796032	51489
2886	4929	AF-0000000211950647	shard_721_batch_0.tar	60205568	144730	1348982272	1532110
2889	4185	AF-0000000211950672	shard_631_batch_1.tar	11241984	108319	613363200	899584
2892	3001	AF-0000000211950680	shard_789_batch_0.tar	57369088	184915	1109198336	2594949
2892	4932	AF-0000000211950684	shard_737_batch_0.tar	126818304	151380	478828544	1688091
2893	4879	AF-0000000211950697	shard_723_batch_0.tar	17544192	143792	1777925120	1525654
2896	3275	AF-0000000211950746	shard_739_batch_0.tar	5304832	154814	1872155648	1774432
2897	4845	AF-0000000211950772	shard_651_batch_0.tar	2990592	119748	854891520	953313
2901	3291	AF-0000000211950784	shard_797_batch_0.tar	130099200	185793	623343104	2691405
2901	3333	AF-0000000211950787	shard_821_batch_0.tar	44859904	206523	3658473984	3439849
2901	3611	AF-0000000211950790	shard_813_batch_0.tar	51168768	196868	2847521280	2984105
2901	4965	AF-0000000211950811	shard_809_batch_0.tar	155261440	196907	2335775232	2970378
2901	5122	AF-0000000211950813	shard_797_batch_0.tar	166285824	184159	2362591232	2692710
2905	4066	AF-0000000211950848	shard_661_batch_0.tar	53882880	117803	310152704	1058801
2905	4353	AF-0000000211950850	shard_725_batch_0.tar	141321728	151785	922122240	1583229
2905	4847	AF-0000000211950857	shard_481_batch_1.tar	26224640	54583	253890048	191437
2908	4917	AF-0000000211950924	shard_707_batch_0.tar	4958208	138611	1552575488	1386011
2909	3024	AF-0000000211950939	shard_607_batch_1.tar	42775552	101240	443989504	746934
2909	3059	AF-0000000211950942	shard_497_batch_1.tar	45087232	59693	220797440	252704
2909	3474	AF-0000000211950952	shard_523_batch_1.tar	1200128	70659	501036032	358582
2909	3655	AF-0000000211950956	shard_553_batch_1.tar	3660288	82423	357936640	499712
2909	3758	AF-0000000211950958	shard_497_batch_1.tar	33955840	60359	198974464	258355
2909	4047	AF-0000000211950967	shard_527_batch_1.tar	36733440	72840	493143552	377252
2909	4056	AF-0000000211950968	shard_529_batch_1.tar	75710464	74165	440953856	400180
2909	4217	AF-0000000211950972	shard_569_batch_1.tar	74318848	87966	207357440	561006
2909	4692	AF-0000000211950984	shard_761_batch_0.tar	122622976	157920	366515712	2060234
2909	5139	AF-0000000211950999	shard_513_batch_1.tar	9898496	66813	317593088	322795
2912	3039	AF-0000000211951005	shard_659_batch_1.tar	13005312	117407	460788736	977448
2912	3094	AF-0000000211951006	shard_859_batch_0.tar	89738752	262450	5724261888	5127514
2912	4822	AF-0000000211951009	shard_623_batch_1.tar	32335872	105396	342791680	806567
2913	3708	AF-0000000211951014	shard_827_batch_0.tar	201699328	221847	3312165376	3706568
2914	3610	AF-0000000211951016	shard_871_batch_0.tar	98347008	305244	5305881600	7152353
2915	3246	AF-0000000211951020	shard_595_batch_1.tar	98480640	95657	267137536	702997
2915	3880	AF-0000000211951025	shard_651_batch_1.tar	107136512	113163	940418048	1011966
2915	4663	AF-0000000211951040	shard_579_batch_1.tar	34324992	91105	734522880	605248
2916	3026	AF-0000000211951054	shard_739_batch_0.tar	8124416	153172	1256099840	1777334
2916	3734	AF-0000000211951061	shard_849_batch_0.tar	18136576	247468	1310541824	4611672
2916	4452	AF-0000000211951067	shard_749_batch_0.tar	3745280	157265	1546925568	1892266
2924	3141	AF-0000000211951124	shard_831_batch_0.tar	151497728	224164	2899961344	3606657
2924	3408	AF-0000000211951127	shard_775_batch_0.tar	52008448	172266	366865920	2282645
2924	3553	AF-0000000211951133	shard_619_batch_0.tar	47835648	102502	244040192	785556
2924	4442	AF-0000000211951155	shard_841_batch_0.tar	169256448	232994	1649713152	3976306
2924	4848	AF-0000000211951166	shard_681_batch_0.tar	122375168	129489	726134784	1247472
2929	3114	AF-0000000211951203	shard_519_batch_1.tar	55678464	74127	295805952	358561
2929	3150	AF-0000000211951205	shard_765_batch_0.tar	110889984	166419	2163480064	2178320
2929	3591	AF-0000000211951235	shard_597_batch_0.tar	29319168	100770	215744000	722289
2929	3762	AF-0000000211951246	shard_561_batch_0.tar	15590400	89637	407723008	529570
2929	3939	AF-0000000211951259	shard_547_batch_1.tar	25863680	84251	612118528	477637
2929	4047	AF-0000000211951268	shard_529_batch_0.tar	4716032	77587	385964032	398763
2929	4217	AF-0000000211951275	shard_573_batch_0.tar	46575104	93244	604033536	585588
2929	4988	AF-0000000211951324	shard_527_batch_1.tar	8561152	76004	175740416	384148
2929	5011	AF-0000000211951325	shard_563_batch_0.tar	63557632	91019	570258432	550576
2930	4848	AF-0000000211951398	shard_589_batch_0.tar	24481792	98334	749064704	663779
2931	4353	AF-0000000211951445	shard_837_batch_0.tar	214902784	234004	1757099520	3902251
2935	4242	AF-0000000211951485	shard_779_batch_0.tar	178235392	176972	1605464576	2377870
2936	4306	AF-0000000211951492	shard_697_batch_0.tar	19042304	133084	309060608	1216157
2936	4837	AF-0000000211951494	shard_701_batch_0.tar	106264576	138325	996022272	1320628
2941	5096	AF-0000000211951521	shard_829_batch_0.tar	120090624	219451	1083816448	3605494
2944	5156	AF-0000000211951566	shard_615_batch_0.tar	73891328	103271	521317376	774070
2946	3261	AF-0000000211951601	shard_865_batch_0.tar	276381696	273024	3097338880	5704786
2946	3275	AF-0000000211951602	shard_849_batch_0.tar	232377344	241932	2851201536	4540540
2946	3882	AF-0000000211951606	shard_845_batch_0.tar	134402560	240789	4732290048	4237547
2946	4789	AF-0000000211951610	shard_814_batch_4.tar	173082112	200886	3246593536	3021085
2946	4925	AF-0000000211951611	shard_856_batch_4.tar	180866560	258740	3362985472	5141175
2949	3847	AF-0000000211951628	shard_541_batch_1.tar	65092608	80470	451104768	459886
2949	3873	AF-0000000211951629	shard_857_batch_0.tar	116070912	269309	5385394688	5656211
2949	4072	AF-0000000211951631	shard_587_batch_1.tar	84143616	98009	359287808	659299
2949	4545	AF-0000000211951635	shard_733_batch_0.tar	71374848	147214	776282624	1617567
2949	5170	AF-0000000211951637	shard_647_batch_1.tar	12238848	111043	412352000	994729
2950	3474	AF-0000000211951641	shard_535_batch_1.tar	43200000	75076	454778368	398734
2950	5096	AF-0000000211951649	shard_607_batch_0.tar	12383744	98745	752724992	731062
2952	3154	AF-0000000211951668	shard_849_batch_0.tar	239192064	247448	1105795072	4640537
2952	4947	AF-0000000211951693	shard_819_batch_0.tar	81352704	211318	3651520512	3373590
2955	4624	AF-0000000211951729	shard_879_batch_0.tar	35844608	389684	2262866432	11532288
2965	3625	AF-0000000211951781	shard_803_batch_0.tar	598528	195055	2161474560	2858453
2971	3474	AF-0000000211951822	shard_647_batch_0.tar	82008576	113269	652041216	895431
2971	4339	AF-0000000211951872	shard_769_batch_0.tar	135506944	168598	1775207936	2169285
2971	4890	AF-0000000211951902	shard_759_batch_0.tar	62415872	161582	822804992	1937902
2971	4910	AF-0000000211951904	shard_721_batch_0.tar	105550848	140256	543985152	1513067
2971	5130	AF-0000000211951916	shard_641_batch_1.tar	7415808	111227	370029056	868484
2971	5164	AF-0000000211951919	shard_763_batch_0.tar	134347776	167470	1931616256	2053229
2972	3705	AF-0000000211951930	shard_691_batch_0.tar	57473024	132973	356530688	1308477
2974	3734	AF-0000000211951943	shard_839_batch_0.tar	75206144	231761	720310272	4043816
2975	4164	AF-0000000211951954	shard_647_batch_1.tar	79546368	117356	258423808	971212
2980	5021	AF-0000000211951979	shard_687_batch_0.tar	93510144	131313	1093779968	1194551
2981	4248	AF-0000000211951983	shard_689_batch_1.tar	37827584	131051	862823424	1224175
2984	5049	AF-0000000211951995	shard_831_batch_0.tar	17491456	216317	2881560576	3344637
2985	3233	AF-0000000211951997	shard_775_batch_0.tar	63394304	173357	1401577984	2164759
2985	4215	AF-0000000211952004	shard_833_batch_0.tar	11523584	227838	1635926528	3544297
2987	3409	AF-0000000211952023	shard_681_batch_1.tar	36295168	129898	772875264	1222668
2987	3982	AF-0000000211952029	shard_691_batch_0.tar	512	132642	758114304	1288207
2987	4693	AF-0000000211952038	shard_661_batch_0.tar	27151872	122217	434044928	1063541
2988	3397	AF-0000000211952047	shard_861_batch_0.tar	170883584	263958	2883403776	4909334
2988	3413	AF-0000000211952048	shard_671_batch_1.tar	13003776	122857	977784320	1004458
2988	4396	AF-0000000211952051	shard_669_batch_1.tar	77086208	121885	1087778816	1051850
2992	4247	AF-0000000211952096	shard_683_batch_1.tar	45049856	128071	807827456	1166072
2992	4791	AF-0000000211952103	shard_791_batch_0.tar	68370944	187662	2504545792	2718612
2994	3638	AF-0000000211952119	shard_825_batch_0.tar	44446720	219311	2714020864	3582144
2994	3718	AF-0000000211952121	shard_847_batch_0.tar	226525184	245536	4078777344	4471427
