a	b	entity	tar	cif_off	cif_len	pae_off	pae_len
2000	2741	AF-0000000203637220	shard_1648_batch_0.tar	116124672	117670	938944000	996600
2007	2722	AF-0000000204817102	shard_1629_batch_0.tar	83695616	112059	220333056	851857
2007	7256	AF-0000000204817100	shard_1525_batch_0.tar	43312640	85755	233018368	487399
2007	9855	AF-0000000204817104	shard_1233_batch_1.tar	93562368	219258	2756611072	3384689
2007	10376	AF-0000000204817105	shard_1423_batch_0.tar	29380096	48353	191032320	148888
2007	10720	AF-0000000204817103	shard_1613_batch_0.tar	9569280	107036	562112512	788323
2008	3211	AF-0000000205287333	shard_1469_batch_1.tar	25743872	67943	425363456	302106
2008	6978	AF-0000000210375771	shard_1459_batch_1.tar	22856192	63462	283942400	262711
2008	7376	AF-0000000205287331	shard_1459_batch_1.tar	49031680	64542	321697792	261824
2008	8923	AF-0000000205287332	shard_1461_batch_1.tar	47606272	65028	357623808	273195
2008	10041	AF-0000000205287337	shard_1471_batch_1.tar	5449216	68497	381049856	308286
2008	11091	AF-0000000205287336	shard_1437_batch_1.tar	12216832	55265	185374208	191526
2009	7702	AF-0000000205299762	shard_1795_batch_2.tar	44420096	166353	276748800	1856222
2010	4665	AF-0000000205300987	shard_1493_batch_1.tar	46389760	76176	487633408	408475
2010	7229	AF-0000000210375772	shard_1725_batch_2.tar	50446848	141063	157646848	1397047
2022	4887	AF-0000000210375786	shard_1631_batch_1.tar	73931264	116102	460631040	923333
2023	4887	AF-0000000210375791	shard_1711_batch_2.tar	36960256	140983	768039936	1283182
2024	6552	AF-0000000205288881	shard_1609_batch_1.tar	37342720	111389	608669184	835391
2024	6966	AF-0000000205288879	shard_1605_batch_1.tar	87076864	110257	593315840	814984
2024	7718	AF-0000000205288878	shard_1581_batch_1.tar	63798784	103169	510836224	715989
2025	6552	AF-0000000205329044	shard_1613_batch_1.tar	76085760	111997	416609792	844336
2025	6966	AF-0000000205329043	shard_1609_batch_1.tar	24306688	110475	973771776	829066
2025	7718	AF-0000000205329042	shard_1583_batch_1.tar	98890752	103878	356534272	732774
2026	6552	AF-0000000203510907	shard_1610_batch_0.tar	25695232	111525	812875776	843238
2026	6966	AF-0000000203510906	shard_1606_batch_0.tar	9657344	110142	543410176	825956
2026	7718	AF-0000000203510905	shard_1582_batch_0.tar	10988544	103583	297541120	729760
2031	2130	AF-0000000203737296	shard_1878_batch_0.tar	3681280	207496	3161530880	3070780
2031	3381	AF-0000000203737364	shard_1652_batch_0.tar	43590656	120690	1088966144	1065727
2031	3640	AF-0000000203737307	shard_1624_batch_0.tar	55320576	111946	320021504	938652
2031	5879	AF-0000000203737298	shard_1614_batch_0.tar	33900032	109813	259928576	867182
2031	8749	AF-0000000203737301	shard_1668_batch_0.tar	78965760	125416	688941568	1173453
2031	8798	AF-0000000203737293	shard_1688_batch_0.tar	83929088	130150	1107884032	1256531
2031	10733	AF-0000000203737310	shard_1530_batch_0.tar	39111680	87854	638443008	550392
2032	4974	AF-0000000203625998	shard_1614_batch_0.tar	31029248	111989	357638144	859107
2035	2197	AF-0000000210375804	shard_1750_batch_0.tar	135141376	151881	1495037440	1655339
2040	7475	AF-0000000205306552	shard_1709_batch_2.tar	53322240	137181	646221312	1304654
2045	4875	AF-0000000205284794	shard_1741_batch_1.tar	145762304	148312	1390945280	1563565
2045	5046	AF-0000000210375842	shard_1825_batch_2.tar	80345088	175826	898097152	2253639
2047	2761	AF-0000000204372404	shard_1518_batch_1.tar	6701568	84241	382236672	488530
2047	3304	AF-0000000204372351	shard_1540_batch_1.tar	25722368	90243	628368384	572294
2047	4004	AF-0000000204372318	shard_1526_batch_2.tar	9268736	85856	137502720	523815
2047	4064	AF-0000000204372360	shard_1506_batch_1.tar	74286080	80747	191622144	449788
2047	4316	AF-0000000204372407	shard_1502_batch_1.tar	64735744	79178	173414912	436246
2047	4446	AF-0000000204372583	shard_1768_batch_2.tar	65174016	155162	505504256	1797560
2047	5575	AF-0000000204372610	shard_1510_batch_1.tar	79814144	80675	549697024	459410
2047	6610	AF-0000000204372319	shard_1526_batch_2.tar	19572224	86147	214445568	520074
2047	6743	AF-0000000204372311	shard_1742_batch_2.tar	16507904	148372	581657088	1558069
2047	7099	AF-0000000204372357	shard_1508_batch_1.tar	21604864	80150	259468800	447956
2047	8831	AF-0000000204372558	shard_1528_batch_1.tar	54859264	86927	344540160	530693
2047	10418	AF-0000000204372534	shard_1672_batch_2.tar	22871040	128532	359694336	1131209
2047	10756	AF-0000000204372397	shard_1624_batch_2.tar	51382784	113950	276670976	919036
2048	5702	AF-0000000210375864	shard_1512_batch_1.tar	59912192	82210	182192640	428757
2055	2624	AF-0000000205270676	shard_1257_batch_2.tar	57321984	230125	676097536	4146054
2055	2736	AF-0000000205270680	shard_1251_batch_2.tar	38671872	227794	1820784128	3947367
2055	2965	AF-0000000205270674	shard_1285_batch_2.tar	9990656	254802	1795658752	5035932
2055	9263	AF-0000000205270679	shard_1257_batch_2.tar	102877696	230836	2055447552	4162070
2055	10112	AF-0000000210375873	shard_1279_batch_2.tar	106640896	250963	424175104	4855775
2055	10231	AF-0000000205270677	shard_1283_batch_2.tar	30375936	254658	1008390144	4989693
2056	8661	AF-0000000205312297	shard_1429_batch_1.tar	11034112	52437	172633088	139768
2057	2377	AF-0000000205309950	shard_1663_batch_1.tar	61634048	124144	412606976	1021937
2057	4138	AF-0000000205309931	shard_1713_batch_2.tar	45465600	138614	404100608	1353508
2057	6851	AF-0000000205309930	shard_1237_batch_2.tar	82387968	216044	885880320	3149329
2057	9515	AF-0000000205309992	shard_1449_batch_1.tar	50292736	60358	131207168	218542
2057	9649	AF-0000000205309925	shard_1413_batch_1.tar	10710016	41613	167382016	97934
2058	3267	AF-0000000205270048	shard_1709_batch_1.tar	74763264	136227	787514880	1346133
2058	3698	AF-0000000205270029	shard_1709_batch_1.tar	121921024	135958	1091110912	1348594
2058	3699	AF-0000000210375892	shard_1709_batch_1.tar	4252672	136087	728436224	1359304
2058	3704	AF-0000000205270030	shard_1709_batch_1.tar	136240640	136164	351719936	1345624
2058	3705	AF-0000000205270031	shard_1709_batch_1.tar	91772416	136014	1368849408	1344653
2058	9854	AF-0000000205270041	shard_1709_batch_1.tar	132794880	136686	1427643904	1333191
2059	4704	AF-0000000205291989	shard_1519_batch_1.tar	24634368	81535	299177472	460396
2059	6185	AF-0000000205292026	shard_1829_batch_2.tar	74427904	183155	400304128	2259464
2059	6846	AF-0000000205292038	shard_1543_batch_1.tar	54804480	90557	415672832	549946
2059	6847	AF-0000000205292036	shard_1549_batch_1.tar	36499968	92810	341657600	564115
2059	8656	AF-0000000205291986	shard_1691_batch_1.tar	28853760	134420	1024821248	1188030
2059	9659	AF-0000000205292041	shard_1591_batch_1.tar	75847168	103363	291956736	736154
2061	3284	AF-0000000203868971	shard_1616_batch_1.tar	67530752	109294	418958848	869573
2061	4992	AF-0000000203868977	shard_1700_batch_1.tar	106793472	134617	1021182976	1302324
2061	10354	AF-0000000203868979	shard_1500_batch_0.tar	26779648	78906	200901632	419582
2062	3350	AF-0000000204685876	shard_1775_batch_0.tar	151626752	159761	919560192	1741511
2062	3568	AF-0000000204685848	shard_1665_batch_0.tar	31901696	125063	1118253056	1095974
2062	7513	AF-0000000204685893	shard_1697_batch_0.tar	70743552	137770	632848384	1256355
2062	7545	AF-0000000204685897	shard_1751_batch_0.tar	135051776	151800	540315136	1645316
2062	7614	AF-0000000204685898	shard_1725_batch_0.tar	23249920	145437	1617887744	1354071
2062	8812	AF-0000000210375911	shard_1637_batch_0.tar	53499392	119972	838621184	977854
2062	9194	AF-0000000204685852	shard_1627_batch_0.tar	103559168	117075	1041106944	908101
2062	9274	AF-0000000204685885	shard_1685_batch_0.tar	116143104	133963	430466560	1185476
2062	9409	AF-0000000204685943	shard_1709_batch_0.tar	125785600	141169	669982208	1413356
2062	10361	AF-0000000204685919	shard_1273_batch_0.tar	141982720	246750	737631744	4238544
2065	10334	AF-0000000210375928	shard_1672_batch_0.tar	28847104	123933	512553984	1079695
2068	8298	AF-0000000204125561	shard_1764_batch_2.tar	31819264	155020	317960192	1694311
2068	8954	AF-0000000204125559	shard_1666_batch_1.tar	60788736	124903	968274432	1072805
2068	9565	AF-0000000204125549	shard_1604_batch_1.tar	35649024	106447	806684672	793012
2068	9569	AF-0000000204125567	shard_1258_batch_2.tar	11860480	234617	754624000	3973075
2068	9866	AF-0000000204125568	shard_1254_batch_2.tar	56947712	229852	1539187712	3733140
2068	9868	AF-0000000204125571	shard_1492_batch_1.tar	46581760	75740	526755840	386332
2071	4822	AF-0000000205326988	shard_1505_batch_1.tar	40388096	80141	273277440	423276
2071	6240	AF-0000000205327002	shard_1865_batch_2.tar	44599296	197243	551489024	2743271
2073	3776	AF-0000000210375952	shard_1787_batch_2.tar	29388288	164651	606867968	2011949
2084	9886	AF-0000000205310013	shard_1637_batch_1.tar	25644544	116273	777911808	943708
2087	4025	AF-0000000204753107	shard_1441_batch_0.tar	7354880	57433	196312576	196335
2087	9849	AF-0000000204753109	shard_1443_batch_0.tar	1354752	58801	152141312	203370
2091	9297	AF-0000000205280489	shard_1601_batch_1.tar	19649536	105868	684938240	792981
2093	9226	AF-0000000210376059	shard_1699_batch_0.tar	24747008	135692	1242798080	1345065
2093	9456	AF-0000000210376060	shard_1699_batch_0.tar	103275520	135041	679531520	1331165
2097	2900	AF-0000000210376071	shard_1810_batch_0.tar	159224832	172849	1612324864	2168418
2097	4451	AF-0000000203484305	shard_1678_batch_0.tar	119567872	129219	786578944	1167405
2097	9588	AF-0000000203484314	shard_1722_batch_0.tar	98237952	141425	602496000	1420683
2098	3882	AF-0000000205296843	shard_1569_batch_1.tar	8704000	99458	191225856	678845
2098	4372	AF-0000000210376080	shard_1453_batch_1.tar	41533952	61864	337488896	260811
2098	8076	AF-0000000205296908	shard_1455_batch_1.tar	9349632	63400	345733120	265214
2098	8854	AF-0000000205296926	shard_1471_batch_1.tar	62835712	70761	209615360	321007
2098	9493	AF-0000000205296903	shard_1547_batch_1.tar	11542528	90562	574795264	581183
2098	9527	AF-0000000205296937	shard_1465_batch_1.tar	42935808	68431	368834560	300699
2098	10915	AF-0000000205296857	shard_1451_batch_1.tar	31688192	61962	150251520	248071
2102	5242	AF-0000000210376086	shard_1253_batch_2.tar	37506560	233989	1309353984	4048218
2102	9243	AF-0000000205271655	shard_1669_batch_1.tar	110094336	126808	970941952	1130686
2104	3049	AF-0000000205275408	shard_1233_batch_2.tar	81877504	210844	311848960	3035974
2104	4085	AF-0000000205275397	shard_1887_batch_2.tar	38519808	202584	824821248	3041354
2104	6126	AF-0000000205275432	shard_1869_batch_2.tar	87208960	197159	194435072	2759855
2104	6175	AF-0000000210376090	shard_1691_batch_1.tar	120734208	132931	851557888	1170980
2104	10340	AF-0000000205275430	shard_1855_batch_2.tar	31482880	190828	1108587520	2554093
2109	3748	AF-0000000205328533	shard_1503_batch_1.tar	31095808	79033	331823616	420796
2109	3754	AF-0000000205328521	shard_1633_batch_1.tar	44738560	114280	1082290176	911532
2112	3778	AF-0000000210376103	shard_1855_batch_1.tar	148418560	187834	1561674752	2496948
2114	2970	AF-0000000210376123	shard_1889_batch_2.tar	20745728	212398	1475602944	3293672
2118	8248	AF-0000000210376133	shard_1246_batch_1.tar	42171392	229527	2387673088	3823930
2123	9833	AF-0000000210376135	shard_1802_batch_1.tar	119788032	168967	2303034368	1996065
2128	5044	AF-0000000203609467	shard_1748_batch_0.tar	15671808	151130	331272192	1560909
2129	2744	AF-0000000203974659	shard_1558_batch_1.tar	6517248	97328	440228352	607042
2129	8464	AF-0000000203974649	shard_1700_batch_1.tar	39114752	136931	1025167872	1269426
2129	8466	AF-0000000203974666	shard_1538_batch_1.tar	89199104	91391	254424064	544852
2129	9553	AF-0000000203974660	shard_1870_batch_1.tar	184012800	202441	402202624	2786514
2130	9201	AF-0000000210376150	shard_1790_batch_0.tar	64401920	167808	1810631168	1881134
2133	8990	AF-0000000205300046	shard_1523_batch_1.tar	71767552	84624	525542912	466363
2137	6717	AF-0000000210376158	shard_1779_batch_1.tar	88048640	160334	347367936	1829603
2141	4369	AF-0000000204795704	shard_1671_batch_0.tar	63417856	122507	1250844672	1083868
2141	9667	AF-0000000204795711	shard_1713_batch_0.tar	82060288	134675	1487168000	1302088
2143	8711	AF-0000000204687170	shard_1411_batch_0.tar	3278848	39540	131254272	93736
2143	10026	AF-0000000204687146	shard_1491_batch_0.tar	25586176	75759	255560192	388975
2145	8542	AF-0000000210376195	shard_1312_batch_1.tar	106169344	292957	6354742784	6261776
2147	2761	AF-0000000204311099	shard_1448_batch_1.tar	25172480	62050	261631488	242316
2147	3575	AF-0000000204311126	shard_1780_batch_2.tar	23602688	162744	230111744	1903433
2147	3975	AF-0000000204311029	shard_1550_batch_1.tar	41235456	95424	672849408	605844
2147	4044	AF-0000000204311031	shard_1680_batch_2.tar	34165248	130810	342844416	1201246
2147	4234	AF-0000000204311095	shard_1450_batch_1.tar	39405568	62220	323027456	252846
2147	4239	AF-0000000204311057	shard_1450_batch_1.tar	6479872	62908	261251584	241923
2147	4258	AF-0000000204311093	shard_1446_batch_1.tar	44307968	60520	227194880	234470
2147	4267	AF-0000000204311077	shard_1428_batch_1.tar	5291520	53812	150014464	174839
2147	4285	AF-0000000204311094	shard_1450_batch_1.tar	3240960	63322	352939520	246722
2147	4316	AF-0000000204311102	shard_1438_batch_1.tar	50795520	57272	115339776	204359
2147	5954	AF-0000000204311062	shard_1470_batch_1.tar	42719744	71063	418350592	317451
2147	6291	AF-0000000204311036	shard_1422_batch_1.tar	20753408	50424	193510912	149341
2147	6420	AF-0000000204311114	shard_1466_batch_1.tar	5617664	69698	159796224	302996
2147	6503	AF-0000000204311192	shard_1742_batch_2.tar	48956416	148987	848679424	1581947
2147	6649	AF-0000000204311123	shard_1702_batch_2.tar	14295552	137674	530350080	1290003
2147	6696	AF-0000000204311222	shard_1584_batch_2.tar	37252608	102742	252275712	728770
2147	7428	AF-0000000204311159	shard_1444_batch_1.tar	24399360	60746	288966656	231313
2147	8758	AF-0000000204311061	shard_1470_batch_1.tar	3915776	71052	424563712	316902
2147	9358	AF-0000000204311185	shard_1482_batch_1.tar	10915840	74896	298290176	346536
2147	10245	AF-0000000204311076	shard_1428_batch_1.tar	48821248	53446	135418368	172404
2147	10246	AF-0000000204311028	shard_1728_batch_2.tar	71547392	147423	687042560	1450247
2147	10413	AF-0000000210376213	shard_1494_batch_1.tar	29097984	78083	375944192	396570
2148	10452	AF-0000000203989371	shard_1624_batch_1.tar	40459264	106582	767567360	794429
2150	4334	AF-0000000205330376	shard_1669_batch_2.tar	33167872	119679	138042880	1008154
2152	9729	AF-0000000203809722	shard_1608_batch_0.tar	69991936	110979	614352384	855776
2153	2803	AF-0000000210408092	shard_1719_batch_0.tar	58378240	142934	824800768	1437914
2153	4376	AF-0000000210408106	shard_1561_batch_0.tar	65513472	95907	264091136	643943
2154	7106	AF-0000000205329953	shard_1481_batch_1.tar	20040192	73159	312952320	290974
2154	7742	AF-0000000205329951	shard_1485_batch_1.tar	49686016	74325	374825472	297338
2157	7632	AF-0000000204846281	shard_1865_batch_1.tar	59101184	197756	2925779968	2874819
2157	8681	AF-0000000204846287	shard_1479_batch_0.tar	63253504	71769	324753920	343621
2157	10975	AF-0000000204846275	shard_1471_batch_0.tar	3471360	69279	248320000	325661
2159	6864	AF-0000000205289217	shard_1603_batch_1.tar	18095616	104817	527695360	737990
2159	8715	AF-0000000205289213	shard_1499_batch_1.tar	27619328	76015	403101696	374493
2159	9873	AF-0000000205289221	shard_1485_batch_1.tar	670208	72703	471607808	342971
2162	2823	AF-0000000203558587	shard_1240_batch_0.tar	55604224	221314	2724131328	3210818
2178	7231	AF-0000000210408210	shard_1819_batch_0.tar	118780416	178762	1659186176	2302338
2178	7656	AF-0000000204673894	shard_1521_batch_0.tar	74378752	85371	356631040	492214
2178	9611	AF-0000000204673907	shard_1513_batch_0.tar	62880768	83442	276422656	455810
2180	6418	AF-0000000210408274	shard_1464_batch_1.tar	29078528	67328	141478912	282581
2180	9527	AF-0000000210408307	shard_1480_batch_1.tar	18242560	72250	279574016	337411
2183	9110	AF-0000000210408320	shard_1589_batch_1.tar	29248000	104665	310796800	788060
2184	8177	AF-0000000205292958	shard_1753_batch_2.tar	9586176	153374	176491520	1542776
2192	4186	AF-0000000210408333	shard_1243_batch_2.tar	23057920	223256	1416950272	3526186
2192	6344	AF-0000000205293216	shard_1747_batch_2.tar	21421568	150496	184220672	1575791
2192	7231	AF-0000000210408334	shard_1275_batch_2.tar	118581248	249963	378958848	4472516
2192	9803	AF-0000000205293219	shard_1887_batch_2.tar	53591040	210144	978280448	3147336
2194	3986	AF-0000000205278464	shard_1407_batch_1.tar	5449728	22949	83739136	25290
2194	4979	AF-0000000205278467	shard_1413_batch_1.tar	39934464	38814	107939840	92212
2194	8940	AF-0000000205278478	shard_1453_batch_1.tar	12275712	60020	226638336	246410
2195	4364	AF-0000000203777763	shard_1628_batch_0.tar	37631488	112919	236451840	891353
2197	7650	AF-0000000203568941	shard_1238_batch_0.tar	3720192	217676	2593409536	3248286
2197	8966	AF-0000000203568951	shard_1244_batch_0.tar	88012288	218804	1671570432	3754149
2197	9546	AF-0000000203568949	shard_1564_batch_0.tar	13552128	99109	353467904	657939
2197	9751	AF-0000000203568952	shard_1456_batch_0.tar	62252032	59696	222363136	264538
2197	10856	AF-0000000203568944	shard_1676_batch_0.tar	121586176	127993	795877888	1176343
2197	11067	AF-0000000203568948	shard_1254_batch_0.tar	81316352	233685	2085254656	4013046
2200	4234	AF-0000000205285179	shard_1535_batch_1.tar	57262592	88560	523194368	532002
2200	4285	AF-0000000205285178	shard_1535_batch_1.tar	34873344	90135	272441344	550216
2200	5016	AF-0000000205285146	shard_1685_batch_1.tar	85382656	130753	996598784	1170137
2200	5490	AF-0000000205285234	shard_1773_batch_1.tar	112967680	161138	413294592	1671051
2200	5575	AF-0000000205285262	shard_1523_batch_1.tar	35385344	85579	383510016	483690
2200	6006	AF-0000000205285151	shard_1609_batch_1.tar	41721344	109239	865452544	795408
2200	6298	AF-0000000205285231	shard_1835_batch_2.tar	51484672	184779	556429312	2303333
2200	6315	AF-0000000205285232	shard_1565_batch_1.tar	28733952	98811	578203648	629850
2200	6618	AF-0000000205285223	shard_1831_batch_2.tar	67420160	185277	195804160	2276885
2200	7632	AF-0000000205285164	shard_1247_batch_2.tar	95030272	228681	1276111360	3750413
2200	9463	AF-0000000205285246	shard_1555_batch_1.tar	25560064	95280	572532736	600503
2202	8207	AF-0000000205316376	shard_1613_batch_1.tar	78398464	112575	707261440	845999
2202	9527	AF-0000000205316399	shard_1679_batch_1.tar	9511424	132150	426018816	1178319
2206	7465	AF-0000000205303021	shard_1735_batch_2.tar	31998976	144224	600865792	1445888
2206	8684	AF-0000000210408375	shard_1651_batch_1.tar	38170112	119806	972917248	1024030
2213	5702	AF-0000000205274894	shard_1623_batch_1.tar	63289856	112536	887511552	886589
2216	7669	AF-0000000205293237	shard_1829_batch_2.tar	30479872	179911	1296130048	2366631
2219	3202	AF-0000000210408386	shard_1747_batch_1.tar	105913856	147227	410562048	1547912
2226	8975	AF-0000000204179219	shard_1724_batch_2.tar	9253888	140891	230956032	1480361
2226	9440	AF-0000000204179230	shard_1254_batch_2.tar	28063744	225759	1209895936	3801080
2226	9968	AF-0000000204179201	shard_1808_batch_2.tar	66294784	172462	983961088	2131685
2227	2303	AF-0000000205308104	shard_1251_batch_2.tar	26379264	226969	1244794368	3742622
2227	3227	AF-0000000205308100	shard_1827_batch_2.tar	2691072	180044	300125184	2344465
2227	4728	AF-0000000210408404	shard_1821_batch_2.tar	85071360	177203	961337344	2189605
2227	7372	AF-0000000205308099	shard_1821_batch_2.tar	25319936	177225	401124352	2188333
2227	8469	AF-0000000205308101	shard_1781_batch_2.tar	9874944	159729	791265280	1803395
2227	9642	AF-0000000205308108	shard_1831_batch_2.tar	12418560	178849	824988672	2367566
2231	3488	AF-0000000205327879	shard_1707_batch_1.tar	41577472	135330	1295329280	1264440
2233	6800	AF-0000000210408411	shard_1279_batch_2.tar	93599744	247365	282179584	4041010
2247	10055	AF-0000000205288886	shard_1447_batch_1.tar	29401600	60134	325790208	215144
2249	7111	AF-0000000205292966	shard_1499_batch_1.tar	61032960	77890	531835392	406184
2249	9286	AF-0000000205292964	shard_1485_batch_1.tar	7823872	73971	246382592	359799
2253	4893	AF-0000000210408425	shard_1764_batch_0.tar	149543936	154973	668111872	1681718
2253	7275	AF-0000000210408430	shard_1304_batch_0.tar	23490048	282393	4536183808	5458625
2263	2380	AF-0000000205326660	shard_1819_batch_2.tar	34142720	177312	364626944	2205747
2263	8506	AF-0000000205326661	shard_1837_batch_2.tar	55505920	186897	902695424	2424916
2275	10148	AF-0000000203792051	shard_1874_batch_1.tar	13745152	202492	2761171968	2911463
2276	10291	AF-0000000210408512	shard_1860_batch_0.tar	22022144	195653	1560781824	2841423
2278	10180	AF-0000000205327012	shard_1673_batch_2.tar	19566080	125941	649222144	1128867
2285	2219	AF-0000000205317434	shard_1655_batch_1.tar	99985920	120972	961516032	1034754
2285	2413	AF-0000000205317471	shard_1627_batch_1.tar	85280256	114605	784887808	877470
2285	2634	AF-0000000205317296	shard_1545_batch_1.tar	44888064	91582	412959744	574566
2285	2675	AF-0000000205317363	shard_1635_batch_1.tar	22939136	118548	369056256	981952
2285	2690	AF-0000000205317623	shard_1481_batch_1.tar	43275776	71275	211337216	345164
2285	3159	AF-0000000205317279	shard_1599_batch_1.tar	76900864	106139	592948736	770077
2285	3202	AF-0000000210408525	shard_1705_batch_2.tar	56284672	134357	242832384	1303211
2285	3804	AF-0000000205317294	shard_1539_batch_1.tar	41404928	89824	262787584	550365
2285	4685	AF-0000000205317426	shard_1709_batch_2.tar	47751680	136058	622582784	1251639
2285	5127	AF-0000000205317304	shard_1509_batch_1.tar	53044224	80260	507805184	450353
2285	5578	AF-0000000205317266	shard_1561_batch_1.tar	93453824	95129	650530816	622472
2285	6069	AF-0000000205317453	shard_1593_batch_1.tar	68156416	104549	263677440	779362
2285	6097	AF-0000000205317655	shard_1607_batch_1.tar	105823232	108747	355255296	829849
2285	7793	AF-0000000205317236	shard_1823_batch_2.tar	53895168	180880	363075584	2349755
2285	9141	AF-0000000205317282	shard_1655_batch_1.tar	18765312	122023	1024910336	1005244
2285	9519	AF-0000000205317404	shard_1495_batch_1.tar	9696768	76739	301366272	400412
2285	9683	AF-0000000210408561	shard_1665_batch_1.tar	19430400	124169	489343488	1100766
2285	10098	AF-0000000205317280	shard_1685_batch_1.tar	103129600	130497	1170394624	1182011
2285	10226	AF-0000000205317285	shard_1523_batch_1.tar	41038336	83832	269097984	482891
2285	10583	AF-0000000205317381	shard_1519_batch_1.tar	29371392	83659	582300672	492411
2286	3202	AF-0000000210408566	shard_1709_batch_2.tar	1771008	136252	686820864	1325526
2288	7229	AF-0000000210408569	shard_1857_batch_2.tar	21372928	190250	380562944	2577708
2288	9918	AF-0000000205304554	shard_1799_batch_2.tar	2507264	165645	1122185216	2021242
2290	2291	AF-0000000210408571	shard_1804_batch_1.tar	88094208	168542	1227815424	1947039
2291	10613	AF-0000000203809788	shard_1742_batch_1.tar	52611072	148658	1101157888	1557553
2296	5243	AF-0000000205329048	shard_1781_batch_2.tar	60187648	165241	805794304	1895304
2303	8459	AF-0000000205298400	shard_1257_batch_2.tar	93768704	232211	963394560	4016586
2303	8469	AF-0000000205298399	shard_1329_batch_2.tar	671744	328301	1459925504	8071469
2303	9642	AF-0000000205298401	shard_1333_batch_2.tar	167414784	348287	4575133184	9062806
2304	8922	AF-0000000205329955	shard_1751_batch_2.tar	32898560	152707	253898752	1664183
2342	10287	AF-0000000210408642	shard_1533_batch_1.tar	45337088	88693	342705664	505700
2346	3246	AF-0000000210409050	shard_1730_batch_0.tar	24081920	144565	655781888	1381974
2346	7906	AF-0000000210409113	shard_1788_batch_1.tar	59975168	166026	609014272	1862580
2348	9226	AF-0000000205274440	shard_1257_batch_2.tar	57552896	234859	1054931968	4201479
2348	9456	AF-0000000205274439	shard_1257_batch_2.tar	67070976	234037	474472960	4189738
2359	4187	AF-0000000203465250	shard_1794_batch_0.tar	16639488	172469	808997376	2063448
2359	6971	AF-0000000203465253	shard_1802_batch_0.tar	40147968	175233	933042688	2139972
2359	7226	AF-0000000203465256	shard_1778_batch_0.tar	133951488	165481	849667072	1906623
2359	8050	AF-0000000203465252	shard_1796_batch_0.tar	153264640	172434	954225152	2068415
2359	9684	AF-0000000203465254	shard_1772_batch_0.tar	141272576	162430	845571072	1869537
2359	10241	AF-0000000203465249	shard_1766_batch_0.tar	15622144	161663	547919360	1801912
2359	10514	AF-0000000203465255	shard_1778_batch_0.tar	32207872	165361	1908345856	1928407
2360	3304	AF-0000000204665083	shard_1435_batch_0.tar	41501696	54622	288592384	187964
2360	3565	AF-0000000204665106	shard_1411_batch_0.tar	361984	39764	101725696	91961
2360	4046	AF-0000000204665098	shard_1409_batch_0.tar	5663744	37057	95987712	68660
2362	3174	AF-0000000205297005	shard_1265_batch_2.tar	13139456	242291	2146405376	3934989
2362	7316	AF-0000000205296982	shard_1235_batch_2.tar	58300416	222231	1850063360	3319649
2362	8797	AF-0000000205297007	shard_1315_batch_2.tar	13300736	301100	1873792512	6464302
2365	4665	AF-0000000205320573	shard_1713_batch_2.tar	59487232	143265	644521984	1370238
2374	8437	AF-0000000204724786	shard_1561_batch_0.tar	3658752	94504	360576000	650003
2374	9747	AF-0000000204724764	shard_1525_batch_0.tar	26034688	84021	404691968	501452
2377	9125	AF-0000000205276087	shard_1677_batch_1.tar	89802752	128302	724701696	1104013
2377	9284	AF-0000000205276113	shard_1805_batch_2.tar	64558592	172852	1032335360	1959586
2377	9515	AF-0000000205276114	shard_1693_batch_1.tar	76029952	132935	872511488	1169619
2380	4704	AF-0000000205287823	shard_1769_batch_1.tar	134626816	156649	645550592	1783616
2380	9293	AF-0000000205287827	shard_1743_batch_2.tar	59291648	149739	289866752	1578224
2381	4103	AF-0000000205297795	shard_1471_batch_1.tar	5518336	69634	173971456	309930
2381	9248	AF-0000000205297805	shard_1477_batch_1.tar	7700480	70965	412723200	337608
2381	9527	AF-0000000205297847	shard_1501_batch_1.tar	48510976	79670	163563520	424997
2381	10884	AF-0000000205297849	shard_1491_batch_1.tar	45339648	74746	455236608	370759
2382	7428	AF-0000000205278764	shard_1489_batch_1.tar	71910912	76293	441290752	387454
2382	9130	AF-0000000205278723	shard_1595_batch_1.tar	5577728	106421	862734848	787592
2382	9239	AF-0000000205278766	shard_1867_batch_2.tar	10720256	200244	1187012608	2930573
2382	9313	AF-0000000205278768	shard_1579_batch_1.tar	17437184	102339	399567360	696427
2396	2856	AF-0000000205283751	shard_1639_batch_1.tar	64186368	121796	488473088	987853
2396	7497	AF-0000000205283753	shard_1623_batch_1.tar	38626816	116806	782623232	891819
2399	7577	AF-0000000205320153	shard_1249_batch_2.tar	29867520	230279	1875434496	3816992
2399	9221	AF-0000000205320151	shard_1865_batch_2.tar	89411072	194942	208709120	2831898
2400	4369	AF-0000000205278810	shard_1505_batch_1.tar	78498304	82695	359861760	439686
2403	3613	AF-0000000210409270	shard_1710_batch_2.tar	34698240	137631	729682432	1452432
2403	4200	AF-0000000210409279	shard_1702_batch_2.tar	46327296	135383	627667456	1385641
2403	7488	AF-0000000210409307	shard_1630_batch_1.tar	108505088	116609	440205312	941153
2403	8407	AF-0000000210409313	shard_1712_batch_2.tar	63004160	137390	180980224	1437299
2404	2446	AF-0000000210409329	shard_1600_batch_1.tar	61768704	107246	581111808	726388
2404	3736	AF-0000000210409333	shard_1568_batch_1.tar	77345792	99301	776164352	645071
2404	4369	AF-0000000210409336	shard_1462_batch_1.tar	50814976	67779	200991232	288078
2404	7460	AF-0000000210409343	shard_1458_batch_1.tar	41776128	64620	356866560	257221
2404	9254	AF-0000000210409347	shard_1518_batch_1.tar	67476992	85143	259383808	484315
2406	3202	AF-0000000210409350	shard_1743_batch_2.tar	512	146167	603748352	1545369
2409	9462	AF-0000000205273123	shard_1573_batch_1.tar	17865216	98922	690814976	693384
2412	5149	AF-0000000205281788	shard_1479_batch_1.tar	58956800	69868	448497664	325625
2424	4423	AF-0000000204681792	shard_1761_batch_0.tar	74028544	155669	677452288	1720053
2424	5239	AF-0000000204681777	shard_1615_batch_0.tar	79331840	111477	306821120	868154
2424	6930	AF-0000000204681787	shard_1645_batch_0.tar	49923072	117429	1118809088	1002112
2424	7247	AF-0000000210409381	shard_1753_batch_0.tar	136759808	151698	1226851328	1622489
2424	7697	AF-0000000204681790	shard_1665_batch_0.tar	10278400	122650	250121216	1082346
2424	7711	AF-0000000204681778	shard_1741_batch_0.tar	46198784	147823	878148096	1573023
2424	8057	AF-0000000204681782	shard_1619_batch_0.tar	19730944	111910	929660928	875747
2424	8206	AF-0000000204681785	shard_1639_batch_0.tar	10662400	116674	272061952	982120
2424	8665	AF-0000000204681786	shard_1695_batch_0.tar	119148544	133467	519504896	1249010
2424	8672	AF-0000000204681789	shard_1763_batch_0.tar	70601216	156570	1684632064	1727984
2424	9938	AF-0000000204681791	shard_1607_batch_0.tar	63208448	108687	946813440	822869
2425	9012	AF-0000000210409385	shard_1715_batch_1.tar	84334592	141389	1307666432	1353187
2432	9258	AF-0000000210409391	shard_1295_batch_0.tar	112053248	264954	1557624320	5372511
2434	2953	AF-0000000205320275	shard_1527_batch_1.tar	62638592	86637	554885632	487228
2434	4253	AF-0000000205320219	shard_1449_batch_1.tar	10359808	59422	118555136	232813
2434	4606	AF-0000000205320190	shard_1445_batch_1.tar	34511360	60488	189316096	224515
2434	7152	AF-0000000205320285	shard_1543_batch_1.tar	56543744	91871	568802304	560491
2434	7665	AF-0000000205320221	shard_1441_batch_1.tar	30992896	58130	310230528	201075
2434	10094	AF-0000000205320312	shard_1441_batch_1.tar	20977664	57621	158189056	207633
2434	10620	AF-0000000205320317	shard_1429_batch_1.tar	48509952	51493	171650048	162965
2437	3701	AF-0000000205293514	shard_1533_batch_1.tar	13068800	88946	209530368	496026
2437	7011	AF-0000000205293513	shard_1531_batch_1.tar	36835328	88399	622119424	486093
2441	5043	AF-0000000205281819	shard_1583_batch_1.tar	32763904	102070	481175552	738409
2441	9545	AF-0000000205281828	shard_1815_batch_2.tar	77309440	176799	815040512	2186217
2441	9691	AF-0000000205281836	shard_1603_batch_1.tar	94908928	110998	858982912	818483
2441	9967	AF-0000000210409426	shard_1269_batch_2.tar	66902016	233809	1216666624	3948614
2442	9243	AF-0000000205286143	shard_1713_batch_1.tar	39955968	140272	597721088	1406736
2444	7438	AF-0000000205281069	shard_1477_batch_1.tar	6554112	70603	272463360	308757
2444	9451	AF-0000000205281057	shard_1413_batch_1.tar	38849024	39391	128099840	94973
2446	8047	AF-0000000210409453	shard_1628_batch_1.tar	55244800	114759	869968896	883776
2446	9057	AF-0000000210409458	shard_1586_batch_1.tar	6479872	103719	318650368	721083
2446	9868	AF-0000000210409466	shard_1568_batch_1.tar	71340544	99066	265065472	633493
2447	4062	AF-0000000204748896	shard_1407_batch_0.tar	24411136	32428	80006656	59462
2447	9698	AF-0000000210409472	shard_1471_batch_0.tar	64787456	69788	189946880	307505
2450	6720	AF-0000000210409497	shard_1298_batch_1.tar	96241664	266046	2253442560	5192170
2450	10297	AF-0000000210409506	shard_1880_batch_1.tar	99311104	202387	3218071552	2966118
2451	3150	AF-0000000205281084	shard_1633_batch_1.tar	31984640	119235	733122560	969781
2454	7110	AF-0000000210409512	shard_1889_batch_2.tar	33441280	208016	931421696	3028077
2456	4366	AF-0000000205300052	shard_1425_batch_1.tar	36549632	48698	228332544	142417
2463	7217	AF-0000000205291782	shard_1439_batch_1.tar	46906880	57169	265900544	199788
2463	7270	AF-0000000205291795	shard_1417_batch_1.tar	25921024	47079	185714688	129030
2467	3267	AF-0000000204767028	shard_1537_batch_0.tar	47244288	88439	215969792	512596
2467	9677	AF-0000000204767024	shard_1573_batch_0.tar	99177984	98197	585807360	672796
2472	2753	AF-0000000205274457	shard_1831_batch_2.tar	42937344	184831	993439232	2422717
2473	2634	AF-0000000203645521	shard_1810_batch_0.tar	57982976	174355	2194778112	2130047
2473	4855	AF-0000000203645520	shard_1294_batch_0.tar	90179584	267279	2878491648	5099427
2473	6247	AF-0000000203645548	shard_1282_batch_0.tar	206687232	258067	820352512	4650939
2473	8797	AF-0000000203645539	shard_1278_batch_0.tar	89939456	250718	3316215808	4654254
2473	9624	AF-0000000203645513	shard_1334_batch_0.tar	272674816	367836	5237203456	9802284
2473	11071	AF-0000000210409541	shard_1292_batch_0.tar	29649408	265790	1804324352	4755452
2476	3397	AF-0000000205276598	shard_1631_batch_1.tar	34228224	117171	1011657216	906548
2476	3997	AF-0000000205276597	shard_1609_batch_1.tar	59026432	110945	290742784	811622
2476	10483	AF-0000000210409549	shard_1653_batch_1.tar	53753344	122819	881013760	1006805
2482	4071	AF-0000000204743295	shard_1547_batch_0.tar	72541696	93426	368078848	618594
2482	10194	AF-0000000204743304	shard_1479_batch_0.tar	60152832	72638	220971008	365334
2493	2434	AF-0000000204355933	shard_1408_batch_1.tar	8175616	38255	135541760	76956
2493	3151	AF-0000000204355843	shard_1408_batch_1.tar	9785344	36405	122287104	72871
2493	4228	AF-0000000204355866	shard_1706_batch_2.tar	49818112	136824	595639808	1305102
2493	4232	AF-0000000204355823	shard_1428_batch_1.tar	44495872	52332	222474240	170981
2493	4256	AF-0000000204355813	shard_1408_batch_1.tar	30689280	37191	97255936	74034
2493	4257	AF-0000000204355816	shard_1406_batch_1.tar	29286400	34416	71248384	62786
2493	4372	AF-0000000210409631	shard_1414_batch_1.tar	42602496	42399	103839232	107683
2493	4519	AF-0000000204355792	shard_1716_batch_2.tar	18493952	140523	394401792	1418870
2493	8168	AF-0000000204355892	shard_1406_batch_1.tar	188416	28893	102173184	41350
2493	9463	AF-0000000204355917	shard_1420_batch_1.tar	26902016	47395	197497856	132719
2493	9936	AF-0000000204355794	shard_1526_batch_1.tar	6346240	86959	433193984	500384
2493	9990	AF-0000000204355844	shard_1406_batch_1.tar	27527168	30767	99633664	47321
2493	10419	AF-0000000204355893	shard_1488_batch_1.tar	67490304	73947	357691904	352896
2498	3527	AF-0000000204070842	shard_1756_batch_1.tar	37287936	153122	690299904	1656036
2498	4341	AF-0000000204070887	shard_1826_batch_1.tar	151496192	181611	763917312	2293474
2498	5502	AF-0000000204070915	shard_1802_batch_1.tar	15701504	171887	334364672	1976722
2498	5504	AF-0000000204070909	shard_1822_batch_1.tar	42626560	179192	749421056	2303905
2498	6196	AF-0000000204070886	shard_1296_batch_2.tar	93276672	270054	2388036096	5260558
2498	10246	AF-0000000204070835	shard_1246_batch_2.tar	30872576	227782	892202496	3643274
2498	10756	AF-0000000204070877	shard_1806_batch_1.tar	164112896	171872	500784128	2086449
2501	5142	AF-0000000210409664	shard_1294_batch_1.tar	57955328	263930	3486187008	4836426
2501	6804	AF-0000000210409675	shard_1252_batch_1.tar	129263104	225202	2700362752	3621002
2501	7455	AF-0000000210409676	shard_1856_batch_1.tar	43315712	186802	2141032448	2563005
2502	3464	AF-0000000204185299	shard_1534_batch_1.tar	45081088	86518	187271168	542047
2503	7847	AF-0000000205291265	shard_1873_batch_2.tar	32024576	202607	1194435584	3000181
2504	3717	AF-0000000205290699	shard_1699_batch_1.tar	51065856	135620	1107434496	1260279
2504	3740	AF-0000000205290706	shard_1707_batch_1.tar	89998848	140334	941644288	1314567
2504	4288	AF-0000000205290701	shard_1707_batch_1.tar	38278656	138742	695108608	1304357
2504	5663	AF-0000000205290704	shard_1707_batch_1.tar	60647936	139272	959984640	1308181
2504	6560	AF-0000000205290700	shard_1715_batch_1.tar	63031808	140052	1480692224	1288911
2504	6677	AF-0000000205290710	shard_1711_batch_1.tar	120876544	141916	574810112	1341550
2504	7091	AF-0000000205290709	shard_1705_batch_1.tar	118373888	139496	1547450880	1304888
2504	9225	AF-0000000205290702	shard_1707_batch_1.tar	121403392	140526	577086976	1322961
2504	9226	AF-0000000205290708	shard_1709_batch_1.tar	54670848	140863	375501312	1313492
2504	9456	AF-0000000205290703	shard_1709_batch_1.tar	20904960	140090	476630016	1324552
2505	3804	AF-0000000205288355	shard_1751_batch_2.tar	44261888	153613	913473024	1692820
2505	4687	AF-0000000205288369	shard_1753_batch_2.tar	38140928	152758	350541824	1692140
2505	7455	AF-0000000205288356	shard_1751_batch_2.tar	23510016	153718	746073600	1690231
2505	8164	AF-0000000205288364	shard_1719_batch_1.tar	87181824	143731	1298053632	1475785
2505	8469	AF-0000000205288366	shard_1277_batch_2.tar	40274944	248833	493671424	4597056
2505	8691	AF-0000000205288361	shard_1753_batch_2.tar	39954432	153014	166654464	1724061
2505	10250	AF-0000000205288365	shard_1753_batch_2.tar	59367936	153586	855839744	1684253
2506	2141	AF-0000000205284022	shard_1695_batch_1.tar	89806336	129659	704657920	1209510
2508	4011	AF-0000000205292534	shard_1867_batch_2.tar	9330688	199820	974611968	2838796
2508	6203	AF-0000000205292540	shard_1711_batch_1.tar	94103040	137590	466025472	1350056
2508	6240	AF-0000000205292545	shard_1813_batch_2.tar	77859328	172279	1008348160	2093629
2508	8915	AF-0000000205292536	shard_1831_batch_2.tar	2690048	179393	447419904	2313550
2508	9754	AF-0000000205292535	shard_1297_batch_2.tar	1610240	271946	853613056	5379729
2512	6045	AF-0000000204590034	shard_1247_batch_0.tar	120577536	225857	2531846144	3828304
2512	6290	AF-0000000204590091	shard_1675_batch_0.tar	64413184	127210	1304557568	1179465
2512	9437	AF-0000000204590011	shard_1755_batch_0.tar	10328576	149453	1634832896	1753456
2514	7511	AF-0000000210409728	shard_1745_batch_1.tar	30842880	151152	1278668288	1546369
2514	9431	AF-0000000205278825	shard_1721_batch_1.tar	74287616	143018	1590968320	1344174
2515	8874	AF-0000000204062878	shard_1716_batch_1.tar	22602752	143037	1578538496	1334068
2526	6342	AF-0000000205324678	shard_1709_batch_2.tar	28533248	136184	647526912	1285053
2526	8569	AF-0000000205324667	shard_1701_batch_2.tar	10964480	133595	274540032	1233836
2526	8657	AF-0000000205324666	shard_1689_batch_2.tar	42923008	128999	710077440	1159037
2531	2197	AF-0000000205274923	shard_1233_batch_2.tar	17613312	216167	1568815104	3287864
2531	6425	AF-0000000205274930	shard_1241_batch_2.tar	93756416	221832	1472787968	3433186
2532	2623	AF-0000000210409754	shard_1712_batch_0.tar	58172416	136335	1280679936	1286722
2532	8059	AF-0000000210409794	shard_1700_batch_0.tar	46608384	133392	472342528	1214196
2532	10657	AF-0000000210409814	shard_1728_batch_0.tar	135482880	139889	605328384	1367974
2532	11040	AF-0000000210409818	shard_1646_batch_0.tar	56689152	117354	1147264000	933614
2535	7867	AF-0000000203999682	shard_1696_batch_1.tar	76236800	129056	364564480	1107745
2540	6023	AF-0000000205323294	shard_1721_batch_2.tar	5345792	138263	681893888	1360585
2542	7141	AF-0000000205323304	shard_1431_batch_1.tar	40445952	55655	270089728	180768
2543	3416	AF-0000000203855390	shard_1266_batch_1.tar	66800128	236793	3586484736	4114909
2543	4033	AF-0000000203855321	shard_1674_batch_1.tar	98264064	125661	1132412416	1097263
2543	4631	AF-0000000203855372	shard_1694_batch_1.tar	39347200	133868	337436672	1204944
2543	5851	AF-0000000203855343	shard_1796_batch_1.tar	119321088	167165	1684882432	1939138
2543	6016	AF-0000000203855379	shard_1636_batch_1.tar	61896192	117421	671160320	878611
2543	9012	AF-0000000210409844	shard_1798_batch_1.tar	88140800	169681	1720688128	1984172
2543	9562	AF-0000000203855380	shard_1868_batch_1.tar	169363456	202064	2824311296	2909073
2543	10079	AF-0000000203855395	shard_1734_batch_1.tar	128944128	145007	1352751104	1499782
2544	11109	AF-0000000210409847	shard_1235_batch_2.tar	41819648	215396	1573395456	3353576
2548	3202	AF-0000000210409854	shard_1720_batch_1.tar	77780992	140435	402972672	1407126
2567	3732	AF-0000000210409870	shard_1795_batch_1.tar	151471104	165681	342714880	2082338
2572	9803	AF-0000000205302040	shard_1839_batch_2.tar	61750784	180183	944657408	2328890
2573	4668	AF-0000000205286899	shard_1277_batch_2.tar	71551488	249608	1066756608	4620873
2575	7206	AF-0000000205327217	shard_1289_batch_2.tar	61294592	265155	732170240	4326238
2579	2079	AF-0000000205328142	shard_1275_batch_2.tar	61494272	252318	2051134464	4458370
2579	2197	AF-0000000205328093	shard_1277_batch_2.tar	12161024	252930	1976789504	4404658
2579	3948	AF-0000000210409888	shard_1311_batch_2.tar	41026560	294014	2284467200	6189122
2579	5050	AF-0000000205328114	shard_1321_batch_2.tar	29524992	313570	2211817472	6794173
2579	6425	AF-0000000205328163	shard_1281_batch_2.tar	125093888	258469	437571584	4653856
2579	6616	AF-0000000205328088	shard_1281_batch_2.tar	48431104	258062	600736256	4770355
2579	7675	AF-0000000205328147	shard_1315_batch_2.tar	108426752	299654	3263678464	6206126
2579	8739	AF-0000000205328087	shard_1281_batch_2.tar	44398080	257854	811122176	4687999
2579	10314	AF-0000000205328148	shard_1281_batch_2.tar	91319808	257667	1021061120	4669183
2588	6358	AF-0000000205290963	shard_1727_batch_2.tar	13151744	143727	286655488	1445519
2588	7109	AF-0000000205290961	shard_1513_batch_1.tar	159232	83757	220562432	462708
2589	6358	AF-0000000205324054	shard_1727_batch_2.tar	39817216	144167	324103680	1455926
2589	7109	AF-0000000205324052	shard_1515_batch_1.tar	52625920	84501	609830400	464632
2589	10072	AF-0000000205324055	shard_1683_batch_2.tar	40183296	132586	203661312	1196774
2590	2358	AF-0000000204673156	shard_1567_batch_0.tar	77734400	96136	691121152	575096
2603	9282	AF-0000000205290736	shard_1763_batch_2.tar	32556544	154074	683551232	1619202
2603	9585	AF-0000000210409922	shard_1877_batch_2.tar	92978176	202912	1295041024	2969778
2604	4372	AF-0000000210409923	shard_1433_batch_1.tar	21007872	53089	277913088	181146
2606	3697	AF-0000000204781032	shard_1844_batch_0.tar	6767104	188040	587703808	2477762
2606	7715	AF-0000000203533362	shard_1602_batch_0.tar	30386176	104998	369077760	798991
2612	9316	AF-0000000203964042	shard_1628_batch_1.tar	19115520	116851	234200064	914869
2614	3397	AF-0000000205286159	shard_1591_batch_1.tar	47822848	106246	849441280	724016
2614	3997	AF-0000000205286158	shard_1571_batch_1.tar	92219392	100628	604896256	627967
2614	9125	AF-0000000205286170	shard_1483_batch_1.tar	57260032	73579	439024640	341256
2614	9964	AF-0000000210409944	shard_1655_batch_1.tar	3904512	121841	276608512	1017302
2620	4120	AF-0000000205325514	shard_1523_batch_1.tar	9682432	86423	525052928	489421
2623	5018	AF-0000000203864015	shard_1556_batch_0.tar	92051456	94950	183073792	597859
2624	2736	AF-0000000205274121	shard_1225_batch_2.tar	19144192	209020	454453248	3360920
2624	2965	AF-0000000205274115	shard_1265_batch_2.tar	79550464	236471	1567630848	4364407
2624	9263	AF-0000000205274120	shard_1233_batch_2.tar	85530112	212522	1603462656	3534930
2624	10112	AF-0000000210409966	shard_1261_batch_2.tar	46846464	232609	1971963392	4214661
2624	10231	AF-0000000205274118	shard_1265_batch_2.tar	85296128	236271	1749865472	4325836
2628	7335	AF-0000000203636963	shard_1808_batch_0.tar	10614272	170449	1295884800	2185543
2628	10035	AF-0000000203636987	shard_1844_batch_0.tar	103876608	185985	2600286208	2656432
2633	6816	AF-0000000205293238	shard_1559_batch_1.tar	73728512	97416	614683136	643604
2634	4003	AF-0000000210409996	shard_1730_batch_2.tar	29465088	144045	152990208	1393645
2634	4289	AF-0000000204238593	shard_1476_batch_1.tar	65873408	69866	309572608	332584
2634	4295	AF-0000000204238596	shard_1466_batch_1.tar	22410752	66741	191169024	279637
2634	7113	AF-0000000204238625	shard_1552_batch_1.tar	79026176	93214	191302144	590724
2634	7347	AF-0000000204238620	shard_1848_batch_2.tar	49945600	187133	961146368	2649054
2634	7577	AF-0000000204238631	shard_1886_batch_2.tar	104113664	212978	1517128192	3039396
2634	8142	AF-0000000204238603	shard_1644_batch_2.tar	47706112	114106	354530816	954759
2634	9138	AF-0000000204238608	shard_1845_batch_0.tar	6548992	187259	1495915008	2650381
2635	2993	AF-0000000204430883	shard_1287_batch_0.tar	86242816	257360	2411811840	4935387
2635	4298	AF-0000000204430852	shard_1560_batch_2.tar	42836992	95133	116431872	629754
2635	5037	AF-0000000204430857	shard_1632_batch_2.tar	41696256	117223	552128000	901382
2635	7899	AF-0000000204430878	shard_1554_batch_2.tar	46773760	93928	269244416	600982
2635	10996	AF-0000000204430877	shard_1727_batch_0.tar	58284032	144303	945874944	1359258
2636	3550	AF-0000000203697183	shard_1808_batch_0.tar	72790528	172053	2068542464	2144852
2636	7256	AF-0000000203697172	shard_1670_batch_0.tar	93404160	127038	850680320	1130735
2636	8177	AF-0000000203697184	shard_1608_batch_0.tar	41559040	109500	516932608	829826
2636	10032	AF-0000000203697158	shard_1630_batch_0.tar	67754496	111305	766961664	891032
2636	10037	AF-0000000203697170	shard_1730_batch_0.tar	64818688	145214	677609472	1485242
2636	10808	AF-0000000203697192	shard_1824_batch_0.tar	88062976	178493	2544534016	2223455
2637	2705	AF-0000000205304888	shard_1739_batch_2.tar	16584192	146051	493424128	1415522
2637	4302	AF-0000000205304882	shard_1743_batch_2.tar	5005312	147729	402922496	1457256
2637	8973	AF-0000000205304884	shard_1557_batch_1.tar	17988608	93620	788164608	545634
2637	10988	AF-0000000205304887	shard_1541_batch_1.tar	77538304	89889	447873024	533598
2639	4617	AF-0000000204063011	shard_1554_batch_1.tar	71997440	95350	780318720	605883
2641	3726	AF-0000000204065293	shard_1610_batch_1.tar	11074048	105254	710169600	798976
2641	9141	AF-0000000204065294	shard_1676_batch_1.tar	72091136	129627	562241024	1120739
2641	10226	AF-0000000204065295	shard_1544_batch_1.tar	79717888	90891	271319552	566728
2643	2651	AF-0000000205300085	shard_1883_batch_2.tar	1450496	207987	974317568	3043251
2644	6909	AF-0000000205303875	shard_1271_batch_2.tar	71326208	244133	1522335744	4374521
2644	7624	AF-0000000205303860	shard_1843_batch_2.tar	61769728	185185	1377007104	2691079
2646	7767	AF-0000000210410054	shard_1762_batch_0.tar	69652992	150551	957383168	1657940
2650	4138	AF-0000000210410086	shard_1269_batch_0.tar	172795904	246006	1520838656	4213246
2655	10503	AF-0000000205327885	shard_1751_batch_2.tar	61758976	150829	258720768	1669806
2660	9061	AF-0000000205277628	shard_1733_batch_1.tar	83064320	147169	1445483008	1517140
2660	9958	AF-0000000205277619	shard_1663_batch_1.tar	1618432	124627	1082986496	1097105
2664	3348	AF-0000000203547336	shard_1304_batch_0.tar	174085632	280919	5995422208	5769717
2664	10254	AF-0000000203547342	shard_1294_batch_0.tar	243194368	268862	2748426240	5158862
2700	7875	AF-0000000205289583	shard_1477_batch_1.tar	54091776	69405	173604864	340425
2703	5041	AF-0000000205277637	shard_1791_batch_2.tar	56241152	168451	472813056	1983975
2705	3708	AF-0000000205327015	shard_1735_batch_2.tar	20062720	145217	259367424	1398147
2715	9272	AF-0000000203454007	shard_1750_batch_0.tar	77640704	152392	1404307456	1619190
2716	9023	AF-0000000205306964	shard_1745_batch_2.tar	72255488	146847	788022784	1654710
2717	8973	AF-0000000205285970	shard_1583_batch_1.tar	31952896	96087	368668672	663963
2721	9144	AF-0000000205327890	shard_1827_batch_2.tar	22689792	181424	722118144	2346877
2721	10872	AF-0000000205327891	shard_1809_batch_2.tar	16557056	173325	576388096	2226438
2722	8793	AF-0000000204817403	shard_1739_batch_0.tar	94324736	144807	887041024	1451369
2722	8923	AF-0000000204817397	shard_1597_batch_0.tar	48460800	104127	925473280	731644
2722	9855	AF-0000000204817399	shard_1293_batch_1.tar	176815104	266219	2278284288	5032477
2722	11091	AF-0000000204817402	shard_1561_batch_0.tar	65895424	94264	542930432	603079
2732	10808	AF-0000000205310949	shard_1257_batch_2.tar	52895744	231736	1684704256	3896583
2733	9518	AF-0000000204156011	shard_1602_batch_1.tar	20052480	106415	288743936	833386
2733	10808	AF-0000000204156012	shard_1754_batch_2.tar	12898304	151097	890599936	1554486
2736	2965	AF-0000000205293518	shard_1259_batch_2.tar	105441280	233624	852446720	4174540
2739	6312	AF-0000000205287846	shard_1459_batch_1.tar	46447104	64968	185796608	272734
2739	9925	AF-0000000205287848	shard_1535_batch_1.tar	57887744	88510	222995968	537138
2739	10026	AF-0000000205287843	shard_1553_batch_1.tar	80931840	95277	663737856	596895
2760	9667	AF-0000000205281330	shard_1501_batch_1.tar	27805184	79392	325187072	407052
2761	2744	AF-0000000204505363	shard_1432_batch_2.tar	25162752	54223	54313984	175448
2761	9130	AF-0000000204505326	shard_1508_batch_2.tar	10507776	81628	122425856	421501
2761	9358	AF-0000000204505398	shard_1458_batch_2.tar	18116096	65571	156811264	271895
2761	9360	AF-0000000204505395	shard_1584_batch_2.tar	1240064	102651	314242560	728606
2761	9524	AF-0000000204505345	shard_1492_batch_2.tar	4619776	76400	181123072	389033
2767	4704	AF-0000000205321144	shard_1419_batch_1.tar	38211584	43747	195690496	122249
2767	4721	AF-0000000205321158	shard_1409_batch_1.tar	35475456	36079	82176512	66819
2767	5097	AF-0000000205321149	shard_1413_batch_1.tar	14445056	39560	85075456	92700
2767	5235	AF-0000000205321150	shard_1413_batch_1.tar	15117824	41431	164322816	100476
2767	6281	AF-0000000205321141	shard_1411_batch_1.tar	21627904	39624	84790784	89986
2767	6421	AF-0000000205321172	shard_1411_batch_1.tar	35132928	40670	164497920	90410
2767	7758	AF-0000000205321168	shard_1409_batch_1.tar	28582912	36765	105527296	73962
2767	8205	AF-0000000205321152	shard_1411_batch_1.tar	6422528	40131	139648512	86766
2767	8924	AF-0000000205321180	shard_1409_batch_1.tar	32671744	35781	90219520	67054
2767	9293	AF-0000000205321182	shard_1409_batch_1.tar	18181120	37217	85454848	74323
2767	9649	AF-0000000205321148	shard_1407_batch_1.tar	15564288	32585	106863616	51773
2767	10178	AF-0000000205321174	shard_1409_batch_1.tar	24852992	37095	113756672	71464
2767	10497	AF-0000000205321146	shard_1409_batch_1.tar	3788288	35263	112309760	66693
2768	2197	AF-0000000210408347	shard_1698_batch_2.tar	10484224	133719	346055680	1265454
2770	3380	AF-0000000205321783	shard_1441_batch_1.tar	34706432	58009	292362752	211524
2770	3885	AF-0000000205321773	shard_1553_batch_1.tar	22499840	92915	695818240	615672
2770	4234	AF-0000000205321766	shard_1437_batch_1.tar	25906176	54737	128279552	204053
2770	4284	AF-0000000205321769	shard_1489_batch_1.tar	7738880	72570	285887488	378181
2770	7826	AF-0000000205321752	shard_1457_batch_1.tar	41774592	64012	210938880	271282
2770	8810	AF-0000000205321772	shard_1465_batch_1.tar	24013312	67495	247848448	297610
2770	8831	AF-0000000205321820	shard_1443_batch_1.tar	38949376	58311	161736192	217672
2770	9375	AF-0000000205321805	shard_1425_batch_1.tar	34301952	50449	198938624	159623
2770	9527	AF-0000000205321834	shard_1455_batch_1.tar	35317248	63268	259066368	254055
2770	9734	AF-0000000205321822	shard_1705_batch_2.tar	45307904	136265	748601856	1303467
2770	10512	AF-0000000205321786	shard_1439_batch_1.tar	43654656	56098	294559744	205923
2775	6332	AF-0000000205303899	shard_1503_batch_1.tar	64345600	75808	333078528	423639
2775	6787	AF-0000000205303900	shard_1501_batch_1.tar	16459264	74922	351435264	413142
2782	4426	AF-0000000204182466	shard_1520_batch_1.tar	78433280	84348	263382016	502874
2783	8502	AF-0000000205287355	shard_1563_batch_1.tar	82936320	95938	674736128	611013
2783	9822	AF-0000000205287354	shard_1495_batch_1.tar	18617856	76025	372590592	383630
2784	3646	AF-0000000205298976	shard_1521_batch_1.tar	55882752	87083	532705280	501875
2784	3885	AF-0000000205298931	shard_1567_batch_1.tar	11778048	98134	200324608	663979
2784	4253	AF-0000000205298928	shard_1471_batch_1.tar	44250624	69087	222401024	317922
2784	6376	AF-0000000205298957	shard_1445_batch_1.tar	28716032	59573	117319168	216397
2784	6898	AF-0000000205298919	shard_1449_batch_1.tar	38496256	62456	229546496	245153
2784	7826	AF-0000000205298913	shard_1467_batch_1.tar	1567744	68936	403304960	311233
2784	9021	AF-0000000205298921	shard_1547_batch_1.tar	41354752	94320	623293952	578504
2784	9265	AF-0000000210444060	shard_1461_batch_1.tar	45960704	66593	282287104	282441
2784	9313	AF-0000000205298959	shard_1515_batch_1.tar	47046656	84273	194261504	475649
2784	9375	AF-0000000205298961	shard_1433_batch_1.tar	28024320	55066	139689984	184279
2784	9492	AF-0000000205298938	shard_1455_batch_1.tar	53811712	64379	151143424	264159
2784	10094	AF-0000000205298983	shard_1463_batch_1.tar	46208000	66734	389175296	281488
2784	10220	AF-0000000205298975	shard_1441_batch_1.tar	33077760	57341	126668288	203093
2784	10442	AF-0000000205298960	shard_1465_batch_1.tar	47452160	69431	408616448	303001
2784	10915	AF-0000000205298932	shard_1449_batch_1.tar	51696128	61577	242452992	239505
2786	4694	AF-0000000210444063	shard_1241_batch_2.tar	81903616	226495	1001445888	3544736
2786	5378	AF-0000000205325527	shard_1741_batch_2.tar	66501632	149814	652076032	1583076
2786	7014	AF-0000000205325529	shard_1767_batch_2.tar	23886336	158239	715266560	1735977
2786	8125	AF-0000000205325528	shard_1719_batch_2.tar	33965568	141128	576691200	1400759
2786	10290	AF-0000000205325525	shard_1729_batch_2.tar	47427584	145450	766622208	1472006
2788	6857	AF-0000000205285316	shard_1855_batch_2.tar	35712512	193791	184584192	2780533
2788	6999	AF-0000000205285317	shard_1649_batch_1.tar	71839232	119430	886333952	990106
2788	8815	AF-0000000205285295	shard_1721_batch_1.tar	124046336	141304	1618425856	1415315
2788	9866	AF-0000000205285314	shard_1269_batch_2.tar	90967552	241912	1364914688	4054286
2796	7647	AF-0000000204235014	shard_1325_batch_0.tar	315891200	327983	7065318400	7447679
2797	2346	AF-0000000210409043	shard_1866_batch_1.tar	126793216	193870	1090424832	2701833
2797	4449	AF-0000000203866639	shard_1286_batch_1.tar	23473664	254344	4356759040	4965948
2797	5153	AF-0000000203866646	shard_1832_batch_1.tar	141009920	177638	1131938816	2279621
2798	8277	AF-0000000210444166	shard_1796_batch_1.tar	138832384	167269	1523528704	2026154
2802	9313	AF-0000000204072817	shard_1778_batch_1.tar	133707776	162670	1729669120	1851476
2802	9658	AF-0000000204072796	shard_1740_batch_1.tar	144278528	149443	601532928	1480339
2802	9936	AF-0000000204072795	shard_1832_batch_1.tar	12160512	184697	895759360	2246256
2803	2143	AF-0000000205274609	shard_1621_batch_1.tar	70543872	112946	532618240	888175
2803	8711	AF-0000000205274617	shard_1617_batch_1.tar	25914368	112414	402180608	871333
2805	3697	AF-0000000210444220	shard_1881_batch_2.tar	47999488	204608	786891776	2891209
2806	9144	AF-0000000204850566	shard_1709_batch_0.tar	128534016	138266	1161959424	1355895
2808	3049	AF-0000000205326022	shard_1791_batch_2.tar	44610560	158844	503285760	1759106
2808	3494	AF-0000000205326037	shard_1491_batch_1.tar	12176896	73641	468015616	370736
2808	4800	AF-0000000205326029	shard_1463_batch_1.tar	18796544	65702	234243072	285526
2808	6945	AF-0000000205326046	shard_1497_batch_1.tar	13499904	75554	314372608	389953
2808	7060	AF-0000000205326028	shard_1453_batch_1.tar	37851136	61544	163717632	244628
2809	2008	AF-0000000204643658	shard_1457_batch_0.tar	49008128	62995	258133504	254480
2809	4270	AF-0000000204643638	shard_1625_batch_0.tar	45949952	113743	677617152	869232
2809	4378	AF-0000000204643645	shard_1417_batch_0.tar	10979328	44891	136104448	124588
2809	6978	AF-0000000204643683	shard_1417_batch_0.tar	24828928	45127	152767488	129337
2809	7376	AF-0000000204643630	shard_1419_batch_0.tar	25841664	46253	130411520	129128
2809	8923	AF-0000000204643631	shard_1419_batch_0.tar	34626560	46655	115982848	131352
2809	10041	AF-0000000204643682	shard_1427_batch_0.tar	38435328	50190	181326848	158907
2809	10889	AF-0000000204643637	shard_1445_batch_0.tar	18583552	58556	169325568	225643
2809	11091	AF-0000000204643670	shard_1409_batch_0.tar	7502336	37317	71288832	78712
2812	3295	AF-0000000204105567	shard_1682_batch_1.tar	60749824	127952	855993856	1045255
2812	4322	AF-0000000204105569	shard_1664_batch_1.tar	64058368	120941	316618240	947174
2819	7396	AF-0000000204695498	shard_1599_batch_0.tar	20667392	104985	275028992	798972
2819	8596	AF-0000000204695504	shard_1421_batch_0.tar	21544448	44711	172141056	137919
2819	9996	AF-0000000204695502	shard_1471_batch_0.tar	65897984	67337	420177920	302820
2819	10738	AF-0000000204695503	shard_1485_batch_0.tar	53459968	68913	349035520	348673
2821	4552	AF-0000000204306943	shard_1700_batch_2.tar	38843904	135531	303531008	1288174
2821	4589	AF-0000000204306948	shard_1590_batch_2.tar	29132288	104793	354168832	749483
2821	7826	AF-0000000204306896	shard_1464_batch_1.tar	13150208	68253	357357056	301922
2821	9262	AF-0000000204306974	shard_1724_batch_2.tar	15202304	145269	801052672	1444142
2822	4115	AF-0000000205328202	shard_1419_batch_1.tar	19620864	46562	160016384	124179
2822	8990	AF-0000000205328201	shard_1419_batch_1.tar	25847296	46959	107769344	118558
2822	10220	AF-0000000205328222	shard_1415_batch_1.tar	34649088	43878	168107520	114982
2823	2760	AF-0000000205312894	shard_1815_batch_2.tar	46134272	176260	492116480	1918534
2823	3607	AF-0000000205312572	shard_1231_batch_2.tar	14963200	213074	1206127104	2962229
2823	3613	AF-0000000205312709	shard_1879_batch_2.tar	6736896	206123	446824960	2759831
2823	3729	AF-0000000210444269	shard_1321_batch_2.tar	48453120	306002	3013382144	6803617
2823	3978	AF-0000000205312812	shard_1237_batch_2.tar	51011584	217241	792595456	3229516
2823	3987	AF-0000000205312650	shard_1293_batch_2.tar	8507904	266960	2493969408	4657785
2823	4150	AF-0000000205312543	shard_1821_batch_2.tar	86122496	178584	1220793344	2047198
2823	4433	AF-0000000205312646	shard_1251_batch_2.tar	102500352	231972	1447532032	3333437
2823	4728	AF-0000000210444300	shard_1307_batch_2.tar	82780672	283471	2666813952	5209120
2823	5020	AF-0000000205312635	shard_1807_batch_2.tar	35368448	171988	649307136	1874701
2823	5052	AF-0000000205312872	shard_1889_batch_2.tar	82824704	210910	548652032	2976297
2823	6566	AF-0000000205312544	shard_1821_batch_2.tar	20399104	178251	970281984	2057011
2823	6732	AF-0000000205312660	shard_1323_batch_2.tar	56906752	318737	3136001536	6424135
2823	6800	AF-0000000210444341	shard_1325_batch_2.tar	32378368	321867	681986048	6777562
2823	7404	AF-0000000205313174	shard_1851_batch_2.tar	62721536	191986	355433472	2305795
2823	7488	AF-0000000210444345	shard_1835_batch_2.tar	58925056	184973	1266682368	2139876
2823	7761	AF-0000000210444349	shard_1889_batch_2.tar	79670784	215118	1589526016	3051471
2823	7825	AF-0000000205312783	shard_1873_batch_2.tar	25784320	203028	543284224	2523165
2823	7893	AF-0000000205313085	shard_1793_batch_2.tar	28572672	167328	324823040	1723066
2823	8210	AF-0000000205313067	shard_1765_batch_2.tar	16959488	157384	759299072	1530933
2823	8244	AF-0000000205312870	shard_1233_batch_2.tar	61970944	213190	590699520	3094006
2823	8278	AF-0000000205313298	shard_1239_batch_2.tar	104728064	223230	578457088	3307514
2823	8392	AF-0000000205313296	shard_1251_batch_2.tar	99987968	230522	1102179328	3344924
2823	8467	AF-0000000205312976	shard_1813_batch_2.tar	66127360	173592	1154417664	1932854
2823	8712	AF-0000000210444365	shard_1315_batch_2.tar	84362752	294878	2262940672	5587746
2823	9223	AF-0000000205312981	shard_1291_batch_2.tar	128674816	260183	2411752448	4335111
2823	9363	AF-0000000205312781	shard_1819_batch_2.tar	38684160	177694	268709888	1988441
2823	9581	AF-0000000205312950	shard_1235_batch_2.tar	102240768	213769	1576749568	2998152
2823	9772	AF-0000000205313088	shard_1263_batch_2.tar	89911808	236220	901710848	3846568
2823	9782	AF-0000000205312697	shard_1779_batch_2.tar	45432832	161464	878356992	1619702
2823	9885	AF-0000000205312652	shard_1245_batch_2.tar	96362496	223163	626720256	3355022
2823	10308	AF-0000000205312634	shard_1859_batch_2.tar	52569600	196058	395129856	2558600
2823	10320	AF-0000000205312989	shard_1835_batch_2.tar	62204928	181673	971004416	2103018
2823	10377	AF-0000000205312912	shard_1265_batch_2.tar	75276800	234414	1014987264	3693251
2823	10471	AF-0000000205312671	shard_1243_batch_2.tar	77112832	223979	539039232	3304874
2823	10494	AF-0000000205312710	shard_1875_batch_2.tar	53806592	203560	665994240	2723571
2823	10614	AF-0000000205313119	shard_1239_batch_2.tar	17810432	219857	1005726720	3250819
2823	10699	AF-0000000205312949	shard_1329_batch_2.tar	77535232	340525	4056646144	7164517
2823	10898	AF-0000000205312613	shard_1303_batch_2.tar	106591744	279472	1734742528	5156401
2823	11047	AF-0000000210444386	shard_1255_batch_2.tar	59911168	229689	488413184	3467408
2827	4005	AF-0000000205271165	shard_1747_batch_1.tar	138496000	149948	379085824	1667959
2827	5043	AF-0000000205271174	shard_1707_batch_1.tar	46916096	136785	579570688	1352708
2827	9545	AF-0000000205271183	shard_1223_batch_2.tar	53677056	211946	1559901184	3249282
2827	9625	AF-0000000205271189	shard_1293_batch_2.tar	24407040	269801	1488825344	4876152
2828	2383	AF-0000000205325538	shard_1795_batch_2.tar	49538048	167090	513256448	1982272
2830	7423	AF-0000000203632146	shard_1290_batch_0.tar	27975168	262809	4810482688	4913405
2830	7455	AF-0000000203632148	shard_1764_batch_0.tar	136065536	155710	985855488	1679064
2830	8085	AF-0000000203632151	shard_1274_batch_0.tar	198405632	247406	2327954432	4328542
2830	10194	AF-0000000203632154	shard_1766_batch_0.tar	52893184	158028	537676288	1690468
2833	8176	AF-0000000210444407	shard_1749_batch_2.tar	64433664	153185	210228736	1695423
2834	3751	AF-0000000205332062	shard_1551_batch_1.tar	89826304	95540	696499712	592468
2834	8682	AF-0000000205332113	shard_1493_batch_1.tar	9713152	79157	527802880	400368
2834	9519	AF-0000000205332088	shard_1435_batch_1.tar	33534976	55607	218089984	190719
2837	3751	AF-0000000205287967	shard_1607_batch_1.tar	86391296	107713	431985664	783771
2837	4725	AF-0000000205287982	shard_1665_batch_1.tar	124184064	121556	459416064	1092156
2837	6594	AF-0000000205287975	shard_1531_batch_1.tar	19079680	85419	346243584	517583
2837	7286	AF-0000000205288011	shard_1637_batch_1.tar	2704896	111708	1106864640	960371
2837	9257	AF-0000000205288016	shard_1501_batch_1.tar	48989696	77709	203351040	421259
2837	9353	AF-0000000205287998	shard_1479_batch_1.tar	32318976	70601	396725760	334859
2837	10077	AF-0000000205288007	shard_1639_batch_1.tar	9973248	113150	951104512	980093
2839	5151	AF-0000000204155317	shard_1722_batch_2.tar	48394752	143800	828114432	1489080
2839	6863	AF-0000000210444421	shard_1786_batch_2.tar	79279104	164547	868339712	1939275
2840	3341	AF-0000000210444425	shard_1262_batch_0.tar	201269760	237444	2147890688	4026763
2841	10720	AF-0000000203671847	shard_1302_batch_0.tar	5305344	279813	565134848	5745209
2843	5079	AF-0000000205309096	shard_1655_batch_1.tar	12922880	122027	634045440	1035372
2843	10304	AF-0000000205309095	shard_1709_batch_2.tar	44337664	136696	153997312	1331264
2849	8110	AF-0000000205298213	shard_1265_batch_2.tar	95089152	234228	1029862912	3833801
2853	3997	AF-0000000204012703	shard_1758_batch_1.tar	5666816	153726	324733440	1699281
2853	10189	AF-0000000204012704	shard_1818_batch_1.tar	158716416	175317	1417709056	2245547
2856	2720	AF-0000000210410213	shard_1631_batch_1.tar	31913472	118480	650050048	936870
2859	5056	AF-0000000204747143	shard_1453_batch_0.tar	6330880	63517	141715456	262422
2859	9363	AF-0000000204747144	shard_1491_batch_0.tar	58323968	76106	189720576	367588
2864	4768	AF-0000000205272919	shard_1439_batch_1.tar	24087040	55226	119348224	201792
2864	6794	AF-0000000205272920	shard_1497_batch_1.tar	23748608	75902	273872896	389118
2870	7753	AF-0000000210444476	shard_1830_batch_0.tar	2894848	178494	1075497472	2441195
2874	4115	AF-0000000205272358	shard_1549_batch_1.tar	44289536	94260	522371584	559424
2874	8990	AF-0000000205272357	shard_1551_batch_1.tar	58107904	94727	302833152	608626
2875	3350	AF-0000000205302433	shard_1731_batch_2.tar	65481728	141122	509627392	1387900
2875	5043	AF-0000000205302443	shard_1609_batch_1.tar	52449280	105215	450296320	821427
2875	9943	AF-0000000205302431	shard_1507_batch_1.tar	12905984	78949	513974784	421913
2876	2726	AF-0000000204012750	shard_1846_batch_1.tar	43419136	190635	2661219328	2451438
2876	3997	AF-0000000204012743	shard_1698_batch_1.tar	121542656	136648	473301504	1273857
2876	6363	AF-0000000204012749	shard_1764_batch_1.tar	154120704	158889	1080559616	1689448
2876	6566	AF-0000000204012742	shard_1652_batch_1.tar	19081216	122248	1135876608	1024079
2877	3243	AF-0000000205270076	shard_1711_batch_1.tar	93820416	140844	908358144	1298971
2877	6095	AF-0000000205270078	shard_1765_batch_1.tar	150081536	157983	1889227264	1660403
2877	10711	AF-0000000205270074	shard_1711_batch_1.tar	122264576	139290	955001856	1320658
2900	4332	AF-0000000210444520	shard_1656_batch_0.tar	2686464	122647	371281920	1043487
2900	8836	AF-0000000210444539	shard_1802_batch_0.tar	47440384	169556	1086353408	2029784
2901	2785	AF-0000000210444062	shard_1585_batch_1.tar	71319552	103541	452091392	755569
2901	8733	AF-0000000205286921	shard_1573_batch_1.tar	32125952	100136	310711296	693567
2905	2275	AF-0000000205271981	shard_1857_batch_2.tar	86478848	194983	1280795136	2601485
2905	3704	AF-0000000205271975	shard_1763_batch_1.tar	18442752	156312	1951312896	1685091
2905	4754	AF-0000000205271991	shard_1239_batch_2.tar	57112576	222092	1246249984	3427449
2905	7303	AF-0000000205272030	shard_1777_batch_1.tar	124335104	161978	758898176	1883295
2905	7478	AF-0000000205272006	shard_1827_batch_2.tar	78495232	181336	413050880	2189352
2905	10316	AF-0000000205272019	shard_1741_batch_1.tar	65835008	149026	524864000	1512079
2908	6700	AF-0000000205282238	shard_1727_batch_1.tar	112572928	144286	1314553856	1400222
2908	7919	AF-0000000205282237	shard_1707_batch_1.tar	114688000	137773	930994176	1375698
2909	3993	AF-0000000210444561	shard_1717_batch_2.tar	1801728	136673	804314624	1446906
2910	2068	AF-0000000205326417	shard_1821_batch_2.tar	56752640	177843	1216434176	2262817
2910	9545	AF-0000000205326429	shard_1283_batch_2.tar	49467904	257078	1248146944	4711905
2911	2482	AF-0000000205302782	shard_1475_batch_1.tar	60048384	71481	196931584	351678
2911	2830	AF-0000000205302765	shard_1765_batch_2.tar	33242624	156196	861345280	1656805
2911	7605	AF-0000000205302817	shard_1707_batch_1.tar	131254784	139372	396619264	1339941
2911	10194	AF-0000000205302792	shard_1479_batch_1.tar	55578112	73193	351938560	355011
2912	9460	AF-0000000210444576	shard_1528_batch_0.tar	73422336	86196	348512256	515335
2913	4107	AF-0000000210444577	shard_1666_batch_1.tar	76619776	122659	352886272	1094743
2915	10277	AF-0000000210444580	shard_1794_batch_1.tar	81797120	161223	921389568	1794274
2918	9356	AF-0000000210444582	shard_1297_batch_1.tar	23885824	274544	4129191936	5052591
2922	10340	AF-0000000205295444	shard_1251_batch_2.tar	87773184	224083	621921792	3461227
2924	7161	AF-0000000205299008	shard_1781_batch_2.tar	79076864	164119	869348864	1911642
2927	2342	AF-0000000205306974	shard_1567_batch_1.tar	96437248	97471	259702784	651829
2929	2424	AF-0000000205333044	shard_1707_batch_2.tar	52026880	137904	249995776	1368529
2929	4423	AF-0000000205333059	shard_1831_batch_2.tar	49400320	184317	463570432	2378201
2929	6930	AF-0000000205333054	shard_1735_batch_2.tar	66643968	145355	735758336	1527052
2929	7247	AF-0000000210444592	shard_1823_batch_2.tar	18040320	180080	1077620736	2267784
2929	7697	AF-0000000205333057	shard_1751_batch_2.tar	20049408	150808	729918976	1647981
2929	7711	AF-0000000205333045	shard_1815_batch_2.tar	67260928	176125	1021561344	2176685
2929	8057	AF-0000000205333049	shard_1711_batch_2.tar	24694272	140144	212256768	1374844
2929	8206	AF-0000000205333052	shard_1729_batch_2.tar	9691136	144722	593929728	1511035
2929	8665	AF-0000000205333053	shard_1777_batch_2.tar	483840	161247	947150848	1826449
2929	8672	AF-0000000205333056	shard_1833_batch_2.tar	79171584	184530	396203520	2406453
2929	9938	AF-0000000205333058	shard_1703_batch_2.tar	34370048	136926	543898112	1324028
2930	5127	AF-0000000205279735	shard_1535_batch_1.tar	53350400	87408	511035904	527301
2932	6932	AF-0000000205323779	shard_1279_batch_2.tar	117418496	248943	1824822272	4515756
2932	7304	AF-0000000205323759	shard_1601_batch_1.tar	49090560	108240	342105600	823223
2932	10225	AF-0000000205323747	shard_1865_batch_2.tar	98245632	199143	1532270080	2737359
2933	3630	AF-0000000205315611	shard_1303_batch_2.tar	100534272	276453	479756800	4864767
2933	6675	AF-0000000205315599	shard_1791_batch_2.tar	12401152	160598	160702976	1831759
2933	7150	AF-0000000205315601	shard_1491_batch_1.tar	30114816	74332	384961536	365930
2933	7242	AF-0000000205315604	shard_1277_batch_2.tar	116448768	248254	243535872	3879108
2934	6909	AF-0000000205305592	shard_1867_batch_2.tar	11514880	203577	1076340736	2828530
2934	7723	AF-0000000205305590	shard_1283_batch_2.tar	42607616	259229	519638016	4765887
2935	3267	AF-0000000205306236	shard_1567_batch_1.tar	49977856	97026	800856064	603667
2935	3698	AF-0000000205306223	shard_1567_batch_1.tar	29945856	96987	421399040	608717
2935	3704	AF-0000000205306224	shard_1567_batch_1.tar	91450880	96911	212022784	609469
2936	6794	AF-0000000205321185	shard_1511_batch_1.tar	24324608	80640	410150912	442830
2936	8684	AF-0000000210444622	shard_1559_batch_1.tar	17348608	94728	491876864	599460
2939	7229	AF-0000000210444624	shard_1727_batch_2.tar	14713856	142570	262517760	1370411
2939	9968	AF-0000000205304956	shard_1693_batch_1.tar	2385920	134853	389791744	1278800
2943	6837	AF-0000000205279276	shard_1491_batch_1.tar	228352	77232	204156928	382779
2943	9997	AF-0000000205279310	shard_1849_batch_2.tar	14926848	188490	907568640	2461323
2944	2068	AF-0000000205326679	shard_1519_batch_1.tar	54124544	82436	332259840	484769
2944	9233	AF-0000000205326708	shard_1639_batch_1.tar	22218752	115930	427115008	973149
2946	3436	AF-0000000205311303	shard_1579_batch_1.tar	48041472	99750	785064960	663761
2949	4875	AF-0000000205323786	shard_1699_batch_2.tar	20914176	135387	679101952	1279288
2953	4253	AF-0000000205295470	shard_1573_batch_1.tar	87538176	98898	373667840	680521
2953	4701	AF-0000000205295465	shard_1517_batch_1.tar	4690944	81779	176793600	466143
2953	8816	AF-0000000205295456	shard_1747_batch_2.tar	15365632	149981	309427712	1623072
2953	9238	AF-0000000205295488	shard_1267_batch_2.tar	43262976	242657	1436034048	4352424
2958	10250	AF-0000000205286495	shard_1611_batch_1.tar	76700672	110272	906924032	802933
2958	10314	AF-0000000210444700	shard_1591_batch_1.tar	1153536	105953	523362304	719682
2980	3695	AF-0000000205301737	shard_1717_batch_1.tar	40030720	136968	1380028416	1391272
2980	5771	AF-0000000205301738	shard_1747_batch_2.tar	58169344	150459	655480832	1625126
2982	3976	AF-0000000204656331	shard_1429_batch_0.tar	46414848	52303	100784640	166769
2983	4709	AF-0000000205327037	shard_1681_batch_2.tar	20275712	127512	277865472	1104709
2983	4980	AF-0000000205327027	shard_1761_batch_2.tar	62239744	150848	201668608	1541518
2983	9841	AF-0000000205327028	shard_1671_batch_2.tar	21022208	124469	150737408	1003126
2983	10347	AF-0000000205327032	shard_1701_batch_2.tar	33717760	134079	583974400	1239518
2984	3748	AF-0000000205328632	shard_1503_batch_1.tar	7874560	81195	227224064	429442
2984	9257	AF-0000000205328691	shard_1453_batch_1.tar	33287168	63369	256177152	252914
2984	9519	AF-0000000205328656	shard_1431_batch_1.tar	36534272	54073	187846656	175644
2987	4253	AF-0000000204272467	shard_1646_batch_2.tar	35320320	120238	485984768	1012502
2987	9553	AF-0000000204272472	shard_1233_batch_0.tar	160834560	218659	1485761024	3353421
2988	9365	AF-0000000210444751	shard_1810_batch_2.tar	76058624	171840	388593152	2051523
2988	9881	AF-0000000210444753	shard_1700_batch_1.tar	2430976	133399	1497086976	1250211
2988	11044	AF-0000000210444758	shard_1756_batch_1.tar	44932608	152146	1270877696	1672274
2993	2377	AF-0000000205300285	shard_1313_batch_2.tar	122776576	290971	1478871552	6394019
2993	7094	AF-0000000205300256	shard_1297_batch_2.tar	30184448	268221	1333306880	5392104
2993	9695	AF-0000000205300273	shard_1307_batch_2.tar	77402112	281670	2825150976	5984506
2993	10849	AF-0000000205300280	shard_1289_batch_2.tar	13286912	260669	2390641152	5043180
2996	7190	AF-0000000205273134	shard_1733_batch_1.tar	126417408	142900	483611136	1465797
2996	7746	AF-0000000205273131	shard_1807_batch_2.tar	34347008	169353	940642304	2041097
2997	7403	AF-0000000205309105	shard_1553_batch_1.tar	14612480	94933	722569216	582553
2999	2197	AF-0000000203675694	shard_1282_batch_0.tar	183024640	252826	3143357952	4765412
3027	2724	AF-0000000205333202	shard_1667_batch_2.tar	46610432	125111	490416128	1096009
3044	2140	AF-0000000203903051	shard_1820_batch_1.tar	173688320	178411	1111035904	2090689
3044	2823	AF-0000000203903056	shard_1232_batch_1.tar	200193536	218252	817927680	2911838
3049	2987	AF-0000000204097981	shard_1224_batch_2.tar	3151360	207721	1577299456	3011222
3064	2292	AF-0000000204754070	shard_1451_batch_0.tar	27195904	60778	286499840	208410
3065	2905	AF-0000000203692907	shard_1282_batch_0.tar	146904576	257537	4520449024	4691050
3066	2080	AF-0000000205319768	shard_1815_batch_2.tar	66048000	174452	1195808256	2239503
3066	2178	AF-0000000205319760	shard_1773_batch_2.tar	54049792	156998	625898496	1853514
3066	2196	AF-0000000205319796	shard_1821_batch_2.tar	75047936	171962	1207989248	2252448
3066	2912	AF-0000000205319740	shard_1719_batch_2.tar	37870080	138943	692251136	1473350
3071	2055	AF-0000000205274306	shard_1259_batch_2.tar	50352640	232328	1524558848	4210407
3071	2624	AF-0000000205274309	shard_1235_batch_2.tar	7797760	214203	1158549504	3573698
3071	2736	AF-0000000205274313	shard_1889_batch_2.tar	24569856	211486	1038918144	3416860
3071	2965	AF-0000000205274304	shard_1267_batch_2.tar	108346880	238267	1246574592	4436726
3072	2646	AF-0000000210410029	shard_1709_batch_2.tar	9508352	131957	200011776	1268485
3077	2946	AF-0000000205316428	shard_1843_batch_2.tar	84203008	187638	1382203392	2548347
3087	2141	AF-0000000205273492	shard_1671_batch_1.tar	69524480	121708	1165045248	1085524
3096	2437	AF-0000000205298424	shard_1559_batch_1.tar	69896192	95471	325618688	585086
3126	2113	AF-0000000210376109	shard_1790_batch_1.tar	110521344	164661	1284945408	1890451
3153	2196	AF-0000000205315774	shard_1713_batch_2.tar	25810944	134768	559959040	1423060
3194	2276	AF-0000000210408465	shard_1837_batch_2.tar	41266688	182341	203598848	2433663
3202	2384	AF-0000000210409239	shard_1742_batch_1.tar	15262720	146246	1616593920	1548921
3202	2385	AF-0000000210409242	shard_1714_batch_1.tar	135856128	137622	556379648	1384598
3202	2702	AF-0000000210410180	shard_1772_batch_1.tar	28239872	157309	320623616	1764900
3202	2860	AF-0000000210444458	shard_1758_batch_1.tar	144446464	152113	1077481472	1653374
3217	2862	AF-0000000205286211	shard_1525_batch_1.tar	48658944	87241	494946816	495889
3227	2303	AF-0000000205288925	shard_1331_batch_2.tar	48775680	348346	2921762816	9037624
3234	2197	AF-0000000205276153	shard_1749_batch_1.tar	94098432	149139	979954688	1588179
3256	2374	AF-0000000204703574	shard_1517_batch_0.tar	8805888	81609	523030016	463241
3335	2916	AF-0000000203711622	shard_1316_batch_0.tar	4484608	306750	3750371328	7016566
3390	2724	AF-0000000205307415	shard_1769_batch_2.tar	10449408	158315	953510400	1748015
3391	2130	AF-0000000203734936	shard_1232_batch_0.tar	113455616	220004	1160508416	3354598
3391	2382	AF-0000000203734991	shard_1654_batch_0.tar	79744512	124494	615655936	1064635
3391	2823	AF-0000000203735012	shard_1878_batch_0.tar	100870144	208662	2399427072	2812572
3426	2385	AF-0000000205292404	shard_1629_batch_1.tar	73169408	115752	434650112	919335
3446	2285	AF-0000000205329718	shard_1629_batch_1.tar	32414720	115498	359009280	884214
3452	2800	AF-0000000205336981	shard_1571_batch_1.tar	46483968	99876	683412992	673462
3460	2797	AF-0000000204181525	shard_1878_batch_2.tar	89492992	202556	706987008	2962222
3467	2802	AF-0000000203902086	shard_1754_batch_1.tar	119616000	152694	1590899200	1708373
3488	2470	AF-0000000205309113	shard_1785_batch_2.tar	74841088	163699	234770944	1834608
3504	2447	AF-0000000205280132	shard_1425_batch_1.tar	7033856	49190	239814144	158947
3509	2142	AF-0000000205327903	shard_1595_batch_1.tar	54086656	104327	850527744	764062
3587	2732	AF-0000000205273185	shard_1303_batch_2.tar	21629952	274146	786624000	5718329
3606	2783	AF-0000000205294249	shard_1615_batch_1.tar	87777280	107105	638597632	829489
3606	2823	AF-0000000205294264	shard_1877_batch_2.tar	40109568	203498	1062214144	2649284
3623	2732	AF-0000000205327952	shard_1823_batch_2.tar	39410176	174946	642576384	2288380
3626	2739	AF-0000000205271221	shard_1603_batch_1.tar	44157952	109833	492393472	799059
3643	2504	AF-0000000210409705	shard_1710_batch_1.tar	114770432	141274	788466688	1336706
3646	2724	AF-0000000205311776	shard_1661_batch_1.tar	55736832	125659	629787136	1084375
3678	2424	AF-0000000205293005	shard_1745_batch_2.tar	11837952	149251	151738880	1554967
3678	2929	AF-0000000205293028	shard_1819_batch_2.tar	33606144	177509	581609984	2190717
3695	2178	AF-0000000203877257	shard_1770_batch_1.tar	56728064	156095	1804058624	1853424
3695	2196	AF-0000000203877317	shard_1818_batch_1.tar	55340544	170725	1958142976	2243913
3695	2912	AF-0000000203877226	shard_1718_batch_1.tar	66837504	138296	926195712	1459081
3697	2057	AF-0000000204781194	shard_1781_batch_2.tar	77799424	161798	410036736	1770419
3697	2441	AF-0000000204781142	shard_1843_batch_0.tar	54511104	188423	613892608	2372750
3698	2722	AF-0000000203471697	shard_1728_batch_0.tar	4872192	141249	1624753664	1449913
3699	2722	AF-0000000210410216	shard_1728_batch_0.tar	127414272	141025	442840576	1441974
3704	2722	AF-0000000203472032	shard_1728_batch_0.tar	84446720	140729	1371532288	1442805
3705	2722	AF-0000000203472834	shard_1728_batch_0.tar	110396928	141047	592426496	1444154
3706	2080	AF-0000000203877547	shard_1820_batch_1.tar	20432384	175212	2269358592	2296890
3706	2196	AF-0000000203877600	shard_1824_batch_1.tar	175631360	172607	2321123840	2297888
3723	2632	AF-0000000203651132	shard_1312_batch_0.tar	222577152	300462	1840335872	6133667
3727	2579	AF-0000000204008157	shard_1278_batch_1.tar	87919104	255965	616326656	4524504
3728	2579	AF-0000000204008197	shard_1280_batch_1.tar	172713472	256103	3487589888	4527175
3732	2080	AF-0000000203544327	shard_1820_batch_0.tar	149959680	176783	2090123776	2341751
3732	2196	AF-0000000203544363	shard_1824_batch_0.tar	177664	174898	1831191040	2315545
3736	2690	AF-0000000203863421	shard_1492_batch_0.tar	75284480	76384	167186432	381685
3736	2844	AF-0000000203863425	shard_1496_batch_0.tar	70460416	77382	147363840	383285
3759	2141	AF-0000000210376170	shard_1698_batch_1.tar	12367872	130563	745241600	1265358
3759	2760	AF-0000000210410383	shard_1486_batch_0.tar	3864064	75405	268178432	355265
3760	2080	AF-0000000203879192	shard_1822_batch_1.tar	119276544	177374	2413234176	2349058
3760	2196	AF-0000000203879258	shard_1826_batch_1.tar	60384256	175058	1440449024	2337676
3760	2700	AF-0000000203879223	shard_1736_batch_1.tar	88767488	145543	1240132608	1589144
3771	2141	AF-0000000204795762	shard_1725_batch_0.tar	87543808	137891	665376768	1413821
3771	2760	AF-0000000204795778	shard_1513_batch_0.tar	30167552	83331	286343680	458418
3787	2130	AF-0000000203734217	shard_1262_batch_0.tar	193720832	240644	2583513088	4005166
3791	2738	AF-0000000210410297	shard_1687_batch_0.tar	111358464	131246	379215360	1202495
3796	2374	AF-0000000204713325	shard_1607_batch_0.tar	101815296	104035	962342400	766960
3806	2516	AF-0000000203717445	shard_1860_batch_0.tar	178018304	188369	2943776768	2593338
3810	2950	AF-0000000210444679	shard_1317_batch_1.tar	216194560	296909	5985504768	7091247
3812	2604	AF-0000000204408881	shard_1442_batch_1.tar	30422528	58273	120949248	216182
3820	2437	AF-0000000203829067	shard_1558_batch_0.tar	43017216	95435	744959488	575226
3821	2985	AF-0000000203948521	shard_1842_batch_1.tar	45421568	185016	1815400448	2264116
3823	2698	AF-0000000204848768	shard_1583_batch_0.tar	84610560	102018	488882688	759816
3836	2732	AF-0000000204848821	shard_1257_batch_1.tar	161524736	231116	4002738688	3970394
3842	2905	AF-0000000203556357	shard_1644_batch_0.tar	89662976	121800	688738816	968356
3849	2141	AF-0000000203863470	shard_1692_batch_1.tar	84316160	127985	1214140416	1187976
3855	2821	AF-0000000204315267	shard_1448_batch_1.tar	27207680	61457	310563328	238854
3858	2031	AF-0000000203732156	shard_1256_batch_0.tar	151387648	235627	1826685440	3851142
3858	2104	AF-0000000203732206	shard_1286_batch_0.tar	191449088	262614	3764069376	4601807
3858	2130	AF-0000000203732153	shard_1322_batch_0.tar	73263616	322473	6736205824	6977191
3858	2382	AF-0000000203732208	shard_1242_batch_0.tar	206454272	227563	3483457024	3444251
3858	2761	AF-0000000203732176	shard_1866_batch_0.tar	53369856	200910	472440832	2702638
3864	2437	AF-0000000203828941	shard_1554_batch_0.tar	35436032	94954	499394560	573071
3869	2143	AF-0000000204643933	shard_1411_batch_0.tar	13467648	39496	143927296	94182
3869	2803	AF-0000000204643949	shard_1617_batch_0.tar	34319360	112282	375607296	869342
3885	2381	AF-0000000204566121	shard_1613_batch_0.tar	60129792	109156	646502912	846593
3885	2604	AF-0000000204566157	shard_1536_batch_2.tar	34349568	89081	258474496	552432
3897	2424	AF-0000000204765268	shard_1735_batch_0.tar	115207168	147067	892061696	1502673
3897	2929	AF-0000000204765287	shard_1811_batch_0.tar	102028288	174695	1731311104	2140266
3910	2788	AF-0000000204257870	shard_1638_batch_2.tar	5534208	116781	283671040	991610
3936	2130	AF-0000000203624490	shard_1330_batch_0.tar	317579776	345560	3253529600	8429961
3939	2850	AF-0000000203854450	shard_1848_batch_1.tar	7168512	192236	2131134976	2360114
3940	2134	AF-0000000204173022	shard_1748_batch_2.tar	61352960	154318	237972480	1641078
4002	2739	AF-0000000210410308	shard_1797_batch_1.tar	33583104	167130	1451129856	2027536
4004	2744	AF-0000000203899361	shard_1438_batch_0.tar	19724288	56127	246846464	195856
4086	2637	AF-0000000204706101	shard_1741_batch_0.tar	113542144	146298	1663064576	1438717
4086	2705	AF-0000000204706108	shard_1739_batch_0.tar	57891840	145111	1200775680	1413862
4108	2143	AF-0000000204795645	shard_1637_batch_0.tar	8283648	116999	503097344	969866
4108	2153	AF-0000000210408103	shard_1733_batch_0.tar	69204480	146316	351702528	1482707
4116	2303	AF-0000000210408592	shard_1296_batch_0.tar	185718784	269453	1288431616	5345738
4117	2303	AF-0000000210408593	shard_1298_batch_0.tar	232644608	272188	5455350784	5412358
4128	2115	AF-0000000210376126	shard_1834_batch_1.tar	99713024	183074	1988378112	2359378
4131	2927	AF-0000000210444588	shard_1736_batch_1.tar	100165632	143905	1073875968	1488001
4131	2991	AF-0000000210444761	shard_1250_batch_2.tar	75536384	224890	320806912	3812272
4143	2720	AF-0000000204850675	shard_1575_batch_0.tar	99917312	102685	860418560	711685
4143	2856	AF-0000000204850672	shard_1603_batch_0.tar	2576896	111668	579960832	817983
4150	2115	AF-0000000203451237	shard_1754_batch_0.tar	144092160	150737	517745664	1637561
4150	2917	AF-0000000203451229	shard_1672_batch_0.tar	79345664	128230	972058112	1152016
4153	2760	AF-0000000203863301	shard_1562_batch_1.tar	33020928	96904	416537600	630245
4155	2705	AF-0000000204708682	shard_1737_batch_0.tar	22230016	145594	1660900352	1409350
4169	2908	AF-0000000204798432	shard_1637_batch_0.tar	72405504	117586	886616064	936933
4205	2614	AF-0000000210409940	shard_1780_batch_0.tar	62735872	160754	1659305984	1766054
4210	2514	AF-0000000203618697	shard_1714_batch_0.tar	3336704	141912	1401067520	1320880
4211	2514	AF-0000000203619034	shard_1714_batch_0.tar	50511872	141398	1008707584	1309565
4212	2514	AF-0000000203619045	shard_1714_batch_0.tar	91412480	140920	278712832	1314742
4224	2129	AF-0000000204558843	shard_1629_batch_0.tar	106321920	115492	776737280	895831
4224	2147	AF-0000000204558864	shard_1508_batch_2.tar	4017664	82525	149175808	442003
4224	2200	AF-0000000204558989	shard_1606_batch_2.tar	18039296	109037	154624000	814335
4225	2512	AF-0000000210409719	shard_1794_batch_1.tar	22431744	163997	2081499136	2017755
4225	2823	AF-0000000210444286	shard_1242_batch_1.tar	122528768	222883	1729428992	3278561
4234	2987	AF-0000000204490414	shard_1612_batch_2.tar	30538240	110221	265266688	850775
4235	2953	AF-0000000204538896	shard_1594_batch_2.tar	7203840	104461	197093376	764236
4237	2434	AF-0000000204552372	shard_1446_batch_2.tar	10705408	60319	117998592	224260
4237	2761	AF-0000000204552291	shard_1452_batch_2.tar	20943360	62910	68606464	242542
4238	2744	AF-0000000204320367	shard_1430_batch_1.tar	22239232	52876	168900608	178623
4238	2802	AF-0000000204320260	shard_1702_batch_2.tar	52039680	136647	179692544	1298592
4241	2359	AF-0000000210409158	shard_1778_batch_0.tar	26764800	164928	610311168	1887089
4244	2012	AF-0000000204473406	shard_1273_batch_0.tar	162866688	250261	1212256768	4399525
4256	2382	AF-0000000204344452	shard_1484_batch_1.tar	32134656	73895	279463936	368328
4257	2802	AF-0000000204349412	shard_1684_batch_2.tar	34950144	132760	440835584	1153501
4259	2761	AF-0000000204510234	shard_1414_batch_2.tar	20468736	42895	87632896	112262
4261	2382	AF-0000000204403918	shard_1638_batch_2.tar	25877504	117762	206516736	1006091
4274	2535	AF-0000000203999790	shard_1696_batch_1.tar	6556160	128981	391984128	1109051
4275	2535	AF-0000000203999823	shard_1696_batch_1.tar	82125312	128826	1270728192	1104315
4279	2341	AF-0000000204795953	shard_1651_batch_0.tar	83191296	122998	419840512	1039581
4283	2434	AF-0000000204361712	shard_1538_batch_1.tar	72975872	91223	672360960	556701
4283	2744	AF-0000000204361618	shard_1552_batch_2.tar	20123648	95635	302381056	621341
4284	2434	AF-0000000204531494	shard_1474_batch_2.tar	21062656	67992	143031296	319687
4285	2770	AF-0000000204487185	shard_1436_batch_2.tar	24763904	55875	99322368	201979
4285	2784	AF-0000000204487132	shard_1446_batch_1.tar	52842496	60471	161116672	235380
4292	2275	AF-0000000204165640	shard_1842_batch_2.tar	58846720	185040	1051409920	2393779
4296	2634	AF-0000000203673231	shard_1616_batch_0.tar	94356480	111677	431753728	843743
4296	2635	AF-0000000203673232	shard_1708_batch_0.tar	27721728	137786	1333143552	1269291
4297	2275	AF-0000000210408458	shard_1682_batch_0.tar	122809344	128548	879419904	1147413
4297	2635	AF-0000000210410001	shard_1546_batch_0.tar	31887872	92379	503984128	572422
4303	2705	AF-0000000204707805	shard_1741_batch_0.tar	50478080	146119	1415638016	1425878
4306	2678	AF-0000000204137217	shard_1436_batch_1.tar	9488384	55789	215903232	198066
4315	2802	AF-0000000210444191	shard_1698_batch_2.tar	49669120	137008	388751360	1218225
4316	2744	AF-0000000204518753	shard_1424_batch_2.tar	2637312	49250	116100608	148858
4324	2378	AF-0000000203721396	shard_1750_batch_0.tar	68137984	148997	1088369152	1717519
4325	2823	AF-0000000204007510	shard_1782_batch_1.tar	155711488	163425	1011905024	1664420
4327	2788	AF-0000000204257678	shard_1618_batch_2.tar	3698688	111225	195235840	910936
4331	2722	AF-0000000203513776	shard_1738_batch_0.tar	15552512	145365	865854976	1507705
4332	2702	AF-0000000203862962	shard_1576_batch_1.tar	60931584	101184	535037952	677348
4335	2150	AF-0000000204679261	shard_1659_batch_0.tar	52358656	116631	267982848	976255
4335	2433	AF-0000000204679244	shard_1751_batch_0.tar	121160192	145493	1017198592	1564422
4351	2606	AF-0000000204722827	shard_1837_batch_0.tar	37111808	182159	1779414528	2457978
4352	2606	AF-0000000204722904	shard_1837_batch_0.tar	22975488	181954	1891988480	2465903
4358	2630	AF-0000000210409984	shard_1326_batch_1.tar	316648448	328626	2494482432	7496007
4358	2746	AF-0000000210410350	shard_1248_batch_1.tar	40803328	229158	1760609792	3815620
4361	2841	AF-0000000203806847	shard_1334_batch_1.tar	17602048	389176	5702220288	11127586
4363	2227	AF-0000000204852666	shard_1453_batch_0.tar	4322304	62075	320365056	246795
4378	2143	AF-0000000204678296	shard_1415_batch_0.tar	7230464	42355	123353088	113507
4378	2739	AF-0000000204678315	shard_1451_batch_0.tar	49787392	61816	311379968	247720
4393	2823	AF-0000000204118312	shard_1878_batch_2.tar	42988032	207589	780458496	2726787
4398	2109	AF-0000000204050189	shard_1430_batch_0.tar	49825280	52618	145253888	173834
4408	2068	AF-0000000203704491	shard_1234_batch_0.tar	192323584	216275	719381504	3457251
4430	2118	AF-0000000203804412	shard_1290_batch_1.tar	229692416	264476	4671627776	5145478
4433	2140	AF-0000000203903043	shard_1846_batch_1.tar	175109632	192234	1301487104	2494504
4434	2140	AF-0000000210376161	shard_1846_batch_1.tar	66758656	192303	2611831808	2459883
4434	2823	AF-0000000210444293	shard_1250_batch_1.tar	58466304	232161	3930554880	3303692
4440	2382	AF-0000000205275476	shard_1525_batch_1.tar	83287040	87888	227936256	506176
4440	2724	AF-0000000205275511	shard_1601_batch_1.tar	12022784	108493	694208000	807420
4457	2141	AF-0000000204714351	shard_1769_batch_0.tar	45680640	153431	1387024896	1711243
4459	2953	AF-0000000210444689	shard_1812_batch_1.tar	109993984	174812	1982284800	2268330
4479	2782	AF-0000000205334040	shard_1637_batch_2.tar	21072896	114908	299345920	971238
4511	2588	AF-0000000204270956	shard_1596_batch_2.tar	22460416	106934	383703040	781650
4511	2589	AF-0000000204270960	shard_1598_batch_2.tar	16935424	107278	288475136	799362
4511	2746	AF-0000000204270958	shard_1730_batch_2.tar	28600320	144535	316550656	1508674
4515	2744	AF-0000000210410338	shard_1456_batch_1.tar	10451968	64855	150124544	267324
4515	2761	AF-0000000210410507	shard_1452_batch_1.tar	5802496	62837	240193024	256391
4515	2804	AF-0000000210444206	shard_1630_batch_2.tar	32145408	117566	469318656	916420
4525	2830	AF-0000000205283781	shard_1249_batch_2.tar	18997248	227002	1280163328	3648601
4529	2932	AF-0000000205322427	shard_1779_batch_2.tar	15060480	160963	370930176	1802837
4531	2162	AF-0000000205280497	shard_1247_batch_2.tar	63127040	227877	631488000	3579052
4531	2377	AF-0000000205280538	shard_1261_batch_2.tar	55294976	238960	2146865152	3859785
4539	2359	AF-0000000205300115	shard_1761_batch_2.tar	15008256	158742	149933056	1747474
4552	2360	AF-0000000204667327	shard_1667_batch_0.tar	95040512	124396	1030248448	1059713
4571	2923	AF-0000000203911344	shard_1680_batch_1.tar	71769088	128628	738988544	1120960
4574	2733	AF-0000000205273506	shard_1753_batch_1.tar	126896640	151523	1609264640	1540192
4583	2996	AF-0000000204473588	shard_1672_batch_2.tar	50073600	124714	210610688	1091408
4588	2732	AF-0000000204207971	shard_1301_batch_0.tar	266680832	274376	3157730304	5533889
4589	2802	AF-0000000204819056	shard_1835_batch_1.tar	26165248	184194	2434381312	2442792
4612	2664	AF-0000000204430558	shard_1319_batch_0.tar	278217728	307643	4319285248	6467475
4620	2803	AF-0000000204678023	shard_1717_batch_0.tar	112260096	141226	662406144	1436151
4684	2839	AF-0000000204771301	shard_1707_batch_0.tar	60757504	140499	608457728	1339241
4687	2823	AF-0000000205305276	shard_1805_batch_2.tar	10816000	170973	639972864	1872489
4688	2346	AF-0000000210409074	shard_1252_batch_1.tar	98786816	219991	2178661888	3515923
4697	2637	AF-0000000205297946	shard_1749_batch_2.tar	13430784	149879	914383360	1507429
4700	2637	AF-0000000204706329	shard_1743_batch_0.tar	143359488	146783	1229241856	1449694
4700	2705	AF-0000000204706333	shard_1739_batch_0.tar	26865664	145852	462635520	1431815
4715	2118	AF-0000000203804414	shard_1242_batch_1.tar	80494592	225672	3144472576	3738319
4734	2841	AF-0000000210444432	shard_1260_batch_2.tar	48971264	238931	433972736	4134345
4747	2933	AF-0000000204764803	shard_1467_batch_0.tar	56384000	65559	208742912	287000
4749	2126	AF-0000000204793790	shard_1433_batch_0.tar	49495552	55177	164304384	163108
4767	2178	AF-0000000203871037	shard_1824_batch_1.tar	30947840	179490	2245438976	2386322
4790	2543	AF-0000000210409832	shard_1284_batch_0.tar	24828416	256395	2724415488	4487828
4791	2115	AF-0000000204850834	shard_1739_batch_0.tar	43758080	146059	862987776	1473291
4794	2830	AF-0000000203636026	shard_1876_batch_0.tar	153158144	203049	1706196992	2875214
4800	2843	AF-0000000204602578	shard_1449_batch_0.tar	33056768	60783	293883392	234705
4808	2724	AF-0000000204578958	shard_1701_batch_0.tar	115297792	135388	1076912640	1300588
4809	2619	AF-0000000204851124	shard_1475_batch_0.tar	50580480	70302	349491712	325930
4844	2407	AF-0000000210409352	shard_1304_batch_1.tar	60406272	280346	2315167744	5161776
4855	2843	AF-0000000204124753	shard_1786_batch_2.tar	63483392	161769	651095552	1784961
4900	2382	AF-0000000203741481	shard_1656_batch_0.tar	38831616	122647	457689600	998659
4912	2062	AF-0000000204686348	shard_1299_batch_0.tar	204644352	274366	1138266624	5243086
4913	2377	AF-0000000204621022	shard_1783_batch_0.tar	110622720	158584	1296273920	1785267
4913	2905	AF-0000000204621020	shard_1769_batch_0.tar	103154176	155284	1863963136	1706965
4921	2644	AF-0000000210410024	shard_1240_batch_0.tar	103974400	220597	3008775680	3803951
4927	2761	AF-0000000204797328	shard_1477_batch_0.tar	39438848	72270	402252288	347169
4940	2183	AF-0000000204635072	shard_1789_batch_0.tar	36546048	165431	1896287232	1910982
4949	2140	AF-0000000203903842	shard_1238_batch_1.tar	200992768	224007	3373930496	3191692
4949	2823	AF-0000000203903852	shard_1288_batch_1.tar	108354560	263298	2463026176	4144062
4952	2797	AF-0000000204765448	shard_1693_batch_0.tar	115525120	129532	1253563904	1213885
4956	2579	AF-0000000204008308	shard_1280_batch_1.tar	191370240	257472	2209097216	4572536
4960	2358	AF-0000000210409157	shard_1566_batch_1.tar	69978624	95433	266847744	570925
4960	2590	AF-0000000210409912	shard_1596_batch_1.tar	7733760	102711	299846656	668332
4972	2744	AF-0000000204290975	shard_1458_batch_1.tar	33574400	66159	224285184	276979
4978	2715	AF-0000000203454512	shard_1838_batch_0.tar	66631680	184373	1951011840	2433794
4985	2342	AF-0000000204818238	shard_1603_batch_0.tar	103355392	108301	359859712	741460
4986	2068	AF-0000000204851686	shard_1443_batch_0.tar	20580864	57171	217305088	203846
4988	2823	AF-0000000204851823	shard_1311_batch_1.tar	221120512	290764	5717706752	5268782
4989	2442	AF-0000000203792102	shard_1254_batch_1.tar	126582272	235144	3442002944	3930046
5018	2737	AF-0000000204801967	shard_1617_batch_0.tar	76352512	113261	679044096	865620
5064	2636	AF-0000000203716507	shard_1684_batch_0.tar	72468992	129257	479086080	1202663
5083	2218	AF-0000000210408384	shard_1658_batch_1.tar	21051392	123396	1004557824	1062029
5083	2304	AF-0000000210408597	shard_1732_batch_2.tar	9895936	146362	422684672	1536714
5083	2346	AF-0000000210409081	shard_1820_batch_2.tar	83666432	174997	933224960	2221915
5109	2800	AF-0000000210444188	shard_1807_batch_0.tar	101594112	168302	1656724992	2082151
5109	2839	AF-0000000210444420	shard_1837_batch_1.tar	181018624	181610	1991059968	2400646
5170	2841	AF-0000000205317814	shard_1303_batch_2.tar	91942912	279603	985454592	5672457
5178	2579	AF-0000000203508004	shard_1280_batch_0.tar	191315456	258344	3601157632	4657740
5179	2162	AF-0000000210408197	shard_1784_batch_0.tar	156258816	162896	1757648896	1917191
5198	2750	AF-0000000204765239	shard_1431_batch_0.tar	45293056	53098	172767232	169764
5209	2544	AF-0000000203937182	shard_1852_batch_1.tar	93294592	193825	938065408	2671741
5220	2096	AF-0000000204152659	shard_1778_batch_2.tar	70608384	159606	826007552	1843911
5232	2755	AF-0000000203663559	shard_1850_batch_0.tar	171148800	191435	1976974848	2425445
5232	2932	AF-0000000203663611	shard_1886_batch_0.tar	154220544	212188	3048352256	3028417
5244	2068	AF-0000000203661344	shard_1828_batch_0.tar	40299008	181411	561326080	2400950
5262	2192	AF-0000000203959608	shard_1860_batch_1.tar	163344384	195853	1498643968	2728853
5265	2678	AF-0000000204137033	shard_1436_batch_1.tar	42762240	55118	191073280	187793
5319	2827	AF-0000000205331617	shard_1793_batch_2.tar	50264064	167447	186345472	1905228
5321	2084	AF-0000000205284396	shard_1747_batch_1.tar	87495168	148710	543926272	1584664
5322	2808	AF-0000000205271020	shard_1489_batch_1.tar	65695232	73369	466857984	364459
5326	2944	AF-0000000203682748	shard_1588_batch_0.tar	78823936	102934	446835712	774158
5335	2823	AF-0000000205310026	shard_1873_batch_2.tar	10697728	202354	1408817664	2685616
5337	2702	AF-0000000205322139	shard_1723_batch_2.tar	38389760	143798	146072576	1438764
5339	2936	AF-0000000205299832	shard_1631_batch_1.tar	71631872	113489	1023414784	837157
5344	2540	AF-0000000203519531	shard_1706_batch_0.tar	118300160	134023	1346720256	1265359
5346	2802	AF-0000000204399360	shard_1715_batch_0.tar	41076224	142288	268182016	1378425
5346	2996	AF-0000000204399433	shard_1656_batch_2.tar	43693568	121098	217201152	1044191
5355	2115	AF-0000000204474419	shard_1293_batch_0.tar	194733568	263677	4117378560	5045428
5373	2943	AF-0000000204437575	shard_1444_batch_1.tar	45885440	59306	234664960	219160
5374	2783	AF-0000000205290166	shard_1529_batch_1.tar	7240192	86012	407347712	498972
5379	2823	AF-0000000204656649	shard_1229_batch_0.tar	108099072	215622	3387709440	2814710
5382	2358	AF-0000000204673150	shard_1567_batch_0.tar	49741824	95897	306011136	572847
5382	2590	AF-0000000204673148	shard_1597_batch_0.tar	103349760	103060	658628096	683015
5383	2358	AF-0000000204673162	shard_1567_batch_0.tar	41058304	96292	613430784	571493
5383	2590	AF-0000000204673161	shard_1597_batch_0.tar	97757184	103485	515629568	686434
5390	2328	AF-0000000205302583	shard_1279_batch_2.tar	57832448	247030	1740065280	4450554
5399	2062	AF-0000000205278178	shard_1603_batch_1.tar	62704128	110125	545758720	827709
5399	2274	AF-0000000205278203	shard_1441_batch_1.tar	5164544	56900	230963712	213773
5399	2744	AF-0000000205278192	shard_1451_batch_1.tar	11917824	62081	283781632	247972
5411	2783	AF-0000000205303625	shard_1771_batch_2.tar	15019520	157735	302465024	1642980
5411	2944	AF-0000000205303651	shard_1769_batch_2.tar	41475072	156269	580376576	1625948
5420	2678	AF-0000000210410153	shard_1434_batch_1.tar	51426816	54894	173765120	182073
5429	2071	AF-0000000210375948	shard_1746_batch_2.tar	69327872	148586	876147200	1580688
5431	2823	AF-0000000204021825	shard_1770_batch_1.tar	26053632	158733	1924002816	1552463
5434	2823	AF-0000000204852406	shard_1245_batch_1.tar	80992768	222693	3218720768	3052335
5452	2446	AF-0000000210409444	shard_1712_batch_1.tar	129270272	140175	1295285248	1335863
5452	2641	AF-0000000210410014	shard_1692_batch_1.tar	100751360	134367	979212288	1215408
5461	2346	AF-0000000210409084	shard_1820_batch_0.tar	17154560	176680	974507008	2210723
5469	2512	AF-0000000204821725	shard_1719_batch_0.tar	17973248	137428	749405184	1422210
5470	2823	AF-0000000205289241	shard_1815_batch_2.tar	43872768	176017	223700480	1925824
5483	2472	AF-0000000205278876	shard_1773_batch_1.tar	31394816	163639	1544586240	1876726
5483	2753	AF-0000000205278875	shard_1767_batch_1.tar	132121088	159450	860108288	1815499
5524	2447	AF-0000000204749200	shard_1477_batch_0.tar	68100608	69565	442916864	334611
5567	2634	AF-0000000204248631	shard_1684_batch_2.tar	19335680	126980	543977984	1119534
5567	2651	AF-0000000204248625	shard_1875_batch_0.tar	146674688	202885	2984454144	2899204
5575	2543	AF-0000000205334297	shard_1575_batch_1.tar	18184192	99040	789241856	666672
5575	2761	AF-0000000205334357	shard_1425_batch_1.tar	5785600	49515	241058304	152068
5587	2141	AF-0000000203699048	shard_1728_batch_0.tar	74249728	139356	907963392	1417375
5587	2405	AF-0000000203699076	shard_1576_batch_0.tar	45005824	101540	473899008	677392
5622	2905	AF-0000000205321893	shard_1727_batch_2.tar	52582400	146544	415391232	1402460
5637	2837	AF-0000000204047656	shard_1484_batch_1.tar	46889984	72610	467929088	373089
5643	2000	AF-0000000205328950	shard_1737_batch_2.tar	36033536	146083	365488128	1564763
5665	2635	AF-0000000205303128	shard_1553_batch_1.tar	86846976	93033	211837952	582856
5669	2739	AF-0000000205304460	shard_1641_batch_1.tar	3798528	116429	503853568	921839
5682	2000	AF-0000000203637341	shard_1862_batch_0.tar	100384768	192933	1727437824	2801786
5694	2628	AF-0000000203512604	shard_1460_batch_0.tar	56977408	64861	367024640	268458
5697	2720	AF-0000000203559070	shard_1642_batch_0.tar	47031296	119729	420558848	961303
5697	2856	AF-0000000203559066	shard_1668_batch_0.tar	103830016	129082	1111727616	1108205
5702	2641	AF-0000000203866858	shard_1640_batch_1.tar	28573696	117861	334226432	951569
5702	2731	AF-0000000210410255	shard_1596_batch_1.tar	82235392	104645	948965376	732246
5702	2952	AF-0000000203867366	shard_1540_batch_0.tar	62882816	89254	389338112	533689
5702	2988	AF-0000000210444732	shard_1642_batch_1.tar	40013824	117803	613846016	955918
5716	2359	AF-0000000205320411	shard_1793_batch_2.tar	4118528	169807	607503360	2030998
5738	2796	AF-0000000205322842	shard_1313_batch_2.tar	5896704	299523	1043442688	5720566
5771	2065	AF-0000000203881726	shard_1816_batch_1.tar	34553856	177676	1451874304	2321948
5771	2178	AF-0000000203881792	shard_1796_batch_1.tar	113145856	169635	818989568	2075697
5771	2540	AF-0000000203881903	shard_1222_batch_1.tar	103280128	205794	2165133312	3198259
5799	2377	AF-0000000204638767	shard_1649_batch_0.tar	24047616	119812	1006774272	970426
5799	2767	AF-0000000204638834	shard_1411_batch_0.tar	32786432	39104	75189248	84361
5800	2403	AF-0000000210409296	shard_1712_batch_2.tar	24164352	138506	319723520	1424322
5810	2705	AF-0000000205311362	shard_1737_batch_2.tar	64440320	145084	661519360	1401254
5818	2068	AF-0000000205307012	shard_1829_batch_2.tar	84602880	175820	805948416	2298584
5818	2788	AF-0000000205307026	shard_1851_batch_2.tar	16153600	187558	1269764608	2634010
5831	2341	AF-0000000210408638	shard_1652_batch_0.tar	36326912	123288	730751488	984367
5835	2249	AF-0000000205310980	shard_1491_batch_1.tar	23760384	75229	192866816	378952
5841	2289	AF-0000000205287858	shard_1869_batch_2.tar	54183936	198992	353506816	2985929
5845	2400	AF-0000000203605078	shard_1602_batch_0.tar	33944064	109917	292954112	796363
5852	2143	AF-0000000205307451	shard_1475_batch_1.tar	32311808	69215	227616256	316148
5852	2739	AF-0000000205307468	shard_1533_batch_1.tar	71843328	88264	224780288	514272
5860	2437	AF-0000000203978675	shard_1534_batch_1.tar	85756416	88548	550181888	505720
5887	2831	AF-0000000205330466	shard_1601_batch_1.tar	76800512	109440	962803712	778528
5910	2761	AF-0000000205274502	shard_1569_batch_1.tar	3262464	98056	531314176	666645
5936	2303	AF-0000000205291106	shard_1247_batch_2.tar	102494720	224531	1396997120	3665740
5937	2253	AF-0000000210408428	shard_1760_batch_0.tar	51686400	153252	854755328	1677106
5938	2274	AF-0000000203522976	shard_1488_batch_0.tar	29621760	75399	376945152	379551
5953	2341	AF-0000000210408639	shard_1640_batch_1.tar	95368192	120478	1030200832	982574
5969	2068	AF-0000000205274144	shard_1567_batch_1.tar	83817472	98204	657358848	666001
5973	2905	AF-0000000205293681	shard_1743_batch_2.tar	45605376	149824	463374336	1486489
5975	2163	AF-0000000204809527	shard_1517_batch_0.tar	83196416	85247	276518912	474322
5985	2793	AF-0000000210444074	shard_1309_batch_1.tar	5682688	286666	5421472768	5780992
6000	2382	AF-0000000205275607	shard_1629_batch_1.tar	58509824	114132	690974720	930629
6000	2434	AF-0000000205275626	shard_1531_batch_1.tar	39027712	86872	618004992	503844
6004	2140	AF-0000000210376162	shard_1834_batch_1.tar	112097792	185752	795948032	2335147
6004	2823	AF-0000000210444325	shard_1242_batch_1.tar	69186560	225560	3358834688	3273241
6005	2140	AF-0000000210376163	shard_1850_batch_1.tar	135795712	193570	838705152	2522405
6005	2823	AF-0000000210444326	shard_1254_batch_1.tar	45604352	232559	3757177856	3402840
6008	2634	AF-0000000204059183	shard_1678_batch_1.tar	92184576	130817	1351335936	1158445
6025	2129	AF-0000000204761958	shard_1859_batch_0.tar	174772224	197010	1542922240	2694968
6025	2733	AF-0000000204761959	shard_1813_batch_0.tar	135575040	173755	2251230208	2216687
6025	2744	AF-0000000204761990	shard_1761_batch_0.tar	86169600	156088	1441012736	1756266
6034	2797	AF-0000000210444101	shard_1874_batch_2.tar	70074880	200119	1583292416	2952449
6039	2797	AF-0000000205297688	shard_1305_batch_2.tar	65838080	276483	599322112	5484690
6053	2346	AF-0000000210409095	shard_1781_batch_1.tar	114655744	160081	1788711936	1678577
6059	2481	AF-0000000204861667	shard_1627_batch_0.tar	32136192	114590	218612736	887488
6067	2732	AF-0000000205278609	shard_1303_batch_2.tar	10517504	274727	1254624768	5772520
6091	2637	AF-0000000205278629	shard_1741_batch_1.tar	94760448	146806	472116224	1434553
6105	2424	AF-0000000205329109	shard_1625_batch_1.tar	73982976	112315	827190784	903289
6105	2929	AF-0000000205329129	shard_1717_batch_2.tar	8723968	140329	180003328	1428499
6111	2134	AF-0000000204255304	shard_1846_batch_2.tar	69398528	190016	1301398528	2598307
6125	2239	AF-0000000205302617	shard_1497_batch_1.tar	29795840	74021	331015680	412518
6126	2922	AF-0000000205325100	shard_1259_batch_2.tar	107790848	230334	767953920	3708134
6140	2718	AF-0000000205324827	shard_1307_batch_2.tar	25145856	288038	459081216	6187760
6164	2068	AF-0000000205322174	shard_1553_batch_1.tar	9654272	93467	423291392	607551
6168	2141	AF-0000000204714519	shard_1803_batch_0.tar	17466368	163830	2312977408	2006884
6179	2177	AF-0000000204743205	shard_1435_batch_0.tar	14115328	54773	280380416	179716
6180	2623	AF-0000000210409961	shard_1776_batch_1.tar	102051840	158357	1281521664	1707378
6183	2109	AF-0000000204054874	shard_1436_batch_0.tar	5599744	54794	259659264	193982
6185	2377	AF-0000000205305439	shard_1243_batch_2.tar	53850112	226110	1643185664	3380443
6189	2864	AF-0000000205324541	shard_1445_batch_1.tar	15527936	58643	174326272	225611
6192	2346	AF-0000000210409098	shard_1685_batch_1.tar	62153216	130294	1192554496	1127270
6195	2829	AF-0000000205314002	shard_1655_batch_1.tar	6825472	122329	834017280	884212
6201	2143	AF-0000000205307531	shard_1413_batch_1.tar	27244032	41331	170029056	104218
6201	2803	AF-0000000205307546	shard_1625_batch_1.tar	18658304	114817	364902400	902851
6210	2140	AF-0000000203903063	shard_1796_batch_1.tar	86827008	171560	686550016	1927516
6212	2636	AF-0000000205283553	shard_1711_batch_1.tar	98520576	137465	1042214912	1358394
6220	2823	AF-0000000205319851	shard_1225_batch_2.tar	94105600	212048	394774528	2869901
6223	2933	AF-0000000205304722	shard_1633_batch_1.tar	7307264	116567	855657472	927356
6229	2377	AF-0000000204438721	shard_1664_batch_2.tar	20901888	125556	217521152	1026088
6229	2875	AF-0000000204438752	shard_1524_batch_2.tar	42251776	85092	118317056	512108
6264	2079	AF-0000000205280646	shard_1873_batch_2.tar	51535360	204283	540230144	3053127
6264	2197	AF-0000000205280622	shard_1875_batch_2.tar	21007360	205257	271778816	3068131
6267	2424	AF-0000000204765249	shard_1805_batch_0.tar	154162176	172003	1091479040	2083765
6267	2929	AF-0000000204765266	shard_1865_batch_0.tar	49133056	199925	2136181248	2792426
6291	2743	AF-0000000203744346	shard_1544_batch_0.tar	19812352	90109	377955328	597382
6293	2823	AF-0000000203911460	shard_1236_batch_1.tar	28994048	216100	1796041216	3198974
6293	2923	AF-0000000203911454	shard_1672_batch_1.tar	87357952	124516	1037543936	1079129
6298	2732	AF-0000000205293113	shard_1277_batch_2.tar	75524608	248452	2275828736	4571245
6331	2803	AF-0000000204677967	shard_1727_batch_0.tar	12156416	144974	843584512	1490338
6345	2274	AF-0000000203522702	shard_1486_batch_0.tar	20802048	74415	287163392	372301
6354	2705	AF-0000000210410188	shard_1761_batch_1.tar	9837056	154925	663013376	1756469
6355	2997	AF-0000000204079318	shard_1766_batch_1.tar	71138304	158268	1829605376	1835221
6363	2853	AF-0000000204155758	shard_1816_batch_2.tar	44143104	176032	558693888	2136228
6373	2823	AF-0000000203827404	shard_1266_batch_1.tar	219847680	241144	3435493376	3986854
6376	2742	AF-0000000205292225	shard_1425_batch_1.tar	21890560	50909	228928000	145412
6382	2849	AF-0000000205290292	shard_1267_batch_2.tar	52622336	244522	284384256	4135639
6416	2637	AF-0000000205280688	shard_1745_batch_1.tar	46139904	148300	1261890048	1476766
6424	2446	AF-0000000210409448	shard_1657_batch_1.tar	55352832	121062	766804992	990170
6425	2859	AF-0000000205326098	shard_1461_batch_1.tar	22089216	67036	251764224	284903
6467	2800	AF-0000000204007026	shard_1666_batch_1.tar	86983680	127763	742885376	1141082
6498	2915	AF-0000000203523995	shard_1220_batch_0.tar	45600256	205774	2794398208	2731270
6507	2346	AF-0000000210409100	shard_1802_batch_1.tar	13504512	168993	823699456	2002708
6524	2383	AF-0000000205328705	shard_1493_batch_1.tar	74305024	75210	363666432	390911
6527	2482	AF-0000000205269807	shard_1477_batch_1.tar	46179328	71455	378866688	342363
6527	2830	AF-0000000205269787	shard_1765_batch_1.tar	110670848	157070	601580544	1655073
6527	2911	AF-0000000205269835	shard_1477_batch_1.tar	41763328	72220	153851904	353154
6536	2739	AF-0000000204677893	shard_1535_batch_0.tar	87770624	90806	264647680	548119
6536	2803	AF-0000000204677886	shard_1723_batch_0.tar	62996480	144296	395723776	1457693
6541	2943	AF-0000000204200965	shard_1582_batch_1.tar	52791296	103278	375014912	718090
6561	2629	AF-0000000205291372	shard_1593_batch_1.tar	52739584	106745	869202432	757334
6564	2744	AF-0000000204218844	shard_1432_batch_1.tar	18669568	54258	125284864	182630
6604	2303	AF-0000000205273011	shard_1295_batch_2.tar	79004672	267347	2462761472	5340613
6637	2482	AF-0000000204678163	shard_1589_batch_0.tar	27556864	102856	799079424	751885
6637	2739	AF-0000000204678185	shard_1601_batch_0.tar	59082752	106919	372789760	758646
6683	2129	AF-0000000203557020	shard_1722_batch_0.tar	55964160	143828	1299232768	1400678
6683	2733	AF-0000000203557028	shard_1652_batch_0.tar	2550272	121079	864620544	1018979
6697	2377	AF-0000000205306612	shard_1777_batch_2.tar	68150784	158689	880583168	1693920
6721	2036	AF-0000000203647376	shard_1550_batch_0.tar	51817472	91564	435070464	590921
6737	2140	AF-0000000203903038	shard_1848_batch_1.tar	115234304	191894	2425782784	2485830
6738	2140	AF-0000000210376164	shard_1860_batch_1.tar	82281984	198135	577494016	2610269
6742	2716	AF-0000000205277720	shard_1479_batch_1.tar	56944128	70769	247142912	336143
6743	2802	AF-0000000203818062	shard_1870_batch_1.tar	199585280	202103	1477783040	2923173
6756	2715	AF-0000000203997772	shard_1852_batch_1.tar	155388928	190032	2591113216	2587517
6794	2178	AF-0000000203800138	shard_1606_batch_0.tar	65539072	108152	435782144	794461
6794	2850	AF-0000000203800097	shard_1860_batch_1.tar	15191040	196559	2373705728	2588479
6794	2922	AF-0000000203800173	shard_1820_batch_1.tar	14077440	174102	417353728	2135792
6813	2141	AF-0000000205301513	shard_1719_batch_1.tar	94638592	136611	578905600	1388041
6821	2830	AF-0000000203631818	shard_1244_batch_0.tar	182774784	225756	1678802432	3384737
6840	2800	AF-0000000203997884	shard_1658_batch_1.tar	42361856	124411	330696192	1087889
6850	2482	AF-0000000205304292	shard_1491_batch_1.tar	55087616	76036	505168384	405808
6857	2997	AF-0000000205328434	shard_1887_batch_2.tar	11318272	212901	898864128	3126179
6893	2140	AF-0000000203965134	shard_1842_batch_1.tar	101705728	189860	2330273792	2387388
6913	2830	AF-0000000205329820	shard_1771_batch_2.tar	41600512	158174	417074688	1701424
6947	2802	AF-0000000204063022	shard_1696_batch_1.tar	28956160	135347	1082568704	1225023
6966	2126	AF-0000000204774430	shard_1429_batch_0.tar	28014592	53796	184952320	155627
6999	2068	AF-0000000205329146	shard_1607_batch_1.tar	23523328	107411	892605440	795894
7030	2715	AF-0000000203555799	shard_1274_batch_0.tar	195931648	248376	2629360128	4280823
7062	2746	AF-0000000203518346	shard_1694_batch_0.tar	123529216	132718	442208256	1261912
7078	2861	AF-0000000210444461	shard_1424_batch_0.tar	35563008	48854	148137472	136091
7104	2382	AF-0000000204428477	shard_1516_batch_2.tar	36306944	85087	92604928	474183
7124	2678	AF-0000000204137154	shard_1446_batch_1.tar	36199424	59369	186789376	229576
7155	2733	AF-0000000203767154	shard_1596_batch_0.tar	29297664	100699	655262208	763109
7160	2068	AF-0000000205301232	shard_1763_batch_2.tar	48818176	154559	250885120	1686002
7209	2482	AF-0000000205277746	shard_1551_batch_1.tar	37602304	92993	513587200	605465
7217	2068	AF-0000000203619062	shard_1496_batch_0.tar	693248	76092	392958464	386208
7229	2690	AF-0000000210410168	shard_1672_batch_1.tar	98613248	124916	1162706944	1064627
7256	2079	AF-0000000204714981	shard_1501_batch_0.tar	62247424	79535	232678400	418876
7259	2721	AF-0000000210410215	shard_1723_batch_2.tar	13782016	144737	250509312	1460785
7305	2068	AF-0000000205301533	shard_1637_batch_1.tar	42155008	116473	592054784	974033
7312	2382	AF-0000000204429296	shard_1522_batch_2.tar	3799552	87335	254874112	489271
7321	2377	AF-0000000205292480	shard_1827_batch_2.tar	37517824	181344	1188905984	2202710
7331	2140	AF-0000000204806458	shard_1809_batch_0.tar	51621888	174838	2251696128	2020128
7356	2068	AF-0000000204659266	shard_1597_batch_0.tar	82066944	104223	706543616	780290
7369	2758	AF-0000000210410373	shard_1686_batch_0.tar	19889664	131540	1257998848	1198884
7372	2303	AF-0000000205284142	shard_1331_batch_2.tar	172150272	347048	2145357824	8920188
7396	2374	AF-0000000204737818	shard_1671_batch_0.tar	23776256	124087	254945792	1128532
7396	2447	AF-0000000204737819	shard_1557_batch_0.tar	8173568	95032	773673984	602153
7412	2141	AF-0000000204661113	shard_1681_batch_0.tar	76502016	124537	1171296768	1143526
7455	2733	AF-0000000204228451	shard_1512_batch_1.tar	71747072	82239	499823104	448282
7458	2068	AF-0000000203946467	shard_1524_batch_1.tar	258560	85965	233680384	504363
7491	2249	AF-0000000203552386	shard_1604_batch_0.tar	29159936	107633	822120960	794380
7491	2823	AF-0000000203552395	shard_1878_batch_0.tar	76887040	205860	516661760	2761830
7497	2565	AF-0000000205296769	shard_1615_batch_1.tar	3204096	114011	671213056	831645
7497	2720	AF-0000000205296772	shard_1615_batch_1.tar	70899712	112800	297967616	846377
7497	2856	AF-0000000205296767	shard_1643_batch_1.tar	115322880	122081	538569728	938141
7499	2141	AF-0000000203863862	shard_1716_batch_1.tar	34779136	135024	1080940544	1352530
7499	2731	AF-0000000210410263	shard_1538_batch_0.tar	61163520	88274	419463680	533210
7499	2760	AF-0000000203863865	shard_1504_batch_0.tar	54977024	80103	434062336	422302
7500	2845	AF-0000000203863945	shard_1580_batch_1.tar	95717888	101905	596025344	683718
7510	2424	AF-0000000205305332	shard_1719_batch_1.tar	116164608	140499	1493846016	1387852
7510	2929	AF-0000000205305353	shard_1797_batch_2.tar	73645056	168301	166996480	2004106
7518	2823	AF-0000000204768897	shard_1803_batch_0.tar	150347776	170063	626356224	1850173
7522	2823	AF-0000000205286532	shard_1871_batch_2.tar	53326336	200218	1571900416	2723172
7554	2731	AF-0000000210410265	shard_1670_batch_0.tar	54427648	124348	1185605120	1040398
7600	2718	AF-0000000205291182	shard_1307_batch_2.tar	38144512	287265	2991048192	6142562
7823	2634	AF-0000000210409998	shard_1640_batch_1.tar	56611840	117532	620634624	971705
7825	2859	AF-0000000204747151	shard_1579_batch_0.tar	24612352	102555	291384320	670244
7832	2068	AF-0000000210375940	shard_1802_batch_0.tar	119712768	167217	1836369920	2077038
7856	2068	AF-0000000203837585	shard_1474_batch_0.tar	21480960	67942	331061760	326105
7866	2113	AF-0000000210376118	shard_1744_batch_1.tar	60428288	149214	402048512	1544785
7866	2446	AF-0000000210409452	shard_1686_batch_1.tar	104432640	131909	406506496	1200230
7881	2148	AF-0000000203958130	shard_1622_batch_1.tar	112218624	106981	752167424	876380
7897	2381	AF-0000000205277366	shard_1523_batch_1.tar	172032	86448	576586752	498872
7897	2382	AF-0000000205277345	shard_1541_batch_1.tar	83888640	92949	348488192	581258
7897	2604	AF-0000000205277403	shard_1459_batch_1.tar	56349696	66612	369812992	276867
7941	2197	AF-0000000210408356	shard_1632_batch_1.tar	97137152	114920	996322304	958766
7948	2717	AF-0000000210410211	shard_1269_batch_1.tar	124454912	237842	2636758528	4146397
8006	2839	AF-0000000205297706	shard_1709_batch_1.tar	31251968	139101	1431666688	1389012
8007	2839	AF-0000000205281675	shard_1713_batch_1.tar	19104256	139610	1305197568	1398940
8049	2612	AF-0000000204065381	shard_1672_batch_1.tar	93318144	126452	713731072	1130862
8090	2753	AF-0000000205282779	shard_1823_batch_2.tar	28463616	181237	1018256896	2311493
8095	2118	AF-0000000203804425	shard_1246_batch_1.tar	132716544	229380	3404430848	3854973
8096	2118	AF-0000000203804420	shard_1240_batch_1.tar	219104256	222813	2851919872	3674904
8097	2118	AF-0000000203804407	shard_1242_batch_1.tar	125208576	224638	1375936512	3730304
8120	2321	AF-0000000205295878	shard_1709_batch_1.tar	81619968	137815	1085871104	1322381
8122	2346	AF-0000000210409116	shard_1661_batch_1.tar	65374208	121380	246608896	993974
8173	2472	AF-0000000205294594	shard_1873_batch_2.tar	84354048	207519	998561792	2981777
8173	2753	AF-0000000205294593	shard_1869_batch_2.tar	98163200	203250	433872896	2890679
8205	2678	AF-0000000205271765	shard_1435_batch_1.tar	7087616	55409	264776704	195719
8235	2859	AF-0000000205275647	shard_1593_batch_1.tar	100914176	104880	869960704	717140
8260	2140	AF-0000000203903059	shard_1846_batch_1.tar	77117952	193238	1523494400	2424491
8264	2634	AF-0000000205293926	shard_1827_batch_2.tar	69574656	174047	453596672	2192658
8269	2532	AF-0000000210409796	shard_1792_batch_0.tar	118767104	158555	1287357952	1803799
8269	2800	AF-0000000210444189	shard_1742_batch_0.tar	128023552	145604	1542717440	1543967
8283	2742	AF-0000000205286357	shard_1473_batch_1.tar	42789376	70824	189164544	319076
8291	2339	AF-0000000205272530	shard_1841_batch_2.tar	7794688	180201	815542784	2257990
8291	2931	AF-0000000205272531	shard_1557_batch_1.tar	6371840	94806	249977344	621199
8291	2988	AF-0000000210444746	shard_1691_batch_1.tar	63112704	132729	976559104	1211709
8336	2476	AF-0000000210409548	shard_1780_batch_0.tar	15612416	162784	335033344	1764766
8336	2614	AF-0000000210409943	shard_1750_batch_0.tar	57999872	152119	939225600	1597968
8348	2424	AF-0000000205290027	shard_1645_batch_1.tar	13563904	118271	628584448	992254
8348	2929	AF-0000000205290057	shard_1735_batch_2.tar	52771840	146397	403701760	1525106
8351	2733	AF-0000000205332360	shard_1577_batch_1.tar	85740544	100288	500163072	674227
8352	2159	AF-0000000203605124	shard_1448_batch_0.tar	15869952	59598	166053888	216370
8357	2057	AF-0000000204621858	shard_1426_batch_2.tar	22752256	51840	105979904	158195
8373	2068	AF-0000000210375943	shard_1767_batch_0.tar	114225152	156303	1465371648	1796058
8374	2837	AF-0000000205289127	shard_1447_batch_1.tar	24774656	58500	321914880	225353
8402	2197	AF-0000000205316011	shard_1737_batch_2.tar	54969856	145258	240854016	1517766
8403	2062	AF-0000000205288156	shard_1869_batch_2.tar	1802240	196529	1358636544	2692565
8453	2447	AF-0000000210409471	shard_1579_batch_0.tar	86003712	99956	449746944	676398
8482	2275	AF-0000000205286540	shard_1783_batch_2.tar	32311296	162346	544652800	1769713
8486	2444	AF-0000000205327561	shard_1417_batch_1.tar	39069696	42677	197923328	112727
8487	2823	AF-0000000210444363	shard_1224_batch_1.tar	187795968	212977	481938432	2980802
8488	2407	AF-0000000210409357	shard_1324_batch_1.tar	20497408	320254	3592171520	6614731
8523	2104	AF-0000000205290810	shard_1717_batch_1.tar	22656000	139234	950739456	1333080
8556	2087	AF-0000000205288696	shard_1245_batch_2.tar	56787456	224874	222298112	3732204
8559	2744	AF-0000000205271373	shard_1491_batch_1.tar	26397696	76611	369475072	390589
8559	2827	AF-0000000205271372	shard_1699_batch_1.tar	56458752	137079	612922368	1319017
8591	2045	AF-0000000204236246	shard_1672_batch_2.tar	23635968	127832	366416384	1152286
8614	2425	AF-0000000210409384	shard_1824_batch_0.tar	98056704	174655	564894208	2217495
8619	2933	AF-0000000205296195	shard_1703_batch_1.tar	52027392	135211	1190256128	1290179
8632	2141	AF-0000000205299104	shard_1745_batch_2.tar	67099648	142051	417779712	1542018
8656	2993	AF-0000000204000149	shard_1298_batch_1.tar	244163072	272566	2475812352	5407819
8684	2050	AF-0000000210375869	shard_1628_batch_0.tar	75623424	113948	672416768	888378
8684	2758	AF-0000000210410377	shard_1704_batch_0.tar	35411456	135460	1431643648	1284786
8711	2758	AF-0000000205329371	shard_1531_batch_1.tar	27169280	86985	361067008	545358
8722	2532	AF-0000000210409798	shard_1670_batch_1.tar	1752576	124259	741629952	1067126
8723	2532	AF-0000000210409799	shard_1672_batch_1.tar	70688256	125667	1223415296	1076445
8733	2410	AF-0000000205277430	shard_1539_batch_1.tar	64735232	91277	391230464	571025
8749	2130	AF-0000000203739441	shard_1222_batch_0.tar	108349952	212286	2997913088	3177831
8758	2760	AF-0000000204292531	shard_1484_batch_1.tar	55938048	75603	313682432	358858
8781	2153	AF-0000000210408127	shard_1528_batch_1.tar	52405760	87016	385543168	512397
8781	2803	AF-0000000204227732	shard_1682_batch_2.tar	50774528	131199	175904256	1201455
8816	2744	AF-0000000204272609	shard_1626_batch_2.tar	9379328	115226	506706944	905888
8829	2113	AF-0000000210376119	shard_1739_batch_2.tar	67387904	147554	306075136	1523231
8843	2374	AF-0000000203770763	shard_1772_batch_0.tar	48312320	155884	556398080	1823804
8859	2823	AF-0000000203551139	shard_1254_batch_0.tar	122456576	232180	3372623360	3503680
8870	2784	AF-0000000205327622	shard_1493_batch_1.tar	15440896	77113	350517248	394177
8879	2104	AF-0000000204735274	shard_1763_batch_0.tar	104581120	154246	604104704	1647336
8880	2130	AF-0000000210376149	shard_1256_batch_0.tar	85227520	237183	3934373376	3963504
8887	2143	AF-0000000205285821	shard_1413_batch_1.tar	37797376	41710	177276928	105902
8906	2827	AF-0000000205279593	shard_1773_batch_1.tar	111695872	160176	1740128256	1786417
8981	2743	AF-0000000205330051	shard_1553_batch_1.tar	23346688	91789	655405056	630172
9026	2744	AF-0000000204414843	shard_1492_batch_2.tar	4312064	78336	179956224	397040
9030	2804	AF-0000000204390445	shard_1620_batch_2.tar	29782016	114664	431976960	879451
9047	2526	AF-0000000205277445	shard_1697_batch_1.tar	70918656	132642	1348412416	1217584
9055	2377	AF-0000000205313848	shard_1275_batch_2.tar	8884736	251798	2047020032	4113645
9056	2632	AF-0000000203610141	shard_1316_batch_0.tar	67954176	308168	5572753408	6524411
9064	2828	AF-0000000205297225	shard_1255_batch_2.tar	689664	234047	850374656	3802467
9072	2152	AF-0000000205283619	shard_1685_batch_1.tar	58759680	130226	440667136	1199194
9081	2830	AF-0000000203819562	shard_1776_batch_1.tar	132282880	160631	1132159488	1782316
9094	2823	AF-0000000203980191	shard_1860_batch_1.tar	137258496	196197	2403307008	2516103
9094	2839	AF-0000000203980189	shard_1712_batch_1.tar	137573376	140774	315857408	1399212
9162	2732	AF-0000000204382525	shard_1811_batch_0.tar	58267648	172461	2004520960	2241253
9194	2726	AF-0000000203992046	shard_1746_batch_1.tar	64009728	150406	1799687680	1589979
9194	2875	AF-0000000203992083	shard_1570_batch_1.tar	30154240	98121	394082816	681937
9209	2087	AF-0000000204753293	shard_1253_batch_0.tar	142787584	231549	3642622976	3963006
9219	2875	AF-0000000204849886	shard_1519_batch_0.tar	70240256	82757	173071360	461019
9221	2634	AF-0000000205303753	shard_1831_batch_2.tar	1617920	177186	1104176128	2315994
9224	2504	AF-0000000203820715	shard_1732_batch_1.tar	66599936	147382	283011584	1499578
9263	2736	AF-0000000205288731	shard_1225_batch_2.tar	61915648	209637	230960128	3367109
9263	2965	AF-0000000205288729	shard_1265_batch_2.tar	24572416	236281	874898944	4383155
9372	2823	AF-0000000205333929	shard_1817_batch_2.tar	65742336	175011	485767680	2057124
9407	2362	AF-0000000205272724	shard_1241_batch_2.tar	22492672	226787	428218368	3481405
9412	2478	AF-0000000203998884	shard_1868_batch_1.tar	80651264	201837	584432128	2982779
9518	2744	AF-0000000205320485	shard_1533_batch_1.tar	15901184	88811	603116032	556986
9519	2747	AF-0000000205278957	shard_1441_batch_1.tar	14068736	57972	296708608	208770
9604	2732	AF-0000000205304362	shard_1239_batch_2.tar	62603776	218139	456318976	3592678
9707	2742	AF-0000000205304512	shard_1723_batch_2.tar	59132928	138613	342077952	1380798
9742	2045	AF-0000000210375844	shard_1852_batch_0.tar	40947712	191477	1551833088	2604146
9773	2875	AF-0000000204436647	shard_1558_batch_2.tar	42547712	94890	125371904	631668
9782	2678	AF-0000000204136801	shard_1442_batch_1.tar	23865856	58175	259899904	212862
9803	2614	AF-0000000203599030	shard_1676_batch_0.tar	33351168	128111	507002368	1111757
9805	2634	AF-0000000205298769	shard_1889_batch_2.tar	1924096	210880	1579843072	3383920
9814	2395	AF-0000000204720933	shard_1537_batch_0.tar	25111040	90430	462906880	520052
9906	2129	AF-0000000204572261	shard_1661_batch_0.tar	114364416	126600	264192000	1053216
9917	2724	AF-0000000205305127	shard_1691_batch_1.tar	27928064	133334	463907840	1266225
9956	2045	AF-0000000205322930	shard_1575_batch_1.tar	94559232	101633	409042432	713726
9961	2141	AF-0000000203863597	shard_1748_batch_1.tar	63388672	144225	675963904	1550715
9964	2875	AF-0000000210444493	shard_1708_batch_0.tar	97567232	136038	375865344	1333132
9973	2851	AF-0000000205272761	shard_1623_batch_1.tar	14444544	109534	691351552	817782
9977	2197	AF-0000000203624997	shard_1520_batch_0.tar	37526528	84886	499764736	489657
9983	2127	AF-0000000205319182	shard_1277_batch_2.tar	87224320	248492	2306317312	4283175
9983	2715	AF-0000000205318071	shard_1249_batch_2.tar	85668352	226184	1817651200	3532661
9990	2733	AF-0000000204526782	shard_1456_batch_2.tar	2447360	62635	83213312	259430
9994	2057	AF-0000000205280075	shard_1471_batch_1.tar	67492864	68540	339374080	311824
10046	2197	AF-0000000205276906	shard_1889_batch_2.tar	43979264	208396	583100416	3397214
10078	2134	AF-0000000205288232	shard_1703_batch_1.tar	41658368	140452	634357248	1344184
10094	2724	AF-0000000205316862	shard_1591_batch_1.tar	13511680	104640	784734208	759247
10107	2346	AF-0000000210409138	shard_1683_batch_1.tar	38158848	128169	664385536	1110985
10108	2341	AF-0000000203910820	shard_1712_batch_1.tar	49806848	139682	979381248	1361508
10112	2736	AF-0000000205323628	shard_1253_batch_2.tar	82999296	229986	1245758464	4026253
10112	2965	AF-0000000205323625	shard_1287_batch_2.tar	120927232	256547	684048896	5116938
10129	2197	AF-0000000205333573	shard_1241_batch_2.tar	25349632	222884	1191239680	3760744
10220	2742	AF-0000000205310221	shard_1423_batch_1.tar	9502720	48415	116608000	135646
10231	2736	AF-0000000210410295	shard_1257_batch_2.tar	77733888	233416	868811264	4118048
10231	2965	AF-0000000205275898	shard_1289_batch_2.tar	796160	260490	295599104	5240682
10334	2747	AF-0000000210410362	shard_1572_batch_1.tar	93748224	96880	437045760	632374
10376	2722	AF-0000000205304373	shard_1567_batch_1.tar	10110464	95144	554737664	611801
10394	2993	AF-0000000205277008	shard_1883_batch_2.tar	82619392	206640	1404642816	3083642
10401	2710	AF-0000000205291494	shard_1297_batch_2.tar	95351808	270652	468536832	5441958
10419	2382	AF-0000000205283077	shard_1615_batch_1.tar	44188160	110620	261025280	834136
10434	2068	AF-0000000204433166	shard_1556_batch_2.tar	34988032	93611	337159168	623023
10442	2744	AF-0000000205293152	shard_1453_batch_1.tar	10269184	64181	157234688	251258
10444	2830	AF-0000000205314404	shard_1765_batch_2.tar	1692160	154694	962886144	1665307
10449	2721	AF-0000000205311411	shard_1705_batch_2.tar	17652736	137934	167797760	1295695
10472	2065	AF-0000000210375929	shard_1856_batch_1.tar	78178304	190780	2174715392	2605686
10474	2346	AF-0000000210409145	shard_1814_batch_0.tar	86799360	175043	761906688	2153840
10477	2178	AF-0000000203818652	shard_1670_batch_1.tar	5775360	126281	241832448	1116161
10483	2614	AF-0000000210409946	shard_1612_batch_0.tar	16750592	112371	779439104	836763
10487	2913	AF-0000000205322002	shard_1557_batch_1.tar	32617472	94233	705158656	578406
10512	2761	AF-0000000205275266	shard_1435_batch_1.tar	44386304	54243	281224192	187906
10519	2933	AF-0000000210444611	shard_1529_batch_1.tar	36665856	87570	553616896	521038
10520	2068	AF-0000000205290460	shard_1797_batch_2.tar	25099776	166850	562666496	2012569
10540	2087	AF-0000000205284237	shard_1443_batch_1.tar	18095104	58902	181188608	215054
10541	2870	AF-0000000205333578	shard_1787_batch_2.tar	78034944	159080	222673408	1899056
10604	2130	AF-0000000203738958	shard_1840_batch_0.tar	80206848	187958	1201815040	2449273
10639	2084	AF-0000000205314151	shard_1633_batch_1.tar	49961472	115692	793809408	931787
10691	2821	AF-0000000205270478	shard_1439_batch_1.tar	21067264	57388	293371904	195925
10693	2147	AF-0000000204387143	shard_1500_batch_1.tar	17509888	79356	196184064	430894
10709	2859	AF-0000000204007414	shard_1446_batch_0.tar	42671616	60621	177484288	231380
10720	2722	AF-0000000205278439	shard_1773_batch_1.tar	146528256	154378	493263872	1692544
10733	2129	AF-0000000204494191	shard_1556_batch_2.tar	2497024	96540	326764032	597885
10733	2744	AF-0000000204494261	shard_1434_batch_2.tar	16458752	55370	79301632	182987
10738	2080	AF-0000000205326921	shard_1619_batch_1.tar	81179136	110615	520579072	868817
10746	2636	AF-0000000204074490	shard_1526_batch_1.tar	27985920	87002	542575104	498151
10751	2636	AF-0000000210410006	shard_1252_batch_1.tar	43729408	215087	644560896	3433190
10756	2996	AF-0000000204475298	shard_1745_batch_0.tar	131718144	147798	1264497152	1541843
10764	2946	AF-0000000205274840	shard_1831_batch_2.tar	55882752	182349	818079232	2434565
10767	2141	AF-0000000204065335	shard_1798_batch_1.tar	62489600	163410	1153613312	2004414
10857	2045	AF-0000000203556057	shard_1656_batch_0.tar	40175616	122622	328895488	1041677
10876	2742	AF-0000000205317123	shard_1553_batch_1.tar	69673984	94706	577964032	585658
10915	2744	AF-0000000204567154	shard_1436_batch_2.tar	14613504	56759	90243072	194634
11044	2123	AF-0000000210376136	shard_1752_batch_1.tar	112112128	152722	726389760	1604072
11076	2424	AF-0000000205288262	shard_1683_batch_1.tar	5178880	128701	457122816	1182076
11076	2929	AF-0000000205288281	shard_1767_batch_2.tar	13812736	157174	906470912	1763947
11093	2839	AF-0000000210444424	shard_1720_batch_0.tar	104527360	141880	1281689600	1425829
11111	2634	AF-0000000205308310	shard_1849_batch_2.tar	17201152	188356	269276160	2691958
